code,internal_code,name,manufacturer_name,manufacture_country,manufacturer_item_description,unit_qty,quantity,unit_of_measure,weighted,qty_in_package,price,unit_of_measure_price,allow_discount,status,item_id
30095052,false,אססי - לק גוון3,לוריאל איפור,DE,לק גוון 03,יחידה,1.00,יחידה,false,1,41.90,41.90,true,1,
30114319,false,מייבלין - מסקרה קולוסאל גו אקס שחור חזק,מייבלין Maybelline,IL,מסקרה ווליום,יחידה,1.00,יחידה,false,1,41.90,41.90,true,1,
30118867,false,מייבלין - ליינר מסטר אינק שחור,סופרוג'ם,DE,ליינר מאסטר אינק,יחידה,1.00,יחידה,false,0,29.90,29.90,true,1,
30138254,false,אססי ג'ל קוטורלק גוון 40,לוריאל איפור,IL,אססי ג'ל קוטורלק,יחידה,1.00,יחידה,false,0,49.90,49.90,true,1,
30138575,false,אססי. ג'ל קוטור360 יח',לוריאל איפור,DE,אססי. ג'ל קוטור,יחידה,1.00,יחידה,false,1,49.90,49.90,true,1,
30139077,false,אססי - ג'ל קוטור TOP COAT,,FR,אססי ג'ל קוטור T,יחידה,1.00,יחידה,false,0,49.90,49.90,true,1,
30145535,false,מייבלין - שפתון ס.ס אינק וויניל 20,סופרוג'ם,FR,שפתון אינק וויני,יחידה,1.00,יחידה,false,1,45.00,45.00,true,1,
30148093,false,מייבלין - שפתון ס.ס אינק וויניל 25,סופרוג'ם,FR,שפתון אינק וויני,יחידה,1.00,יחידה,false,1,45.00,45.00,true,1,
30148116,false,מייבלין - שפתון ס.ס אינק וויניל 15,סופרוג'ם,FR,שפתון אינק וויני,יחידה,1.00,יחידה,false,1,45.00,45.00,true,1,
30152830,false,מייבלין - מסקרה סקיי היי שחור,סייפו,IT,סקיי היי מסקרה ק,יחידה,1.00,יחידה,false,1,45.00,45.00,true,1,
30155831,false,מייבלין - קונסילר פיט מי 05,,IL,קונסילר פיט מי 0,מיליליטרים,6.00,"100 מ""ל",false,1,45.00,750.00,true,1,
30159976,false,אססי - לק גוון 752,לוריאל,ES,לק גוון 752,יחידה,1.00,יחידה,false,1,41.90,41.90,true,1,
30160903,false,לוריאל - מסקרה אייר 30 שעות,,IT,מסקרה מגה ווליום,יחידה,1.00,יחידה,false,1,50.00,50.00,true,1,
30162020,false,אססי - ג'ל קוטור 510,,CN,ג'ל קוטור 510,יחידה,1.00,יחידה,false,1,49.90,49.90,true,1,
30162525,false,אססי - אקספרסי 325,לוריאל איפור,FR,אססי אקספרסי גוו,יחידה,1.00,יחידה,false,1,35.00,35.00,true,1,
30164185,false,לוריאל - מסקרה במבי אוברסייז,,IT,מסקרה במבי אוברס,יחידה,1.00,יחידה,false,1,75.00,75.00,true,1,
30166967,false,מייבלין - מסקרה סקיי היי,סייפו,IT,מסקרה HIGH SKY,יחידה,1.00,יחידה,false,1,45.00,45.00,true,1,
30166974,false,מייבלין - מסקרה קולוסאל 36 שעות,,IT,מייבלין מסקרה קו,יחידה,1.00,יחידה,false,1,40.00,40.00,true,1,
30167049,false,"אססי לק מיני 6 5 מ""ל",,IL,אססי לק מיני 6,מיליליטרים,5.00,"100 מ""ל",false,1,25.00,500.00,true,1,
30171336,false,מייבלין - קונסילר פיט מי 08,,IL,קונסילר פיט מי 0,מיליליטרים,6.00,"100 מ""ל",false,1,45.00,750.00,true,1,
30171343,false,מייבלין - קונסילר פיט מי 18,,IL,קונסילר פיט מי 0,מיליליטרים,6.00,"100 מ""ל",false,1,45.00,750.00,true,1,
30172999,false,קולור קווין 01 יח',,IT,קולור קווין 01,יחידה,1.00,יחידה,false,1,35.00,35.00,true,1,
30173408,false,לק ג'ל קוטור יח' 514,לוריאל,ES,לק ג'ל קוטור514,יחידה,1.00,יחידה,false,1,49.90,49.90,true,1,
30173422,false,לוריאל - קונסילר אינפליבל 332,לוריאל,IL,קונסילר אינפליבל,יחידה,1.00,יחידה,false,1,67.90,67.90,true,1,
30173606,false,לוריאל - קונסילר אינפליבל 325,לוריאל,FR,קונסילר אינפליבל,יחידה,1.00,יחידה,false,1,67.90,67.90,true,1,
30173613,false,לוריאל - קונסילר אינפליבל 326,לוריאל,FR,קונסילר אינפליבל,יחידה,1.00,יחידה,false,1,67.90,67.90,true,1,
30173651,false,לוריאל - קונסילר אינפליבל 330,לוריאל,FR,קונסילר אינפליבל,יחידה,1.00,יחידה,false,1,67.90,67.90,true,1,
30177413,false,אססי - אקספרסי 340,לוריאל איפור,FR,אססי אקספרסי גוו,יחידה,1.00,יחידה,false,1,35.00,35.00,true,1,
30178373,false,לק מיני 13 יח',,IL,לק מיני 13,יחידה,1.00,יחידה,false,1,25.00,25.00,true,1,
30179493,false,מסקרה שחורה Air Volume Mega,לוריאל פריז L'OREAL PARIS,IT,מסקרה מגה ווליום,יחידה,1.00,יחידה,false,1,50.00,50.00,true,1,
40144061,false,קנופרס חטיף וופל 25 גרם 24 יח,ליימן שליסל,DE,חטיף וופל,גרמים,25.00,100 גרם,false,1,3.60,14.40,true,1,
42182115,false,אורביט פייב ספירמינט 12 סטיקס 29 גר,ריגלי צרפת,FR,5 מנטה עדינה,גרמים,40.00,100 גרם,false,0,6.90,17.25,true,1,
42188889,false,אורביט פייב אבטיח 12 סטיקס 29 גר,ריגלי צרפת,FR,מסטיק 5 אבטיח,גרמים,40.00,100 גרם,false,0,6.90,17.25,true,1,
50398904,false,"קרם חמצן 6% אינדולה 60 מ""ל",גדעון קוסמטיקס,IL,קרם חמצן 6%,מיליליטרים,60.00,"100 מ""ל",false,0,4.90,8.17,true,1,
50398911,false,"קרם חמצן 9% בקבוק 60 מ""ל",אינדולה Indola,IL,קרם חמצן 9%,מיליליטרים,60.00,"100 מ""ל",false,0,4.90,8.17,true,1,
59013662,false,דאב דאו רולאון קקאו והיביסקוס 50 מל,"יוניליוור אנגליה, דרך קו",GB,דאודורנט דאב,מיליליטרים,50.00,"100 מ""ל",false,1,13.90,27.80,true,1,
59079378,false,"אקס - דאודורנט רול און לגבר אייס צ'יל 50 מ""ל","יוניליוור אנגליה, דרך קו",GB,דאודורנט אקס,מיליליטרים,50.00,"100 מ""ל",false,1,21.90,43.80,true,1,
59079798,false,"רקסונה - דאודורנט רול און לאישה אנטי פרספירנט שאוור 50 מ""ל","יוניליוור אנגליה, דרך קו",GB,דאו.רקסונה,מיליליטרים,50.00,"100 מ""ל",false,1,17.90,35.80,true,1,
59082637,false,"רקסונה - דאודורנט רולאון לגבר אקסטרא קול 50 מ""ל",יוניליוור פיליפינים,GB,רקסונה רול און,מיליליטרים,50.00,"100 מ""ל",false,1,17.90,35.80,true,1,
59085645,false,דאב דאודורנט רול און בניחוח אסאי 50 מל,"יוניליוור אנגליה, דרך קו",GB,דאודורנט דאב,מיליליטרים,50.00,"100 מ""ל",false,1,13.90,27.80,true,1,
72917367,false,טעמי חטיף במילוי קרם נוגט וקרמל,"שטראוס גרופ בע""מ",IL,חטיף טעמי,גרמים,40.00,100 גרם,false,0,4.90,12.25,true,1,
72991008,false,חטיף פסק זמן במילוי ופל מגולגל 45 גרם,"שטראוס גרופ בע""מ",IL,פסק זמן חלב,גרמים,45.00,100 גרם,false,0,5.00,11.11,true,1,
72994061,false,חטיף פסק זמן GOOD גלילית לבן 40 גרם,שולן צ'\יקולטה גידה סאן.,TR,פסק זמן 2 גוד,גרמים,36.00,100 גרם,false,0,5.00,13.89,true,1,
80001287,false,וופל חטיף לואקר אגוז 38 גר',ליימן מותגים,AT,חטיף גרדנה,גרמים,38.00,100 גרם,false,0,4.90,12.89,true,1,
80050124,false,סוכריות טיק טק מנטה 16 גרם,פררו - אלבה,ZA,סוכריות טיק טק,גרמים,16.00,100 גרם,false,0,3.90,24.38,true,1,
80052760,false,קינדר בואנו Kinder Bueno עם חלב ואגוזי לוז,פררו - אלבה,PL,קינדר בואנו זוג,גרמים,43.00,100 גרם,false,0,5.30,12.33,true,1,
80177173,false,ממרח שוקולד נוטלה 350 גרם,פררו - אלבה,IT,ממרח נוטלה,גרמים,350.00,100 גרם,false,0,17.90,5.11,true,1,
80762362,false,מסטיק מנטוס וויט בטעם מנטה אקליפטוס,פרפטי ואן מלה,TR,מנטוס וויט,גרמים,60.00,100 גרם,false,1,8.90,14.83,true,1,
80773429,false,מנטוס בקבוק מעוגל - מסטיק ללא סוכר בטעם תות 60 גרם,"פרפטי ואן מלה ג'\ידה,סאן",TR,מנטוס בקבוק,גרמים,60.00,100 גרם,false,1,8.90,14.83,true,1,
80773443,false,מנטוס בקבוק מעוגל - מסטיק ללא סוכר בטעם מנטה 60 גרם,"פרפטי ואן מלה ג'\ידה,סאן",TR,מסטיק מנטוס,גרמים,60.00,100 גרם,false,1,8.90,14.83,true,1,
80776307,false,מסטיק מנטוס ביג בבקבוק מעוגל טעם פירות מנטה 90 ג',פרפטי ואן מלה הולנד,TR,מסטיק מנטוס,גרמים,90.00,100 גרם,false,1,19.90,22.11,true,1,
80780595,false,מסטיק מנטוס ביג בבקבוק מעוגל טעם מנטה-עדינה 90 ג',פרפטי ואן מלה הולנד,TR,מסטיק מנטוס,גרמים,90.00,100 גרם,false,1,19.90,22.11,true,1,
80790990,false,מסטיק מנטוס בבקבוק מעוגל בטעם פירות -מנטה 60 ג',"פרפטי ואן מלה ג'\ידה,סאן",TR,מסטיק מנטוס,גרמים,60.00,100 גרם,false,1,8.90,14.83,true,1,
80794233,false,מסטיק מנטוס ביג בבקבוק מעוגל טעם מנטה 90 ג',פרפטי ואן מלה הולנד,TR,מסטיק מנטוס,גרמים,90.00,100 גרם,false,1,19.90,22.11,true,1,
80804697,false,מסטיק וויט White בטעם מנטה מתוקה ללא סוכר,פרפטי ואן מלה,TR,מסטיק מנטוס,גרמים,105.00,100 גרם,false,1,19.90,18.95,true,1,
80831402,false,סוכרית מנטוס מנטה עדינה ללא סוכר 21 גרם Clean Breath,פרפטי ואן מלה,NL,סוכריות מנטה,גרמים,21.00,100 גרם,false,1,6.90,32.86,true,1,
80843184,false,מנטוס מסטיק פיור פרש בטעם ענבים 60גר,פרפטי ואן מלה הולנד,TR,מסטיק מנטוס,גרמים,60.00,100 גרם,false,1,8.90,14.83,true,1,
80864295,false,סוכריות פיור וויט טעם מנטה עדינה 60 ג' מנטוס,"פרפטי ואן מלה ג'ידה,סאן",TR,מנטוס פיור וויט,גרמים,60.00,100 גרם,false,1,8.90,14.83,true,1,
80874652,false,קינדר קלפים בודד 25.6 גר',פררו,IT,קינדר קארדס,גרמים,26.00,100 גרם,false,1,4.90,18.85,true,1,
80896081,false,מנטוס בקבוק מעוגל - מסטיק ללא סוכר בטעם אבטיח 60 גרם,"פרפטי ואן מלה ג'\ידה,סאן",TR,מנטוס בקבוק,גרמים,60.00,100 גרם,false,1,8.90,14.83,true,1,
80913467,false,מנטוס בקבוק מעוגל - מסטיק ללא סוכר בטעם מנטה,פרפטי ואן מלה הולנד,TR,מסטיק מנטוס,גרמים,60.00,100 גרם,false,1,8.90,14.83,true,1,
80926481,false,מסטיק מנטוס פיור פרש בבקבוק בינוני בטעם אבטיח 90ג',"פרפטי ואן מלה ג'ידה,סאן",TR,מסטיק מנטוס,גרמים,90.00,100 גרם,false,1,19.90,22.11,true,1,
80945468,false,סוכריות פיור וויט טעם מנטה מתוקה 60 ג' מנטוס,"פרפטי ואן מלה ג'ידה,סאן",TR,מנטוס פיור וויט,גרמים,60.00,100 גרם,false,1,8.90,14.83,true,1,
80979128,false,מנטוס בקבוק מעוגל - מסטיק ללא סוכר בטעם דובדבן,פרפטי ואן מלה הולנד,TR,מסטיק מנטוס,גרמים,60.00,100 גרם,false,1,8.90,14.83,true,1,
80982470,false,מסטיק מנטוס פיור פרוסט בטעם מנטה חזק 60 גר',פרפטי ואן מלה ברדה,TR,מסטיק מנטוס,גרמים,60.00,100 גרם,false,1,8.90,14.83,true,1,
80986348,false,סוכריות פיור וויט טעם מנטה 60 ג' מנטוס,"פרפטי ואן מלה ג'ידה,סאן",TR,מנטוס פיור וויט,גרמים,60.00,100 גרם,false,1,8.90,14.83,true,1,
87108538,false,סוכריות בטעם תות מנטוס 37.5 גרם,הדקלאים אגודת שיתופי,NL,מנטוס תות,גרמים,37.00,100 גרם,false,0,3.90,10.54,true,1,
87108712,false,סוכריות בטעם פירות מנטוס 4*37.5 גרם,פרפטי ואן מלה ברדה,NL,מנטוס פירות 4,גרמים,150.00,100 גרם,false,0,11.90,7.93,true,1,
96033531,true,דאודורנט רול-און רימונים,"יוניליוור אנגליה, דרך קו",GB,דאו רולאון רימון,מיליליטרים,50.00,"100 מ""ל",false,1,13.90,27.80,true,1,
16000423534,false,חטיפי גרנולה קראנצ'י עם שיבולת שועל ושוקולד מריר נייצ'ר ואלי 5*42 גרם,ג'נרל מילס סאן אדריאן,ES,חטיף נייצ'ר ואלי,גרמים,210.00,100 גרם,false,0,15.90,7.57,true,1,
16000548404,false,חטיפי גרנולה קראנצ'י עם שיבולת שועל ודבש נייצ'ר ואלי 5*42 גרם,ג'נרל מילס סאן אדריאן,ES,חטיף נייטשר ואלי,גרמים,210.00,100 גרם,false,0,15.90,7.57,true,1,
20714004507,false,שפתון מראה טבעי שחור דבש,אסתי לאודר,BE,שפתון מראה טבעי,יחידה,1.00,יחידה,false,1,119.00,119.00,true,1,
20714052959,false,הפי אדפ אשה 50מל,קליניק בישום,US,הפי א.אדפ50,מיליליטרים,50.00,"100 מ""ל",false,0,129.00,258.00,true,1,
20714146559,false,מסיר איפור עיניים שפתיים,קליניק,GB,טייק אוף דה דיי,מיליליטרים,125.00,"100 מ""ל",false,0,119.00,95.20,true,1,
20714156893,false,הפי אדפ לאשה 100מל,קליניק בישום,US,הפי אדפ,מיליליטרים,100.00,"100 מ""ל",false,0,169.00,169.00,true,1,
20714227661,false,קליניק סבון נוזלי לפנים לעור מעורב,קליניק,BE,סבון פנים לעור,מיליליטרים,200.00,"100 מ""ל",false,0,115.00,57.50,true,1,
20714227685,false,קליניק סבון נוזלי לפנים לעור שמן,קליניק,GB,Facial Liquid,מיליליטרים,200.00,"100 מ""ל",false,0,115.00,57.50,true,1,
20714235901,false,קל.סומ.בלאשינג בלאש10,קליניק,US,קל.סומ.בלאשינג ב,יחידה,1.00,יחידה,false,0,189.00,189.00,true,1,
20714236922,false,עפרון עיניים שייפר 01,קליניק,DE,עפרון עיניים שיי,יחידה,1.00,יחידה,false,0,110.00,110.00,true,1,
20714287047,false,קליניק אול אבאוט אייז ריץ 15 מל,קליניק,GB,קרם עיניים עשיר,מיליליטרים,15.00,"100 מ""ל",false,0,209.00,1393.33,true,1,
20714288594,false,קליניק סיטי בלוק שיר פייס 25,קליניק,BE,25SPF סיטי בלוק,מיליליטרים,40.00,"100 מ""ל",false,0,115.00,287.50,true,1,
20714291822,false,קליניק אנטי בלמיש קלינסינג פום,קליניק,GB,קצף ניקוי לטיפול,מיליליטרים,125.00,"100 מ""ל",false,0,129.00,103.20,true,1,
20714291839,false,קליניק אנטי בלמיש קלירינג מויסצורייזר,קליניק,BE,אנטי בלמיש קלירי,מיליליטרים,50.00,"100 מ""ל",false,0,139.00,278.00,true,1,
20714324605,false,BETTER EVEN מייק אפ 01,קליניק,BE,מ.א.אבן בתר01,יחידה,1.00,יחידה,false,0,180.00,180.00,true,1,
20714462765,false,קליניק קליריפיינג לושן 02 200 מל,קליניק,GB,מי הסרה שלב 2,מיליליטרים,200.00,"100 מ""ל",false,0,115.00,57.50,true,1,
20714463724,false,שפתון צ'אבי סטיק טינטד08,קליניק,CA,שפתון צ'אבי סטיק,יחידה,1.00,יחידה,false,0,109.00,109.00,true,1,
20714598907,false,תחליב לחות עור יבש125מל,קליניק,GB,תחליב לחות DDML,מיליליטרים,125.00,"100 מ""ל",false,0,259.00,207.20,true,1,
20714653651,false,קליניק אנטי בלמיש גל לטיפול באקנה 30 מל,קליניק,GB,ג'ל לטיפול נקודת,מיליליטרים,30.00,"100 מ""ל",false,0,149.00,496.67,true,1,
20714678210,false,קליניק קרם לחות SMART MD SPF15,אסתי לאודר,US,SMART קרם לחות ל,מיליליטרים,50.00,"100 מ""ל",false,1,385.00,770.00,true,1,
20714810993,false,איילנר שחור היי אימפקט,קליניק,DE,איילנר שחור היי,יחידה,1.00,יחידה,false,0,125.00,125.00,true,1,
20714859466,false,קליניק מי הסרה גמבו סוג עור 3 487 מל,קליניק,GB,מי הסרה ג'מבו,מיליליטרים,487.00,"100 מ""ל",false,0,215.00,44.15,true,1,
20714860790,false,קליניק מויסטר סרג קרם פנים לגבר,אלקליל,GB,ג'ל לחות לגבר,מיליליטרים,48.00,"100 מ""ל",false,1,160.00,333.33,true,1,
20714918477,false,"איבן בטר ריפרש 74 30 מ""ל",קליניק,CA,איבן בטר ריפרש,מיליליטרים,30.00,"100 מ""ל",false,1,205.00,683.33,true,1,
20714985509,false,קליניק קרם לחות SMART MD לפיסול מיצוק וה,אלקליל,US,קרם לחות לפיסול,מיליליטרים,50.00,"100 מ""ל",false,1,399.00,798.00,true,1,
20714993085,false,קליניק קרם לחות לגבר במרקם גל המעניק לחו,אלקליל,US,קרם לחות לגבר במ,מיליליטרים,50.00,"100 מ""ל",false,1,149.00,298.00,true,1,
22200956932,false,דאודורנט ספיד סטיק גל 24/7 כחול 85 גר,הנסיך- מפעל לייצור ט,US,דאודורנט ג'ל,גרמים,85.00,100 גרם,false,0,17.90,21.06,true,1,
22200956949,false,דאודורנט ג'ל כתום לגבר ספיד סטיק 85 גרם,קולגייט-פלמוליב,US,דאודורנט,גרמים,85.00,100 גרם,false,0,17.90,21.06,true,1,
22548237564,false,Delicious Golden אדפ100מ,אינטר פרמיום,IT,Delicious Golden,מיליליטרים,100.00,"100 מ""ל",false,0,239.00,239.00,true,1,
27131006534,false,Knowing א.ד.פ לאשה,אסתי לאודר בישו,CN,Knowing לאשה,מיליליטרים,75.00,"100 מ""ל",false,0,299.00,398.67,true,1,
27131187035,false,WEAR DOUBLE מייק אפ 2c3,אסתי לאודר,BE,WEAR DOUBLE מייק,מיליליטרים,30.00,"100 מ""ל",false,0,235.00,783.33,true,1,
27131187042,false,WEAR DOUBLE מייק אפ 2C2,אסתי לאודר,BE,WEAR DOUBLE מייק,מיליליטרים,30.00,"100 מ""ל",false,0,235.00,783.33,true,1,
27131187073,false,WEAR DOUBLE מייק אפ 4N1,אסתי לאודר,BE,WEAR DOUBLE מייק,מיליליטרים,30.00,"100 מ""ל",false,0,235.00,783.33,true,1,
27131228387,false,WEAR DOUBLE מייק אפ 3N1,אסתי לאודר,BE,מייק אפ 3N1,מיליליטרים,30.00,"100 מ""ל",false,0,235.00,783.33,true,1,
27131228400,false,WEAR DOUBLE מייק אפ 2N1,אסתי לאודר,BE,מייק אפ 2N1,מיליליטרים,30.00,"100 מ""ל",false,0,235.00,783.33,true,1,
27131392439,false,WEAR DOUBLE מייק אפ 5W1,אסתי לאודר,BE,מייק אפ 5W1,מיליליטרים,30.00,"100 מ""ל",false,0,235.00,783.33,true,1,
27131771944,false,Extreme Sumptuous מסקרה,אסתי לאודר,BE,Sumptuous מסקרה,יחידה,1.00,יחידה,false,0,160.00,160.00,true,1,
27131833055,false,קרם דיי וור לעור רגיל או מעורב 30 מל,אסתי לאודר,GB,WEAR DAY קרם,מיליליטרים,30.00,"100 מ""ל",false,0,185.00,616.67,true,1,
27131934943,false,WEAR DOUBLE מייק אפ 1N1,אסתי לאודר,BE,מייק אפ 1N1,מיליליטרים,30.00,"100 מ""ל",false,0,235.00,783.33,true,1,
27131969853,false,WEAR DOUBLE מייק אפ 2W2,אסתי לאודר,BE,מייק אפ 2W2,מיליליטרים,30.00,"100 מ""ל",false,0,235.00,783.33,true,1,
27131977476,false,מייקאפ אסתי לאודר גוון 3C3,אסתי לאודר,BE,מייק אפ 3C3,מיליליטרים,30.00,"100 מ""ל",false,0,235.00,783.33,true,1,
35000689535,false,קולגייט מברשת שיניים מקס וייט סופט זוג,קולגייט-פלמוליב,CN,מברשות שיניים2X,יחידה,1.00,יחידה,false,0,19.90,19.90,true,1,
36000516876,false,ממחטות נייר קלינקס לושן 3 שכבות 75 דף,חוגלה קימברלי,US,קלינקס לושן,יחידה,1.00,יחידה,false,1,13.90,13.90,true,1,
36000516890,false,ממחטות אף עם אלוורה + ויטמין E תלת שכבתי,חוגלה קימברלי,US,קלינקס לושן,יחידה,1.00,יחידה,false,1,21.90,21.90,true,1,
37977004038,false,שקיות ריחניות לטיטול50יח,ננובבה,IL,שקיות אשפה ריחני,יחידה,1.00,יחידה,false,1,21.90,21.90,true,1,
37977005424,false,מאמ-נשכן רב תכליתי יחידה,General,HU,נשכן מאמ,יחידה,1.00,יחידה,false,0,33.90,33.90,true,1,
37977005455,false,מאמ מחזיק מוצץ כחול,General,HU,מאמ מחזיק למוצץ,יחידה,1.00,יחידה,false,0,29.90,29.90,true,1,
38000232176,false,פרינגלס ביג שמנת בצל 158 גרם,פרינגלס מנופקצ'ורינג קונ,US,פרינגלס שמנת בצל,גרמים,158.00,100 גרם,false,1,11.90,7.53,true,1,
38000232183,false,פרינגלס ביג אורגינל 149 גרם,פרינגלס מנופקצ'ורינג קונ,US,פרינגלס אורגינל,גרמים,149.00,100 גרם,false,1,11.90,7.99,true,1,
40000513582,false,M&M's בוטנים אריזה גדול 156 גרם,מארס,US,עדשים מ&מ'ס,גרמים,156.00,100 גרם,false,1,12.50,8.01,true,1,
40000514510,false,M&M אריזה קטנה's בוטנים אריזה קטנה 49 גרם,M&M אם אנד אם,US,עדשי מ&מ'ס,גרמים,49.00,100 גרם,false,1,5.00,10.20,true,1,
46214731552,false,עוגיות שוקולד צ'יפס 37% גודיס 225 גרם,קריניציה ויטמינה אס,NL,עוגיות ש.צ'יפס,גרמים,225.00,100 גרם,false,0,11.90,5.29,true,1,
46688400015,false,ג'ולן קרם הבהרה 112 גר',General,US,ג'ולן קרם הבהרה,גרמים,112.00,100 גרם,false,0,134.90,120.45,true,1,
56594009998,false,ניוואה סבון מוצק מטפח קרם קר רביעייה,ביירסדורף,DE,ניוואה סבון מוצק,גרמים,360.00,100 גרם,false,1,19.00,5.28,true,1,
58000142169,false,"קולגייט משחת שיניים טוטאל קלין מינט 170 מ""ל",קולגייט,MX,קולגייט קלין,מיליליטרים,170.00,"100 מ""ל",false,1,19.90,11.71,true,1,
58000142176,false,"קולגייט משחת שיניים טוטאל הלבנה 170 מ""ל",cp,MX,קולגייט טוטאל,מיליליטרים,170.00,"100 מ""ל",false,1,19.90,11.71,true,1,
58000313200,false,"קולגייט משחת שיניים פרש כחול 150 מ""ל",קולגייט,MX,מקס פרש כחול,מיליליטרים,150.00,"100 מ""ל",false,1,15.90,10.60,true,1,
64144090020,false,"ספריי שמן PAM בטעם שמן זית 141 מ""ל",קונאגרה פודס,US,תרסיס שמן זית,מיליליטרים,148.00,"100 מ""ל",false,0,19.90,13.45,true,1,
74451114838,false,כדור חרוזים חדש יח',ננובבה,IL,כדור חרוזים חדש,יחידה,1.00,יחידה,false,1,49.90,49.90,true,1,
77245110610,false,סוכריות מאסט ללא סוכר בטעם מנטה 80 ג'עלית,MIESZKO S.A - MS. JO,PL,סוכריות מאסט,גרמים,80.00,100 גרם,false,0,8.90,11.13,true,1,
77975094761,false,סניידרס חטיפים על בסיס קמח חיטה בטעם גבינת צ'דר,סניידרס אוף האנובר,US,חטיף סניידרס,גרמים,340.00,100 גרם,false,1,13.90,4.09,true,1,
77975094778,false,שברי בייגלה סניידרס בטעם דבש חרדל 340 גר,סניידרס אוף האנובר,US,סניידרס דבש חרדל,גרמים,340.00,100 גרם,false,1,13.90,4.09,true,1,
78300081357,false,פלייטקס ספורט עם מוליך סופר פלוס 18 יח,פלייטקס,US,טמפוני פלייטקס,יחידה,1.00,יחידה,false,1,27.90,27.90,true,1,
78300098393,false,פלייטקס טמפונים סופר פלוס סימפלי גנטל גלייד,פלייטקס מניפאקטורינג בעמ,US,טמפונים עם מוליך,יחידה,1.00,יחידה,false,1,27.90,27.90,true,1,
79625014075,false,מברשת סומק יח',,IL,מברשת סומק,יחידה,1.00,יחידה,false,1,50.00,50.00,true,1,
79625014112,false,מברשת אקספרט להנחת מייק,,IL,מברשת אקספרט להנ,יחידה,1.00,יחידה,false,1,45.00,45.00,true,1,
79625017861,false,מארז סט מברשות,,IL,מארז סט מברשות,יחידה,1.00,יחידה,false,1,99.00,99.00,true,1,
79625018943,false,ספוגית להנחת פודרה יח',,IL,ספוגית להנחת פוד,יחידה,1.00,יחידה,false,1,40.00,40.00,true,1,
79625018974,false,מברשת קונטור מתכווננת,,IL,מברשת קונטור מתכ,יחידה,1.00,יחידה,false,1,65.00,65.00,true,1,
79625915426,false,מברשת להנחת קונסילר יח',,IL,מברשת להנחת קונס,יחידה,1.00,יחידה,false,1,40.00,40.00,true,1,
79625915662,false,ספוגית איפור משולבת ליצירת מראה עור אחיד ולהנחת מייק אפ מותאם אישית,,IL,ספוגית מייק אפ,יחידה,1.00,יחידה,false,1,40.00,40.00,true,1,
85715163158,false,"אברקומבי פירסט אינסטינקט א.ד.פ 100 מ""ל",רבלון בישום,US,Abercrombie,מיליליטרים,100.00,"100 מ""ל",false,1,269.00,269.00,true,1,
85715169624,false,אותנטיק מומנט אשה 100מל,אינטר פרמיום,US,אברקומבי אשה אדפ,מיליליטרים,100.00,"100 מ""ל",false,1,209.00,209.00,true,1,
85715326607,false,גאס אומו אדט לגבר 100 מ''ל,,US,גאס אומו אדט לגב,מיליליטרים,100.00,"100 מ""ל",false,1,209.00,209.00,true,1,
85805210458,false,אליזבת וויט תה אדפ 100מל,אליזבט ארדן,US,אליזבת וויט תה,מיליליטרים,100.00,"100 מ""ל",false,1,259.00,259.00,true,1,
85805248604,false,מארז פיפט אווניו אדפ אשה,אליזבט ארדן,US,פפיט אווניו אדפ,מיליליטרים,155.00,"100 מ""ל",false,1,199.00,128.39,true,1,
88300104437,false,"be ck אדט לגבר 200 מ""ל",,US,be ck אדט,מיליליטרים,200.00,"100 מ""ל",false,1,169.00,84.50,true,1,
88300107438,false,"קלווין קליין וואן א.ד.ט 200 מ""ל",קלווין קליין,US,סי קיי אוון אדט,מיליליטרים,200.00,"100 מ""ל",false,1,179.00,89.50,true,1,
88300162505,false,"אופוריה Euphoria א.ד.פ לאישה 100 מ""ל",קלווין קליין Calvin Klein,IL,אופוריה א.ד.פ,מיליליטרים,100.00,"100 מ""ל",false,1,298.00,298.00,true,1,
192333042342,false,קליניק דידי א לחות במרקם גל קליל ונטול ש,General,GB,לחות ל24- שעות ב,מיליליטרים,50.00,"100 מ""ל",false,1,139.00,278.00,true,1,
192333042786,false,קליניק מויסטר סרג קרם לחות 15 מל,קליניק,US,מויסטר סרג אינטנ,מיליליטרים,15.00,"100 מ""ל",false,1,49.00,326.67,true,1,
192333042809,false,קליניק ג'ל לחות עשיר לעור יבש מאוד 50 מל,אלקליל,GB,מויסטר סרג אינטנ,מיליליטרים,50.00,"100 מ""ל",false,1,155.00,310.00,true,1,
192333066928,false,קליניק מויסטר סרג קרם לחות 100 שעות 30 מ,General,GB,מויסטר סרג' 100,מיליליטרים,30.00,"100 מ""ל",false,1,95.00,316.67,true,1,
192333066935,false,קליניק מויסטר סרג קרם לחות 100 שעות 50 מ,General,GB,מויסטר סרג' 100,מיליליטרים,50.00,"100 מ""ל",false,1,155.00,310.00,true,1,
192333077832,false,איבן בטר קליניקל 10 מייק,,FR,איבן בטר קליניקל,מיליליטרים,30.00,"100 מ""ל",false,1,220.00,733.33,true,1,
192333077856,false,איבן בטר קליניקל 28 מייק,,FR,איבן בטר קליניקל,מיליליטרים,30.00,"100 מ""ל",false,1,220.00,733.33,true,1,
192333077863,false,איבן בטר קליניקל 40 מייק,,FR,איבן בטר קליניקל,מיליליטרים,30.00,"100 מ""ל",false,1,220.00,733.33,true,1,
192333081020,false,קליניק תכשיר ניקוי ופילינג במוצר אחד במר,General,BE,תכשיר ניקוי ופיל,מיליליטרים,150.00,"100 מ""ל",false,1,129.00,86.00,true,1,
192333101001,false,מסקרה למראה דרמטי עמידה,,CA,מסקרה למראה דרמט,יחידה,1.00,יחידה,false,1,125.00,125.00,true,1,
192333101674,false,קליניק סמארט סרום טיפולי לתיקון קמטים וק,אלקליל,US,סרום טיפולי לתיק,מיליליטרים,30.00,"100 מ""ל",false,1,375.00,1250.00,true,1,
192333101681,false,קליניק סמארט סרום טיפולי לתיקון קמטים וק,אלקליל,US,סרום טיפולי לתיק,מיליליטרים,50.00,"100 מ""ל",false,1,505.00,1010.00,true,1,
192333102749,false,קליניק סמארט קרם עיניים אנטי אייגינג,אסתי לאודר,GB,קרם עיניים סמארט,מיליליטרים,15.00,"100 מ""ל",false,0,279.00,1860.00,true,1,
192333119921,false,מתנת תיק עם 4 פר,,,מתנת תיק עם 4 פר,יחידה,1.00,יחידה,false,0,49.00,49.00,true,1,
192333119952,false,תיק מתנות 4 פריטים,קליניק,GB,תיק מתנות,יחידה,1.00,יחידה,false,1,49.00,49.00,true,1,
192333125113,false,קליניק סמארט קרם לחות לעור יבש עד יבש מא,אסתי לאודר,BE,סמארט קרם לחות,מיליליטרים,50.00,"100 מ""ל",false,1,405.00,810.00,true,1,
192333125120,false,קליניק סמארט קרם לחות לכל סוגי העור,אסתי לאודר,BE,סמארט קרם לחות,מיליליטרים,50.00,"100 מ""ל",false,1,405.00,810.00,true,1,
192333127872,false,קליניק מויסטר סרג סט לטיפוח והענקת לחות,אסתי לאודר,US,סט לטיפוח והלחות,יחידה,1.00,יחידה,false,1,155.00,155.00,true,1,
192333128671,false,עיפרון גבות ללא חידוד יח,,DE,עיפרון גבות ללא,יחידה,1.00,יחידה,false,1,125.00,125.00,true,1,
192333132852,false,TTDO מסיר איפור בקרם 30,אסתי לאודר,BG,מסיר איפור,מיליליטרים,30.00,"100 מ""ל",false,1,29.90,99.67,true,1,
192333132975,false,תיק מתנות 4 פריטים,אסתי לאודר,BE,תיק מתנות,יחידה,1.00,יחידה,false,1,49.00,49.00,true,1,
192333138380,false,מייק אפ איבן בטר אייבורי,אסתי לאודר,BE,מייק אפ איבן בטר,מיליליטרים,10.00,"100 מ""ל",false,1,14.90,149.00,true,1,
192333138403,false,מייק אפ איבן בטר נטורל,אסתי לאודר,BE,מייק אפ איבן בטר,מיליליטרים,10.00,"100 מ""ל",false,1,14.90,149.00,true,1,
192333142004,false,קליניק מארז אנטי אייגינג למראה עור צעיר,אסתי לאודר,US,סט אנטי אייג'ינג,יחידה,1.00,יחידה,false,1,385.00,385.00,true,1,
305210043596,false,"וזלין - תחליב לחות עם תמצית לוונדר 600 מ""ל","יוניליוור, ג'פרסון סיטי,",US,וזלין תחליב לחות,מיליליטרים,600.00,"100 מ""ל",false,1,25.90,4.32,true,1,
309970047955,false,עפרון עיניים סופירס חום,,US,עפרון עיניים סופ,יחידה,1.00,יחידה,false,1,49.90,49.90,true,1,
309970048563,false,קנדיד פודרה 002 יח',רבלון,FR,קנדיד פודרה 002,יחידה,1.00,יחידה,false,1,65.00,65.00,true,1,
309970078775,false,סומק 27 הוט ציקס יח',,US,סומק 27 הוט ציקס,יחידה,1.00,יחידה,false,1,69.90,69.90,true,1,
309970078782,false,סומק 28 אפריקוט יח',,US,סומק 28 אפריקוט,יחידה,1.00,יחידה,false,1,69.90,69.90,true,1,
309970093389,false,שפתון סופר לסטרוס מאט 04,,US,שפתון סופר לסטרו,יחידה,1.00,יחידה,false,1,49.90,49.90,true,1,
309970093402,false,שפתון סופר לסטרוס מאט 08,,US,שפתון סופר לסטרו,יחידה,1.00,יחידה,false,1,49.90,49.90,true,1,
309970117023,false,שפתון קולורסטיי אינק גו,,US,שפתון קולורסטיי,יחידה,1.00,יחידה,false,1,69.90,69.90,true,1,
309970117085,false,שפתון קולורסטיי אינק 7,,US,שפתון קולורסטיי,יחידה,1.00,יחידה,false,1,69.90,69.90,true,1,
309970117108,false,שפתון קולורסטיי אינק 9,,US,שפתון קולורסטיי,יחידה,1.00,יחידה,false,1,69.90,69.90,true,1,
309970117146,false,שפתון קולורסטיי אינק 10,,US,שפתון קולורסטיי,יחידה,1.00,יחידה,false,1,69.90,69.90,true,1,
309970166052,false,קונסילר קולורסטיי 5ב1-,רבלון,US,קונסילר קולורסטי,יחידה,1.00,יחידה,false,1,55.00,55.00,true,1,
309970166069,false,קונסילר קולורסטיי 5ב1-,רבלון,US,קונסילר קולורסטי,יחידה,1.00,יחידה,false,1,55.00,55.00,true,1,
309974244602,false,שפתון ק.סטיי אוברטיים060,רבלון,US,שפתון ק.סטיי אוב,יחידה,1.00,יחידה,false,0,72.90,72.90,true,1,
309974296014,false,עט תיקון וטשטוש פוטורדי,רבלון,FR,עט תיקון וטשטוש,יחידה,1.00,יחידה,false,1,79.90,79.90,true,1,
309975316711,false,שפתון ק.סטיי אוברטיים480,רבלון,US,שפתון ק.סטיי אוב,יחידה,1.00,יחידה,false,0,72.90,72.90,true,1,
309975316742,false,שפתון ק.סטיי אוברטיים510,רבלון,FR,שפתון ק.סטיי אוב,יחידה,1.00,יחידה,false,1,72.90,72.90,true,1,
309975410075,false,מייק אפ קולורסטיי 250,רבלון,US,מייק אפ קולורסטי,מיליליטרים,30.00,"100 מ""ל",false,0,104.90,349.67,true,1,
309975410112,false,מייק אפ Tan Natural 330,רבלון,US,מייק אפ,מיליליטרים,30.00,"100 מ""ל",false,0,104.90,349.67,true,1,
309975410129,false,מייק אפ קולורסטיי 340,רבלון,US,מייק אפ קולורסטי,מיליליטרים,30.00,"100 מ""ל",false,0,104.90,349.67,true,1,
309975415032,false,מייק אפ ק.סטיי180,רבלון,US,מייק אפ ק.סטיי18,מיליליטרים,30.00,"100 מ""ל",false,0,104.90,349.67,true,1,
309975415063,false,מייק אפ קולורסטיי 240,רבלון,US,מייק אפ קולורסטי,מיליליטרים,30.00,"100 מ""ל",false,0,104.90,349.67,true,1,
309975415087,false,מייק אפ קולורסטיי 320,רבלון,US,מייק אפ קולורסטי,מיליליטרים,30.00,"100 מ""ל",false,0,104.90,349.67,true,1,
309975726152,false,שפתון קולורברסט225 יח',רבלון,US,שפתון קולורברסט2,יחידה,1.00,יחידה,false,0,54.90,54.90,true,1,
309975726657,false,שפתון קלרברסט מאט265,רבלון,US,שפתון קלרברסט,יחידה,1.00,יחידה,false,0,68.90,68.90,true,1,
309975822144,false,עיפרון שפתיים ק.סטיי660,רבלון,US,עיפרון שפתיים ק.,יחידה,1.00,יחידה,false,0,41.90,41.90,true,1,
309975969016,false,איילינר סקיני שחור יח',רבלון,US,איילינר סקיני שח,יחידה,1.00,יחידה,false,0,75.90,75.90,true,1,
309976047041,false,פודרה דחוסה Medium 840,רבלון,US,פודרה דחוסה 840,יחידה,1.00,יחידה,false,0,106.90,106.90,true,1,
309976182018,false,מסקרה ווליומיזינג שחורה,רבלון,US,מסקרה ווליומיזינ,יחידה,1.00,יחידה,false,1,69.90,69.90,true,1,
309976790015,false,קולרסטיי עפרון עיניים יח,רבלון,US,קולרסטיי עפרון,יחידה,1.00,יחידה,false,1,55.90,55.90,true,1,
309977641095,false,צללית קולורסטיי קרם735,רבלון,MX,צללית,יחידה,1.00,יחידה,false,0,72.90,72.90,true,1,
309979380046,false,שפתון ק.סטיי אוברטיים040,רבלון,US,שפתון ק.סטיי אוב,יחידה,1.00,יחידה,false,0,72.90,72.90,true,1,
309979380145,false,שפתון ק.סטיי אוברטיים014,רבלון,US,שפתון ק.סטיי אוב,יחידה,1.00,יחידה,false,0,72.90,72.90,true,1,
309979380220,false,שפתון ק.סטיי אוברטיים220,רבלון,US,שפתון ק.סטיי אוב,יחידה,1.00,יחידה,false,0,72.90,72.90,true,1,
309979380268,false,שפתון ק.סטיי אוברטיים026,רבלון,US,שפתון ק.סטיי אוב,יחידה,1.00,יחידה,false,0,72.90,72.90,true,1,
309979380367,false,שפתון ק.סטיי אוברטיים036,רבלון,US,שפתון ק.סטיי אוב,יחידה,1.00,יחידה,false,0,72.90,72.90,true,1,
309979380381,false,שפתון ק.סטיי אוברטיים038,רבלון,US,שפתון ק.סטיי אוב,יחידה,1.00,יחידה,false,0,72.90,72.90,true,1,
309979380442,false,שפתון ק.סטיי אוברטיים010,רבלון,US,שפתון ק.סטיי אוב,יחידה,1.00,יחידה,false,0,72.90,72.90,true,1,
309979380527,false,שפתון ק.סטיי אוברטיים270,רבלון,US,שפתון ק.סטיי אוב,יחידה,1.00,יחידה,false,0,72.90,72.90,true,1,
608940543313,false,"ריהנה REB'L FLEUR(א) אדפ 100מ""ל",אלפא בישום,US,Fleur Reb'l לאשה,מיליליטרים,100.00,"100 מ""ל",false,0,99.00,99.00,true,1,
608940553893,false,בלאק אדט לגבר100מל,,US,בלאק אדט,מיליליטרים,100.00,"100 מ""ל",false,0,129.00,129.00,true,1,
608940565056,false,גולד ראש אדפ אשה100מל,,US,גולד ראש אדפ,מיליליטרים,100.00,"100 מ""ל",false,0,129.00,129.00,true,1,
608940566886,false,Hero Mankind א.ד.ט לגבר,,US,Hero Mankind א.,מיליליטרים,100.00,"100 מ""ל",false,0,129.00,129.00,true,1,
608940577752,false,רוז ראש פרגרנס מיסט236מל,,US,רוז ראש,מיליליטרים,236.00,"100 מ""ל",false,0,39.00,16.52,true,1,
608940583845,false,בילי אייליש אדפ100מל,,US,Eilish Billieאדפ,מיליליטרים,100.00,"100 מ""ל",false,1,219.00,219.00,true,1,
646876631520,false,אונגרו פור לומי אדט100מל,אלפא בישום,IT,אונגרו פור לומי,מיליליטרים,100.00,"100 מ""ל",false,0,275.00,275.00,true,1,
651080161510,false,פלקרס פולסר לשיניים צפופות-מנטה 35 יחידו,מיוצר עי קונדיטוריית,CN,קיסם עם חוט,יחידה,1.00,יחידה,false,1,13.50,13.50,true,1,
651080366519,false,פלקרס פלוסר כפול טווין ליין,דנטלון,CN,פלאקרס טווין ליי,יחידה,1.00,יחידה,false,0,14.90,14.90,true,1,
651080647519,false,קיסמים עם חוט דנטלי פלאקרס מנטה 35 יחידות,"פלקרס רנור ארה""ב",US,קיסם עם חוט,יחידה,1.00,יחידה,false,1,13.50,13.50,true,1,
663350057058,false,"ספיידרמן בושם 30 מ""ל",,ES,ספיידרמן בושם 30,מיליליטרים,30.00,"100 מ""ל",false,0,34.90,116.33,true,1,
663350059724,false,"הלו קיטי בושם 30 מ""ל",,ES,הלו קיטי בושם 30,מיליליטרים,30.00,"100 מ""ל",false,0,34.90,116.33,true,1,
667547946927,false,"ו.סיקריט א.חדשה בודי ספרי לט סטיי אין 250 מ""ל",ויקטוריה סיקרט,FR,לטס סטיי אין,מיליליטרים,250.00,"100 מ""ל",false,1,59.00,23.60,true,1,
667548099172,false,"ו.סיקרט בודי ספריי באר ונילה 250מ""ל",ויקטוריה סיקרט,IL,באר ונילה,מיליליטרים,250.00,"100 מ""ל",false,1,59.00,23.60,true,1,
667548099219,false,"ויקטוריה סיקרט - בודי ספריי אמבר רומאנס 250 מ""ל",ויקטוריה סיקרט,IL,אמבר רומנס,מיליליטרים,250.00,"100 מ""ל",false,1,59.00,23.60,true,1,
667548800501,false,"ו.סיקרט בודי ספריי רומנטיק 250מ""ל",ויקטוריה סיקרט,US,רומנטיק פרגרנס,מיליליטרים,250.00,"100 מ""ל",false,1,59.00,23.60,true,1,
667548879347,false,"ויקטוריה סיקרט - בודי ספריי אקווה קיס 250 מ""ל",ויקטוריה סיקרט,US,אקווה קיס פרגרנ,מיליליטרים,250.00,"100 מ""ל",false,1,59.00,23.60,true,1,
667549011548,false,"ויקטוריה סיקרט - בודי ספריי טמפטיישן 250 מ""ל",ויקטוריה סיקרט,US,טמפטיישן פרגרנס,מיליליטרים,250.00,"100 מ""ל",false,1,59.00,23.60,true,1,
667549011562,false,"מיי גוף ספריי ראש ויקטוריה סיקרט - 250 מ""ל",ויקטוריה סיקרט,IL,ראש פרגרנס,מיליליטרים,250.00,"100 מ""ל",false,1,59.00,23.60,true,1,
681619811647,false,עיפרון(Nude (Datenights,BALM THE,US,עיפרון Nude,יחידה,1.00,יחידה,false,0,58.90,58.90,true,1,
681619811678,false,עיפרון (Prune (Romance,BALM THE,US,עיפרון Prune,יחידה,1.00,יחידה,false,0,58.90,58.90,true,1,
681619811685,false,עיפרון(Blue (Compliments,BALM THE,US,עיפרון Blue,יחידה,1.00,יחידה,false,0,58.90,58.90,true,1,
690251080991,false,פאוני אנד בלאש סוויי100מ,,GB,פאוני אנד בלאש ס,מיליליטרים,100.00,"100 מ""ל",false,1,599.00,599.00,true,1,
690251081035,false,ליים בסיל אנד מנדרין100מ,,GB,ליים בסיל אנד מנ,מיליליטרים,100.00,"100 מ""ל",false,1,599.00,599.00,true,1,
693102200098,false,קונסילר 3 גוונים יח',,IL,קונסילר 3 גוונים,יחידה,1.00,יחידה,false,1,132.00,132.00,true,1,
693102401013,false,"שמן לחידוש תאים 30 מ""ל",,IL,שמן לחידוש תאים,מיליליטרים,30.00,"100 מ""ל",false,1,160.00,533.33,true,1,
693102500495,false,שפתון נוזלי-מוקה יח',OFRA,US,שפתון-מוקה,יחידה,1.00,יחידה,false,0,89.00,89.00,true,1,
693102657137,false,שפתון נוזלי-בריקל יח',OFRA,US,שפתון-בריקל,יחידה,1.00,יחידה,false,0,89.00,89.00,true,1,
693102703155,false,מראה קדמ,,,מראה קדמ,יחידה,1.00,יחידה,false,0,14.90,14.90,true,1,
693102800106,false,פלטת 5 היילטרים יח',,IL,פלטת 5 היילטרים,יחידה,1.00,יחידה,false,1,165.00,165.00,true,1,
693102800168,false,GALAX PALETTE- SIGNATURE,,IL,PALETT SIGNATURE,יחידה,1.00,יחידה,false,1,135.00,135.00,true,1,
693102800199,false,פאלטת 5 צלליות לוקס יח',,IL,פאלטת 5 צלליות ל,יחידה,1.00,יחידה,false,1,135.00,135.00,true,1,
693102800250,false,פלטת מיני מיקס סולסטיס י,,IL,פלטת מיני מיקס ס,יחידה,1.00,יחידה,false,1,185.00,185.00,true,1,
693493017282,false,מברשת איפור 01 יח',,IL,מברשת איפור 01,יחידה,1.00,יחידה,false,1,110.00,110.00,true,1,
693493017428,false,איילנר MARS יח',,IL,איילנר MARS,יחידה,1.00,יחידה,false,1,100.00,100.00,true,1,
693493017480,false,קונטור 03 יח',,IL,קונטור 03,יחידה,1.00,יחידה,false,1,135.00,135.00,true,1,
693493017558,false,סומק גוון REEF יח',,IL,סומק גוון REEF,יחידה,1.00,יחידה,false,1,135.00,135.00,true,1,
693493017565,false,סומק גוון CHEERS יח',,IL,סומק גוון CHEERS,יחידה,1.00,יחידה,false,1,135.00,135.00,true,1,
693493017640,false,אודם עמיד FABULOUS VERY,,IL,אודם עמיד F VERY,יחידה,1.00,יחידה,false,1,90.00,90.00,true,1,
693493017671,false,אודם עמיד HOT VERY,,IL,אודם עמיד VERY,יחידה,1.00,יחידה,false,1,90.00,90.00,true,1,
693493017879,false,קרם דה לקרם Gemini יח',,IL,קרם דה לקרם Gemi,יחידה,1.00,יחידה,false,1,100.00,100.00,true,1,
693493017886,false,פודרה TRANSLUCENT יח',,IL,פודרה TRANSLUCEN,יחידה,1.00,יחידה,false,1,155.00,155.00,true,1,
693493017923,false,SKIN MY באלם להסרת איפור,,IL,SKIN MY באלם להס,יחידה,1.00,יחידה,false,1,135.00,135.00,true,1,
693493053921,false,נרסיסיו פור הר פלור מאסק,פרסטיג' שיסיידו,FR,נרסיסיו פור הר פ,מיליליטרים,150.00,"100 מ""ל",false,1,569.00,379.33,true,1,
714324901430,false,"גולדן סנסט אדפ 100 מ""ל",לילית בישום,FR,גולדן סנסט אדפ,מיליליטרים,100.00,"100 מ""ל",false,1,319.00,319.00,true,1,
719346065405,false,"פנטזי אדפ לאישה 100 מ""ל - בריטני ספירס",בריטני ספירס BRITNEY SPEARS,US,fantasy א.ד.פ,מיליליטרים,100.00,"100 מ""ל",false,0,99.00,99.00,true,1,
719565386718,false,פרוזן ליפ גלוסים,,CN,ליפ גלוסים,יחידה,1.00,יחידה,false,0,31.90,31.90,true,1,
719565463402,false,פרוזן תיק עם אביזרי שיער,,CN,אביזרי שיער,יחידה,1.00,יחידה,false,0,47.90,47.90,true,1,
719565463891,false,דיסני מיני מארז 3 שפתוני לחות,דודי קרמר,CN,סט 3 לחות,יחידה,1.00,יחידה,false,0,24.90,24.90,true,1,
768614102014,false,ZEN א.ד.פ לאשה,שיסיידו בישום,IL,ZEN א.ד.פ לאשה,מיליליטרים,50.00,"100 מ""ל",false,0,290.00,580.00,true,1,
783320913525,false,בולגרי אקווה מריןג.אדט10,בולגרי אלפא,IL,בולגרי אקווה מרי,מיליליטרים,100.00,"100 מ""ל",false,0,399.00,399.00,true,1,
812256021674,false,"אריאנה גרנדה ARI(א) בודי ספריי 236מ""ל",,US,ארי בודי מיסט לא,מיליליטרים,236.00,"100 מ""ל",false,1,49.90,21.14,true,1,
812256021711,false,"אריאנה גראנדה סוויט לייק קנדי א.ד.פ 100 מ""ל",,IL,סוויט לייק קנדי,מיליליטרים,100.00,"100 מ""ל",false,1,209.00,209.00,true,1,
812256024194,false,קלאוד פרגרנס מיסט236מל,,US,קלאוד פרגרנס מיס,מיליליטרים,236.00,"100 מ""ל",false,1,49.90,21.14,true,1,
812256024279,false,טנקיו נקסט אריאנה גרדנה אדפ 100 מ''ל,,IL,טנקיו נקסט אדפ,מיליליטרים,100.00,"100 מ""ל",false,1,299.00,299.00,true,1,
812256025269,false,"אריאנה גרנדה THANK U NEXT(א) בודי ספריי 236מ""ל",,US,NEXT U THANK,מיליליטרים,236.00,"100 מ""ל",false,1,49.90,21.14,true,1,
815151025488,false,"דריי שמפו 232 מ""ל",,IL,דריי שמפו 232 מ,מיליליטרים,232.00,"100 מ""ל",false,1,99.00,42.67,true,1,
840117804654,false,"סרום מגן חום OB 50 מ""ל",,IL,סרום מגן חום OB,מיליליטרים,50.00,"100 מ""ל",false,1,109.00,218.00,true,1,
840117807976,false,Brush Blow מברשת פן חשמל,,IL,Brush Blow מברשת,יחידה,1.00,יחידה,false,1,469.00,469.00,true,1,
850018802215,false,טיפול אינטנסיבי 155מל,,US,טיפול אינטנסיבי,מיליליטרים,155.00,"100 מ""ל",false,0,149.00,96.13,true,1,
861940000006,false,"ג'סיקה מקלינטוק א.ד.פ 100 מ""ל",,US,ג'סיקה מקלינטוק,מיליליטרים,100.00,"100 מ""ל",false,1,109.00,109.00,true,1,
883991129376,false,גולד ראש פרגרנס מיסט236מ,,US,גולד ראש,מיליליטרים,236.00,"100 מ""ל",false,0,49.90,21.14,true,1,
887167142534,false,אסתי לאודר נייט וור קרם לילה 50 מל,אסתי לאודר,US,Nightwear קרם,מיליליטרים,50.00,"100 מ""ל",false,0,280.00,560.00,true,1,
887167178694,false,WEAR DOUBLEמייק אפ 3w1.5,אסתי לאודר,BE,WEAR DOUBLEמייק,מיליליטרים,30.00,"100 מ""ל",false,1,235.00,783.33,true,1,
887167415942,false,אסתי לאודר רויטיליזינג סופריים קרם לילה,אלקליל,US,רויטליזינג סופרי,מיליליטרים,50.00,"100 מ""ל",false,1,500.00,1000.00,true,1,
887167461024,false,קונסילר Radiant בגוון 2C,קליניק,IT,קונסילר Radiant,מיליליטרים,10.00,"100 מ""ל",false,1,140.00,1400.00,true,1,
887167461109,false,קונסילר Radiant בגוון 1N,קליניק,IT,קונסילר Radiant,מיליליטרים,10.00,"100 מ""ל",false,1,140.00,1400.00,true,1,
887167461130,false,קונסילר Radiant בגוון 3N,קליניק,IT,קונסילר Radiant,מיליליטרים,10.00,"100 מ""ל",false,1,140.00,1400.00,true,1,
887167565708,false,Goddess Bronze מדיום 03,,US,Goddess Bronze מ,יחידה,1.00,יחידה,false,1,250.00,250.00,true,1,
887167567290,false,אסתי לאודר סופרים+ קרם לילה לשיקום אינטי,אסתי לאודר,US,קרם לילה לשיקום,מיליליטרים,30.00,"100 מ""ל",false,1,375.00,1250.00,true,1,
887167617513,false,תיק מתנה 4 פריטים .,אסתי לאודר,CN,תיק מתנה 4 פריטי,יחידה,1.00,יחידה,false,1,49.00,49.00,true,1,
887167625662,false,פלאז'רס אדפ מארז לאשה,אסתי לאודר בישו,PL,פלאז'רס אדפ סט,יחידה,1.00,יחידה,false,1,360.00,360.00,true,1,
888066000079,false,"בלאק אורכיד אדפ יוניסקס 100 מ""ל - טום פורד",טום פורד,CH,טום פורד לאשה,מיליליטרים,100.00,"100 מ""ל",false,1,575.00,575.00,true,1,
889809006648,false,גלאם גלואו מסכה לטיפול מטהר 100 גרם,גלאם גלואו,US,מסכה לטיפול מטהר,גרמים,100.00,100 גרם,false,1,299.00,299.00,true,1,
889809008086,false,גלאם גלואו קרם עיניים 15 מל,גלאם גלואו,US,קרם עיניים להבהר,מיליליטרים,15.00,"100 מ""ל",false,1,169.00,1126.67,true,1,
896364002695,false,"שמן לשיער 7 30 מ""ל",,US,שמן לשיער 7,מיליליטרים,30.00,"100 מ""ל",false,1,149.00,496.67,true,1,
896364002749,false,"משכלל שיער מספר 3 100 מ""",,US,משכלל שיער מספר,מיליליטרים,100.00,"100 מ""ל",false,1,149.00,149.00,true,1,
3014260100698,false,אורל בי מברשת שיניים ילדים 6-12 שנים,פרוקטר אנד גמבל,IE,אורל בי לילדים,יחידה,1.00,יחידה,false,1,15.90,15.90,true,1,
3014260201753,false,סכיני גילוח ג'ילט בלו 2 להבים - מארז 5 יח',פרוקטר אנד גמבל,PL,"סכיני גילוח ח""פ",יחידה,1.00,יחידה,false,0,13.90,13.90,true,1,
3014260243531,false,גילט מאך 3 סכיני גילוח 4 יחידות חדש,פרוקטר אנד גמבל,PL,סכיני גילוח מא,יחידה,1.00,יחידה,false,0,49.90,49.90,true,1,
3014260246693,false,סכיני גילוח חד פעמי ונוס סימפלי רביעייה,פרוקטר אנד גמבל,IL,סכיני ונוס סימפל,יחידה,1.00,יחידה,false,0,9.90,9.90,true,1,
3014260262709,false,סכיני גילוח לאישה 3 להבים,ג'ילט ונוס Gillette Venus,DE,סכיני גילוח ונ,יחידה,1.00,יחידה,false,0,49.90,49.90,true,1,
3014260283254,false,סכיני גילוח חד פעמי בלו 2 פלוס *5,פרוקטר & גמבל,IL,"סכיני גילוח ח""פ",יחידה,1.00,יחידה,false,0,19.90,19.90,true,1,
3014260289287,false,סכין גילוח גילט בלו 2 לנשים-חמישייה,פרוקטר אנד גמבל,RU,סכיני גילוח,יחידה,1.00,יחידה,false,0,16.90,16.90,true,1,
3014260293253,false,סכין בלו 2 פלוס עשיריה נשים GILLETTE,ג'\ילט,US,ג'ילט סכין בלו 2,יחידה,1.00,יחידה,false,1,29.90,29.90,true,1,
3059944021197,false,"ויט קרם להסרת שיער לעור רגיש (אריזת חיסכון) 400 מ""ל",רקיט בנקיזר צרפת,FR,מסיר שיער ויט,מיליליטרים,400.00,"100 מ""ל",false,0,59.90,14.98,true,1,
3059944022415,false,רצועות שעווה מוכנות לשימוש מועשרת בתמציות ובניחוח ורדים,רקיט בנקיזר צרפת,FR,ויט רצועות,יחידה,1.00,יחידה,false,0,29.90,29.90,true,1,
3145891071801,false,"שאנל בלו פרפיום* (ג) 100 מ""ל",שאנל בישום,FR,בלו דה שאנל פרפי,מיליליטרים,100.00,"100 מ""ל",false,1,679.00,679.00,true,1,
3145891169300,false,קוקו מדמואזל שמן גוף 200,שאנל בישום,FR,שנל שמן גוף,מיליליטרים,200.00,"100 מ""ל",false,1,330.00,165.00,true,1,
3145891262605,false,"צ'אנס או טנדרה אדפ לאישה 100 מ""ל - שאנל",,FR,TENDR EAU CHANCE,מיליליטרים,100.00,"100 מ""ל",false,1,689.00,689.00,true,1,
3145891263206,false,"שאנל צ'אנס טנדר א.ד.ט 100 מ""ל",שאנל בישום,IL,שאנל צאנס או טנד,מיליליטרים,100.00,"100 מ""ל",false,0,589.00,589.00,true,1,
3145891265200,false,"CHANEL CHANCE אדפ 100 מ""",שאנל בישום,FR,CHANEL CHANCE,מיליליטרים,100.00,"100 מ""ל",false,1,689.00,689.00,true,1,
3147758030334,false,לנקום ביפסיל מסיר איפור עיניים,לנקום,IL,מסיר איפור לעיני,מיליליטרים,125.00,"100 מ""ל",false,0,169.00,135.20,true,1,
3147758051216,false,לנקום בוקאז דאו ספריי,לנקום,IL,BOCAGE דאודורנט,מיליליטרים,125.00,"100 מ""ל",false,0,99.00,79.20,true,1,
3147758155112,false,Poeme אדפ ספריי אשה100מל,לנקום,FR,Poeme אדפ ספריי,מיליליטרים,100.00,"100 מ""ל",false,0,349.00,349.00,true,1,
3274872390683,false,"קנזו לה פאר א.אדט 100מ""ל",אלפא בישום,FR,קנזו לה פאר אדט,מיליליטרים,100.00,"100 מ""ל",false,1,259.00,259.00,true,1,
3274872396197,false,אנג או דמון א.ד.פ 100מל,ג'יבנשי בישום,FR,אנג או דמון אדפ,מיליליטרים,100.00,"100 מ""ל",false,1,499.00,499.00,true,1,
3274872406216,false,פלאור בוקה,,,פלאור בוקה,יחידה,1.00,יחידה,false,0,499.00,499.00,true,1,
3274872439078,false,ג'נטלמן פריווה,,,ג'נטלמן פריווה,יחידה,1.00,יחידה,false,0,459.00,459.00,true,1,
3274872441033,false,"ג'נטלמן אדפ 100 מ""ל",,FR,ג'נטלמן אדפ,מיליליטרים,100.00,"100 מ""ל",false,1,459.00,459.00,true,1,
3346130009603,false,"הרמס טר דה הרמס (ג) א.ד.ט 100 מ""ל",,FR,D'hermes Terre,מיליליטרים,100.00,"100 מ""ל",false,1,379.00,379.00,true,1,
3346130013457,false,"טר דה הרמס אדט200מ""ל",,FR,D'HERMES TERRE,מיליליטרים,200.00,"100 מ""ל",false,1,599.00,299.50,true,1,
3346133200021,false,"טווילי דה הרמס אדפ לאישה 85 מ""ל - הרמס",,FR,Twilly d'Hermes,מיליליטרים,85.00,"100 מ""ל",false,1,449.00,528.24,true,1,
3348900147324,false,"פרנהייט אדט לגבר 200מ""ל",,IL,פרנהייט אדט לגבר,מיליליטרים,200.00,"100 מ""ל",false,1,639.00,319.50,true,1,
3348900417878,false,דיור ז'אדור (א) א.ד.פ 100 מ''ל,כריסטיאן דיור,FR,בושם ז'אדור,מיליליטרים,100.00,"100 מ""ל",false,0,587.00,587.00,true,1,
3348900838185,false,"דיור הום אינטנס א.ד.פ 100 מ""ל",סולארוויו קוסמט,IL,דיור הום אינטנס,מיליליטרים,100.00,"100 מ""ל",false,0,459.00,459.00,true,1,
3348901250146,false,"דיור סוואג' א.ד.ט 100 מ""ל",,FR,SAUVAGE Dior,מיליליטרים,100.00,"100 מ""ל",false,1,420.00,420.00,true,1,
3349666007921,false,MILLION 1 א.ד.ט לגבר,לילית בישום,IL,MILLION 1 א.ד.ט,מיליליטרים,100.00,"100 מ""ל",false,0,219.00,219.00,true,1,
3349668508587,false,MILLION Lady א.ד.פ לאשה,PUIG בישום,IL,MILLION Lady,מיליליטרים,80.00,"100 מ""ל",false,0,299.00,373.75,true,1,
3349668515660,false,INVICTUS א.ד.ט לגבר100מל,PUIG בישום,FR,INVICTUS א.ד.ט,מיליליטרים,100.00,"100 מ""ל",false,0,279.00,279.00,true,1,
3349668555093,false,"בלאק אקסס אדפ 50מ""ל",,FR,בלאק אקסס אדט,מיליליטרים,50.00,"100 מ""ל",false,1,199.00,398.00,true,1,
3349668576173,false,XS PURE א.ד.ט לגבר 100 מ,PUIG בישום,FR,XS PURE א.ד.ט לג,מיליליטרים,100.00,"100 מ""ל",false,1,239.00,239.00,true,1,
3349668582297,false,PHANTOM א.ד.ט לגבר 100מל,,FR,PHANTOM א.ד.ט לג,מיליליטרים,100.00,"100 מ""ל",false,1,299.00,299.00,true,1,
3349668600304,false,INTENSוואן מיליון 100מל,,FR,INTENS ELIXIR 1M,מיליליטרים,100.00,"100 מ""ל",false,1,279.00,279.00,true,1,
3349668603671,false,million lady א.ד.פ. אישה,PUIG בישום,FR,million lady א.ד,יחידה,1.00,יחידה,false,1,390.00,390.00,true,1,
3349668607907,false,1 מליון א.ד.ט לגבר מארז,PUIG בישום,FR,1 מליון א.ד.ט לג,יחידה,1.00,יחידה,false,1,300.00,300.00,true,1,
3349668608218,false,סט million ladyאדפ+תחליב,PUIG בישום,FR,million lady סט,יחידה,1.00,יחידה,false,1,300.00,300.00,true,1,
3351500011476,false,"אזארו אדט 100 מ""ל",,FR,azzarro אדט,מיליליטרים,100.00,"100 מ""ל",false,1,179.00,179.00,true,1,
3355991002319,false,בוגארט (ג) סילבר סנט אדט 100מל,אלפא בישום,FR,סילבר סנט אדט,מיליליטרים,100.00,"100 מ""ל",false,0,129.00,129.00,true,1,
3355991003019,false,"סילבר סנט אינטנס אדט לגבר 100 מ""ל - בוגארט",ג'קוס בוגרט JACQUES BOGART,FR,INT SCENT SILVER,מיליליטרים,100.00,"100 מ""ל",false,0,129.00,129.00,true,1,
3355992000260,false,לפידוס (ג) אדט 100מל,אלפא בישום,FR,Lapidus Ted אדט,מיליליטרים,100.00,"100 מ""ל",false,0,99.00,99.00,true,1,
3355992008488,false,א.ד.ט לגבר200מHOMME POUR,אלפא בישום,FR,LAPIDUS TED,מיליליטרים,200.00,"100 מ""ל",false,1,149.00,74.50,true,1,
3360372012825,false,"POLO א.ד.ט לגבר 100 מ""ל",לנקום בישום,US,POLO א.ד.ט לגבר,מיליליטרים,100.00,"100 מ""ל",false,0,319.00,319.00,true,1,
3360373016334,false,נואה אדט 30 מל,לנקום בישום,FR,נואה אדט,מיליליטרים,30.00,"100 מ""ל",false,0,99.00,330.00,true,1,
3360373016358,false,"נועה אדט לאישה 100 מ""ל - קאשרל",קשארל,FR,NOA א.ד.ט ספריי,מיליליטרים,100.00,"100 מ""ל",false,0,219.00,219.00,true,1,
3360373063680,false,"אמור אמור קשארל - א.ד.ט 100 מ""ל",קשארל,FR,AMOR AMOR א.ד.ט,מיליליטרים,100.00,"100 מ""ל",false,0,219.00,219.00,true,1,
3360375006432,false,"ארמני קוד אדט לגבר 125 מ""ל - ג'ורג'יו ארמני",לנקום בישום,FR,Code Armani אדט,מיליליטרים,125.00,"100 מ""ל",false,1,399.00,319.20,true,1,
3386460074827,false,"לג'נד ספיריט אדט לגבר 100 מ""ל - מונט בלאנק",רבלון בישום,FR,SPIRIT LEGEND,מיליליטרים,100.00,"100 מ""ל",false,1,297.00,297.00,true,1,
3386460078597,false,"טוקד לאשה אדט 100 מ""ל",,FR,טוקד לאשה,מיליליטרים,100.00,"100 מ""ל",false,1,149.00,149.00,true,1,
3386460097161,false,לנוון אקלט דה נויט אדפ 1,,FR,לנוון אקלט דה,מיליליטרים,100.00,"100 מ""ל",false,1,249.00,249.00,true,1,
3386460101066,false,אפטר שייב מונבלאן150מל,,IL,א.שייב מונבלאן,מיליליטרים,150.00,"100 מ""ל",false,1,79.00,52.67,true,1,
3386460108768,false,"ג'ימי צו' INTENSE (ג) אדט 200 מ""ל",אינטר פרמיום,FR,גימי צו אינטנס א,מיליליטרים,200.00,"100 מ""ל",false,1,339.00,169.50,true,1,
3386460118125,false,"מונבלאן לג'אנד (ג) אדפ 100 מ""ל",,FR,מונבלאן לגנד אדפ,מיליליטרים,100.00,"100 מ""ל",false,1,269.00,269.00,true,1,
3386460124652,false,מארז קואץ דרים אדפ לאשה,אינטר פרמיום,FR,קואץ דרים סט,יחידה,1.00,יחידה,false,1,269.00,269.00,true,1,
3386460125482,false,מארז רושס לגבר 100+50מל,אינטר פרמיום,FR,מארז רושס לגבר,יחידה,1.00,יחידה,false,1,199.00,199.00,true,1,
3386460127066,false,ג'מי צ'ו אורבן הירו גולד אדישן - א.ד.פ 100 מ''ל,,FR,אורבן גולד,מיליליטרים,100.00,"100 מ""ל",false,1,259.00,259.00,true,1,
3386460128605,false,מארז רושס לגבר,אינטר פרמיום,FR,מארז רושס לגבר,יחידה,1.00,יחידה,false,1,199.00,199.00,true,1,
3386460130530,false,אקספלורר אדפ סט לגבר,אינטר פרמיום,FR,מונבלאן סט לגבר,יחידה,1.00,יחידה,false,1,299.00,299.00,true,1,
3386460130561,false,אקספלורר אולטרה בלו אדפ,אינטר פרמיום,FR,מונבלאן סט לגבר,יחידה,1.00,יחידה,false,1,299.00,299.00,true,1,
3386461517033,false,קרם גוף לנוון אקלט 150מל,,FR,קרם גוף לנוון אק,מיליליטרים,150.00,"100 מ""ל",false,1,79.90,53.27,true,1,
3414202000572,false,"קול ווטר Cool Water לגבר א.ד.ט 125 מ""ל",דווידוף Davidoff,FR,Water Cool א.ד.ט,מיליליטרים,125.00,"100 מ""ל",false,0,167.00,133.60,true,1,
3414204200949,false,"ניקוס סקלפצ'ר פיור הום - א.ד.ט 100 מ""ל",סקלפצ'ר SCULPTURE,IL,SCULPTURE א.ד.ט,מיליליטרים,100.00,"100 מ""ל",false,0,79.00,79.00,true,1,
3423222009816,false,זדיג דיס איז אס אדט 100,,FR,זדיג דיס איז אס,מיליליטרים,100.00,"100 מ""ל",false,1,319.00,319.00,true,1,
3423222015565,false,"דולצ'ה גאבנה לימפרטריס א.ד.ט 100 מ""ל",,FR,לימפטריס מס' 3 א,מיליליטרים,100.00,"100 מ""ל",false,1,139.00,139.00,true,1,
3423222048358,false,זדיג וייבס אוף פרידו100מ,,FR,זדיג וייבס אוף פ,מיליליטרים,100.00,"100 מ""ל",false,1,239.00,239.00,true,1,
3423222055660,false,נרסיסו קריסטל אדפ רולאון,פרסטיג' שיסיידו,FR,נרסיסו קריסטל רו,יחידה,1.00,יחידה,false,1,4.90,4.90,true,1,
3423222055882,false,נרסיסו פור הר אדט מארז,פרסטיג' שיסיידו,FR,מארז נרסיסו פור,יחידה,1.00,יחידה,false,1,479.00,479.00,true,1,
3423222055912,false,נרסיסו פור הר אדפ מארז,פרסטיג' שיסיידו,FR,מארז נרסיסו פור,יחידה,1.00,יחידה,false,1,499.00,499.00,true,1,
3423470890075,false,נרסיסו פור הר א.בודי קרם,נרסיסו רדריגז,IL,נרסיסו פור הר א.,מיליליטרים,150.00,"100 מ""ל",false,0,249.00,166.00,true,1,
3423473020820,false,INTENSO א.ד.פ לגבר 125מל,דולצ'ה&גב.שסטוב,IL,INTENSO א.ד.פ לג,מיליליטרים,125.00,"100 מ""ל",false,1,449.00,359.20,true,1,
3423473049456,false,"דולצ'ה גבאנה KING אדט 100 מ""ל לגבר",,FR,K דולצה גבנה,מיליליטרים,100.00,"100 מ""ל",false,1,349.00,349.00,true,1,
3423473049654,false,"דולצה K אדט 150 מ""ל",,FR,דולצה K אדט,מיליליטרים,150.00,"100 מ""ל",false,1,399.00,266.00,true,1,
3423473053958,false,"אמברה אדפ לאישה 90 מ""ל - נרסיסו רודריגז",,FR,נרסיסו אמברה אדפ,מיליליטרים,90.00,"100 מ""ל",false,1,399.00,443.33,true,1,
3423474889556,false,איסימיאקי מג'ור לגבר אדט,איסימיאקי.,IL,איסימיאקי מג'ור,מיליליטרים,100.00,"100 מ""ל",false,0,229.00,229.00,true,1,
3423474891856,false,זדיג&וולטיר דיס א.אדפ100,זדיג&וולטייר,FR,IS THIS א.ד.פ,מיליליטרים,100.00,"100 מ""ל",false,0,279.00,279.00,true,1,
3423474892259,false,"בושם דאודורנט ספריי זאדיג דיס איז הר 100 מ""ל",,FR,HER IS THIS דאו',מיליליטרים,100.00,"100 מ""ל",false,1,69.00,69.00,true,1,
3423478370654,false,זדיג&וולטיר תחליב גוף,פרסטיג' שיסיידו,FR,זדיג דיס תחליב,מיליליטרים,75.00,"100 מ""ל",false,0,19.00,25.33,true,1,
3423478502451,false,נרסיסו פודרה מארז,,FR,נרסיסו פודרה,מיליליטרים,90.00,"100 מ""ל",false,1,565.00,627.78,true,1,
3423478515956,false,"פיור מאסק אדפ לאישה 100 מ""ל - נרסיסו רודריגז",נרסיסו רדריגז,FR,פיור מאסק נרסיסו,מיליליטרים,100.00,"100 מ""ל",false,1,399.00,399.00,true,1,
3423478840652,false,"נרסיסו פודרה (א) אדפ 90מ""ל",נרסיסו רדריגז,FR,PUDREE NARCISO,מיליליטרים,90.00,"100 מ""ל",false,1,399.00,443.33,true,1,
3423478921955,false,נרסיסו פור הר אריזה ורודה א.ד.ט לאישה 150מל,נרסיסו רדריגז,IL,נרסיסו פור הר א.,מיליליטרים,150.00,"100 מ""ל",false,0,429.00,286.00,true,1,
3423478926653,false,נרסיסו תחליב גוף 200מל,נרסיסו רדריגז,FR,נרסיסו תחליב גוף,מיליליטרים,200.00,"100 מ""ל",false,0,179.00,89.50,true,1,
3430750004558,false,GARDEN OASISמארז אמבטיה שמן ארגן מוזהב,פארמה דיל,IL,מארז אמבטיה שמן,יחידה,1.00,יחידה,false,1,59.90,59.90,true,1,
3439600029758,false,"אלייאן אדט לגבר 100 מ""ל",טרי מוגלר בישום,FR,אלייאן אדט,מיליליטרים,100.00,"100 מ""ל",false,1,419.00,419.00,true,1,
3439600056655,false,"אנג'ל כוכב אדפ 100מ""ל",טרי מוגלר בישום,FR,אנג'ל כוכב,מיליליטרים,100.00,"100 מ""ל",false,1,429.00,429.00,true,1,
3439600056969,false,"ALIEN א.ד.פ לאשה 90 מ""ל",,FR,ALIEN א.ד.פ לאשה,מיליליטרים,90.00,"100 מ""ל",false,1,429.00,476.67,true,1,
3494800028031,false,מרינה רויאל דיימונדס100מ,רבלון בישום,FR,מרינה רויאל דיימ,מיליליטרים,100.00,"100 מ""ל",false,0,129.00,129.00,true,1,
3494800028048,false,מרינה רויאל דיאמ אדפ30מ,,IL,מרינה רויאל דיאמ,מיליליטרים,30.00,"100 מ""ל",false,1,79.90,266.33,true,1,
3494800240020,false,DYNASTIE א.ד.פ לאשה,זילנגיה,FR,DYNASTIE א.ד.פ,מיליליטרים,50.00,"100 מ""ל",false,1,98.00,196.00,true,1,
3494800240037,false,מרינה גולדן דיסטני100מל,רבלון בישום,FR,מרינה גולדן דיסט,מיליליטרים,100.00,"100 מ""ל",false,0,149.00,149.00,true,1,
3494800240884,false,מארז גולדן דיינסטי אדפ י,,FR,מארז גולדן דיינס,יחידה,1.00,יחידה,false,1,169.90,169.90,true,1,
3494800280682,false,מרינה דה בורבון סט לאישה,,FR,מרינה דה בורבון,יחידה,1.00,יחידה,false,1,169.90,169.90,true,1,
3562700373084,false,"יגואר כחול אדט לגבר 100 מ""ל - יגואר",לילית בישום,FR,יגואר אדט לגבר,מיליליטרים,100.00,"100 מ""ל",false,0,79.00,79.00,true,1,
3574660057706,false,"שמן תינוקות ג'ונסון 300 מ""ל",ג'ונסון,IT,שמן תינוקות ג'ונ,מיליליטרים,300.00,"100 מ""ל",false,1,17.90,5.97,true,1,
3574660089547,false,טמפונים נורמל קלאסי אובה 32 יחידות,ג'\ונסון אנד ג'\ונסון,GR,טמפוני או בה,יחידה,1.00,יחידה,false,0,30.90,30.90,true,1,
3574660115154,false,או-בה טמפונים קלאסי סופר 32יח',ג'\ונסון אנד ג'\ונסון,GR,טמפוני או בה,יחידה,1.00,יחידה,false,0,30.90,30.90,true,1,
3574660239829,false,קרם ידיים קל סדרה נורבגית נוטרוגינה 50 מ,ניוטרוג'ינה Neutrogena,FR,קרם ידיים קליל,מיליליטרים,75.00,"100 מ""ל",false,0,24.90,33.20,true,1,
3574660240009,false,טמפונים או בה נורמל,ג'ונסון,GR,או-בה נורמל,יחידה,1.00,יחידה,false,1,14.90,14.90,true,1,
3574660245844,false,נטרוגינה תרחיץ לניקוי פנים,CILAG GMBH INTERNATI,GR,CLEAN DEEP תרחיץ,מיליליטרים,200.00,"100 מ""ל",false,0,58.90,29.45,true,1,
3574660269635,false,נטרוגינה דיפ קלין תרחיץ גרגירים 150 מל,שסטוביץ,FR,ג'ל לפנים c deep,מיליליטרים,150.00,"100 מ""ל",false,1,59.90,39.93,true,1,
3574660362794,false,או-בה מיני פרו קומפורט16,ג'ונסון,GR,או-בה מיני פרו ק,יחידה,1.00,יחידה,false,1,14.90,14.90,true,1,
3574660514643,false,קרם לחות רב שימושי עשיר נוטרוגינה 300 מל,ניוטרוג'ינה Neutrogena,IT,"קרם רב""ש",מיליליטרים,300.00,"100 מ""ל",false,0,24.90,8.30,true,1,
3574661003924,false,שטיפת פה טוטאל קר בטעם מנטה צלול,ג'\ונסון אנד ג'\ונסון,IT,מי פה ליסטרין,מיליליטרים,500.00,"100 מ""ל",false,0,38.90,7.78,true,1,
3574661098531,false,ניוטרוגינה תחליב גוף מועשר לעור יבש/רגיש,ניוטרוג'ינה Neutrogena,GR,תחליב גוף,מיליליטרים,400.00,"100 מ""ל",false,1,24.90,6.23,true,1,
3574661098937,false,נטרוגינה תחליב גוף-יבש סדרה נורווגית,ניוטרוג'ינה Neutrogena,FR,תחליב גוף,מיליליטרים,400.00,"100 מ""ל",false,1,24.90,6.23,true,1,
3574661114620,false,"ליסטרין שטיפת פה זירו ללא אלכוהול 250 מ""",ג'\ונסון אנד ג'\ונסון,IT,מי פה ליסטרין,מיליליטרים,250.00,"100 מ""ל",false,0,10.00,4.00,true,1,
3574661114637,false,ליסטרין שטיפת פה קול מינט טעם מעודן 500,ג'\ונסון אנד ג'\ונסון,IT,מי פה ליסטרין,מיליליטרים,500.00,"100 מ""ל",false,1,34.90,6.98,true,1,
3574661199894,false,נוטרוגינה קרם ידיים ויזבלי ריניו 75 מל,ניוטרוג'ינה Neutrogena,GR,קרם ידיים,מיליליטרים,75.00,"100 מ""ל",false,1,24.90,33.20,true,1,
3574661200019,false,נוטרוגינה ת.גוף ויזבלי ריניו משאבה 400 מל,ניוטרוג'ינה Neutrogena,GR,תחליב גוף,מיליליטרים,400.00,"100 מ""ל",false,1,24.90,6.23,true,1,
3574661283739,false,גונסונס בייבי קרם לחות שפופרת 100 מל,Johnson Toilet-IT,IT,תחליב ג'ונסון,מיליליטרים,100.00,"100 מ""ל",false,1,29.90,29.90,true,1,
3574661287201,false,"ניוטרוג'ינה - הידרו בוסט ק.לחות אקווה ג'ל 50מ""ל",שסטוביץ,PL,ג'ל מים,מיליליטרים,50.00,"100 מ""ל",false,1,81.90,163.80,true,1,
3574661287232,false,נטרוגינה היידרובוסט גל קרם 50 מל,שסטוביץ,PL,BOOST HYDRO קרם,מיליליטרים,50.00,"100 מ""ל",false,1,80.90,161.80,true,1,
3574661288345,false,נטרוגינה היידרובוסט גל ניקוי לפנים 200,שסטוביץ,PL,ג'ל ניקוי לפנים,מיליליטרים,200.00,"100 מ""ל",false,1,58.90,29.45,true,1,
3574661293509,false,נטרוגינה היידרו תרחיץ גל לפנים 150 מל,שסטוביץ,PL,תרחיץ ג'ל פנים,מיליליטרים,150.00,"100 מ""ל",false,0,59.00,39.33,true,1,
3574661317021,false,נטרוגינה היידרובוסט מגבוני ניקוי 25 יח,שסטוביץ,PL,מגבונים לפנים,יחידה,1.00,יחידה,false,1,31.90,31.90,true,1,
3574661333564,false,נטרוגינה קליר& דיפנד תרחיץ יומי 200 מל,שסטוביץ,FR,תרחיץ יומי,מיליליטרים,200.00,"100 מ""ל",false,1,58.90,29.45,true,1,
3574661352275,false,ליסטירין מי פה פירות יער 250 מל,ג'\ונסון אנד ג'\ונסון,IT,מי פה ליסטרין,מיליליטרים,250.00,"100 מ""ל",false,1,18.90,7.56,true,1,
3574661401140,false,"שטיפת פה ליסטרין נייטלי ריסיט 400 מ""ל",ניאופארם,IT,מי פה ליסטרין,מיליליטרים,400.00,"100 מ""ל",false,1,34.90,8.73,true,1,
3574661419435,false,תחבושות הגייניות וניה מקסי 12 יחידות,Johnson Vania - BL,BE,תחבושות וניה,יחידה,1.00,יחידה,false,1,25.90,25.90,true,1,
3574661428055,false,גונסונס בייבי תחליב לחות מגע כותנה 500 מ,INTERNATIONAL GMBH CILAG,IT,ג'ונסון תחליב,מיליליטרים,500.00,"100 מ""ל",false,1,33.90,6.78,true,1,
3574661428079,false,ג'ונסון תחליב גוף 500מל,ג'ונסון,IT,ג'ונסון תחליב גו,מיליליטרים,500.00,"100 מ""ל",false,1,31.90,6.38,true,1,
3574661471181,false,נטרוגינה היידרובוסט מים מיסלריים 400 מל,שסטוביץ,GR,הידרה בוסט מים מ,מיליליטרים,400.00,"100 מ""ל",false,1,49.90,12.48,true,1,
3574661487328,false,קרפרי מגני תחתון אורגינל פלוס 56 יח',הדקלאים אגודת שיתופי,IT,מגני תחתון קרפרי,יחידה,1.00,יחידה,false,1,14.90,14.90,true,1,
3574661487618,false,קרפרי מגן תחתון מקסי לארג'' מבושם 48 יח'',הדקלאים אגודת שיתופי,IT,קרפרי מגני תחתון,יחידה,1.00,יחידה,false,1,14.90,14.90,true,1,
3574661487625,false,מגני תחתון פלוס לארג' בניחוח עדין L,הדקלאים אגודת שיתופי,IT,מגן תחתון קרפרי,יחידה,1.00,יחידה,false,1,14.90,14.90,true,1,
3574661491806,false,מי פה אדבנס וויט מנטה מסירה כתמים קשים,ג'\ונסון אנד ג'\ונסון,IT,מי פה ליסטרין,מיליליטרים,500.00,"100 מ""ל",false,1,38.90,7.78,true,1,
3574661498430,false,"ניוטרוג'ינה - תרחיץ גרגירים אשכולית ורודה 150מ""ל",שסטוביץ,FR,אשכולית ורודה תר,מיליליטרים,150.00,"100 מ""ל",false,1,57.90,38.60,true,1,
3574661498478,false,נטרוגינה בלאקהד תרחיץ גרגירים 150 מל,שסטוביץ,FR,תרחיץ גרגירים לה,מיליליטרים,150.00,"100 מ""ל",false,1,79.00,52.67,true,1,
3574661500355,false,קרפרי מגן תחתון מקסי לונג רגיל 40 יח',ג'ויה מעבדות לקוסמטי,IT,מגני תחתון קרפרי,יחידה,1.00,יחידה,false,1,14.90,14.90,true,1,
3574661501901,false,שטיפה אינטימית יומיומית מכיל תה ירוק ואלוורה,קולגייט פלמוליב,IT,שטיפה אינטימית,מיליליטרים,200.00,"100 מ""ל",false,1,19.90,9.95,true,1,
3574661506272,false,קרפרי מגבונים אינטימיים אלוורה 20 יח,ג'\ונסון אנד ג'\ונסון,DE,מגבונים אינטימי,יחידה,1.00,יחידה,false,1,19.90,19.90,true,1,
3574661525563,false,נטרוגינה כורכום קרם לחות 75 מל,שסטוביץ,GR,כורכום קרם לחות,מיליליטרים,75.00,"100 מ""ל",false,1,66.00,88.00,true,1,
3574661527086,false,נטרוגינה כורכום מוס ניקוי 150 מל,שסטוביץ,GR,כורכום מוס ניקוי,מיליליטרים,150.00,"100 מ""ל",false,1,59.90,39.93,true,1,
3574661529240,false,ניוטרוג'ינה כורכום מסיר איפור ג'ל 200מל,שסטוביץ,GR,כורכום מסיר איפו,מיליליטרים,200.00,"100 מ""ל",false,1,39.90,19.95,true,1,
3574661552576,false,קרפרי מגן תחתון רגיל טנגה לבן 56 יח חדש,הדקלאים אגודת שיתופי,GR,מגני תחתון קרפרי,יחידה,1.00,יחידה,false,1,14.90,14.90,true,1,
3574661552804,false,מגן תחתון קרפרי אלוורה 56 יחידות,הדקלאים אגודת שיתופי,IT,מגני תחתון קרפרי,יחידה,1.00,יחידה,false,1,14.90,14.90,true,1,
3574661552811,false,מגן תחתון קרפרי כותון אוורירי 56 יחידות,הדקלאים אגודת שיתופי,GR,מגן תחתון קרפרי,יחידה,1.00,יחידה,false,1,14.90,14.90,true,1,
3574661554877,false,מגן תחתון קרפרי כותון מבושם 56 יחידות,הנסיך- מפעל לייצור ט,GR,מגני תחתון קרפרי,יחידה,1.00,יחידה,false,1,14.90,14.90,true,1,
3574661554884,false,קרפרי מגן תחתון רגיל טנגה מבושם 56 יח,הדקלאים אגודת שיתופי,IT,מגני תחתון קרפרי,יחידה,1.00,יחידה,false,1,14.90,14.90,true,1,
3574661561219,false,ליסטרין שטיפת פה אדוונס ווייט 250 מל,ג'\ונסון אנד ג'\ונסון,IT,ליסטרין מי פה א,מיליליטרים,250.00,"100 מ""ל",false,1,10.00,4.00,true,1,
3574661593838,false,נטרוגינה בוסט ברייט גל לחות נוזלי SPF 30,שסטוביץ,FR,Bright Boost ג'ל,מיליליטרים,50.00,"100 מ""ל",false,1,89.90,179.80,true,1,
3574661610344,false,נטרוגינה קרם לחות עשיר ומרוכז לעור יבש ע,גונסון אנד גונסון סנטה ב,IT,ניוטרוג'ינה קרם,מיליליטרים,300.00,"100 מ""ל",false,1,24.90,8.30,true,1,
3574661610375,false,נטרוגינה קרם לחות קליל סדרה נורווגית חדש,ג'ונסונס בייבי,FR,ניוטרוג'ינה קרם,מיליליטרים,300.00,"100 מ""ל",false,1,24.90,8.30,true,1,
3574661643359,false,ליסטרין נטורלס שטיפת פה אנאמל פרוטקט,ג'\ונסון אנד ג'\ונסון,IT,מי פה ליסטרין,מיליליטרים,500.00,"100 מ""ל",false,1,38.90,7.78,true,1,
3574669907392,false,ג'ונסון שמפו לתינוק 750,ג'ונסון,IT,ג'ונסון שמפו לתי,מיליליטרים,750.00,"100 מ""ל",false,1,28.90,3.85,true,1,
3574669907880,false,שמפו גונסון צהוב 300 מל,ג'ונסון,IT,שמפו בייבי,מיליליטרים,300.00,"100 מ""ל",false,1,12.90,4.30,true,1,
3574669908481,false,גונסונס בייבי אל סבון אמבט 750 מל חדש,ג'ונסונס Johnson's,IT,ג'ונסון אל סבון,מיליליטרים,750.00,"100 מ""ל",false,1,24.90,3.32,true,1,
3574669908948,false,"גונסונס בייבי אל סבון לרחצה עדינה 750 מ""ל",גונסון אנד גונסון,IT,ג'ונסון אל סבון,מיליליטרים,750.00,"100 מ""ל",false,1,24.90,3.32,true,1,
3574669909136,false,שמן תינוקות ג'ונסון 300,ג'ונסון,IT,שמן תינוקות ג'ונ,מיליליטרים,300.00,"100 מ""ל",false,1,17.90,5.97,true,1,
3574669909181,false,גונסונס בייבי שמן אלוורה לתינוק 300 מל,ג'ונסונס Johnson's,IT,שמן ג'ונסון,מיליליטרים,300.00,"100 מ""ל",false,1,24.90,8.30,true,1,
3595471065421,false,סט מרצדס אינטנס לגבר,מרצדס,FR,מרצדס אינטנס גבר,יחידה,1.00,יחידה,false,1,169.00,169.00,true,1,
3600520296463,false,אפטר שייב מן אקספרט 100מ,DEUTSCHLAND,DE,אפטר שייב אקספרט,מיליליטרים,100.00,"100 מ""ל",false,1,49.90,49.90,true,1,
3600520297262,false,מן אקספרט הידרה אנרגטיק קרם לחות יומי נג,לוריאל,GB,היידרה לחות 5 ב1,מיליליטרים,50.00,"100 מ""ל",false,1,49.90,99.80,true,1,
3600520881799,false,לוריאל - מסקרה טלסקופיק שחור,לוריאל פריז L'OREAL PARIS,IT,TELESCOPIC מסקרה,יחידה,1.00,יחידה,false,0,49.90,49.90,true,1,
3600520986456,false,קסטינג קרם גלוס מס515' *,לוריאל פריז,BE,קסטינג קרם גלוס,יחידה,1.00,יחידה,false,1,34.90,34.90,true,1,
3600521094341,false,קסטינג קרם גלוס מס200',לוריאל פריז,BE,צבע שיער קסטינג,יחידה,1.00,יחידה,false,0,34.90,34.90,true,1,
3600521094358,false,לוריאל - קסטינג 210 שחור כחול,לוריאל פריז,BE,צבע שיער קסטינג,יחידה,1.00,יחידה,false,0,34.90,34.90,true,1,
3600521094389,false,קסטינג קרם גלוס מס400',לוריאל פריז,BE,צבע שיער קסטינג,יחידה,1.00,יחידה,false,0,34.90,34.90,true,1,
3600521094419,false,קסטינג קרם גלוס מס500',לוריאל פריז,BE,צבע שיער קסטינג,יחידה,1.00,יחידה,false,0,34.90,34.90,true,1,
3600521094471,false,קסטינג קרס גלוס מס600',לוריאל פריז,BE,צבע לשיער קסטינג,יחידה,1.00,יחידה,false,0,34.90,34.90,true,1,
3600521832059,false,קסטינג 1021 בלונד בהיר במיוחד פנינה,לוריאל פריז,BE,צבע שיער קסטינג,יחידה,1.00,יחידה,false,0,34.90,34.90,true,1,
3600521846292,false,לוריאל - מסקרה ווליום מיליון חום,לוריאל,FR,מסקרה קולגן,יחידה,1.00,יחידה,false,0,78.90,78.90,true,1,
3600521992111,false,לוריאל אייג פרפקט נוטרישן לילה,"קרלסרו, גרמניה",DE,PERFECT AGE קרם,מיליליטרים,50.00,"100 מ""ל",false,0,125.00,250.00,true,1,
3600522029946,false,לוריאל נוטרישן קרם יום 50 מל,לוריאל פרודקשן דויטשלנד,DE,אייג' פרפקט קרם,מיליליטרים,50.00,"100 מ""ל",false,1,125.00,250.00,true,1,
3600522066798,false,לוריאל - מסקרה ווליום מגה קולגן שחור,סייפו,FR,MEGA מסקרה,יחידה,1.00,יחידה,false,0,81.90,81.90,true,1,
3600522236450,false,לוריאל - אקסלנס קרם 6.46 אדום בהיר נחושתי,לוריאל פריז,BE,אקסלנס6.46אדום,יחידה,1.00,יחידה,false,1,36.90,36.90,true,1,
3600522251750,false,לוריאל - דרמו רויטליפט לייזר עיניים,לוריאל,FR,קרם עיניים,מיליליטרים,15.00,"100 מ""ל",false,0,84.90,566.00,true,1,
3600522626060,false,"לוריאל - דאודורנט לגבר מן אקספרט טרמיק רזיסט 150 מ""ל",סופרוקוס,FR,דאו.מן אקספרט,מיליליטרים,150.00,"100 מ""ל",false,1,21.90,14.60,true,1,
3600522825463,false,לוריאל - אקסלנס אינטנס 6.66 אדום אינטנסבי לו,ליברמו,BE,צבע לשיער אקסלנס,יחידה,1.00,יחידה,false,1,36.90,36.90,true,1,
3600522838586,false,לוריאל רויטליפט לייזר X3 קרם-מסכה לילה,KARLSRUHE GERMANY,DE,קרם מסכה לילה,מיליליטרים,50.00,"100 מ""ל",false,0,84.90,169.80,true,1,
3600522851288,false,לוריאל - שפתון קולוריש 630,פרדיס,FR,שפתון קולוריש,יחידה,1.00,יחידה,false,1,58.90,58.90,true,1,
3600522862413,false,לוריאל - מייקאפ טרומאצ N4,לוריאל פריז L'OREAL PARIS,FR,N4 MATCH TRUE,מיליליטרים,30.00,"100 מ""ל",false,1,92.90,309.67,true,1,
3600522862499,false,לוריאל - מייקאפ טרומאצ C3,לוריאל,FR,C3 MATCH TRUE,מיליליטרים,30.00,"100 מ""ל",false,1,92.90,309.67,true,1,
3600523192717,false,לוריאל - מג'יק ריטאצ' גוון 4 בלונד בז',לוריאל ליברמו,BE,מג'יק ריטאצ' 4 ב,מיליליטרים,75.00,"100 מ""ל",false,1,39.90,53.20,true,1,
3600523192724,false,לוריאל - מג'יק ריטאצ' גוון 5 בלונד,לוריאל ליברמו,BE,לוריאל מגיק,מיליליטרים,75.00,"100 מ""ל",false,1,39.90,53.20,true,1,
3600523193158,false,תרסיס לכיסוי שורשי השיער Magic Retouch חום,לוריאל ליברמו,BE,ספריי לצביעה שיע,מיליליטרים,75.00,"100 מ""ל",false,1,39.90,53.20,true,1,
3600523193165,false,תרסיס לכיסוי שורשי השיער Magic Retouch חום בהיר,לוריאל ליברמו,BE,ספריי צבע לשיער,מיליליטרים,75.00,"100 מ""ל",false,1,39.90,53.20,true,1,
3600523201303,false,לוריאל - דרמו רויטליפט פילר לילה,"קרלסרו, גרמניה",DE,קרם לילה,מיליליטרים,50.00,"100 מ""ל",false,1,109.00,218.00,true,1,
3600523206834,false,רויטליפט פילר קרם יום אנטי אייג'ינג להשבת נפח,"קרלסרו, גרמניה",IT,קרם יום,מיליליטרים,50.00,"100 מ""ל",false,1,109.00,218.00,true,1,
3600523337712,false,לוריאל - מג'יק ריטאצ' 6 חום מהגוני,לוריאל,BE,מג'יק ריטאצ' חום,מיליליטרים,75.00,"100 מ""ל",false,1,39.90,53.20,true,1,
3600523363193,false,לוריאל הידרה גינייס גל לחות לעור יבש,"לוריאל פרודקשן דויטשלנד,",DE,HG ג'ל לחות,מיליליטרים,70.00,"100 מ""ל",false,1,60.00,85.71,true,1,
3600523409273,false,לוריאל - עיפרון שחור מתחדד,,CN,עפרון שחור סופר,יחידה,1.00,יחידה,false,1,25.00,25.00,true,1,
3600523428663,false,לוריאל - דרמו רויטליפט לייזר יום,"קרלסרו, גרמניה",DE,REVITALIFT קרם,מיליליטרים,50.00,"100 מ""ל",false,1,84.90,169.80,true,1,
3600523430932,false,לוריאל - דרמו פיור קליי תרחיץ שחור,סופרורל,PL,תרחיץ פיור קלי,מיליליטרים,150.00,"100 מ""ל",false,1,35.90,23.93,true,1,
3600523462360,false,"לוריאל - דאודורנט לגבר מן אקספרט סנסיטיס קונטרול 150 מ""ל",SOPROCOS,FR,דאו. מן אקספרט,מיליליטרים,150.00,"100 מ""ל",false,1,21.90,14.60,true,1,
3600523464548,false,לוריאל הידרה גינייס גל לחות לעור עדין,"לוריאל פרודקשן דויטשלנד,",DE,HG ג'ל לחות,מיליליטרים,70.00,"100 מ""ל",false,1,60.00,85.71,true,1,
3600523503285,false,לוריאל - מסקרה פרדייז שחור,לוריאל איפור,IT,פרדייז מסקרה,יחידה,1.00,יחידה,false,1,78.90,78.90,true,1,
3600523526130,false,לוריאל - מן אקספרט ברבר ג'ל ניקוי 3ב1,SP.Z.O.O KOSMEPOL,DE,ברבר ג'\ל ניקוי,מיליליטרים,200.00,"100 מ""ל",false,1,34.90,17.45,true,1,
3600523526208,false,לוריאל - מן אקספרט ברבר ג'ל לחות לזקן הקצר,לוריאל,DE,מן אקספרט ברבר ג,מיליליטרים,50.00,"100 מ""ל",false,1,54.90,109.80,true,1,
3600523528691,false,מן אקספרט ברבר קלאב קרם לעיצוב הזקן והשי,לוריאל פרודקשן דויטשלנד,DE,קרם לעיצוב הזקן,מיליליטרים,75.00,"100 מ""ל",false,1,34.90,46.53,true,1,
3600523587865,false,לוריאל - אלביב קרם לשיער דרים לונג 200,לוריאל - אלביב Elvive,DE,קרם לשיער אלביב,מיליליטרים,200.00,"100 מ""ל",false,1,19.90,9.95,true,1,
3600523605972,false,מסכת הזנה רב שימושית מכילה שמן קוקוס,לוריאל - אלביב Elvive,DE,מסכה אלביב,מיליליטרים,300.00,"100 מ""ל",false,1,29.90,9.96,true,1,
3600523635672,false,לוריאל - מייקאפ טרו מאץ' 2W,לוריאל,FR,מייק אפ טרו מאץ,מיליליטרים,30.00,"100 מ""ל",false,1,92.90,309.67,true,1,
3600523651870,false,שמפו לחיזוק סיב השערה לכל סוגי השיער,לוריאל - אלביב Elvive,TR,אלביב שמפו,מיליליטרים,550.00,"100 מ""ל",false,1,17.90,3.25,true,1,
3600523651887,false,"לוריאל - אלביב שמפו טוטאל ריפר 550 מ""ל",לוריאל - אלביב Elvive,TR,שמפו אלביב,מיליליטרים,550.00,"100 מ""ל",false,1,17.90,3.25,true,1,
3600523651900,false,מרכך לחיזוק סיב השערה לכל סוגי השיער,לוריאל - אלביב Elvive,TR,אלביב מרכך,מיליליטרים,550.00,"100 מ""ל",false,1,17.90,3.25,true,1,
3600523652228,false,"לוריאל - אלביב מרכך טוטאל ריפר 550 מ""ל",לוריאל - אלביב Elvive,TR,אלביב שמפו,מיליליטרים,550.00,"100 מ""ל",false,1,17.90,3.25,true,1,
3600523652242,false,"לוריאל - אלביב שמפו קולור פרוטקט 550 מ""ל",לוריאל - אלביב Elvive,TR,אלביב שמפו,מיליליטרים,550.00,"100 מ""ל",false,1,17.90,3.25,true,1,
3600523652280,false,"לוריאל אלביב שמפו מועשר ב 6 שמנים, 550 מ""ל",לוריאל - אלביב Elvive,TR,אלביב שמפו,מיליליטרים,550.00,"100 מ""ל",false,1,17.90,3.25,true,1,
3600523674633,false,לוריאל - גבות עמיד 109 כהה,לוריאל,CA,ג'ל גבות עמיד109,יחידה,1.00,יחידה,false,1,62.90,62.90,true,1,
3600523707997,false,לוריאל - מן אקספרט פיור פאוור ג'ל ניקוי פחם,LTD. FILLCARE,GB,מן אקספרט פיור פ,מיליליטרים,100.00,"100 מ""ל",false,1,29.90,29.90,true,1,
3600523708000,false,לוריאל - מן אקספרט פיור פאוור פילינג,AULNAYS SOPROREAL-,DE,פיור פאוור פילינ,מיליליטרים,100.00,"100 מ""ל",false,1,29.90,29.90,true,1,
3600523716524,false,לוריאל - דרמו רויטליפט קלאסי קרם אדום עברית,"קרלסרו, גרמניה",DE,קרם יום אדום,מיליליטרים,50.00,"100 מ""ל",false,1,59.90,119.80,true,1,
3600523718214,false,לוריאל - מן אקספרט היידרה ג'ל ניקוי מעורר,AULNAYS SOPROREAL-,GB,מן אקספרט היידרה,מיליליטרים,100.00,"100 מ""ל",false,1,29.90,29.90,true,1,
3600523729111,false,שפתון מקרון עמיד 820 יח',,IL,שפתון מקרון עמיד,יחידה,1.00,יחידה,false,1,60.00,60.00,true,1,
3600523755288,false,לוריאל - מסקרה לגבות 108 חום,,IT,מסקרה לגבות 108,מיליליטרים,4.00,"100 מ""ל",false,1,45.00,1125.00,true,1,
3600523762187,false,מגיק ריטאצ בלונד בהיר שורש כהה,לוריאל,BE,מג'יק ריטאצ 9 בל,מיליליטרים,75.00,"100 מ""ל",false,1,39.90,53.20,true,1,
3600523782567,false,"לוריאל - אלביב שמפו דרים לונג 500 מ""ל",קוסמטיקס,FR,אלביב שמפו,מיליליטרים,500.00,"100 מ""ל",false,1,17.90,3.58,true,1,
3600523782574,false,לוריאל - אלביב מסכה דרים לונג 300,לוריאל - אלביב Elvive,DE,מסכה לשיער אלביב,מיליליטרים,300.00,"100 מ""ל",false,1,29.90,9.96,true,1,
3600523782581,false,מרכך מתיר קשרים לשיער ארוך ופגום Dream Long,לוריאל - אלביב Elvive,FR,אלביב מרכך,מיליליטרים,500.00,"100 מ""ל",false,1,17.90,3.58,true,1,
3600523816699,false,לוריאל - דרמו פעולה משולשת פרש ג'ל עברית,"קרלסרו, גרמניה",DE,קרם לחות,מיליליטרים,50.00,"100 מ""ל",false,1,46.90,93.80,true,1,
3600523873920,false,לוריאל - דרמו רויטליפט פילר טפטפת סרום עברית,לוריאל,DE,רויטליפט פילר סר,מיליליטרים,30.00,"100 מ""ל",false,1,109.00,363.33,true,1,
3600523899906,false,אלביב מסכה פול רזיסט680מ,לוריאל-אלביב,ES,אלביב מסכה לשיער,מיליליטרים,680.00,"100 מ""ל",false,1,56.90,8.37,true,1,
3600523936625,false,לוריאל - דרמו רויטליפט לייזר סרום עברית,לוריאל,DE,סרום רויטליפט,מיליליטרים,30.00,"100 מ""ל",false,1,84.90,283.00,true,1,
3600523936663,false,לוריאל אייג פרפקט רנסנס קרם יום,לוריאל,DE,אייג'\ פרפקט רנס,מיליליטרים,50.00,"100 מ""ל",false,1,99.90,199.80,true,1,
3600523936700,false,לוריאל - דרמו משולשת נוטרישן לעור יבש עברית,"קרלסרו, גרמניה",DE,דרמו פעולה משולש,מיליליטרים,50.00,"100 מ""ל",false,1,46.90,93.80,true,1,
3600523936786,false,"לוריאל - אלביב שמן לשיער רגיל 100 מ""ל",לוריאל,IL,שמן לטיפוח השיער,מיליליטרים,100.00,"100 מ""ל",false,1,39.90,39.90,true,1,
3600523944156,false,צבע לשיער אקסלנס קול קרם 5.11 קרם חום אפרפר קר,לוריאל פריז,BE,אקסלנס5.11חום קר,יחידה,1.00,יחידה,false,1,36.90,36.90,true,1,
3600523944231,false,לוריאל - אקסלנס קול קרם 7.11 בלונד אפרפר קר,לוריאל פריז,BE,אקסלנס7.11 בלונד,מיליליטרים,192.00,"100 מ""ל",false,1,36.90,19.22,true,1,
3600523951543,false,לוריאל - פודרה עמידה אינפליבל 130,,IT,פודרה עמידה אינפ,יחידה,1.00,יחידה,false,1,65.00,65.00,true,1,
3600523953677,false,לוריאל - דרמו רויטליפט קלאסי יום SPF30 עברית,"קרלסרו, גרמניה",DE,דרמו רויטליפט לח,מיליליטרים,50.00,"100 מ""ל",false,1,59.90,119.80,true,1,
3600523965663,false,לוריאל רויטליפט פילר טונר מי פנים 200 מל,לוריאל,DE,רויטליפט פילר טו,מיליליטרים,200.00,"100 מ""ל",false,1,29.90,14.95,true,1,
3600523970698,false,"לוריאל - אלביב דרים לונג וונדר ווטר 200 מ""ל",לוריאל,BE,אלביב וונדר ווטר,מיליליטרים,200.00,"100 מ""ל",false,1,34.90,17.45,true,1,
3600523971954,false,לוריאל - דרמו רויטליפט לייזר סרום רטינול,לוריאל,DE,דרמו רויטליפט לי,מיליליטרים,30.00,"100 מ""ל",false,1,84.90,283.00,true,1,
3600523972159,false,לוריאל - דרמו רויטליפט קלאסי קרם יום ללא בישום,לוריאל פרודקשן דויטשלנד,DE,רויטליפט קלאסי ק,מיליליטרים,50.00,"100 מ""ל",false,1,59.90,119.80,true,1,
3600523973705,false,לוריאל - פלטת צלליות ניודס,,FR,פלטת צלליות ניוד,יחידה,1.00,יחידה,false,1,70.00,70.00,true,1,
3600523985326,false,לוריאל - דרמו רויטליפט לייזר יום SPF 20 עברי,לוריאל פריס,DE,קרם אנטי אייגינג,מיליליטרים,50.00,"100 מ""ל",false,1,84.90,169.80,true,1,
3600523985838,false,לוריאל - דרמו רויטליפט פילר ג'ל ניקוי לפנים,"לוריאל פרודקשן דויטשלנד,",DE,דרמו רויטליפט פ,מיליליטרים,150.00,"100 מ""ל",false,1,29.90,19.93,true,1,
3600523991525,false,"לוריאל - דרמו רויטליפט קלאסי סרום 30 מ""ל","קרלסרו, גרמניה",DE,סרום רויטליפט קל,מיליליטרים,30.00,"100 מ""ל",false,1,59.90,199.66,true,1,
3600523991556,false,לוריאל הידרה גינייס גל לחות לעור מעורב,לוריאל,DE,דרמו הידרה ג'יני,מיליליטרים,70.00,"100 מ""ל",false,1,60.00,85.71,true,1,
3600524012601,false,"לוריאל - סרום לפנים מידנייט 30 מ""ל",לוריאל,DE,סרום לילה דרמו ר,מיליליטרים,30.00,"100 מ""ל",false,1,129.90,433.00,true,1,
3600524013370,false,לוריאל אייג פרפקט רנסנס קרם יום SPF30,לוריאל,DE,דרמו רנסנס קרם,מיליליטרים,50.00,"100 מ""ל",false,1,99.90,199.80,true,1,
3600524013448,false,לוריאל אייג פרפקט רנסנס קרם עיניים,לוריאל,FR,קרם עיניים,מיליליטרים,15.00,"100 מ""ל",false,1,99.90,666.00,true,1,
3600524013455,false,לוריאל אייג פרפקט רנסנס קרם לילה,לוריאל,DE,PERFECT AGE קרם,מיליליטרים,50.00,"100 מ""ל",false,1,99.90,199.80,true,1,
3600524026639,false,לוריאל - שחור עמיד אינפליבל,פאבר קסטל,DE,עפרון אינפליבל 3,יחידה,1.00,יחידה,false,1,30.00,30.00,true,1,
3600524026660,false,עפרון אינפליבל 36 שעות,פאבר קסטל,DE,עפרון אינפליבל36,יחידה,1.00,יחידה,false,1,30.00,30.00,true,1,
3600524026684,false,עפרון אינפליבל 36 שעות,פאבר קסטל,DE,עפרון אינפליבל36,יחידה,1.00,יחידה,false,1,30.00,30.00,true,1,
3600524026691,false,עפרון אינפליבל 36 שעות,פאבר קסטל,DE,עפרון אינפליבל36,יחידה,1.00,יחידה,false,1,30.00,30.00,true,1,
3600524026707,false,עפרון אינפליבל 36 שעות,פאבר קסטל,DE,עפרון אינפליבל36,יחידה,1.00,יחידה,false,1,30.00,30.00,true,1,
3600524031091,false,לוריאל מסקרה פרו אדום יח,סייפו,IT,לוריאל מסקרה פרו,יחידה,1.00,יחידה,false,1,65.00,65.00,true,1,
3600524031107,false,לוריאל מסקרה פרו סגול יח,סייפו,IT,לוריאל מסקרה פרו,יחידה,1.00,יחידה,false,1,65.00,65.00,true,1,
3600524031138,false,לוריאל מסקרה פרו כסוף יח,סייפו,IT,לוריאל מסקרה פרו,יחידה,1.00,יחידה,false,1,65.00,65.00,true,1,
3600524051211,false,"לוריאל - רויטליפט פילר קרם יום 50 מ""ל",לוריאל,DE,רויטפילט פילר קר,מיליליטרים,50.00,"100 מ""ל",false,1,109.00,218.00,true,1,
3600524051334,false,"לוריאל - אלביב מרכך היאלורונית 400 מ""ל",לוריאל,FR,אלביב מרכך,מיליליטרים,400.00,"100 מ""ל",false,1,17.90,4.48,true,1,
3600524051570,false,לוריאל - אלביב מסכה היאלורונית 300 מ''ל,DEUT PRODUKTION L\'OREAL,FR,אלביב מסכה,מיליליטרים,300.00,"100 מ""ל",false,1,29.90,9.96,true,1,
3600524055400,false,לוריאל - אלביב שמפו היאלורונית 500 מ''ל,לוריאל,FR,אלביב שמפו,מיליליטרים,500.00,"100 מ""ל",false,1,17.90,3.58,true,1,
3600530695782,false,מייבלין - שפתון סופרסטיי 195,מייבלין Maybelline,FR,STAY150 SUPER,יחידה,1.00,יחידה,false,1,43.90,43.90,true,1,
3600530695812,false,מייבלין - שפתון סופרסטיי 260,מייבלין Maybelline,FR,STAY260 SUPER,יחידה,1.00,יחידה,false,1,43.90,43.90,true,1,
3600530695850,false,מייבלין - שפתון סופרסטיי 340,מייבלין Maybelline,FR,STAY340 SUPER,יחידה,1.00,יחידה,false,1,43.90,43.90,true,1,
3600530695904,false,מייבלין - שפתון סופרסטיי 510,מייבלין Maybelline,FR,STAY510 SUPER,יחידה,1.00,יחידה,false,1,43.90,43.90,true,1,
3600530695935,false,מייבלין - שפתון סופרסטיי 585,מייבלין Maybelline,FR,STAY585 SUPER,יחידה,1.00,יחידה,false,1,43.90,43.90,true,1,
3600530733842,false,מייבלין - קונסילר ספוגית 01IAR,מייבלין Maybelline,IL,קונסילר אנטי איג,יחידה,1.00,יחידה,false,1,45.90,45.90,true,1,
3600530733859,false,מייבלין - קונסילר ספוגית 02IAR,,IL,קונסילר אנטי איג,יחידה,1.00,יחידה,false,1,45.90,45.90,true,1,
3600530733866,false,מייבלין - קונסילר ספוגית 03IAR,מייבלין Maybelline,IL,קונסילר אנטי איג,יחידה,1.00,יחידה,false,1,45.90,45.90,true,1,
3600530854363,false,מייבלין - פודרה סופר סטיי 10,סייפו,IT,פודרה סופרסטיי,יחידה,1.00,יחידה,false,0,34.90,34.90,true,1,
3600531047795,false,מייבלין - ליינר מסטר פרסייס חום,שואן קוסמטיקס,DE,ליינר זהב,יחידה,1.00,יחידה,false,1,34.90,34.90,true,1,
3600531084806,false,מייבלין - עפרון עיניים קולוסאל קזאל 1,סייפו,DE,KAJAL COLOSSAL,יחידה,1.00,יחידה,false,1,19.90,19.90,true,1,
3600531143459,false,מייבלין - מסקרה לאש שחור,סייפו,IT,מסקרה,יחידה,1.00,יחידה,false,1,39.90,39.90,true,1,
3600531324520,false,מייבלין - מייקאפ פיט מי מאט 120,מייבלין,FR,פיטמי מייק אפ 20,יחידה,1.00,יחידה,false,1,51.90,51.90,true,1,
3600531324544,false,מייבלין - מייקאפ פיט מי מאט 130,מייבלין Maybelline,FR,מייק אפ,יחידה,1.00,יחידה,false,0,51.90,51.90,true,1,
3600531324568,false,מייבלין - מייקאפ פיט מי מאט 230,מייבלין,IL,מייק אפ פיט מי 2,יחידה,1.00,יחידה,false,0,51.90,51.90,true,1,
3600531342265,false,מייק אפ מאסטר סטרובנג100,ווקרל,DE,מייק אפ,יחידה,1.00,יחידה,false,0,34.90,34.90,true,1,
3600531384173,false,מייבלין - פודרה פיט מי 115,מייבלין Maybelline,IL,פודרה פיט מי,יחידה,1.00,יחידה,false,1,36.90,36.90,true,1,
3600531396848,false,מייבלין - קונסילר ספוגית 04IAR,מייבלין Maybelline,IL,קונסילר אנטי איג,יחידה,1.00,יחידה,false,1,45.90,45.90,true,1,
3600531411145,false,מייבלין - שפתון ס.סטיי אינק 35,,IL,שפתון סופר סטיי,יחידה,1.00,יחידה,false,1,43.90,43.90,true,1,
3600531411176,false,מייבלין - שפתון ס.סטיי אינק 50,,IL,שפתון סופר סטיי,יחידה,1.00,יחידה,false,1,43.90,43.90,true,1,
3600531429911,false,מייבלין - פלטת צלליות ברגונדי,מייבלין Maybelline,IT,פלטת צלליות בורג,יחידה,1.00,יחידה,false,1,39.00,39.00,true,1,
3600531457594,false,STAY SUPER שפתון 840יח',מייבלין Maybelline,FR,STAY SUPER 553,יחידה,1.00,יחידה,false,1,43.90,43.90,true,1,
3600531465193,false,מייבלין - קונסילר ספוגית 08IAR,מייבלין Maybelline,IL,קונסילר ספוג 08,יחידה,1.00,יחידה,false,1,45.90,45.90,true,1,
3600531465230,false,מייבלין - קונסילר ספוגית 00IAR,מייבלין Maybelline,IL,קונסילר ספוג 00,יחידה,1.00,יחידה,false,1,45.90,45.90,true,1,
3600531465247,false,מייבלין - קונסילר ספוגית 07IAR,,IL,קונסילר 07,יחידה,1.00,יחידה,false,1,45.90,45.90,true,1,
3600531469412,false,מייבלין - שפתון ס.סטיי אינק 70,מייבלין,IL,שפתון מאט אינק 7,יחידה,1.00,יחידה,false,1,43.90,43.90,true,1,
3600531469436,false,מייבלין - שפתון ס.סטיי אינק 75,מייבלין,IL,שפתון מאט אינק 7,יחידה,1.00,יחידה,false,1,43.90,43.90,true,1,
3600531469481,false,מייבלין - שפתון ס.סטיי אינק 80,מייבלין,IL,שפתון מאט אינק 8,יחידה,1.00,יחידה,false,1,43.90,43.90,true,1,
3600531469498,false,מייבלין - שפתון ס.סטיי אינק 65,מייבלין,IL,שפתון מאט אינק 6,יחידה,1.00,יחידה,false,1,43.90,43.90,true,1,
3600531511630,false,שמן משמש לטיפוח הציפורן,לוריאל,IL,שמן לטיפוח הציפו,יחידה,1.00,יחידה,false,1,62.90,62.90,true,1,
3600531511685,false,נייל קר טופ גל סטאר יח',לוריאל,IL,נייל קר טופ גל ס,יחידה,1.00,יחידה,false,1,62.90,62.90,true,1,
3600531512743,false,אססי - טיפול מחזק,לוריאל,IL,נייל קר מחזק,יחידה,1.00,יחידה,false,1,62.90,62.90,true,1,
3600531513382,false,מייבלין - שפתון ס.סטיי אינק 120,לוריאל,IL,שפתון מאט אינק 1,יחידה,1.00,יחידה,false,1,43.90,43.90,true,1,
3600531513429,false,מייבלין - שפתון ס.סטיי אינק 125,לוריאל,FR,שפתון מאט אינק 1,יחידה,1.00,יחידה,false,1,43.90,43.90,true,1,
3600531513443,false,מייבלין - שפתון ס.סטיי אינק 135,לוריאל,IL,שפתון מאט אינק 1,יחידה,1.00,יחידה,false,1,43.90,43.90,true,1,
3600531537289,false,מייבלין - סומק פיט מי 40,,IL,סומק פיטמי 40,יחידה,1.00,יחידה,false,1,35.00,35.00,true,1,
3600531591359,false,מייבלין - סומק צ'יק היט 20,,CN,סומק צ'יק היט 20,מיליליטרים,10.00,"100 מ""ל",false,1,42.00,420.00,true,1,
3600531605650,false,מייבלין - שפתון ס.סטיי אינק 165,מייבלין,IL,שפתון מאט אינק,יחידה,1.00,יחידה,false,1,43.90,43.90,true,1,
3600531605674,false,מייבלין - שפתון ס.סטיי אינק 175,מייבלין,IL,שפתון מאט אינק,יחידה,1.00,יחידה,false,1,43.90,43.90,true,1,
3600531605681,false,מייבלין - שפתון ס.סטיי אינק 180,מייבלין,IL,שפתון מאט אינק,יחידה,1.00,יחידה,false,1,43.90,43.90,true,1,
3600531609771,false,מייבלין - שפתון ליפטר גלוס 03,,FR,שפתון ליפטר גלוס,יחידה,1.00,יחידה,false,1,40.00,40.00,true,1,
3600531629106,false,מייבלין - מסקרה לאש ליפט אקסטרה בלק,,IT,מסקרה לאש ל,יחידה,1.00,יחידה,false,1,40.00,40.00,true,1,
3600531631062,false,מייבלין - שפתון ס.סטיי אינק ספייס 320,,FR,מאט אינק ספייס 3,יחידה,1.00,יחידה,false,1,43.90,43.90,true,1,
3600531631161,false,מייבלין - שפתון ס.סטיי אינק ספייס 330,,FR,מאט אינק ספייס 3,יחידה,1.00,יחידה,false,1,43.90,43.90,true,1,
3600531631383,false,מייבלין - פריימר פיט מי מאט,,FR,פריימר פיט מי מא,יחידה,1.00,יחידה,false,1,40.00,40.00,true,1,
3600531631390,false,מייבלין - פריימר פיט מי לומינס,,FR,מייב פריימר פיט,יחידה,1.00,יחידה,false,1,40.00,40.00,true,1,
3600531632359,false,מייבלין - מייקאפ סופרסטיי 30שעות 05,מייבלין,FR,מייק אפ סופרסטיי,מיליליטרים,30.00,"100 מ""ל",false,1,55.00,183.33,true,1,
3600531632403,false,מייבלין - מייקאפ סופרסטיי 30שעות 20,מייבלין,FR,מייק אפ סופרסטיי,מיליליטרים,30.00,"100 מ""ל",false,1,55.00,183.33,true,1,
3600531632410,false,מייבלין - מייקאפ סופרסטיי 30שעות 21,מייבלין,FR,מייק אפ סופרסטיי,מיליליטרים,30.00,"100 מ""ל",false,1,55.00,183.33,true,1,
3600531632588,false,מייבלין - מייקאפ סופרסטיי 30שעות 48,מייבלין,FR,מייק אפ סופרסטיי,מיליליטרים,30.00,"100 מ""ל",false,1,55.00,183.33,true,1,
3600531639600,false,מייבלין - מייק אפ 4 ב1 לייט מדיום,,IT,מייק אפ 4 ב1 ליי,מיליליטרים,30.00,"100 מ""ל",false,1,45.00,150.00,true,1,
3600541029323,false,גרנייה אסנשיאל מסיר איפור 2 ב- 1,SOPROCOS סופרוקוס,FR,ESSENTIALS מסיר,מיליליטרים,200.00,"100 מ""ל",false,0,19.90,9.95,true,1,
3600541253667,false,"גרנייה - דאודורנט ספריי לאישה אינביזיבל BWC (ורוד) 150 מ""ל","לוריאל ישראל בע""מ",FR,דאו.גרנייה,מיליליטרים,150.00,"100 מ""ל",false,0,11.90,7.94,true,1,
3600541382930,false,גרנייה - מים מיסלרים לכל סוגי העור,"קוסמופול, פולין",PL,מים מיסלריים,מיליליטרים,400.00,"100 מ""ל",false,0,35.00,8.75,true,1,
3600541402270,false,"גרנייה - דאודורנט ספריי לאישה אינביזיבל BWC (ירוק) 150 מ""ל","לוריאל ישראל בע""מ",FR,דאו.גרנייה,מיליליטרים,150.00,"100 מ""ל",false,0,11.90,7.94,true,1,
3600541448476,false,גרנייה דאו רול-און אינבזיבל קונטרול,"לוריאל ישראל בע""מ",FR,דאודורנט גרנייה,מיליליטרים,50.00,"100 מ""ל",false,1,11.90,23.80,true,1,
3600541740006,false,"גרנייה דאודורנט ספריי אקשן קונטרול 150 מ""ל","לוריאל ישראל בע""מ",FR,דאו.גרנייה,מיליליטרים,150.00,"100 מ""ל",false,1,11.90,7.94,true,1,
3600541928275,false,מי פנים מיסלריים דו-פאזיים מסיר איפור עמיד במים,"קוסמופול, פולין",PL,מים מיסלריים דו,מיליליטרים,400.00,"100 מ""ל",false,1,35.00,8.75,true,1,
3600541937475,false,גרניה פיור גרגרים מסיכה לעור מעורב עד שמן,לוריאל,FR,גרנייה פיור ניקו,מיליליטרים,150.00,"100 מ""ל",false,1,29.90,19.93,true,1,
3600541940574,false,"גרנייה מים מיסלרים 700 מ""ל",קוסמופול,PL,מים מיסלריים,מיליליטרים,700.00,"100 מ""ל",false,0,45.00,6.43,true,1,
3600541952720,false,ג'ל גרגירים עם פחם פעיל לטיפול בראשים שחורים,גרנייה Garnier,FR,PURE פחם ג'ל,מיליליטרים,150.00,"100 מ""ל",false,1,29.90,19.93,true,1,
3600541956223,false,"גרנייה פיור לניקוי וטיפול בסימנים ופגעי עם מברשת 150 מ""ל","קרלסרו, גרמניה",DE,ג'ל ניקוי עמוק,מיליליטרים,150.00,"100 מ""ל",false,1,29.90,19.93,true,1,
3600542052788,false,גרנייה בוטניקל חלב פנים ורדים 200 מל,קוסמופול,DE,חלב פנים ורדים,מיליליטרים,200.00,"100 מ""ל",false,1,25.00,12.50,true,1,
3600542097239,false,גרנייה - מסכת טישו פחם תה שחור,ביוטיקוס אינטרנשיונאל,CN,מסכת טישו פחם,יחידה,1.00,יחידה,false,1,14.90,14.90,true,1,
3600542216623,false,"גרנייה - דאודורנט רול און לאישה אקשן קונטרול רול 96 שעות 50 מ""ל",סופרוקוס,PL,דאודורנט גרנייה,מיליליטרים,50.00,"100 מ""ל",false,1,11.90,23.80,true,1,
3600542216647,false,"גרנייה - דאודורנט ספריי לאישה 96 שעות אקשן קונטר 150 מ""ל",לוריאל,FR,דאו.ספריי גרנייה,מיליליטרים,150.00,"100 מ""ל",false,1,11.90,7.94,true,1,
3600542232036,false,גרניה סקין נט אלו גל אלוורה ללחות 50 מל,לוריאל,DE,סקין נט אלו ג'ל,מיליליטרים,50.00,"100 מ""ל",false,1,47.90,95.80,true,1,
3600542245340,false,גרנייה - אוליה מיני קיט 1 שחור עמוק,לוריאל,PL,צבעי שיער אוליה,יחידה,1.00,יחידה,false,1,24.90,24.90,true,1,
3600542245395,false,גרנייה - אוליה מיני קיט 3 חום שחור,לוריאל,PL,צבע לשיער אוליה,יחידה,1.00,יחידה,false,1,24.90,24.90,true,1,
3600542245418,false,גרנייה - אוליה מיני קיט 4 חום כהה,לוריאל,PL,אוליה מיני 4 חום,יחידה,1.00,יחידה,false,1,24.90,24.90,true,1,
3600542245425,false,גרנייה - אוליה מיני קיט 4.15 חום שוקולד קרח,לוריאל,PL,אוליהמיני4.15חום,יחידה,1.00,יחידה,false,1,24.90,24.90,true,1,
3600542245456,false,גרנייה - אוליה מיני קיט 5.3 חום זהוב,לוריאל,PL,אוליה 5.3 חום זה,יחידה,1.00,יחידה,false,1,24.90,24.90,true,1,
3600542245524,false,גרנייה - אוליה מיני קיט 6.60 אדום אינטנסיבי,לוריאל,PL,צבע לשיער אוליה,יחידה,1.00,יחידה,false,1,24.90,24.90,true,1,
3600542245548,false,גרנייה - אוליה מיני קיט 7 בלונד כהה,לוריאל,PL,צבע לשיער אוליה,יחידה,1.00,יחידה,false,1,24.90,24.90,true,1,
3600542245623,false,גרנייה - אוליה מיני קיט 9 בלונד בהיר,לוריאל,PL,צבעי שיער אוליה,יחידה,1.00,יחידה,false,1,24.90,24.90,true,1,
3600542267953,false,גרנייה - פיור אקטיב מים מיסלריים 400,גרנייה-קוסמטיקה,PL,פיור מי מיסלר,מיליליטרים,400.00,"100 מ""ל",false,1,35.00,8.75,true,1,
3600542310444,false,"גרנייה - דאודורנט ספריי לאישה מגנזיום 150 מ""ל",סופרוקוס,PL,גרניה דאו ספרי,מיליליטרים,150.00,"100 מ""ל",false,1,11.90,7.94,true,1,
3600542328647,false,גרניה סקין נט קרם גל אלוורה 50 מל,לוריאל,PL,קרם ג'ל אלוורה,יחידה,1.00,יחידה,false,0,47.90,47.90,true,1,
3600542365758,false,גרניה בוטניקל מי פנים ענבים 200 מל,"קוסמופול, פולין",DE,מי פנים ענבים,מיליליטרים,200.00,"100 מ""ל",false,1,24.90,12.45,true,1,
3600542365796,false,גרניה בוטניקל גל ניקוי ענבים 200 מל,לוריאל,PL,בוטניקל ג'ל ניקו,מיליליטרים,200.00,"100 מ""ל",false,1,24.90,12.45,true,1,
3600542366113,false,גרניה בוטניקל קרם לחות ענבים 50 מל,לוריאל,DE,סקין נטורל קרם ע,מיליליטרים,50.00,"100 מ""ל",false,1,39.90,79.80,true,1,
3600542366151,false,גרנייה - קרם לחות בוטניקלס ורדים,לוריאל,DE,סקין נטורל קרם ל,מיליליטרים,50.00,"100 מ""ל",false,1,39.90,79.80,true,1,
3600542367936,false,גרניה סקין נט מי פנים אלוורה 200 מל,"קוסמופול, פולין",DE,מי פנים אלוורה,יחידה,1.00,יחידה,false,0,25.00,25.00,true,1,
3600542375801,false,גרניה פיור אקטיב 3ב1 פחם 150 מל,לוריאל,FR,פיור אקטיב 3 ב 1,מיליליטרים,150.00,"100 מ""ל",false,1,29.90,19.93,true,1,
3600542385091,false,"גרנייה - דאודורנט רול און לאישה אקשן קונטרול 72 שעות 50 מ""ל",קוסמופול,PL,רול און גרנייה,מיליליטרים,50.00,"100 מ""ל",false,1,11.90,23.80,true,1,
3600542385107,false,"גרנייה - דאודורנט רול און לאישה אינביזיבל BWC (ירוק) 50 מ""ל",לוריאל ישראל קוסמטיקס בע,PL,דא.רול גרנייה,מיליליטרים,50.00,"100 מ""ל",false,1,11.90,23.80,true,1,
3600542385220,false,"גרנייה - דאודורנט רול און לאישה פרוטקשן 6 פלורל (סגול) 50 מ""ל",גרנייה Garnier,FR,רול און גרנייה,מיליליטרים,50.00,"100 מ""ל",false,1,11.90,23.80,true,1,
3600542385251,false,"גרנייה - דאודורנט רול און לאישה פרוטקשן 6 כותנה (ורוד) 50 מ""ל",גרנייה Garnier,FR,רול און גרנייה,מיליליטרים,50.00,"100 מ""ל",false,1,11.90,23.80,true,1,
3600542385268,false,גרניה דאו רול און אינביזיבל,לוריאל ישראל קוסמטיקס בע,PL,גרנייה רול און,מיליליטרים,50.00,"100 מ""ל",false,1,11.90,23.80,true,1,
3600542385275,false,"גרנייה - דאודורנט רול און לאישה פיור אקטיב 50 מ""ל",גרנייה Garnier,FR,רול און גרנייה,מיליליטרים,50.00,"100 מ""ל",false,1,11.90,23.80,true,1,
3600542385329,false,גרניה טישו מסק מסכת תה ירוק לעור רגיל,לוריאל,CN,טישו מסק תה ירוק,יחידה,1.00,יחידה,false,1,14.90,14.90,true,1,
3600542385626,false,גרנייה - מסכת טישו עם אלוורה וחומצה הילאורונית,לוריאל,CN,גרנייה טישו ואלו,גרמים,32.00,100 גרם,false,1,14.90,46.56,true,1,
3600542397926,false,גרניה דאו ספריי 6 פרוטקשן כותנה,"קוסמופול, פולין",FR,ספריי גרניה,מיליליטרים,150.00,"100 מ""ל",false,1,11.90,7.94,true,1,
3600542398206,false,גרניה סקין נט תרחיץ אלוורה 200 מל,"קוסמופול, פולין",DE,תרחיץ אלוורה,יחידה,1.00,יחידה,false,0,25.00,25.00,true,1,
3600542412773,false,גרניה פיור אקטיב פיל אוף פחם מסכה 50 מל,סופרוריאל אולניי,FR,גרנייה פיור פיל,מיליליטרים,50.00,"100 מ""ל",false,1,29.90,59.80,true,1,
3600542413626,false,גרנייה - מסכת טישו דובדבן שפתיים,לוריאל,CN,מסכת טישו דובדבן,יחידה,1.00,יחידה,false,1,12.90,12.90,true,1,
3600542416405,false,גרניה סקין נטורלס קרם לחות BB גוון מדיום,לוריאל,FR,BB מדיוםקרם לחות,מיליליטרים,50.00,"100 מ""ל",false,1,60.00,120.00,true,1,
3600542416436,false,גרניה סקין נטורלס קרם לחות BB גוון בהיר,לוריאל,FR,קרם לחות,מיליליטרים,50.00,"100 מ""ל",false,1,61.90,123.80,true,1,
3600542421621,false,גרניה פרוקטיס מסכה לשיער בננה 390 מל,"אינטרביוטי קוסמטיק בע""\מ",IL,פרוקטיס היירפוד,מיליליטרים,390.00,"100 מ""ל",false,1,34.90,8.95,true,1,
3600542421638,false,"גרנייה - פרוקטיס היירפוד שמפו מקדמיה 350 מ""ל","אינטרביוטי קוסמטיק בע""\מ",IL,פרוקטיס היירפוד,מיליליטרים,350.00,"100 מ""ל",false,1,14.90,4.26,true,1,
3600542421645,false,"גרנייה - פרוקטיס היירפוד מרכך מקדמיה 350 מ""ל","אינטרביוטי קוסמטיק בע""\מ",IL,פרוקטיס היירפוד,מיליליטרים,350.00,"100 מ""ל",false,1,14.90,4.26,true,1,
3600542421669,false,"גרנייה - פרוקטיס היירפוד מרכך פפאיה 350 מ""ל","אינטרביוטי קוסמטיק בע""\מ",IL,פרוקטיס היירפוד,מיליליטרים,350.00,"100 מ""ל",false,1,14.90,4.26,true,1,
3600542421676,false,"גרנייה - פרוקטיס היירפוד מרכך בננה 350 מ""ל","אינטרביוטי קוסמטיק בע""\מ",IL,פרוקטיס היירפוד,מיליליטרים,350.00,"100 מ""ל",false,1,14.90,4.26,true,1,
3600542421683,false,"גרנייה - פרוקטיס היירפוד שמפו בננה 350 מ""ל","אינטרביוטי קוסמטיק בע""\מ",IL,פרוקטיס היירפוד,מיליליטרים,350.00,"100 מ""ל",false,1,14.90,4.26,true,1,
3600542421706,false,"גרנייה - פרוקטיס היירפוד שמפו פפאיה 350 מ""ל","אינטרביוטי קוסמטיק בע""\מ",IL,פרוקטיס היירפוד,מיליליטרים,350.00,"100 מ""ל",false,1,14.90,4.26,true,1,
3600542431828,false,גרנייה - קולור נטורלס 1 שחור טבעי חדש,לוריאל ישראל קוסמטיקס בע,PL,קולור נטורלס 1,יחידה,1.00,יחידה,false,1,22.90,22.90,true,1,
3600542431835,false,גרנייה - קולור נטורלס 3 חום כהה מאוד חדש,לוריאל ישראל קוסמטיקס בע,PL,קולור נטורלס 3,יחידה,1.00,יחידה,false,1,22.90,22.90,true,1,
3600542431842,false,גרנייה - קולור נטורלס 4 חום כהה טבעי חדש,לוריאל ישראל קוסמטיקס בע,PL,קולור נטורלס 4,יחידה,1.00,יחידה,false,1,22.90,22.90,true,1,
3600542431859,false,גרנייה - קולור נטורלס 5 חום טבעי חדש,לוריאל ישראל קוסמטיקס בע,PL,צבע שיער קולור,יחידה,1.00,יחידה,false,1,22.90,22.90,true,1,
3600542431866,false,גרנייה קולור נטורלס צבע לשיער חום בהיר 6,גרנייה Garnier,PL,קולור נטורלס 6,יחידה,1.00,יחידה,false,1,22.90,22.90,true,1,
3600542431880,false,גרנייה - קולור נטורלס 8 בלונד בהיר חדש,לוריאל ישראל קוסמטיקס בע,PL,קולור נטורלס 8,יחידה,1.00,יחידה,false,1,22.90,22.90,true,1,
3600542431903,false,גרנייה - קולור נטורלס 10 בלונד סופר בהיר חדש,לוריאל ישראל קוסמטיקס בע,PL,צבע לשיער קולו,יחידה,1.00,יחידה,false,1,22.90,22.90,true,1,
3600542431910,false,גרנייה - קולור נטורלס 2.1 שחור כחול חדש,לוריאל ישראל קוסמטיקס בע,PL,קולור נטורלס 2.1,יחידה,1.00,יחידה,false,1,22.90,22.90,true,1,
3600542431934,false,גרנייה - קולור נטורלס 6.25 חום אגוז חדש,לוריאל ישראל קוסמטיקס בע,PL,קולור נטורלס6.25,יחידה,1.00,יחידה,false,1,22.90,22.90,true,1,
3600542431958,false,גרנייה - קולור נטורלס 7.3 בלונד זהוב חדש,לוריאל ישראל קוסמטיקס בע,PL,קולור נטורלס 7.3,יחידה,1.00,יחידה,false,1,22.90,22.90,true,1,
3600542431965,false,גרנייה - קולור נטורלס 5.52 חום דבש חדש,משווק ויבואןn\:לוריאל יש,PL,קולור נטורלס5.52,יחידה,1.00,יחידה,false,1,22.90,22.90,true,1,
3600542431972,false,צבע לשיער קולור נטורלס - 111 בלונד אולטרה בהיר אפור,לוריאל ישראל קוסמטיקס בע,PL,קולור נטורלס 111,יחידה,1.00,יחידה,false,1,22.90,22.90,true,1,
3600542431989,false,גרנייה - קולור נטורלס 6.34 חום שוקולד חדש,לוריאל ישראל קוסמטיקס בע,PL,קולור נטורלס6.34,יחידה,1.00,יחידה,false,1,22.90,22.90,true,1,
3600542431996,false,גרנייה - קולור נטורלס 5.15 חום שוקולד עשיר חדש,יבואן ומשווק: n\לוריאל י,PL,צבע שיער קולור,יחידה,1.00,יחידה,false,1,22.90,22.90,true,1,
3600542432009,false,גרנייה - קולור נטורלס 4.5 חום שוקולד כהה חדש,לוריאל ישראל קוסמטיקס בע,PL,קולור נטורלס 4.5,יחידה,1.00,יחידה,false,1,22.90,22.90,true,1,
3600542432023,false,גרנייה - קולור נטורלס 2 שחור מעודן חדש,קוסמופול,PL,קולור נטורלס 2,יחידה,1.00,יחידה,false,1,22.90,22.90,true,1,
3600542432054,false,גרנייה - קולור נטורלס 9.1 בלונד בהיר מאוד א חדש,קוסמופול,PL,קולור נטורלס9.1,יחידה,1.00,יחידה,false,1,22.90,22.90,true,1,
3600542432061,false,גרנייה - קולור נטורלס 7.1 בלונד טבעי אפרפר חדש,קוסמופול,PL,קולור נטורלס 7.1,יחידה,1.00,יחידה,false,1,22.90,22.90,true,1,
3600542432085,false,גרנייה - קולור נטורלס 4.12 חום קרח חדש,לוריאל ישראל קוסמטיקס בע,PL,קולור נטורלס4.12,יחידה,1.00,יחידה,false,1,22.90,22.90,true,1,
3600542432962,false,"גרנייה - סרום לפנים אלוורה 30 מ""ל",לוריאל,DE,גרנייה סרום אלוו,מיליליטרים,30.00,"100 מ""ל",false,1,49.90,166.33,true,1,
3600542433266,false,גרנייה - סרום לפנים ויטמין C סקין אקטיב,לוריאל,DE,גרנייה סרום ויטמ,מיליליטרים,30.00,"100 מ""ל",false,1,49.90,166.33,true,1,
3605521034014,false,דיזל אונלי דה ברוי 125 מל,דיזל,FR,BRAVE THE ONLY,מיליליטרים,125.00,"100 מ""ל",false,1,199.00,159.20,true,1,
3605521534200,false,דיזל אונלי דה בר.טטו ג125,דיזל,FR,Brave The Only,מיליליטרים,125.00,"100 מ""ל",false,1,199.00,159.20,true,1,
3605521816658,false,"סי SI אדפ לאישה 100 מ""ל - ג'ורג'יו ארמני",לנקום בישום,FR,si Armani לאשה,מיליליטרים,100.00,"100 מ""ל",false,1,359.00,359.00,true,1,
3605522040588,false,ארמני סטרונגר ג.אדט 100,אינטרביוטי-בישו,FR,u With Stronger,מיליליטרים,100.00,"100 מ""ל",false,0,298.00,298.00,true,1,
3605530742580,false,לנקום קלרטה גלטאיס 400 מל,לנקום,IL,GALATEIS תחליב,מיליליטרים,400.00,"100 מ""ל",false,0,238.00,59.50,true,1,
3605530742702,false,לנקום קלרטה גלטאיס 200 מל,לנקום,IL,לנק.גאלאטיס קלרט,יחידה,1.00,יחידה,false,1,159.00,159.00,true,1,
3605530931663,false,לנקום בוקאז רול און 50 מל,לוריאל,IL,BOCAGE דאודורנט,מיליליטרים,50.00,"100 מ""ל",false,0,100.00,200.00,true,1,
3605531812213,false,DRAMA HYPNOSE מסקרה 01,לנקום,IL,מסקרה היפנוז,יחידה,1.00,יחידה,false,0,129.00,129.00,true,1,
3605532532950,false,לנקום הידרזן ניורוקאלם קרם יום,לנקום,IL,קרם יום הידרה זן,יחידה,1.00,יחידה,false,0,279.00,279.00,true,1,
3605532612836,false,"לנקום לה וי אה בל 75 מ""ל א.ד.פ",לנקום בישום,FR,belle est vie La,מיליליטרים,75.00,"100 מ""ל",false,1,309.00,412.00,true,1,
3605533286555,false,"לה ויה בל אדפ לאישה 100 מ""ל - לנקום",לנקום בישום,IL,belle est vie La,מיליליטרים,100.00,"100 מ""ל",false,1,359.00,359.00,true,1,
3605533315347,false,טרז'ור לה נואי א.אדפ75,לנקום בישום,IL,Tresor NUIT LA,מיליליטרים,75.00,"100 מ""ל",false,0,319.00,425.33,true,1,
3605971512575,false,"Club Ralph's אדפ 100 מ""ל",,FR,Club Ralph's אדפ,מיליליטרים,100.00,"100 מ""ל",false,1,299.00,299.00,true,1,
3607345264356,false,"אדידס בודי ספריי לגבר דינמיק פולס, ללא אלומיניום, 150 מל",דנשר,PL,ספריי גוף אדידס,מיליליטרים,150.00,"100 מ""ל",false,0,16.90,11.26,true,1,
3607345264912,false,"אדידס בודי ספריי לגבר אייס דייב, ללא אלומיניום, 150 מל",אגריפק אס איי לגרדה,ES,ספריי גוף אדידס,מיליליטרים,150.00,"100 מ""ל",false,0,16.90,11.26,true,1,
3607345265117,false,"אדידס - דאודורנט ספריי לגבר טים פורס 150 מ""ל",מיוצר עי קונדיטוריית,ES,ספריי גוף אדידס,מיליליטרים,150.00,"100 מ""ל",false,0,16.90,11.26,true,1,
3607346232385,false,"קלואה קלאסי אדפ לאישה 75 מ""ל - קלואה",איניבידואל-שסטו,FR,Chloe א.ד.פ לאשה,מיליליטרים,75.00,"100 מ""ל",false,1,379.00,505.33,true,1,
3607347733508,false,"רוברטו קוואלי פרדיסו קלאסי – א.ד.פ 75 מ""ל",לילית בישום,GR,paradiso לאשה,מיליליטרים,75.00,"100 מ""ל",false,0,279.00,372.00,true,1,
3614223519576,false,FLORENCE א.ד.פ. לאישה,ש.שסטוביץ,IL,FLORENCE א.ד.פ.,מיליליטרים,50.00,"100 מ""ל",false,0,278.00,556.00,true,1,
3614223736485,false,אדידס דאודורנט ספריי לגבר אדיפיור- ללא מלחי אלומניום 200 מל,אדידס Adidas,PT,דאו.אדידס,מיליליטרים,200.00,"100 מ""ל",false,1,16.90,8.45,true,1,
3614224199340,false,"קלואה אבסולו א.ד.פ 75 מ""",רוק בישום,IL,קלואה אבסולו אדפ,מיליליטרים,75.00,"100 מ""ל",false,0,565.00,753.33,true,1,
3614225296536,false,"הוגו בוס רוורסד א.ד.ט 125 מ""ל Hugo Boss Hugo Reversed",הוגו בוס,FR,REVERSED א.ד.ט ל,מיליליטרים,125.00,"100 מ""ל",false,1,278.00,222.40,true,1,
3614225356933,false,"קלווין קליין אדפ 50מ""ל",קלווין קליין,FR,קלווין קליין אדפ,מיליליטרים,50.00,"100 מ""ל",false,1,209.00,418.00,true,1,
3614226754196,false,"וולה פלקס ספריי לנפח והגנה וולה דלוקס 75 מ""ל","אינטרספריי, צרפת",FR,ספריי לנפח והגנה,מיליליטרים,75.00,"100 מ""ל",false,1,16.90,22.53,true,1,
3614226761651,false,תרסיס קולסטון רוט טאצ' אפ בלונד בהיר - כהה,וולה Wella,FR,קולסטון ספריי,מיליליטרים,75.00,"100 מ""ל",false,1,39.90,53.20,true,1,
3614228838016,false,ברברי הירו לגבר אדפ 100מ,קוטי,ES,ברברי הירו לגבר,מיליליטרים,100.00,"100 מ""ל",false,1,429.00,429.00,true,1,
3614228865760,false,סופט קולור 71 בלונד אפרפר,"HFC פרסטיג,'\ שטיינברג,",DE,וולה סופט קולור,יחידה,1.00,יחידה,false,1,34.90,34.90,true,1,
3614228865784,false,סופט קולור 70 בלונד טבעי,"HFC פרסטיג,'\ שטיינברג,",DE,וולה סופט קולור,יחידה,1.00,יחידה,false,1,34.90,34.90,true,1,
3614228865869,false,סופט קולור 30 חום כהה,"HFC פרסטיג,'\ שטיינברג,",DE,וולה סופט קולור,יחידה,1.00,יחידה,false,1,34.90,34.90,true,1,
3614228972840,false,קלואה סיגנצ'ר לאו 100מל,,FR,קלואה סיגנצ'ר לא,מיליליטרים,100.00,"100 מ""ל",false,1,379.00,379.00,true,1,
3614229382327,false,קרם HAND&BODY ALIVE 75,,FR,קרם HAND &ALIVE,מיליליטרים,75.00,"100 מ""ל",false,1,29.90,39.87,true,1,
3614271430281,false,ULTRA IDOLE TEINT 03,לנקום,FR,מייק אפ 03,מיליליטרים,30.00,"100 מ""ל",false,1,129.00,430.00,true,1,
3614271430335,false,טיינט איידול אולטרה 045,לנקום,FR,טיינט איידול 045,מיליליטרים,30.00,"100 מ""ל",false,1,129.00,430.00,true,1,
3614272050358,false,"וואי Y אדפ לגבר 100 מ""ל - איב סאן לורן",איב סן לורן,FR,Y א.ד.פ לגבר,מיליליטרים,100.00,"100 מ""ל",false,1,429.00,429.00,true,1,
3614272085282,false,סי פסיוני אדפ 15 מל 15 מ,,FR,סי פסיוני אדפ 15,מיליליטרים,15.00,"100 מ""ל",false,1,19.90,132.67,true,1,
3614272161832,false,XL BOOSTER CILS מסקרה,לנקום,FR,פריימר לריסים,יחידה,1.00,יחידה,false,1,159.00,159.00,true,1,
3614272225718,false,"סטרונגר וויט יו 100 מ""ל אדפ גבר -ארמני",לנקום בישום,FR,YOU אדפ,מיליליטרים,100.00,"100 מ""ל",false,1,299.00,299.00,true,1,
3614272629387,false,בושם לאישה 75 מ''ל Lancome Idole או דה פרפיום‏ E.D.P,לנקום,FR,IDOLE א.ד.פ לאשה,מיליליטרים,75.00,"100 מ""ל",false,1,329.00,438.67,true,1,
3614272648401,false,"ליברה אדפ 30 מ""ל",,FR,ליברה אדפ,מיליליטרים,30.00,"100 מ""ל",false,1,149.00,496.67,true,1,
3614272648425,false,"ליברה אדפ לאישה 90 מ""ל - איב סאן לורן",,FR,בושם לאשה Libre,מיליליטרים,90.00,"100 מ""ל",false,1,419.00,465.56,true,1,
3614272664616,false,לנקום רנרגי מולטי ליפט אולטרה קרם יום 50,לוריאל,FR,RENERGIE קרם יום,מיליליטרים,50.00,"100 מ""ל",false,1,399.00,798.00,true,1,
3614272761445,false,ROMA IN BORN אדפ אשה100מ,,FR,r In Born Donna,מיליליטרים,50.00,"100 מ""ל",false,1,499.00,998.00,true,1,
3614272761469,false,ולנטינו בורן אין רומא אדט 100 מל לגבר,,FR,Roma In Born,מיליליטרים,100.00,"100 מ""ל",false,1,450.00,450.00,true,1,
3614272761766,false,להנוט טרזור ניוד אדט100מ,,IL,לה נוט טרזור ניו,מיליליטרים,100.00,"100 מ""ל",false,1,319.00,319.00,true,1,
3614272826571,false,"PASSIONE SI אדפ 100 מ""ל",,FR,PASS SI אדפ,מיליליטרים,100.00,"100 מ""ל",false,1,399.00,399.00,true,1,
3614272827929,false,טיינט מייק .אפ סטיק025,,FR,טיינט מייק אפ סט,יחידה,1.00,יחידה,false,1,179.00,179.00,true,1,
3614272828056,false,טיינט מייק אפ סטיק0483,,FR,טיינט מייק אפ סט,יחידה,1.00,יחידה,false,1,179.00,179.00,true,1,
3614272860377,false,לנקום רנרגי H.C.F. טריפל סרום 50 מל,לוריאל,FR,רנרג'י טריפל סרו,מיליליטרים,50.00,"100 מ""ל",false,1,399.00,798.00,true,1,
3614273066365,false,לאש אידול מסקרה יח',,FR,לאש אידול מסקרה,יחידה,1.00,יחידה,false,1,159.00,159.00,true,1,
3614273069175,false,לנקום אידול אדפ 100 מל לאשה,,IL,אידול א.ד.פ,מיליליטרים,100.00,"100 מ""ל",false,1,389.00,389.00,true,1,
3614273074544,false,"קונסילר over all 13 מ""ל",,FR,קונסילר over all,מיליליטרים,13.00,"100 מ""ל",false,1,189.00,1453.85,true,1,
3614273128971,false,"MAD Y א.ד.פ לגבר 200 מ""ל",,FR,MAD Y א.ד.פ,מיליליטרים,200.00,"100 מ""ל",false,1,599.00,299.50,true,1,
3614273258180,false,בלק אופיום אקסטרים אדפ 90 מל לאשה,,FR,בלאק אופיום א.ד.,מיליליטרים,90.00,"100 מ""ל",false,1,409.00,454.44,true,1,
3614273261401,false,DONNA YELLOW אדפ אשה100מ,,FR,DONNA YELLOW אדפ,מיליליטרים,100.00,"100 מ""ל",false,1,499.00,499.00,true,1,
3614273307277,false,שפתון אבסולו רוג' קרם 07,לנקום,FR,אבסולו רוג' קרם,יחידה,1.00,יחידה,false,0,159.00,159.00,true,1,
3614273318105,false,איב סאן לורן Y לה פרפום 100 מל,,FR,בושם לגבר Y לה פ,מיליליטרים,100.00,"100 מ""ל",false,1,439.00,439.00,true,1,
3614273321891,false,איב סאן לורן ליברה אדט 90 מל לאשה,,FR,ליברה א.ד.ט,מיליליטרים,90.00,"100 מ""ל",false,1,379.00,421.11,true,1,
3614273346498,false,לנקום אבסולו סרום לפנים 30 מל,לוריאל,FR,סרום פנים אבסולו,מיליליטרים,30.00,"100 מ""ל",false,1,1160.00,3866.67,true,1,
3614273347839,false,מיי וואיי אינטנס אדפ90מל,,FR,מיי וואיי אינטנס,מיליליטרים,90.00,"100 מ""ל",false,1,379.00,421.11,true,1,
3614273348386,false,לאש אידול מסקרה,לנקום,FR,לאש אידול מסקרה,יחידה,1.00,יחידה,false,1,159.00,159.00,true,1,
3614273436366,false,לה סטילו אייליינר 02 יח',,FR,לה סטילו אייליינ,יחידה,1.00,יחידה,false,1,149.00,149.00,true,1,
3614273436373,false,לה סטילו אייליינר 03 יח',,FR,לה סטילו אייליינ,יחידה,1.00,יחידה,false,1,149.00,149.00,true,1,
3614273544962,false,לונה רוסה ספורט אדט 100מ,,FR,לונה רוסה ספורט,מיליליטרים,100.00,"100 מ""ל",false,1,329.00,329.00,true,1,
3614273556620,false,"פראדה לונה רוסה אושן אדט 100 מ""ל",,FR,Ocean LunaRossa,מיליליטרים,100.00,"100 מ""ל",false,1,349.00,349.00,true,1,
3614273560405,false,מוגלר אליין גודס אדפ 90 מל לאשה,,FR,GODDESS ALIEN אד,מיליליטרים,90.00,"100 מ""ל",false,1,459.00,510.00,true,1,
3614273668743,false,"הום א.ד.פ אינטנס 100 מ""ל",,FR,הום א.ד.פ אינטנס,מיליליטרים,100.00,"100 מ""ל",false,1,349.00,349.00,true,1,
3614273749459,false,איידול נקטר אדפ לאשה50מ,לנקום,FR,איידול נקטר אדפ,מיליליטרים,50.00,"100 מ""ל",false,1,259.00,518.00,true,1,
3614273760164,false,"פרדוקס א.ד.פ אישה 90מ""ל",לנקום בישום,FR,פרדוקס א.ד.פ איש,מיליליטרים,90.00,"100 מ""ל",false,1,499.00,554.44,true,1,
3614273776127,false,ליברה לה פארפם אדפ 90מל,א.ס.ל-בישום,FR,ליברה לה פארפם,מיליליטרים,90.00,"100 מ""ל",false,1,450.00,500.00,true,1,
3614273882477,false,לנקום גניפיק מארז טיפוח סרום 50 מל,לוריאל,FR,מארז סרום ג'ניפי,יחידה,1.00,יחידה,false,1,479.00,479.00,true,1,
3614273882569,false,מארז מסקרה היפנוז דרמה,לנקום,FR,מארז היפנוז דרמה,יחידה,1.00,יחידה,false,1,159.00,159.00,true,1,
3616302015580,false,"Ckfree א.ד.ט לגבר 100מ""ל",,GR,Ckfree אדט לגבר,מיליליטרים,100.00,"100 מ""ל",false,1,99.00,99.00,true,1,
3616303428440,false,הוגו בוס בוטלד מארז,קוטי HFC,ES,מארז הוגו בוס בו,יחידה,1.00,יחידה,false,1,389.00,389.00,true,1,
3616303455170,false,מארז אופוריה אדט לגבר,קוטי HFC,ES,מארז אופוריה אדט,יחידה,1.00,יחידה,false,1,225.00,225.00,true,1,
3616303455224,false,מארז אופוריה אדפ לאשה,קוטי HFC,ES,מארז אופוריה אדפ,יחידה,1.00,יחידה,false,1,339.00,339.00,true,1,
3661163904016,false,"נאוטיקה קלאסיק (ג)אדט 100 מ""ל",סופטאץ בישום,IL,נאוטיקה קלאסיק,מיליליטרים,100.00,"100 מ""ל",false,0,79.00,79.00,true,1,
3661163991146,false,"אדידס - דאודורנט ספריי לאישה קול אנד קר פרש 150 מ""ל",מיוצר עי קונדיטוריית,PT,דאודורנט אדידס,מיליליטרים,150.00,"100 מ""ל",false,0,16.90,11.27,true,1,
3661163991580,false,"אדידס - דאודורנט ספריי לאישה קול אנד קר 6 ב-1 150 מ""ל",מיוצר עי קונדיטוריית,PT,דאודורנט אדידס,מיליליטרים,150.00,"100 מ""ל",false,0,16.90,11.27,true,1,
3700066713636,false,"ג'נטל ELSATYS(ג) אדפ 100מ""ל",,FR,ג'נטל אדפ,מיליליטרים,100.00,"100 מ""ל",false,1,79.00,79.00,true,1,
3760022730251,false,MMM גולייט האז גאן 100 מ,,IL,גולייט האז גאן M,מיליליטרים,100.00,"100 מ""ל",false,1,429.00,429.00,true,1,
3838824127163,false,צבע לשיער פאלטה בלונד כסוף 1-10,שוורצקופף והנקל,SI,צבעי שיער פלטה,יחידה,1.00,יחידה,false,0,29.90,29.90,true,1,
3838824127200,false,פלטה סמי קיט 5-68 ערמונים בינוני,שוורצקופף והנקל,SI,צבע לשיער פלטה,יחידה,1.00,יחידה,false,0,29.90,29.90,true,1,
3838824127224,false,פלטה סמי קיט חום בינוני 4-0 צבע שיער,שוורצקופף והנקל,SI,צבעי שיער פלטה,יחידה,1.00,יחידה,false,0,29.90,29.90,true,1,
3838824127248,false,פלטה סמי קיט חום בהיר 5-0 צבע שיער,שוורצקופף והנקל,SI,צבעי שיער פלטה,יחידה,1.00,יחידה,false,0,29.90,29.90,true,1,
3838824127262,false,פלטה סמי קיט בלונד כהה 6-0 צבע שיער,שוורצקופף והנקל,SI,צבע לשיער פלטה,יחידה,1.00,יחידה,false,0,29.90,29.90,true,1,
3838824127286,false,צבע לשיער פלטה - 7-0 בלונד בינוני,שוורצקופף והנקל,SI,צבעי שיער פלטה,יחידה,1.00,יחידה,false,0,29.90,29.90,true,1,
3838824127309,false,פלטה סמי קיט בלונד בהיר 8-0 צבע שיער,שוורצקופף והנקל,SI,צבע לשיער פלטה,יחידה,1.00,יחידה,false,0,29.90,29.90,true,1,
3838824127361,false,פלטה סמי קיט ערמונים בינוני5-68 צבע שיער,שוורצקופף והנקל,SI,צבע לשיער פלטה,יחידה,1.00,יחידה,false,0,29.90,29.90,true,1,
3838824127507,false,פלטה סמי קיט חום קטיפתי 4-60 צבע שיער,שוורצקופף והנקל,SI,צבע לשיער פלטה,יחידה,1.00,יחידה,false,0,29.90,29.90,true,1,
3838824127583,false,צבע לשיער פלטה - 6-88 אדום בוער,שוורצקופף והנקל,SI,צבע לשיער פלטה,יחידה,1.00,יחידה,false,0,29.90,29.90,true,1,
3838824127644,false,צבע לשיער פלטה - 4-89 חציל זוהר,שוורצקופף והנקל,SI,צבע לשיער פלטה,יחידה,1.00,יחידה,false,0,29.90,29.90,true,1,
3838824129105,false,פאלטה - דלוקס שמני הזנה בלונד שמש 9-0,שוורצקוף Schwarzkopf,DE,צבע לשיער פלטה,יחידה,1.00,יחידה,false,0,38.90,38.90,true,1,
3838824193915,false,צבע לשיער פאלטה סמי קיט שחור 0-1,שוורצקופף והנקל,SI,צבע סמי קיט פלטה,יחידה,1.00,יחידה,false,0,29.90,29.90,true,1,
3838824193939,false,פאלטה - דלוקס שמני הזנה סגול אצילי 4-99,שוורצקוף Schwarzkopf,DE,צבע לשיער פלטה,יחידה,1.00,יחידה,false,0,38.90,38.90,true,1,
3838824240275,false,פלטה סמי קיט 8-0 בלונד בהיר,שוורצקופף והנקל,SI,צבע לשיער פלטה,יחידה,1.00,יחידה,false,0,29.90,29.90,true,1,
3838824276007,false,פלטה סמי קיט 9-0 בלונד בהיר מאוד,שוורצקופף והנקל,SI,צבע לשיער פלטה,יחידה,1.00,יחידה,false,0,29.90,29.90,true,1,
3838824327099,false,צבע שיער פאלטה סמי קיט 10-46 בלונד פודרה,הנקל סוד,DE,צבע סמי קיט פלטה,יחידה,1.00,יחידה,false,1,29.90,29.90,true,1,
3838824332130,false,צבע שיער פאלטה סמי קיט 3-68 מהגוני כהה,שוורצקופף והנקל,DE,צבע סמי קיט פלטה,יחידה,1.00,יחידה,false,1,29.90,29.90,true,1,
3838824332178,false,פאלטה ברוז' חום אדום יין 6-80 סמי קיט,שוורצקופף והנקל,DE,צבע סמי קיט פלטה,יחידה,1.00,יחידה,false,1,29.90,29.90,true,1,
3838824371146,false,גליס פילינג עדין לאיזון והזנת הקרקרפת150,הנקל שוורצקוף,TR,פילינג לקרקפת,מיליליטרים,150.00,"100 מ""ל",false,1,32.90,21.93,true,1,
3838824380827,false,צבעי שיער בלונד כהה אפרפר 6-1 סמי קיט פאלטה,שוורצקופף והנקל,DE,צבע לשיער פלטה,יחידה,1.00,יחידה,false,1,29.90,29.90,true,1,
3838824380902,false,צבעי שיער בלונד סופר בהיר 10-0 סמי קיט פאלטה,שוורצקופף והנקל,DE,צבע לשיער פלטה,יחידה,1.00,יחידה,false,1,29.90,29.90,true,1,
3838824380940,false,צבעי שיער בלונד בהיר אפרפר 8-1 סמי קיט פאלט,שוורצקופף והנקל,DE,צבע לשיער פלטה,יחידה,1.00,יחידה,false,1,29.90,29.90,true,1,
3838824380988,false,צבעי שיער בלונד כסוף אפרפר 12-21 סמי קיט פאלטה,שוורצקופף והנקל,DE,צבע לשיער פלטה,יחידה,1.00,יחידה,false,1,29.90,29.90,true,1,
4005808128631,false,ניוואה 500 גל רחצה לגבר תמציות ליים,ניוואה Nivea,DE,ניוואה גל רחצה,מיליליטרים,500.00,"100 מ""ל",false,0,17.90,3.58,true,1,
4005808366392,false,שפתון ליובש כחול קלאסי לבלו 48 גרם,טרופיקל דגיל תעשיות,IL,שפתון לבלו כחול,יחידה,1.00,יחידה,false,1,14.90,14.90,true,1,
4005808368280,false,שפתון ליובש דובדבן לבלו 48 גרם,טרופיקל דגיל תעשיות,DE,שפתון לבלו,יחידה,1.00,יחידה,false,1,14.90,14.90,true,1,
4005808571246,false,ניוואה מסיר איפור לעיניים דאבל אפקט,HELLAS BEIERSDORF,DE,מסיר איפור,מיליליטרים,125.00,"100 מ""ל",false,1,38.90,31.12,true,1,
4005808650002,false,שפתון לבלו כחול,ביירסדורץ,IL,שפתון לבלו,יחידה,1.00,יחידה,false,0,14.90,14.90,true,1,
4005808650712,false,לבלו שפתון לחות דובדבן,HELLAS BEIERSDORF,DE,לבלו דובדבן,יחידה,1.00,יחידה,false,0,14.90,14.90,true,1,
4005808650729,false,לבלו שפתון תות שדה,ביירסדורף,,לבלו תות שדה,יחידה,1.00,יחידה,false,0,14.90,14.90,true,1,
4005808702107,false,ניוואה תחליב גוף לעור יבש מאד 500 מל,בטר אנד דיפרנט,DE,ניוואה תחליב גוף,מיליליטרים,500.00,"100 מ""ל",false,1,22.90,4.58,true,1,
4005808801046,false,"קרם רב שימושי 150 מ""ל",HELLAS BEIERSDORF,DE,קרם רב שימושי,מיליליטרים,150.00,"100 מ""ל",false,1,15.00,10.00,true,1,
4005808812028,false,ניוואה קרם יום לעור רגיל,ביירסדורץ,DE,אסנשיאל קרם יום,מיליליטרים,50.00,"100 מ""ל",false,0,58.00,116.00,true,1,
4005808812875,false,"ניוואה קרם Q יום נגד קמטים 50 מ""ל",ביירסדורץ,PL,קרם ויסאז' Q10,מיליליטרים,50.00,"100 מ""ל",false,0,79.00,158.00,true,1,
4005808812882,false,"ניוואה ויסאז קרם עיניים Q 10, 15 מ""ל",ביירסדורץ,DE,קרם עיניים,מיליליטרים,15.00,"100 מ""ל",false,0,79.00,526.66,true,1,
4005808812899,false,"ניוואה ויזג Q 10 לילי קרם נג קמטים ללילה, 50 מ""ל",ניוואה Nivea,PL,קרם נגד קמטים,מיליליטרים,50.00,"100 מ""ל",false,0,79.00,158.00,true,1,
4005808813063,false,תחליב לחות לעור רגיש לאחר גילוח,בטר אנד דיפרנט,DE,ניוואה אפטר שייב,מיליליטרים,100.00,"100 מ""ל",false,0,49.90,49.90,true,1,
4005808817405,false,"ג'ל גילוח לעור רגיש ניוואה 200 מ""ל",פרוטרופיק סיה.,PL,ג'ל גילוח ניוואה,מיליליטרים,200.00,"100 מ""ל",false,0,16.90,8.45,true,1,
4005808817603,false,ג'ל גילוח עם אלוורה Protect & Care,ניוואה Nivea,DE,ג'ל גילוח ניוואה,מיליליטרים,200.00,"100 מ""ל",false,0,16.90,8.45,true,1,
4005808827770,false,ניוואה סלולר קרם יום 50 מל,ניוואה ויסאז',PL,CELLULAR קרם יום,מיליליטרים,50.00,"100 מ""ל",false,0,125.00,250.00,true,1,
4005808828838,false,"ניוואה - דאודורנט ספריי לגבר קול קיק 150 מ""ל",ניוואה Nivea,DE,דאודורנט אקווה,מיליליטרים,150.00,"100 מ""ל",false,0,14.90,9.94,true,1,
4005808837359,false,"ניוואה - דאודורנט רול און לאישה פרל אנד ביוטי 50 מ""ל",ביירסדורף AG,DE,דאודורנט ניוואה,מיליליטרים,50.00,"100 מ""ל",false,0,14.90,29.80,true,1,
4005808850723,false,לבלו שפתון תות בליסטר,טרופיקל דגיל תעשיות,DE,שפתון לבלו,יחידה,1.00,יחידה,false,0,14.90,14.90,true,1,
4005808890507,false,קרם ניוואה סופט צנצנת 200 מל,ניוואה Nivea,ES,קרם ניוואה סופט,מיליליטרים,200.00,"100 מ""ל",false,0,20.00,10.00,true,1,
4005808890576,false,"קרם ידיים סופט ניוואה 75 מ""ל",ניוואה Nivea,ES,קרם ידיים ניוואה,מיליליטרים,75.00,"100 מ""ל",false,0,19.90,26.53,true,1,
4005808908585,false,"ניוואה - דאודורנט ספריי לאישה פאודר טאץ 150 מ""ל",ביירסדורץ,DE,דאודורנט ניוואה,מיליליטרים,150.00,"100 מ""ל",false,0,14.90,9.94,true,1,
4005900036445,false,"ניוואה - דאודורנט רול און לאישה בלק&וויט פיור 50 מ""ל",ביירסדורץ,DE,דאודורנט ניוואה,מיליליטרים,50.00,"100 מ""ל",false,0,14.90,29.80,true,1,
4005900036476,false,"ניוואה - דאודורנט רול און לאישה בלק אנד וויט קליר 50 מ""ל",טרופיקל דגיל תעשיות,DE,דאודורנט ניוואה,מיליליטרים,50.00,"100 מ""ל",false,0,14.90,29.80,true,1,
4005900036483,false,"ניוואה - דאודורנט ספריי לגבר שקוף בלק וווי 150 מ""ל",בטר אנד דיפרנט,DE,דאודורנט ניוואה,מיליליטרים,150.00,"100 מ""ל",false,0,14.90,9.94,true,1,
4005900036506,false,"ניוואה - דאודורנט רול און לגבר שקוף בלק 50 מ""ל",טרופיקל דגיל תעשיות,DE,דאודורנט ניוואה,מיליליטרים,50.00,"100 מ""ל",false,0,14.90,29.80,true,1,
4005900036568,false,ניוואה דאודורנט רולאון ספריי לאישה בלק אנד וויט 150 מ''ל,ביירסדורף AG,DE,דאודורנט ניוואה,מיליליטרים,150.00,"100 מ""ל",false,0,14.90,9.94,true,1,
4005900037909,false,"ניוואה - דאודורנט ספריי לאישה אינויזיבל פיור 150 מ""ל",ביירסדורץ,DE,דאודורנט ניוואה,מיליליטרים,150.00,"100 מ""ל",false,0,14.90,9.94,true,1,
4005900273482,false,שפתון ליובש אוכמניות לבלו 48 גרם,HELLAS BEIERSDORF,DE,שפתון לבלו,יחידה,1.00,יחידה,false,1,14.90,14.90,true,1,
4005900420220,false,"גל רחצה ניוואה פיור אימפקט לגבר 500 מ""ל",ניואה,DE,ניוואה ג'ל רחצה,מיליליטרים,500.00,"100 מ""ל",false,1,17.90,3.58,true,1,
4005900488459,false,"ניוואה - דאודורנט רול און לאישה דריי פרש 50 מ""ל",ביירסדורף AG,DE,דאו.רול ניוואה,מיליליטרים,50.00,"100 מ""ל",false,1,14.90,29.80,true,1,
4005900494900,false,"ניוואה - דאודורנט ספריי לגבר דריי פרש 150 מ""ל",ניואה,DE,ניוואה דאו ספריי,מיליליטרים,150.00,"100 מ""ל",false,1,14.90,9.94,true,1,
4005900494924,false,"ניוואה - דאודורנט ספריי לאישה דריי פרש אישה 150 מ""ל",ביירסדורף,DE,דאודורנט ניוואה,מיליליטרים,150.00,"100 מ""ל",false,1,14.90,9.94,true,1,
4005900496331,false,מים מיסלריים אקספרט מים מיסלריים אקספרט,אלפא קוסמטיקה,DE,מים מיסלריים אקס,מיליליטרים,400.00,"100 מ""ל",false,1,29.90,7.48,true,1,
4005900513045,false,"ניוואה - דאודורנט ספריי לגבר דיפ 150 מ""ל",ביירסדורף,DE,ניוואה דאו ספריי,מיליליטרים,150.00,"100 מ""ל",false,1,14.90,9.94,true,1,
4005900513069,false,"ניוואה - דאודורנט רול און לגבר דיפ 50 מ""ל",ביירסדורף,DE,ניוואה רול און ל,מיליליטרים,50.00,"100 מ""ל",false,1,14.90,29.80,true,1,
4005900547316,false,"ניוואה - דאודורנט ספריי לאישה שקוף בלק וווי 150 מ""ל",בטר אנד דיפרנט,DE,דאודורנט ניוואה,מיליליטרים,150.00,"100 מ""ל",false,1,14.90,9.94,true,1,
4005900551412,false,לבלו שפתון לחות SPF30 להגנה מפני השמש,beiersdorf,DE,לבלו שפתון לחות,יחידה,1.00,יחידה,false,1,14.90,14.90,true,1,
4005900562029,false,ניוואה מים מיסלריים בתוספת מי ורדים,אלפא,TR,מים מיסלריים ורד,מיליליטרים,400.00,"100 מ""ל",false,1,29.90,7.48,true,1,
4005900639554,false,"ניוואה - דאודורנט רול און לאישה פרש נטורל לאישה ללא אלומיניום 50 מ""ל",ביירסדורף AG,DE,דאודורנט ניוואה,מיליליטרים,50.00,"100 מ""ל",false,1,14.90,29.80,true,1,
4005900661364,false,ניוואה Q10 אקסטרה נורישינג קרם יום מזין,אלפא,PL,Q10 קרם יום שמן,מיליליטרים,50.00,"100 מ""ל",false,1,79.00,158.00,true,1,
4005900661371,false,ניוואה Q10 אקסטרה נורישינג קרם לילה מזין,אלפא,PL,Q10 קרם לילה שמן,מיליליטרים,50.00,"100 מ""ל",false,1,79.00,158.00,true,1,
4005900683878,false,לבלו סקראב שפתון פילינג אלוורה בליסטר,ביירסדורף,DE,לבלו סקראב אלורה,יחידה,1.00,יחידה,false,1,14.90,14.90,true,1,
4005900786975,false,"סרום לומינוס לטיפול מתקדם בכתמים כהים 50 מ""ל",אלפא,PL,סלולר לומינוס 63,מיליליטרים,30.00,"100 מ""ל",false,1,109.90,366.34,true,1,
4005900816016,false,"ניוואה - דאודורנט ספריי לאישה פרש טבעי לאישה 150 מ""ל",טרופיקל דגיל תעשיות,DE,דאודורנט ניוואה,מיליליטרים,150.00,"100 מ""ל",false,0,14.90,9.94,true,1,
4005900816108,false,"ניוואה - דאודורנט רול און לגבר יבש 50 מ""ל",טרופיקל דגיל תעשיות,DE,דאודורנט ניוואה,מיליליטרים,50.00,"100 מ""ל",false,0,14.90,29.80,true,1,
4005900828088,false,"ניוואה - דאודורנט רול און לגבר פרש 50 מ""ל",טרופיקל דגיל תעשיות,DE,דאודורנט ניוואה,מיליליטרים,50.00,"100 מ""ל",false,0,14.90,29.80,true,1,
4005900841148,false,"ניוואה מן ג'ל גילוח קול קיק פרש 200 מ""ל",ביירסדורף,DE,ג'ק גילוח ניוואה,מיליליטרים,200.00,"100 מ""ל",false,1,16.90,8.45,true,1,
4005900864000,false,"ניוואה היידרה סקין אפקט מים מיסלריים להסרת איפור וניקוי הפנים עם חומצה היאלורונית 400 מ""ל",ניואה,DE,היידרה סקין אפקט,מיליליטרים,400.00,"100 מ""ל",false,1,35.90,8.98,true,1,
4005900978950,false,לבלו - דובדבן שפתון לחות מטפח מהדורת נסיכות דיסני,ביירסדורף,DE,לבלו אריאל,יחידה,1.00,יחידה,false,1,14.90,14.90,true,1,
4005900978967,false,לבלו - וניל שפתון לחות מטפח מהדורת נסיכות דיסני,ביירסדורף,DE,לבלו אלזה,יחידה,1.00,יחידה,false,1,14.90,14.90,true,1,
4005900978974,false,לבלו - סופט רוז שפתון לחות מטפח מהדורת נסיכות דיסני,ביירסדורף,DE,לבלו סופט יסמין,יחידה,1.00,יחידה,false,1,14.90,14.90,true,1,
4008400170428,false,בונבוניירה פררו רושר לב 100 גרם,גוד פוד פרודקטס S.p,PL,בונבוניירה רושה,גרמים,100.00,100 גרם,false,1,18.90,18.90,true,1,
4008600284871,false,נוק זוג מוצצי סיליקון מיקי 6-18 שחור,פרומדיקו,DE,מוצצי מיקי מאוס,יחידה,1.00,יחידה,false,1,39.90,39.90,true,1,
4008600284895,false,נוק זוג מוצץ סיליקון זוהר בחושך 6-18 כחו,פרומדיקו,DE,מוצצים זוהרים כח,יחידה,1.00,יחידה,false,1,39.90,39.90,true,1,
4008600284918,false,נוק זוג מוצץ סיליקון דיסני מיקי 0-6 שחור,פרומדיקו,DE,מוצצי דיסני בנים,יחידה,1.00,יחידה,false,0,39.90,39.90,true,1,
4008600314226,false,נוק זוג מוצצי סיליקון מיקי 6-18 אדום,פרומדיקו,DE,מוצצי מיקי מאוס,יחידה,1.00,יחידה,false,1,39.90,39.90,true,1,
4008600314509,false,נוק זוג מוצץ סיליקון דיסני מיקי 0-6 אדום,פרומדיקו,DE,מוצצי דיסני מיקי,יחידה,1.00,יחידה,false,1,39.90,39.90,true,1,
4008600362074,false,אקשן קאפ כחול .,,DE,אקשן קאפ כחול,יחידה,1.00,יחידה,false,1,49.90,49.90,true,1,
4008600362081,false,אקשן קאפ סגול .,,DE,אקשן קאפ סגול,יחידה,1.00,יחידה,false,1,49.90,49.90,true,1,
4008600367482,false,בקבוק הזנה מד טמפרטורה צ,נוק,IL,בקבוק הזנה מד טמ,יחידה,1.00,יחידה,false,1,44.90,44.90,true,1,
4008600372363,false,נוק אקטיב קאפ כוס מעבר פו הדב בלונים 300,ניאופארם,DE,אקטיב קאפ פו הדב,יחידה,1.00,יחידה,false,1,54.90,54.90,true,1,
4008600372370,false,נוק אקטיב קאפ כוס מעבר פו הדב 300 מל,ניאופארם,DE,אקטיב קאפ פו הדב,יחידה,1.00,יחידה,false,1,54.90,54.90,true,1,
4008600384434,false,נוק זוג מוצצים סיגנטור 0-6 חודשים ורוד,פרומדיקו,DE,זוג מוצצים נוק,יחידה,1.00,יחידה,false,1,39.90,39.90,true,1,
4008600387169,false,נוק בקבוק אימון 150 מל חדש,General,DE,נוק בקבוק אימון,יחידה,1.00,יחידה,false,1,44.90,44.90,true,1,
4008600387374,false,נוק בקבוק אימון דיסני אדום 150 מל 6-18 ח,ניאופארם,DE,בקבוק אימון,יחידה,1.00,יחידה,false,1,44.90,44.90,true,1,
4008600402138,false,נוק זוג מוצצים סטאר יום ולילה 0-6 ח כחול,פרומדיקו,IL,מוצצים סטאר 0-6,יחידה,1.00,יחידה,false,1,39.90,39.90,true,1,
4008600402145,false,נוק זוג מוצצים סטאר 0-6 חודשים כחול,פרומדיקו,IL,מוצצים סטאר 0-6,יחידה,1.00,יחידה,false,1,39.90,39.90,true,1,
4008600404507,false,נוק זוג מוצצים ספייס מיקי 0-6 חודשים אדו,פרומדיקו,DE,זוג מוצצי מיקי,יחידה,1.00,יחידה,false,1,39.90,39.90,true,1,
4009900385824,false,מארז חמישיית מסטיק אורביט Orbit בטעם מנטה,ריגלי צרפת,FR,מסטיק סטיקס,גרמים,65.00,100 גרם,false,0,9.90,15.23,true,1,
4009900402965,false,אורביט וויט בטעם פירות בקבוקון 46מלבניות,ריגלי פולין,PL,אורביט בקבוקון,גרמים,64.00,100 גרם,false,0,8.90,13.90,true,1,
4009900403023,false,אורביט וויט בטעם מנטה בקבוקון 46 מלבניות,"ב.א מזון בע""מ",PL,אורביט בקבוקון,גרמים,64.00,100 גרם,false,0,8.90,13.90,true,1,
4009900420129,false,מסטיק אורביט פרופשנל פפרמינט בקבוקון 64 גר',מרס נדרלנד,PL,אורביט פפרמינט,גרמים,64.00,100 גרם,false,1,8.90,13.90,true,1,
4009900426039,false,מסטיק מנטה אקליפטוס בקבוקון איירווייבס 64 גרם,איירוויבס Airwaves,PL,מסטיק איירוויבז,גרמים,64.00,100 גרם,false,1,8.90,13.90,true,1,
4009900455299,false,"סוכרית ג'לי אדומה 174 גרם ""סקיטלס""",ריגלי ממתקים,CZ,סוכריות סקיטלס,גרמים,174.00,100 גרם,false,0,8.90,5.11,true,1,
4009900479998,false,אורביט וויט אוכמניות בקבוקון 46 מלבניות,ריגלי פולין,PL,אורביט בקבוקון,גרמים,64.00,100 גרם,false,0,8.90,13.90,true,1,
4009900482417,false,מסטיק אורביט פירות מנטה בקבוקון באבל מינט 45יח,ריגלי פולין,PL,אורביט באבל מינט,גרמים,64.00,100 גרם,false,0,8.90,13.90,true,1,
4009900483803,false,מסטיק איירובס מנטה אקליפטוס בקבוקון 60יח',איירוויבס Airwaves,PL,מסטיק איירוויבז,גרמים,84.00,100 גרם,false,1,14.90,17.74,true,1,
4009900484060,false,מסטיק אורביט פרופשיונל בטעם מנטה ללא סוכר,ריגלי פולין,PL,אורביט בקבוק,גרמים,84.00,100 גרם,false,0,12.90,15.36,true,1,
4009900484305,false,מסטיק אורביט פרופשיונל סוויטמינט ביגי לבן 60יח',אורביט Orbit,GB,אורביט בקבוק,גרמים,84.00,100 גרם,false,0,12.90,15.36,true,1,
4009900487283,false,אורביט ילדים קלאסי סט' משפחתי-חמישיות,ריגלי צרפת,FR,מסטיק סטיקס,גרמים,65.00,100 גרם,false,0,9.90,15.23,true,1,
4009900491044,false,מסטיק איירובס אוכמניות בקבוקון 60יח',איירוויבס Airwaves,PL,מסטיק איירוויבז,גרמים,84.00,100 גרם,false,1,14.90,17.74,true,1,
4009900496247,false,מסטיק אורביט בטעם פירות ומנטה ללא סוכר,אורביט Orbit,PL,אורביט בקבוק,גרמים,84.00,100 גרם,false,1,12.90,15.36,true,1,
4009900509770,false,אורביט באריזת בקבוק בטעם תות 60 יח',אורביט Orbit,GB,אורביט בקבוק,גרמים,84.00,100 גרם,false,1,12.90,15.36,true,1,
4009900534581,false,מסטיק איירוויבז דובדבן ומנטה בקבוקון 64,Unknown,IL,מסטיק איירוויבז,גרמים,64.00,100 גרם,false,1,8.90,13.90,true,1,
4009900534611,false,איירוויבס בקבוקון מלון ומנטה 46 מלבני,ריגלי,IL,מסטיק אייוויבז,גרמים,64.00,100 גרם,false,1,8.90,13.90,true,1,
4009900534918,false,סקיטלס גאיינט פירות 141 גרם,ריגלי,CZ,סוכריות סקיטלס,יחידה,1.00,יחידה,false,0,8.90,8.90,true,1,
4009900535519,false,מסטיק אורביט רפרשרס ספירמינט ללא סוכר 15.6גר',אורביט,PL,אורביט רפרשרס,גרמים,15.00,100 גרם,false,1,4.30,28.67,true,1,
4009900535540,false,מסטיק אורביט רפרשרס פפרמינט ללא סוכר 15.6גר',אורביט,PL,מסטיק אורביט,גרמים,15.00,100 גרם,false,1,4.30,28.67,true,1,
4009900535823,false,מסטיק אורביט רפרשרס באבלמינט ללא סוכר 15.6גר',אורביט,PL,מסטיק אורביט,גרמים,15.00,100 גרם,false,1,4.30,28.67,true,1,
4009900536288,false,מסטיק אורביט רפרשרס פפרמינט בקבוקון ללא סוכר 67 גר',מרס ריגלי קונפקשונרי,PL,אורביט רפרשרס,גרמים,67.00,100 גרם,false,1,10.00,14.92,true,1,
4009900539685,false,"מסטיק פייב באונס בטעם מנטה בקבוקון, 61.8 גרם",ריגלי בעמ רוסיה,PL,מסטיק פייב,גרמים,61.00,100 גרם,false,1,10.00,16.40,true,1,
4011700432301,false,"טבק אפטר שייב 150 מ""ל",לילית בישום,FR,טבק אפטר שייב,מיליליטרים,150.00,"100 מ""ל",false,0,39.00,26.00,true,1,
4011800567613,false,מאגדת קורני מילק דרק & ואיט 120 גרם,מיוצר עי קונדיטוריית,DE,קורני סנדוויץ,גרמים,120.00,100 גרם,false,0,15.90,13.25,true,1,
4011800628512,false,חטיף קורני שוקולד חלב 6 יח 150 גר,מיוצר עי קונדיטוריית,DE,קורני חטיף דגנים,גרמים,150.00,100 גרם,false,0,15.90,10.60,true,1,
4011800630515,false,חטיף קורני שוקולד חלב ובננה 6 יח 150 גר,מיוצר עי קונדיטוריית,DE,קורני חטיף דגנים,גרמים,150.00,100 גרם,false,0,15.90,10.60,true,1,
4011800632519,false,"מארז חטיפי שוקולד חלב וקוקוס ""קורני""",מיוצר עי קונדיטוריית,DE,קורני חטיף דגנים,גרמים,150.00,100 גרם,false,0,15.90,10.60,true,1,
4011800633516,false,קורני שוקולד מריר מעולה 58% קקאו 6*1,שוורטאוור וורקה,DE,קורני חטיף דגנים,גרמים,138.00,100 גרם,false,0,15.90,11.52,true,1,
4011800636517,false,קורני פרי שוקולד חלב מעולה ללא סוכר 6*1,מיוצר עי קונדיטוריית,DE,קורני חטיף דגנים,גרמים,120.00,100 גרם,false,0,15.90,13.25,true,1,
4012273123009,false,נטרוגינה קרם ידיים 50 מל הסדרה הנורבגית,גונסון אנד גונסון,FR,קרם ידיים,מיליליטרים,50.00,"100 מ""ל",false,0,24.90,49.80,true,1,
4014400900217,false,בונבונריית מרסי מבחר ממתקי שוקולד 400 גרם,קריניציה ויטמינה אס,DE,בונבוניירת מרסי,גרמים,400.00,100 גרם,false,0,52.10,13.03,true,1,
4014400901191,false,בונבונריית מרסי מבחר ממתקי שוקולד 250 גרם,ליימן מותגים,DE,בונבוניירת מרסי,גרמים,250.00,100 גרם,false,0,24.90,9.96,true,1,
4014400914696,false,וורטרס אורגינל סוכריות ללא סוכר 80 גרם,ליימן מותגים,DE,סוכריות וורטר,גרמים,80.00,100 גרם,false,0,11.90,14.88,true,1,
4014400914924,false,"סוכריות בטעם קפה וורטר אורגינל לל""ס 80 גרם",ליימן מותגים,DE,סוכריות וורטר,גרמים,80.00,100 גרם,false,0,11.90,14.88,true,1,
4014400920857,false,וורטר אורגינל ללא סוכר בטעם שוקולד-שקית 70 גרם,קריניציה ויטמינה אס,DE,סוכריות וורטר,גרמים,70.00,100 גרם,false,1,11.90,17.00,true,1,
4014400923711,false,בונבוניירה שוקולד אגוזים טופיפי 125 גרם,ליימן מותגים,DE,טופיפי,גרמים,125.00,100 גרם,false,1,15.90,12.72,true,1,
4014400925319,false,וורטרס אורגינל פופקורן קרמל 140 גרם,וורטרס Werther's,DE,ממתק קרמל ורטר,גרמים,140.00,100 גרם,false,1,16.50,11.79,true,1,
4015000280211,false,"פה - דאודורנט רול און לאישה קאריביין לימון 50 מ""ל",שוורצקופף והנקל,DE,דאודורנט FA,מיליליטרים,50.00,"100 מ""ל",false,0,14.90,29.80,true,1,
4015000519915,false,"פה - דאודורנט ספריי לאישה פינק פרדייס 200 מ""ל",שוורצקופף והנקל,TR,דאודורנט FA,מיליליטרים,200.00,"100 מ""ל",false,0,14.90,7.45,true,1,
4015000615884,false,"פה - דאודורנט ספריי לאישה קריביין לימון 200 מ""ל",שוורצקופף והנקל,DE,דאודורנט FA,מיליליטרים,200.00,"100 מ""ל",false,0,14.90,7.45,true,1,
4015000940955,false,שמפו גליס Gliss שיקום נזק קיצוני אולטימט ריפייר,שוורצקופף והנקל,DE,שמפו גליס,מיליליטרים,400.00,"100 מ""ל",false,0,14.90,3.73,true,1,
4015000976268,false,שמפו גליס Gliss למראה שיער מבריק Million Gloss,"הובי קוסמטיק, חברת ייצור",TR,שמפו גליס,מיליליטרים,400.00,"100 מ""ל",false,0,14.90,3.73,true,1,
4015000996204,false,"גליס שמפו אולטימט שמן אלקסייר 400 מ""ל",שוורצקופף והנקל,DE,שמפו גליס,מיליליטרים,400.00,"100 מ""ל",false,0,14.90,3.73,true,1,
4015000996235,false,"גליס - מרכך משקם אקספקס תמצית שמן אולטימטיבי 200 מ""ל",שוורצקוף,SI,ספריי מרכך גליס,מיליליטרים,200.00,"100 מ""ל",false,0,24.90,12.45,true,1,
4015000997430,false,פה דאודורנט ספריי אינויזיבל פאוור 200 מל,שוורצקופף והנקל,TR,דאודורנט פה,מיליליטרים,200.00,"100 מ""ל",false,0,14.90,7.45,true,1,
4015100190786,false,גליס מסכת סרום לשיקום עמוק עם קרטין,שוורצקופף והנקל,SK,מסכת גליס,מיליליטרים,300.00,"100 מ""ל",false,1,39.90,13.30,true,1,
4015100190793,false,גליס מסכה לשיער יבש ופגום במיוחד Ultimate Repair,שוורצקופף והנקל,SK,מסכת גליס,מיליליטרים,300.00,"100 מ""ל",false,1,39.90,13.30,true,1,
4015100325324,false,פאלטה דלוקס קיט 6-0 בלונד כהה,שוורצקופף & הנקל דיסלדור,DE,צבע שיער פלטה,יחידה,1.00,יחידה,false,1,38.90,38.90,true,1,
4015400219507,false,טמפקס קומפאק נורמל 16 יח',פרוקטר & גמבל,HU,טמפקס קומפק נורמ,יחידה,1.00,יחידה,false,1,22.90,22.90,true,1,
4015400219712,false,טמפקס קומפאק סופר 16 יח',P&G,HU,טמפקס קומפק סופר,יחידה,1.00,יחידה,false,1,22.90,22.90,true,1,
4015400362920,false,טמפקס רגולר 20 יח',פרוקטר אנד גמבל,HU,טמפקס רגולר 20 י,יחידה,1.00,יחידה,false,0,23.90,23.90,true,1,
4015400690313,false,טמפונים פרל רגולר טמפקס קומפאק 18 יח,פרוקטר אנד גמבל,HU,טמפקס,יחידה,1.00,יחידה,false,1,23.90,23.90,true,1,
4015400690405,false,טמפונים פרל סופר טמפקס קומפאק 18 יח,פרוקטר אנד גמבל,HU,טמפקס,יחידה,1.00,יחידה,false,1,23.90,23.90,true,1,
4015400824725,false,טמפונים סופר עם מוליך טמפקס 30 יחידות,פרוקטר אנד גמבל,HU,טמפקס פלאש סופר,יחידה,1.00,יחידה,false,0,29.90,29.90,true,1,
4015400990482,false,"אבקת כביסה אריאל קולור 3 ק""ג",פרוקטר אנד גמבל,TR,אבקת אריאל קולור,קילוגרמים,3.00,"ק""ג",false,1,37.90,12.63,true,1,
4015600763251,false,שמפו הד&שולדרס קלאסי600מ,פרוקטר אנד גמבל,RO,שמפו הד&שולדרס,מיליליטרים,600.00,"100 מ""ל",false,0,21.90,3.65,true,1,
4015600763299,false,הד&שולדרס 600 שמפו 2ב1 קלאסי,פרוקטר אנד גמבל,RO,שמפו הד&שולדרס,מיליליטרים,600.00,"100 מ""ל",false,0,21.90,3.65,true,1,
4015600763411,false,שמפו הד&שולדרס מנטול 600,פרוקטר אנד גמבל,RO,שמפו הד&שולדרס,מיליליטרים,600.00,"100 מ""ל",false,0,21.90,3.65,true,1,
4015600763459,false,שמפו הד&שולדרס תפוח600מל,פרוקטר אנד גמבל,RO,שמפו הד&שולדרס,מיליליטרים,600.00,"100 מ""ל",false,0,21.90,3.65,true,1,
4015600763534,false,הד&שולדרס 600 שמפו מגע משי,פרוקטר אנד גמבל,RO,שמפו הד&שולדרס,מיליליטרים,600.00,"100 מ""ל",false,0,21.90,3.65,true,1,
4015600766658,false,"הד אנד שולדרס שמפו2 ב 1 מנטול 600 מ""ל",פרוקטר אנד גמבל,RO,שמפו הד&שולדרס,מיליליטרים,600.00,"100 מ""ל",false,0,21.90,3.65,true,1,
4017100198151,false,בלזן היט ביסקוויט עם מלית קרם בטעם וניל (41%) 220 גרם,הדקלאים אגודת שיתופי,PL,עוגיות סנדוויץ,גרמים,220.00,100 גרם,false,1,8.90,4.05,true,1,
4017100364112,false,בלזן היט בסקוויט סנדביץ עם מלית קרם בטעם שוקולד קקאו (41%) 220 גרם,הדקלאים אגודת שיתופי,PL,עוגיות סנדוויץ,גרמים,220.00,100 גרם,false,1,8.90,4.05,true,1,
4045787068221,false,"צבע לשיער אינדולה פרוטאין 1 שחור 60 מ""ל",שוורצקופף והנקל,DE,פרוטאין קולור,יחידה,1.00,יחידה,false,0,23.90,23.90,true,1,
4045787068238,false,צבע לשיער פרוטאין קולור- 10 בלונד בהיר מאוד,שוורצקופף והנקל,DE,פרוטאין קולור,יחידה,1.00,יחידה,false,0,23.90,23.90,true,1,
4045787068245,false,צבע לשיער פרוטאין קולור- 1000.0 אקסטרה בלונד,שוורצקופף והנקל,DE,פרוטאין קולור,יחידה,1.00,יחידה,false,0,23.90,23.90,true,1,
4045787068252,false,צבע לשיער פרוטאין קולור- 1000.1 אקסטרה בלונד אפרפר,שוורצקופף והנקל,DE,פרוטאין קולור,יחידה,1.00,יחידה,false,0,23.90,23.90,true,1,
4045787068320,false,"צבע לשיער אינדולה פרוטאין 5 חום 60 מ""ל",שוורצקופף והנקל,DE,פרוטאין קולור,יחידה,1.00,יחידה,false,0,23.90,23.90,true,1,
4045787068337,false,"אינדולה - פרוטאין 5-35 חום שקד 60 מ""ל",שוורצקופף והנקל,DE,פרטאין קולור,יחידה,1.00,יחידה,false,0,23.90,23.90,true,1,
4045787068344,false,"אינדולה - פרוטאין צבע 5-4 ערמונים 60 מ""ל",אינדולה Indola,DE,פרוטאין קולור,יחידה,1.00,יחידה,false,0,23.90,23.90,true,1,
4045787068368,false,"אינדולה - פרוטאין צבע 5-66 שזיף 60 מ""ל",אינדולה Indola,DE,פרוטאין קולור,יחידה,1.00,יחידה,false,0,23.90,23.90,true,1,
4045787068375,false,"אינדולה - פרוטאין צבע 6 בלונד כהה 60 מ""ל",שוורצקופף והנקל,DE,פרוטאין קולור,יחידה,1.00,יחידה,false,0,23.90,23.90,true,1,
4045787068382,false,צבע לשיער פרוטאין קולור- 6.03 חום זהבהב,שוורצקופף והנקל,DE,פרוטאין קולור,יחידה,1.00,יחידה,false,0,23.90,23.90,true,1,
4045787068405,false,"אינדולה - פרוטאין צבע 6-23 חום שקד 60 מ""ל",אינדולה Indola,DE,פרוטאין קולור,יחידה,1.00,יחידה,false,0,23.90,23.90,true,1,
4045787068429,false,"אינדולה - פרוטאין צבע 6-4 אגוז 60 מ""ל",הנקל,DE,פרוטאין קולור,יחידה,1.00,יחידה,false,0,23.90,23.90,true,1,
4045787068467,false,"אינדולה - פרוטאין צבע 7 בלונד בינוני 60 מ""ל",שוורצקופף והנקל,DE,פרוטאין קולור,יחידה,1.00,יחידה,false,0,23.90,23.90,true,1,
4045787068498,false,"צבע לשיער אינדולה פרוטאין 7-3 דבש 60 מ""ל",שוורצקופף והנקל,DE,פרוטאין קולור,יחידה,1.00,יחידה,false,0,23.90,23.90,true,1,
4045787068511,false,צבע לשיער פרוטאין קולור- 7.44 דבש נחושתי,אינדולה Indola,DE,פרוטאין קולור,יחידה,1.00,יחידה,false,0,23.90,23.90,true,1,
4045787068535,false,צבע לשיער פרוטאין קולור- 7.66 אדום זוהר,אינדולה Indola,DE,פרוטאין קולור,יחידה,1.00,יחידה,false,0,23.90,23.90,true,1,
4045787068542,false,"צבע לשיער אינדולה פרוטאין 8 בלונד בהיר 60 מ""ל",שוורצקופף והנקל,DE,פרוטאין קולור,יחידה,1.00,יחידה,false,0,23.90,23.90,true,1,
4045787068566,false,"אינדולה - פרוטאין צבע 8-3 בלונד שמש 60 מ""ל",אינדולה Indola,DE,פרוטאין קולור,יחידה,1.00,יחידה,false,0,23.90,23.90,true,1,
4053700288205,false,"וייט קרם להסרת שיער לעור רגיש 100 מ""ל",רקיט בנקיזר צרפת,FR,קרם להסרת שיער,מיליליטרים,100.00,"100 מ""ל",false,0,39.90,39.90,true,1,
4056800100354,false,שוקוויבס מוס לשיער 200 מ,THEORAT INTERSPRAY,DE,שוקוויבס מוס,מיליליטרים,200.00,"100 מ""ל",false,1,24.90,12.45,true,1,
4056800693061,false,וולהפלקס ג'ל חזק במיוחד 150 מל,פרוקטר אנד גמבל,FR,וולהפלקס ג'ל,מיליליטרים,150.00,"100 מ""ל",false,0,14.90,9.93,true,1,
4056800762750,false,קולסטון נטורלס מיני קיט 6/0 בלונד כהה,HFC פרסטיג',DE,קולסטון מיני קיט,יחידה,1.00,יחידה,false,1,25.90,25.90,true,1,
4056800762842,false,צבע לשיער קולסטון מיני קיט חום בהיר 5/0,HFC פרסטיג',DE,קולסטון מיני קיט,יחידה,1.00,יחידה,false,1,25.90,25.90,true,1,
4056800762903,false,צבע לשיער קולסטון מיני קיט חום כהה 3/0,HFC פרסטיג',DE,קולסטון מיני קיט,יחידה,1.00,יחידה,false,1,25.90,25.90,true,1,
4056800762934,false,צבע לשיער קולסטון מיני קיט שחור 2/0,HFC פרסטיג',DE,קולסטון מיני קיט,יחידה,1.00,יחידה,false,1,25.90,25.90,true,1,
4056800762965,false,קולסטון נטורלס מיני קיט 2/8 שחור כחול,HFC פרסטיג',DE,קולסטון מיני קיט,יחידה,1.00,יחידה,false,1,25.90,25.90,true,1,
4056800777761,false,צבע לשיער קולסטון קיט 2/0 שחור,פרוקטר אנד גמבל,DE,קולסטון קיט,יחידה,1.00,יחידה,false,0,38.90,38.90,true,1,
4056800778287,false,צבע לשיער קולסטון קיט 6/0 בלונד כהה,פרוקטר אנד גמבל,DE,קולסטון קיט,יחידה,1.00,יחידה,false,0,38.90,38.90,true,1,
4056800943739,false,קרם חמצן וולוקסון Welloxon 6%,פרוקטר אנד גמבל,FR,חמצן וולה,מיליליטרים,60.00,"100 מ""ל",false,0,5.90,9.83,true,1,
4056800943791,false,קרם חמצן וולוקסון Welloxon 9%,פרוקטר אנד גמבל,FR,חמצן וולה9%,מיליליטרים,60.00,"100 מ""ל",false,0,5.90,9.83,true,1,
4059729028709,false,Cat. Blush Box 050,CATRICE,DE,סומק 50,יחידה,1.00,יחידה,false,0,15.00,15.00,true,1,
4059729030542,false,Cat. Eye Brow Stylist 025,CATRICE,DE,עיפרון גבות 25,יחידה,1.00,יחידה,false,0,11.00,11.00,true,1,
4059729030559,false,Cat. Eye Brow Stylist 035,CATRICE,DE,עיפרון גבות 35,יחידה,1.00,יחידה,false,0,11.00,11.00,true,1,
4059729032546,false,"סרום לשפתיים 2.5 מ""ל",,PL,סרום לשפתיים,יחידה,1.00,יחידה,false,0,20.00,20.00,true,1,
4059729034465,false,Catrice HD Liquid Coverage Foundation 046,,IL,מייק אפ HD 46,מיליליטרים,30.00,"100 מ""ל",false,1,29.00,96.67,true,1,
4059729036742,false,Cat. Slim'Matic Ultra Precise Brow Pencil Waterproof 040,CATRICE,DE,עיפרון גבות סלים,יחידה,1.00,יחידה,false,0,14.00,14.00,true,1,
4059729049544,false,Cat. Power Plumping Gel Lipstick 030,,DE,קטריס שפתון ג'ל,יחידה,1.00,יחידה,false,1,17.00,17.00,true,1,
4059729203250,false,Cat. Liquid Camouflage High Coverage Concealer 036,,IL,קונסילר נוזלי 0,יחידה,1.00,יחידה,false,1,15.00,15.00,true,1,
4059729203274,false,Cat. Liquid Camouflage High Coverage Concealer 048,,FR,קונסילר נוזלי,יחידה,1.00,יחידה,false,1,15.00,15.00,true,1,
4059729222909,false,פודרה בעלת מרקם רך ונעים,CATRICE,IT,פודרה בעלת מרקם,יחידה,1.00,יחידה,false,1,15.00,15.00,true,1,
4059729222916,false,Cat. Blush Box Glowing + Multicolour 010,,IL,פלטת סומק 010,יחידה,1.00,יחידה,false,1,17.00,17.00,true,1,
4059729222923,false,Cat. Blush Box Glowing + Multicolour 020,,IL,פלטת סומק 020,יחידה,1.00,יחידה,false,1,17.00,17.00,true,1,
4059729222978,false,Cat. Ten!sational 10 in 1 Dream Primer,,IL,פריימר 10 ב 1,מיליליטרים,30.00,"100 מ""ל",false,1,25.00,83.33,true,1,
4059729244444,false,קטריס סומק 025 יח',,IL,קטריס סומק 025,יחידה,1.00,יחידה,false,1,15.00,15.00,true,1,
4059729244475,false,"סרום למראה גלואו 30 מ""ל",CATRICE,FR,סרום למראה גלואו,מיליליטרים,30.00,"100 מ""ל",false,1,25.00,83.33,true,1,
4059729244536,false,קונסילר אינסטנט אוויק 02,,IL,קונסילר אינסטנט,יחידה,1.00,יחידה,false,1,21.00,21.00,true,1,
4059729244543,false,קונסילר אינסטנט אוויק 03,,IL,קונסילר אינסטנט,יחידה,1.00,יחידה,false,1,21.00,21.00,true,1,
4059729246219,false,צללית לאיפור העיניים 280,,IL,צללית לאיפור העי,יחידה,1.00,יחידה,false,1,13.00,13.00,true,1,
4059729246264,false,עפרון לתיחום העיניים 020,,IL,עפרון לתיחום העי,יחידה,1.00,יחידה,false,1,13.00,13.00,true,1,
4059729246271,false,Cat. Lashes To Kill Sexy Volume Mascara,,IL,מסקרה ריסים עבים,יחידה,1.00,יחידה,false,1,17.00,17.00,true,1,
4059729246462,false,עיפרון עיניים 020 יח',,IL,עיפרון עיניים 02,יחידה,1.00,יחידה,false,1,14.00,14.00,true,1,
4059729248350,false,Cat. Matt Pro Ink Liquid Lipstick 020,,FR,שפתון מט פרו נוז,יחידה,1.00,יחידה,false,1,21.00,21.00,true,1,
4059729248367,false,Cat. Matt Pro Ink Liquid Lipstick 030,,FR,שפתון מט פרו נוז,יחידה,1.00,יחידה,false,1,21.00,21.00,true,1,
4059729248381,false,Cat. Matt Pro Ink Liquid Lipstick 050,,FR,שפתון מט פרו נוז,יחידה,1.00,יחידה,false,1,21.00,21.00,true,1,
4059729248398,false,Cat. Matt Pro Ink Liquid Lipstick 060,,FR,שפתון מט פרו נוז,יחידה,1.00,יחידה,false,1,21.00,21.00,true,1,
4059729248411,false,שפתון מט פרו נוזלי 080 י,,FR,שפתון מט פרו נוז,יחידה,1.00,יחידה,false,1,21.00,21.00,true,1,
4059729248428,false,שפתון מט פרו נוזלי 090 י,,FR,שפתון מט פרו נוז,יחידה,1.00,יחידה,false,1,21.00,21.00,true,1,
4059729250322,false,בוסטר אקסטרים לשפתיים יח,,IL,בוסטר אקסטרים לש,יחידה,1.00,יחידה,false,1,17.00,17.00,true,1,
4059729276681,false,עיפרון תוחם שפתיים 030,,FR,עיפרון תוחם שפת,יחידה,1.00,יחידה,false,1,11.00,11.00,true,1,
4059729276735,false,עיפרון תוחם שפתיים 080,,FR,עיפרון תוחם שפת,יחידה,1.00,יחידה,false,1,11.00,11.00,true,1,
4059729276742,false,עיפרון תוחם שפתיים 090,,FR,עיפרון תוחם שפת,יחידה,1.00,יחידה,false,1,11.00,11.00,true,1,
4059729276797,false,Catrice Mattlover Lipstick Pen 090,,TW,שפתון מאט,יחידה,1.00,יחידה,false,0,21.00,21.00,true,1,
4059729277084,false,Catrice True Skin High Cover Concealer 010,,IT,קונסילר ל18-שעות,יחידה,1.00,יחידה,false,0,17.00,17.00,true,1,
4059729277206,false,Cat. True Skin Hydrating Foundation 010,,FR,מייקאפ טרו סקין,מיליליטרים,30.00,"100 מ""ל",false,1,29.00,96.67,true,1,
4059729277374,false,פודרה דחוסה לטשטוש נקבו,,FR,פודרה דחוסה לטש,יחידה,1.00,יחידה,false,1,21.00,21.00,true,1,
4059729277411,false,Cat. More Than Nude Nail Polish 11,,FR,לק ניוד 11 יח',יחידה,1.00,יחידה,false,1,10.00,10.00,true,1,
4059729311351,false,Catrice LIFT UP Volume & Lift Masc. 010,,IT,מסקרה עם אפקט,יחידה,1.00,יחידה,false,0,21.00,21.00,true,1,
4059729312242,false,Catrice 48h Power Stay Brow Gel 030,,CA,ג'ל לגבות,יחידה,1.00,יחידה,false,0,21.00,21.00,true,1,
4059729312259,false,Catrice Brow Fix Soap Stylist 010,,CN,סבון לגבות,יחידה,1.00,יחידה,false,0,17.00,17.00,true,1,
4059729312266,false,Catrice Cheek Oil-Infused Blush 010,,IT,סומק בצבע אפרסקי,יחידה,1.00,יחידה,false,0,21.00,21.00,true,1,
4059729312624,false,שפתון +חומצה היאלרונית,,IT,שפתון עם חומצה,יחידה,1.00,יחידה,false,0,15.00,15.00,true,1,
4059729313270,false,Catrice Ult. Waterfr. Lip Tint 010,,PL,ליפגלוס לשפתיים,יחידה,1.00,יחידה,false,0,17.00,17.00,true,1,
4059729313331,false,Catrice Volume & Lift Brow Masc. WP 030,,PL,מסקרה לגבות,יחידה,1.00,יחידה,false,0,15.00,15.00,true,1,
4059729313348,false,Catrice Volume & Lift Brow Masc. WP 040,,PL,מסקרה לגבות,יחידה,1.00,יחידה,false,0,15.00,15.00,true,1,
4059729313539,false,Catrice More Than Nude Nail Polish 12,,FR,לק זוהר,יחידה,1.00,יחידה,false,0,10.00,10.00,true,1,
4059729313768,false,Catrice Volumizing Extreme Lip Booster 020,,PL,גלוס מנצנץ,יחידה,1.00,יחידה,false,0,17.00,17.00,true,1,
4059729329349,false,Catrice 20H Ultra Gel Eye Pencil WP 030,,DE,עיפרון לעיניים,יחידה,1.00,יחידה,false,0,10.00,10.00,true,1,
4059729329424,false,Catrice 20H Ultra Gel Eye Pencil WP 050,,DE,עיפרון לעיניים,יחידה,1.00,יחידה,false,0,10.00,10.00,true,1,
4059729329783,false,Catrice Glam & Doll Sens. Vol. Masc. 010,,LU,מסקרה לעיניים,יחידה,1.00,יחידה,false,0,17.00,17.00,true,1,
4059729330277,false,צללית עמידה לאורך זמן,,IT,צללית לעיניים,יחידה,1.00,יחידה,false,0,13.00,13.00,true,1,
4059729330697,false,Catrice Blush Box Glowing & Multi. 030,,PL,סומק,יחידה,1.00,יחידה,false,0,17.00,17.00,true,1,
4059729332875,false,Catrice All Matt Shine Powd. 100,,IT,פודרה,יחידה,1.00,יחידה,false,0,15.00,15.00,true,1,
4059729332912,false,Catrice All Matt Shine Powd. 200,,IT,פודרה,יחידה,1.00,יחידה,false,0,15.00,15.00,true,1,
4059729333629,false,Catrice Vegan Coll. Matt Lipst. 040,,IT,אודם למראה מאט,יחידה,1.00,יחידה,false,0,17.00,17.00,true,1,
4059729355553,false,שפתון עם חומצה היאלרונית,CATRICE,PL,שפתון עם חומצה ה,יחידה,1.00,יחידה,false,1,21.00,21.00,true,1,
4059729355904,false,הייליטר למראה זוהר יח',CATRICE,PL,הייליטר למראה זו,יחידה,1.00,יחידה,false,1,21.00,21.00,true,1,
4059729356017,false,Catrice - Hydro Supercharged Serum,CATRICE,FR,סרום לפנים,מיליליטרים,30.00,"100 מ""ל",false,1,25.00,83.33,true,1,
4059729357823,false,Catrice - Super Glue Brow Styling Gel 010,CATRICE,CN,ג'ל לגבות 010,יחידה,1.00,יחידה,false,1,18.00,18.00,true,1,
4059729357939,false,Catrice - Matt. Oil-Control Primer,CATRICE,IT,פריימר לפנים,מיליליטרים,30.00,"100 מ""ל",false,1,21.00,70.00,true,1,
4059729358073,false,"ספריי לקיבוע האיפור50מ""ל",CATRICE,PL,ספריי לקיבוע האי,מיליליטרים,50.00,"100 מ""ל",false,1,21.00,42.00,true,1,
4059729358936,false,ליפסטיק לשפתיים 130 יח',CATRICE,IT,ליפסטיק לשפתיים,יחידה,1.00,יחידה,false,1,21.00,21.00,true,1,
4059729358974,false,ליפסטיק לשפתיים 140 יח',CATRICE,IT,ליפסטיק לשפתיים,יחידה,1.00,יחידה,false,1,21.00,21.00,true,1,
4059729367785,false,"קטריס - ספריי להוספת לחות וזוהר טבעי לפנים מכיל אלוורה 50 מ""ל",CATRICE,DE,קטריס ספריי לפני,מיליליטרים,50.00,"100 מ""ל",false,1,21.00,42.00,true,1,
4059729367822,false,קטריס - קליפס לאיסוף השיער,CATRICE,DE,קטריס קליפס לאיס,יחידה,1.00,יחידה,false,1,17.00,17.00,true,1,
4059729367860,false,קטריס - שפתון עם לחות לשפתיים יבשות,CATRICE,DE,קטריס שפתון ליוב,יחידה,1.00,יחידה,false,1,17.00,17.00,true,1,
4064666232379,false,וולהפלקס ספריי לעיצוב אקסטרה גמיש 250 מל,THEORAT INTERSPRAY,FR,וולהפלקס ספריי א,מיליליטרים,250.00,"100 מ""ל",false,1,38.90,15.56,true,1,
4084500065536,false,פנטן קרם לחות מוגברת לעיצוב שיער 300 מל,פרוקטר אנד גמבל,FR,קרם לשיער פנטן,מיליליטרים,300.00,"100 מ""ל",false,0,23.90,7.97,true,1,
4084500065598,false,"קרם לחות פנטן לתלתלים מושלמים 300 מ""ל",פרוקטר אנד גמבל,FR,קרם לשיער פנטן,מיליליטרים,300.00,"100 מ""ל",false,0,23.90,7.97,true,1,
4084500471900,false,ג'ילט דאו קליר ג'ל ספורט,ג'\ילט פרוקטר אנד גמבל,PL,ג'ילט דאו קליר ג,מיליליטרים,70.00,"100 מ""ל",false,1,16.90,24.14,true,1,
4084500739253,false,"אוראל בי משחת שיניים- להלבנה לובן מהודר 75 מ""ל",פרוקטר אנד גמבל,DE,משחת אורל בי,מיליליטרים,75.00,"100 מ""ל",false,1,21.90,29.20,true,1,
4210201176688,false,אורל בי ראש חשמלי סנסיטיב 4 יחידות,פרוקטר אנד גמבל,DE,ראש חשמלי 4 יח,יחידה,1.00,יחידה,false,1,114.90,114.90,true,1,
4210201176831,false,8 ראשים למברשת שיניים חשמלית סנסטיב אורל בי,דיפלומט,DE,ראשי מילוי סנסיט,יחידה,1.00,יחידה,false,1,219.90,219.90,true,1,
4210201202905,false,אורל בי 8 ראשים למברשת שיניים חשמלית סנסטיב,בראון,DE,ראשי מילוי סנסיט,יחידה,1.00,יחידה,false,1,219.90,219.90,true,1,
4210201245193,false,אורל בי מברשת חשמלית נטענת לילדים-פרוזן,פרוקטר אנד גמבל,DE,מברשת אורל בי,יחידה,1.00,יחידה,false,1,130.00,130.00,true,1,
4210201262183,false,מברשת שיניים חשמלית ויטליטי Vitality נטענת,פרוקטר אנד גמבל,DE,מברשת נטענת,יחידה,1.00,יחידה,false,1,114.90,114.90,true,1,
4210201403319,false,אורל בי מברשת חשמלית נטענת ויטליטי פחם,פרוקטר אנד גמבל,DE,מברשת נטענת,יחידה,1.00,יחידה,false,1,114.90,114.90,true,1,
4250035261877,false,פלטת קונסילרים יח',CATRICE,DE,פלטת קונסילרים,יחידה,1.00,יחידה,false,0,16.00,16.00,true,1,
4250035288157,false,עפרון קז'אל 10,CATRICE,DE,עפרון קז'אל 10,יחידה,1.00,יחידה,false,0,9.00,9.00,true,1,
4250035288188,false,עפרון קז'אל 40,CATRICE,DE,עפרון קז'אל 40,יחידה,1.00,יחידה,false,0,9.00,9.00,true,1,
4250338446513,false,Cat. Sharpener,CATRICE,DE,מחדד,יחידה,1.00,יחידה,false,0,9.00,9.00,true,1,
4250338474363,false,איילנר נוזלי,CATRICE,DE,איילנר נוזלי,יחידה,1.00,יחידה,false,0,15.00,15.00,true,1,
4250338474400,false,איילנר נוזלי עמיד במים,CATRICE,DE,איילנר נוזלי עמי,יחידה,1.00,יחידה,false,0,16.00,16.00,true,1,
4250338474431,false,עפרון קז'אל 70,CATRICE,DE,עפרון קז'אל 70,יחידה,1.00,יחידה,false,0,9.00,9.00,true,1,
4250587723588,false,מסקרה לנפח ריסים,CATRICE,DE,מסקרה לנפח ריסים,יחידה,1.00,יחידה,false,0,17.00,17.00,true,1,
4250587723779,false,CATRICE ג'ל לעיצוב הגבות,CATRICE,DE,ג'ל לעיצוב הגבות,יחידה,1.00,יחידה,false,0,14.00,14.00,true,1,
4250587754230,false,Cat. All Matt Plus Shine Control Powder 010,CATRICE,DE,פודרה מט 10,יחידה,1.00,יחידה,false,0,15.00,15.00,true,1,
4250587768367,false,Cat. Eye Brow Stylist 040,CATRICE,DE,עיפרון גבות 40,יחידה,1.00,יחידה,false,0,11.00,11.00,true,1,
4250587792119,false,Cat. Tinted Lip Glow Balm,CATRICE,DE,באלם לשפתיים,יחידה,1.00,יחידה,false,0,21.00,21.00,true,1,
4250947544662,false,Cat. Liquid Camouflage High Coverage Concealer 010,CATRICE,DE,קונסילר נוזלי 1,יחידה,1.00,יחידה,false,0,15.00,15.00,true,1,
4250947544686,false,Cat. Liquid Camouflage High Coverage Concealer 020,CATRICE,DE,קונסילר נוזלי 2,יחידה,1.00,יחידה,false,0,15.00,15.00,true,1,
4250947562277,false,מסקרה גלאם&דול מלאכותיים,CATRICE,DE,מסקרה גלאם&דול,יחידה,1.00,יחידה,false,0,17.00,17.00,true,1,
4250947562314,false,עפרון קז'אל 220,CATRICE,DE,עפרון קז'אל 220,יחידה,1.00,יחידה,false,0,9.00,9.00,true,1,
4250947563618,false,Cat. Liquid Camouflage High Coverage Concealer 005,CATRICE,DE,קונסילר נוזלי 0,יחידה,1.00,יחידה,false,0,15.00,15.00,true,1,
4250947598306,false,Cat. HD Liquid Coverage Foundation 030,CATRICE,DE,מייק אפ 30-HD,מיליליטרים,30.00,"100 מ""ל",false,0,29.00,96.67,true,1,
4250947598313,false,Cat. HD Liquid Coverage Foundation 040,CATRICE,DE,מייק אפ 40-HD,מיליליטרים,30.00,"100 מ""ל",false,0,29.00,96.67,true,1,
4250947598368,false,Cat. Prime And Fine Multitalent Fixing Spray,CATRICE,DE,ספריי מקבע רב שי,מיליליטרים,50.00,"100 מ""ל",false,0,20.00,40.00,true,1,
4251232217605,false,Cat. Inside Eye Khol Kajal,CATRICE,DE,עפרון לתיחום,יחידה,1.00,יחידה,false,0,13.00,13.00,true,1,
4251232227284,false,Cat. Slim'Matic Ultra Precise Brow Pencil Waterproof 030,CATRICE,DE,עיפרון גבות סלים,יחידה,1.00,יחידה,false,0,14.00,14.00,true,1,
4251232283600,false,Catrice Mattlover Lipstick Pen 040,,IL,שפתון מאט 040,יחידה,1.00,יחידה,false,1,21.00,21.00,true,1,
4251232283617,false,Cat. Mattlover Lipstick Pen 050,,IL,שפתון מאט 050,יחידה,1.00,יחידה,false,1,21.00,21.00,true,1,
4251232283624,false,Cat. Mattlover Lipstick Pen 060,,IL,שפתון מאט 060,יחידה,1.00,יחידה,false,1,21.00,21.00,true,1,
4251232283631,false,Cat. Mattlover Lipstick Pen 070,,IL,שפתון מאט 070,יחידה,1.00,יחידה,false,1,21.00,21.00,true,1,
4251232284324,false,Cat. Liquid Camouflage High Coverage Concealer 015,CATRICE,DE,קונסילר נוזלי 15,יחידה,1.00,יחידה,false,0,15.00,15.00,true,1,
4800888209429,false,רקסונה - דאודורנט סטיק לאישה כותנה נשים 50 גרם,יוניליוור,PH,דאודורנט רקסונה,גרמים,50.00,100 גרם,false,1,20.90,41.80,true,1,
4800888219527,false,דאב - דאודורנט סטיק לאישה ללא סימן אינביזיבל 50 גרם,יוניליוור,PH,דאודורנט דאב,גרמים,50.00,100 גרם,false,1,19.90,39.80,true,1,
4891228308049,false,שיק היידרו 5 סנס מארז מכשיר+7 סכינים,ארץ ייצור סכינים: ארהבn\,US,הידרו מארז גילוח,יחידה,1.00,יחידה,false,1,79.90,79.90,true,1,
4891228309268,false,"טאצ' אפ מעצב גבות מקצועי, 3 יחידות",שסטוביץ,CN,שיק סכיני סילק ט,יחידה,1.00,יחידה,false,1,21.90,21.90,true,1,
4891228430061,false,סכיני גילוח שיק אקזקטה 2 לנשים ורוד 10 יח',הנסיך- מפעל לייצור ט,CN,סכיני גילוח 10יח,יחידה,1.00,יחידה,false,0,24.90,24.90,true,1,
4891228430092,false,סכיני גילוח שיק אקסטרים קומפורט לנשים 3 להבים 4 יחידות,אנרג'יזר Energizer,CN,סכיני גילוח,יחידה,1.00,יחידה,false,0,17.90,17.90,true,1,
4895115486032,false,BUTTITUDE מסכת ישבן מטהר,,IL,BUTTITUDE מסכת י,יחידה,1.00,יחידה,false,1,14.90,14.90,true,1,
4902430742597,false,ORAL B ProHealth Criss Cross Bacterial Blast BUY 2 GET 1 (SOFT),פרוקטר & גמבל,IN,מברשות שיניים3*,יחידה,1.00,יחידה,false,1,29.90,29.90,true,1,
4987176090850,false,גילט פיוזן ידית וסכין 5 להבים,ג'\ילט פרוקטר אנד גמבל,PL,מכשיר ג'ילט פיוז,יחידה,1.00,יחידה,false,1,39.90,39.90,true,1,
4987176128188,false,מברשות שיניים אורל בי שישייה,פרוקטר & גמבל,IN,6מברשות שיניים,יחידה,1.00,יחידה,false,1,15.90,15.90,true,1,
5000159020312,false,מלטיזרס אריזה קטנה 37 גרם,מלטיזרס Maltesers,NL,שוקולד מלטיזרס,גרמים,37.00,100 גרם,false,1,4.90,13.24,true,1,
5000159376655,false,סוכריות SKITTLES פירות קטן 38 גרם אדום,ריגלי ממתקים,CZ,סוכריות סקיטלס,גרמים,38.00,100 גרם,false,0,2.90,7.63,true,1,
5000159376792,false,סוכריות סקיטלס Skittles פירות חמוצים,ריגלי ממתקים,CZ,סוכריות סקיטלס,גרמים,38.00,100 גרם,false,0,2.90,7.63,true,1,
5000204153903,false,מטהר אוויר גלייד מילוי אוטומטי מרכך כביסה,"קוסטר אירוסול ואלף סאן,",TR,גלייד מילוי,מיליליטרים,269.00,"100 מ""ל",false,1,19.90,7.40,true,1,
5000204196689,false,רייד מכשיר חשמלי + 2 נוזל מילוי 90 לילות,Zobele Bulgaria,BG,רייד מכשיר+מילוי,יחידה,1.00,יחידה,false,1,48.90,48.90,true,1,
5000394137486,false,רביעיות סוללות אופטימום AA דורסל,פרוקטר אנד גמבל,BE,דורסל אופטימום,יחידה,1.00,יחידה,false,1,24.90,24.90,true,1,
5000394141827,false,סוללה דורסל C פלוס 2יח,פרוקטר אנד גמבל,US,סוללה דורסל C,יחידה,1.00,יחידה,false,1,29.90,29.90,true,1,
5010123703509,false,"ליסטרין קול מינט 250מ""ל",ג'ונסון,IL,ליסטרין קולמינט,מיליליטרים,250.00,"100 מ""ל",false,1,10.00,4.00,true,1,
5010182998847,false,דאק נוזל לניקוי אסלות בניחוח ים 750 מל,מיוצר עי קונדיטוריית,NL,טואלט דאק,מיליליטרים,750.00,"100 מ""ל",false,0,11.90,1.59,true,1,
5010415211248,false,זוג פטמות שלב3 טומי טיפי,הכי טבעי-הנסיך,CN,זוג פטמות,יחידה,1.00,יחידה,false,0,44.90,44.90,true,1,
5010415226204,false,"זוג בקבוקים 340 מ""ל",הכי טבעי-הנסיך,IL,זוג בקבוק 340 מל,יחידה,1.00,יחידה,false,0,99.90,99.90,true,1,
5010415323088,false,מברשת לבקבוקים טומי טיפי,טומי טיפי,IL,טומי טיפי מברשת,יחידה,1.00,יחידה,false,0,37.90,37.90,true,1,
5010415330086,false,ט.טיפי הכי טבעי זוג מוצצים סיליקון 0-6,הכי טבעי-הנסיך,CN,זוג מוצצים,יחידה,1.00,יחידה,false,0,39.90,39.90,true,1,
5010415330109,false,ט.טיפי הכי טבעי זוג מוצצים סיליקון 6-18,הכי טבעי-הנסיך,CN,מוצצים לשימוש יו,יחידה,1.00,יחידה,false,1,39.90,39.90,true,1,
5010415332363,false,טומי טיפי זוג מוצצי לטקס בלון 0M,טומי טיפי,CN,טומי טיפי מוצצי,יחידה,1.00,יחידה,false,0,33.90,33.90,true,1,
5010415333612,false,טומי טיפי זוג מוצצים זוהרים0-6,הכי טבעי-הנסיך,CN,זוג מוצצים,יחידה,1.00,יחידה,false,0,39.90,39.90,true,1,
5010415334138,false,מוצצים זוהר חושך18-36זוג,הכי טבעי-הנסיך,IL,זוג מוצצים,יחידה,1.00,יחידה,false,0,39.90,39.90,true,1,
5010415334893,false,טומי טיפי זוג מוצצים סדרת מודה 6-18 בנות,הכי טבעי-הנסיך,GB,זוג מוצצי מודה ב,יחידה,1.00,יחידה,false,1,48.90,48.90,true,1,
5010415471093,false,טומי טיפי כוס שתייה 6+ סגול אקספלורה,טומי טיפי,CN,כוס שתיה בנות,יחידה,1.00,יחידה,false,0,49.90,49.90,true,1,
5010415471857,false,"כוס אימון בנות 300מ""ל",טומי טיפי,MA,טומי טיפי כוס אי,מיליליטרים,300.00,"100 מ""ל",false,1,49.90,16.63,true,1,
5010622005012,false,חוט דנטלי אסנשייאל ללא שעווה 50 מטר,פרוקטר אנד גמבל,IE,חוט דנטלי,מטרים,50.00,מטר,false,0,9.90,0.20,true,1,
5010622005029,false,חוט דנטלי אורלBמנטה50מטר,,IL,חוט דנטלי אורל ב,מטרים,50.00,מטר,false,1,9.90,0.20,true,1,
5010622017947,false,אורל בי חוט דנטלי סאטן מנטה 25 מטר,פרוקטר & גמבל,IE,חוט דנטלי אורל ב,מטרים,25.00,מטר,false,1,21.90,0.88,true,1,
5010724526798,false,בטיסט שמפו יבש בניחוח דובדבן,צ'\רצ'\ אנד דיוויט,GB,בטיסט שמפו,מיליליטרים,200.00,"100 מ""ל",false,1,29.90,14.95,true,1,
5010724527375,false,בטיסט שמפו יבש בניחוח פריחה אביבית 200 מ'ל,צ'\רצ'\ אנד דיוויט,GB,בטיסט שמפו,מיליליטרים,200.00,"100 מ""ל",false,1,29.90,14.95,true,1,
5010724527481,false,שמפו יבש בניחוח קלאסי בטיסט 200 גר,צ'\רצ'\ אנד דיוויט,GB,בטיסט שמפו,מיליליטרים,200.00,"100 מ""ל",false,1,29.90,14.95,true,1,
5010724527504,false,בטיסט שמפו יבש בניחוח קלאסי 50 מל,שסטוביץ,GB,בטיסט שמפו,מיליליטרים,50.00,"100 מ""ל",false,1,9.90,19.80,true,1,
5010934001849,false,ג`סט פור מן חום כהה שחור,מדיטרנד,US,צבע שיער לגבר,יחידה,1.00,יחידה,false,0,59.90,59.90,true,1,
5011408027990,false,ספרי עיצוב חזק מאוד לשיער Elnett,לוריאל Loreal,FR,אלנט ספריי לשיער,מיליליטרים,400.00,"100 מ""ל",false,0,54.90,13.73,true,1,
5011408040791,false,לוריאל - דרמו רויטליפט קלאסי לילה,"קרלסרו, גרמניה",DE,REVITALIFT קרם,מיליליטרים,50.00,"100 מ""ל",false,0,59.90,119.80,true,1,
5012251008631,false,BEAUTY FORMULAS מגבוני ניקוי לעור הפנים מועושרים בתמציות מלפפונים ולחות 30 יחידות,,GB,מגבונים ניקוי לע,יחידה,1.00,יחידה,false,1,14.90,14.90,true,1,
5012251010429,false,"TEA TREE BEAUTY FORMULAS - מסכת חימר לניקוי עמוק של הפנים 100 מ""ל",,IL,מסכת חימר לניקוי,מיליליטרים,100.00,"100 מ""ל",false,1,16.90,16.90,true,1,
5012251011327,false,TEA TREE BEAUTY FORMULASרצועות לניקוי והסרת שחורים מהאף 6 יחידות,,IL,רצועות ניקוי והס,יחידה,1.00,יחידה,false,1,12.90,12.90,true,1,
5012251012249,false,ביוטי פורמולה תרחיץ פנים פחם,,GB,תרחיץ פילינג לפנ,מיליליטרים,150.00,"100 מ""ל",false,1,14.90,9.93,true,1,
5012251012522,false,מגבוני פנים פחם פעיל,DRAMMOCK,GB,מגבוני פנים פחם,יחידה,1.00,יחידה,false,1,14.90,14.90,true,1,
5012251012645,false,רצועות לאף להסרת ראשים שחורים,,GB,מדבקות להוצאת שח,יחידה,1.00,יחידה,false,1,15.90,15.90,true,1,
5012251012850,false,6 זוגות רטיות זהב הידרו ג'ל לעיניים מועשרות בתמציות קולגן ולבנדר BEAUTY FORMULAS,,IL,רטיות זהב הידרו,יחידה,1.00,יחידה,false,1,24.90,24.90,true,1,
5013931015819,false,דישמאטיק מארז כריות פלדה 2 יח,דישמטיק Dish matic,US,כריות פלדה 2 יח,יחידה,1.00,יחידה,false,1,19.90,19.90,true,1,
5019090110037,false,כפיות גמישות מנצק'ין6יח,ב.ב.קשרים,CN,כפיות גמישות,יחידה,1.00,יחידה,false,1,39.90,39.90,true,1,
5019090111430,false,מנצקין כוס משקולת פטנט קשית 296 מל כתום,ב.ב.קשרים,CN,בקבוק מעבר עם יד,יחידה,1.00,יחידה,false,1,54.90,54.90,true,1,
5019090124485,false,צלחות מחולקות 2 צבעים זו,מנצ'קין,IL,צלחות מחולקות 2,יחידה,1.00,יחידה,false,1,59.90,59.90,true,1,
5029053039725,false,ממחטות נייר קלינקס נטורל פרש קופסה 72 דף,קימברלי קלארק,IL,קלינקס נטורל פרש,יחידה,1.00,יחידה,false,1,13.90,13.90,true,1,
5029053510811,false,תחבושות נורמל פלוס עם כנפיים קוטקס 28 יחידות,קימברלי קלארק,CZ,תחבושות קוטקס,יחידה,1.00,יחידה,false,0,21.90,21.90,true,1,
5029053510828,false,תחבושות סופר פלוס עם כנפיים קוטקס 22יחידות,קימברלי קלארק,CZ,תחבושות קוטקס,יחידה,1.00,יחידה,false,0,21.90,21.90,true,1,
5029053523446,false,קוטקס - תחבושות אולטרה נייט + כנפיים 20 יח',קימברלי קלארק,CZ,תחבושות נייט קוט,יחידה,1.00,יחידה,false,0,21.90,21.90,true,1,
5029053527574,false,האגיס תחתון ספיגה 4-7 בנים דריי נייטס 10 יחידות,חוגלה קימברלי,CZ,10 תחתוני ספיגה,יחידה,1.00,יחידה,false,0,39.90,39.90,true,1,
5029053527581,false,האגיס תחתון ספיגה 4-7 בנות דריי נייטס 10 יחידות,חוגלה קימברלי,CZ,10 תחתוני ספיגה,יחידה,1.00,יחידה,false,0,39.90,39.90,true,1,
5029053534596,false,טמפונים נורמל קוטקס 32 יחידות,קימברלי קלארק,CZ,טמפוני קוטקס,יחידה,1.00,יחידה,false,0,29.90,29.90,true,1,
5029053535210,false,טמפון עם מוליך מיני קוטקס 16 יחידות,קימברלי קלארק,CZ,טמפוני קוטקס,יחידה,1.00,יחידה,false,0,21.90,21.90,true,1,
5029053535227,false,קוטקס טמפון עם מוליך נורמל 16 יחידות,קימברלי קלארק,CZ,טמפוני קוטקס,יחידה,1.00,יחידה,false,0,21.90,21.90,true,1,
5029053535234,false,קוטקס טמפונים עם מוליך סופר,חוגלה קימברלי,CZ,טמפוני קוטקס,יחידה,1.00,יחידה,false,0,21.90,21.90,true,1,
5029053574103,false,האגיס פול אפס תח.גמילה יום בנות 20 יחידו,KC צ'כיה,IL,האגיס גמילה בנות,יחידה,1.00,יחידה,false,1,53.90,53.90,true,1,
5029053578309,false,קופסת ממחטות אולטרה סופט 48 דף קלינקס,קימברלי קלארק,IL,קלינקס אולטרה,יחידה,1.00,יחידה,false,1,8.90,8.90,true,1,
5029054220085,false,האגיס - מגבוני האגיס אקסטרה קר לא מבושם 56 יח' * 4,קימברלי קלארק,IL,מגבונים לרך נולד,יחידה,1.00,יחידה,false,1,34.90,34.90,true,1,
5056357900925,false,סניקרס חטיף חלבון חמאת בוטנים 57 גרם,פארם אקספרס,US,חטיף חלבון סניקר,גרמים,57.00,100 גרם,false,1,17.90,31.40,true,1,
5060062992557,false,לנסינו רפידות הנקה 66 יח,מדי-קיור,,רפידות הנקה,יחידה,1.00,יחידה,false,0,54.90,54.90,true,1,
5060062992588,false,לנסינו 25 שקיות סטריליות לאחסון חלב אם,מדי-קיור,IL,שק.לאחסון חלב אם,יחידה,1.00,יחידה,false,0,54.90,54.90,true,1,
5060062992618,false,לנסינו 50 שקיות סטריליות לאחסון חלב אם,מדי-קיור,IL,לנסינו שק.לאחסון,יחידה,1.00,יחידה,false,1,82.90,82.90,true,1,
5060103310043,false,"מולקולה מולק.02 100 מ""ל",טרי מוגלר בישום,GB,molecule 02,מיליליטרים,100.00,"100 מ""ל",false,1,349.00,349.00,true,1,
5060103310395,false,מולקולה 04 אדט 100מל,,IL,מולקולה 04 אדט י,מיליליטרים,100.00,"100 מ""ל",false,1,349.00,349.00,true,1,
5060103310692,false,"מנדרין מולקולה100 מ""ל",,FR,מנדרין אדט יוני,מיליליטרים,100.00,"100 מ""ל",false,0,369.00,369.00,true,1,
5060221201810,false,גרנייד בטעם שוקולד לבן עוגיות,LTD (UK) GRENADE,NL,גרנייד בטעם שוקו,גרמים,60.00,100 גרם,false,1,17.90,29.83,true,1,
5060402908248,false,סניקרס חטיף חלבון 55 גרם,פארם אקספרס,US,חטיף חלבון סניקר,גרמים,55.00,100 גרם,false,1,17.90,32.55,true,1,
5060402908286,false,מארס חטיף חלבון 59 גרם,פארם אקספרס,US,חטיף חלבון מארס,גרמים,59.00,100 גרם,false,1,17.90,30.34,true,1,
5060412110235,false,"אפרה לה מור אדפ יוניסקס 100 מ"" תומאס קוסמלה",,FR,אפרה לה מור אדפ,מיליליטרים,100.00,"100 מ""ל",false,1,449.00,449.00,true,1,
5060524511272,false,מארז רונלדו פליי איט קול,עדן פרפיום,GB,רונלדו מארז,יחידה,1.00,יחידה,false,1,229.00,229.00,true,1,
5201100872596,false,לוריאל - אקסלנס קרם 9 בלונד בהיר מאוד,לוריאל Loreal,BE,צבע לשיער אקסלנס,יחידה,1.00,יחידה,false,0,36.90,36.90,true,1,
5201100872640,false,לוריאל - אקסלנס קרם 03בלונד אולטרה בהיר אפור,לוריאל Loreal,BE,צבע לשיער אקסלנס,יחידה,1.00,יחידה,false,0,36.90,36.90,true,1,
5201178801030,false,"ניוואה רב שימושי 75 מ""ל",ביירסדורץ,DE,קרם ניוואה,יחידה,1.00,יחידה,false,0,23.90,23.90,true,1,
5201178801054,false,"קרם רב שימושי ניוואה 250 מ""ל",טרופיקל דגיל תעשיות,DE,ניוואה קרם לחות,מיליליטרים,250.00,"100 מ""ל",false,0,20.00,8.00,true,1,
5201263001536,false,מגן תחתון EVERY DAY אקסטרה לונג 24 יח',,GR,מגני תחתון XL,יחידה,1.00,יחידה,false,1,12.90,12.90,true,1,
5201263006340,false,תחבושת EVERY DAY נורמל 18 יח',,GR,תחבושות נורמל,יחידה,1.00,יחידה,false,1,12.90,12.90,true,1,
5201263006357,false,תחבושת EVERY DAY סופר 18 יח',,GR,תחבושות סופר,יחידה,1.00,יחידה,false,1,12.90,12.90,true,1,
5201263006364,false,תחבושת EVERY DAY מקסי נייט 18 יח',,GR,תחבושות מקסי,יחידה,1.00,יחידה,false,1,12.90,12.90,true,1,
5201263011474,false,מגן תחתון EVERY DAY לארג' 30 יח',,GR,מגני תחתון לארג',יחידה,1.00,יחידה,false,1,12.90,12.90,true,1,
5201263890116,false,תחתוני גמילה מידה 5 26 י,,CN,תחתוני גמילה,יחידה,1.00,יחידה,false,1,34.90,34.90,true,1,
5201263890192,false,תחתוני גמילה מידה 7 21 י,,CN,תחתוני גמילה,יחידה,1.00,יחידה,false,1,34.90,34.90,true,1,
5201347400545,false,רצועות שעווה מוכנות לשימוש לפנים ולאזורים רגישים,רקיט בנקיזר צרפת,FR,רצועות שעווה ויט,יחידה,1.00,יחידה,false,0,29.90,29.90,true,1,
5201583751111,false,זירו סוכריות ללא סוכר טעם אספרסו קרמי,איתן,GR,סוכריות זירו,גרמים,32.00,100 גרם,false,1,7.50,23.44,true,1,
5201583751418,false,סוכריות זירו אייס בלו סטיביה ללא סוכר 32 ג',איתן,GR,סוכריות זירו,גרמים,32.00,100 גרם,false,1,7.50,23.44,true,1,
5202300042956,false,צבע לשיער צבע לשיער קולסטון 5/5 מהגוני,HFC פרסטיג',DE,קולסטון שפופרת,יחידה,1.00,יחידה,false,0,25.90,25.90,true,1,
5202300043014,false,צבע לשיער קולסטון - 6/7 חום שוקולד,פרוקטר אנד גמבל,DE,קולסטון שפופרת,יחידה,1.00,יחידה,false,0,25.90,25.90,true,1,
5202300043069,false,צבע לשיער קולסטון - 2/8 שחור כחול,פרוקטר אנד גמבל,DE,קולסטון שפופרת,יחידה,1.00,יחידה,false,0,25.90,25.90,true,1,
5202300043144,false,צבע לשיער קולסטון - 9/0 בלונד בהיר מאוד,פרוקטר אנד גמבל,DE,קולסטון שפופרת,יחידה,1.00,יחידה,false,0,25.90,25.90,true,1,
5202300043168,false,צבע לשיער קולסטון - 7/0 בלונד בינוני,פרוקטר אנד גמבל,DE,קולסטון,יחידה,1.00,יחידה,false,0,25.90,25.90,true,1,
5202300043175,false,צבע לשיער קולסטון - 6/0 בלונד כהה,פרוקטר אנד גמבל,DE,קולסטון שפופרת,יחידה,1.00,יחידה,false,0,25.90,25.90,true,1,
5202300043182,false,צבע לשיער קולסטון - 5/0 חום בהיר,פרוקטר אנד גמבל,DE,קולסטון שפופרת,יחידה,1.00,יחידה,false,0,25.90,25.90,true,1,
5202300043205,false,צבע לשיער קולסטון - 3/0 חום כהה,פרוקטר אנד גמבל,DE,קולסטון חום כהה,יחידה,1.00,יחידה,false,0,25.90,25.90,true,1,
5202300043212,false,צבע לשיער קולסטון - 2/0 שחור,פרוקטר אנד גמבל,DE,קולסטון שפופרת,יחידה,1.00,יחידה,false,0,25.90,25.90,true,1,
5202300043250,false,צבע לשיער קולסטון - 11/1 בלונד אפר בהיר במיוחד,פרוקטר אנד גמבל,DE,קולסטון 2000,יחידה,1.00,יחידה,false,0,25.90,25.90,true,1,
5202300043274,false,צבע לשיער קולסטון- 8/1 בלונד אפרפר בהיר,פרוקטר אנד גמבל,DE,קולסטון שפופרת,יחידה,1.00,יחידה,false,0,25.90,25.90,true,1,
5202300043281,false,צבע לשיער קולסטון - 7/1 בלונד אפרפר בינוני,פרוקטר אנד גמבל,DE,קולסטון שפורפרת,יחידה,1.00,יחידה,false,0,25.90,25.90,true,1,
5202300043298,false,צבע לשיער קולסטון- 6/1 בלונד אפרפר כהה,פרוקטר אנד גמבל,DE,קולסטון שפורפרת,יחידה,1.00,יחידה,false,0,25.90,25.90,true,1,
5202300043526,false,צבע לשיער קולסטון - 4/75 חום משי,פרוקטר אנד גמבל,DE,קולסטון שפופרת,יחידה,1.00,יחידה,false,0,25.90,25.90,true,1,
5202300045834,false,צבע לשיער קולסטון - 10/0 בלונד פסטל,פרוקטר אנד גמבל,DE,קולסטון שפורפרת,יחידה,1.00,יחידה,false,0,25.90,25.90,true,1,
5391523057929,false,סימילאק גולד שלב 1 תרכובת מזון על בסיס חלב,אבוט מעבדות רפואיות,IE,סימילאק גולד,גרמים,700.00,100 גרם,false,1,69.90,9.99,true,1,
5391523057936,false,סימילאק גולד שלב 2 תרכובת מזון על בסיס חלב,אבוט מעבדות רפואיות,IE,סימילאק גולד,גרמים,700.00,100 גרם,false,1,69.90,9.99,true,1,
5391523057943,false,סימילאק גולד שלב 3 תרכובת מזון על בסיס חלב,אבוט מעבדות רפואיות,IE,סימילאק גולד,גרמים,700.00,100 גרם,false,1,69.90,9.99,true,1,
5391523058063,false,סימילאק אדבנס פלוס 1 תרכובת מזון על בסיס חלב,טרופיקל דגיל תעשיות,IE,סימילאק אדבנס,גרמים,700.00,100 גרם,false,1,64.90,9.27,true,1,
5391523058070,false,סימילאק אדבנס פלוס 3 תרכובת מזון על בסיס חלב,טרופיקל דגיל תעשיות,IE,סימילאק אדבנס,גרמים,700.00,100 גרם,false,1,64.90,9.27,true,1,
5391523058087,false,סימילאק אדבנס פלוס 2 תרכובת מזון על בסיס חלב,טרופיקל דגיל תעשיות,IE,סימילאק אדבנס,גרמים,700.00,100 גרם,false,1,64.90,9.27,true,1,
5410076854462,false,חוט דנטלי אורל בי 40 מטר 3D,פרוקטר & גמבל,IE,חוט דנטלי מנטה,מטרים,40.00,מטר,false,1,19.90,0.50,true,1,
5410091648176,false,"פה - דאודורנט רול און לאישה פינק פרדייס 50 מ""ל",שוורצקופף והנקל,DE,דאודורנט FA,מיליליטרים,50.00,"100 מ""ל",false,0,14.90,29.80,true,1,
5410091677992,false,"סאיוס - ספריי לשיער לייצוב מקסימלי 400 מ""ל",שוורצקופף והנקל,DE,ספרי עיצוב סאיוס,מיליליטרים,400.00,"100 מ""ל",false,0,34.90,8.73,true,1,
5410091678012,false,"ספריי לשיער סאיוס לברק ועיצוב 400 מ""ל",הנקל סוד,DE,ספרי עיצוב סאיוס,מיליליטרים,400.00,"100 מ""ל",false,0,34.90,8.73,true,1,
5410091678043,false,"סאיוס - מוס לשיער מתולתל 250 מ""ל",שוורצקוף,DE,מוס לעיצוב סאיוס,מיליליטרים,250.00,"100 מ""ל",false,0,27.90,11.16,true,1,
5410091708955,false,"סאיוס - ספריי לשיער קרטין 400 מ""ל",שוורצקופף והנקל,DE,ספרי עיצוב סאיוס,מיליליטרים,400.00,"100 מ""ל",false,0,34.90,8.73,true,1,
5410103161518,false,קרם יום עם פעולה משולשת לעור רגיל ומעורב,"לוריאל ישראל בע""מ",DE,קרם לחות,מיליליטרים,50.00,"100 מ""ל",false,0,46.90,93.80,true,1,
5410103161617,false,קרם יום עם פעולה משולשת Triple active לעור יבש ועדין,"לוריאל ישראל בע""מ",DE,קרם לחות עור יבש,מיליליטרים,50.00,"100 מ""ל",false,0,46.90,93.80,true,1,
5410126666038,false,"ביסקוויט קרמל לוטוס 279 גרם בד""צ",לוטוס ביקרי נ.וי.,BE,ביסקוויט לוטוס,גרמים,279.00,100 גרם,false,1,15.90,5.70,true,1,
5413149655522,false,"אבקת כביסה שושן צחור 1.25 ק""ג אריאל",פרוקטר אנד גמבל,TR,אבקת כביסה אריאל,קילוגרמים,1.25,"ק""ג",false,0,21.90,17.52,true,1,
5413548040479,false,בונבוניירה רפאלו 240 גרם,ליימן-שליסל,PL,בונבוניירה רפאלו,גרמים,240.00,100 גרם,false,0,30.50,12.71,true,1,
5601036205534,false,צבע לשיער אקסלנס קרם - 1 שחור,לוריאל Loreal,BE,צבע לשיער אקסלנס,יחידה,1.00,יחידה,false,0,36.90,36.90,true,1,
5601036205541,false,צבע לשיער אקסלנס קרם - 3 חום כהה מאוד,לוריאל Loreal,BE,צבע לשיער אקסלנס,יחידה,1.00,יחידה,false,0,36.90,36.90,true,1,
5601036205558,false,צבע לשיער אקסלנס קרם - 4 חום כהה,לוריאל Loreal,BE,צבע שיער אקסלנס,יחידה,1.00,יחידה,false,0,36.90,36.90,true,1,
5601036205589,false,צבע לשיער אקסלנס קרם - 5 חום טבעי,לוריאל Loreal,BE,צבע לשיער אקסלנס,יחידה,1.00,יחידה,false,0,36.90,36.90,true,1,
5601036205596,false,צבע לשיער אקסלנס קרם - 5.3 חום זהוב,לוריאל ישראל קוסמטיקס בע,BE,צבע לשיער אקסלנס,יחידה,1.00,יחידה,false,0,36.90,36.90,true,1,
5601036205602,false,צבע לשיער אקסלנס קרם - 5.5 חום מהגוני,לוריאל ישראל קוסמטיקס בע,BE,צבע לשיער אקסלנס,יחידה,1.00,יחידה,false,0,36.90,36.90,true,1,
5601036205626,false,צבע לשיער אקסלנס קרם - 6 בלונד כהה,לוריאל Loreal,BE,צבע שיער אקסלנס,יחידה,1.00,יחידה,false,0,36.90,36.90,true,1,
5601036205657,false,צבע לשיער אקסלנס קרם - 7 בלונד,לוריאל Loreal,BE,צבע לשיער אקסלנס,יחידה,1.00,יחידה,false,0,36.90,36.90,true,1,
5601036205671,false,לוריאל - אקסלנס קרם 7.3 בלונד זהוב,ליברמו,BE,צבע לשיער אקסלנס,יחידה,1.00,יחידה,false,0,36.90,36.90,true,1,
5601036205695,false,לוריאל - אקסלנס קרם 8.1 בלונד בהיר אפרפר,ליברמו,BE,צבע שיער אקסלנס,יחידה,1.00,יחידה,false,0,36.90,36.90,true,1,
5601036205725,false,לוריאל - אקסלנס קרם 10 בלונד מאוד מאוד בהיר,לוריאל ישראל קוסמטיקס בע,BE,צבע שיער אקסלנס,יחידה,1.00,יחידה,false,0,36.90,36.90,true,1,
5601036206418,false,לוריאל - אקסלנס קרם 01בלונד אולטרה בהיר טבעי,ליברמו,BE,צבע לשיער אקסלנס,יחידה,1.00,יחידה,false,0,36.90,36.90,true,1,
5900020015174,false,פיטנס חטיפי אנרגיה דגנים בטעם שוקולד נסטלה 6*23.5 גרם,מיוצר עי קונדיטוריית,PL,חטיפי פיטנס 6 יח,גרמים,141.00,100 גרם,false,0,10.00,7.09,true,1,
5900020018908,false,פיטנס חטיפי אנרגיה דגנים בטעם קרם עוגיות נסטלה 6*23.5 גרם,מיוצר עי קונדיטוריית,PL,חטיפי פיטנס 6 יח,גרמים,141.00,100 גרם,false,0,10.00,7.09,true,1,
5900617035882,false,חטיף חלבון נוטרישיין בטעם שוקולד,סיטי תוספי מזון,PL,חטיף חלבון פרוטא,גרמים,60.00,100 גרם,false,1,11.90,19.83,true,1,
5900617035905,false,גו און חטיף חלבון עם קרמל ובוטנים ללא סוכר 50 ג',סיטי תוספי מזון,PL,חטיף חלבון פרוטא,גרמים,60.00,100 גרם,false,1,11.90,19.83,true,1,
5900617035929,false,חטיף חלבון נוטרישיין בטעם וניל תות יער,סיטי תוספי מזון,PL,חטיף חלבון פרוטא,גרמים,60.00,100 גרם,false,1,11.90,19.83,true,1,
5901350423691,false,"ערכת צביעה לגבות 3.0 חום כהה 15 מ""ל",,CN,ערכת צביעה לגבות,יחידה,1.00,יחידה,false,1,29.90,29.90,true,1,
5901414200411,false,בלזן היט מיני ביסקוויט סנדוויץ' עם מילוי קרם בטעם שוקולד 130 גרם,ליימן שליסל,PL,היט מיניס שוקו,גרמים,130.00,100 גרם,false,0,6.90,5.31,true,1,
5901887001737,false,"ziaja - קרם יום עשיר בלחות מחלב עיזים 50 מ""ל",,PL,קרם פנים ליום,מיליליטרים,50.00,"100 מ""ל",false,1,19.90,39.80,true,1,
5901887001744,false,"ziaja - קרם עיניים מחלב עיזים 15 מ""ל",,PL,קרם עיניים,מיליליטרים,15.00,"100 מ""ל",false,1,14.90,99.33,true,1,
5901887001751,false,"ziaja - תחליב ניקוי ומי פנים מחלב עיזים 200 מ""ל",,PL,טונר ניקוי לפנים,מיליליטרים,200.00,"100 מ""ל",false,1,17.90,8.95,true,1,
5901887010326,false,"ziaja - קרם לילה מזין לפנים מחלב עיזים 50 מ""ל",,PL,קרם פנים לילה,מיליליטרים,50.00,"100 מ""ל",false,1,19.90,39.80,true,1,
5901887010593,false,"ziaja - קרם ידיים לעור יבש מחלב עיזים 80 מ""ל",,PL,קרם ידיים וציפור,מיליליטרים,80.00,"100 מ""ל",false,1,11.90,14.88,true,1,
5901887018223,false,"ziaja - קרם גוף משקם מחלב עיזים 400 מ""ל",,PL,קרם גוף חלב עיזי,מיליליטרים,400.00,"100 מ""ל",false,1,21.90,5.48,true,1,
5901887018230,false,"ziaja - חמאת גוף משקמת מחלב עיזים 75 מ""ל",,PL,חמאת גוף חלב עיז,מיליליטרים,200.00,"100 מ""ל",false,1,24.90,12.45,true,1,
5901887026778,false,"jasmine - קרם יום אנטי אייג'ינג לעור בוגר 50+ 30 מ""ל",,PL,יסמין קרם יום,מיליליטרים,30.00,"100 מ""ל",false,1,24.90,83.00,true,1,
5901887026785,false,"jasmine - קרם לילה אנטי אייג'ינג לעור בוגר 50+ 50 מ""ל",,PL,יסמין ק.לילה,מיליליטרים,50.00,"100 מ""ל",false,1,24.90,49.80,true,1,
5901887026792,false,"jasmine - סרום אנטי אייג'ינג לעור בוגר 50+ 30 מ""ל",,PL,יסמין סרום לגיל,מיליליטרים,30.00,"100 מ""ל",false,1,24.90,83.00,true,1,
5901887026808,false,"jasmine - קרם עיניים לעור בוגר 50+ 15 מ""ל",,PL,יסמין ק.עיניים,מיליליטרים,15.00,"100 מ""ל",false,1,21.90,146.00,true,1,
5901887026815,false,"jasmine - מים מיסלריים 50+ 200 מ""ל",,PL,יסמין מים מיסלרי,מיליליטרים,200.00,"100 מ""ל",false,1,18.90,9.45,true,1,
5901887029649,false,"manuka - מי פנים מטהרים 200 מ""ל",,PL,מנוקה מי פנים,מיליליטרים,200.00,"100 מ""ל",false,1,15.90,7.95,true,1,
5901887029656,false,"manuka - ג'ל לניקוי פנים 200 מ""ל",,PL,מנוקה ג'ל לניקוי,מיליליטרים,200.00,"100 מ""ל",false,1,18.90,9.45,true,1,
5901887029663,false,"manuka - קרם יום 50 מ""ל",,PL,manuka קרם יום,מיליליטרים,50.00,"100 מ""ל",false,1,19.90,39.80,true,1,
5901887029670,false,"מנוקה קרם לילה 50 מ""ל",,PL,מנוקה קרם לילה,יחידה,1.00,יחידה,false,1,19.90,19.90,true,1,
5901887029687,false,מנוקה משחת פילינג לניקוי,,PL,מנוקה משחת פילינ,מיליליטרים,75.00,"100 מ""ל",false,1,19.90,26.53,true,1,
5901887043751,false,"ziaja - סרום לפנים מחלב עיזים 50 מ""ל",,PL,סרום ממריץ ומחלי,מיליליטרים,50.00,"100 מ""ל",false,1,24.90,49.80,true,1,
5901887043768,false,"ziaja - סבון לניקוי פנים מחלב עיזים 200 מ""ל",,PL,תרחיץ ג'ל לפנים,מיליליטרים,200.00,"100 מ""ל",false,1,14.90,7.45,true,1,
5901887043775,false,פיליניג פנים וצוואר,,PL,פיליניג פנים וצו,מיליליטרים,75.00,"100 מ""ל",false,1,19.90,26.53,true,1,
5901887043782,false,"ziaja - סקראב לפנים מחלב עיזים 75 מ""ל",,PL,מיקרו פילינג לפנ,מיליליטרים,75.00,"100 מ""ל",false,1,14.90,19.87,true,1,
5902198160403,false,XL משקה אנרגיה מוגז ללא סוכר עד 10 קלוריות לפחית 250 מל,"טמפו משקאות בע""\מ",IL,משקה אנרגיה,מיליליטרים,250.00,"100 מ""ל",false,1,5.90,2.36,true,1,
5902503586393,false,לנקום מארז ביוטי טו גו - רנרגי,לוריאל,FR,ערכת התנסות לנקו,יחידה,1.00,יחידה,false,1,89.00,89.00,true,1,
5902503695804,false,תיק חג אדום לוריאל,,CN,תיק חג אדום,יחידה,1.00,יחידה,false,1,19.90,19.90,true,1,
5902503922900,false,לוריאל פריז תיק איפור יח,,CN,לור פריז תיק איפ,יחידה,1.00,יחידה,false,1,29.90,29.90,true,1,
5906485301012,false,"משקה אנרגיה XL פחית 250 מ""ל","טמפו משקאות בע""מ",IL,משקה אנרגיה XL,מיליליטרים,250.00,"100 מ""ל",false,0,5.90,2.36,true,1,
5906513003437,false,גרדן אואזיס מארז מקופלת 3 יח,ניקנור,IL,מארז מקופלת,יחידה,1.00,יחידה,false,0,29.90,29.90,true,1,
5906750815923,false,"ערכת צביעה לגבות 1.0 שחור 15 מ""ל",,CN,ערכת צביעה לגבות,יחידה,1.00,יחידה,false,1,29.90,29.90,true,1,
5906750815930,false,"ערכת צביעה לגבות 4.0 חום 15 מ""ל",,CN,ערכת צביעה לגבות,יחידה,1.00,יחידה,false,1,29.90,29.90,true,1,
5907245715414,false,תיק מתנה יולי-אוקטובר 22,לנקום,FR,תיק מתנה יולי-או,יחידה,1.00,יחידה,false,1,59.00,59.00,true,1,
6001051002320,false,לבלו שפתון וניל,ביירסדורף,DE,לבלו וניל,יחידה,1.00,יחידה,false,0,14.90,14.90,true,1,
6001159112129,false,שמן לטיפול בריכוך צלקות,דנשר,ZA,Oil Bio שמן,מיליליטרים,125.00,"100 מ""ל",false,0,118.90,95.12,true,1,
6001159125631,false,ביו אויל שמן לטיפוח העור טבעי 60 מל,דנשר,ZA,שמן לטיפוח העור,מיליליטרים,60.00,"100 מ""ל",false,1,75.00,125.00,true,1,
6085010044712,false,"קלאב דה נויט אינטנס ארמאף - א.ד.ט 105 מ""ל",פרפיום קוסמטיקס,FR,NUIT DE CLUB,מיליליטרים,105.00,"100 מ""ל",false,1,119.00,113.33,true,1,
6085010094151,false,"קלאב דה נואיט Club De Nuit א.ד.פ לאישה 105 מ""ל",ארמף Armaf,FR,nuit de club א.ד,מיליליטרים,105.00,"100 מ""ל",false,1,99.00,94.28,true,1,
6291100130122,false,"אמבר אוד גולד אדישן אדפ אל חרמין 100 מ""ל",,AE,אמבר אוד גולד אד,מיליליטרים,100.00,"100 מ""ל",false,1,199.00,199.00,true,1,
6291100130153,false,"אמבר אוד בלו אדישן אדפ לגבר 60 מ""ל אל חרמיין",,AE,אמבר אוד בלו אדי,מיליליטרים,60.00,"100 מ""ל",false,1,199.00,331.67,true,1,
6291100131587,false,אמבר אוד גולד אדישן אדפ,,AE,אמבר אוד גולד אד,מיליליטרים,200.00,"100 מ""ל",false,1,279.00,139.50,true,1,
6291104445116,false,נעל זהב OASIS GARDEN מאר,פארמה דיל,IL,נעל זהב,יחידה,1.00,יחידה,false,1,59.00,59.00,true,1,
6291104445123,false,GARDEN OASISמארז 4פריטים פרחוני בניחוח אביב,פארמה דיל,IL,מארז פרחוני,יחידה,1.00,יחידה,false,1,39.90,39.90,true,1,
6291106813074,false,"גולד אדישן אקסטרים200מ""ל",HARAMAIN AL,AE,גולד אדישן אקסטר,מיליליטרים,200.00,"100 מ""ל",false,1,299.00,149.50,true,1,
6294015102529,false,"אל סיילו אדפ 100 מ""ל",,IL,אל סיילו אדפ,מיליליטרים,100.00,"100 מ""ל",false,1,149.00,149.00,true,1,
6294015102642,false,"ארמאף קלאב דה נויט אורבן מן - א.ד.פ 105 מ""ל",,AE,קלאב דה נואי אור,מיליליטרים,105.00,"100 מ""ל",false,1,99.00,94.29,true,1,
6294015131024,false,"קלאב דה נואי אינסט אדפ לגבר 200 מ""ל-אראמף",,IL,קלאב דה נואי אינ,מיליליטרים,200.00,"100 מ""ל",false,1,199.00,99.50,true,1,
6295124006111,false,גרדן אואזיס מארז פרחוני,General,IL,סט ספא,יחידה,1.00,יחידה,false,1,40.00,40.00,true,1,
6295124030307,false,"סאפיל אינטנס אדט 100 מ""ל",,SA,סאפיל אינטנס אדט,מיליליטרים,100.00,"100 מ""ל",false,1,59.00,59.00,true,1,
6295124030376,false,rave Sapil אדפ אשה100מל,,AE,rave Sapil אדפ,מיליליטרים,100.00,"100 מ""ל",false,1,49.00,49.00,true,1,
6300020152357,false,"מאסק קשמיר א.ד.פ 100 מ""ל בושם יוניסקס-אטאר קולקשן",,AE,מאסק קשמיר אדפ,מיליליטרים,100.00,"100 מ""ל",false,1,349.00,349.00,true,1,
6902176502415,false,כפפות וי טריל שחורות M,,CN,כפפות וי טריל שח,יחידה,1.00,יחידה,false,1,29.90,29.90,true,1,
6902176502422,false,כפפות וי טריל שחורות L 1,,IL,כפפות וי טריל שח,יחידה,1.00,יחידה,false,1,29.90,29.90,true,1,
6928075643134,false,פאריס לבנטה אינטנס אדפ 1,,IL,פאריס לבנטה אינט,מיליליטרים,99.00,"100 מ""ל",false,1,329.00,332.32,true,1,
6937266700785,false,שיק אינטואישן סנסטיב סכיני גילוח שלישייה 84 ג',שסטוביץ,CN,שיק 3 סכינים,יחידה,1.00,יחידה,false,1,37.90,37.90,true,1,
6937266703472,false,שיק היידרו 5 סילק סכינים רביעייה,ארץ ייצור סכינים: ארהבn\,CN,שיק היידרו סילק,יחידה,1.00,יחידה,false,1,54.90,54.90,true,1,
6940176633449,false,LOL סט איפור לבבות,,CN,סט LOL איפור,יחידה,1.00,יחידה,false,0,25.90,25.90,true,1,
6973350160004,false,מסכת ילדים 10יח תלת שכב,פארמה דיל,IL,מסכת ילדים חד פע,יחידה,1.00,יחידה,false,1,10.00,10.00,true,1,
7038513909117,false,גורדן קסמי שיניים פלואוריד/מינט אקסטרה ט,ג'ורדן,MY,קיסמי שיניים,יחידה,1.00,יחידה,false,0,22.90,22.90,true,1,
7038516140357,false,מברשת שיניים ג'ורדן טוטל סופט מארז 4 יחידות,מיוצר במלזיה עבור ג',NO,מברשת שיניים,יחידה,1.00,יחידה,false,0,10.00,10.00,true,1,
7038516860002,false,ג'ורדן מנקה לשון,ג'ורדן,IL,ג'ורדן מנקה לשון,יחידה,1.00,יחידה,false,0,18.90,18.90,true,1,
7046110028001,false,מברשת שיניים גרין קלין,,MY,מברשת שיניים גרי,יחידה,1.00,יחידה,false,1,10.00,10.00,true,1,
7046110060636,false,גורדן מברשת CHANGE למבוגרים צבע כחול,דנטלון,MY,מברשת שיניים ch,יחידה,1.00,יחידה,false,1,21.90,21.90,true,1,
7046110064016,false,ג'ורדן מארז זוג מברשת שיניים לילדים מגיל 3-5,דנטלון,MY,מברשות שיניים,יחידה,1.00,יחידה,false,0,15.00,15.00,true,1,
7046110064139,false,ג'ורדן מ.שיניים אינדיבידואל ריץ מארז זוג,דנטלון,MY,מברשות שיניים,יחידה,1.00,יחידה,false,0,20.00,20.00,true,1,
7046110064535,false,מארז זוג מברשת שיניים ג'ורדן ילדים 0-2,ג'ורדן Jordan,MY,מברשות שיניים,יחידה,1.00,יחידה,false,0,15.00,15.00,true,1,
7046110066034,false,גורדן מברשת אינטרדנטל פלקטרום MICRO 10יח,ג'ורדן,IL,Mמ.שיניים ג'ורדן,יחידה,1.00,יחידה,false,0,39.90,39.90,true,1,
7046110066065,false,גורדן מברשת אינטרדנטל פלקטרום MIDI,ג'ורדן,IL,L מ.שיניים ג'ורד,יחידה,1.00,יחידה,false,0,39.90,39.90,true,1,
7046110066096,false,גורדן מברשת אינטרדנטל פלקטרום MINI 10 יח,ג'ורדן,IL,Sמ.שיניים ג'ורדן,יחידה,1.00,יחידה,false,0,39.90,39.90,true,1,
7046110069868,false,גורדן מברשת שיניים לילדים 9+ SMILE,ג'ורדן,IL,ג'ורדן מברשות שנ,יחידה,1.00,יחידה,false,0,14.90,14.90,true,1,
7046110070192,false,גורדן שלישייה מברשות שיניים קלין סמייל,דנטלון,MY,3 מברשות שיניים,יחידה,1.00,יחידה,false,0,13.90,13.90,true,1,
7046110071519,false,"ג'ורדן משחת שיניים לילדים( 2-6 ) 50מ""ל",דנטלון,IL,משחת שיניים,מיליליטרים,50.00,"100 מ""ל",false,1,11.90,23.80,true,1,
7046110071618,false,גורדן קיסם מבריש גדול 20 יח,דנטלון,IL,ג'ורדן קיסם מברי,יחידה,1.00,יחידה,false,0,26.90,26.90,true,1,
7290000060071,false,אוסם - חטיפי פריכונים מאורז מלא קלוי 80גר,"פרח תעשיות מזון בע""מ.",IL,חטיפי פריכונים,גרמים,80.00,100 גרם,false,0,9.90,12.38,true,1,
7290000063140,false,שקדי מרק רכיבים טבעיים בשקית 400 ג' אסם,"אסם תעשיות בע""מ",IL,שקדי מרק אסם,גרמים,400.00,100 גרם,false,0,14.90,3.73,true,1,
7290000065977,false,חטיפי פריכונים תירס שומשום אסם 80 גרם,"פרח תעשיות מזון בע""מ.",IL,פריכונים תירס,גרמים,80.00,100 גרם,false,0,9.90,12.38,true,1,
7290000066141,false,ביסלי חטיף בטעם גריל אסם 70 גרם,"אסם השקעות בע""\מ",IL,ביסלי גריל,גרמים,70.00,100 גרם,false,0,5.90,8.43,true,1,
7290000066264,false,דובונים חטיף תפוחי אדמה אסם 40 גרם,"אסם השקעות בע""\מ",IL,חטיפי דובונים,גרמים,40.00,100 גרם,false,0,5.30,13.25,true,1,
7290000066318,false,במבה חטיף בוטנים אסם 80 גרם,"אסם השקעות בע""\מ",IL,במבה,גרמים,80.00,100 גרם,false,0,6.90,8.63,true,1,
7290000066332,false,אפרופו חטיף תירס אסם 50 גרם,מיוצר עי קונדיטוריית,IL,חטיף אפרופו,גרמים,50.00,100 גרם,false,0,6.90,13.80,true,1,
7290000066431,false,פופקו חטיף פופקורן בטעם חמאה ודבש אסם 80 גרם,מיוצר עי קונדיטוריית,IL,חטיף פופקו,גרמים,80.00,100 גרם,false,0,7.90,9.88,true,1,
7290000068770,false,במבה יום הולדת חטיף בוטנים אסם 80 גרם,"אסם השקעות בע""\מ",IL,במבה יום הולדת,גרמים,80.00,100 גרם,false,0,6.90,8.63,true,1,
7290000072753,false,קפה נמס מגורען טסטרס צ'ויס 200 גרם-,נסטלה קוריאה - קפה,KR,קפה טסטרס צ'ויס,גרמים,200.00,100 גרם,false,0,34.90,17.45,true,1,
7290000073750,false,מנה חמה נודלס אטר+ירקות טעם עוף 70 גרם,PUB FOODS PRESIDENT THAI,TH,מנה חמה נודלס,גרמים,70.00,100 גרם,false,0,7.90,11.29,true,1,
7290000074245,false,אוסם - קרם קרקר אסם 250 גרם,"אסם השקעות בע""\מ",IL,קרם קרקר אסם,גרמים,250.00,100 גרם,false,0,11.90,4.76,true,1,
7290000075204,false,אוסם - לחמית חיטה מלאה 250 גרם,"אסם השקעות בע""\מ",IL,לחמית חיטה מלאה,גרמים,250.00,100 גרם,false,0,11.90,4.76,true,1,
7290000077253,false,אוסם - לחמית כפרית עם דגנים מלאים 190 גרם,"אסם השקעות בע""\מ",IL,לחמית כפרית,גרמים,190.00,100 גרם,false,0,12.90,6.79,true,1,
7290000078762,false,אוסם - חטיפי פריכונים מאורז מלא בטעם דבש 80גר,סנורייס בלגיום אן. ו,GB,חטיפי פריכונים,גרמים,80.00,100 גרם,false,0,9.90,12.38,true,1,
7290000112220,false,טחינה גולמית שומשום טהור בארכה 500 גרם,"רושדי תעשיות מזון בע""\מ",IL,טחינה גולמית,גרמים,500.00,100 גרם,false,0,13.90,2.78,true,1,
7290000135045,false,"XL TEN משקה אנרגיה פתוח ללא סוכר 250 מ""ל","טמפו משקאות בע""\מ",IL,TEN XL בטעם תפוח,מיליליטרים,250.00,"100 מ""ל",false,1,5.90,2.36,true,1,
7290000135052,false,"XL TEN משקה אנרגיה מנגו ללא סוכר 250 מ""ל","טמפו משקאות בע""\מ",IL,TEN XL בטעם מנגו,מיליליטרים,250.00,"100 מ""ל",false,1,5.90,2.36,true,1,
7290000135151,false,"טמפו סודה למון ליים בקבוק 250 מ""ל",טמפו משקאות בעמ,IL,סודה בנגיעות למו,מיליליטרים,275.00,"100 מ""ל",false,1,3.90,1.42,true,1,
7290000146645,false,הוואי - סבון מוצק שחור מסתורי 100 גרם רביעייה,טרופיקל דגיל קוסמטיק,IL,סבון הוואי 4 יח,גרמים,400.00,100 גרם,false,0,13.90,3.48,true,1,
7290000146669,false,הוואי - סבון מוצק שמיים כחולים 100 גרם רביעייה,טרופיקל דגיל קוסמטיק,IL,סבון הוואי 4 יח,גרמים,400.00,100 גרם,false,0,13.90,3.48,true,1,
7290000146928,false,"משחת שיניים לילדים בטעם ענבים טום וג'רי 50 מ""ל",טרופיקל דגיל קוסמטיק,IL,משחת טום וג'רי,מיליליטרים,50.00,"100 מ""ל",false,0,9.90,19.80,true,1,
7290000146997,false,משחת שיניים לילדים מסטיק טום וג'רי 50 מל,טרופיקל דגיל קוסמטיק,IL,משחת טום וג'רי,מיליליטרים,50.00,"100 מ""ל",false,0,9.90,19.80,true,1,
7290000170053,false,"שוקולד פרה חלב 100 גרם בד""צ לל""ג","שטראוס גרופ בע""\מ.",IL,שוקולד פרה חלב,גרמים,100.00,100 גרם,false,0,6.90,6.90,true,1,
7290000176062,false,קפה טורקי בשקית 100 ג' עלית,שטראוס קפה בי.ויn\.,IL,קפה טורקי בצלופן,גרמים,100.00,100 גרם,false,0,12.90,12.90,true,1,
7290000178707,false,תפוצ'יפס בטעם טבעי 50 גרם,"שטראוס פריטו ליי בע""\מ )",IL,חטיף תפוצ'יפס,גרמים,50.00,100 גרם,false,0,4.90,9.80,true,1,
7290000186030,false,מארז רביעייה מגבוני בתחליב וויטמין E האגיס,קימברלי קלארק,IL,מגבונים עם תחליב,יחידה,1.00,יחידה,false,0,34.90,34.90,true,1,
7290000188553,false,קוטקס מגן תחתון יאנג ביג 60 יחידות,קימברלי קלארק,CN,מגן תחתון קוטקס,יחידה,1.00,יחידה,false,0,21.90,21.90,true,1,
7290000188591,false,קוטקס מגן תחתון יאנג ביג 60 יחידות,קימברלי קלארק,CN,מגן תחתון קוטקס,יחידה,1.00,יחידה,false,0,21.90,21.90,true,1,
7290000189598,false,מטליות לחות חד פעמיות לניקוי כללי 50 יח' ניקול,עלבד משואות יצחק בעמ,IL,מטליות ניקול,יחידה,1.00,יחידה,false,0,13.90,13.90,true,1,
7290000190853,false,לילי פיור נייר טואלט דו שכבתי לבן 30 גלילים,לילי נייר טואלט חוגלה,IL,נייר טואלט לילי,מטרים,537.00,100 מטר,false,0,44.90,8.36,true,1,
7290000191225,false,חיתולים ליטל בייביז מידה 2 האגיס 46 יחידות,קימברלי קלארק שיווק,IL,האגיס ליטל בייבי,יחידה,1.00,יחידה,false,1,36.90,36.90,true,1,
7290000191539,false,חמישיית ממחטות טישו צבועני לילי 100 יחידות,חוגלה קימברלי,IL,מגבוני לילי 90*5,יחידה,1.00,יחידה,false,0,19.90,19.90,true,1,
7290000191546,false,ממחטות טישו צבעוני 2 שכבות לילי מארז 100X3יח',חוגלה קימברלי,IL,לילי צבעוני90*3,יחידה,1.00,יחידה,false,0,11.90,11.90,true,1,
7290000191645,false,"חיתולים האגיס ליטל בייביס ניו בורן שלב 1 עד 4 ק""ג",קימברלי קלארק ארהב,US,חיתולי האגיס,יחידה,1.00,יחידה,false,0,36.90,36.90,true,1,
7290000191652,false,שלישיית ממחטות אולטרה סופט קלינקס 90 יחידות,חוגלה קימברלי,IL,קלינקס מעוצב 3יח,יחידה,1.00,יחידה,false,0,13.90,13.90,true,1,
7290000193083,false,נובה-לי תחבושות היגייניות לילי 28 יחידות,חוגלה קימברלי,CZ,תחבושות נובה לי,יחידה,1.00,יחידה,false,0,9.90,9.90,true,1,
7290000193205,false,תחבושות עם כנפיים ללילה נטורל לילי 20 יחידות,חוגלה קימברלי,BE,תחבושות לילי,יחידה,1.00,יחידה,false,0,14.90,14.90,true,1,
7290000193472,false,מגן תחתון נטורל נורמל לילי 60 יחידות,חוגלה קימברלי,ES,פדיות לילי,יחידה,1.00,יחידה,false,0,14.90,14.90,true,1,
7290000193540,false,מגן תחתון לונג נטורל לילי 52 יחידות,חוגלה קימברלי,ES,פדיות לילי,יחידה,1.00,יחידה,false,0,14.90,14.90,true,1,
7290000193618,false,לילי אינטימייט מגן תחתון נורמל 24 יח',חוגלה קימברלי,ES,פדיות לילי נטורל,יחידה,1.00,יחידה,false,0,14.90,14.90,true,1,
7290000193649,false,תחבושות עם כנפיים נורמל פלוס לילי 24 יחידות,חוגלה קימברלי,ES,תחבושות לילי,יחידה,1.00,יחידה,false,0,14.90,14.90,true,1,
7290000193656,false,תחבושות עם כנפיים סופר פלוס לילי 24 יחידות,חוגלה קימברלי,ES,תחבושות לילי,יחידה,1.00,יחידה,false,0,14.90,14.90,true,1,
7290000194141,false,שקמה מכנסון גזרתי סופר נייט XL,חוגלה קימברלי,IL,מכנסוני שקמה,יחידה,1.00,יחידה,false,1,69.90,69.90,true,1,
7290000194288,false,משטח החתלה האגיס 10 יחידות,חוגלה קימברלי,BE,משטח החתלה האגיס,יחידה,1.00,יחידה,false,0,19.90,19.90,true,1,
7290000195537,false,מגבונים לחים לעור רגיש ללא בישום האגיס 4*64 יחידות,חוגלה קימברלי,IL,מגבונים האגיס 4י,יחידה,1.00,יחידה,false,0,26.90,26.90,true,1,
7290000195773,false,רביעיית מגבון אלוורה ושקד האגיס 64 יחידות,חוגלה קימברלי,IL,מגבונים האגיס 4י,יחידה,1.00,יחידה,false,0,26.90,26.90,true,1,
7290000197425,false,חיתולים פרידום דריי שלב 3 האגיס 52 יחידות,קימברלי קלארק ישראל,IL,חיתולי האגיס,יחידה,1.00,יחידה,false,0,49.90,49.90,true,1,
7290000197456,false,חיתולים פרידום דריי שלב 4 האגיס 44 יחידות,קימברלי קלארק ישראל,IL,חיתולי האגיס,יחידה,1.00,יחידה,false,0,49.90,49.90,true,1,
7290000197463,false,חיתולים פרידום דריי שלב +4 האגיס 40 יחידות,קימברלי קלארק ישראל,IL,חיתולי האגיס,יחידה,1.00,יחידה,false,0,49.90,49.90,true,1,
7290000197548,false,חיתולים פרידום דריי שלב 5 האגיס 36 יחידות,קימברלי קלארק ישראל,IL,חיתולי האגיס,יחידה,1.00,יחידה,false,0,49.90,49.90,true,1,
7290000197678,false,חיתולי האגיס פרידום דריי שלב 6 30 יחידות,קימברלי קלארק ישראל,IL,חיתולי האגיס,יחידה,1.00,יחידה,false,0,49.90,49.90,true,1,
7290000199313,false,קוטקס יאנג תחבושות עם כנפיים נורמל חדש30,חוגלה קימברלי,CZ,קוטקס תחבושות,יחידה,1.00,יחידה,false,0,21.90,21.90,true,1,
7290000201818,false,טיטולים פרימיום שלב 2 64 יחידות,חוגלה קימברלי,IL,טיטולים פרימיום,יחידה,1.00,יחידה,false,1,33.90,33.90,true,1,
7290000201832,false,טיטולים פרימיום שלב 3 50 יחידות,חוגלה קימברלי,IL,טיטולים פרימיום,יחידה,1.00,יחידה,false,1,33.90,33.90,true,1,
7290000201849,false,טיטולים פרימיום שלב 4 42 יח' (8-14),חוגלה קימברלי,IL,טיטולים פרימיום,יחידה,1.00,יחידה,false,1,33.90,33.90,true,1,
7290000201856,false,טיטולים פרימיום שלב4+ 38 יחידות .,חוגלה קימברלי,IL,טיטולים פרימיום,יחידה,1.00,יחידה,false,1,33.90,33.90,true,1,
7290000201863,false,טיטולים פרימיום שלב 5 34 יחידות,חוגלה קימברלי,IL,טיטולים פרימיום,יחידה,1.00,יחידה,false,1,33.90,33.90,true,1,
7290000201870,false,טיטולים פרימיום שלב 6 30 יחידות,חוגלה קימברלי,IL,טיטולים פרימיום,יחידה,1.00,יחידה,false,1,33.90,33.90,true,1,
7290000203560,false,סדיניה שקמה 15 יחידות,חוגלה קימברלי,IL,סדיניה שקמה,יחידה,1.00,יחידה,false,0,51.90,51.90,true,1,
7290000205762,false,חיתולי האגיס אקסטרה קר מידה 3 48 יחידות,חוגלה קימברלי,IL,חיתולי האגיס,יחידה,1.00,יחידה,false,1,59.90,59.90,true,1,
7290000205915,false,חיתולי האגיס אקסטרה קייר מידה 4 40 יחידות,חוגלה קימברלי,IL,חיתולי האגיס,יחידה,1.00,יחידה,false,1,59.90,59.90,true,1,
7290000244143,false,"הוואי - קרם לאחר גילוח 120 מ""ל",טרופיקל דגיל קוסמטיק,IL,קרם לאחר גילוח,גרמים,120.00,100 גרם,false,0,15.00,12.50,true,1,
7290000244761,false,"קרם ידיים ולווטה 100 מ""ל",טרופיקל דגיל קוסמטיק,IL,קרם ידיים ולווטה,מיליליטרים,100.00,"100 מ""ל",false,0,9.90,9.90,true,1,
7290000262413,false,חיתולי האגיס אקסטרה קייר מידה 5 34 יחידות,חוגלה קימברלי,IL,חיתולי האגיס,יחידה,1.00,יחידה,false,1,59.90,59.90,true,1,
7290000263359,false,חיתולים ליטל בייביז מידה 1 האגיס 40 יחידות,קימברלי קלארק שיווק,IL,חיתולי האגיס,יחידה,1.00,יחידה,false,0,36.90,36.90,true,1,
7290000264752,false,רדיד אלומיניום זוג עם הטבעה ניקול,חוגלה קימברלי,IL,רדיד אלומיניום2*,מטרים,15.00,מטר,false,1,11.90,0.79,true,1,
7290000286228,false,ספוגיות לניקוי כללי סנו סושי 6 יחידות,סנו מפעלי ברונו בעמ,IL,ספוגיות לכלים6יח,יחידה,1.00,יחידה,false,0,14.90,14.90,true,1,
7290000288079,false,סנו - ז'אוול אקונומיקה לימון 2 ליטר,"סנו מפעלי ברונוס בע""מ",IL,סנו JAVEL מלבין,ליטרים,2.00,ליטר,false,0,13.90,6.95,true,1,
7290000288420,false,סנו די תרסיס דוחה יתושים,סנו מפעלי ברונוס בע',IL,תרסיס סנו די,מיליליטרים,175.00,"100 מ""ל",false,0,21.90,12.51,true,1,
7290000288727,false,סנו מקסימה אבקת כביסה מאסק מילוי 1.25,קריות זול,IL,אבקת כביסה,קילוגרמים,1.25,"ק""ג",false,0,12.90,10.32,true,1,
7290000289069,false,סנו - ז'אוול מרסס קצף ניקוי בתוספת אקונומיקה בריח לימון 1 ליטר,"סנו מפעלי ברונוס בע""מ",IL,סנו ג'אוול מרסס,ליטרים,1.00,ליטר,false,0,19.90,19.90,true,1,
7290000289595,false,"אורביטול משחת שיניים לילדים בטעם תות שדה 145 מ""ל",טרופיקל דגיל תעשיות קוסמ,IL,משחת שיניים,גרמים,145.00,100 גרם,false,0,11.90,8.21,true,1,
7290000292687,false,סנובון מוצק לניקוי אסלה קלאסיק כחול סנו 3 יחידות,מיוצר עי קונדיטוריית,IL,סנובון כחול 3 יח,גרמים,165.00,100 גרם,false,0,18.90,11.45,true,1,
7290000293943,false,"מרסס לבן מסיר אבנית 1 ליטר אנטי קאלק ""סנו""",מיוצר עי קונדיטוריית,IL,סנו אנטי קאלק,ליטרים,1.00,ליטר,false,0,17.90,17.90,true,1,
7290000295336,false,סנו מקסימה אבקת כביסה סנסטיב מילוי1.25,סנו מפעלי ברונוס בעמ,IL,אבקת כביסה,קילוגרמים,1.25,"ק""ג",false,0,12.90,10.32,true,1,
7290000347738,false,תה ירוק נענע ויסוצקי 25 יחידות,תה ויסוצקי,IL,תה ירוק נענע,גרמים,37.00,100 גרם,false,0,21.90,59.19,true,1,
7290000347752,false,תה ירוק לימונית ולואיזה 25 שקיקים *1.5 ג'' ויסוצקי,תה ויסוצקי,IL,תה ירוק לימונית,גרמים,37.00,100 גרם,false,0,21.90,59.19,true,1,
7290000412481,false,נוזל לניקוי אסלות 00 סנו 1 ליטר,מיוצר עי קונדיטוריית,IL,"מנקה אסלות 00""",ליטרים,1.00,ליטר,false,0,9.90,9.90,true,1,
7290000420325,false,"פופסטאר פופקורן למקירוגל בטעם טבעי 5 שקיות,500 גרם",פרסטון פארמס,US,פופקורן למיקרו,גרמים,500.00,100 גרם,false,0,17.90,3.58,true,1,
7290000442044,false,פמינה תחליב רחצה אינטימי חמוציות 220 מל,פמינה,IL,פמינה חמוציות,מיליליטרים,220.00,"100 מ""ל",false,0,29.90,13.59,true,1,
7290000442310,false,טפטפים בייביסקין משחה לטוסיק מבושם 100,"רצט שקיים בע""מ",IL,בייביסקין משחה,גרמים,100.00,100 גרם,false,0,14.90,14.90,true,1,
7290000480107,false,קוואקר שיבולת שועל פחית 500 גרם,וולקרס סנקס לימיטד,GB,קוואקר שיבולת,גרמים,500.00,100 גרם,false,0,16.90,3.38,true,1,
7290000560021,false,אדג' ג'ל ורוד נגד חתכים 198ג',המאפיה של הרמן,US,ג'ל גילוח אדג',גרמים,198.00,100 גרם,false,0,18.90,9.55,true,1,
7290000560533,false,אדג' ג'ל גילוח ירוק לעור רגיל 198גרם,אס.סי ג'ונסון ובניו,US,אדג' ג'ל לגילוח,גרמים,198.00,100 גרם,false,0,18.90,9.55,true,1,
7290000560540,false,אדג' ג'ל גילוח כתום לעור רגיש 198גרם,המאפיה של הרמן,US,אדג' ג'ל לגילוח,גרמים,198.00,100 גרם,false,0,18.90,9.55,true,1,
7290000560588,false,אדג גל גילוח רגיש 78 גרם,General,US,אדג' ג'ל גילוח,גרמים,78.00,100 גרם,false,0,13.90,17.82,true,1,
7290000689180,false,בליסטקס שפתון-סטיק מנטה,מדיליין פריגו,IL,בליסטיק סטיק,יחידה,1.00,יחידה,false,0,15.90,15.90,true,1,
7290000803067,false,"משחת שיניים לילדים גילאים 6-2 אלמקס 75 מ""ל",הנסיך- מפעל לייצור ט,PL,משחת שיניים,מיליליטרים,75.00,"100 מ""ל",false,0,17.90,23.87,true,1,
7290000803180,false,"מרידול - מי פה שטיפה דנטלית 400 מ""ל",קולגייט פלמוליב,CH,שטיפה מרידול,מיליליטרים,400.00,"100 מ""ל",false,0,29.90,7.48,true,1,
7290000849478,false,"סרקל מרכך שיער לילדים 500 מ""ל",פישר מעבדות פרמצבטיות בע,IL,מרכך שיער סרקל,מיליליטרים,500.00,"100 מ""ל",false,0,16.90,3.38,true,1,
7290000849492,false,"סרקל שמפו לילדים 500 מ""ל",פישר מעבדות פרמצבטיות בע,IL,שמפו לילדים,מיליליטרים,500.00,"100 מ""ל",false,0,16.90,3.38,true,1,
7290001136362,false,נקה 7 תחליב רחצה אלוורה ארומה ירוק 1 ל',מיוצר בסין.יבוא ושיו,IL,תחליב רחצה נקה 7,ליטרים,1.00,ליטר,false,0,14.90,14.90,true,1,
7290001136973,false,נקה 7 תחליב רחצה ארומה קמומיל לבן 1 ל',טרופיקל דגיל תעשיות,IL,תחליב רחצה נקה 7,ליטרים,1.00,ליטר,false,0,14.90,14.90,true,1,
7290001225066,false,מחדד יח',גייד,CN,מחדד,יחידה,1.00,יחידה,false,0,29.90,29.90,true,1,
7290001229231,false,לק43.,גייד,FR,לק43.,יחידה,1.00,יחידה,false,0,19.00,19.00,true,1,
7290001229903,false,לק קריסטל 80 יח',גייד,FR,לק קריסטל 80,יחידה,1.00,יחידה,false,0,19.00,19.00,true,1,
7290001470619,false,סופט טאץ חוחובה סרום 30 מל,סופט טאץ',IL,סרום חוחבה,מיליליטרים,30.00,"100 מ""ל",false,0,68.90,229.67,true,1,
7290001559871,false,DRY QUICK לק ייבוש,גייד,FR,DRY QUICK לק,יחידה,1.00,יחידה,false,0,19.00,19.00,true,1,
7290001676530,false,מחזק ציפורניים,קרליין,IL,מחזק ציפורניים,יחידה,1.00,יחידה,false,0,14.90,14.90,true,1,
7290001713150,false,סנט מוריץ מתז אקונומיקה Bleach קצף לימון 1 ליטר,קומפלקס כימיקלים בעמ,IL,קצף ניקוי,ליטרים,1.00,ליטר,false,1,9.90,9.90,true,1,
7290001713167,false,סנט מוריץ - מרסס קצף ניקוי 1 ליטר סניטרי אפור,קומפלקס כימיקלים בעמ,IL,קצף ניקוי,ליטרים,1.00,ליטר,false,1,9.90,9.90,true,1,
7290001713662,false,מרכך כביסה pure בניחוח מלון רויאל 1 ל' סנט מוריץ,"קומפלקס כימיקלים בע""",TR,מרכך כביסה בניחו,ליטרים,1.00,ליטר,false,1,11.90,11.90,true,1,
7290001817728,false,צ'יטוס אפוי כאפה בטעם קטשופ 55 גרם,"שטראוס פריטו ליי בע""\מ )",IL,צ'יטוס כפאה,גרמים,55.00,100 גרם,false,0,3.90,7.09,true,1,
7290001865439,false,פמילי אל סבון נוזלי בניחוח וניל 1 ליטר,אף.סי תבליני בגליל ב,IL,סבון נוזלי פמלי,ליטרים,1.00,ליטר,false,0,12.90,12.90,true,1,
7290001865453,false,פמילי לקשרי 1 ליטר לבנדר ארומטי+משאבה,מיוצר עי קונדיטוריית,TR,סבון נוזלי פמלי,ליטרים,1.00,ליטר,false,0,12.90,12.90,true,1,
7290001973233,false,"קמיל בלו מגבונים לחים סנסיטיב ד""ר פישר 120 יחידות",פישר מעבדות פרמצבטיות,IL,מגבונים +דיספנסר,יחידה,1.00,יחידה,false,0,13.90,13.90,true,1,
7290002000136,false,שעווה לחימום במיקרוגל - דבש ופרופוליס,"ש. שוורץ )באר שבע( בע""\מ",IL,שעוות מגע משי,גרמים,500.00,100 גרם,false,0,27.90,5.58,true,1,
7290002000143,false,"חדש -פנג'ל ק.ידיים קלאסיק 80מ""ל",מיוצר עי קונדיטוריית,IL,קרם ידיים פנג'ל,מיליליטרים,80.00,"100 מ""ל",false,0,8.50,10.63,true,1,
7290002000310,false,"מאסק אוייל פרפיום לאשה 15מ""ל",,IL,מאסק אויל אדפ,מיליליטרים,15.00,"100 מ""ל",false,0,129.00,860.00,true,1,
7290002002857,false,ניירות להסרת שיער בשעווה+ מקלון מריחה,"איטיליאן פוד, אס.פי.",IL,נייר שעווה,יחידה,1.00,יחידה,false,0,29.90,29.90,true,1,
7290002041009,false,"חלאבילין אורגינל 10 מ""ל",תעשיות שיק,IL,דאו.חלאבילין,מיליליטרים,10.00,"100 מ""ל",false,0,39.90,399.00,true,1,
7290002041368,false,"מידנייט דאודורנט ספריי 150 מ""ל",חלאבין,IL,דאודורנט ספריי,מיליליטרים,187.00,"100 מ""ל",false,0,22.90,12.25,true,1,
7290002041801,false,"קרם גוף לאב ליין 275 מ""ל",תעשיות שיק,IL,קרם גוף לאב ליין,מיליליטרים,275.00,"100 מ""ל",false,0,39.90,14.51,true,1,
7290002041818,false,"דאו.רול און מידנייט80מ""ל",תעשיות שיק,IL,דאודורנט מידנייט,מיליליטרים,80.00,"100 מ""ל",false,0,22.90,28.63,true,1,
7290002132011,false,עוגיות מזרחיות מלוחות עבאדי 400 גרם,מאפיית יוסף ושמחה עבאדי,IL,עוגיות מזרחיות,גרמים,400.00,100 גרם,false,0,18.90,4.73,true,1,
7290002360285,false,חליטת צמחים פומפדור קמומיל 20 יחידות,TEEKANNE- POMPADOU,DE,חליטת קמומיל,גרמים,30.00,100 גרם,false,0,19.90,66.33,true,1,
7290002515333,false,"ד""ר פישר - קמיל בלו סנסיטיב אל סבון עדין לתינוק 500 מ""ל",פישר מעבדות פרמצבטיות בע,IL,אלסבון קמיל בלו,מיליליטרים,500.00,"100 מ""ל",false,0,19.90,3.98,true,1,
7290002515371,false,"קמיל בלו אל סבון לתינוקות ד""ר פישר 1 ליטר",פישר מעבדות פרמצבטיות בע,IL,קמיל בלו לתינוק,ליטרים,1.00,ליטר,false,0,27.90,27.90,true,1,
7290002730262,false,"נוזל לניקוי כלים קלאסי פלמוליב 750 מ""ל",יבואן ומשווק: ש. שסט,GR,פלמוליב לכלים,מיליליטרים,750.00,"100 מ""ל",false,0,13.90,1.85,true,1,
7290002730538,false,פדיות להסרת איפור בלונס 80 יחידות,הנסיך- מפעל לייצור ט,GR,פדים להסרת איפור,יחידה,1.00,יחידה,false,0,9.90,9.90,true,1,
7290002730675,false,"קולגייט משחת שיניים אדומה משפחתי 100 מ""ל",קולגייט-פלמוליב,PL,משחת שיניים,מיליליטרים,100.00,"100 מ""ל",false,0,9.90,9.90,true,1,
7290002730811,false,"משחת שיניים ג'ל פסים מרעננים קולגייט 100 מ""ל",הנסיך- מפעל לייצור ט,PL,משחת קולגייט ג'ל,מיליליטרים,100.00,"100 מ""ל",false,0,13.90,13.90,true,1,
7290002752332,false,"סוכריות מנטוס פירות בגליל, 37.5 גרם",הדקלאים אגודת שיתופי,NL,סוכריות מנטוס,גרמים,37.00,100 גרם,false,0,3.90,10.54,true,1,
7290002752349,false,סוכריות מנטוס מנטה 40יח' בגליל 38ג',פרפטי ואן מלה,NL,סוכריות מנטוס,גרמים,37.00,100 גרם,false,0,3.90,10.54,true,1,
7290002768043,false,"תיאדנט מי-פה ענק פלאוריד 150 מ""ל",אמיליה קוסמטיקס בע'\'\מ,IL,מי פה תיאדנט,מיליליטרים,150.00,"100 מ""ל",false,0,15.90,10.60,true,1,
7290002768074,false,אל סבון נוזלי רגיל דרמפון 1 ליטר,"אמיליה קוסמטיקס בע""מ",IL,דרמפון אל סבון,ליטרים,1.00,ליטר,false,0,19.90,19.90,true,1,
7290002768159,false,"קצף אמבט בת אורן קרליין 500 מ""ל",פארק תעשיות עמק חפרמ,IL,סבון אמבט בת אור,מיליליטרים,500.00,"100 מ""ל",false,0,26.90,5.38,true,1,
7290002782131,false,"פנינה רוזנבלום - דאודורנט ספריי לאישה מס' 1 150 מ""ל",פנינה רוזנבלום,IL,דאודורנט פנינה,מיליליטרים,150.00,"100 מ""ל",false,0,36.90,24.60,true,1,
7290002814054,false,סנט מוריץ מתז אנטרטיק מתז 1 ליטר,קומפלקס כימיקלים בעמ,IL,אנטרטיק מרסס,ליטרים,1.00,ליטר,false,1,9.90,9.90,true,1,
7290002814498,false,"סנט מוריץ - מרסס חומץ לניקוי כללי 750 מ""ל",קומפלקס כימיקלים,TR,נוזל ניקוי כללי,מיליליטרים,750.00,"100 מ""ל",false,1,8.90,1.19,true,1,
7290002814542,false,סנט מוריץ שקיות אשפה 75*90 -25 יח',קומפלקס כימיקלים בעמ,CN,אשפתון,יחידה,1.00,יחידה,false,1,9.90,9.90,true,1,
7290002814610,false,סנט מוריץ מסיר שומנים מבושם שחור 1 ליטר,קומפלקס כימיקלים בעמ,IL,מסיר שומנים,ליטרים,1.00,ליטר,false,0,15.90,15.90,true,1,
7290002814870,false,"סנט מוריץ - מרסס מסיר שומנים קר מבושם לוונדר\פרחים 750 מ""ל",קומפלקס כימיקלים בעמ,IL,מסיר שומנים קר,מיליליטרים,750.00,"100 מ""ל",false,1,14.90,1.99,true,1,
7290002814887,false,מטליות רצפה לניקוי ובישום סנטמוריץ,קומפלקס כימיקלים,CN,מטליות רצפה 10יח,יחידה,1.00,יחידה,false,1,10.00,10.00,true,1,
7290003026029,false,"ד""ר פישר - קמיל בלו סנסיטיב שמפו אלדמע 500 מ""ל",פישר מעבדות פרמצבטיות בע,IL,שמפו קמיל בלו,מיליליטרים,500.00,"100 מ""ל",false,0,19.90,3.98,true,1,
7290003026036,false,"ד""ר פישר - קמיל בלו סנסיטיב אל סבון עדין לתינוק 1 ליטר",פישר מעבדות פרמצבטיות בע,IL,אל סבון קמיל בלו,ליטרים,1.00,ליטר,false,0,31.90,31.90,true,1,
7290003026197,false,"קמיל בלו סנסטיב שמן טיפולי ד""ר פישר 500 מ""ל",פישר מעבדות פרמצבטיות בע,IL,שמן עדין לתינוק,מיליליטרים,500.00,"100 מ""ל",false,0,26.90,5.38,true,1,
7290003026227,false,"קמיל בלו שמפו לתינוק סנסיטיב אל דמע ד""ר פישר 1 ליטר",פישר מעבדות פרמצבטיות בע,IL,שמפו קמיל בלו,ליטרים,1.00,ליטר,false,0,31.90,31.90,true,1,
7290003026234,false,"ד""ר פישר - קמיל בלו תחליב לתינוק 500 מ""ל",פישר מעבדות פרמצבטיות בע,IL,קרם גוף לתינוק,גרמים,500.00,100 גרם,false,0,32.90,6.58,true,1,
7290003026319,false,"קמיל בלו משחת החתלה לתינוק ד""ר פישר 120 גרם",פישר מעבדות פרמצבטיות בע,IL,משחת החתלה סנסטי,גרמים,120.00,100 גרם,false,0,21.90,18.25,true,1,
7290003047642,false,תה שחור יילו לייבל 100*1.5 ג' שקיק ליפטון,"יונילוור רוסייה בע""מ",RU,תה ילו לייבל,גרמים,150.00,100 גרם,false,0,18.40,12.27,true,1,
7290003145768,false,בוטן אמריקאי קלית גת 50 גר,ששון ושות;#039& )ש.ת. תע,IL,בוטן מצופה 50גרם,גרמים,50.00,100 גרם,false,0,3.90,7.80,true,1,
7290003227402,false,מידנייט תחליב גוף 275 מל,חלאבין,IL,קרם גוף מידנייט,מיליליטרים,275.00,"100 מ""ל",false,0,36.90,13.42,true,1,
7290003227822,false,חלאבלין SPORTS דאודורנט קרם לבית השחי,תעשיות שיק,IL,קרם דאו.חלאבילין,מיליליטרים,10.00,"100 מ""ל",false,1,39.90,399.00,true,1,
7290003320257,false,פצירות עץ ארוכות קייזר,מג'יק,IL,פצירות עץ קצרות,יחידה,1.00,יחידה,false,0,19.90,19.90,true,1,
7290003320745,false,"צבתית ציפורניים 13 ס""מ",מג'יק,IL,צבתית ציפורניים,יחידה,1.00,יחידה,false,0,119.00,119.00,true,1,
7290003387205,false,דאו' ספיד סטיק בסיסי ירוק רגיל לגבר 63ג',הנסיך- מפעל לייצור ט,US,דאודורנט סטיק,גרמים,56.00,100 גרם,false,0,17.90,31.96,true,1,
7290003401369,false,"קרם לחות לשיער חוחובה נטורל פורמולה 400 מ""ל",מיוצר עי אמיליה קוסמ,IL,קרם לחות לשיער,מיליליטרים,400.00,"100 מ""ל",false,0,18.90,4.73,true,1,
7290003401376,false,"קרם לחות ועיצוב לשיער אלוורה נטורל 400 מ""ל",מיוצר עי אמיליה קוסמ,IL,קרם לחות לשיער,מיליליטרים,400.00,"100 מ""ל",false,0,18.90,4.73,true,1,
7290003401420,false,"קרם לחות לשיער סיליקון כתום נטורל 400 מ""ל",מיוצר עי אמיליה קוסמ,IL,קרם לחות לשיער,מיליליטרים,400.00,"100 מ""ל",false,0,18.90,4.73,true,1,
7290003401635,false,נטורל פורמולה לחות מעצבת לפתיחת תלתלים,מיוצר עי אמיליה קוסמ,IL,קרם לחות לשיער,מיליליטרים,400.00,"100 מ""ל",false,0,26.90,6.73,true,1,
7290003401642,false,"קרם לחות לתלתלים טבעיים נטורל פורמולה 400 מ""ל",מיוצר עי אמיליה קוסמ,IL,קרם לחות לשיער,מיליליטרים,400.00,"100 מ""ל",false,0,26.90,6.73,true,1,
7290003423909,false,חטיף קוקיס אנד קרים לבן 43 גרם,ליימן מותגים,US,חטיף שוקולד לבן,גרמים,43.00,100 גרם,false,0,5.90,13.72,true,1,
7290003444009,false,הרשי ריזס חטיף במילוי בוטנים 42 גרם,ליימן מותגים,US,חטיף שוקולד חלב,גרמים,42.00,100 גרם,false,0,4.90,11.67,true,1,
7290003520572,false,מטריות חרובים שקית בודד (בשרוול 6 שקיות),תופינית,,מטריות שוקולד,גרמים,54.00,100 גרם,false,0,16.90,31.30,true,1,
7290003521074,false,"ד""ר פישר - סרקל מרכך שיער לילדים 1 ליטר",פישר מעבדות פרמצבטיות בע,IL,מרכך לילדים סרקל,ליטרים,1.00,ליטר,false,0,23.90,23.90,true,1,
7290003521081,false,"סרקל שמפו אל דמע לילדים ד""ר פישר 1 ליטר",פישר מעבדות פרמצבטיות בע,IL,סרקל שמפו לילדים,ליטרים,1.00,ליטר,false,0,23.90,23.90,true,1,
7290003521166,false,"ד""ר פישר - סרקל קרם רוזמרין לילדים 325 מ""ל",פישר מעבדות פרמצבטיות בע,IL,סרקל קרם רוזמרין,מיליליטרים,325.00,"100 מ""ל",false,0,25.90,7.97,true,1,
7290003917150,false,GARDEN OASIS מארז מתכת מהודר חצי עיגול,ניקנור,IL,מגש 2 כדים,יחידה,1.00,יחידה,false,0,84.90,84.90,true,1,
7290004014407,false,עדשי מ&מ'ס חמאת בוטנים46,מרס נדרלנד,US,עדשי מ&מ'ס,גרמים,46.00,100 גרם,false,1,5.00,10.87,true,1,
7290004022297,false,LINER DIP איילנר שחור,גייד,DE,LINER DIP איילנר,יחידה,1.00,יחידה,false,0,62.90,62.90,true,1,
7290004078263,false,מקלות אוזניים פלסטיק 2* 200 יחידות,ספטונה,GR,מקלוני כותנה,יחידה,1.00,יחידה,false,0,14.90,14.90,true,1,
7290004078942,false,ליידי ספיד סטיק - דאודורנט ג'ל לאישה 65 גרם,קולגייט-פלמוליב,US,דאודורנט,גרמים,65.00,100 גרם,false,0,17.90,27.54,true,1,
7290004344931,false,צבת אל חלד לעור סולינגן קייזר,,CN,צבת אל חלד לעור,יחידה,1.00,יחידה,false,1,80.00,80.00,true,1,
7290004464851,false,מידנייט U קרם גוף 400 משאבה,חלאבין,IL,קרם גוף מידנייט,מיליליטרים,400.00,"100 מ""ל",false,0,36.90,9.23,true,1,
7290004731083,false,"סבון נוזלי לידיים ג'נסינג ""כיף""",טרופיקל דגיל תעשיות,IL,אל סבון כיף,ליטרים,1.00,ליטר,false,0,12.90,12.90,true,1,
7290004731472,false,"שלישיית אלסבון צבעוני כיף 500 מ""ל",טרופיקל דגיל תעשיות,IL,אלסבון כיף 3 יח,ליטרים,1.50,ליטר,false,0,19.90,13.27,true,1,
7290004731984,false,משחת שיניים אורביטול להלבנה 145 גר,טרופיקל דגיל תעשיות קוסמ,IL,משחת אורביטול,גרמים,145.00,100 גרם,false,1,12.90,8.90,true,1,
7290005008191,false,"סבון נוזלי ארומה בניחוח לבנדר פטצ'ולי וילנג ילנג פלמוליב 500 מ""ל",הנסיך- מפעל לייצור ט,TR,סב.נוזלי פלמוליב,מיליליטרים,500.00,"100 מ""ל",false,0,18.90,3.78,true,1,
7290005008481,false,ספיד סטיק - דאודורנט ג'ל לגבר ספורט 85 גרם,הנסיך- מפעל לייצור ט,US,ספיד סטיק ג'ל,גרמים,85.00,100 גרם,false,0,17.90,21.06,true,1,
7290005084355,false,סנסודין משחת שיניים דואל קר פלואוריד 75,גלקסו סמית קליין,GB,משחת שיניים,מיליליטרים,75.00,"100 מ""ל",false,0,18.90,25.20,true,1,
7290005084737,false,טפטפים - בייביסקין קרם החתלה ללא בושם 100 גרם,כ.צ.ט,IL,בייבי סקין משחה,גרמים,100.00,100 גרם,false,0,14.90,14.90,true,1,
7290005124686,false,בליסטקס שפתון-תות,מדיליין פריגו,IL,בליסטיק סטיק,יחידה,1.00,יחידה,false,0,15.90,15.90,true,1,
7290005200786,false,תפוצ'יפס בטעם שמנת בצל עלית 50 גרם,"שטראוס פריטו ליי בע""\מ )",IL,תפוצ'יפס שמנת,גרמים,50.00,100 גרם,false,0,4.90,9.80,true,1,
7290005287206,false,רביעיית טונה בשמן סטארקיסט 160 גרם,"סטארקיסט פודור בע""מ",VN,טונה סטארקיסט4יח,גרמים,640.00,100 גרם,false,0,26.90,4.20,true,1,
7290005418709,false,"נטורל קרם לחות לקיבוע תלתלים גלי 400 מ""ל",מיוצר עי אמיליה קוסמ,IL,קרם לחות לתלתלים,מיליליטרים,400.00,"100 מ""ל",false,0,26.90,6.73,true,1,
7290005423253,false,"סנו - מקסימה מרסס למייבש כביסה אולטרה פרש 750 מ""ל","סנו מפעלי ברונוס בע""\מ",IL,מקסימה למייבש,מיליליטרים,750.00,"100 מ""ל",false,0,16.90,2.25,true,1,
7290005423369,false,סנו די קידס תחליב דוחה יתושים לילדים 100,טרופיקל דגיל תעשיות,IL,סנו די תחליב,מיליליטרים,100.00,"100 מ""ל",false,1,21.90,21.90,true,1,
7290005423567,false,מטליות ניקוי רב שימושיות בגליל סנו סושי 40 יחידות,אסותא תעשיות אלבד בע,IL,מטליות לניקוי,יחידה,1.00,יחידה,false,0,19.90,19.90,true,1,
7290005425646,false,קליר נוזל לניקוי חלונות רב תכליתי סנו 1 ליטר,"סנו מפעלי ברונוס בע""\מ",IL,סנוקליר 1 ליטר,ליטרים,1.00,ליטר,false,0,14.90,14.90,true,1,
7290005426568,false,"קרמה - קרם לחות לשיער רגיל 400 מ""ל",טרופיקל דגיל תעשיות,IL,קרם לחות קרמה,מיליליטרים,400.00,"100 מ""ל",false,0,24.90,6.23,true,1,
7290005427619,false,"כיף גל לשיער לשיער קוצים 1ק""ג",גוד פוד פרודקטס S.p,IL,ג'ל כיף לשיער,קילוגרמים,1.00,"ק""ג",false,0,23.90,23.90,true,1,
7290005427633,false,"כיף גל לשיער לשיער חזק במיוחד 1 ק""ג",קוסמופארם,IL,ג'ל כיף לשיער,קילוגרמים,1.00,"ק""ג",false,0,23.90,23.90,true,1,
7290005427770,false,"קרמה - קרם לחות לשיער לגבר 400 מ""ל",טרופיקל דגיל תעשיות,IL,קרמה לחות לשיער,מיליליטרים,400.00,"100 מ""ל",false,0,24.90,6.23,true,1,
7290005427787,false,"קרמה - קרם לחות לשיער מתולתל 400 מ""ל",טרופיקל דגיל תעשיות,IL,קרם לשיער קרמה,מיליליטרים,400.00,"100 מ""ל",false,0,24.90,6.23,true,1,
7290005427978,false,"תחליב רחצה לפנים פילינג קרמה 180 מ""ל",גוד פוד פרודקטס S.p,IL,תחליב רחצה לפנים,מיליליטרים,180.00,"100 מ""ל",false,0,15.90,8.83,true,1,
7290005430602,false,"סנו אוקסיג'ן ספריי להסרת כתמים עם חמצן פעיל 750 מ""ל","סנו מפעלי ברונוס בע""",IL,אוקסיג'ן מ.כתמים,מיליליטרים,750.00,"100 מ""ל",false,0,16.90,2.25,true,1,
7290005500688,false,"פנינה רוזנבלום מסיכה לשיקום ורודה , 1 ק""ג",פנינה רוזנבלום,IL,מסיכה לשיער,קילוגרמים,1.00,"ק""ג",false,0,39.90,39.90,true,1,
7290005587825,false,לוריאל - דרמו מסיר איפור דו פאזי 125 עברית,"קרלסרו, גרמניה",DE,מסיר איפור,מיליליטרים,150.00,"100 מ""ל",false,0,31.90,21.27,true,1,
7290005680052,false,טמפונים סופר פלוס אובה 32 יחידות,גונסון אנד גונסון,GR,טמפוני או-בה,יחידה,1.00,יחידה,false,0,30.90,30.90,true,1,
7290005930904,false,קרם רגליים שפ וניל 100מל,חלאבין,IL,קרם רגליים שפ ונ,מיליליטרים,100.00,"100 מ""ל",false,1,12.90,12.90,true,1,
7290005930935,false,קרם רגליים שפ לבנדר100מל,חלאבין,IL,קרם רגליים לבנדר,מיליליטרים,100.00,"100 מ""ל",false,1,12.90,12.90,true,1,
7290006185501,false,"פנינה רוזנבלום -אל סבון נוזלי ורוד,1 ליטר",פנינה רוזנבלום,IL,סבון נוזלי ורוד,ליטרים,1.00,ליטר,false,0,8.90,8.90,true,1,
7290006401373,false,ליגיניה סבון מרענן לשטיפה אינטימית,פייזר )קונסיומר הלט קר(,IT,ליגיניה אקטיב,מיליליטרים,200.00,"100 מ""ל",false,0,31.90,15.95,true,1,
7290006712981,false,"משחת שיניים קולגייט ספיידרמן מגיל שש 50 מ""ל",הנסיך- מפעל לייצור ט,PL,משחת שיניים,מיליליטרים,50.00,"100 מ""ל",false,0,12.90,25.80,true,1,
7290006784360,false,חלונית סנט מוריץ לניקוי חלונות 1 ליטר,"קומפלקס כימיקלים בע""",IL,מרסס חלונית,ליטרים,1.00,ליטר,false,0,6.90,6.90,true,1,
7290006784575,false,"מילוי מכשיר אוויר 250 מ""ל fashion loouy סנט מוריץ",קומפלקס כימיקלים בעמ,TR,מטהר אוויר לואס,מיליליטרים,250.00,"100 מ""ל",false,1,14.90,5.96,true,1,
7290006788320,false,קרליין - מי פנים לעור יבש ללא אלכוהול,קרליין,IL,מי פנים לעור יבש,מיליליטרים,260.00,"100 מ""ל",false,0,39.90,15.35,true,1,
7290006788351,false,דאודורנט קרליין סטיק נושם אקווה,אמיליה קוסמטיקס,IL,דאודורנט קרליין,מיליליטרים,50.00,"100 מ""ל",false,0,18.90,37.80,true,1,
7290006788375,false,קרליין דאודורנט סטיק נושם ורוד,מיוצר עי : אמיליה קוסמטי,IL,דאודורנט קרליין,מיליליטרים,50.00,"100 מ""ל",false,0,18.90,37.80,true,1,
7290006788399,false,"דאו רול און נושם סנסיטיב ירוק קרליין 75 מ""ל",אמיליה קוסמטיקס בעמ,IL,דאודורנט קרליין,מיליליטרים,75.00,"100 מ""ל",false,0,13.90,18.53,true,1,
7290006788405,false,"קרליין - נושם אקטיב דאודורנט רול און לאישה ברודו 75 מ""ל",מיוצר עי : אמיליה קוסמטי,IL,דאודורנט קרליין,מיליליטרים,75.00,"100 מ""ל",false,0,13.90,18.53,true,1,
7290006788412,false,"קרליין - נושם אקווה דאודורנט רול און לאישה כחול 75 מ""ל",אמיליה קוסמטיקס בעמ,IL,דאודורנט קרליין,מיליליטרים,75.00,"100 מ""ל",false,0,13.90,18.53,true,1,
7290006788429,false,"קרליין - נושם סאן רייס דאודורנט רול און לאישה כתום 75 מ""ל","אמיליה קוסמטיקס בע""מ",IL,דאודורנט קרליין,מיליליטרים,75.00,"100 מ""ל",false,0,13.90,18.53,true,1,
7290006788436,false,"קרליין - נושם פיור דאודורנט רול און לאישה ורוד 75 מ""ל",משווק: קוסמופארם בעמ,IL,דאודורנט קרליין,מיליליטרים,75.00,"100 מ""ל",false,0,13.90,18.53,true,1,
7290006788443,false,"קרליין - נושם אוקסיג'ן דאודורנט רול און לאישה סגול 75 מ""ל","אמיליה קוסמטיקס בע""מ",IL,דאודורנט קרליין,מיליליטרים,75.00,"100 מ""ל",false,0,13.90,18.53,true,1,
7290006788467,false,"קרליין - נושם אקטיב דאודורנט ספריי לאישה בורדו 200 מ""ל",מיוצר עי : אמיליה קוסמטי,IL,דאודורנט קרליין,מיליליטרים,200.00,"100 מ""ל",false,0,13.90,6.95,true,1,
7290006788481,false,"קרליין - נושם סאן רייס דאודורנט ספריי לאישה כתום 200 מ""ל",מיוצר עי : אמיליה קוסמטי,IL,דאודורנט קרליין,מיליליטרים,200.00,"100 מ""ל",false,0,13.90,6.95,true,1,
7290006788498,false,"קרליין - נושם פיור דאודורנט ספריי לאישה ורוד 200 מ""ל",מיוצר עי : אמיליה קוסמטי,IL,דאודורנט קרליין,מיליליטרים,200.00,"100 מ""ל",false,0,13.90,6.95,true,1,
7290006788504,false,"קרליין - נושם אוקסיג'ן דאודורנט ספריי לאישה סגול 200 מ""ל",מיוצר עי : אמיליה קוסמטי,IL,דאודורנט קרליין,מיליליטרים,200.00,"100 מ""ל",false,0,13.90,6.95,true,1,
7290006789631,false,קרליין קרם לחות לשיער רגיל 400 גרם,מיוצר עי : אמיליה קוסמטי,IL,קרם לחות לשיער,מיליליטרים,400.00,"100 מ""ל",false,0,20.90,5.23,true,1,
7290006789655,false,"קרם לחות לסירוק קל לשיער מתולתל ומקורזל 10 קרליין 400 מ""ל",מיוצר עי : אמיליה קוסמטי,IL,קרם לחות לשיער,מיליליטרים,400.00,"100 מ""ל",false,0,20.90,5.23,true,1,
7290006789914,false,"קרליין - מי פנים אויל פרי 260 מ""ל",קרליין,IL,FREE OIL מי פנים,מיליליטרים,260.00,"100 מ""ל",false,0,39.90,15.35,true,1,
7290006789921,false,"קרליין - תחליב לחות אויל פרי 50 מ""ל",קרליין,IL,תחליב לחות קל,מיליליטרים,50.00,"100 מ""ל",false,0,54.90,109.80,true,1,
7290006791467,false,"נטורל - סרום לשיער להגמשת התלתלים 145 מ""ל",מיוצר עי : אמיליה קוסמטי,IL,סרום לתלתלים,מיליליטרים,145.00,"100 מ""ל",false,0,49.90,34.41,true,1,
7290006992161,false,מטרנה - דייסת קורנפלור פרוביוטי 200 גרם,מולינו ניקולי s.p.a,IL,דייסת מטרנה,גרמים,200.00,100 גרם,false,0,14.50,7.25,true,1,
7290006992185,false,"מטרנה - דייסת אורז פרוביוטי כשל""פ 200 גרם",מולינו ניקולי s.p.a,IL,דייסת אורז,גרמים,200.00,100 גרם,false,0,14.50,7.25,true,1,
7290006992192,false,דייסה מטרנה סולת פרוביוטיקה,מטרנה תעשיות ש.מ,IL,דייסת סולת מטרנה,גרמים,200.00,100 גרם,false,0,14.50,7.25,true,1,
7290006992208,false,מטרנה דייסת 8 דגנים מעורבים 200 גרם,מטרנה תעשיות ש.מ,IL,דייסת מטרנה,גרמים,200.00,100 גרם,false,0,14.50,7.25,true,1,
7290006992390,false,"מטרנה - דייסת וניל פרוביוטי כשל""פ 200 גרם",מולינו ניקולי s.p.a,IL,דייסת וניל מטרנה,גרמים,200.00,100 גרם,false,0,14.50,7.25,true,1,
7290008000246,false,"פמינה - שטיפה אינטימית מועשר באלוורה 220 מ""ל",פמינה,IL,שטיפה + אלוורה,מיליליטרים,220.00,"100 מ""ל",false,0,29.90,13.59,true,1,
7290008000796,false,"סופרמן משחת שיניים לילדים בטעם פירות כצט 50 מ""ל",כצט נוביס,IL,משחת שיניים,מיליליטרים,50.00,"100 מ""ל",false,0,11.90,23.80,true,1,
7290008084956,false,בייבי פסטה משחה לתינוק,בייבי פסטה,IL,בייבי פסטה,גרמים,120.00,100 גרם,false,0,17.90,14.92,true,1,
7290008104050,false,"שטיפת אינטימית לקטופיל פמינה 220 מ""ל",כצט נוביס סעמ,IL,תחליב פמינה,מיליליטרים,220.00,"100 מ""ל",false,0,24.90,11.32,true,1,
7290008116534,false,ליסטרין שטיפת פה קול מינט 250 מל,ג'\ונסון אנד ג'\ונסון,IT,מי פה ליסטרין,מיליליטרים,250.00,"100 מ""ל",false,0,10.00,4.00,true,1,
7290008116541,false,"שטיפת פה ליסטרין קול מינט 500 מ""ל",ג'\ונסון אנד ג'\ונסון,IT,מי פה ליסטרין,מיליליטרים,500.00,"100 מ""ל",false,0,34.90,6.98,true,1,
7290008116558,false,ליסטירין מי פה בטעם מנטה מרענן 250 מל,ג'\ונסון אנד ג'\ונסון,IT,מי פה ליסטרין,מיליליטרים,250.00,"100 מ""ל",false,0,10.00,4.00,true,1,
7290008116565,false,ליסטרין שטיפת פה פרש 500 מל,ג'\ונסון אנד ג'\ונסון,IT,מי פה ליסטרין,מיליליטרים,500.00,"100 מ""ל",false,0,34.90,6.98,true,1,
7290008116862,false,בלנאום שמן רחצה יומיומי לתינוקות וילדים,ניאופארם,IL,בלנאום בייבי,מיליליטרים,500.00,"100 מ""ל",false,0,98.90,19.78,true,1,
7290008264051,false,פינצטה ישרה שחור,סולינגן,IL,פינצטה ישרה שחור,יחידה,1.00,יחידה,false,0,39.90,39.90,true,1,
7290008264068,false,פינצטה אלכסון,סולינגן,IL,פינצטה אלכסון,יחידה,1.00,יחידה,false,0,39.90,39.90,true,1,
7290008264150,false,פצירה 20 ס'מ כרום,סולינגן,IL,פצירה 20 ס'מ כרו,יחידה,1.00,יחידה,false,0,34.00,34.00,true,1,
7290008264334,false,סולינגן-צבתית 12 ס'מ,סולינגן,IL,סולינגן-צבתית 12,יחידה,1.00,יחידה,false,0,174.00,174.00,true,1,
7290008264365,false,קוצץ בינוני+פלסטיק,סולינגן,IL,קוצץ בינוני+פלסט,יחידה,1.00,יחידה,false,0,34.90,34.90,true,1,
7290008264372,false,קוצץ גדול+פלסטיק,סולינגן,IL,קוצץ גדול+פלסטיק,יחידה,1.00,יחידה,false,0,45.90,45.90,true,1,
7290008264389,false,קוצץ קטן+שרשרת,סולינגן,IL,קוצץ קטן+שרשרת,יחידה,1.00,יחידה,false,0,27.00,27.00,true,1,
7290008264402,false,פומפיה רחבה+פצירה,סולינגן,IL,פומפיה רחבה+פציר,יחידה,1.00,יחידה,false,0,40.00,40.00,true,1,
7290008264426,false,מכשיר ליבלות+סכין,סולינגן,IL,מכשיר ליבלות+סכי,יחידה,1.00,יחידה,false,0,40.00,40.00,true,1,
7290008264457,false,אבן לרגל,סולינגן,IL,אבן לרגל,יחידה,1.00,יחידה,false,0,17.00,17.00,true,1,
7290008264464,false,מעגל ריסים יח',סולינגן,IL,מעגל ריסים,יחידה,1.00,יחידה,false,1,48.00,48.00,true,1,
7290008264471,false,משייף +ידית לבנה,סולינגן,KP,משייף +ידית לבנה,יחידה,1.00,יחידה,false,0,16.90,16.90,true,1,
7290008264488,false,"פצירת אקריל 18 ס""מ",סולינגן,IL,פצירת אקריל 18 ס,יחידה,1.00,יחידה,false,0,18.00,18.00,true,1,
7290008264884,false,מנקה וחותך עור יח',סולינגן,DE,מנקה וחותך עור,יחידה,1.00,יחידה,false,1,46.00,46.00,true,1,
7290008318518,false,"דאו.לאבליין ספריי 187מ""ל",חלאבין,IL,דאודורנט לאבליין,מיליליטרים,187.00,"100 מ""ל",false,0,22.90,12.25,true,1,
7290008318785,false,"ביוטי פיט ק.ריכוך לכף הרגל 100 מ""ל",חלאבין,IL,ביוטי פיט קרם לכ,מיליליטרים,100.00,"100 מ""ל",false,0,26.90,26.90,true,1,
7290008444231,false,"קרליין - קרם ג'ל לחות יאנג 50 מ""ל",קרליין,IL,YOUNG ג'ל לחות,מיליליטרים,50.00,"100 מ""ל",false,0,59.90,119.80,true,1,
7290008444651,false,לק גוון 301,קרליין,,לק,יחידה,1.00,יחידה,false,0,14.90,14.90,true,1,
7290008464505,false,סן בנדטו - מים מנרליים 500 מל,אקווה מינרלה סאן בנדטו ב,IT,סאן בנדטו רגיל 0,מיליליטרים,500.00,"100 מ""ל",false,0,5.00,1.00,true,1,
7290008464611,false,"הסודה של טמפו, מי סודה בגיזוז חזק, 275 מל",טמפו משקאות בעמ,IL,הסודה של טמפו,מיליליטרים,275.00,"100 מ""ל",false,1,3.90,1.42,true,1,
7290008745239,false,תפוצ'יפס קראנצ' בטעם טבעי עלית 50 גרם,"שטראוס פריטו ליי בע""\מ )",IL,תפוצ'יפס קראנצ',גרמים,50.00,100 גרם,false,0,4.90,9.80,true,1,
7290008753111,false,תפוצ'יפס קראנץ' בטעם מקסיקני עלית 50 גרם,"שטראוס פריטו ליי בע""\מ )",IL,תפוצ'יפס קראנצ',גרמים,50.00,100 גרם,false,0,4.90,9.80,true,1,
7290008775816,false,ערגליות עוגיות במילוי שוקולד אסם 300 גרם,מיוצר עי קונדיטוריית,IL,ערגליות שוקו,גרמים,300.00,100 גרם,false,0,13.90,4.63,true,1,
7290008893305,false,GOLD עפרון עיניים,גייד,IT,GOLD עפרון עיניי,יחידה,1.00,יחידה,false,0,39.00,39.00,true,1,
7290008894098,false,מייק אפ קומפקט 04,גייד,IT,מייק אפ קומפקט04,יחידה,1.00,יחידה,false,0,103.90,103.90,true,1,
7290008975551,false,תחליף חלב מטרנה מהדרין שלב 3 חלבי 700 גרם,מולינו ניקולי s.p.a,IL,מטרנה מהדרין 3,גרמים,700.00,100 גרם,false,0,55.90,7.99,true,1,
7290010065295,false,פרינוק - מחית תפוחי עץ ובננה 130 גרם,פרינוק,CZ,פרינוק מחית,גרמים,130.00,100 גרם,false,0,4.70,3.62,true,1,
7290010065318,false,מחית תפוח עץ ג'וניור פרינוק 190 גרם,פרוטה פודווין איי.אס,CZ,פרינוק מחית,גרמים,130.00,100 גרם,false,0,5.90,4.54,true,1,
7290010065349,false,מחית סלט פירות ג'וניור פרינוק 190 גרם,פרוטה פודווין איי.אס,CZ,פריניק ג'וניור,גרמים,190.00,100 גרם,false,0,5.90,3.11,true,1,
7290010117864,false,דוריטוס חטיף תירס בטעם חריף אש עלית 70 גרם,"שטראוס פריטו ליי בע""\מ )",IL,דוריטוס חריף,גרמים,70.00,100 גרם,false,0,4.90,7.00,true,1,
7290010182237,false,לאב ליין דאו.רול און כתום,חלאבין,,דאו.רול און לאבל,מיליליטרים,80.00,"100 מ""ל",false,0,22.90,28.63,true,1,
7290010182985,false,חלאבלין דאודורנט סטיק 72 שעות כחול,חלאבין,IL,דאו.סטיק 50 מל,מיליליטרים,50.00,"100 מ""ל",false,0,21.90,43.80,true,1,
7290010182992,false,חלאבלין דאודורנט סטיק 72 שעות אדום,חלאבין,IL,דאו.סטיק 50 מל,מיליליטרים,50.00,"100 מ""ל",false,0,21.90,43.80,true,1,
7290010192816,false,תמר מג'הול ללא גלעין 45,תימורת הערבה,IL,תמר מגהול 45ג,גרמים,45.00,100 גרם,false,1,4.90,10.89,true,1,
7290010237531,false,"פפסי קולה פלסטיק 500 מ""ל","טמפו משקאות בע""ם.",IL,פפסי בקבוק,מיליליטרים,500.00,"100 מ""ל",false,0,5.90,1.18,true,1,
7290010237548,false,"פפסי מקס דל קלוריות 500 מ""ל בקבוק",טמפו משקאות בעמ,IL,פפסי מקס,מיליליטרים,500.00,"100 מ""ל",false,0,5.90,1.18,true,1,
7290010237562,false,משקה פפסי מרינדה קוו,"טמפו משקאות בע""מ",IL,מירינדה,מיליליטרים,500.00,"100 מ""ל",false,0,5.90,1.18,true,1,
7290010237579,false,משקה סבן אפ קוול 500,"טמפו משקאות בע""מ",IL,סבנ אפ,מיליליטרים,500.00,"100 מ""ל",false,0,5.90,1.18,true,1,
7290010237586,false,"סבן אפ דיאט בקבוק 500 מ""ל","טמפו משקאות בע""מ",IL,סבנ אפ דיאט,מיליליטרים,500.00,"100 מ""ל",false,0,5.90,1.18,true,1,
7290010381302,false,קרליין - עפרון עיניים עם חידוד 100,קרליין,DE,עפרון עיניים,יחידה,1.00,יחידה,false,0,29.90,29.90,true,1,
7290010381395,false,קרליין - עפרון עיניים עם חידוד 109,קרליין,DE,עפרון עיניים,יחידה,1.00,יחידה,false,0,29.90,29.90,true,1,
7290010381500,false,קרליין - עפרון עיניים ללא חידוד 200,קרליין,DE,עפרון עיניים,יחידה,1.00,יחידה,false,0,29.90,29.90,true,1,
7290010381524,false,קרליין - עפרון עיניים ללא חידוד 202,קרליין,DE,עפרון עיניים,יחידה,1.00,יחידה,false,0,29.90,29.90,true,1,
7290010381630,false,קרליין - עפרון עיניים ללא חידוד 240,קרליין,DE,עפרון שפתיים,יחידה,1.00,יחידה,false,0,29.90,29.90,true,1,
7290010381661,false,קרליין - עפרון שפתיים ללא חידוד 243,קרליין,DE,עפרון שפתיים,יחידה,1.00,יחידה,false,0,29.90,29.90,true,1,
7290010381869,false,קרליין מחדד עפרונות,קרליין,CN,מחדד עפרונות,יחידה,1.00,יחידה,false,0,14.90,14.90,true,1,
7290010382842,false,"קרם נטורל פורמולה קרם לחות קלילה לשיער רגיל, 400 מ""ל קלילה רגיל",מיוצר עי : אמיליה קוסמטי,IL,קרם לחות לשיער,מיליליטרים,400.00,"100 מ""ל",false,0,26.90,6.73,true,1,
7290010382958,false,לק גוון 370,קרליין,IL,לק גוון 370,יחידה,1.00,יחידה,false,0,14.90,14.90,true,1,
7290010632404,false,נובי מיכל לאבקת חלב,מולינו ניקולי s.p.a,CN,מיכל לאבקת חלב,יחידה,1.00,יחידה,false,0,21.90,21.90,true,1,
7290010748518,false,"סרקל פורטה שמפו לילדים 750 מ""ל",פישר מעבדות פרמצבטיות בע,IL,שמפו סרקל פורטה,מיליליטרים,750.00,"100 מ""ל",false,0,23.90,3.18,true,1,
7290010748853,false,"ד""ר פישר - אפקטיב קר קרם ידיים סנסיטיב 150 מ""ל",פישר מעבדות פרמצבטיות בע,IL,קרם ידיים,מיליליטרים,150.00,"100 מ""ל",false,0,17.90,11.93,true,1,
7290010748860,false,"ד""ר פישר - אפקטיב קר קרם ידיים אינטנסיב 150 מ""ל",פישר מעבדות פרמצבטיות בע,IL,קרם ידיים,מיליליטרים,150.00,"100 מ""ל",false,0,17.90,11.93,true,1,
7290010748877,false,"אפקטיב קר קרם גוף סנסטיב לעור רגיש ח 700 מ""ל",פישר מעבדות פרמצבטיות בע,IL,"ד""ר פישר קרם גוף",מיליליטרים,700.00,"100 מ""ל",false,0,29.90,4.27,true,1,
7290010748891,false,אפקטיב קר קרם גוף מולטי ויטמין לעור רגיל יבש ח 7,פישר מעבדות פרמצבטיות בע,IL,קרם גוף,מיליליטרים,700.00,"100 מ""ל",false,0,29.90,4.27,true,1,
7290010822010,false,"ג'אמפ תפוז 500 מ""ל","טמפו משקאות בע""מ",IL,ג'אמפ תפוז 500,מיליליטרים,500.00,"100 מ""ל",false,0,5.90,1.18,true,1,
7290010822034,false,"ג'אמפ ענבים 500 מ""ל","טמפו משקאות בע""מ",IL,ג'אמפ ענבים 500,מיליליטרים,500.00,"100 מ""ל",false,0,5.90,1.18,true,1,
7290011026066,false,"ד""ר פישר - סרקל שמפו + מרכך לילדים 1 ליטר",פישר מעבדות פרמצבטיות בע,IL,סרקל 2 ב1-,ליטרים,1.00,ליטר,false,0,23.90,23.90,true,1,
7290011026301,false,"ד""ר פישר - שמפו לשיער כסוף 400 מ""ל",פישר מעבדות פרמצבטיות,IL,שמפו לשיער כסוף,מיליליטרים,400.00,"100 מ""ל",false,1,28.90,7.23,true,1,
7290011026523,false,שמפו לתינוק לפני השינה Senstive עם לבנדר וקמומיל,פישר מעבדות פרמצבטיות בע,IL,אל דמע קמיל,מיליליטרים,500.00,"100 מ""ל",false,0,19.90,3.98,true,1,
7290011113889,false,קרליין - איילינר שחור עמיד EVERLATS,קרליין,IT,איליינר שחור,יחידה,1.00,יחידה,false,0,54.90,54.90,true,1,
7290011113926,false,דאודורנט ספריי טיטניום בלאק Titanium Black,משווק: וסמופארם בעממ,IL,דאודורנט טיטניום,מיליליטרים,200.00,"100 מ""ל",false,0,16.90,8.45,true,1,
7290011114039,false,קרליין - עפרון עיניים ללא חידוד 212,קרליין,DE,עפרון עיניים,יחידה,1.00,יחידה,false,0,29.90,29.90,true,1,
7290011114633,false,קרליין - שפתון ליפ קולור 708,קרליין,IL,שפתון דו צדדי,יחידה,1.00,יחידה,false,0,64.90,64.90,true,1,
7290011114794,false,סומק עמיד 24,קרליין,,סומק עמיד,יחידה,1.00,יחידה,false,0,50.90,50.90,true,1,
7290011115166,false,נקה 7 ארומה סבון נוזלי לבנדר 1 ל',טרופיקל דגיל תעשיות,IL,תחליב רחצה נקה 7,ליטרים,1.00,ליטר,false,0,14.90,14.90,true,1,
7290011116231,false,קרליין - שפתון ליפ קולור 710,קרליין,IL,שפתון דו צדדי,יחידה,1.00,יחידה,false,0,64.90,64.90,true,1,
7290011116415,false,קרליין - פודרה פיקס אנד גו 03,קרליין,IT,פודרה 03,יחידה,1.00,יחידה,false,0,59.90,59.90,true,1,
7290011116422,false,קרליין - פודרה פיקס אנד גו 04,קרליין,IT,פודרה למראה אחיד,יחידה,1.00,יחידה,false,0,59.90,59.90,true,1,
7290011116446,false,אבקת פודרה נטורל 10,קרליין,IT,אבקת פודרה נטורל,יחידה,1.00,יחידה,false,0,60.90,60.90,true,1,
7290011116651,false,"קרליין - מייק אפ סטיי לונג 601 30 מ""ל",קרליין,IL,מ.אפ ביו ג'ניק,מיליליטרים,30.00,"100 מ""ל",false,0,89.90,299.67,true,1,
7290011223243,false,"טואלט דאק ג'ל לאסלה בניחוח לבנדר 55 מ""ל","איטיליאן פוד, אס.פי.",IT,דאק ג'ל לאסלה,מיליליטרים,55.00,"100 מ""ל",false,0,11.90,21.64,true,1,
7290011300999,false,סבון נוזלי בז' 500 מ''ל פנינה רוזנבלום,פנינה רוזנבלום,IL,סבון נוזלי פנינה,מיליליטרים,500.00,"100 מ""ל",false,0,7.90,1.58,true,1,
7290011332983,false,מגבונים לניקוי אף מגבונאף קמיל בלו- מארז שלישייה,פישר מעבדות פרמצבטיות בע,IL,מגבונאף קמיל בלו,יחידה,1.00,יחידה,false,0,23.90,23.90,true,1,
7290011447014,false,מטרנה דייסת סלט פירות 200 גרם,מטרנה תעשיות ש.מ,IL,דייסת מטרנה,גרמים,200.00,100 גרם,false,0,14.50,7.25,true,1,
7290011447267,false,מטרנה פרימיום חלבי שלב 1 700 גרם חיסכון,מטרנה תעשיות ש.מ,IL,מטרנה חלבי,גרמים,700.00,100 גרם,false,0,57.90,8.27,true,1,
7290011447281,false,מטרנה פרימיום חלבי שלב 2 700 גרם חיסכון,מטרנה תעשיות ש.מ,IL,מטרנה חלבי שלב 2,גרמים,700.00,100 גרם,false,0,57.90,8.27,true,1,
7290011447304,false,מטרנה פרימיום חלבי שלב 3 700 גרם חיסכון,מטרנה תעשיות ש.מ,IL,מטרנה חלבי שלב 3,גרמים,700.00,100 גרם,false,0,57.90,8.27,true,1,
7290011447359,false,תחליף חלב מטרנה מהדרין שלב 1 חלבי 700 גרם,מולינו ניקולי s.p.a,IL,מטרנה מהדרין,גרמים,700.00,100 גרם,false,0,55.90,7.99,true,1,
7290011447373,false,תחליף חלב מטרנה מהדרין שלב 2 חלבי 700 גרם,מטרנה תעשיות ש.מ,IL,מטרנה מהדרין,גרמים,700.00,100 גרם,false,0,55.90,7.99,true,1,
7290011505714,false,נשכן נובי רך במיוחד,N.L.PRODUCT,CN,נשכן נובי,יחידה,1.00,יחידה,false,0,34.90,34.90,true,1,
7290011522605,false,"גלייז מעצב שיער לתלתלים 400 מ""ל",ג'נרל מילס סאן אדריא,IL,קרם לשיער סטייל,מיליליטרים,400.00,"100 מ""ל",false,0,30.90,7.73,true,1,
7290011525316,false,"ד""ר פישר - קמיל בלו סנסיטיב תחליב לתינוק שיבולת 500 מ""ל",פישר מעבדות פרמצבטיות בע,IL,קמיל בלו,מיליליטרים,500.00,"100 מ""ל",false,0,28.90,5.78,true,1,
7290011525323,false,אל סבון טיפולי לתינוק קמיל בלו סנסטיב שיבולת שועל,פישר מעבדות פרמצבטיות בע,IL,אל סבון קמיל בלו,מיליליטרים,500.00,"100 מ""ל",false,0,21.90,4.38,true,1,
7290011525712,false,"קמיל בלו אל סבון סנסיטיב לפני השינה ד""ר פישר 1 ליטר",פישר מעבדות פרמצבטיות בע,IL,אלסבון קמיל,ליטרים,1.00,ליטר,false,0,31.90,31.90,true,1,
7290011525729,false,שמפו לתינוק קמיל בלו סנסטיב לפני השינה עם לבנדר וקמומיל,פישר מעבדות פרמצבטיות בע,IL,שמפו קמיל בלו,ליטרים,1.00,ליטר,false,0,31.90,31.90,true,1,
7290011598211,false,"סנו - אנטי קאלק מרסס ניקוי כללי 4 ב-1 700 מ""ל",מיוצר עי קונדיטוריית,IL,סנו אנטי קאלק,מיליליטרים,700.00,"100 מ""ל",false,0,16.90,2.41,true,1,
7290011607180,false,"אבקת כביסה קולון 101 1.25 ק""ג",ריקט בנקיזר ( ניר אי,IL,אבקת כביסה קולון,קילוגרמים,1.25,"ק""ג",false,0,15.90,12.72,true,1,
7290011618025,false,בייבי ביס הוט קידס נגיסי אורז לתינוק,גואנז'ו יונג וואנט פ,CN,בייבי ביס,גרמים,50.00,100 גרם,false,0,14.90,29.80,true,1,
7290011618124,false,חטיף אורז אפוי לתינוקות בטעם ירקות +6,גואנז'ו יונג וואנט פ,CN,בייבי ביס,גרמים,50.00,100 גרם,false,0,14.90,29.80,true,1,
7290011618131,false,"בייבי ביס חטיף אורז כשל""פ בטעם גזר",גואנז'ו יונג וואנט פ,CN,בייבי ביס,גרמים,50.00,100 גרם,false,0,14.90,29.80,true,1,
7290011618216,false,נגיסי אורז בייבי ביס בננה 50 גרם,גואנז'ו יונג וואנט פ,CN,בייבי ביס,גרמים,50.00,100 גרם,false,0,14.90,29.80,true,1,
7290011622305,false,כתמטמינים חטיף לתינוקות אצבעות בוטנים ותירס - רביעיה,הארט Heart,IL,רביעיית כתמתמים,גרמים,80.00,100 גרם,false,0,11.90,14.88,true,1,
7290011622428,false,כתמטמינים-חטיף בריאות לתינוקות וילדים 45 ג',מיוצר עבור גולדן האר,IL,חטיף בריאות,גרמים,45.00,100 גרם,false,0,7.50,16.67,true,1,
7290011622664,false,כתמטמינים - חטיף אצבעות טחינה אורז ותירס 45 גרם,אלס נוטרישן,IL,כתמטמינים טחינה,גרמים,45.00,100 גרם,false,1,7.90,17.56,true,1,
7290011622701,false,טבעונים - חטיף טבעות דגנים מלאים בטעם גזר וסלק 45 גרם,אשבול,IL,טבעונים חטיף ברי,גרמים,45.00,100 גרם,false,1,7.50,16.67,true,1,
7290011622763,false,ביסקוויטמינים פלוס בטעם וניל 150 גרם,מולינו ניקולי s.p.a,IL,ביסקויטמינים,גרמים,150.00,100 גרם,false,1,16.90,11.27,true,1,
7290011668143,false,מסיכה משקמת ומטפחת לשיער צבוע ופגום,פנינה רוזנבלום PR,IL,מסיכה לשיער,קילוגרמים,1.00,"ק""ג",false,0,39.90,39.90,true,1,
7290011714871,false,בליסטקס סטיק פטל לימון,מדיליין פריגו,IL,בליסטיק רפיל תות,יחידה,1.00,יחידה,false,0,15.90,15.90,true,1,
7290011743833,false,"סנסודיין משחת שיניים פרונאמל 75 מ""ל",גלקסו סמית קליין,GB,משחת שיניים,מיליליטרים,75.00,"100 מ""ל",false,0,20.00,26.67,true,1,
7290011744892,false,"אקווה פרש - משחת שיניים ילדים ג'וניור 6+ 50 מ""ל",גלקסו סמית קליין,SK,משחת שיניים א.פ,מיליליטרים,50.00,"100 מ""ל",false,0,14.90,29.80,true,1,
7290011765071,false,ג'ל גילוח לעור רגיל לחות והגנה Moisture,טרופיקל דגיל תעשיות,TR,ג'ל גילוח קרמה,מיליליטרים,200.00,"100 מ""ל",false,0,16.90,8.45,true,1,
7290011765088,false,ג'ל גילוח לעור רגיל מנטול Cool,טרופיקל דגיל תעשיות,TR,ג'ל גילוח קרמה,מיליליטרים,200.00,"100 מ""ל",false,0,16.90,8.45,true,1,
7290011765095,false,קרמה מן גל גילוח אלוורה ירוק 200 מל,טרופיקל דגיל תעשיות,TR,ג'ל גילוח קרמה,מיליליטרים,200.00,"100 מ""ל",false,0,16.90,8.45,true,1,
7290011765316,false,מברשת שיניים לילדים עם שעון 4-8 אורביטול,החברה הדרומית,CN,מברשת שיניים,יחידה,1.00,יחידה,false,0,10.90,10.90,true,1,
7290011765392,false,"בוב ספוג שמפו לשיער לסירוק קל כיף 750 מ""ל",טרופיקל דגיל תעשיות,IL,שמפו כיף ילדים,מיליליטרים,750.00,"100 מ""ל",false,0,12.90,1.72,true,1,
7290011765422,false,אל סבון מועשר בלחות ותמצית קמומיל - בוב ספוג,קוסמופארם בע'\'\מ,IL,אלסבון כיף,מיליליטרים,750.00,"100 מ""ל",false,0,12.90,1.72,true,1,
7290011870232,false,שלט מארז 8 סוללה פוג,פוג'יקום,CN,סוללות פוג'יקום,יחידה,1.00,יחידה,false,0,16.90,16.90,true,1,
7290011870263,false,סוללה אצבע מארז 8 פו,פוג'יקום,CN,סוללות פוג'יקום,יחידה,1.00,יחידה,false,0,16.90,16.90,true,1,
7290011870737,false,סוללה פוגיקום בינוני,פוג'יקום,CN,סוללת פוג'י,יחידה,1.00,יחידה,false,0,19.90,19.90,true,1,
7290011912642,false,ליסטרין שטיפת פה הגנה על השיניים והחניכי,ג'\ונסון אנד ג'\ונסון,IT,מי פה ליסטרין,מיליליטרים,500.00,"100 מ""ל",false,0,34.90,6.98,true,1,
7290011988005,false,קרם הייר פורם לחות לשיער,מיסטר בונד,IL,קרם הייר פורם לח,מיליליטרים,500.00,"100 מ""ל",false,1,34.90,6.98,true,1,
7290012116025,false,שמפו פיית הפרפרים לסירוק קל מכיל רוזמרין,קוסמופארם בע'\'\מ,IL,שמפו כיף,מיליליטרים,750.00,"100 מ""ל",false,0,14.90,1.99,true,1,
7290012116032,false,כיף פיות מרכך לסירוק קל 750 מל,טרופיקל דגיל תעשיות,IL,מרכך כיף,מיליליטרים,750.00,"100 מ""ל",false,0,14.90,1.99,true,1,
7290012116612,false,אורביטול מברשת שיניים מארז 4 יח',ג'נרל מילס סאן אדריא,CN,4 מברשות שיניים,יחידה,1.00,יחידה,false,0,17.90,17.90,true,1,
7290012117398,false,קרמה מן גל לאחר גילוח לעור עדין 150 מל,החברה הדרומית,IL,קרמה ג'ל גילוח,מיליליטרים,150.00,"100 מ""ל",false,0,29.90,19.93,true,1,
7290012117411,false,"שמפו וג'ל רחצה רויבוס 700 מ""ל ""קרמה""",קוסמופארם בע'\'\מ,IL,קרמה ג'ל רחצה,מיליליטרים,700.00,"100 מ""ל",false,0,22.90,3.27,true,1,
7290012117435,false,"קרמה - שמפו וג'ל רחצה 2 ב-1 אלוורה 700 מ""ל",טרופיקל דגיל תעשיות,IL,קרמה ג'ל רחצה,מיליליטרים,700.00,"100 מ""ל",false,0,22.90,3.27,true,1,
7290012117534,false,מרכך כביסה מרוכז תכלת קול סנו מקסימה 1 ליטר,"סנו מפעלי ברונוס בע""\מ",IL,מקסימה ס.מרוכז,ליטרים,1.00,ליטר,false,0,17.90,17.90,true,1,
7290012117558,false,מקסימה מרכך כביסה מרוכז ורוד בניחוח מאסק סנו 1 ליטר,"סנו מפעלי ברונוס בע""\מ",IL,מקסימה ס.מרוכז,ליטרים,1.00,ליטר,false,0,17.90,17.90,true,1,
7290012117626,false,שטיפת פה דנטלית לילדים בטעם ענבים בוב ספוג,קוסמופארם בע'\'\מ,IL,אורביטול מי פה,מיליליטרים,250.00,"100 מ""ל",false,0,16.90,6.76,true,1,
7290012192098,false,חלאבין לאבילין רול און 72 שעות אדום,חלאבין Halvin,IL,חלאבלין רול און,מיליליטרים,60.00,"100 מ""ל",false,0,21.90,36.50,true,1,
7290012192104,false,חלאבלין רול און 72 שעות כחול,חלאבין Halvin,IL,חלאבלין רול און,מיליליטרים,60.00,"100 מ""ל",false,0,21.90,36.50,true,1,
7290012193071,false,גורדן קסמי שיניים דקים מארז זוג,ג'ורדן,IL,ג'ורדן מארז זוג,יחידה,1.00,יחידה,false,0,28.90,28.90,true,1,
7290012350245,false,"קרליין - קרם יום משקם רויואל 50 מ""ל",קרליין,IL,רויול קרם יום,מיליליטרים,50.00,"100 מ""ל",false,0,140.00,280.00,true,1,
7290012350252,false,"קרליין - קרם יום לילה רויואל 50 מ""ל",קרליין,IL,רויול קרם לילה,מיליליטרים,50.00,"100 מ""ל",false,0,140.00,280.00,true,1,
7290012350269,false,"קרליין - קרם עיניים רויואל 30 מ""ל",קרליין,IL,REVIVAL עיניים,מיליליטרים,30.00,"100 מ""ל",false,0,140.00,466.67,true,1,
7290012350276,false,"קרליין - סרום רויואל 30 מ""ל",קרליין,IL,REVIVAL סרום,מיליליטרים,30.00,"100 מ""ל",false,0,140.00,466.67,true,1,
7290012350634,false,קרליין - עפרון שפתיים עם חידוד 160,קרליין,DE,עפרון שפתיים,יחידה,1.00,יחידה,false,0,29.90,29.90,true,1,
7290012350672,false,קרליין - עפרון שפתיים עם חידוד 164,קרליין,DE,עפרון שפתיים,יחידה,1.00,יחידה,false,0,29.90,29.90,true,1,
7290012350764,false,קרליין - עפרון עיניים עם חידוד 110,קרליין,IL,עפרון עיניים,יחידה,1.00,יחידה,false,0,29.90,29.90,true,1,
7290012351518,false,קונסילר כרמל,קרליין,IL,קונסילר כרמל,יחידה,1.00,יחידה,false,0,54.50,54.50,true,1,
7290012352034,false,"נטורל - קרם לחות עם שמן אגוז מקדמיה לשיער מתולתל 400 מ""ל",נטורל פורמולה Natural Formula,IL,קרם לחות נטורל,מיליליטרים,400.00,"100 מ""ל",false,0,26.90,6.73,true,1,
7290012367700,false,קרם גוף אינטנסיב רליף Intensive relief לעור יבש ומגורה,פישר מעבדות פרמצבטיות בע,IL,קרם גוף,מיליליטרים,700.00,"100 מ""ל",false,0,29.90,4.27,true,1,
7290012367717,false,קרם ידיים וציפורניים Intensive relief לעור יבש ומגורה,פישר מעבדות פרמצבטיות בע,IL,קרם ידיים,מיליליטרים,150.00,"100 מ""ל",false,0,17.90,11.93,true,1,
7290012367823,false,"ד""ר פישר - אמול לתינוק שמן רחצה טיפולי לעור יבש במיוחד 200 מ""ל",פישר מעבדות פרמצבטיות בע,IL,אמול שמן אמבט,מיליליטרים,200.00,"100 מ""ל",false,0,58.90,29.45,true,1,
7290012491047,false,"שמפו קלנדולה אורגני אל דמע 400 מ""ל MOMMY CARE",מאמי קר Mommy Care,IL,שמפו קלנדולה,מיליליטרים,400.00,"100 מ""ל",false,0,35.90,8.98,true,1,
7290012491078,false,"סבון קלנדולה לתינוק 400 מ""ל Mommy Care",מאמי קר Mommy Care,IL,סבון קלנדולה,מיליליטרים,400.00,"100 מ""ל",false,0,35.90,8.98,true,1,
7290012491405,false,"סבון טבעי לניקוי בקבוקים, מוצצים ומשאבות חלב",מאמי קר Mommy Care,IL,סבון ניקוי בקבוק,מיליליטרים,230.00,"100 מ""ל",false,0,26.90,11.70,true,1,
7290012491443,false,מאמי קייר שמן אמבט לתינוק 400 מל,מאמי קר,IL,שמן אמבט לתינוק,מיליליטרים,400.00,"100 מ""ל",false,0,79.90,19.98,true,1,
7290012823398,false,מטליות חד פעמיות לניקוי הרצפה בניחוח מרכך כביסה 10יח' סנו,סנו מפעלי ברונו בעמ,IL,מטליות ריצפז,יחידה,1.00,יחידה,false,1,14.90,14.90,true,1,
7290012854392,false,בליסטקס תות-בליסטר חדש,מדיליין פריגו,US,בליסטקס תות בליס,יחידה,1.00,יחידה,false,0,15.90,15.90,true,1,
7290012928239,false,שמפו שיאה לשיער יבש500מל,סרינה קיי,IL,שמפו לשיער יבש,מיליליטרים,500.00,"100 מ""ל",false,0,90.00,18.00,true,1,
7290012928499,false,קונדשינר לשיער יבש 500מל,סרינה קיי,IL,קונדשינר יבש ופג,מיליליטרים,500.00,"100 מ""ל",false,0,100.00,20.00,true,1,
7290012938580,false,"סנסודיין משחת שיניים להלבנה עדינה 75 מ""ל",גלקסוסמית'\קליין קונסיומ,GB,משחת סנסודיין,מיליליטרים,75.00,"100 מ""ל",false,0,18.90,25.20,true,1,
7290012938740,false,"משחת שיניים פרש מינט מנטה 75מ""ל סנסודיין",גלקסו סמית קליין,GB,משחת סנסודיין,מיליליטרים,75.00,"100 מ""ל",false,0,18.90,25.20,true,1,
7290012938924,false,אקוהפרש מי פה ללא אלכוהול 500 מל,מולינו ניקולי s.p.a,GB,מי פה אקווה פרש,מיליליטרים,500.00,"100 מ""ל",false,0,15.00,3.00,true,1,
7290013083661,false,"מטרנה אקסטרה קר שלב 1 חסכון 700 גרם תמ""ל",מטרנה תעשיות ש.מ,IL,מטרנה אקסטרה קר,גרמים,700.00,100 גרם,false,0,59.90,8.56,true,1,
7290013083678,false,"מטרנה אקסטרה קר שלב 2 חסכון 700 גרם תמ""ל",מולינו ניקולי s.p.a,IL,מטרנה אקסטרה קר,גרמים,700.00,100 גרם,false,0,59.90,8.56,true,1,
7290013083685,false,תחליף חלב מטרנה אקסטרה קר שלב 3 חסכון 700 גרם,מטרנה תעשיות ש.מ,IL,מטרנה אקסטרה קר,גרמים,700.00,100 גרם,false,0,59.90,8.56,true,1,
7290013133816,false,לובלו לגבר בודד,לבלו,IL,לבלו לגבר,יחידה,1.00,יחידה,false,0,14.90,14.90,true,1,
7290013268020,false,מקסימה מרכך כביסה מרוכז בניחוח אולטרא פרש סנו 1 ליטר,"סנו מפעלי ברונוס בע""\מ",IL,מרכך כביסה,ליטרים,1.00,ליטר,false,0,17.90,17.90,true,1,
7290013268891,false,אוקסיג'ן ג'ל ללא אקונומיקה עם חמצן פעיל סנו 3 ליטר,"סנו מפעלי ברונוס בע""\מ",IL,אוקסיג'ן ג'ל,ליטרים,3.00,ליטר,false,0,25.90,8.63,true,1,
7290013268983,false,מרכך כביסה סופר מרוכז בבישום עוצמתי סנו מקסימה 1 ל',"סנו מפעלי ברונוס בע""\מ",IL,מרכך מרוכז ג'וי,ליטרים,1.00,ליטר,false,1,17.90,17.90,true,1,
7290013269003,false,מרכך כביסה סופר מרוכז בייבי לתינוקות ולעור רגיש,"סנו מפעלי ברונוס בע""\מ",IL,מקסימה מרכך,ליטרים,1.00,ליטר,false,0,17.90,17.90,true,1,
7290013269287,false,סנו - מקסימה ג'ל כביסה מרוכז מאסק 3 ליטר,"סנו מפעלי ברונוס בע""\מ",IL,ג'ל כביסה מרוכז,ליטרים,3.00,ליטר,false,0,29.90,9.97,true,1,
7290013269638,false,ספוג הפלא אקסטרה Extra- מארז 6 יח',החברה הדרומית,IL,ספוג הפלא אקסטרה,יחידה,1.00,יחידה,false,0,13.90,13.90,true,1,
7290013269645,false,ריצפז פרש מטליות לחות לריצפה בניחוח מאסק 10 יחידות,סנו מפעלי ברונוס בעמ,IL,מטליות ריצפז,יחידה,1.00,יחידה,false,0,14.90,14.90,true,1,
7290013269751,false,מטליות לחותריצפז פרש לניקוי ריצפה בניחות מלון בוטיק 10 יח' סנו,טרופיקל דגיל תעשיות,IL,מטליות ריצפז,יחידה,1.00,יחידה,false,1,14.90,14.90,true,1,
7290013310262,false,כפית ארוכה רגישה לחום4יח,LTD E.L.CO,CN,כפיות נובי,יחידה,1.00,יחידה,false,0,45.90,45.90,true,1,
7290013310323,false,נובי קליפס עם מחזיק וסרט,LTD E.L.CO,CN,נובי קליפס,יחידה,1.00,יחידה,false,1,27.90,27.90,true,1,
7290013310637,false,נובי5523-מברשת ניצמדת לניקוי פטמות ובקבוקים,נובי Nuby,CN,מברשת לבקבוק,יחידה,1.00,יחידה,false,0,48.90,48.90,true,1,
7290013310859,false,ערכה לניקוי האף ואוזניים,LTD E.L.CO,CN,ערכת ניקוי לאף,יחידה,1.00,יחידה,false,0,29.90,29.90,true,1,
7290013412317,false,חִתוּלִים נועם סופת אל נאית XL,"DPLבע""מ",IL,מכנסונים נועם,יחידה,1.00,יחידה,false,0,65.90,65.90,true,1,
7290013412324,false,טפטפים 30 מגבונים לאף,כצט,,טפטפים מגבונים,יחידה,1.00,יחידה,false,0,12.90,12.90,true,1,
7290013412348,false,נועם סדינית 15 יחידות,DPL פרומדיקו,IL,נועם סדינית,יחידה,1.00,יחידה,false,0,51.90,51.90,true,1,
7290013412409,false,טופ פד סופגנית מקסי,DPL,IL,נועם סופגנית 15,יחידה,1.00,יחידה,false,1,15.90,15.90,true,1,
7290013473097,false,"ג'ל ברזל 500 מ""ל",מיסטר בונד,IL,ג'ל ברזל,מיליליטרים,500.00,"100 מ""ל",false,1,23.90,4.78,true,1,
7290013539519,false,"מסכת הזנה ארגן מרוקאי סטייל 500 מ""ל",א.ל ארמן,IL,מסכת שיער סטייל,מיליליטרים,500.00,"100 מ""ל",false,0,28.90,5.78,true,1,
7290013652157,false,"ד""ר פישר - נטורל קר מגבונים להסרת איפור לעור רגיל יבש 30 יח' * 3",פישר מעבדות פרמצבטיות בע,IL,מגבונים 3 יח,יחידה,1.00,יחידה,false,0,19.90,19.90,true,1,
7290013652645,false,אוליביול Oliveyol קרם לטיפול ומניעת תפרחת חיתולים,פישר מעבדות פרמצבטיות בע,IL,משחה טיפולית,גרמים,100.00,100 גרם,false,0,35.90,35.90,true,1,
7290013652812,false,"נטורל קר קרם ידיים רגיל/יבש 150 מ""ל",פישר מעבדות פרמצבטיות בע,IL,קרם ידיים נטורל,מיליליטרים,150.00,"100 מ""ל",false,0,14.90,9.93,true,1,
7290013652829,false,קרם ידיים לעור יבש במיוחד Natural care,פישר מעבדות פרמצבטיות בע,IL,קרם ידיים נטורל,מיליליטרים,150.00,"100 מ""ל",false,0,14.90,9.93,true,1,
7290013743855,false,צידנית פיקניק מתכת,,IL,צידנית פיקניק,יחידה,1.00,יחידה,false,1,56.90,56.90,true,1,
7290013756343,false,לנסינו משחה לאמהות מניקות 40 גרם,מדי-קיור,,משחת לנסינו,גרמים,40.00,100 גרם,false,0,63.90,159.75,true,1,
7290013848345,false,מארז מטליות לחיטוי וניקוי יסודי אנטיבקטריאלי 99.9%,סנו מפעלי ברונוס בעמ,IL,מטליות ניקוי 3יח,יחידה,1.00,יחידה,false,1,19.90,19.90,true,1,
7290013848383,false,קרמה מן גל רחצה אקטיב בלוק 700 מל לגבר,טרופיקל דגיל תעשיות,IL,ג'ל רחצה קרמה מן,מיליליטרים,700.00,"100 מ""ל",false,0,22.90,3.27,true,1,
7290013848420,false,דאודורנט גל קרמה מן אנטיפרספירנט 70 מל,גוד פוד פרודקטס S.p,IL,דאו.ג'ל ספורט,מיליליטרים,70.00,"100 מ""ל",false,0,19.90,28.43,true,1,
7290013848758,false,מקסימה גל כביסה מרוכז בייבי 3ליטר סנסטיב,"סנו מפעלי ברונוס בע""\מ",IL,ג'ל לכביסה בייבי,ליטרים,3.00,ליטר,false,0,34.90,11.63,true,1,
7290013902054,false,"מסכה הידרוגנית 500 מ""ל",,IL,מסכה הידרוגנית,מיליליטרים,500.00,"100 מ""ל",false,0,89.00,17.80,true,1,
7290013902115,false,"מסכת 60 שניות 500 מ""ל",,IL,מסכת 60 שניות,מיליליטרים,500.00,"100 מ""ל",false,0,95.00,19.00,true,1,
7290013971555,false,סוללות פוג'יקום 4AAA+8AA,פוג'יקום,CN,סוללות פוג'יקום,יחידה,1.00,יחידה,false,0,23.90,23.90,true,1,
7290014059085,false,"משחת שיניים סנסודיין 75 מ""ל פרימיום לשיקום והגנה","סמית קליין ביצ'ם בע""",GB,משחת סנסודיין,מיליליטרים,75.00,"100 מ""ל",false,0,20.00,26.67,true,1,
7290014059436,false,"משחת שיניים סנסודיין 75 מ""ל פרימיום לשיקום והגנה מלבינה 75 מ""ל","סמית קליין ביצ'ם בע""",GB,משחת סנסודיין,מיליליטרים,75.00,"100 מ""ל",false,0,20.00,26.67,true,1,
7290014204478,false,קרם גוף 4 פנינה רוזנבלום,פנינה רוזנבלום,IL,קרם גוף פנינה,מיליליטרים,340.00,"100 מ""ל",false,0,34.90,10.26,true,1,
7290014204560,false,"פנינהרוזנבלום- סבון נוזלי לידיים שלישיה,3*500 מ""ל",פ.רוזנבלום כללי,IL,פנינה-סבון 500,ליטרים,1.50,ליטר,false,0,12.90,8.60,true,1,
7290014204713,false,"תרסיס גוף מס' 2 250 מ""ל פנינה רוזנבלום",פנינה רוזנבלום,IL,ספריי לגוף פנינה,מיליליטרים,250.00,"100 מ""ל",false,1,24.90,9.96,true,1,
7290014258723,false,תרכובת מזון צמחי לתינוקות מגיל 0 עד גיל שנה,מטרנה תעשיות ש.מ,IL,מטרנה צמחית,גרמים,700.00,100 גרם,false,0,64.90,9.27,true,1,
7290014258730,false,תרכובת מזון צמחי לתינוקות מגיל 12 חודשים ואילך,מטרנה תעשיות ש.מ,IL,מטרנה צמחית,גרמים,700.00,100 גרם,false,0,64.90,9.27,true,1,
7290014424012,false,פראנס ביוטי שעוות שרף טהור מתקלפת לבנה,נורוליס,IT,השעווה למיקרוגל,גרמים,70.00,100 גרם,false,1,24.90,35.57,true,1,
7290014424029,false,פראנס ביוטי שעווה למיקרוגל פנים ורוד70גר,נורוליס,IT,השעווה למיקרוגל,גרמים,70.00,100 גרם,false,1,24.90,35.57,true,1,
7290014424371,false,רצועות שעווה מהפנים ורד,,IT,רצועות שעווה מהפ,יחידה,1.00,יחידה,false,1,22.90,22.90,true,1,
7290014426061,false,משחת שיניים הלו קיטי בטעם ענבים לגיל 2-6,כצט נוביס,IL,משחת שיניים,מיליליטרים,50.00,"100 מ""ל",false,0,11.90,23.80,true,1,
7290014525290,false,חטיפי סלים דליס קריספי תות מרבה 125 גרם,סלים דליס Slim Delis,NL,סלים דליס חטיפים,גרמים,125.00,100 גרם,false,1,15.90,12.72,true,1,
7290014525313,false,חטיפי סלים דליס קריספי שוקולד מרבה 125 גרם,סלים דליס Slim Delis,NL,סלים דליס חטיפים,גרמים,125.00,100 גרם,false,1,15.90,12.72,true,1,
7290014547353,false,סנסודין זוג מברשות שיניים דואלקר ירוק+יר,"L Co., Industrial Shummi",CN,2 מברשו סנסודיין,יחידה,1.00,יחידה,false,1,20.00,20.00,true,1,
7290014648081,false,סכיני גילוח חד פעמי לה בלה עשירייה,נינגבי הווארד,CN,סכיני גילוח ח.פ.,יחידה,1.00,יחידה,false,1,9.90,9.90,true,1,
7290014648678,false,צימרונים קוסמטיים מארז,,IL,צימרונים קוסמטיי,יחידה,1.00,יחידה,false,1,11.90,11.90,true,1,
7290014648920,false,PHARMA DENTקיסמים דנטלים 200יח',,IL,קיסמים דנטליים,יחידה,1.00,יחידה,false,1,10.90,10.90,true,1,
7290014648944,false,PHARMA DENTקיסמי מברשת דו צדדיים 300יח,,IL,קיסמי מברשות דו,יחידה,1.00,יחידה,false,1,10.90,10.90,true,1,
7290014649033,false,שלישיית ספוגי רחצה ע,,IL,ספוג רחצה מפנק,יחידה,1.00,יחידה,false,1,11.90,11.90,true,1,
7290014855458,false,מגבוני בייביסיטר פרפורמנס ללא בישום מארז 72X4יח',בייביסיטר Babysitter,IL,מגבונים לחים 4יח,יחידה,1.00,יחידה,false,1,18.90,18.90,true,1,
7290014855731,false,נועם מגבוני מבוגרים 72 יח' (9 יח' בקרטון),DPL פרומדיקו,IL,מגבונים למבוגרים,יחידה,1.00,יחידה,false,0,18.90,18.90,true,1,
7290014855854,false,מגבונים לחים מועשרים בקמומיל,בייבי בייסיק,IL,בייבי בייסיק,יחידה,1.00,יחידה,false,0,10.90,10.90,true,1,
7290014901247,false,"שמפו קרטין לאחר החלקה ועיצוב בחום סטייל 750 מ""ל",א.ל. ארמן ייצור תמרו,IL,שמפו קרטין,מיליליטרים,750.00,"100 מ""ל",false,0,29.90,3.99,true,1,
7290014901254,false,"מרכך קרטין לאחר החלקה ועיצוב בחום סטייל 750 מ""ל",א.ל ארמן ייצור תמרוק,IL,מרכך קרטין,מיליליטרים,750.00,"100 מ""ל",false,0,29.90,3.99,true,1,
7290014901261,false,"מסכה קרטין לאחר החלקה ועיצוב בחום סטייל 500 מ""ל",א.ל ארמן ייצור תמרוק,IL,מסכת קרטין,מיליליטרים,500.00,"100 מ""ל",false,0,34.90,6.98,true,1,
7290014901315,false,סנסודיין משחה הגנה מלאה אקסטרה פרש 75 מל,"סמית קליין ביצ'ם בע""",GB,משחת סנסודיין,מיליליטרים,75.00,"100 מ""ל",false,0,20.00,26.67,true,1,
7290014901896,false,"מי פה סנסודיין מנטה מרענן 500 מ""ל",גלקסוסמיתקליין,GB,סנסודיין מי פה,מיליליטרים,500.00,"100 מ""ל",false,1,27.90,5.58,true,1,
7290014945678,false,5 בקבוקים סטרילי חד פעמי,STERIBOTTLE,HU,"בקבוק סטרילי ח""פ",יחידה,1.00,יחידה,false,1,9.90,9.90,true,1,
7290014949744,false,אוטן טרופי ספריי יבש 100 מל,מיוצר עי קונדיטוריית,PL,אוטן ספריי,מיליליטרים,100.00,"100 מ""ל",false,0,26.90,26.90,true,1,
7290014962521,false,"טפטפים משחת שיניים לילדים מגיל 2-6 50 מ""ל",כצט CTS,IL,משחת שיניים,מיליליטרים,50.00,"100 מ""ל",false,0,11.90,23.80,true,1,
7290015025942,false,"קרם ידיים קלאסי עם שמן שקדים פנג'ל 80 מ""ל",מיוצר עי קונדיטוריית,IL,קרם ידיים פנג'ל,מיליליטרים,80.00,"100 מ""ל",false,1,8.50,10.63,true,1,
7290015155823,false,מחית תפוחי עץ חטיפטף ללא תוספת סוכר,פרוטה פודיווין איי.א,CZ,חטיפטף פרינוק,גרמים,120.00,100 גרם,false,1,5.50,4.58,true,1,
7290015155830,false,מחית תפוחי עץ ובננה חטיפטף ללא תוספת סוכר,פרוטה פודווין איי.אס,CZ,חטיפטף פרינוק,גרמים,120.00,100 גרם,false,1,5.50,4.58,true,1,
7290015155847,false,מחית סלט פירות חטיפטף ללא תוספת סוכר,פרוטה פודיווין איי.א,CZ,חטיפטף פרינוק,גרמים,120.00,100 גרם,false,1,5.50,4.58,true,1,
7290015156790,false,מחית לפתן פירות חטיפטף ללא תוספת סוכר,פרוטה פודווין איי.אס,CZ,חטיפטף פרינוק,גרמים,120.00,100 גרם,false,1,5.50,4.58,true,1,
7290015156813,false,פאוץ' מחית פירות מעורבים פרינוק 120 גרם,פרוטה פודווין איי.אס,CZ,חטיפטף פרינוק,גרמים,120.00,100 גרם,false,1,5.50,4.58,true,1,
7290015176361,false,מברשת שיניים חשמלית למבוגרים-FJ-TBFJ-ABLUE,פוג'יקום,CN,מברשת שיניים,יחידה,1.00,יחידה,false,1,43.90,43.90,true,1,
7290015176385,false,מברשת שיניים חשמלית לילדים בצבע כחול,פוג'יקום,CN,מברשת שיניים,יחידה,1.00,יחידה,false,1,43.90,43.90,true,1,
7290015176590,false,כבל סנכרוןUSB MICRO יח',פוג'יקום,CN,כבל סנכרון,יחידה,1.00,יחידה,false,1,19.90,19.90,true,1,
7290015366663,false,"משחת שיניים מנטה עדין אקווה פרש 100 מ""ל",גלקסוסמיתקליין,SK,משחה אקווה פרש,מיליליטרים,100.00,"100 מ""ל",false,1,5.90,5.90,true,1,
7290015366670,false,משחת שיניים הגנה משולשת מנטה מרענן,גלקסוסמיתקליין,SK,משחה אקווה פרש,מיליליטרים,100.00,"100 מ""ל",false,1,5.90,5.90,true,1,
7290015366717,false,"מסיכה לשיער ארגן קוקוס סטייל 500 מ""ל",א.ל ארמן יצור תמרוקים,IL,מסכה סטייל,מיליליטרים,500.00,"100 מ""ל",false,1,28.90,5.78,true,1,
7290015366724,false,"סטייל קרם לחות ארגן קוקוס 400 מ""ל",א.ל.ארמן ייצור תמרוקים ב,IL,קרם לחות סטייל,מיליליטרים,400.00,"100 מ""ל",false,1,29.90,7.48,true,1,
7290015366731,false,סטייל שמן ארגן קוקוס 120 מל,א.ל ארמן,IL,שמן לשיער סטייל,מיליליטרים,120.00,"100 מ""ל",false,1,46.90,39.08,true,1,
7290015366748,false,"שמן לשיער ארגן קוקוס סטייל 120 מ""ל",א.ל ארמן,IL,שמן לשיער סטייל,מיליליטרים,120.00,"100 מ""ל",false,1,48.90,40.75,true,1,
7290015381888,false,כביסכל בייבי 2 ליטר,פרפיום קלין,IL,כביסכל בייבי,ליטרים,2.00,ליטר,false,1,41.00,20.50,true,1,
7290015424882,false,פמינה מגבונים אינטימיים 20 יח TO GO,פמינה,IL,מגבונים פמינה,יחידה,1.00,יחידה,false,1,14.90,14.90,true,1,
7290015470384,false,קרם ידיים מטפח אינטנסיב מועשר בשמן שקדים,אינטרקוסמא,IL,קרם ידיים פנג'ל,מיליליטרים,100.00,"100 מ""ל",false,1,11.90,11.90,true,1,
7290015550727,false,קפיץ להסרת שיער רייס ורוד,מג'יק,CN,קפיץ וי להסרת שי,יחידה,1.00,יחידה,false,0,79.30,79.30,true,1,
7290015596831,false,"ד""ר פישר EFFECTIVE CARE קרם גוף בשמן אבוקדו 450 מ""ל",פישר מעבדות פרמצבטיות בע,IL,קרפ גוף אפקטיב,מיליליטרים,450.00,"100 מ""ל",false,1,22.90,5.09,true,1,
7290015683227,false,פוג'יקום מטען ביתי לאייפון 5 2.4A+מתאם מקורי C48,פוג'יקום,CN,מטען לבית אייפון,יחידה,1.00,יחידה,false,1,93.90,93.90,true,1,
7290015733205,false,תרכובת מזון לתינוקות חלבי שלב 1 אקסטרה קר מהדרין,נסטלה,IL,מטרנה אקסטרה,גרמים,700.00,100 גרם,false,1,59.90,8.56,true,1,
7290015733229,false,תרכובת מזון לתינוקות חלבי שלב 2 אקסטרה קר מהדרין,מטרנה,IL,מטרנה אקסטרה,גרמים,700.00,100 גרם,false,1,59.90,8.56,true,1,
7290015733243,false,מטרנה אקסטרה קייר מהדרין שלב 3 700 גרם,מטרנה תעשיות ש.מ.,IL,מטרנה אקסטרה,גרמים,700.00,100 גרם,false,1,59.90,8.56,true,1,
7290015733427,false,דייסת מטרנה גם וגם וניל פרו 300 גר',מולינו ניקולי s.p.a,IL,דייסת מטרנה,גרמים,300.00,100 גרם,false,1,19.90,6.63,true,1,
7290015733441,false,דייסת מטנה גם וגם דגנים פרו 300 גרם,מטרנה תעשיות ש.מ,IL,דייסת מטרנה,גרמים,300.00,100 גרם,false,1,19.90,6.63,true,1,
7290015733465,false,דייסת מטרנה גם וגם קרנפלור פרו 300 גרם,מטרנה תעשיות ש.מ,IL,דייסת מטרנה,גרמים,300.00,100 גרם,false,1,19.90,6.63,true,1,
7290015733939,false,"תרכובת מזון A.R על בסיס חלבי בתוספת עמילן תפו""א ותירס",מטרנה תעשיות ש.מ.,IL,מטרנה AR,גרמים,700.00,100 גרם,false,1,79.60,11.37,false,1,
7290015733977,false,תרכובת מזון קומפורט על בסיס חלבי דל לקטוז,מטרנה תעשיות ש.מ.,IL,מטרנה קומפורט עם,גרמים,700.00,100 גרם,false,1,69.90,9.99,false,1,
7290015793469,false,"קרם להקלה בגירוי, צריבה ותפרחת חיתולים לעור רגיש",אורה קרם,IL,אורה קרם שפורפרת,גרמים,90.00,100 גרם,false,1,19.90,22.11,true,1,
7290015848947,false,אולטרסול תחליב250SPF50מל,פישר מעבדות פרמצבטיות בע,IL,אולטרסול,מיליליטרים,250.00,"100 מ""ל",false,1,59.90,23.96,true,1,
7290015848992,false,"ד""ר פישר - אולטרסול קרם פנים קידס 75 מ""ל 50SPF",פישר מעבדות פרמצבטיות בע,IL,אולטרסול לפנים,מיליליטרים,75.00,"100 מ""ל",false,1,39.90,53.20,true,1,
7290015968393,false,נשכן בננה מ.שיניים נובי,LTD E.L.CO,CN,נשכן בננה נובי,יחידה,1.00,יחידה,false,1,49.90,49.90,true,1,
7290016197495,false,ניקול זוג מטליות הקסם מיקרופייבר לרצפה,חוגלה קימברלי,CN,מטלית לרצפה 2יח,יחידה,1.00,יחידה,false,1,24.90,24.90,true,1,
7290016197600,false,דיפנד - תחבושת לנשים נורמל 12 יח',קימברלי קלארק,VN,תחבושות דיפנד,יחידה,1.00,יחידה,false,1,21.90,21.90,true,1,
7290016197617,false,תחבושת לנשים אקסטרה דיפנד 10 יחידות,קימברלי קלארק,VN,תחבושות דיפנד,יחידה,1.00,יחידה,false,1,21.90,21.90,true,1,
7290016197624,false,תחבושות לנשים סופר דיפנד 8 יחידות,קימברלי קלארק,VN,תחבושות דיפנד,יחידה,1.00,יחידה,false,1,21.90,21.90,true,1,
7290016230888,false,סוללות V3 5) יחידות( 5 י,פוג'יקום,IL,סוללות V3,יחידה,1.00,יחידה,false,1,21.90,21.90,true,1,
7290016246018,false,בארכה מיקס פינוקיות חלבה 10*20 גרם.,"רושדי תעשיות מזון בע""\מ",IL,חלבה בארכה מיקס,גרמים,200.00,100 גרם,false,1,12.90,6.45,true,1,
7290016299021,false,"ARGANIA מרכך טיפולי חומצה היאלרונית וקרטין ללא SLS ללא פארבן ללא מלחים ללא רכיבים מן החי 450 מ""ל",ארגניה יצור ושיווק,IL,מרכך טיפולי חומצ,מיליליטרים,450.00,"100 מ""ל",false,1,38.90,8.64,true,1,
7290016299076,false,"ARGANIA שמפו טיפולי חומצה היאלרונית וקרטין ללא SLS ללא פארבן ללא מלחים ללא רכיבים מן החי 450 מ""ל",ארגניה יצור ושיווק,IL,שמפו טיפולי חומצ,מיליליטרים,450.00,"100 מ""ל",false,1,38.90,8.64,true,1,
7290016299151,false,ארגניה סרום ארגן 100 מל,ארגניה יצור ושיווק,IL,סרום ארגן,מיליליטרים,100.00,"100 מ""ל",false,1,48.90,48.90,true,1,
7290016299168,false,"ARGANIA סרום קיק לחיזוק שורש השערה 100 מ""ל",ארגניה,IL,סרום קיק לחיזוק,מיליליטרים,100.00,"100 מ""ל",false,1,48.90,48.90,true,1,
7290016299199,false,ארגניה סרום חומצה היאלורונית וקרטין 100,ארגניה,IL,סרום חומצה היאלר,מיליליטרים,100.00,"100 מ""ל",false,1,48.90,48.90,true,1,
7290016299410,false,ארגניה שמפו חומצה היאלורונית וחמאת שיאה,ארגניה יצור ושיווק,IL,שמפו לשיער מתולת,מיליליטרים,450.00,"100 מ""ל",false,1,38.90,8.64,true,1,
7290016299557,false,שמן ארגן טהור 30 מל ארגניה,ארגניה יצור ושיווק,IL,שמן 100% ארגן טה,מיליליטרים,30.00,"100 מ""ל",false,1,58.90,196.33,true,1,
7290016299618,false,"ARGANIA שמפו קיק ללא מלחים ,ללא SLS ,ללא פארבן 450 מ""ל",ארגניה יצור ושיווק,IL,שמפו קיק,מיליליטרים,450.00,"100 מ""ל",false,1,38.90,8.64,true,1,
7290016299625,false,ארגניה מסכת קיק ללא שטיפה 250 מל,ארגניה,IL,מסיכת קיק,מיליליטרים,250.00,"100 מ""ל",false,1,46.50,18.60,true,1,
7290016299632,false,"ARGANIA - שמפו ארגן לכל סוגי השיער ללא ס.ל.ס 450 מ""ל",ארגניה יצור ושיווק,IL,שמפו לשיער ללא S,מיליליטרים,450.00,"100 מ""ל",false,1,38.90,8.64,true,1,
7290016299663,false,"שמן קיק בכבישה קרה ארגניה 100 מ""ל",,IL,שמן קיק,מיליליטרים,100.00,"100 מ""ל",false,1,20.00,20.00,true,1,
7290016299670,false,שמן קיק בכבישה קרה ארגניה,,IL,שמן קיק 100% טהו,מיליליטרים,250.00,"100 מ""ל",false,1,39.90,15.96,true,1,
7290016299687,false,ארגניה מרכך חומצה היאלורונית וחמאת שיאה,ארגניה יצור ושיווק,IL,מרכך לשיער מתולת,מיליליטרים,450.00,"100 מ""ל",false,1,38.90,8.64,true,1,
7290016299755,false,"ARGANIA מרכך קיק ללא מלחים ,ללא SLS ,ללא פארבן 400 מ""ל",ארגניה יצור ושיווק,IL,מרכך קיק,מיליליטרים,450.00,"100 מ""ל",false,1,38.90,8.64,true,1,
7290016299878,false,"ARGANIA מסיכה טיפולית לשיער מעושר בחומצה האילרונית וקרטין ללא SLS 500 מ""ל",ארגניה יצור ושיווק,IL,מסיכה טיפולית לש,מיליליטרים,500.00,"100 מ""ל",false,1,44.90,8.98,true,1,
7290016299885,false,"ARGANIA מסיכה קיק לחיזוק השורש והשיערה 500 מ""ל",שיווק TEVACOM,IL,מסיכת קיק,מיליליטרים,500.00,"100 מ""ל",false,1,44.90,8.98,true,1,
7290016299892,false,"ARGANIA - מסיכה מקצועית לשיער קרטין וארגן 500 מ""ל",ארגניה יצור ושיווק,IL,מסיכה לשיער קרטי,מיליליטרים,500.00,"100 מ""ל",false,1,44.90,8.98,true,1,
7290016319118,false,מגע הדבש שעווה מתקלפת לפנים 100 גרם,המאפיה של הרמן,IL,שעווה לאזור פנים,מיליליטרים,100.00,"100 מ""ל",false,1,29.90,29.90,true,1,
7290016321531,false,רצועות שעווה לגוף מגע הדבש אלוורה 12+3יח,שוורצקוף& הנקל דיסלד,IL,12רצועות שעווה,יחידה,1.00,יחידה,false,1,28.90,28.90,true,1,
7290016321548,false,מגע הדבש רצועות שעווה לגוף קמומיל 12+3,ש.שוורץ,ES,רצועות שעווה לגו,יחידה,1.00,יחידה,false,1,28.90,28.90,true,1,
7290016321555,false,מגע הדבש רצועות שעווה ביקיני ובית שחי 12+3,ש.שוורץ,ES,רצועות שעווה,יחידה,1.00,יחידה,false,1,28.90,28.90,true,1,
7290016321661,false,פרש וואנס SENSITIVE מגבונים ללא בישום רביעייה 72 יחידות,עלבד משואות יצחק,IL,פרש וואנס 4יח,יחידה,1.00,יחידה,false,1,15.90,15.90,true,1,
7290016321678,false,מגבונים לחים בניחוח מרענן עם תמציות קמומיל ואלוורה,עלבד משואות יצחק,IL,פרש וואנס 4 יח,יחידה,1.00,יחידה,false,1,15.90,15.90,true,1,
7290016321777,false,מגע הדבש רצועות שעווה לפנים אלוורה 20 יח,שוורצקוף& הנקל דיסלד,IL,רצועות שעווה לפנ,יחידה,1.00,יחידה,false,1,28.90,28.90,true,1,
7290016329261,false,סרקל מתיר קשרים ספריי רציףף 300 מ'ל,פישר מעבדות פרמצבטיות בע,IL,סרקל מתיר קשרים,מיליליטרים,300.00,"100 מ""ל",false,1,33.90,11.30,true,1,
7290016329278,false,קמיל בלו מגבונים מילוי 64 יח רביעייה,פישר מעבדות פרמצבטיות בע,IL,מגבונים קמיל בלו,יחידה,1.00,יחידה,false,1,19.90,19.90,true,1,
7290016329308,false,"ד""ר פישר - סרקל קרם רוזמרין לשיער מתולתל 325 מ""ל",פישר מעבדות פרמצבטיות בע,IL,סרקל מתיר קשרים,מיליליטרים,325.00,"100 מ""ל",false,1,25.90,7.97,true,1,
7290016329315,false,סרקל ספריי מתיר קשרים לילדים לשיער מתולתל,פישר מעבדות פרמצבטיות בע,IL,סרקל מתיר קשרים,מיליליטרים,300.00,"100 מ""ל",false,1,33.90,11.30,true,1,
7290016329674,false,קמיל בלו קרם פנים לתינוק לעור יבש במיוחד,פישר מעבדות פרמצבטיות בע,IL,קרם פנים קמיל,מיליליטרים,75.00,"100 מ""ל",false,1,29.90,39.87,true,1,
7290016350012,false,דאו סטיק לגבר גולדן 80מל,א.משי תעשיות,IL,דאו סטיק לגבר,מיליליטרים,80.00,"100 מ""ל",false,1,9.90,12.38,true,1,
7290016350029,false,דאו סטיק לגבר גרין נטור,א.משי תעשיות,IL,דאו סטיק לגבר,יחידה,1.00,יחידה,false,1,9.90,9.90,true,1,
7290016372991,false,חליטת קמומיל 20 שק1.5*ג,ויסוצקי,IL,חליטת קמומיל,גרמים,30.00,100 גרם,false,1,13.90,46.33,true,1,
7290016429992,false,"ד""ר פישר - אלכוג'ל במארז סיליקון עם דמות 30 מ""ל",פישר מעבדות פרמצבטיות בע,IL,אלכוג'ל,מיליליטרים,30.00,"100 מ""ל",false,1,19.90,66.33,true,1,
7290016437416,false,דיפנד - גזרה גבוה תחתון מדיום נשים 18 יח',KC Vietnam,IL,תחתון דיפנד,יחידה,1.00,יחידה,false,1,67.90,67.90,true,1,
7290016437423,false,דיפנד תחתון סופג L נשים 16 יח גזרה גבוהה,KC Vietnam,IL,תחתון דיפנד,יחידה,1.00,יחידה,false,1,67.90,67.90,true,1,
7290016437430,false,דיפנד - גזרה גבוה תחתון אקסטרה לארג' נשים 16 יח',KC Vietnam,IL,תחתון דיפנד,יחידה,1.00,יחידה,false,1,67.90,67.90,true,1,
7290016437454,false,דיפנד - גזרה גבוה תחתון מדיום גברים 18 יח',General,IL,תחתון דיפנד,יחידה,1.00,יחידה,false,1,67.90,67.90,true,1,
7290016437591,false,קוטקס - תחתונים סופגים לנשים לאחר לידה מדיום 8 יח',חוגלה קימברלי,KR,תחתונים סופגים,יחידה,1.00,יחידה,false,0,36.90,36.90,true,1,
7290016437607,false,קוטקס - תחתונים סופגים לנשים לאחר לידה לארג' 8 יח',חוגלה קימברלי,KR,תחתונים סופגים,יחידה,1.00,יחידה,false,0,36.90,36.90,true,1,
7290016437621,false,חיתולי האגיס פרידום דריי pants מידה 4 36 יחידות,קימברלי קלארק צ'כיה,CZ,חיתולי האגיס,יחידה,1.00,יחידה,false,1,48.90,48.90,true,1,
7290016437645,false,חיתולי האגיס פרידום דריי pants מידה 5 34 יחידות,קימברלי קלארק צ'כיה,CZ,חיתולי האגיס,יחידה,1.00,יחידה,false,1,48.90,48.90,true,1,
7290016437652,false,חיתולי האגיס פרידום דריי pants מידה 6 30 יחידות,קימברלי קלארק צ'כיה,CZ,חיתולי האגיס,יחידה,1.00,יחידה,false,1,48.90,48.90,true,1,
7290016509342,false,סוד מארז טריו כדוריות לאסלה כחול אקטיבי אקונומיקה,הנקל סוד,HU,סבון אסלה 3 יח,גרמים,150.00,100 גרם,false,1,18.90,12.60,true,1,
7290016509786,false,פרסיל גל לכביסה לבנה וצבעונית-ירוק 2.5 ל,"הנקל סוד בע""\מ",IL,ג'ל כביסה פרסיל,ליטרים,2.50,ליטר,false,1,34.90,13.96,true,1,
7290016509830,false,ג'ל כביסה לבגדי תינוקות ובעלי עור רגיש Sensitive,"הנקל סוד בע""\מ",IL,ג'ל כביסה בייבי,ליטרים,2.50,ליטר,false,1,34.90,13.96,true,1,
7290016510317,false,הוואי ס.נוזל לגבר מלא עוצמה 700מל,טרופיקל דגיל בעמ,IL,תחליב רחצה הוואי,מיליליטרים,700.00,"100 מ""ל",false,1,10.90,1.56,true,1,
7290016564266,false,מבריקל הפלא כיסוי הפלא 3,פארמה דיל,IL,מבריקל הפלא כיסו,יחידה,1.00,יחידה,false,1,12.90,12.90,true,1,
7290016621013,false,"ד""ר פישר - קרם גוף קמיל בלו 500 מ""ל",פישר מעבדות פרמצבטיות בע,IL,קרם גוף קמיל בלו,מיליליטרים,500.00,"100 מ""ל",false,1,28.90,5.78,true,1,
7290016621358,false,"ד""ר פישר - קמיל אל סבון ניקיון והזנה ורוד 1 ליטר",פישר מעבדות פרמצבטיות בע,IL,אל סבון קמיל,ליטרים,1.00,ליטר,false,1,15.90,15.90,true,1,
7290016621365,false,אל סבון היגייני לניקוי יסודי קמיל Clean & Moisture,פישר מעבדות פרמצבטיות בע,IL,אל סבון קמיל,ליטרים,1.00,ליטר,false,1,15.90,15.90,true,1,
7290016692150,false,"סבון טבעי לניקוי בקבוקים, מוצצים ומשאבות חלב",מאמי קר Mommy Care,IL,סבון לניקוי,מיליליטרים,500.00,"100 מ""ל",false,0,46.90,9.38,true,1,
7290016692198,false,מאמי קייר משחת החתלה קלנדולה קלאסיק,מאמי קר Mommy Care,IL,קלאסיק משחת החתל,מיליליטרים,120.00,"100 מ""ל",false,1,24.50,20.42,true,1,
7290016866643,false,פרודונטקס מ.שיניים אקסטרה פרש 75 מל,פרודונטקס Parodontax,SK,משחה פרודונטקס,מיליליטרים,75.00,"100 מ""ל",false,1,31.90,42.53,true,1,
7290016866650,false,"פרודונטקס - משחת שיניים אוריג'ינל 75 מ""ל",פרודונטקס Parodontax,SK,משחה פרודונטקס,מיליליטרים,75.00,"100 מ""ל",false,1,31.90,42.53,true,1,
7290016866667,false,"פרודונטקס - משחת שיניים ללא פלאוריד 75 מ""ל",פרודונטקס Parodontax,SK,משחה פרודונטקס,מיליליטרים,75.00,"100 מ""ל",false,1,31.90,42.53,true,1,
7290016866674,false,"פרודונטקס - משחת שיניים מלבינה 75 מ""ל",פרודונטקס Parodontax,SK,משחה פרודונטקס,מיליליטרים,75.00,"100 מ""ל",false,1,31.90,42.53,true,1,
7290016866704,false,"סטייל שמפו לאחר החלקה מועשר בויטמין אי, 750 מ""ל",סטייל Style,IL,שמפו קרטין,מיליליטרים,750.00,"100 מ""ל",false,1,29.90,3.99,true,1,
7290016866728,false,סטייל מסכה קרטין E 500 מל לשיקום שיער יב,סטייל Style,IL,מסכה קרטין,מיליליטרים,500.00,"100 מ""ל",false,1,34.90,6.98,true,1,
7290016912609,false,"סרקל מסיכת הזנה לשיער ילדים 200 מ""ל",פישר מעבדות פרמצבטיות בע,IL,מסכת סרקל,מיליליטרים,200.00,"100 מ""ל",false,1,25.90,12.95,true,1,
7290016912623,false,סרקל מרכך לילדים לשיער בהיר - בלונדיני,פישר מעבדות פרמצבטיות בע,IL,מרכך סרקל בלונד,ליטרים,1.00,ליטר,false,1,23.90,23.90,true,1,
7290016932836,false,"תרחיץ פנים לגבר 150 מ""ל",א.משי תעשיות,IL,תרחיץ פנים לגבר,מיליליטרים,150.00,"100 מ""ל",false,1,14.90,9.93,true,1,
7290017002149,false,פראנס ביוטי שעווה למיקרוגל פנים שחור70גר,נורוליס,IT,השעווה למיקרוגל,גרמים,70.00,100 גרם,false,1,24.90,35.57,true,1,
7290017031569,false,סטייל שמפו קרטין פלוס 100 מל לשיקום שיער,גורי,IL,שמפו קרטין סטייל,יחידה,1.00,יחידה,false,1,9.90,9.90,true,1,
7290017031576,false,סטייל מסכה קרטין פלוס 100 מל ל,גורי,IL,מסכה קרטין מוקטן,מיליליטרים,100.00,"100 מ""ל",false,1,9.90,9.90,true,1,
7290017031583,false,סטייל מרכך קרטין פלוס 100 מל לשיקום שיער,א.ל ארמן,IL,מרכך קרטין מוקטן,מיליליטרים,100.00,"100 מ""ל",false,1,9.90,9.90,true,1,
7290017031705,false,"סנסודיין משחת שיניים קלין & פרש 75 מ""ל",גלקסוס סמית קליין,SK,משחת סנסודיין,מיליליטרים,75.00,"100 מ""ל",false,1,18.90,25.20,true,1,
7290017031811,false,פרודונטקס מברשת שיניים אקסטרא סופט א.זוג,גלקסוסמיתקליין,CN,מברשות פרודונטקס,יחידה,1.00,יחידה,false,1,28.90,28.90,true,1,
7290017031859,false,"פרודונטקס - משחת שיניים אולטרא קלין 75 מ""ל","מאסטרפוד אוסטריה בע""מ",SK,משחת פרודונטקס,מיליליטרים,75.00,"100 מ""ל",false,1,31.90,42.53,true,1,
7290017031927,false,שמפו סטיייל האמפ 750 מל,א.ל.ארמן ייצור תמרוקים ב,IL,סטייל שמפו 750 מ,מיליליטרים,750.00,"100 מ""ל",false,1,26.90,3.59,true,1,
7290017088051,false,בייביסיטר - חיתולי סטנדרט מידה 3 - 52 יח',די.פי.אל תעשיות מוצרים ח,IL,חיתולי בייביסיטר,יחידה,1.00,יחידה,false,1,32.90,32.90,true,1,
7290017088068,false,בייביסיטר - חיתולי סטנדרט מידה 4 - 42 יח',די.פי.אל תעשיות מוצרים ח,IL,חיתולי בייביסיטר,יחידה,1.00,יחידה,false,1,32.90,32.90,true,1,
7290017088075,false,בייביסיטר - חיתולי סטנדרט מידה 4+ - 40 יח',די.פי.אל תעשיות מוצרים ח,IL,חיתולי בייביסיטר,יחידה,1.00,יחידה,false,1,32.90,32.90,true,1,
7290017088082,false,בייביסיטר - חיתולי סטנדרט מידה 5 - 36 יח',די.פי.אל תעשיות מוצרים ח,IL,חיתולי בייביסיטר,יחידה,1.00,יחידה,false,1,32.90,32.90,true,1,
7290017088099,false,בייביסיטר - חיתולי סטנדרט מידה 6 - 30 יח',די.פי.אל תעשיות מוצרים ח,IL,חיתולי בייביסיטר,יחידה,1.00,יחידה,false,1,32.90,32.90,true,1,
7290017088327,false,רבעיית מגבונים בייביסיטר אקסטרא סופט ללא בישום 64 יחידות,די.פי.אל בעמ,IL,מגבוני בייביסיטר,יחידה,1.00,יחידה,false,1,19.90,19.90,true,1,
7290017088464,false,תחבושות סופגנית מקסי לונג טופ פד 20 יח',D.P.L,IT,טופ פד,יחידה,1.00,יחידה,false,1,19.90,19.90,true,1,
7290017088495,false,תחבושות טופ פד אקסטרה 20 יח',D.P.L,IT,טופ פד,יחידה,1.00,יחידה,false,1,9.90,9.90,true,1,
7290017088693,false,קוויק מטליות לחות לניקוי וחיטוי רצפות ניחוח לוונדר 10 יחידות,די.פי.אל,IL,מגבונים לרצפה,יחידה,1.00,יחידה,false,1,10.00,10.00,true,1,
7290017088815,false,בריז תחבושות לבריחת שתן נורמל 12 יח,ניאופארם,IT,בריז תחבושות שתן,יחידה,1.00,יחידה,false,1,15.90,15.90,true,1,
7290017088822,false,BREEZE תחבושות לבריחת שתן אקסטרה (10 יח'),ניאופארם,IT,בריז תחבושות שתן,יחידה,1.00,יחידה,false,1,15.90,15.90,true,1,
7290017088839,false,BREEZE תחבושות לבריחת שתן אקסטרה פלוס (8 יח'),ניאופארם,IT,בריז תחבושות שתן,יחידה,1.00,יחידה,false,1,15.90,15.90,true,1,
7290017088846,false,BREEZE תחבושות לבריחת שתן מקסי (8 יח'),ניאופארם,IT,בריז תחבושות שתן,יחידה,1.00,יחידה,false,1,15.90,15.90,true,1,
7290017088853,false,BREEZE תחתונים לבריחת שתן מידה M יח' 14,ניאופארם,IT,בריז תחתונים,יחידה,1.00,יחידה,false,1,74.90,74.90,true,1,
7290017088860,false,BREEZE תחתונים לבריחת שתן מידה L יח' 14,ניאופארם,IT,בריז תחתונים,יחידה,1.00,יחידה,false,1,74.90,74.90,true,1,
7290017088877,false,BREEZE תחתונים לבריחת שתן מידה XL יח' 14,ניאופארם,IT,בריז תחתונים,יחידה,1.00,יחידה,false,1,74.90,74.90,true,1,
7290017088884,false,מכנסוני אקסטרה סטרונג XL,פינגווין,IL,מכנסונים נועם,יחידה,1.00,יחידה,false,1,59.90,59.90,true,1,
7290017088969,false,חיתולים בייביסיטר NB מידה 1 -42 יחידות,די.פי.אל תעשיות מוצרים ח,IL,חיתול דק מידה 1,יחידה,1.00,יחידה,false,1,26.90,26.90,true,1,
7290017088983,false,חיתולים בייביסיטר NB מידה 2- 38 יחידות,די.פי.אל תעשיות מוצרים ח,IL,חיתול דק מידה 2,יחידה,1.00,יחידה,false,1,26.90,26.90,true,1,
7290017197364,false,אל סבון לבנדר סגול 1 לי,,IL,אל סבון לבנדר,ליטרים,1.00,ליטר,false,0,9.90,9.90,true,1,
7290017407852,false,פיגמנט נוזלי טינט יח,,IL,פיגמנט נוזלי טינ,יחידה,1.00,יחידה,false,1,59.90,59.90,true,1,
7290017407982,false,מסקרה KAPARA יח',,IL,מסקרה KAPARA,יחידה,1.00,יחידה,false,1,39.90,39.90,true,1,
7290017440248,false,סרקל מרכך לילדים לשיער מתולתל 1 ליטר,פישר מעבדות פרמצבטיות בע,IL,מרכך סרקל,ליטרים,1.00,ליטר,false,1,23.90,23.90,true,1,
7290017440279,false,"ד""ר פישר - קידס אל סבון ויטמינים 750 מ""ל",פישר תעשיות,IL,אל סבון ויטמינים,מיליליטרים,750.00,"100 מ""ל",false,1,16.90,2.25,true,1,
7290017440309,false,"ד""ר פישר - קידס שמפו ויטמינים 750 מ""ל","ד""ר פישר Dr fischer",IL,שמפו קידס,מיליליטרים,750.00,"100 מ""ל",false,1,16.90,2.25,true,1,
7290017440323,false,"ד""ר פישר - קידס שמפו + מרכך ויטמינים 750 מ""ל","ד""ר פישר Dr fischer",IL,שמפו+מרכך קידס,מיליליטרים,750.00,"100 מ""ל",false,1,16.90,2.25,true,1,
7290017440798,false,ד.פישר סילבר מרכך לשיער כסוף 400 מל,קולגייט פלמוליב,IL,מרכך לשיער כסוף,מיליליטרים,400.00,"100 מ""ל",false,1,28.90,7.23,true,1,
7290017440804,false,ד.פישר סילבר מסכת הזנה לשיער כסוף 300 מ,מדי פישר,IL,מסכה לשיער,מיליליטרים,300.00,"100 מ""ל",false,1,39.90,13.30,true,1,
7290017457925,false,סוד מרכך כביסה מרוכז פרש קונטרול ורוד,הנקל סוד,IL,סוד מרכך ורוד,מיליליטרים,900.00,"100 מ""ל",false,1,11.90,1.32,true,1,
7290017457932,false,סוד מרכך כביסה מרוכז פרש קונטרול כחול,הנקל סוד,IL,סוד מרכך כחול,מיליליטרים,900.00,"100 מ""ל",false,1,11.90,1.32,true,1,
7290017637433,false,MB תחליב רחצה ארומטי 600 מל יוזו,סאסא קוסמטיקס,IL,MBתחליב רחצה,מיליליטרים,600.00,"100 מ""ל",false,1,16.90,2.82,true,1,
7290017637440,false,MB תחליב רחצה ארומטי 600 מל סחלבים,סאסא קוסמטיקס,IL,MBת.רחצה סחלבים,מיליליטרים,600.00,"100 מ""ל",false,1,16.90,2.82,true,1,
7290017637464,false,MB תחליב רחצה ארומטי 600 מל זרעי רימונים,סאסא קוסמטיקס,IL,MBתחליב רחצה,מיליליטרים,600.00,"100 מ""ל",false,1,16.90,2.82,true,1,
7290017637587,false,קרם לתלתלים מיקי בוגנים 200 מל,סאסא קוסמטיקס,IL,MB תרסיס לשיער,מיליליטרים,200.00,"100 מ""ל",false,1,26.90,13.45,true,1,
7290017637594,false,שמפו לשיער מיקי בוגנים 500 מל,סאסא קוסמטיקס,IL,MB שמפו לשיער,מיליליטרים,500.00,"100 מ""ל",false,1,24.90,4.98,true,1,
7290017637655,false,שמפו קרטין ללא מלח מיקי בוגנים 500 מל,סאסא קוסמטיקס,IL,MB שמפו קרטין,מיליליטרים,500.00,"100 מ""ל",false,1,28.90,5.78,true,1,
7290017695235,false,סרום ויטמינס לאחר החלקה,מיסטר בונד,IL,סרום ויטמינס,מיליליטרים,200.00,"100 מ""ל",false,1,39.90,19.95,true,1,
7290017695242,false,שמפו ויטמינס אחר החלקה1ל,מיסטר בונד,IL,שמפו ויטמינס לאח,ליטרים,1.00,ליטר,false,1,39.90,39.90,true,1,
7290017695259,false,מסכה לשיער ויטמינס 500מל,מיסטר בונד,IL,מסכה לשיער ויטמי,מיליליטרים,500.00,"100 מ""ל",false,1,39.90,7.98,true,1,
7290017695280,false,מרכך שיער ויטמינס 1 ליטר,מיסטר בונד,IL,מרכך שיער ויטמינ,ליטרים,1.00,ליטר,false,1,39.90,39.90,true,1,
7290017871363,false,פמילי יהלום- פמלי סבון ידיים מועשר בשמן מקדמיה לניקוי וטיפוח עור הידיים,המאפיה של הרמן,TR,סבון ידיים פמלי,מיליליטרים,500.00,"100 מ""ל",false,1,11.90,2.38,true,1,
7290017872001,false,"קרם החתלה פרשוואנס שמן זית ופרופוליס 100 סמ""ק",פרש-וואנס,IL,פרש וואנס קרם הח,מיליליטרים,100.00,"100 מ""ל",false,1,12.90,12.90,true,1,
7290017872070,false,מארז מגבונים לחים בניחוח מרענן פרש וואנס שלישייה,"ווטנפס בע""\מn\",IL,פרש וואנס מגבון,יחידה,1.00,יחידה,false,1,12.90,12.90,false,1,
7290017872230,false,פרש וונס מגבונים נטורל 100 יח דיספנסר,פרש וואנס Fresh Ones,IL,פרש וואנס מגבון,יחידה,1.00,יחידה,false,1,10.90,10.90,false,1,
7290017872957,false,אדג' - מכשיר גילוח רב פעמי ידית + 3 סכינים לעור רגיש,General,US,מכשיר+סכין גילוח,יחידה,1.00,יחידה,false,1,59.90,59.90,true,1,
7290017873169,false,"פמילי סבון ידיים מועשר בשמן זית 500 מ""ל",טאהא,TR,תחליב רחצה פמלי,מיליליטרים,500.00,"100 מ""ל",false,1,11.90,2.38,true,1,
7290017873206,false,בוטניקל תחליב רחצה לגוף מועשר בשמן זית 700מל',טאהא,TR,תחליב רחצה פמלי,מיליליטרים,700.00,"100 מ""ל",false,1,14.90,2.13,true,1,
7290017873350,false,קרם יד.פנג'ל אינטנסיב100,"דנלוג אינטרקוסמא בע""\מ",IL,קרם ידיים פנג'ל,מיליליטרים,100.00,"100 מ""ל",false,1,13.90,13.90,true,1,
7290017873381,false,תח.גוף פנג'ל אינטנסיב400,אינטרקוסמא,IL,תחליב גוף פנג'ל,מיליליטרים,400.00,"100 מ""ל",false,1,28.90,7.23,true,1,
7290017917382,false,אל סבון היגייני לניקוי יסודי ולהרגע העור clean & calm,"ד""ר פישר Dr fischer",IL,קמיל סבון ידיים,ליטרים,1.00,ליטר,false,1,15.90,15.90,true,1,
7290017917467,false,אל סבון טיפולי לתינוק קמיל בלו שיבולת שועל,"ד""ר פישר Dr fischer",IL,אל סבון ש.שועל,ליטרים,1.00,ליטר,false,1,31.90,31.90,true,1,
7290017917542,false,"ד""ר פישר שמפו בלונד ללא תוספת מלחים 400 מ""ל",מדי פישר,IL,שמפו ללא מלחים,מיליליטרים,400.00,"100 מ""ל",false,1,39.90,9.98,true,1,
7290017917566,false,ד.פישר סילבר שמפו לשיער כסוף ללא מלח,מדי פישר,IL,שמפו,מיליליטרים,400.00,"100 מ""ל",false,1,39.90,9.98,true,1,
7290017917597,false,אולטרסול ספקטרום תחליב גוף +50 200 מל,פישר מעבדות פרמצבטיות בע,IL,אולטרסול,מיליליטרים,200.00,"100 מ""ל",false,1,69.90,34.95,true,1,
7290017917610,false,אולטרסול ספקטרום ספריי תחליבי +50 200 מל,פישר מעבדות פרמצבטיות בע,IL,אולטרסול,מיליליטרים,200.00,"100 מ""ל",false,1,69.90,34.95,true,1,
7290017917757,false,"ד""ר פישר EFFECTIVE CARE קרם גוף בשמן כותנה 450 מ""ל",פישר מעבדות פרמצבטיות בע,IL,קרם גוף אפקטיב,מיליליטרים,450.00,"100 מ""ל",false,1,22.90,5.09,true,1,
7290017917764,false,"ד""ר פישר - אפקטיב קר קרם גוף מועשר בשמן ארגן 450 מ""ל",פישר מעבדות פרמצבטיות בע,IL,קרם גוף,מיליליטרים,450.00,"100 מ""ל",false,1,22.90,5.09,true,1,
7290017928098,false,שטוחלה מלח מאיר בייגל 330 גרם,מאיר את בייגל,IL,בייגלה שטוחל'ה,גרמים,330.00,100 גרם,false,1,8.90,2.70,true,1,
7290017928524,false,בייגלה שטוח ניגובים מלח 330 ג' מאיר בייגל,מאיר את בייגל,IL,שטוחל'ה ניגובים,גרמים,330.00,100 גרם,false,1,8.90,2.70,true,1,
7290017928821,false,מקלות גריסיני קלאסי מאיר בייגל 200 גרם,מאיר את בייגל,IL,גריסיני קלאסי,גרמים,200.00,100 גרם,false,1,8.90,4.45,true,1,
7290017946368,false,שלישיית כדוריות סבון לאסלה אוקיינוס סוד 50 גרם,הנקל סוד,RS,סבון לאסלה סוד,גרמים,150.00,100 גרם,false,1,18.90,12.60,true,1,
7290018043196,false,פראוד - חטיף חלבון בטעם שוקולד לבן עוגיות 60 גרם,הרת'סייד פוד סולושיי,NL,פראוד חטיף בטעם,גרמים,60.00,100 גרם,false,1,14.90,24.83,true,1,
7290018043295,false,חטיף חלבון בטעם ונילה קראנץ',הרת'סייד פוד סולושיי,NL,פראוד חטיף וניל,גרמים,60.00,100 גרם,false,1,14.90,24.83,true,1,
7290018080276,false,מאמי קר רפידות הנקה 60 יחידות,מאמי קר Mommy Care,CN,רפידות הנקה,יחידה,1.00,יחידה,false,1,49.90,49.90,true,1,
7290018080290,false,שמן שקדים לעיסוי פרינאום,מאמי קר,IL,שמן שקדים לעיסוי,מיליליטרים,100.00,"100 מ""ל",false,1,49.90,49.90,true,1,
7290018080573,false,רפידות הנקה במבוק 30יח,,JP,רפידות הנקה במבו,יחידה,1.00,יחידה,false,1,29.90,29.90,true,1,
7290018080641,false,מבשם בדים מצעים ואוויר,מאמי קר,IL,מבשם בדים מצעים,מיליליטרים,250.00,"100 מ""ל",false,1,24.90,9.96,true,1,
7290018132340,false,"מטרנה גולד בד""ץ שלב 1 700 גרם",מטרנה תעשיות ש.מ.,IL,מטרנה גולד שלב 1,גרמים,700.00,100 גרם,false,1,73.90,10.56,true,1,
7290018132388,false,מטרנה גולד שלב 2 תרכובת מזון על בסיס חלבי,מטרנה תעשיות ש.מ.,IL,מטרנה גולד שלב 2,גרמים,700.00,100 גרם,false,1,73.90,10.56,true,1,
7290018132425,false,מטרנה גולד שלב 3 תרכובת מזון על בסיס חלבי,מטרנה תעשיות ש.מ.,IL,מטרנה גולד שלב 3,גרמים,700.00,100 גרם,false,1,73.90,10.56,true,1,
7290018156087,false,"ד""ר פישר - סרקל אקטיב שמפו 450 מ""ל",פישר מעבדות פרמצבטיות,IL,סרקל אקטיב שמפו,מיליליטרים,450.00,"100 מ""ל",false,1,34.90,7.76,true,1,
7290018182277,false,LA BELLE מקלוני נייר שחור עם צמר גפן צבעוני-כחול 200 יח,,CN,מקלוני נייר שחור,יחידה,1.00,יחידה,false,1,9.90,9.90,true,1,
7290018182307,false,מקלוני נייר לבן עם צמר גפן צבעוני 200 יח,,CN,מקלוני נייר לבן,יחידה,1.00,יחידה,false,1,9.90,9.90,true,1,
7290018182376,false,GARDEN OASIS מארז מעטפה לבבות,,IL,מארז מעטפת לבבות,יחידה,1.00,יחידה,false,1,29.90,29.90,true,1,
7290018182390,false,מארז נעל לבבות,,,מארז נעל לבבות,יחידה,1.00,יחידה,false,0,39.90,39.90,true,1,
7290018182758,false,תוספות שיער לקוקו לורן,פארמה דיל,CN,ת.שיער לקוקו,יחידה,1.00,יחידה,false,1,59.90,59.90,true,1,
7290018182772,false,תוספות שיער לקוקו לורן,פארמה דיל,CN,ת.שיער לקוקו,יחידה,1.00,יחידה,false,1,59.90,59.90,true,1,
7290018182789,false,תוספות שיער לקוקו יסמין,פארמה דיל,CN,ת.שיער לקוקו,יחידה,1.00,יחידה,false,1,49.90,49.90,true,1,
7290018182802,false,תוספות שיער לקוקו יסמין,פארמה דיל,CN,ת.שיער לקוקו,יחידה,1.00,יחידה,false,1,49.90,49.90,true,1,
7290018182888,false,קיסמי מברשות רכים מגומי,,IL,קיסמי מברשות גומ,יחידה,1.00,יחידה,false,1,19.90,19.90,true,1,
7290018183823,false,ספוג רחצה מפנק .,,IL,ספוג רחצה מפנק .,יחידה,1.00,יחידה,false,1,11.90,11.90,true,1,
7290018292556,false,"ARGANIA - קרם לחות לשיער חומצה היאלרונית וקרטין 400 מ""ל",ארגניה יצור ושיווק,IL,קרם לחות לשיער,מיליליטרים,400.00,"100 מ""ל",false,1,44.90,11.23,true,1,
7290018343296,false,דר פישר אלכוגל H לידיים 100 מל,מדי פישר,IL,"אלכוג'ל 100 מ""ל",מיליליטרים,100.00,"100 מ""ל",false,1,9.90,9.90,true,1,
7290018343326,false,"ד""ר פישר מרכך לשיער מתולתל -400 מ""ל PERFECT CURLS",מדי פישר,IL,מרכך לשיער מתותל,מיליליטרים,400.00,"100 מ""ל",false,1,29.90,7.48,true,1,
7290018343340,false,"ד""ר פישר - שמפו משקם לאחר החלקה ללא תוספת מלח 400 מ""ל",פישר מעבדות פרמצבטיות,IL,שמפו משקם,מיליליטרים,400.00,"100 מ""ל",false,1,39.90,9.98,true,1,
7290018343630,false,ד.פישר אפקטיב קר קרם גוף מועשר חמאת קקאו,פישר מעבדות פרמצבטיות בע,IL,קרם גוף אפקטיב,מיליליטרים,450.00,"100 מ""ל",false,1,22.90,5.09,true,1,
7290018354704,false,"ווקס לגבר 100 מ""ל",א.משי תעשיות,IL,ווקס לגבר,מיליליטרים,100.00,"100 מ""ל",false,1,14.90,14.90,true,1,
7290018493052,false,"ד""ר פישר - אפקטיב קר קרם ידיים מועשר בשמן אבוקדו 100 מ""ל",פישר מעבדות פרמצבטיות,IL,קרם ידיים,מיליליטרים,100.00,"100 מ""ל",false,1,15.90,15.90,true,1,
7290018493076,false,"אפקטיב קר קרם ידייםמועשר בשמן ארגן ד""ר פישר 100 מ""ל",פישר מעבדות פרמצבטיות,IL,קרם ידיים,מיליליטרים,100.00,"100 מ""ל",false,1,15.90,15.90,true,1,
7290018516324,false,פאוץ' פרינוק תפוח עץ עם שיבולת שועל 120 גרם,פרוטה פודווין איי.אס,CZ,פרינוק,גרמים,120.00,100 גרם,false,1,5.50,4.58,true,1,
7290018516355,false,מחיט תפוח עץ ושבולות שועל 190 ג' פרינוק גוניור,פרוטה פודווין איי.אס,CZ,פרינוק ארוחה,גרמים,190.00,100 גרם,false,1,5.90,3.11,true,1,
7290018516362,false,מחיט תפוח עץ בננה ושבולות שועל 190 ג' פרינוק גוניור,פרוטה פודווין איי.אס,CZ,פרינוק ארוחה,גרמים,190.00,100 גרם,false,1,5.90,3.11,true,1,
7290018516379,false,מחיט סלט פירות ושבולות שועל 190 ג' פרינוק גוניור,פרוטה פודווין איי.אס,CZ,פרינוק ארוחת סלט,גרמים,190.00,100 גרם,false,1,5.90,3.11,true,1,
7290018703311,false,פראוד - חטיף חלבון קרם עוגיות קראנצ' 60ג,v.s.i,NL,חטיף חלבון,גרמים,60.00,100 גרם,false,1,13.90,23.17,true,1,
7290018703496,false,פראוד - חטיף חלבון בטעם בננה טופי 60 גרם,פראוד PROUD,NL,חטיף חלבון,גרמים,60.00,100 גרם,false,1,13.90,23.17,true,1,
7290018733141,false,מסכה לתלתלים 60 שניות 50,מיסטר בונד,IL,מסכה לתלתלים 60,מיליליטרים,500.00,"100 מ""ל",false,1,49.90,9.98,true,1,
7290018733158,false,קרם גלייז לתלתלים משאבה,מיסטר בונד,IL,קרם גלייז לתלתלי,גרמים,500.00,100 גרם,false,1,49.90,9.98,true,1,
7290018733172,false,קרם מוריד נפח ביוטין 500,מיסטר בונד,IL,קרם מוריד נפח,גרמים,500.00,100 גרם,false,1,49.90,9.98,true,1,
7290018733554,false,קרם באנגי סילק קרטין ביו,מיסטר בונד,IL,קרם באנגי סילק,מיליליטרים,500.00,"100 מ""ל",false,1,49.90,9.98,true,1,
7290018921029,false,"ד""ר פישר - קמיל בלו מגבוני סנסיטיב 64 יח' * 4",פישר מעבדות פרמצבטיות בע,IL,מגבוני קמיל בלו,יחידה,1.00,יחידה,false,1,21.90,21.90,true,1,
7290018921203,false,"קמיל בלו קרם החתלה קמומיל 120 ג' ד""ר פישר",פישר מעבדות פרמצבטיות בע,IL,קרם החתלה קמומיל,גרמים,120.00,100 גרם,false,1,20.90,17.42,true,1,
7290018921456,false,"ד""ר פישר - אפקטיב קר תחליב רחצה שמן כותנה 700 מ""ל",פישר מעבדות פרמצבטיות בע,IL,תחליב רחצה כותנה,מיליליטרים,700.00,"100 מ""ל",false,1,12.90,1.84,true,1,
7290018921609,false,"ד""ר פישר - קמיל בלו קרם החתלה קלנדולה 120 גרם",פישר מעבדות פרמצבטיות בע,IL,קמיל בלו ק החתלה,גרמים,120.00,100 גרם,false,1,21.90,18.25,true,1,
7290018921616,false,רביעיית מגבוני קמיל בלו שיבולת שועל 64 יח',פישר תעשיות,IL,מגבוני קמיל 4יח,יחידה,1.00,יחידה,false,1,23.90,23.90,true,1,
7290018921807,false,"קמיל בלו משחת החתלה צמחי מרפא 120 ג' ד""ר פישר",פישר מעבדות פרמצבטיות בע,IL,קמיל בלו משחה,גרמים,120.00,100 גרם,false,1,21.90,18.25,true,1,
7290018921852,false,"תחליב רחצה מועשר בשמן ארגן 700 מ""ל אפקטיב קר",פישר מעבדות פרמצבטיות בע,IL,תחליב רחצה ארגן,מיליליטרים,700.00,"100 מ""ל",false,1,12.90,1.84,true,1,
7290019014508,false,מרכך כביסה אוריאנטל900מ,סאסא טק,IL,מרכך כביסה,מיליליטרים,900.00,"100 מ""ל",false,1,19.90,2.21,true,1,
7290019014614,false,"מרכך כביסה בלו 900 מ""ל",סאסא טק,IL,מרכך כביסה בלו,מיליליטרים,900.00,"100 מ""ל",false,1,19.90,2.21,true,1,
7290019014621,false,"מרכך כביסה לגונה 900 מ""ל",סאסא טק,IL,מרכך כביסה לגונה,מיליליטרים,900.00,"100 מ""ל",false,1,19.90,2.21,true,1,
7290019014638,false,מרכך כביסה פרש וויט 900,סאסא טק,IL,מרכך כביסה פרש,מיליליטרים,900.00,"100 מ""ל",false,1,19.90,2.21,true,1,
7290019014645,false,"מסיר כתמים טנקס 500 מ""ל",סאסא טק,IL,מסיר כתמים TNX,מיליליטרים,500.00,"100 מ""ל",false,1,24.90,4.98,true,1,
7290019014652,false,מרכך כביסה בייבי לאב900מ,סאסא טק,IL,מרכך כביסה בייבי,מיליליטרים,900.00,"100 מ""ל",false,1,24.90,2.77,true,1,
7290019014669,false,ג'ל לכביסה צבעונית 1.35ל,סאסא טק,IL,ג'ל לכביסה ירוק,ליטרים,1.35,ליטר,false,1,29.90,22.15,true,1,
7290019014676,false,ג'ל לכביסה לבנה 1.35 ל,סאסא טק,IL,ג'ל לכביסה לבנה,ליטרים,1.35,ליטר,false,1,29.90,22.15,true,1,
7290019014683,false,נוזל רצפות פרדייס 1.35 ל,סאסא טק,IL,נוזל לרצפות,ליטרים,1.35,ליטר,false,1,24.90,18.44,true,1,
7290019014690,false,נוזל רצפות פלאוור 1.35 ל,סאסא טק,IL,נוזל לרצפות,ליטרים,1.35,ליטר,false,1,24.90,18.44,true,1,
7290019014706,false,נוזל רצפות פרש וויט1.35ל,סאסא טק,IL,נוזל רצפות פרש,ליטרים,1.35,ליטר,false,1,24.90,18.44,true,1,
7290019014737,false,"מבשם בדים ביץ קלאב500מ""ל",סאסא טק,IL,מבשם בדים קלאב,מיליליטרים,500.00,"100 מ""ל",false,1,19.90,3.98,true,1,
7290019014744,false,מרסס חלונות פרש וויט750מ,סאסא טק,IL,מרסס חלונות פרש,מיליליטרים,750.00,"100 מ""ל",false,1,13.90,1.85,true,1,
7290019014751,false,ניקוי כלים24% פלאוור750מ,סאסא טק,IL,ניקוי כלים 24%,מיליליטרים,750.00,"100 מ""ל",false,1,14.90,1.99,true,1,
7290019014768,false,"ניקוי כלים 24% 750מ""ל",סאסא טק,IL,ניקוי כלים 24%,מיליליטרים,750.00,"100 מ""ל",false,1,14.90,1.99,true,1,
7290019014775,false,מרסס קצף מסיר שומנים 750,סאסא טק,IL,מרסס מסיר שומנים,מיליליטרים,750.00,"100 מ""ל",false,1,16.90,2.25,true,1,
7290019014782,false,מרסס אקונומיקה לבנדר750מ,סאסא טק,IL,מרסס אקונומיקה,מיליליטרים,750.00,"100 מ""ל",false,1,16.90,2.25,true,1,
7290019014799,false,מסיר אבנית לאמבטיה 750 מ,סאסא טק,IL,קצף מסיר אבנית,מיליליטרים,750.00,"100 מ""ל",false,1,14.90,1.99,true,1,
7290019014805,false,"מרסס מנקה ריפודים 500מ""ל",סאסא טק,IL,מרסס מנקה ריפוד,מיליליטרים,500.00,"100 מ""ל",false,1,24.90,4.98,true,1,
7290019014812,false,"מרסס מנטרל ריחות 500 מ""ל",סאסא טק,IL,מרסס מנטרל ריחות,מיליליטרים,500.00,"100 מ""ל",false,1,19.90,3.98,true,1,
7290019014843,false,תרסיס לניקוי חלונות400מל,סאסא טק,IL,תרסיס לחלונות,מיליליטרים,400.00,"100 מ""ל",false,1,19.90,4.98,true,1,
7290019014850,false,"תרסיס דוחה מים 400 מ""ל",סאסא טק,IL,תרסיס דוחה מים,מיליליטרים,400.00,"100 מ""ל",false,1,26.90,6.73,true,1,
7290019014867,false,"תרסיס מסיר דיו+דבק400מ""ל",סאסא טק,IL,תרסיס מסיר דיו,מיליליטרים,400.00,"100 מ""ל",false,1,26.90,6.73,true,1,
7290019014874,false,נוזל רצפות אוריאנטל1.35ל,סאסא טק,IL,נוזל רצפות,ליטרים,1.35,ליטר,false,1,24.90,18.44,true,1,
7290019014881,false,נוזל רצפות בלו טאצ1.35ל,"סאסאטק אגש""\ח בע""\מ",IL,נוזל לרצפות בלו,ליטרים,1.35,ליטר,false,1,24.90,18.44,true,1,
7290019014973,false,מבשם בדים בייבי לאב500מ,סאסא טק,IL,מבשם בדים בייבי,מיליליטרים,500.00,"100 מ""ל",false,1,19.90,3.98,true,1,
7290019047025,false,בדיקת קורונה,,,בדיקת קורונה,יחידה,1.00,יחידה,false,0,159.90,159.90,true,1,
7290019047582,false,GARDEN OASIS - ערכת מתנה לאמבטיה פרחים פראיים,,IL,ערכה לאמבט,יחידה,1.00,יחידה,false,1,59.90,59.90,true,1,
7290019074090,false,"ד""ר פישר - קמיל בלו אקסטרה סופט אל סבון לתינוק 500 מ""ל",פישר מעבדות פרמצבטיות בע,IL,קמיל בלו אל סבון,מיליליטרים,500.00,"100 מ""ל",false,1,22.90,4.58,true,1,
7290019074502,false,קמיל בלו NATURE קרם גוף לתינוק 240 מל,פישר מעבדות פרמצבטיות בע,IL,קרם גוף לתינוק,מיליליטרים,240.00,"100 מ""ל",false,1,26.90,11.21,true,1,
7290019075295,false,"ד""ר פישר - אפקטיב קר תחליב רחצה עדין לידיים מועשר בש""ש 350 מ""ל",פישר מעבדות פרמצבטיות בע,IL,אפקטיב קר רכות,מיליליטרים,350.00,"100 מ""ל",false,1,8.90,2.55,true,1,
7290019075400,false,"אפקטיב קר תחליב רחצה מועשר בשיבולת שועל 700 מ""ל",פישר מעבדות פרמצבטיות בע,IL,תחליב רחצ.אפקטיב,מיליליטרים,700.00,"100 מ""ל",false,1,12.90,1.84,true,1,
7290019075479,false,"ד""ר פישר - קמיל בלו קלאסיק שמפו לתינוק 1 ליטר",פישר מעבדות פרמצבטיות בע,IL,שמפו לתינוק,ליטרים,1.00,ליטר,false,1,31.90,31.90,true,1,
7290019075547,false,"ד""ר פישר - אפקטיב קר קרם גוף לעור יבש במיוחד מועשר בחומצה היאלורונית 450 גרם",פישר מעבדות פרמצבטיות בע,IL,אפקטיב קר קרם גו,מיליליטרים,450.00,"100 מ""ל",false,1,22.90,5.09,true,1,
7290019075608,false,"תחליב רחצה לגוף מועשר בתה ירוק ויסמין 700 מ""ל אפקטיב קר",פישר מעבדות פרמצבטיות בע,IL,תחליב רחצ.אפקטיב,מיליליטרים,700.00,"100 מ""ל",false,1,12.90,1.84,true,1,
7290019075691,false,"ד""ר פישר - אפקטיב קר תחליב רחצה עדין לידיים מועשר בלבנדר 350 מ""ל",פישר מעבדות פרמצבטיות,IL,אפקטיב קר לבנדר,מיליליטרים,350.00,"100 מ""ל",false,1,8.90,2.55,true,1,
7290019075745,false,"ד""ר פישר - אפקטיב קר קרם ידיים היאלרונית 100 מ""ל",פישר מעבדות פרמצבטיות בע,IL,אפקטיב קר קרם יד,מיליליטרים,100.00,"100 מ""ל",false,1,15.90,15.90,true,1,
7290019075899,false,קמיל בלו אקסטרה סופט אל סבון לתינוק 1 ליטר,פישר מעבדות פרמצבטיות בע,IL,א.סבון קמיל בלו,ליטרים,1.00,ליטר,false,1,32.90,32.90,true,1,
7290019274056,false,נוזל רצפה בייבי לאב1.35ל,סאסא טק,IL,נוזל רצפה בייבי,ליטרים,1.35,ליטר,false,1,24.90,18.44,true,1,
7290019274063,false,ג'ל כביסה בייבי 1.35 ל',סאסא טק,IL,ג'ל כביסה בייבי,ליטרים,1.35,ליטר,false,1,33.90,25.11,true,1,
7290019274087,false,"ארוסול קצף לאסלות 400מ""ל",סאסא טק,IL,ארוסול קצף ניקוי,מיליליטרים,400.00,"100 מ""ל",false,1,19.90,4.98,true,1,
7290019274100,false,"מרסס לגיהוץ קל 500 מ""ל",סאסא טק,IL,מרסס לגיהוץ קל,מיליליטרים,500.00,"100 מ""ל",false,1,19.90,3.98,true,1,
7290019274117,false,"מרסס ניקוי נירוסטה500מ""ל",סאסא טק,IL,מנקה נירוסטה,מיליליטרים,500.00,"100 מ""ל",false,1,14.90,2.98,true,1,
7290019274261,false,"מבשם בדים לגון 500 מ""ל","סאסאטק אגש""\ח בע""\מ",IL,מבשם בדים לגון,מיליליטרים,500.00,"100 מ""ל",false,1,19.90,3.98,true,1,
7290019274315,false,קוקהנומיקה לבנדר 1.25 ל,,IL,קוקנומיקה לבנדר,ליטרים,1.25,ליטר,false,1,14.90,11.92,true,1,
7290019277002,false,OINTMENT PAPAYA רב שימוש,,IL,OINTMENT PAPAYA,גרמים,42.00,100 גרם,false,1,79.90,190.24,true,1,
7290100270516,false,עפרון גבות היי פרסיז'ן02,גייד,IT,עפרון גבות היי פ,יחידה,1.00,יחידה,false,0,39.00,39.00,true,1,
7290100271568,false,עפרון עינים הייפרסיז'ן07,גייד,IT,עפרון עינים הייפ,יחידה,1.00,יחידה,false,0,39.00,39.00,true,1,
7290100273500,false,INTENSE איילנר שחור,גייד,IT,INTENSE איילנר,יחידה,1.00,יחידה,false,0,85.00,85.00,true,1,
7290100273661,false,מסקרה כחולהVOLU INTENSE,גייד,IT,מסקרה כחולהINTE,יחידה,1.00,יחידה,false,0,79.00,79.00,true,1,
7290100412435,false,קוויק מטליות לחות 99.9% לניקוי כללי בריח פרחי בר 50 יחידות,די.פי.אל,IL,קוויק מגבונים,יחידה,1.00,יחידה,false,1,9.90,9.90,true,1,
7290100412442,false,קוויק מטליות לחות 99.9% לניקוי שירותים ומקלחות בריח מנטה 50 יחידות,די.פי.אל,IL,מגבונים לאמבטיה,יחידה,1.00,יחידה,false,1,9.90,9.90,true,1,
7290100412718,false,"תרחיץ פנים קלאסק מאסק דר עור 150 מ""ל","אמיליה קוסמטיקס בע""מ",IL,ג'ל ניקוי פנים,מיליליטרים,150.00,"100 מ""ל",false,0,19.90,13.26,true,1,
7290100412770,false,"ד""ר עור - תחליב רחצה קלאסי בניחוח מאסק 700 מ""ל","אמיליה קוסמטיקס בע""מ",IL,תחליב רחצה,מיליליטרים,700.00,"100 מ""ל",false,1,19.90,2.84,true,1,
7290100412787,false,"ד""ר עור - תחליב רחצה קלאסי בניחוח פריחת הכותנה 700 מ""ל","אמיליה קוסמטיקס בע""מ",IL,תחליב רחצה,מיליליטרים,700.00,"100 מ""ל",false,1,19.90,2.84,true,1,
7290100412794,false,"תרחיץ פנים קלאסק מאסק פילינג דר עור 150 מ""ל","אמיליה קוסמטיקס בע""מ",IL,פילינג פנים,מיליליטרים,150.00,"100 מ""ל",false,0,19.90,13.26,true,1,
7290100412800,false,"תחליב רחצה לעור יבש וילד פלאור דר עור 700 מ""ל","אמיליה קוסמטיקס בע""מ",IL,תחליב רחצה,מיליליטרים,700.00,"100 מ""ל",false,1,19.90,2.84,true,1,
7290100687109,false,אוסם - במבה במילוי קרם נוגט 60 גרם,"אסם השקעות בע""\מ",IL,במבה נוגט,גרמים,60.00,100 גרם,false,0,5.90,9.83,true,1,
7290100850916,false,דוריטוס חמוץ חריף מעודן 70 גרם כשר לפסח,"שטראוס פריטו ליי בע""\מ )",IL,דוריטוס חמוץ ח,גרמים,70.00,100 גרם,false,0,4.90,7.00,true,1,
7290100850923,false,דוריטוס בטעם גריל 70 גרם,"שטראוס פריטו ליי בע""\מ )",IL,דוריטוס גריל,גרמים,70.00,100 גרם,false,0,4.90,7.00,true,1,
7290100924631,false,מרכך כביסה מרוכז לבגדי תינוקות ובעלי עור רגיש,"הנקל סוד בע""\מ",IL,סוד מרכךבייבי,מיליליטרים,900.00,"100 מ""ל",false,1,11.90,1.32,true,1,
7290100925669,false,קולור קאצ'ר - דפים למכונת כביסה 10 יח',"הנקל סוד בע""\מ",IE,דפי קולור קאצ'ר,יחידה,1.00,יחידה,false,1,9.90,9.90,true,1,
7290101270218,false,עפרון גבות היי פרסיז'ן03,גייד,IT,עפרון גבות היי פ,יחידה,1.00,יחידה,false,0,39.00,39.00,true,1,
7290101273035,false,לק קריסטל 341 יח',גייד,FR,לק קריסטל 341,יחידה,1.00,יחידה,false,0,19.00,19.00,true,1,
7290101273042,false,לק קריסטל 342 יח',גייד,FR,לק קריסטל 342,יחידה,1.00,יחידה,false,0,19.00,19.00,true,1,
7290101274506,false,עפרון עינים הי פרסיז'ן13,גייד,IT,עפרון עינים הי פ,יחידה,1.00,יחידה,false,0,39.00,39.00,true,1,
7290101278641,false,OIL MUSK ICON אשה30מל,גייד בישום,IL,PERFUME M-O ICON,מיליליטרים,30.00,"100 מ""ל",false,0,169.00,563.33,true,1,
7290101278955,false,איילנר טוש שחור,גייד,IT,איילנר טוש שחור,יחידה,1.00,יחידה,false,0,59.00,59.00,true,1,
7290101488248,false,"ליידי ספיד סטיק - דאודורנט רול און לאישה ורוד פרש פיושן 50 מ""ל",ליידי ספיד סטיק Lady Speed Stick,IT,ליידי ספיד סטיק,מיליליטרים,50.00,"100 מ""ל",false,0,14.90,29.80,true,1,
7290101488286,false,"ליידי ספיד סטיק - דאודורנט ספריי לאישה 24/7 פרש פיוזן ורוד 150 מ""ל",ליידי ספיד סטיק Lady Speed Stick,RU,ליידי ספיד סטיק,מיליליטרים,150.00,"100 מ""ל",false,0,14.90,9.93,true,1,
7290101488316,false,ליידי ספיד סטיק - דאודורנט סטיק לאישה ללא סימן ורוד סטיק 65 גרם,ליידי ספיד סטיק Lady Speed Stick,US,ליידי ספיד סטיק,גרמים,65.00,100 גרם,false,0,17.90,27.54,true,1,
7290101488323,false,ליידי ספיד סטיק - דאודורנט סטיק לאישה ללא סימן ירוק סטיק 65 גרם,ליידי ספיד סטיק Lady Speed Stick,US,ליידי ספיד סטיק,גרמים,65.00,100 גרם,false,0,17.90,27.54,true,1,
7290101864127,false,"ספריי להסרת כתמים 750 מ""ל וניש קליה",קליה וניש Kalia Vanish,IL,קליה ספריי,מיליליטרים,750.00,"100 מ""ל",false,0,14.90,1.98,true,1,
7290101865261,false,"פיניש נוזל הברקה למדיח 800 מ""ל",רקיט בנקיזר,PL,פיניש נוזל הברקה,מיליליטרים,800.00,"100 מ""ל",false,0,24.90,3.11,true,1,
7290101866633,false,וניש קליה גל להסרת כתמים 3 ליטר אוקסיפרש,קליה וניש Kalia Vanish,IL,מסיר כתמים וניש,ליטרים,3.00,ליטר,false,0,29.90,9.97,true,1,
7290101869764,false,אירוויק מכשיר אוטומט+מילוי בניחוח חלום ליל קיץ,רקיט בנקיזר,CN,אירויק מכשיר,מיליליטרים,250.00,"100 מ""ל",false,1,61.90,24.76,true,1,
7290102060764,false,מרידול מברשת שיניים אריזת זוג,יבואן ומשווק: ש. שסט,CH,2 מברשות שיניים,יחידה,1.00,יחידה,false,0,39.90,39.90,true,1,
7290102060979,false,"אלמקס משחת שיניים למניעת עששת 100מ""ל",יבואן ומשווק: ש. שסט,PL,משחת שיניים,מיליליטרים,100.00,"100 מ""ל",false,0,17.90,17.90,true,1,
7290102062195,false,"משחת שיניים לילדים לגילאי 6-12 אלמקס 75 מ""ל",יבואן ומשווק: ש. שסט,PE,משחת אלמקס,מיליליטרים,75.00,"100 מ""ל",false,0,17.90,23.87,true,1,
7290103120658,false,דאודורנט ספיד סטיק גל שחור 85 גרם,הנסיך- מפעל לייצור ט,US,דאודורנט,גרמים,85.00,100 גרם,false,0,17.90,21.06,true,1,
7290103124588,false,"סבון נוזלי ארומה בניחוח לבנדר פטצ'ולי פלמוליב 750 מ""ל",הנסיך- מפעל לייצור ט,TR,סבון פלמוליב,מיליליטרים,750.00,"100 מ""ל",false,0,22.90,3.05,true,1,
7290103124601,false,"תחליב רחצה נוזל חלב ודבש משאבה 750מ""ל פלמוליב",הנסיך- מפעל לייצור ט,TR,סבון פלמוליב,מיליליטרים,750.00,"100 מ""ל",false,0,22.90,3.05,true,1,
7290103126797,false,"קולגייט משחת שיניים סנסיטיב פרו ריליף 75 מ""ל",הנסיך- מפעל לייצור ט,BR,משחת קולגייט,מיליליטרים,75.00,"100 מ""ל",false,0,19.90,26.53,true,1,
7290103129392,false,ליידי ספיד סטיק פרש אסנס פרח הפרזיה סטיק 65 גר,ליידי ספיד סטיק Lady Speed Stick,US,ליידי ספיד סטיק,גרמים,65.00,100 גרם,false,0,17.90,27.54,true,1,
7290103129408,false,ליידי ספיד סטיק - דאודורנט סטיק לאישה פרש אסנס פריחת הפרדס 65 גרם,ליידי ספיד סטיק Lady Speed Stick,US,ליידי ספיד סטיק,גרמים,65.00,100 גרם,false,0,17.90,27.54,true,1,
7290103330057,false,עפרון עיניים עמיד 305 יח,גייד,IT,עפרון עיניים עמי,יחידה,1.00,יחידה,false,0,49.00,49.00,true,1,
7290103330149,false,עפרון עיניים עמיד 300 יח,גייד,IT,עפרון עיניים 300,יחידה,1.00,יחידה,false,0,49.00,49.00,true,1,
7290103330156,false,עפרון עיניים עמיד 301 יח,גייד,IT,עפרון עיניים 301,יחידה,1.00,יחידה,false,0,49.00,49.00,true,1,
7290103330163,false,עפרון עיניים עמיד 302 יח,גייד,IT,עפרון עיניים עמי,יחידה,1.00,יחידה,false,0,49.00,49.00,true,1,
7290103331504,false,ליפגלוס קריסטל לייטס501,גייד,IL,ליפגלוס קריסטל ל,יחידה,1.00,יחידה,false,0,79.00,79.00,true,1,
7290103332273,false,LONGEVITY מייק אפ 502,גייד,IT,LONGEVITY מייקאפ,מיליליטרים,30.00,"100 מ""ל",false,0,135.00,450.00,true,1,
7290103332280,false,LONGEVITY מייק אפ 503,גייד,IT,LONGEVITY מייקאפ,מיליליטרים,30.00,"100 מ""ל",false,0,135.00,450.00,true,1,
7290103333294,false,"גייד סרום עם תמצית רימונים 30 מ""ל",דניה,IL,HYDRA סרום,מיליליטרים,30.00,"100 מ""ל",false,0,109.00,363.33,true,1,
7290103334321,false,BLACK VANILLA ICON שמן,גייד בישום,IL,VANILLA ICON שמן,מיליליטרים,30.00,"100 מ""ל",false,0,169.00,563.33,true,1,
7290103336738,false,עפרון עיניים מטאליק100,גייד,IT,עפרון עיניים מטא,יחידה,1.00,יחידה,false,0,49.00,49.00,true,1,
7290103336745,false,עפרון עיניים מטאליק101,גייד,IT,עפרון עיניים מטא,יחידה,1.00,יחידה,false,0,49.00,49.00,true,1,
7290103337322,false,גייד גל ניקוי פנים לעור רגיל-יבש ורד 200,דניה,IL,ג'ל ניקוי רגיל-,מיליליטרים,200.00,"100 מ""ל",false,0,45.00,22.50,true,1,
7290103704957,false,מגבות נייר 3 שכבות ענק3ג,,IL,מגבות 3גלילי ענק,מטרים,57.00,מטר,false,1,19.90,0.35,true,1,
7290103704964,false,נייר טואלט 3 שכבות 9 גל,,IL,נייר טואלט 9 גל,מטרים,277.00,מטר,false,1,34.90,0.13,true,1,
7290104068539,false,מאסט פליפטופ מלון ואבטיח ללא גרעינים,"שטראוס גרופ בע""מ",IL,מסטיק מאסט,גרמים,28.00,100 גרם,false,0,4.90,17.50,true,1,
7290104500572,false,אפרופו חטיף תירס איטליאנו אסם 50 גרם,מיוצר עי קונדיטוריית,IL,אפרופו איטליאנו,גרמים,50.00,100 גרם,false,0,6.90,13.80,true,1,
7290104960185,false,שפתון קולור קוד P33,קרליין,IL,שפתון קולור קוד,יחידה,1.00,יחידה,false,0,59.90,59.90,true,1,
7290104960246,false,"נקה 7 - תחליב רחצה ורד ויסמין 750 מ""ל",טרופיקל דגיל תעשיות קוסמ,IL,תחליב רחצה נקה 7,מיליליטרים,750.00,"100 מ""ל",false,0,10.00,1.33,true,1,
7290104960253,false,"תחליב רחצה נקה 7 לבנדר סגול 750מ""ל",טרופיקל דגיל תעשיות קוסמ,IL,תחליב רחצה נקה 7,מיליליטרים,750.00,"100 מ""ל",false,0,10.00,1.33,true,1,
7290104960338,false,"נקה 7 תחליב רחצה ארומה אלוורה ותה ירוק 750מ""ל",טרופיקל דגיל תעשיות קוסמ,IL,תחליב רחצה נקה 7,מיליליטרים,750.00,"100 מ""ל",false,0,10.00,1.33,true,1,
7290104960864,false,קרליין - שפתון ליפ קולור 712,קרליין,IL,שפתון ליפקולור,יחידה,1.00,יחידה,false,0,64.90,64.90,true,1,
7290104960888,false,קרליין - שפתון ליפ קולור 714,קרליין,IL,שפתון ליפקולור,יחידה,1.00,יחידה,false,0,64.90,64.90,true,1,
7290104961021,false,קרליין - אליינר אינקליינר חום,קרליין,DE,אייליינר חום,יחידה,1.00,יחידה,false,0,54.90,54.90,true,1,
7290104961328,false,קרליין - שפתון קולור מאט 21,קרליין,IL,שפתון,יחידה,1.00,יחידה,false,1,64.90,64.90,true,1,
7290104961366,false,שפתון קולור מאט 25,קרליין,IL,שפתון,יחידה,1.00,יחידה,false,1,64.90,64.90,true,1,
7290104961663,false,קרליין - מברשת צללית שטוחה 04,קרליין,CN,מברשת צלליות,יחידה,1.00,יחידה,false,0,24.90,24.90,true,1,
7290104961878,false,"שמפו לשיער קרטין אינטנס פורמולה 400 מ""ל נטורל",נטורל פורמולה Natural Formula,IL,שמפו קרטין,מיליליטרים,400.00,"100 מ""ל",false,0,29.90,7.48,true,1,
7290104961885,false,מרכך קרטין טהור לשיער שעבר החלקה או עיצוב בחום,נטורל פורמולה Natural Formula,IL,מרכך קרטין,מיליליטרים,400.00,"100 מ""ל",false,0,29.90,7.48,true,1,
7290104961892,false,מסכת קרטין טהור לשיער שעבר החלקה או עיצוב בחום,נטורל פורמולה Natural Formula,IL,מסכת קרטין,מיליליטרים,350.00,"100 מ""ל",false,0,39.90,11.40,true,1,
7290104961908,false,נ.פורמולה קרטין אינטנס סרום לשיער 145 מל,נטורל פורמולה Natural Formula,IL,סרום קרטין,מיליליטרים,145.00,"100 מ""ל",false,0,49.90,34.41,true,1,
7290104961915,false,קרליין - מסקרה בולד שחור,קרליין,IT,BOLD מסקרה שחורה,יחידה,1.00,יחידה,false,1,69.90,69.90,true,1,
7290104961939,false,קרליין BB פרפקט קר קרם בהיר,קרליין,IL,PERFECT BB קרם,מיליליטרים,50.00,"100 מ""ל",false,0,89.90,179.80,true,1,
7290104961946,false,קרליין BB פרפקט קר קרם מדיום,קרליין,IL,PERFECT BB קרם,מיליליטרים,50.00,"100 מ""ל",false,0,89.90,179.80,true,1,
7290104962073,false,דאודורנט ספריי גוף טיטניום גולד Titanium Gold,"אמיליה קוסמטיקס בע""מ",IL,דאו.טיטניום,מיליליטרים,180.00,"100 מ""ל",false,0,16.90,9.39,true,1,
7290104962080,false,"טיטניום - דאודורנט ספריי לגבר גולד 150 מ""ל",משווק: קוסמופארם בעמ,IL,דאו.טיטניום,מיליליטרים,150.00,"100 מ""ל",false,0,16.90,11.27,true,1,
7290104962134,false,דאודורנט קרליין רול און נושם לנערות ללא אלומיניום,מיוצר עי : אמיליה קוסמטי,IL,רול און נושם,מיליליטרים,75.00,"100 מ""ל",false,0,13.90,18.53,true,1,
7290104962509,false,נ.פורמולה קרם הגנה קרטין אינטנס,נטורל פורמולה Natural Formula,IL,קרם קרטין,מיליליטרים,145.00,"100 מ""ל",false,0,39.90,27.52,true,1,
7290104962646,false,שפתון ליפ קולור 719,קרליין,IL,שפתון,יחידה,1.00,יחידה,false,1,64.90,64.90,true,1,
7290104962707,false,קרליין 25 מגבונים להסרת איפור דיספנסר,קרליין,IL,מגבונים לפנים,יחידה,1.00,יחידה,false,1,10.90,10.90,true,1,
7290104963001,false,סופטקר מגבונים לחים רביעייה בניחוח עדין,החברה הדרומית,IL,מגבונים סופטקר,יחידה,1.00,יחידה,false,1,19.90,19.90,true,1,
7290104963063,false,קרליין - מסקרה בולד חום כהה,קרליין,IT,מסקרה חום,יחידה,1.00,יחידה,false,1,69.90,69.90,true,1,
7290104963124,false,קרליין מים מיסליירים להסרת איפור,קרליין,IL,תכשיר הסרת איפור,מיליליטרים,260.00,"100 מ""ל",false,1,39.90,15.35,true,1,
7290104963155,false,"סופטקר שמן לתינוקות 500 מ""ל",קוסמופארם בע'\'\מ,IL,סופטקר שמן,מיליליטרים,500.00,"100 מ""ל",false,1,25.90,5.18,true,1,
7290104963162,false,"סופטקר - קרם גוף לתינוקות 500 מ""ל",קוסמופארם בע'\'\מ,IL,סופטקר קרם גוף,מיליליטרים,500.00,"100 מ""ל",false,1,23.90,4.78,true,1,
7290104963216,false,סופטקר - אל סבון עדין לתינוק לעור רגיש 1 ליטר,קוסמופארם בע'\'\מ,IL,סופטקר אל סבון,ליטרים,1.00,ליטר,false,1,18.90,18.90,true,1,
7290104963223,false,סופטקר - אל סבון עדין לתינוק לעור רגיש 1 ליטר,קוסמופארם בע'\'\מ,IL,סופטקר אל סבון,ליטרים,1.00,ליטר,false,1,18.90,18.90,true,1,
7290104963377,false,קרליין - עפרון שפתיים עם חידוד 169,קרל.איפור/טיפוח,IL,עפרון שפתייםעם ח,יחידה,1.00,יחידה,false,0,29.90,29.90,true,1,
7290104963476,false,קרליין - עפרון גבות WARM BROWN 03,קרל.איפור/טיפוח,CN,עפרון גבות משולש,יחידה,1.00,יחידה,false,0,29.90,29.90,true,1,
7290104963490,false,קרליין - שפתון קולור מאט 29,קרליין,IL,MATT COLOR שפתון,יחידה,1.00,יחידה,false,1,64.90,64.90,true,1,
7290104963537,false,"קרליין - פריימר מצמצם נקבוביות 30 מ""ל",פארפארם,IL,פריימר מצמצם,מיליליטרים,30.00,"100 מ""ל",false,1,103.90,346.33,true,1,
7290104963650,false,נקה 7 שמפו אל דמע סופטקר 1 ליטר,קוסמופארם בע'\'\מ,IL,סופטקר שמפו,ליטרים,1.00,ליטר,false,1,18.90,18.90,true,1,
7290104963674,false,קרליין יאנג-פילינג גרגירים לפנים לעור,אגיס,IL,יאנג תרחיץ גרגיר,מיליליטרים,150.00,"100 מ""ל",false,1,34.90,23.27,true,1,
7290104963957,false,"קרליין - תרחיץ פנים אויל פרי 300 מ""ל",General,IL,תרחיץ פנים אוייל,מיליליטרים,300.00,"100 מ""ל",false,1,34.90,11.63,true,1,
7290104963964,false,קרליין יאנג תרחיץ פנים גל לניקוי פנים,General,IL,תרחיץ פנים YOUNG,מיליליטרים,300.00,"100 מ""ל",false,1,34.90,11.63,true,1,
7290104963995,false,קרליין אויל פרי-פילינג גרגרים לעור שמן,אגיס,IL,אויל פרי גרגירים,מיליליטרים,150.00,"100 מ""ל",false,1,34.90,23.27,true,1,
7290104964084,false,"קרליין - מולטי אפקט קרם יום 50 מ""ל 25SPF",זוהר קוסמטיקה,IL,EFFECT MULTI קרם,מיליליטרים,50.00,"100 מ""ל",false,1,44.90,89.80,true,1,
7290104964091,false,"קרליין - מולטי אפקט קרם לילה 50 מ""ל",פאר פארם בעמ,IL,קרם לילה,מיליליטרים,50.00,"100 מ""ל",false,1,44.90,89.80,true,1,
7290104964107,false,"קרליין - מולטי אפקט קרם עיניים 30 מ""ל",פאר פארם בעמ,IL,EFFECT MULTI קרם,מיליליטרים,30.00,"100 מ""ל",false,1,44.90,149.67,true,1,
7290104964190,false,קרליין קליר סקין מסכה מתחממת,קרל.איפור/טיפוח,IL,קליר סקין מסכה מ,מיליליטרים,100.00,"100 מ""ל",false,0,64.90,64.90,true,1,
7290104964206,false,ג'ל מיסלרי להסרת איפור וניקוי הפנים והעיניים,אמיליה קוסמטיקס,IL,ג'ל מיסלרי,מיליליטרים,260.00,"100 מ""ל",false,1,39.90,15.35,true,1,
7290104964213,false,"קרליין - פילינג פנים לניקוי עמוק 150 מ""ל",אמיליה קוסמטיקס,IL,פילינג לפנים,מיליליטרים,150.00,"100 מ""ל",false,1,34.90,23.27,true,1,
7290104964220,false,קרליין קליר סקין גל מרענן לניקוי הפנים,אמיליה קוסמטיקס,IL,ג'ל לניקוי פנים,מיליליטרים,300.00,"100 מ""ל",false,1,34.90,11.63,true,1,
7290104964404,false,קרליין - פרו ערכת שימרים,קרל.איפור/טיפוח,IL,GLOW & SHIMMER,יחידה,1.00,יחידה,false,0,69.90,69.90,true,1,
7290104964411,false,"קרליין - ספריי מקבע איפור 145 מ""ל",קרליין,IL,מקבע איפור ספריי,מיליליטרים,145.00,"100 מ""ל",false,0,39.90,27.52,true,1,
7290104964428,false,קרליין - קונסילר כיסוי גבוה 01,,IL,קונסילר לכיסוי מ,יחידה,1.00,יחידה,false,1,54.90,54.90,true,1,
7290104964459,false,קרליין - קונסילר כיסוי גבוה 04,,IL,קורקטורל לכיסוי,יחידה,1.00,יחידה,false,1,54.90,54.90,true,1,
7290104964473,false,קרליין - מסקרה בולד סטיי לונג שחור,,IL,BOLD מסקרה שחורה,יחידה,1.00,יחידה,false,1,69.90,69.90,true,1,
7290104964794,false,"קרליין - ספלאש סרום 30 מ""ל",אגיס,IL,ספלאש סרום,מיליליטרים,30.00,"100 מ""ל",false,1,79.90,266.33,true,1,
7290104964831,false,פריימר לריסים BOLD יח',,IL,פריימר לריסים BO,יחידה,1.00,יחידה,false,1,64.90,64.90,true,1,
7290104964916,false,קרליין - מגבונים להסרת איפור דו פאזי 25 יח',קוסמופארם,IL,מגבוני דו פזי פח,יחידה,1.00,יחידה,false,1,10.90,10.90,true,1,
7290104964930,false,קרליין - פיגמנט ללחיים ולשפתיים,,IL,ליפ טיינט שפתון,מיליליטרים,10.00,"100 מ""ל",false,1,39.90,399.00,true,1,
7290104964947,false,"קרלין - תרחיץ ניקוי פנים ויטמין סי 300 מ""ל","קוסמופארם בע""\מ",IL,ויטמין Cתרחיץ פנ,מיליליטרים,300.00,"100 מ""ל",false,1,27.90,9.30,true,1,
7290104964954,false,קרליין מסכת בד זהב למיצוק וזוהר לעור,קרליין,IL,מסכת בד טיפוח זה,יחידה,1.00,יחידה,false,1,10.00,10.00,true,1,
7290104964961,false,קרליין מסכת בד ויטמין C למראה עור אחיד ו,קרליין,IL,מסכת בד טיפוח,יחידה,1.00,יחידה,false,1,10.00,10.00,true,1,
7290104964978,false,קרליין מסכת בד פחם טבעי לטיהור וניקוי הע,קרליין,IL,מסכת בד טיפוח פח,יחידה,1.00,יחידה,false,1,10.00,10.00,true,1,
7290104964992,false,"CHABLIS - בושם לאישה 100 מ""ל",,IL,CHABLIS א.ד.פ לא,מיליליטרים,100.00,"100 מ""ל",false,1,119.00,119.00,true,1,
7290104965005,false,קונסילר לכיסוי מלא 00 יח,,IL,קונסילר לכיסוי מ,יחידה,1.00,יחידה,false,1,54.90,54.90,true,1,
7290104965029,false,שפתון קולור גלוס 40 יח',,IL,שפתון קולור גלוס,יחידה,1.00,יחידה,false,1,39.90,39.90,true,1,
7290104965036,false,שפתון קולור גלוס 41 יח',,IL,שפתון קולור גלוס,יחידה,1.00,יחידה,false,1,39.90,39.90,true,1,
7290104965647,false,קרליין דאו רול און נושם סוויט קיס לנערות,מיוצר עי : אמיליה קוסמטי,IL,דאורדורנט רול א,מיליליטרים,75.00,"100 מ""ל",false,1,13.90,18.53,true,1,
7290104969867,false,"קרליין - רטינול בוסטר 30 מ""ל",אגיס,IL,BOOSTER רטינול,מיליליטרים,30.00,"100 מ""ל",false,1,69.90,233.00,true,1,
7290104969874,false,"קרליין - ויטמין סי בוסטר 30 מ""ל",אגיס,IL,BOOSTER ויטמין C,מיליליטרים,30.00,"100 מ""ל",false,1,69.90,233.00,true,1,
7290104969881,false,קרליין בוסטר סרום חומצה היאלורונית 30 מל,אגיס,IL,BOOSTER חומצה הי,מיליליטרים,30.00,"100 מ""ל",false,1,69.90,233.00,true,1,
7290104969911,false,"קרליין - סי פאוור קרם עיניים 30 מ""ל",פאר פארם בעמ,IL,פאוור סי קרם עינ,מיליליטרים,30.00,"100 מ""ל",false,1,59.90,199.67,true,1,
7290104969928,false,"קרליין - סי פאוור קרם לילה 50 מ""ל",פאר פארם בעמ,IL,פאוור סי קרם ליל,מיליליטרים,50.00,"100 מ""ל",false,1,59.90,119.80,true,1,
7290104969935,false,"קרליין - סי פאוור קרם יום 50 מ""ל",פאר פארם בעמ,IL,פאוור סי קרם יום,מיליליטרים,50.00,"100 מ""ל",false,1,59.90,119.80,true,1,
7290105360250,false,קפסולות 09 עשיר וארומטי למכונת נספרסו עלית 10יח',הנסיך- מפעל לייצור ט,IL,קפסולות קפה,גרמים,50.00,100 גרם,false,0,19.90,39.80,true,1,
7290105360328,false,קפסולות אספרסו חזק למכונות נספרסו 10 יח',הנסיך- מפעל לייצור ט,IL,קפסולות מס' 10,גרמים,50.00,100 גרם,false,0,19.90,39.80,true,1,
7290105360335,false,קפסולות אספרסו למכונות נספרסו 50 גר,הנסיך- מפעל לייצור ט,IL,קפסולות מס' 7,גרמים,50.00,100 גרם,false,0,19.90,39.80,true,1,
7290105363602,false,מקלות כיף כף קלאסי עלית 40 גרם,שולן צ'\יקולטה גידה סאן.,TR,כיף כף מקלות,גרמים,40.00,100 גרם,false,0,6.50,16.25,true,1,
7290105364289,false,מקלות כיף כף פצפוצים עלית 40 גרם,שולן צ'\יקולטה גידה סאן.,TR,כיף כף מקלות,גרמים,40.00,100 גרם,false,0,6.50,16.25,true,1,
7290105430441,false,תחליב רחצה סחלב שחור וקרם לחות Naturals משאבה,הנסיך- מפעל לייצור ט,TR,סבון פלמוליב,מיליליטרים,750.00,"100 מ""ל",false,0,22.90,3.05,true,1,
7290105430458,false,תחליב רחצה מועשר בשקדים וקרם לחות Naturals משאבה,הנסיך- מפעל לייצור ט,TR,סבון פלמוליב,מיליליטרים,750.00,"100 מ""ל",false,0,22.90,3.05,true,1,
7290105433961,false,"ליידי ספיד סטיק לסס פרש אסנס ספריי דובדבן, 150 מ""ל",קולגייט-פלמוליב,RU,ליידי ספיד סטיק,מיליליטרים,150.00,"100 מ""ל",false,0,14.90,9.93,true,1,
7290105434050,false,ספיד סטיק - דאודורנט סטיק לגבר XL ירוק רגיולר 85 גרם,קולגייט פלמוליב,US,דאו. ספיד סטיק,יחידה,1.00,יחידה,false,0,17.90,17.90,true,1,
7290105691248,false,אסם חטיפי פריכונים טורטייה תירס 60 גרם,"פרח תעשיות מזון בע""מ.",IL,קריספי טורטיה,גרמים,60.00,100 גרם,false,0,10.90,18.17,true,1,
7290106264366,false,סאן&קאר שמן קוקוס SPF8,אנרג'ייזר,US,סאן&קאר שמן קוקו,מיליליטרים,200.00,"100 מ""ל",false,1,19.90,9.95,true,1,
7290106266865,false,עפרון עינים ג'ל 228 יח',א.פ.חורי,IL,עפרון עינים ג'ל,יחידה,1.00,יחידה,false,1,15.90,15.90,true,1,
7290106290358,false,PEARL ICON א.ד.פ לאשה,גייד בישום,IL,PEARL ICON לאשה,מיליליטרים,50.00,"100 מ""ל",false,0,119.00,238.00,true,1,
7290106290686,false,עפרון שפתיים עמיד82 יח',גייד,IT,עפרון שפתיים 82,יחידה,1.00,יחידה,false,0,49.00,49.00,true,1,
7290106290693,false,עפרון שפתיים עמיד83 יח',גייד,IT,עפרון שפתיים 83,יחידה,1.00,יחידה,false,0,49.00,49.00,true,1,
7290106290709,false,עפרון שפתיים עמיד84 יח',גייד,IT,עפרון שפתיים 84,יחידה,1.00,יחידה,false,0,49.00,49.00,true,1,
7290106290730,false,עפרון שפתיים עמיד87 יח',גייד,IT,עפרון שפתיים 87,יחידה,1.00,יחידה,false,0,49.00,49.00,true,1,
7290106290747,false,עפרון שפתיים עמיד88 יח',גייד,IT,עפרון שפתיים 88,יחידה,1.00,יחידה,false,0,49.00,49.00,true,1,
7290106290778,false,עפרון שפתיים עמיד91 יח',גייד,IT,עפרון שפתיים 91,יחידה,1.00,יחידה,false,0,49.00,49.00,true,1,
7290106290785,false,גייד חלב פנים ומי פנים בתכשיר אחד 200 מל,דניה,IL,חלב ומי פנים,מיליליטרים,200.00,"100 מ""ל",false,0,45.00,22.50,true,1,
7290106291072,false,מייק אפ איידליק 300 30מל,גייד,IT,מייק אפ איידליק,מיליליטרים,30.00,"100 מ""ל",false,0,135.00,450.00,true,1,
7290106291799,false,פודרה אידיליק מינרלית100,גייד,IT,פודרה אידיליק מי,יחידה,1.00,יחידה,false,0,109.00,109.00,true,1,
7290106292086,false,סומק ללא מראה איידיליק26,גייד,IL,סומק ללא מראה 26,יחידה,1.00,יחידה,false,0,75.00,75.00,true,1,
7290106292154,false,סומק עם מראה אידיליק25,גייד,IL,סומק עם מראה 25,יחידה,1.00,יחידה,false,0,89.00,89.00,true,1,
7290106292161,false,סומק עם מראה אידיליק26,גייד,IL,סומק עם מראה 26,יחידה,1.00,יחידה,false,0,89.00,89.00,true,1,
7290106292406,false,אדמה אינדיאנית אידיליק62,גייד,IT,אדמה אינדיאנית א,יחידה,1.00,יחידה,false,0,99.00,99.00,true,1,
7290106292420,false,אדמה אינדיאנית אידיליק66,גייד,IT,אדמה אינדיאנית א,יחידה,1.00,יחידה,false,0,99.00,99.00,true,1,
7290106292871,false,לק 486,גייד,FR,לק 486,יחידה,1.00,יחידה,false,0,19.00,19.00,true,1,
7290106293151,false,גייד גולד פרימיום קרם יום 50 מל,דניה,CH,PREMIUM GOLD קרם,מיליליטרים,50.00,"100 מ""ל",false,0,219.00,438.00,true,1,
7290106293212,false,גייד מסיר איפור לעיניים 125 מל,דניה,CH,מסיר איפור,מיליליטרים,125.00,"100 מ""ל",false,0,59.00,47.20,true,1,
7290106293779,false,עפרון גבות+מברשת 40,גייד,IT,עפרון גבות+מברשת,יחידה,1.00,יחידה,false,0,59.00,59.00,true,1,
7290106293786,false,עפרון גבות +מברשת 60,גייד,IT,עפרון גבות+מברשת,יחידה,1.00,יחידה,false,0,59.00,59.00,true,1,
7290106294011,false,ROSES ICON א.ד.ט לאשה,גייד בישום,IL,ROSES ICON לאשה,מיליליטרים,50.00,"100 מ""ל",false,0,119.00,238.00,true,1,
7290106294141,false,מייק אפ מאט וולווט 105,גייד,IT,מייק אפ מאט 105,מיליליטרים,30.00,"100 מ""ל",false,0,125.00,416.67,true,1,
7290106294509,false,גייד מי פנים לניקוי וטיהור העור 200 מל,דניה,IL,PURIFYING לפנים,מיליליטרים,200.00,"100 מ""ל",false,0,45.00,22.50,true,1,
7290106294738,false,שפתון גלוס עמיד27 יח',INTERCOS,IT,שפתון גלוס עמ27,יחידה,1.00,יחידה,false,0,79.00,79.00,true,1,
7290106294752,false,שפתון גלוס עמיד29 יח',גייד,IT,שפתון גלוס עמ29,יחידה,1.00,יחידה,false,0,79.00,79.00,true,1,
7290106295742,false,גייד תרחיץ גרגרים עדין 200 מל,דניה,IL,תרחיץ גרגירים,מיליליטרים,200.00,"100 מ""ל",false,0,59.00,29.50,true,1,
7290106295841,false,HD IDYLLIC מסקרה שחורה,גייד,DE,HD IDYLLIC מסקרה,יחידה,1.00,יחידה,false,0,89.00,89.00,true,1,
7290106296169,false,BLACK ICON אדט גבר 100מל,גייד בישום,IL,BLACK ICON לגבר,מיליליטרים,100.00,"100 מ""ל",false,0,175.00,175.00,true,1,
7290106296244,false,VERTIGO אדט לגבר 100 מל,גייד בישום,IL,VERTIGO לגבר,מיליליטרים,100.00,"100 מ""ל",false,0,129.00,129.00,true,1,
7290106296503,false,INSTINCT ICON א.ד.ט לאשה,גייד בישום,IL,INSTINCT ICONאשה,מיליליטרים,100.00,"100 מ""ל",false,0,199.00,199.00,true,1,
7290106296640,false,עפרון גבות איידיליק 400,גייד,IT,עפרון גבות איידי,יחידה,1.00,יחידה,false,0,59.00,59.00,true,1,
7290106296893,false,עפרון שפתיים עמיד96 יח',גייד,IT,עפרון שפתיים 96,יחידה,1.00,יחידה,false,0,49.00,49.00,true,1,
7290106296909,false,גייד קצף ניקוי מרגיע 150 מל,דניה,IL,SOOTHING קצף,מיליליטרים,150.00,"100 מ""ל",false,0,49.00,32.67,true,1,
7290106297197,false,קונסילר איידילק אקסטר15,גייד,IT,קונסילר איידילק,מיליליטרים,10.00,"100 מ""ל",false,0,85.00,850.00,true,1,
7290106297203,false,קונסילר איידילק אקסטר16,גייד,IT,קונסילר איידילק,מיליליטרים,10.00,"100 מ""ל",false,0,85.00,850.00,true,1,
7290106297210,false,קונסילר איידילק אקסטר17,גייד,IT,קונסילר איידילק,מיליליטרים,10.00,"100 מ""ל",false,0,85.00,850.00,true,1,
7290106297272,false,גייד גולד פרימיום קרם לילה 50 מל,דניה,CH,PREMIUM GOLD קרם,מיליליטרים,50.00,"100 מ""ל",false,0,219.00,438.00,true,1,
7290106297289,false,גייד גולד פרימיום קרם עיניים 15 מל,דניה,CH,PREMIUM GOLD קרם,מיליליטרים,15.00,"100 מ""ל",false,0,169.00,1126.67,true,1,
7290106297463,false,שפתון גלוס עמיד57 יח',גייד,IT,שפתון גלוס עמ57,יחידה,1.00,יחידה,false,0,79.00,79.00,true,1,
7290106297531,false,BLACK VANILLA ICON לאשה,גייד בישום,IL,VANILLA ICON אשה,מיליליטרים,100.00,"100 מ""ל",false,0,159.00,159.00,true,1,
7290106298651,false,OIL MUSK ICON בושם לאשה,גייד בישום,IL,M-O ICON לאשה,מיליליטרים,100.00,"100 מ""ל",false,0,159.00,159.00,true,1,
7290106298675,false,ABSOLUTE איילנר עמיד 01,גייד,DE,ABSOLUTE איילנר,יחידה,1.00,יחידה,false,0,75.00,75.00,true,1,
7290106298927,false,OIL MUSK ICON דאודורנט,גייד בישום,IL,M ICON דאודורנט,מיליליטרים,70.00,"100 מ""ל",false,0,49.00,70.00,true,1,
7290106299146,false,שפתון טרו קולור246 יח',גייד,IT,שפתון טרו קולור2,יחידה,1.00,יחידה,false,0,69.00,69.00,true,1,
7290106299207,false,שפתון גלוס עמיד65 יח',גייד,IT,שפתון גלוס עמ65,יחידה,1.00,יחידה,false,0,79.00,79.00,true,1,
7290106299238,false,שפתון גלוס עמיד68 יח',גייד,IT,שפתון גלוס עמ68,יחידה,1.00,יחידה,false,0,79.00,79.00,true,1,
7290106299542,false,גייד מגבונים להסרת איפור לעיניים ולפנים,דניה,IL,מגבון מסיר איפור,יחידה,1.00,יחידה,false,0,19.00,19.00,true,1,
7290106299634,false,שפתון וולטין מאט754 יח',גייד,IT,שפתון וולטין מאט,יחידה,1.00,יחידה,false,0,75.00,75.00,true,1,
7290106299849,false,לק 554,גייד,FR,לק 554,יחידה,1.00,יחידה,false,0,19.00,19.00,true,1,
7290106299917,false,פלטה צללית וולטין 46 יח',גייד,IL,פלטה צללית וולטי,יחידה,1.00,יחידה,false,0,95.00,95.00,true,1,
7290106299979,false,שפתון איידליק מאט 733 יח,גייד,IT,שפתון איידליק מא,יחידה,1.00,יחידה,false,0,75.00,75.00,true,1,
7290106520066,false,"רבע לשבע שוקולד חלב במילוי אגוזים עלית 160 גרם בד""צ","הגביע מוצרי וופלים בע""\מ",IL,רבע לשבע 160 גרם,גרמים,160.00,100 גרם,false,0,15.90,9.94,true,1,
7290106574977,false,בייגלה שטוחים כעכים שטוחים עם מלח,מיוצר עי קונדיטוריית,IL,בייגלה שטוחים,גרמים,300.00,100 גרם,false,0,12.90,4.30,true,1,
7290106652996,false,מקלות כיף כף קוקוס עלית 40 גרם,סולן בעבור שטראוס,TR,כיף כף מקלות,יחידה,1.00,יחידה,false,0,6.50,6.50,true,1,
7290106658479,false,וופל טורטית שוקלד מגדים 40ג',"שטראוס גרופ בע""\מ",IL,טורטית מגדים,גרמים,40.00,100 גרם,false,1,4.90,12.25,true,1,
7290106720626,false,צ'יטוס קראנצ' בטעם גבינה - חלבי,"שטראוס פריטו ליי בע""\מ )",IL,ציטוס גבינה,גרמים,80.00,100 גרם,false,1,4.90,6.13,true,1,
7290106721906,false,צנצנת בזוקה מגדים ציקלט 66 גרם,"שטראוס גרופ בע""מ",IL,מסטיק בזוקה,גרמים,66.00,100 גרם,false,1,8.90,13.49,true,1,
7290106721913,false,מסטיק מאסט MUST ללא סוכר בטעם מנטה מרעננת,"שטראוס גרופ בע""מ",IL,מסטיק מרעננת,גרמים,66.00,100 גרם,false,1,8.90,13.49,true,1,
7290106721920,false,צנצנת מסטיק מאסט בטעם ספירמינט עדין 66 ג' עלית,"שטראוס גרופ בע""\מ.",IL,מסטיק ספירמינט,גרמים,66.00,100 גרם,false,1,8.90,13.49,true,1,
7290106820326,false,BYNETA ספריי לשיזוף עצמי לפנים ולגוף 125,לילית,IT,ספריי לשיזוף עצמ,מיליליטרים,125.00,"100 מ""ל",false,1,149.00,119.20,true,1,
7290106820333,false,BYNETA כפפה למריחת מוצרי שיזוף עצמי,לילית,IT,כפפה למריחת שיזו,יחידה,1.00,יחידה,false,1,35.00,35.00,true,1,
7290107280020,false,שלישיית מטליות לחות לניקוי כללי סנו סושי 50 יחידות,טרופיקל דגיל- תעשיות,IL,מטליות לחות מארז,יחידה,1.00,יחידה,false,0,26.90,26.90,true,1,
7290107280761,false,נוזל לניקוי כלים בניחוח לימון רענן סנו ספארק Spark,מיוצר עי קונדיטוריית,IL,נוזל כלים לימון,ליטרים,1.00,ליטר,false,0,12.90,12.90,true,1,
7290107536042,false,מארז גיפט קארד מרובע ניי,.,IL,מארז גיפטקארד,יחידה,1.00,יחידה,false,1,6.00,6.00,true,1,
7290107544481,false,אורנה 19קרם להסרת שיער קלאסי 80 מל,אלפא קוסמטיקה,IL,קרם להסרת שיער,גרמים,80.00,100 גרם,false,1,24.90,31.13,true,1,
7290107931397,false,כיף כף פצפוצים במילוי שוקולד 40 גרם,שולן צ'\יקולטה גידה סאן.,TR,כיף כף פצפצים,גרמים,40.00,100 גרם,false,1,6.90,17.25,true,1,
7290107937627,false,מסטיק מאסט Must קוביות ללא סוכר בטעם מנטה עדינה,אסקום קונפקשיין,DE,קוביות מסטיק,גרמים,58.00,100 גרם,false,1,8.90,15.34,true,1,
7290107937634,false,צנצנית מסטיק מאסט קוביות פפירמינט 58 ג' עלית,אסקום קונפקשיין,DE,קוביות מסטיק,גרמים,58.00,100 גרם,false,1,8.90,15.34,true,1,
7290107956901,false,קפסולות בטעם אגוזים למכונת נספרסו עלית 10 יחידות,שטראוס קפה בי.וי.,IL,קפסולות אספרסו,גרמים,50.00,100 גרם,false,1,19.90,39.80,true,1,
7290107956932,false,קפסולות אספרסו אידונזיה למכונות 50 גר,שטראוס קפה בי.וי.,IL,קפסולות אינדונזי,גרמים,50.00,100 גרם,false,1,19.90,39.80,true,1,
7290107973014,false,"סבון ידיים משאבה פלמוליב חלב ודבש 300 מ""ל",הנסיך- מפעל לייצור ט,TR,סבון ידיים,מיליליטרים,300.00,"100 מ""ל",false,1,10.90,3.63,true,1,
7290107973038,false,"סבון ידיים משאבה פלמוליב אקווריום 300 מ""ל",הנסיך- מפעל לייצור ט,IT,סבון פלמוליב,מיליליטרים,300.00,"100 מ""ל",false,1,10.90,3.63,true,1,
7290107974301,false,ליידי ספיד סטיק - דאודורנט ג'ל לאישה אלוורה 45 גרם,ליידי ספיד סטיק Lady Speed Stick,US,ליידי ספיד סטיק,גרמים,45.00,100 גרם,false,1,17.90,39.78,true,1,
7290107975278,false,דאודורנט סטיק עם הגנת אלוורה Aloe Protection,ליידי ספיד סטיק Lady Speed Stick,US,ליידי ספיד סטיק,גרמים,45.00,100 גרם,false,1,17.90,39.78,true,1,
7290107975360,false,ליידי ספיד סטיק - דאודורנט ג'ל לאישה 24/7 פיור פרש 65 גרם,ליידי ספיד סטיק Lady Speed Stick,US,ליידי ספיד סטיק,גרמים,45.00,100 גרם,false,1,17.90,39.78,true,1,
7290107975544,false,"קולגייט משחת שיניים סמיילס ברבי לגילאי 6 50מ""ל",קולגייט- פלמוליב,PL,משחת שיניים,מיליליטרים,50.00,"100 מ""ל",false,1,12.90,25.80,true,1,
7290107977456,false,"פלמוליב - ג'ל רחצה ושמפו ספורט לגבר 750 מ""ל",קולגייט פלמוליב,TR,ג'ל רחצה פלמוליב,מיליליטרים,750.00,"100 מ""ל",false,1,22.90,3.05,true,1,
7290108331585,false,"מספריים לשיער קייזר ""1990/6",,CN,"מספריים לשיער 1""",יחידה,1.00,יחידה,false,1,60.00,60.00,true,1,
7290108350616,false,סנו - מקסימה מרכך כביסה מרוכז פריחה כחולה 1 ליטר,"סנו מפעלי ברונוס בע""\מ",IL,מרכך מקסימה,ליטרים,1.00,ליטר,false,1,17.90,17.90,true,1,
7290108350623,false,מרכך כביסה סופר מרוכז סופט סילק מקסימה 1 ל' סנו,"סנו מפעלי ברונוס בע""\מ",IL,מרכך מקסימה,ליטרים,1.00,ליטר,false,1,17.90,17.90,true,1,
7290108350722,false,אורביטול גוניור משחת שיניים בוב ספוג 70ג,טרופיקל דגיל תעשיות קוסמ,IL,משחת אורביטול +6,מיליליטרים,70.00,"100 מ""ל",false,1,11.90,17.00,true,1,
7290108351156,false,ג'ל ניקוי כללי בתוספת חומץ בריח לבנדר סנו ג'ט 1.5 ליטר,"סנו מפעלי ברונוס בע""\מ",IL,סנו ג'ט פלוס,ליטרים,1.50,ליטר,false,1,10.00,6.67,true,1,
7290108351613,false,סנו ריצפז פרש הום בניחוח מלון חלומי 2 ל,"סנו מפעלי ברונוס בע""\מ",IL,ריצפז פרש הום,ליטרים,2.00,ליטר,false,1,17.90,8.95,true,1,
7290108352078,false,"אורביטול שטיפת פה 500 מ""ל Protective Salt",טרופיקל דגיל תעשיות,IL,אורביטול שטיפה,מיליליטרים,500.00,"100 מ""ל",false,1,24.90,4.98,true,1,
7290108352450,false,ריצפז פרש הום בניחוח מרכך כביסה בלו בלוסום,סנו מפעלי ברונוס בעמ,IL,ריצפז פרש הום,ליטרים,2.00,ליטר,false,1,17.90,8.95,true,1,
7290108352641,false,סנו סושי מטלית הפלא לניקוי כללי במארז שלישייה,סנו מפעלי ברונוס.,IL,מטליות הפלא 3 יח,יחידה,1.00,יחידה,false,1,13.90,13.90,true,1,
7290108352672,false,צמד מטליות הפלא לרצפה מיקרפייבר סנו סושי,סנו מפעלי ברונוס.,CN,מטליות לרצפה 2יח,יחידה,1.00,יחידה,false,1,18.90,18.90,true,1,
7290108352825,false,ספוג הפלא נירוסטה סנו סושי 3יח',ltdn s.k.a.tסנו מפעלי בר,CN,ספוג הפלא נירוסט,יחידה,1.00,יחידה,false,1,11.90,11.90,true,1,
7290108353372,false,אורביטול צמד מברשות שיניים 12000 סיבי פחם,"קוסמופארם בע""\מ",IL,מברשות שיניים2יח,יחידה,1.00,יחידה,false,1,29.90,29.90,true,1,
7290108353402,false,צמד מברשות שיניים עם סיבי פחם דקים במיוחד,יבואן ומשווק: ש. שסט,CN,מברשות שיניים,יחידה,1.00,יחידה,false,1,19.90,19.90,true,1,
7290108353440,false,אורביטול מברשות שיניים נאנו לחניכיים 2יח,החברה הדרומית,CN,מברשות שיניים2יח,יחידה,1.00,יחידה,false,1,29.90,29.90,true,1,
7290108353716,false,"קרמה - תחליב רחצה חימר פיטאיה 500 מ""ל","קוסמופארם בע""\מn\",IL,תחליב רחצה חימר,מיליליטרים,500.00,"100 מ""ל",false,1,11.90,2.38,true,1,
7290108353761,false,"תחליב רחצה זן, בניחוח קשמיר 600 מ""ל קרימה","קוסמופארם בע""\מ",IL,קרמה תחליב רחצה,מיליליטרים,600.00,"100 מ""ל",false,1,11.90,1.99,true,1,
7290108353792,false,"תחליב רחצה יפן נקה 7 בניחוח פריחת הדובדבן 750 מ""ל","אמיליה קוסמטיקס בע""מ",IL,תחליב רחצה בניחו,מיליליטרים,750.00,"100 מ""ל",false,1,10.00,1.33,true,1,
7290108353815,false,"תחליב רחצה מדיטציה, בניחוח פצ'ולי לבנדר 600 מ""ל קרימה","קוסמופארם בע""\מ",IL,קרמה תחליב רחצה,מיליליטרים,600.00,"100 מ""ל",false,1,11.90,1.99,true,1,
7290108353891,false,"קרמה - דאודורנט רול און לאישה קרמה מאסק 75 מ""ל","קוסמופארם בע""\מ",IL,דאודורנט קרמה,מיליליטרים,75.00,"100 מ""ל",false,1,13.90,18.53,true,1,
7290108353907,false,"קרמה - דאודורנט רול און לאישה קרמה קלאסי 75 מ""ל","קוסמופארם בע""\מ",IL,דאודורנט קרמה,מיליליטרים,75.00,"100 מ""ל",false,1,13.90,18.53,true,1,
7290108353952,false,"קרמה - דאודורנט ספריי לאישה קרמה קלאסי 150 מ""ל",מיוצר עי : אמיליה קוסמטי,IL,דאודורנט קרמה,מיליליטרים,150.00,"100 מ""ל",false,1,16.90,11.27,true,1,
7290108353969,false,"קרמה - דאודורנט ספריי לאישה קרמה מאסק 150 מ""ל",מיוצר עי : אמיליה קוסמטי,IL,דאודורנט קרמה,מיליליטרים,150.00,"100 מ""ל",false,1,16.90,11.27,true,1,
7290108353983,false,"קרמה - קרם גוף קרמה קלאסי 500 מ""ל",טרופיקל דגיל תעשיות,IL,קרם גוף קלאסי,מיליליטרים,500.00,"100 מ""ל",false,1,24.90,4.98,true,1,
7290108353990,false,"קרמה - קרם גוף קרמה מאסק 500 מ""ל",טרופיקל דגיל תעשיות,IL,קרם גוף מאסק,מיליליטרים,500.00,"100 מ""ל",false,1,24.90,4.98,true,1,
7290108354416,false,"תחליב רחצה יוגה, בניחוח ברגמוט 600מ""ל קרימה","קוסמופארם בע""\מ",IL,קרמה תחליב רחצה,מיליליטרים,600.00,"100 מ""ל",false,1,11.90,1.99,true,1,
7290108354430,false,"שמפו כיף לשיקום והזנה שמן קוקוס וקרטין 700 מ""ל",קוסמופארם בעמ,IL,שמפו כיף,מיליליטרים,700.00,"100 מ""ל",false,1,10.00,1.43,false,1,
7290108354447,false,"מרכך כיף לשיקום והזנה שמן קוקוס וקרטין 700 מ""ל",גוד פוד פרודקטס S.p,IL,מרכך שיער כיף,מיליליטרים,700.00,"100 מ""ל",false,1,10.00,1.43,false,1,
7290108354461,false,קרליין 10 שמפו חימר לכל סוגי השיער 700 מ,"קוסמופארם בע""\מ",IL,קרליין שמפו חימר,מיליליטרים,700.00,"100 מ""ל",false,1,11.90,1.70,true,1,
7290108354478,false,קרליין 10 מרכך חימר לכל סוגי השיער 700 מ,"קוסמופארם בע""\מ",IL,קרליין מרכך חימר,מיליליטרים,700.00,"100 מ""ל",false,1,11.90,1.70,true,1,
7290108354577,false,רול און קרמה וניל פלפל75,"קוסמופארם בע""\מ.",IL,דאודורנט קרמה,מיליליטרים,75.00,"100 מ""ל",false,1,13.90,18.53,true,1,
7290108354591,false,"תחליב רחצה בניחוח מי קקטוס ושמן באבאסו 750 מ""ל נקה 7","אמיליה קוסמטיקס בע""מ",IL,תחליב רחצה נקה 7,מיליליטרים,750.00,"100 מ""ל",false,1,10.00,1.33,true,1,
7290108354706,false,"קרמה - תחליב רחצה מאסק 500 מ""ל","קוסמופארם בע""\מ",IL,תחליב רחצה קרמה,מיליליטרים,500.00,"100 מ""ל",false,1,11.90,2.38,true,1,
7290108354768,false,"קרמה קרם גוף דבש 500 מ""ל",מיוצר בסין.יבוא ושיו,IL,קרם גוף קרמה דבש,מיליליטרים,500.00,"100 מ""ל",false,1,24.90,4.98,true,1,
7290108354850,false,"קרמה דאודורנט רול און בריזת ים 75 מ""ל",החברה הדרומית,IL,דאודורנט קרמה,מיליליטרים,75.00,"100 מ""ל",false,1,13.90,18.53,true,1,
7290108354911,false,"שמפו, ג'ל רחצה וגילוח מועשר בתמצית אלוורה",טרופיקל דגיל תעשיות,IL,קרמה 3ב1,מיליליטרים,700.00,"100 מ""ל",false,1,22.90,3.27,true,1,
7290108355000,false,"שמפו מיניונים לילדים נקה 7 750 מ""ל",אמיליה קוסמטיקס,IL,שמפו נקה7,מיליליטרים,750.00,"100 מ""ל",false,1,13.90,1.85,true,1,
7290108355031,false,"נקה 7 אל סבון לילדים מיניונים 750 מ""ל",קוסמופארם בע'\'\מ,IL,אל סבון נקה7,מיליליטרים,750.00,"100 מ""ל",false,1,13.90,1.85,true,1,
7290108355055,false,לחו.לשיער מקצועי גלייז נטורל פורמולה 400,נטורל פורמולה Natural Formula,IL,לחות נט.פורמולה,מיליליטרים,400.00,"100 מ""ל",false,1,29.90,7.48,true,1,
7290108355079,false,לחו.לשיער מקצועי קוקוס נטורל פורמולה 400,נטורל פורמולה,IL,לחות נט.פורמולה,מיליליטרים,400.00,"100 מ""ל",false,1,29.90,7.48,true,1,
7290108355086,false,גלייז מקצועי לפיסול והגדרת תלתלים,נטורל פורמולה Natural Formula,IL,גלייז נט.פורמולה,מיליליטרים,350.00,"100 מ""ל",false,1,39.90,11.40,true,1,
7290108355116,false,אלסבון בייבי כיף לפני השינה+משאבה 750 מ,קוסמופארם,IL,בייבי כיף אלסבון,מיליליטרים,750.00,"100 מ""ל",false,1,17.90,2.39,true,1,
7290108355130,false,"בייבי כיף שמן גוף לפני שינה 500 מ""ל",קוסמופארם,IL,בייבי כיף שמן,מיליליטרים,500.00,"100 מ""ל",false,1,26.90,5.38,true,1,
7290108355178,false,"קרמה - קרם ידיים חמאת שיאה וקוקוי 100 מ""ל",החברה הדרומית,IL,קרמה קרם ידיים,מיליליטרים,100.00,"100 מ""ל",false,1,9.90,9.90,true,1,
7290108355185,false,"נטורל מסיכת קרטין אינטנס למניעת קשקשים 350 מ""ל",נטורל פורמולה Natural Formula,IL,מסכה נטורל פורמו,מיליליטרים,350.00,"100 מ""ל",false,1,39.90,11.40,true,1,
7290108355192,false,"נטורל מרכך קרטין אינטנס למניעת קשקשים 400 מ""ל",נטורל פורמולה Natural Formula,IL,מרכך נטורל פורמו,מיליליטרים,400.00,"100 מ""ל",false,1,29.90,7.48,true,1,
7290108355246,false,שמפו פיגמנט חום 250 מל,פארפארם בעמ,IL,שמפו פיגמנט חום,מיליליטרים,250.00,"100 מ""ל",false,1,29.90,11.96,true,1,
7290108355260,false,"נקה 7-שמפו 3ב1 שמפו ג'ל רחצה וסבון פנים לגבר 750 מ""ל","אמיליה קוסמטיקס בע""מ",IL,נקה7 שמפו/לרחצה,מיליליטרים,750.00,"100 מ""ל",false,1,14.90,1.99,true,1,
7290108355284,false,נקה 7 תרסיס להתרת קשרים 350 מל,קוסמופארם בעמ,IL,נקה 7,מיליליטרים,350.00,"100 מ""ל",false,1,15.90,4.54,true,1,
7290108355314,false,מרכך לסירוק קל בתוספת רוזמרין,גוד פוד פרודקטס S.p,IL,מרכך לסירוק קל,מיליליטרים,750.00,"100 מ""ל",false,1,12.90,1.72,true,1,
7290108355451,false,"קרמה - דאודורנט רול און לאישה קרמה ורד ווניל 75 מ""ל","קוסמופארם בע""\מ",IL,דאודורנט קרמה,מיליליטרים,75.00,"100 מ""ל",false,1,13.90,18.53,true,1,
7290108355482,false,"קרמה - דאודורנט רול און לאישה קרמה לבנדר ואקליפטוס 75 מ""ל","קוסמופארם בע""\מ",IL,דאודורנט קרמה,מיליליטרים,75.00,"100 מ""ל",false,1,13.90,18.53,true,1,
7290108355765,false,דאודורנט ספריי קרמה בניחוח לבנדר ואקליפטוס,מיוצר עי : אמיליה קוסמטי,IL,דאודורנט קרמה,מיליליטרים,150.00,"100 מ""ל",false,1,16.90,11.27,true,1,
7290108355802,false,"תחליב רחצה קרמה ורד ווניל 700 מ""ל",גוד פוד פרודקטס S.p,IL,תחליב רחצה קרמה,מיליליטרים,700.00,"100 מ""ל",false,1,18.90,2.70,true,1,
7290108355949,false,"תחליב רחצה קרמה נרולי ומנגוליה 700 מ""ל",קוסמופארם בעמ,IL,תחליב רחצה קרמה,מיליליטרים,700.00,"100 מ""ל",false,1,18.90,2.70,true,1,
7290108356021,false,כיף תחליב רחצה בניחוח גלידת קרם עוגיות,גוד פוד פרודקטס S.p,IL,כיף תחליב רחצה,מיליליטרים,700.00,"100 מ""ל",false,1,10.00,1.43,true,1,
7290108356106,false,כיף תחליב רחצה חלב שקדים 700 מל,החברה הדרומית,IL,כיף תחליב רחצה,מיליליטרים,700.00,"100 מ""ל",false,1,10.00,1.43,true,1,
7290108356113,false,כיף תחליב רחצה חלב ודבש 700 מל,קוסמופארם בעמ,IL,כיף תחליב רחצה,מיליליטרים,700.00,"100 מ""ל",false,1,10.00,1.43,true,1,
7290108356120,false,"תחליב רחצה כיף קוקוס וניל 700 מ""ל",קוסמופארם,IL,כיף תחליב רחצה,מיליליטרים,700.00,"100 מ""ל",false,1,10.00,1.43,true,1,
7290108356151,false,"תחליב רחצה כיף מאסק יסמין 700 מ""ל",גוד פוד פרודקטס S.p,IL,כיף תחליב רחצה,מיליליטרים,700.00,"100 מ""ל",false,1,10.00,1.43,true,1,
7290108356168,false,"כיף - תחליב רחצה אוקיינוס 700 מ""ל",גוד פוד פרודקטס S.p,IL,כיף תחליב רחצה,מיליליטרים,700.00,"100 מ""ל",false,1,10.00,1.43,true,1,
7290108356175,false,כיף אל סבון אבטיח ומנטה 1 ליטר משאבה,טרופיקל דגיל תעשיות,IL,אל סבון כיף,ליטרים,1.00,ליטר,false,1,12.90,12.90,true,1,
7290108356182,false,כיף אל סבון תאנה ותה ירוק 1 ליטר משאבה,קוסמופארם בע'\'\מ,IL,אל סבון כיף,ליטרים,1.00,ליטר,false,1,12.90,12.90,true,1,
7290108356229,false,ג'ל גילוח לכל סוגי העור מועשר בפחם פעיל,טרופיקל דגיל תעשיות,TR,ג'ל גילוח מטהר,מיליליטרים,200.00,"100 מ""ל",false,1,16.90,8.45,true,1,
7290108356274,false,"כיף - מוס רחצה בניחוח תותים ושמנת 150 מ""ל",החברה הדרומית,IL,כיף מוס רחצה,מיליליטרים,150.00,"100 מ""ל",false,1,10.00,6.66,true,1,
7290108356298,false,"כיף - מוס רחצה בניחוח קרם עוגיות 150 מ""ל",קוסטר אירוסול,IL,כיף מוס רחצה,מיליליטרים,150.00,"100 מ""ל",false,1,10.00,6.66,true,1,
7290108356489,false,"כיף - תחליב רחצה אפרסק וחמאת מורומורו 700 מ""ל",קוסמופארם בעמ,IL,תחליב רחצה אפרסק,מיליליטרים,700.00,"100 מ""ל",false,1,10.00,1.43,true,1,
7290108356519,false,קרליין שמפו 10למניעת קשקשים 700מל,"קוסמופארם בע""\מ",IL,שמפו 10 קרליין,מיליליטרים,700.00,"100 מ""ל",false,1,11.90,1.70,true,1,
7290108356526,false,"קרליין - שמפו 10 לשיער יבש 700 מ""ל","קוסמופארם בע""\מ",IL,שמפו 10 קרליין,מיליליטרים,700.00,"100 מ""ל",false,1,11.90,1.70,true,1,
7290108356564,false,"קרליין - מרכך 10 לשיער רגיל 700 מ""ל","קוסמופארם בע""\מn\",IL,מרכך 10 קרליין,מיליליטרים,700.00,"100 מ""ל",false,1,11.90,1.70,true,1,
7290108356571,false,"קרליין - מרכך 10 לשיער יבש 700 מ""ל","קוסמופארם בע""\מ",IL,מרכך 10 קרליין,מיליליטרים,700.00,"100 מ""ל",false,1,11.90,1.70,true,1,
7290108356724,false,לגבר 3 ב-1 שמפו גל רחצה וסבון - אלוורה,קוסמופארם בעמ,IL,כיף לגבר 3ב1,מיליליטרים,700.00,"100 מ""ל",false,1,10.00,1.43,true,1,
7290108357004,false,כיף שמפו ורד ושמן קוקוי לרכות וברק,טרופיקל דגיל תעשיות,IL,שמפו כיף,מיליליטרים,700.00,"100 מ""ל",false,1,10.00,1.43,true,1,
7290108357011,false,כיף קונדישינר לשיער שמן קוקוי 700 מל,טרופיקל דגיל תעשיות,IL,מרכך שיער כיף,מיליליטרים,700.00,"100 מ""ל",false,1,10.00,1.43,true,1,
7290108357042,false,"קרליין - נושם ביו דאודורנט רול און 75 מ""ל Citrus Blossoms לאישה","קוסמופארם בע""\מ",IL,דאו.רולאון ביו,מיליליטרים,75.00,"100 מ""ל",false,1,16.90,22.53,true,1,
7290108357059,false,"קרליין - נושם ביו דאודורנט רול און 75 מ""ל Secret Garden לאישה","קוסמופארם בע""\מ",IL,דאו.רול און ביו,מיליליטרים,75.00,"100 מ""ל",false,1,16.90,22.53,true,1,
7290108357073,false,"קרליין - נושם ביו דאודורנט ספריי 150 מ""ל Blossoms Citrus לאישה",קוסטר אירוסול,IL,דאו.ספריי ביו,מיליליטרים,150.00,"100 מ""ל",false,1,15.90,10.60,true,1,
7290108357097,false,"קרליין - נושם ביו דאודורנט ספריי 150 מ""ל Velvet Rose לאישה",קוסטר אירוסול,IL,דאו.ספריי ביו,מיליליטרים,150.00,"100 מ""ל",false,1,15.90,10.60,true,1,
7290108357110,false,"קרליין - נושם ביו דאודורנט רול און 75 מ""ל Valvet Rose לאישה","קוסמופארם בע""\מ",IL,דאו.רולאון ביו,מיליליטרים,75.00,"100 מ""ל",false,1,16.90,22.53,true,1,
7290108357196,false,"ג'ט פלוס לניקוי כללי בתוספת תמצית עץ התה 750 מ""ל סנו",מיוצר עי קונדיטוריית,IL,סנו ג'ט עץ התה,מיליליטרים,750.00,"100 מ""ל",false,1,10.00,1.33,true,1,
7290108357226,false,"אוקסיגן POWER אבקה לכביסה לבנה והסרת כתמים 1.4 ק""ג סנו",החברה הדרומית,IL,אוקסיג'ן פאואר,קילוגרמים,1.40,"ק""ג",false,1,38.90,27.79,true,1,
7290108357240,false,סנו אוקסיג'ן אבקה לכביסה להסרת כתמים קשים,החברה הדרומית,IL,אוקסיג'ן פאואר,קילוגרמים,1.40,"ק""ג",false,1,38.90,27.79,true,1,
7290108357271,false,סנובון ג'ל לניקוי אסלות עם חמצן פעיל לניקוי עוצמתי,סנו מפעלי ברונוס בעמ,IL,סנובון עם חמצן,מיליליטרים,750.00,"100 מ""ל",false,1,10.00,1.34,true,1,
7290108357400,false,"תחליב רחצה קרמה לבנדר ואקליפטוס 700 מ""ל",קוסמופארם בעמ,IL,תחליב רחצה קרמה,מיליליטרים,700.00,"100 מ""ל",false,1,18.90,2.70,true,1,
7290108357417,false,"קרמה - קרם גוף קרמה ורד ווניל 500 מ""ל",טרופיקל דגיל תעשיות,IL,קרם גוף ורד ווני,מיליליטרים,500.00,"100 מ""ל",false,1,24.90,4.98,true,1,
7290108357448,false,"קרמה - קרם גוף קרמה לבנדר ואקליפטוס 500 מ""ל",קוסמופארם בע'\'\מ,IL,קרם גוף לבנדר,מיליליטרים,500.00,"100 מ""ל",false,1,24.90,4.98,true,1,
7290108357509,false,"קרמה קרם גוף וניל ופלפל ורוד 500 מ""ל",טרופיקל דגיל תעשיות,IL,קרם גוף קרמה,מיליליטרים,500.00,"100 מ""ל",false,1,24.90,4.98,true,1,
7290108357578,false,"קרמה קרם ידיים וניל ופלפל ורוד 100 מ""ל","קוסמופארם בע""\מ.",IL,קרם ידיים קרמה,מיליליטרים,100.00,"100 מ""ל",false,1,9.90,9.90,true,1,
7290108357707,false,"כיף שמפו לשיער רגיל- תפוח זרעי צ'יה 700 מ""ל",גוד פוד פרודקטס S.p,IL,כיף שמפו,מיליליטרים,700.00,"100 מ""ל",false,1,10.00,1.43,true,1,
7290108357714,false,"כיף שמפו לשיער יבש -רימונים ושמן ארגן 700 מ""ל",גוד פוד פרודקטס S.p,IL,כיף שמפו,מיליליטרים,700.00,"100 מ""ל",false,1,10.00,1.43,true,1,
7290108357745,false,שמפו ומרכך 2 ב-1 תאנה ומנטה לכל סוגי השיער,גוד פוד פרודקטס S.p,IL,כיף 2in1 שמפו,מיליליטרים,700.00,"100 מ""ל",false,1,10.00,1.43,true,1,
7290108357769,false,"מרכך לשיער רגיל תפוח וזרעי צ'יה 700 מ""ל כיף",גוד פוד פרודקטס S.p,IL,כיף מרכך שיער,מיליליטרים,700.00,"100 מ""ל",false,1,10.00,1.43,true,1,
7290108357776,false,"כיף מרכך לשיער יבש -רימונים ושמן ארגן 700 מ""ל",גוד פוד פרודקטס S.p,IL,כיף מרכך שיער,מיליליטרים,700.00,"100 מ""ל",false,1,10.00,1.43,true,1,
7290108357837,false,כיף אל סבון 1 ליטר ג'נסינג שקית מילוי + פקק,"קוסמופארם בע""\מ",IL,כיף שקית מילוי,ליטרים,1.00,ליטר,false,1,10.00,10.00,true,1,
7290108357844,false,שקית מילוי אל סבון בניחוח גינסנג 1 ל' כיף,"קוסמופארם בע""\מ",IL,כיף שקית מילוי,ליטרים,1.00,ליטר,false,1,10.00,10.00,true,1,
7290108357851,false,"כיף - ג'ל רחצה אליקסיר אוילס מועשר בשמן קוקוס 700 מ""ל","קוסמופארם בע""\מ",IL,כיף ג'ל רחצה,מיליליטרים,700.00,"100 מ""ל",false,1,10.00,1.43,true,1,
7290108357868,false,"כיף - ג'ל רחצה אליקסיר אויל מועשר בשמן מקדמיה 700 מ""ל","קוסמופארם בע""\מ",IL,כיף ג'ל רחצה,מיליליטרים,700.00,"100 מ""ל",false,1,10.00,1.43,true,1,
7290108357875,false,"כיף - שמפו לחות מוגברת עם אפרסק וחמאת מורומורו 700 מ""ל",קוסמופארם בעמ,IL,כיף שמפו אפרסק,מיליליטרים,700.00,"100 מ""ל",false,1,10.00,1.43,true,1,
7290108357882,false,"כיף - מרכך לחות מוגברת עם אפרסק וחמאת מורומורו 700 מ""ל",קוסמופארם בעמ,IL,כיף מרכך לשיער,מיליליטרים,700.00,"100 מ""ל",false,1,10.00,1.43,true,1,
7290108358087,false,"תחליב רחצה קרמה מאסק 700 מ""ל",גוד פוד פרודקטס S.p,IL,תחליב רחצה קרמה,מיליליטרים,700.00,"100 מ""ל",false,1,18.90,2.70,true,1,
7290108358094,false,"קרמה - תחליב רחצה חמאת שיאה וקוקוי 500 מ""ל","קוסמופארם בע""\מn\",IL,תחליב רחצה קרמה,מיליליטרים,500.00,"100 מ""ל",false,1,11.90,2.38,true,1,
7290108359077,false,סנו - סופט לושן ממחטות אף בקופסא 3 שכבות 120 יח',"סנו מפעלו ברונוס בע""\מ",EG,סופט לושן ממחטות,יחידה,1.00,יחידה,false,1,14.90,14.90,true,1,
7290108359145,false,סנו סושי דפי ספוג הפלא12,קריות זול,CN,דפי ספוג הפלא,יחידה,1.00,יחידה,false,1,11.90,11.90,true,1,
7290108359176,false,סנו סופט ממחטות אף תלת שכבתיות עשירות בלחות,החברה הדרומית,IL,סופט לושן צמד,יחידה,1.00,יחידה,false,1,13.90,13.90,true,1,
7290108359824,false,"כיף - בייבי כיף קרם 500 מ""ל",קוסמופארם בעמ,IL,קרם גוף בייבי,מיליליטרים,500.00,"100 מ""ל",false,1,24.90,4.98,true,1,
7290108359855,false,"שמפו אל דמע בייבי כיף+משאבה 750 מ""ל",גוד פוד פרודקטס S.p,IL,שמפו בייבי כיף,מיליליטרים,750.00,"100 מ""ל",false,1,19.90,2.65,true,1,
7290108359879,false,"אלסבון בייבי כיף+משאבה 750 מ""ל",קוסמופארם בעמ,IL,בייבי כיף אלסבון,מיליליטרים,750.00,"100 מ""ל",false,1,17.90,2.39,true,1,
7290108508758,false,כפפות חד פעמיות XL 100,,CN,כפפות חד פעמיות,יחידה,1.00,יחידה,false,1,31.90,31.90,true,1,
7290110327590,false,אבקת חלבון GO עם WHEY בטעם וניל,בעמק טכנולוגיות מתקדמות,IL,אבקה חלבון,קילוגרמים,2.27,"ק""ג",false,1,299.00,131.72,true,1,
7290110327804,false,חטיף חלבון GO בטעם בצק עוגיות 20 גרם חלבון,"בלמונט קונפקציות בע""\מ.",US,חטיף חלבון,גרמים,60.00,100 גרם,false,1,13.90,23.17,true,1,
7290110327811,false,חטיף חלבון GO בטעם קוקוס 20 גרם חלבון,"בלמונט קונפקציות בע""\מ.",US,חטיף חלבון,גרמים,60.00,100 גרם,false,1,13.90,23.17,true,1,
7290110327828,false,חטיף חלבון GO בטעם חמאת בוטנים 20 גרם חלבון,"בלמונט קונפקציות בע""\מ.",US,חטיף חלבון,גרמים,60.00,100 גרם,false,1,13.90,23.17,true,1,
7290110450045,false,צללית וולטין מטאליק231,גייד,IL,צללית וולטין מטא,יחידה,1.00,יחידה,false,0,69.00,69.00,true,1,
7290110450052,false,צללית וולטין מאט232 יח',גייד,IL,צללית וולטין מאט,יחידה,1.00,יחידה,false,0,69.00,69.00,true,1,
7290110450472,false,סומק ללא מראה איידיליק40,גייד,IL,סומק ללא מראה 40,יחידה,1.00,יחידה,false,0,75.00,75.00,true,1,
7290110450656,false,וולנטיין עפרון גבות 22,,IT,וולנטיין עפרון,יחידה,1.00,יחידה,false,1,59.00,59.00,true,1,
7290110450663,false,וולנטיין מעצב גבות 42 יח,דניה קוסמטיקס,IT,וולנטיין מעצב גב,יחידה,1.00,יחידה,false,1,59.00,59.00,true,1,
7290110451561,false,גייד אקווה גולט קרם לחות גל עור שמן-מעור,דניה,CH,אקווה ג'ולט קרם,מיליליטרים,50.00,"100 מ""ל",false,1,109.00,218.00,true,1,
7290110451745,false,שפתון טרו קולור 261 יח',דניה קוסמטיקס,IT,שפתון טרו קולור,יחידה,1.00,יחידה,false,1,69.00,69.00,true,1,
7290110451837,false,שפתון גלוס עמיד 81 יח',דניה קוסמטיקס,IT,שפתון גלוס עמיד,יחידה,1.00,יחידה,false,1,79.00,79.00,true,1,
7290110451868,false,שפתון גלוס עמיד 84 יח',דניה קוסמטיקס,IT,שפתון גלוס עמיד,יחידה,1.00,יחידה,false,1,79.00,79.00,true,1,
7290110451998,false,מייק אפ לונגיוויטי 117יח,,IT,לונגיויטי עמיד,יחידה,1.00,יחידה,false,1,135.00,135.00,true,1,
7290110452049,false,לונגיויטי מתקן גוון עמ21,אינטרקוסמא,IT,לונגיויטי מתקן ג,יחידה,1.00,יחידה,false,1,79.00,79.00,true,1,
7290110452056,false,לונגיויטי מתקן גוון עמ22,אינטרקוסמא,IT,לונגיויטי מתקן ג,יחידה,1.00,יחידה,false,1,79.00,79.00,true,1,
7290110452964,false,לק קריסטל גלו 628 יח',,FR,לק קריסטל גלו628,יחידה,1.00,יחידה,false,1,19.00,19.00,true,1,
7290110453091,false,שפתון טרו קולור 264 יח',,IT,שפתון טרו קולור,יחידה,1.00,יחידה,false,1,69.00,69.00,true,1,
7290110453152,false,"ספריי מקבע איפור 120 מ""ל",,IL,ספריי מקבע איפור,מיליליטרים,120.00,"100 מ""ל",false,1,79.00,65.83,true,1,
7290110453343,false,שפתון גלוס עמיד 86 יח',,IT,שפתון עמיד גלוס,יחידה,1.00,יחידה,false,1,79.00,79.00,true,1,
7290110453350,false,לונגיוויטי קונסילר 27,גייד,IT,לונגיוויטי קונסי,יחידה,1.00,יחידה,false,1,89.00,89.00,true,1,
7290110453374,false,לונגיוויטי קונסילר 29,גייד,IT,לוגיויטי קונסילר,יחידה,1.00,יחידה,false,1,89.00,89.00,true,1,
7290110453398,false,סומק ללא מראה 43,,IL,סומק ללא מראה 43,יחידה,1.00,יחידה,false,1,75.00,75.00,true,1,
7290110453466,false,"מייק אפ גימור מט 20 מ""ל",,IT,מייק אפ גימור מט,מיליליטרים,20.00,"100 מ""ל",false,1,119.00,595.00,true,1,
7290110453589,false,גייד אקווה גולט סרום גל לעיניים 15 מל,דניה,IL,אקווה ג'ולט סרום,מיליליטרים,15.00,"100 מ""ל",false,1,99.00,660.00,true,1,
7290110453596,false,גייד הידרה סובלים תמצית רימונים קרם עיני,דניה,CH,קרם עיניים רימונ,מיליליטרים,15.00,"100 מ""ל",false,1,129.00,860.00,true,1,
7290110453640,false,אייקון מסק אויל ק.גוף200,,IL,אייקון מסק אויל,מיליליטרים,200.00,"100 מ""ל",false,1,69.00,34.50,true,1,
7290110453725,false,גייד אקווה גולט סרום לחות אינטנסיבית 30,דניה,IL,אקווה ג'ולט סרום,מיליליטרים,30.00,"100 מ""ל",false,1,119.00,396.67,true,1,
7290110453909,false,BROWITY מסקרה ג'ל לגבות,,IT,BROWITY מסקרה ג',יחידה,1.00,יחידה,false,1,69.00,69.00,true,1,
7290110453916,false,BROWITY מסקרה ג'ל גבות12,,IT,BROWITY מסקרה ג',יחידה,1.00,יחידה,false,1,69.00,69.00,true,1,
7290110453930,false,גייד הידרה סובלים תמצית רימונים קרם יום,דניה,IL,קרם יום רימונים,מיליליטרים,50.00,"100 מ""ל",false,1,179.00,358.00,true,1,
7290110454265,false,EXTREMITY מסקרה לנפח 12,,DE,EXTREMITY מסקרה,יחידה,1.00,יחידה,false,1,89.00,89.00,true,1,
7290110454302,false,גייד גולד פרמיום דאבל סרום למיצוק העור 5,דניה,CH,גולדפרימיום דאבל,מיליליטרים,50.00,"100 מ""ל",false,1,249.90,499.80,true,1,
7290110454333,false,וולווטין דואט סומק 50,,IL,וולווטין דואט סו,יחידה,1.00,יחידה,false,1,109.00,109.00,true,1,
7290110454364,false,גייד גלו FX קרם למראה זוהר 50 מל,דניה,CH,גלו FX קרם למראה,מיליליטרים,50.00,"100 מ""ל",false,1,189.00,378.00,true,1,
7290110454425,false,שפתון סלפי855 יח',,IT,שפתון סלפי 855,יחידה,1.00,יחידה,false,1,79.00,79.00,true,1,
7290110454463,false,שפתון סלפי 859 יח',,IT,שפתון סלפי 859,יחידה,1.00,יחידה,false,1,79.00,79.00,true,1,
7290110454470,false,שפתון סלפי 860 יח',,IT,שפתון סלפי 860,יחידה,1.00,יחידה,false,1,79.00,79.00,true,1,
7290110454678,false,אוורגלו מארז צלליות עיני,,IL,אוורגלו מארז צלל,יחידה,1.00,יחידה,false,1,119.00,119.00,true,1,
7290110454975,false,שפתון גלוס עמיד 88 יח',,IT,שפתון גלוס עמיד,יחידה,1.00,יחידה,false,1,79.00,79.00,true,1,
7290110455002,false,לונגיוטי מייק אפ 552 30,,IT,לונגיוטי מייק אפ,מיליליטרים,30.00,"100 מ""ל",false,1,135.00,450.00,true,1,
7290110455071,false,גייד סיבי2 בוטניק קרם לחות מרגיע עם שמן,דניה,IL,בוטניק קרם לחות,מיליליטרים,50.00,"100 מ""ל",false,1,159.00,318.00,true,1,
7290110455088,false,גייד סיבי2 בוטניק שמן פנים מזרעי קנאביס,דניה,IL,בוטניק שמן פנים,מיליליטרים,30.00,"100 מ""ל",false,1,159.00,530.00,true,1,
7290110455170,false,קריסטל לייטס 815 יח',,IL,קריסטל לייטס 815,יחידה,1.00,יחידה,false,1,79.00,79.00,true,1,
7290110455248,false,לק קריסטל גלו 649 יח',,FR,לק קריסטל גלו 64,יחידה,1.00,יחידה,false,1,19.00,19.00,true,1,
7290110455262,false,לק קריסטל גלו 651 יח',,FR,לק קריסטל גלו 65,יחידה,1.00,יחידה,false,1,19.00,19.00,true,1,
7290110455460,false,היילש מסקרה המאריכה מפרי,,IL,היילש מסקרה המאר,יחידה,1.00,יחידה,false,1,89.00,89.00,true,1,
7290110455620,false,קריסטל לייטס ליפ 818 יח',,IL,קריסטל לייטס ליפ,יחידה,1.00,יחידה,false,1,79.00,79.00,true,1,
7290110455774,false,היילש מסקרה המאריכה יח,,IL,היילש מסקרה המאר,יחידה,1.00,יחידה,false,1,99.00,99.00,true,1,
7290110456030,false,אידיליק קונסילר 34 יח',INTERCOS,IT,אידיליק קונסילר,יחידה,1.00,יחידה,false,1,99.00,99.00,true,1,
7290110456115,false,גייד סידאולוגי סרום בוסטר ממריץ 30 מל,דניה,IL,סידאולוגי סרום ב,מיליליטרים,30.00,"100 מ""ל",false,1,179.00,596.67,true,1,
7290110456122,false,גייד סידאולוגי קרם עיניים להפחתת סימני ע,דניה,IL,סידאולוגי קרם עי,מיליליטרים,15.00,"100 מ""ל",false,1,149.00,993.33,true,1,
7290110456139,false,ולווטין דואטסומק ושימר54,,IL,ולווטין דואטסומק,יחידה,1.00,יחידה,false,1,109.00,109.00,true,1,
7290110456252,false,לק קריסטל גלו 664יח',,FR,לק קריסטל גלו664,יחידה,1.00,יחידה,false,1,19.00,19.00,true,1,
7290110456290,false,שפתון גלוס עמיד 90 יח',,IL,שפתון גלוס שפתון,יחידה,1.00,יחידה,false,1,79.00,79.00,true,1,
7290110456405,false,גייד אקווה גולט קרם לילה מזין 50 מל,דניה,IL,אקווה ג'ולט קרם,מיליליטרים,50.00,"100 מ""ל",false,1,119.00,238.00,true,1,
7290110456474,false,גייד סיבי2 בוטניק קרם לילה עשיר להזנה 50,דניה,IL,CB2בוטניק קרם,מיליליטרים,50.00,"100 מ""ל",false,1,159.00,318.00,true,1,
7290110456573,false,גייד סיבי2 בוטניק קרם עיניים משקם 15 מל,דניה,IL,קרם עיניים משקם,מיליליטרים,15.00,"100 מ""ל",false,1,129.00,860.00,true,1,
7290110456672,false,מחזק ציפורניים מתקדם יח',,FR,מחזק ציפורניים מ,יחידה,1.00,יחידה,false,1,39.00,39.00,true,1,
7290110456689,false,פריימס מארז צלליות עיניי,,IL,פריימס מארז צללי,יחידה,1.00,יחידה,false,1,129.00,129.00,true,1,
7290110456962,false,לונגיויטי עמיד 119 יח',,IL,לונגיויטי עמיד 1,יחידה,1.00,יחידה,false,1,135.00,135.00,true,1,
7290110457013,false,"אייקון בלאק בלאם 150 מ""ל",,IL,אייקון בלאק בלאם,מיליליטרים,150.00,"100 מ""ל",false,1,159.00,106.00,true,1,
7290110457167,false,לק קריסטל גלו 674 יח',,FR,לק קריסטל 674,יחידה,1.00,יחידה,false,1,19.00,19.00,true,1,
7290110457259,false,סיבי2 בוטניק קרם לחות 10,,IL,סיבי2 בוטניק קרם,מיליליטרים,10.00,"100 מ""ל",false,1,59.00,590.00,true,1,
7290110457440,false,גייד גלו FX לילה לגוון עור אחיד 50 מל,דניה,CH,גלו FX קרם לילה,מיליליטרים,50.00,"100 מ""ל",false,1,209.00,418.00,true,1,
7290110457716,false,קריסטל לייטס גלוס 823 יח,גייד,IL,קריסטל לייטס גלו,יחידה,1.00,יחידה,false,1,79.00,79.00,true,1,
7290110457754,false,קריסטל לייטס גלוס 825יח,גייד,IL,קריסטל לייטס גלו,יחידה,1.00,יחידה,false,1,79.00,79.00,true,1,
7290110457815,false,BROWITY מסקרה ג'ל לגבות,SRL COSMETICS ANCOROTTI,IT,BROWITY מסקרה ג',יחידה,1.00,יחידה,false,1,69.00,69.00,true,1,
7290110457853,false,סלפי עיפרון שפתיים 855,INTERCOS,IT,סלפי עיפרון שפתי,יחידה,1.00,יחידה,false,1,59.00,59.00,true,1,
7290110457860,false,סלפי עיפרון שפתיים 857,INTERCOS,IT,סלפי עיפרון שפתי,יחידה,1.00,יחידה,false,1,59.00,59.00,true,1,
7290110457891,false,סלפי עיפרון שפתיים 866,INTERCOS,IT,סלפי עיפרון שפתי,יחידה,1.00,יחידה,false,1,59.00,59.00,true,1,
7290110458072,false,שפתון טרו קולור 282יח',,IL,שפתון טרו קולור,יחידה,1.00,יחידה,false,1,69.00,69.00,true,1,
7290110458089,false,שפתון טרו קולור 283יח',,IL,שפתון טרו קולור,יחידה,1.00,יחידה,false,1,69.00,69.00,true,1,
7290110458096,false,סט אייקון מאסק אויל בושם,,IL,אייקון מאסק אויל,יחידה,1.00,יחידה,false,1,199.00,199.00,true,1,
7290110458133,false,אייקון פרל בושם+,,,אייקון פרל בושם+,יחידה,1.00,יחידה,false,0,199.00,199.00,true,1,
7290110458232,false,"אייקון מאסק מי גוף250מ""ל",גייד בישום,IL,אייקון מאסק אויל,מיליליטרים,250.00,"100 מ""ל",false,1,89.00,35.60,true,1,
7290110458300,false,אסנשיילס פריימר עם צבע30,דניה קוסמטיקס,IT,אסנשיילס פריימר,מיליליטרים,30.00,"100 מ""ל",false,1,149.00,496.67,true,1,
7290110458430,false,קיט מתנה יוני 22 יח',,IL,קיט מתנה יוני 22,יחידה,1.00,יחידה,false,1,24.90,24.90,true,1,
7290110458447,false,אייקון רוזס בושם,,,אייקון רוזס בושם,יחידה,1.00,יחידה,false,0,199.00,199.00,true,1,
7290110458492,false,שפתון גלוס עמיד 93 יח',INTERCOS,IT,שפתון גלוס עמיד,יחידה,1.00,יחידה,false,1,79.00,79.00,true,1,
7290110458607,false,שפתון איידיליק מאט 741,INTERCOS,IT,שפתון איידיליק מ,יחידה,1.00,יחידה,false,1,75.00,75.00,true,1,
7290110459390,false,תיק מתנה דצמבר 2022 יח',גייד,IL,תיק מתנה דצמבר22,יחידה,1.00,יחידה,false,1,59.00,59.00,true,1,
7290110459505,false,תיק מתנה ינואר 2023 יח',גייד,IL,תיק מתנה ינואר23,יחידה,1.00,יחידה,false,1,59.00,59.00,true,1,
7290110554095,false,דבש לחיץ 440 גרם,מכוורת יד מרדכי שטראוס ב,IL,דבש לחיץ,גרמים,440.00,100 גרם,false,1,29.90,6.80,true,1,
7290110556242,false,עלית - שוקולד מריר פרווה בדץ 100 גרם,"שטראוס גרופ בע""מ.",FR,שוקולד פרה מריר,גרמים,100.00,100 גרם,false,1,6.90,6.90,true,1,
7290110559748,false,ריל מאגדת שקדים קוקוס ושוקולד מריר שטראוס 105 גרם,"ואמואליס פודס אס.איי,",GR,חטיפי ריל אנרגי,גרמים,105.00,100 גרם,false,1,17.90,17.05,true,1,
7290110559762,false,ריל מאגדת אגוזים תמרים קוקוס שטראוס 105 גרם,"ואמואליס פודס אס.איי,",GR,חטיפי ריל אנרג'י,גרמים,105.00,100 גרם,false,1,17.90,17.05,true,1,
7290110560324,false,"הפריכיות הטעימות תפו""א, אורז, אפונה ומלח ים","פרח תעשיו מזון בע""מ",IL,פריכיות אנרג'י,גרמים,30.00,100 גרם,false,1,5.90,19.67,true,1,
7290110572129,false,כיף כף מקלות שוקולד לבן 40 ג' עלית,סולן בעבור שטראוס,TR,כיף כף מקלות,גרמים,40.00,100 גרם,false,1,6.50,16.25,true,1,
7290110576745,false,עלית - קפה טורקי BOOST בתוספת גוארנה 70 גרם,שטראוס קפה בי.וי.,IL,קפה טורקי,גרמים,70.00,100 גרם,false,1,12.90,18.43,true,1,
7290110730109,false,נוטרילון קומפורט תרכובת מזון מגיל לידה,נוטרישיה קאלק,NL,נוטרילון 900 גרם,גרמים,900.00,100 גרם,false,1,101.90,11.32,true,1,
7290111090134,false,"I-CARE שלישיית מגבוני רענון לידיים,12 *3",נאופארם,IL,מגבוני רענון,יחידה,1.00,יחידה,false,0,8.90,8.90,true,1,
7290111093722,false,"קצף עדין לניקוי הפנים לילך מאסק 150 מ""ל DR OR",ניאופארם,IL,ג'ל ניקוי פנים,מיליליטרים,150.00,"100 מ""ל",false,1,19.90,13.26,true,1,
7290111093760,false,קוויק מטליות לחות לניקוי רצפות ניחוח מרכך כביסה 10 יחידות,די.פי.אל,IL,קוויק לניקוי רצפ,יחידה,1.00,יחידה,false,1,10.00,10.00,true,1,
7290111094392,false,"טרופיקל תחליב רחצה קוקוס וליים 700 מ""ל דר' עור","אמיליה קוסמטיקס בע""\מ",IL,תחליב רחצה,מיליליטרים,700.00,"100 מ""ל",false,1,19.90,2.84,true,1,
7290111095818,false,קוויק שקיות אשפה L חזקות במיוחד עם שרוך 40 יח',,TR,שקיות אשפה בגליל,יחידה,1.00,יחידה,false,1,18.90,18.90,true,1,
7290111096921,false,קוויק מגבונים לניקוי כללי בתוספת חומץ ומלח לימון 50 יח',די.פי.אל,IL,קוויק מגבונים,יחידה,1.00,יחידה,false,1,9.90,9.90,true,1,
7290111097041,false,מגבוני בייביסיטר מבושמים 66*8,קיבוץ עמיר dpl,IL,מגבוני בייביסיטר,יחידה,1.00,יחידה,false,1,22.90,22.90,true,1,
7290111097836,false,קוויק מגבונים 99.9% דוחה אבק למשטחים בניחוח מרכך כביסה 50 יחידות,די.פי.אל,IL,קוויק דוחה אבק,יחידה,1.00,יחידה,false,1,9.90,9.90,true,1,
7290111340109,false,דיפנד - מגן תחתון לנשים אקטיב 22 יח',קימברלי קלארק,IL,מגן תחתון דיפנד,יחידה,1.00,יחידה,false,1,21.90,21.90,true,1,
7290111340956,false,ניקול מטליות לחות לרצפה בניחוח פריחה לבנה,חוגלה קימברלי,IL,מטליות רצפה לחות,יחידה,1.00,יחידה,false,1,11.90,11.90,true,1,
7290111341434,false,תחבושות דיפנד נורמל אקטיב לנשים 12 יח,קימברלי קלארק,IL,תחבושות דיפנד,יחידה,1.00,יחידה,false,1,21.90,21.90,true,1,
7290111341496,false,תחבושות דיפנד מיני אקטיב לנשים 14 יח,קימברלי קלארק,IL,תחבושות דיפנד,יחידה,1.00,יחידה,false,1,21.90,21.90,true,1,
7290111341526,false,תחבושות קוטקס אקטיב נורמל דואו 24 יחידות,קימברלי קלארק,CZ,תחבושות קוטקס,יחידה,1.00,יחידה,false,1,21.90,21.90,true,1,
7290111341984,false,לילי - מגבוני נייר טואלט לח פיור רביעייה,קימברלי,IL,נייר טואלט לח4יח,יחידה,1.00,יחידה,false,1,25.90,25.90,true,1,
7290111342042,false,ניקול כריות יפניות אנטיבקטריאלי 4 יחידות,פלסטו פוליש,IL,כריות יפניות,יחידה,1.00,יחידה,false,1,13.90,13.90,true,1,
7290111342073,false,מטליות מקרופייבר למשטחים אנטיבקטריאלי ניקול,ניקול,IL,מטליות מקרופייבר,יחידה,1.00,יחידה,false,1,14.90,14.90,true,1,
7290111343117,false,"קלינקס לושן סופט פק זוגות 140 דף ""חדש""",קימברלי קלארק,IL,קלינקס ממחטות,יחידה,1.00,יחידה,false,1,15.90,15.90,true,1,
7290111343483,false,קוטקס יאנג נייט תחבושות עם כנפיים 20 יח,חוגלה,CZ,תחבושות קוטקס,יחידה,1.00,יחידה,false,1,21.90,21.90,true,1,
7290111343742,false,דיפנד תחתונים סופגים L נשים 9 יח,חוגלה,IL,דיפנד תחתון סופג,יחידה,1.00,יחידה,false,1,46.90,46.90,true,1,
7290111343766,false,דיפנד תחתונים סופגים M גברים 10 יח,חוגלה,IL,דיפנד תחתון סופג,יחידה,1.00,יחידה,false,1,46.90,46.90,true,1,
7290111344183,false,דיפנד תחתונים סופגים M נשים 10 יח,חוגלה,IL,דיפנד תחתון סופג,יחידה,1.00,יחידה,false,1,46.90,46.90,true,1,
7290111344206,false,-מגבונים לחים לעור רגיש ללא בישום האגיס 4*64 יחידות,חוגלה קימברלי,IL,מגבונים האגיס 4*,יחידה,1.00,יחידה,false,1,26.90,26.90,true,1,
7290111344459,false,קוטוקס תחבושות נייט אקסטרא לונג 20 יח',חוגלה קימברלי,CN,תחבושות נייט,יחידה,1.00,יחידה,false,1,21.90,21.90,true,1,
7290111344503,false,חיתולי האגיס אקסטרה קייר מידה +4 36 יח',חוגלה קימברלי,IL,האגיס אקסטרה קר,יחידה,1.00,יחידה,false,1,59.90,59.90,true,1,
7290111344732,false,קלינקס - טיישו אלרג'י קומפורט ניילון זוגות 140 דף,קימברלי קלארק,IL,קלינקס זוג,יחידה,1.00,יחידה,false,1,16.90,16.90,true,1,
7290111344824,false,מגן תחתון קוטקס אקסטרא אנטיבקטריאלי לארג',חוגלה,CN,מגן תחתון קוטקס,יחידה,1.00,יחידה,false,1,21.90,21.90,true,1,
7290111344831,false,קוטקס - מגיני יום אקסטרא פרוטקט נורמל ביג 60 יח',חוגלה קימברלי,CN,מגן תחתון קוטקס,יחידה,1.00,יחידה,false,1,21.90,21.90,true,1,
7290111344855,false,קוטקס - מגיני יום אקסטרא פרוטקט לארג' ביג 52 יח',חוגלה קימברלי,CN,מגן תחתון קוטקס,יחידה,1.00,יחידה,false,1,21.90,21.90,true,1,
7290111345753,false,תחבושות נטורל דואו נורמל 24 יח' קוטקס,קריות זול,CZ,תחבושות כותנה נו,יחידה,1.00,יחידה,false,1,21.90,21.90,true,1,
7290111345760,false,תחבושות נטורל דואו סופר 18 יח' קוטקס,קריות זול,CZ,תחבושות קוטקס,יחידה,1.00,יחידה,false,1,21.90,21.90,true,1,
7290111564291,false,פריכיות דקות ונימוחות 3 דגנים וקינואה פיטנס Fitness,פרח תעשיות בעמ,IL,פריכיות פיטנס,גרמים,120.00,100 גרם,false,1,12.90,10.75,true,1,
7290111931321,false,"קולגייט משחת שיניים ילדים 6+ מיניונים 50 מ""ל",קולגייט- פלמוליב,PL,קולגייט מיניונים,מיליליטרים,50.00,"100 מ""ל",false,1,12.90,25.80,true,1,
7290111932502,false,"משחת שיניים קולגייט אופטיק וייט אקספרט וויט 75 מ""ל",קולגייט Colgate,MX,משחת שיניים,מיליליטרים,75.00,"100 מ""ל",false,1,29.90,39.87,true,1,
7290111932762,false,בלונס - ספוג סבון ונילה,,IL,בלונס- ספוג סבון,מיליליטרים,230.00,"100 מ""ל",false,1,29.90,13.00,true,1,
7290111936203,false,"ליידי ספיד סטיק דרמה ספריי ויטמין אי 150 מ""ל",ליידי ספיד סטיק Lady Speed Stick,RU,ליידי ספיד סטיק,מיליליטרים,150.00,"100 מ""ל",false,1,14.90,9.93,true,1,
7290111936296,false,"פלמוליב סבון נוזלי בניחוח סנסיישן מסאז' ,750 מ""ל",קולגייט פלמוליב,TR,סבון פלמוליב,מיליליטרים,750.00,"100 מ""ל",false,1,22.90,3.05,true,1,
7290111937644,false,פצצת אמבט קוקוס לכל סוגי העור,בלונס Balloons,CN,בלונס - פצצת אמב,יחידה,1.00,יחידה,false,1,11.90,11.90,true,1,
7290111937651,false,פצצת אמבט מנגו לכל סוגי העור,בלונס Balloons,CN,בלונס - פצצת אמב,יחידה,1.00,יחידה,false,1,11.90,11.90,true,1,
7290111937668,false,פצצת אמבט תפוח לכל סוגי העור,בלונס Balloons,CN,בלונס - פצצת אמב,יחידה,1.00,יחידה,false,1,11.90,11.90,true,1,
7290112000736,false,פיניש טבליות aio 80 יח אריזת חסכון,רקיט בנקיזר,PL,פיניש 80 טבליות,יחידה,1.00,יחידה,false,1,59.90,59.90,true,1,
7290112000798,false,"דיטול תרסיסי חיטוי וניקוי אנטי בקטריאלי 750 מ""ל",רקיט בנקיזר,GB,דטול מחטא משטחים,מיליליטרים,750.00,"100 מ""ל",false,1,11.90,1.59,true,1,
7290112001733,false,ויט רצועות שעווה לעור רגיל 40 יחידות,רקיט בנקיזר,FR,רצועות שעווה,יחידה,1.00,יחידה,false,1,49.90,49.90,true,1,
7290112001740,false,ויט רצועות שעווה לפנים 40 יחידות,רקיט בנקיזר,FR,רצועות שעווה ויט,יחידה,1.00,יחידה,false,1,49.90,49.90,true,1,
7290112002044,false,טבליות פיניש מנקה מדיח 3 יח,רקיט בנקיזר,HU,פיניש מנקה מדיח,יחידה,1.00,יחידה,false,1,14.90,14.90,true,1,
7290112002099,false,קולון גל כביסה מרוכז 2.5 ליטר קלאסי,רקיט בנקיזר,IL,ג'ל כביסה קולון,ליטרים,2.50,ליטר,false,1,28.90,11.56,true,1,
7290112002457,false,דטול - שלישיית מגבונים לניקוי וחיטוי בניחוח לימון,רקיט בנקיזר,PL,דטול מגבונים 3יח,יחידה,1.00,יחידה,false,1,21.90,21.90,true,1,
7290112003515,false,איירוויק ספריי בוטינקה בניחוח ורדים וגרניום 236 מל,רקיט בנקיזר,PL,איירוויק ספריי,מיליליטרים,236.00,"100 מ""ל",false,1,22.90,9.70,true,1,
7290112004413,false,"ספריי וניש קליה להסרת כתמים לבגדים לבנים 750 מ""ל",רקיט בנקיזר,PL,מסיר כתמים ספריי,מיליליטרים,750.00,"100 מ""ל",false,1,14.90,1.98,true,1,
7290112004970,false,פיניש אולטימייט קוואנטום 50 טבליות למדיח,רקיט בנקיזר,IL,פיניש אולטימייט,יחידה,1.00,יחידה,false,1,44.90,44.90,true,1,
7290112005045,false,וניש תוסף כביסה רב תכליתי לבגדים לבנים,קליה וניש Kalia Vanish,IT,וניש אבקה לכביסה,גרמים,480.00,100 גרם,false,1,14.90,3.11,true,1,
7290112005076,false,וניש תוסף כביסה רב תכליתי לכביסה צבעונית,קליה וניש Kalia Vanish,IT,וניש אבקה לכביסה,גרמים,480.00,100 גרם,false,1,14.90,3.11,true,1,
7290112192578,false,משחת שיניים פרודונטקס אקסטרה פרש הגנה מלאה,ג'י.אס.קיי קונסיומר,IE,משחת פרודונטקס,מיליליטרים,75.00,"100 מ""ל",false,1,34.90,46.53,true,1,
7290112192882,false,"סנסודיין - משחת שיניים רגישות וחניכיים מלבינה 75 מ""ל",ג'י.אס.קיי קונסיומר,GB,משחת סנסודיין,מיליליטרים,75.00,"100 מ""ל",false,1,34.90,46.53,true,1,
7290112192981,false,סטייל מתולתלות קרם לחות לשיער גלי 400,גורי,IL,סטייל קרם לחות,מיליליטרים,400.00,"100 מ""ל",false,1,38.90,9.73,true,1,
7290112192998,false,סטייל מתולתלות קרם לחות לשיער מקורזל 400,גורי,IL,קרם לחות לשיער,מיליליטרים,400.00,"100 מ""ל",false,1,38.90,9.73,true,1,
7290112193292,false,"סטייל - מתולתלות מסכה לטיפול עמוק 500 מ""ל",א.ל.ארמן ייצור תמרוקים ב,IL,מסכה מתולתלות,מיליליטרים,500.00,"100 מ""ל",false,1,38.90,7.78,true,1,
7290112193308,false,"סטייל - מתולתלות גלייז מעצב ומאיץ ברק לשיער 400 מ""ל",א.ל. ארמן,IL,גלייז מתולתלות,מיליליטרים,400.00,"100 מ""ל",false,1,39.90,9.98,true,1,
7290112193315,false,"סטייל - מתולתלות קרם לחות להורדת פריז 400 מ""ל",א.ל.ארמן ייצור תמרוקים ב,IL,קרם לחות מתולתלו,מיליליטרים,400.00,"100 מ""ל",false,1,38.90,9.73,true,1,
7290112197061,false,"סטייל - תחליב רחצה לניקוי וטיפוח הידיים ארגן 500 מ""ל",רנקסאן פלסטיק יאנגר,TR,תחליב ידיים,מיליליטרים,500.00,"100 מ""ל",false,1,12.90,2.58,true,1,
7290112332691,false,פינוקיות עוגיות קרם פסק זמן אגוזים 200 גרם,"הגביע מוצרי וופלים בע""\מ",IL,פינוקיות פסק זמן,גרמים,200.00,100 גרם,false,1,12.90,6.45,true,1,
7290112335487,false,הפריכיות הטעימות קצח ודגנים אנרג'י 135 גרם,"פרח תעשיות מזון בע""\מ",IL,הפריכיות הטעימות,גרמים,135.00,100 גרם,false,1,11.90,8.82,true,1,
7290112336644,false,סוכריות מאסט ללא סוכר לימון 80 ג' עלית,שטראוס גרופ,PL,סוכריות מאסט,גרמים,80.00,100 גרם,false,1,8.90,11.13,true,1,
7290112337474,false,סוכריות מאסט ללא סוכר פטל לימון 80 ג' עלית,שטראוס גרופ,PL,סוכריות מאסט,גרמים,80.00,100 גרם,false,1,8.90,11.13,true,1,
7290112337481,false,סוכריות מאסט ללא סוכר קפצ''ינו 80 ג' עלית,שטראוס גרופ,PL,סוכריות מאסט,גרמים,80.00,100 גרם,false,1,8.90,11.13,true,1,
7290112340122,false,הפריכיות הטעימות 3 דגנים אנרג'י 135 גרם,"פרח תעשיות מזון בע""\מ",IL,פריכיות טעימות,גרמים,135.00,100 גרם,false,1,11.90,8.82,true,1,
7290112340245,false,צנצנת מסטיק מאסט בטעם דובדבן 66 ג' עלית,"שטראוס גרופ בע""\מ",IL,מסטיק דובדבן,גרמים,66.00,100 גרם,false,1,8.90,13.49,true,1,
7290112343499,false,חטיף צ'יטוס פאפס אפוי בטעם גבינה,"שטראוס פריטו ליי בע""\מ )",IL,חטיף צ'יטוס puff,גרמים,55.00,100 גרם,false,1,3.90,7.09,true,1,
7290112346360,false,בפלות אחת אחת ופל בטעם שוקולד מצופה שוקולד,הגביע מוצרי וופלים ב,GR,בפלות אחת אחת,גרמים,180.00,100 גרם,false,1,15.90,8.83,true,1,
7290112351463,false,שלישיית סוכריות מאסט FRESH פטל לימון 45 ג' עלית,"הליקון גידה בע""\מ",TR,"סוכריות לל""ס",גרמים,45.00,100 גרם,false,1,9.90,22.00,true,1,
7290112351470,false,סוכריות ללא סוכר בטעם תות רימון מאסט פרש,"הליקון גידה בע""\מ",TR,"סוכריות לל""ס",גרמים,45.00,100 גרם,false,1,9.90,22.00,true,1,
7290112354945,false,תפוצ'יפס WAVY בטעם טבעי 50 גרם,שטראוס פריטו ליי בע”,IL,תפוצ'יפס,גרמים,50.00,100 גרם,false,1,4.90,9.80,true,1,
7290112357175,false,קפסולות BOOST למכונת נספרסו עלית 10 יחידות,שטראוס קפה בי.וי,IL,קפסולות BOOST,גרמים,50.00,100 גרם,false,1,19.90,39.80,true,1,
7290112492548,false,"מרכך פינוק עם שמן חוחובה 700 מ""ל",יוניליוור פארם,IL,מרכך פינוק,מיליליטרים,700.00,"100 מ""ל",false,1,13.90,1.99,true,1,
7290112494825,false,תרחיץ פנים לעור רגיש מכיל 25% קרם לחות,יוניליוור ישראל טיפוח אי,IL,דאב תרחיץ פנים,מיליליטרים,180.00,"100 מ""ל",false,1,15.90,8.83,true,1,
7290112497369,false,דאב דאו רול און טלק סופט לנשים,"יוניליוור אנגליה, דרך קו",GB,דאו דאב רול און,מיליליטרים,50.00,"100 מ""ל",false,1,13.90,27.80,false,1,
7290112497505,false,וזלין תחליב גוף בתוספת אלוורה 600 מל,"יוניליוור, ג'פרסון סיטי,",US,קרם גוף ואזלין,מיליליטרים,600.00,"100 מ""ל",false,1,25.90,4.32,true,1,
7290112498267,false,פינוק אל סבון לידיים בניחוח פינוק קלאסי,קוסטר אירוסול ולף סנ,TR,אל סבון פינוק,מיליליטרים,950.00,"100 מ""ל",false,1,14.90,1.57,true,1,
7290112498298,false,"אל סבון ליידים בתוספת שמן מרוקאי פינוק 950 מ""ל",קוסטר אירוסול ולף סנ,TR,אל סבון פינוק,מיליליטרים,950.00,"100 מ""ל",false,1,14.90,1.57,true,1,
7290112499455,false,פינוק תחליב רחצה 700 בתוספת שמן מרוקאי,יוניליוור ישראל טיפוח אי,IL,תחליב רחצה פינוק,מיליליטרים,700.00,"100 מ""ל",false,1,11.90,1.70,true,1,
7290112499509,false,"רקסונה - דאודורנט ספריי לאישה בניחוח אפרסק ולמון גראס 150 מ""ל","ארנסט, רחוב קומבינצקיה 6",RU,דאו ספריי רקסונה,מיליליטרים,150.00,"100 מ""ל",false,1,17.90,11.93,true,1,
7290112963918,false,פיטנס חטיפי קרקר דק רוזמרין 140 גרם,נסטלה Nestle,IL,קרקר דק פיטנס,גרמים,140.00,100 גרם,false,1,14.90,10.64,true,1,
7290112965660,false,פיטנס - חטיף מולטיגריין מלח פלפל 25 גרם,מיוצר עי קונדיטוריית,IL,חטיף פיטנס מלח,גרמים,25.00,100 גרם,false,1,5.90,23.60,true,1,
7290112965684,false,פיטנס - חטיף מולטיגריין עשבי תיבול 25 גרם,מיוצר עי קונדיטוריית,IL,חטיף פיטנס,גרמים,25.00,100 גרם,false,1,5.90,23.60,true,1,
7290112968807,false,פיטנס - קרקר דק סלק 140 גרם,מפעל אסם יקנעם,IL,קרקר דק פיטנס,גרמים,140.00,100 גרם,false,1,14.90,10.64,true,1,
7290112968821,false,פיטנס - קרקר דק בטטה 140 גרם,מפעל אסם יקנעם,IL,קרקר דק פיטנס,גרמים,140.00,100 גרם,false,1,14.90,10.64,true,1,
7290113317109,false,מארז שלישיית ביצי שוקולד הלו קיטי,שמחה זה אנחנו,IT,ביצת שוקולד,גרמים,60.00,100 גרם,false,1,14.90,24.83,true,1,
7290113560055,false,פרודונטקס מי פה טיפול יומי לחניכיים 500,"מאסטרפוד אוסטריה בע""מ",GB,פרודונטקס מי פה,מיליליטרים,500.00,"100 מ""ל",false,1,31.90,6.38,true,1,
7290113560109,false,פרודונטקס מ.שיניים בטעם צמחי 75 מל,פרודונטקס Parodontax,SK,משחה פרודונטקס,מיליליטרים,75.00,"100 מ""ל",false,1,31.90,42.53,true,1,
7290113560277,false,זוג מברשות שיניים רפיד רליף סנסודיין,גלקסוס סמית קליין,GB,מברשות רפיד 2 יח,יחידה,1.00,יחידה,false,1,29.90,29.90,true,1,
7290113594432,false,אצבעות שוקולד ממולא,,,אצבעות שוקולד,יחידה,1.00,יחידה,false,0,5.90,5.90,true,1,
7290114145831,false,אוליב שמפו לשיער יבש ופגום מועשר בשמן זית,אוליב Olive,IL,אוליב שמפו שמן ז,מיליליטרים,800.00,"100 מ""ל",false,0,19.90,2.49,true,1,
7290114145848,false,אוליב - מרכך לשיער יבש ופגום מועשר בשמן זית,אוליב Olive,IL,אוליב מרכך,מיליליטרים,800.00,"100 מ""ל",false,1,19.90,2.49,true,1,
7290114146289,false,"אוליב - תחליב רחצה שמן זית 800 מ""ל",א.פ.חורי,IL,אוליב ת.רחצה שמן,מיליליטרים,800.00,"100 מ""ל",false,0,19.90,2.49,true,1,
7290114147569,false,אוליב קרם גוף שמן זית 500 מל,א.פ.חורי,IL,אוליב ק.גוף שמן,מיליליטרים,500.00,"100 מ""ל",false,1,19.90,3.98,true,1,
7290114605342,false,פירסט סמייל רפידות הנקה גודל מדיום 110,צאנזו שאנג קאר פרודק,CN,רפידות הנקה,יחידה,1.00,יחידה,false,1,21.90,21.90,true,1,
7290114659949,false,מסכה לפנים חד-פעמי 50 יחי,נ'יאנג יונג,CN,מסכת פנים חד פעמ,יחידה,1.00,יחידה,false,1,12.90,12.90,true,1,
7290114720007,false,קיט לעיניים יח',,IL,קיט לעיניים,יחידה,1.00,יחידה,false,1,199.00,199.00,true,1,
7290114720021,false,Hyaluronizeקרם עיניים15מ,,FR,קרם לעיניים,מיליליטרים,15.00,"100 מ""ל",false,1,99.00,660.00,true,1,
7290114720724,false,מארז זוגי של ראשי מברשת אוניברסליים פוג'יקום,פוג'יקום,CN,ראשי מברשת לאורל,יחידה,1.00,יחידה,false,1,24.90,24.90,true,1,
7290114721264,false,קיט לעיניים קרם +מכשיר י,,IL,קיט לעיניים קרם,יחידה,1.00,יחידה,false,1,199.00,199.00,true,1,
7290114721301,false,זוג ראשי מברשות תואם אורל בי Sensitive,פוג'יקום,CN,ראש למברשת חשמלי,יחידה,1.00,יחידה,false,1,24.90,24.90,true,1,
7290114721318,false,מסכת בד חומצה הילרואנית HYALURONIZER,,IL,מסכת בד חומצה הי,יחידה,1.00,יחידה,false,1,19.90,19.90,true,1,
7290114721400,false,זוג ראשי פחם Soft תואם אורל בי,פוג'יקום,CN,ראש למברשת חשמלי,יחידה,1.00,יחידה,false,1,24.90,24.90,true,1,
7290114721561,false,ערכת ציחצוח לילדים דינוזאור פוג'יקום,פוג'יקום,CN,ערכת צחצוח לילדי,יחידה,1.00,יחידה,false,1,69.90,69.90,true,1,
7290114721578,false,ערכת ציחצוח לילדים חד קרן פוג'יקום,פוג'יקום,CN,ערכת צחצוח לילדי,יחידה,1.00,יחידה,false,1,69.90,69.90,true,1,
7290114721622,false,מראת איפור עגולה מגדילה X7 נצמדת בוואקום,,CN,מראת איפור עגולה,יחידה,1.00,יחידה,false,1,49.90,49.90,true,1,
7290115071528,false,מטבעות שוקולד ברשת מ,,,מטבעות שוקולד,יחידה,1.00,יחידה,false,0,5.90,5.90,true,1,
7290115073676,false,מסכה לפנים חד פעמי 50 יח צבעוניות,שמחה זה אנחנו,CN,מסכת פנים חד פעמ,יחידה,1.00,יחידה,false,1,12.90,12.90,true,1,
7290115073720,false,שלישיית ביצי שוקולד(חלב נוכרי)-לוני טונס,שמחה זה אנחנו,IT,ביצי שוקולד,גרמים,60.00,100 גרם,false,1,13.90,23.17,true,1,
7290115075878,false,גביע וופל ממולא קרם שוקולד 25 גר(12 יח),שמחה זה אנחנו,CN,גביעי וופל ממולא,גרמים,25.00,100 גרם,false,1,5.90,23.60,true,1,
7290115205176,false,פיטנס - קרקר דק כפרי פיטנס 140 גרם,נסטלה Nestle,IL,קרקר דק פיטנס,גרמים,140.00,100 גרם,false,1,14.90,10.64,true,1,
7290115205312,false,קרקר פיטנס דק עם זיתי קלמטה ועשבי תיבול,"אסם השקעות בע""\מ",IL,קרקר דק פיטנס,גרמים,140.00,100 גרם,false,1,14.90,10.64,true,1,
7290115206319,false,מטרנה סנסיטיב HM-O לפגים 700 גרם,מטרנה תעשיות ש.מ,IL,מטרנה סנסטיב לפג,גרמים,700.00,100 גרם,false,1,69.90,9.99,true,1,
7290115209198,false,במבה אוורירית אסם 80 גרם,"אסם תעשיות בע""מ",IL,במבה אוורירית,גרמים,80.00,100 גרם,false,1,6.90,8.63,true,1,
7290115295054,false,"תמצית בישום לגוף 50 מ""ל",,IL,תמצית בישום לגוף,מיליליטרים,50.00,"100 מ""ל",false,1,139.00,278.00,true,1,
7290115295870,false,סומק נוזלי למראה שזוף,,IL,סומק נוזלי למראה,יחידה,1.00,יחידה,false,1,149.00,149.00,true,1,
7290115295887,false,שפתוני גלוס להוספת נפח,,IL,שפתוני גלוס להו,יחידה,1.00,יחידה,false,1,129.00,129.00,true,1,
7290115671346,false,מיני פינוקיות טופי קרמל מלוח עלית 180 גרם,"הגביע מוצרי ופלים בע""\מ",IL,מיני פינוקיות,גרמים,180.00,100 גרם,false,1,12.90,7.17,true,1,
7290115671353,false,מיני פינוקיות עוגיות קקאו במילוי קרם בטעם וניל,"הגביע מוצרי ופלים בע""\מ",IL,מיני פינוקיות,גרמים,180.00,100 גרם,false,1,12.90,7.17,true,1,
7290115676341,false,אריזות דבש אישיות טו גו 18 * 162 ג' יד מרדכי,מכוורת יד מרדכי שטראוס ב,IL,דבש טהור בסשאטים,גרמים,162.00,100 גרם,false,1,27.90,17.22,true,1,
7290116244068,false,אצבעות שוקולד חלב 84 גר'-כוח פי גיי,סטילנד שוקולד,NL,אצבעות שוקולד,גרמים,84.00,100 גרם,false,1,10.90,12.98,true,1,
7290116244075,false,סמי הכבאי אצבעות שוקולד חלב 84 גרם,סטילנד שוקולד,NL,אצבעות שוקולד,גרמים,84.00,100 גרם,false,1,10.90,12.98,true,1,
7290116530000,false,"דאב - תרחיץ פנים מרענן בניחוח מלפפון ותה ירוק 180 מ""ל","יוניליוור פולין, רחוב קר",IL,דאב תרחיץ פנים,מיליליטרים,180.00,"100 מ""ל",false,1,15.90,8.83,true,1,
7290116530888,false,ג'ל לכביסה לבנה וצבעונית פינוק כחול בדין 2.5 ל',"זוהר דליה, קיבוץ דליה, 1",IL,ג'ל כביסה בדין,ליטרים,2.50,ליטר,false,1,35.90,14.36,true,1,
7290116930015,false,GO חטיף חלבון חטיף בוטנים קריספי 20 גרם חלבון,"בלמונט קונפקציות בע""\מ.",US,חטיף חלבון GO,גרמים,60.00,100 גרם,false,1,13.90,23.17,true,1,
7290116930022,false,חטיף חלבון GO קרם עוגיות ציפוי קריספי 20 גרם,"בלמונט קונפקציות בע""\מ.",US,חטיף חלבון GO,גרמים,60.00,100 גרם,false,1,13.90,23.17,true,1,
7290117380864,false,סלים דליס פייבר עוגות בראוניס אישיות בטעם שוקולד 120 גרם,הלמה הלום,NL,חטיפי דגנים,גרמים,120.00,100 גרם,false,1,15.90,13.25,true,1,
7290117380932,false,קרם ידיים + קרם שפתיים מ,,IL,קרם ידיים+שפתיים,יחידה,1.00,יחידה,false,1,44.90,44.90,true,1,
7290117382325,false,סלים דליס - פרו 33 חטיף חלבון מצופה שוקולד חלב 60 גרם,"י. מרבה ישראל בע""\מ",IT,חטיף חלבון מצופה,גרמים,60.00,100 גרם,false,1,12.90,21.50,true,1,
7290117382332,false,סלים דליס - חטיף חלבון מצופה שוקולד בטעם עוגיות 60 גרם,"י. מרבה ישראל בע""\מ",IT,סלים דליס חטיף,גרמים,60.00,100 גרם,false,1,12.90,21.50,true,1,
7290117823798,false,בדיקה עצמית מהירה לזיהוי אנטיגן 5 יח,,CN,בדיקת אנטיגן עצמ,יחידה,1.00,יחידה,false,1,39.90,39.90,true,1,
7290117826058,false,ממתק ליקריץ חתוכים ממולאים 250גרם-צבעוני,שמחה זה אנחנו,TR,ממתק ליקריץ,גרמים,250.00,100 גרם,false,1,9.90,3.96,true,1,
7290117826065,false,ממתק ליקריץ שטיחים 250גרם-צבעוני בטעמי פ,שמחה זה אנחנו,TR,ממתק ליקריץ,גרמים,250.00,100 גרם,false,1,9.90,3.96,true,1,
7290117860038,false,"הוואי - תחליב רחצה יוגורט בניחוח אוכמניות 700 מ""ל","טרופיקל דגיל בע""\מ",IL,תחליב רחצה הוואי,מיליליטרים,700.00,"100 מ""ל",false,1,14.90,2.13,true,1,
7290117860045,false,שמפו תמציות אלוורה ותה ירוק לשיער רגיל,"טרופיקל דגיל בע""\מ",IL,שמפו הוואי,מיליליטרים,700.00,"100 מ""ל",false,1,14.90,2.13,true,1,
7290117860083,false,"הוואי קרם רחצה יוגורט בניחוח אירוס זהוב ודבש 700 מ""ל","טרופיקל דגיל בע""\מ",IL,קרם רחצה הוואי,מיליליטרים,700.00,"100 מ""ל",false,1,14.90,2.13,true,1,
7290117860090,false,מרכך תמציות אלוורה ותה ירוק לשיער רגיל,"טרופיקל דגיל בע""\מ",IL,מרכך מטפח לשיער,מיליליטרים,700.00,"100 מ""ל",false,1,14.90,2.13,true,1,
7290117860144,false,הוואי שמפו פירות אקזוטיים וקלנדולה 700,"טרופיקל דגיל בע""\מ",IL,שמפו הוואי,מיליליטרים,700.00,"100 מ""ל",false,1,14.90,2.13,true,1,
7290117860182,false,"הוואי - תחליב רחצה בניחוח מגנוליה ושמן שקדים 700 מ""ל","טרופיקל דגיל בע""\מ",IL,תחליב רחצה הוואי,מיליליטרים,700.00,"100 מ""ל",false,1,14.90,2.13,true,1,
7290117860199,false,שמפו שמן ורד הבר ושמן מקדמיה לשיער יבש,"טרופיקל דגיל בע""\מ",IL,שמפו הוואי,מיליליטרים,700.00,"100 מ""ל",false,1,14.90,2.13,true,1,
7290117860236,false,"הוואי - קרם רחצה בניחוח ויולה ורודה 700 מ""ל","טרופיקל דגיל בע""\מ",IL,קרם רחצה הוואי,מיליליטרים,700.00,"100 מ""ל",false,1,14.90,2.13,true,1,
7290117860243,false,"הוואי - מרכך מעניק לחות לשיער יבש 700 מ""ל","טרופיקל דגיל בע""\מ",IL,מרכך הוואי,מיליליטרים,700.00,"100 מ""ל",false,1,14.90,2.13,true,1,
7290117860281,false,"הוואי - ג'ל רחצה לגבר בניחוח עוצמתי 700 מ""ל","טרופיקל דגיל בע""\מ",IL,ג'ל רחצה לגבר,מיליליטרים,700.00,"100 מ""ל",false,1,14.90,2.13,true,1,
7290117860298,false,שמפו קומפלקס קרטין לשיער עדין או חלש,"טרופיקל דגיל בע""\מ",IL,שמפו הוואי,מיליליטרים,700.00,"100 מ""ל",false,1,14.90,2.13,true,1,
7290117860335,false,"הוואי ג'ל רחצה לגבר בניחוח מעורר 700 מ""ל","טרופיקל דגיל בע""\מ",IL,ג'ל רחצה לגבר,מיליליטרים,700.00,"100 מ""ל",false,1,14.90,2.13,true,1,
7290117860649,false,הוואי שמפו קרטין קיק ללא סולפטים 700 מל,"טרופיקל דגיל בע""\מ",IL,שמפו הוואי,מיליליטרים,700.00,"100 מ""ל",false,1,14.90,2.13,true,1,
7290117860694,false,הוואי מרכך קרטין קיק ללא סולפטים 700 מל,"טרופיקל דגיל בע""\מ",IL,מרכך הוואי,מיליליטרים,700.00,"100 מ""ל",false,1,14.90,2.13,true,1,
7290117860748,false,הוואי שמפו תמצית יסמין מעניק נפח 700 מל,"טרופיקל דגיל בע""\מ",IL,שמפו הוואי,מיליליטרים,700.00,"100 מ""ל",false,1,14.90,2.13,true,1,
7290117860793,false,הוואי מרכך תמצית יסמין מעניק נפח 700 מל,"טרופיקל דגיל בע""\מ",IL,מרכך הוואי,מיליליטרים,700.00,"100 מ""ל",false,1,14.90,2.13,true,1,
7290118873082,false,אנטיגן משולב שפעת מארז חמישייה,,IL,בדיקות אנטיגן מש,יחידה,1.00,יחידה,false,1,49.90,49.90,true,1,
7296073078838,false,6 כריות יפניות שופרסל,פלסטו פוליש,IL,כריות יפניות,יחידה,1.00,יחידה,false,0,9.30,9.30,true,1,
7296073079040,false,פריכיות זעתר שופרסל 50גר,"פרח תעשיות מזון בע""\מ",IL,פריכיות אורז,גרמים,50.00,100 גרם,false,0,7.90,15.80,true,1,
7296073095583,false,"אצטון שופרסל 100 מ""ל","ש. שוורץ )באר שבע( בע""\מ",IL,אצטון BE,מיליליטרים,100.00,"100 מ""ל",false,0,3.90,3.90,true,1,
7296073198314,false,דייסת דגנים מעורבים 200ג,שופרסל,IL,דייסת דגנים,גרמים,200.00,100 גרם,false,0,9.90,4.95,true,1,
7296073230656,false,מגבות נייר שופרסל 6 גל.,"שניב תעשיות נייר בע""\מ",IL,מגבות נייר,מטרים,63.00,מטר,false,0,12.90,0.20,true,1,
7296073237204,false,"4סכיני גילוח רב""פ שופרסל",אדג'וול,US,"סכין גילוח ר""פ",יחידה,1.00,יחידה,false,1,31.90,31.90,true,1,
7296073239017,false,מכשיר טרימר להסרת שיער,TECHONGGIES TAIKONE,CN,מכשיר טרימר,יחידה,1.00,יחידה,false,1,49.90,49.90,true,1,
7296073241522,false,ממחטות אף 100*5 יח,שניב תעשיות נייר,IL,ממחטות אף 5 יח,יחידה,1.00,יחידה,false,1,14.90,14.90,true,1,
7296073277248,false,מגבונים ללא בישום 64*5יח,דינמיק,IL,מגבונים לחים 5יח,יחידה,1.00,יחידה,false,1,19.90,19.90,true,1,
7296073277255,false,מארז מגבונים לחים 6 יח,דינמיק,IL,מארז מגבוניםלחים,יחידה,1.00,יחידה,false,1,19.90,19.90,true,1,
7296073281696,false,מגבוני טואלט לילד 40*3יח,שופרסל,IL,"מגבוני נ""ט לילד",יחידה,1.00,יחידה,false,1,9.90,9.90,true,1,
7296073286073,false,"אורז בסמטי בצנצנת 1 ק""ג",SETIA LAL CHAMAN,IN,אורז בסמטי,קילוגרמים,1.00,"ק""ג",false,1,14.90,14.90,true,1,
7296073286417,false,שק.אשפה חזקות גדולות60יח,אשפלסט,IL,שקיות אשפה 60 יח,יחידה,1.00,יחידה,false,1,19.90,19.90,true,1,
7296073289715,false,מגבוני אף עדינים תינוק30,שופרסל,IL,מגבוני אף לתינוק,יחידה,1.00,יחידה,false,1,9.90,9.90,true,1,
7296073291077,false,משטחי החתלה שופרסל 10יח,PAKTEN,TR,משטחי החתלה,יחידה,1.00,יחידה,false,1,13.90,13.90,true,1,
7296073291084,false,עוגיות חמאה דניות 150גרם,BAKERY JACOBSENS,DK,עוגיות חמאה בפח,גרמים,150.00,100 גרם,false,1,14.00,9.33,true,1,
7296073320289,false,אלסבון סילקי ארט 500*3מל,אקסן קוסמטיק,TR,אלסבון שופרסל3יח,ליטרים,1.50,ליטר,false,1,12.90,8.60,true,1,
7296073330387,false,מברשת סומק,BE NOW,CN,מברשת סומק,יחידה,1.00,יחידה,false,0,39.90,39.90,true,1,
7296073330394,false,מברשת סומק זוויתית,BE NOW,CN,מברשת סומק זווית,יחידה,1.00,יחידה,false,0,39.90,39.90,true,1,
7296073330417,false,מברשת מחודדת למייקאפ,BE NOW,CN,מברשת למייקאפ,יחידה,1.00,יחידה,false,0,39.90,39.90,true,1,
7296073330431,false,מברשת לאייליינר ומסרק,BE NOW,CN,מברשת לאייליינר,יחידה,1.00,יחידה,false,0,32.90,32.90,true,1,
7296073330462,false,מברשת קבוקי קטנטנה לתיק,BE NOW,CN,מברשת קבוקי לתיק,יחידה,1.00,יחידה,false,0,39.90,39.90,true,1,
7296073330554,false,מברשת לניקוי פנים מיוחדת,BE NOW,CN,מברשת ניקוי פנים,יחידה,1.00,יחידה,false,0,11.90,11.90,true,1,
7296073330677,false,ספוגית לבן לטקס עם לבבות,BE NOW,CN,ספוגית למייקאפ,יחידה,1.00,יחידה,false,0,12.90,12.90,true,1,
7296073330691,false,ספוגיות משולשות מתנפחות,BE NOW,CN,ספוגית מתנפחת מ.,יחידה,1.00,יחידה,false,0,17.90,17.90,true,1,
7296073330707,false,מארז 12 ספוגיות משולשות,BE NOW,CN,12 ספוגיות משולש,יחידה,1.00,יחידה,false,0,19.90,19.90,true,1,
7296073330752,false,מפדר כפפה בינוני לפודרה,BE NOW,CN,מפדר כפפה בינוני,יחידה,1.00,יחידה,false,0,9.90,9.90,true,1,
7296073330851,false,מראה נצמדת מגדילה פי 10,BE NOW,CN,מראה נצמדת פי 10,יחידה,1.00,יחידה,false,0,19.90,19.90,true,1,
7296073330936,false,פינצטה אפורה קצה ישר,BE NOW,CN,פינצטה ישרה אפור,יחידה,1.00,יחידה,false,0,19.90,19.90,true,1,
7296073330943,false,פינצטה אפורה קצה מכופף,BE NOW,CN,פינצטה מ. אפור,יחידה,1.00,יחידה,false,0,19.90,19.90,true,1,
7296073330974,false,פינצטה לאב יו איכותית,BE NOW,CN,פינצטה לאב יו,יחידה,1.00,יחידה,false,0,19.90,19.90,true,1,
7296073330981,false,פינצטה מנומרת איכותית,BE NOW,CN,פינצטה ציור שחור,יחידה,1.00,יחידה,false,0,24.90,24.90,true,1,
7296073330998,false,פינצטה הדפס עיגולים,BE NOW,CN,פינצטה צבעוני,יחידה,1.00,יחידה,false,0,24.90,24.90,true,1,
7296073331056,false,קוצץ קטן,BE NOW,CN,קוצץ קטן,יחידה,1.00,יחידה,false,0,8.90,8.90,true,1,
7296073331063,false,קוצץ גדול,BE NOW,CN,קוצץ גדול,יחידה,1.00,יחידה,false,0,9.90,9.90,true,1,
7296073331070,false,קוצץ עם אשפתון,BE NOW,CN,קוצץ עם אשפתון,יחידה,1.00,יחידה,false,0,14.90,14.90,true,1,
7296073331094,false,צבת אל חלד לעור,BE NOW,CN,צבת לעור,יחידה,1.00,יחידה,false,0,49.90,49.90,true,1,
7296073331179,false,מספריים משולב מט פרימיום,BE NOW,CN,מספריים משולב מט,יחידה,1.00,יחידה,false,0,39.90,39.90,true,1,
7296073331209,false,מספריים לתינוק קצה מעוגל,BE NOW,CN,מספריים לתינוק,יחידה,1.00,יחידה,false,0,39.90,39.90,true,1,
7296073331216,false,מספריים אל חלד לשיער,BE NOW,CN,מספריים לשיער,יחידה,1.00,יחידה,false,0,39.90,39.90,true,1,
7296073331223,false,מספריים אל חלד לגבות,BE NOW,CN,מספריים לגבות,יחידה,1.00,יחידה,false,0,39.90,39.90,true,1,
7296073331261,false,פצירת אקריל,BE NOW,CN,פצירת אקריל,יחידה,1.00,יחידה,false,0,8.90,8.90,true,1,
7296073331391,false,דוחף עור מתכת,BE NOW,CN,דוחף עור מתכת,יחידה,1.00,יחידה,false,0,24.90,24.90,true,1,
7296073331483,false,אבן בימס הסרת עור כף רגל,BE NOW,CN,אבן בימס הסרת ע.,יחידה,1.00,יחידה,false,0,14.90,14.90,true,1,
7296073331490,false,אבן להסרת עור בכף הרגל,BE NOW,CN,אבן להסרת עור,יחידה,1.00,יחידה,false,0,19.90,19.90,true,1,
7296073331520,false,מברשת שיער שחור,BE NOW,CN,מברשת שיער שחור,יחידה,1.00,יחידה,false,0,19.90,19.90,true,1,
7296073331575,false,מברשת שיער מטקה ורודה L,BE NOW,CN,מברשת מטקה Lורוד,יחידה,1.00,יחידה,false,0,24.90,24.90,true,1,
7296073331582,false,מברשת שיער אובל ורודה L,BE NOW,CN,מברשת אובל Lורוד,יחידה,1.00,יחידה,false,0,24.90,24.90,true,1,
7296073331599,false,מברשת שיער מאורכת ורוד L,BE NOW,CN,מברשת מ. Lורוד,יחידה,1.00,יחידה,false,0,24.90,24.90,true,1,
7296073331605,false,מברשת שיער לתיק ורודה,BE NOW,CN,מברשת לתיק ורודה,יחידה,1.00,יחידה,false,0,19.90,19.90,true,1,
7296073331612,false,מברשת שיער מטקה שחורה,BE NOW,CN,מברשת מטקה שחורה,יחידה,1.00,יחידה,false,0,29.90,29.90,true,1,
7296073331629,false,מברשת שיער אובלית שחורה,BE NOW,CN,מברשת אובל שחורה,יחידה,1.00,יחידה,false,0,28.90,28.90,true,1,
7296073331636,false,מברשת שיער מאורכת שחורה,BE NOW,CN,מברשת מאורך שחור,יחידה,1.00,יחידה,false,0,24.90,24.90,true,1,
7296073331643,false,מברשת שיער לתיק שחורה,BE NOW,CN,מברשת לתיק שחורה,יחידה,1.00,יחידה,false,0,22.90,22.90,true,1,
7296073331650,false,מברשת שיער לפן שחורה,BE NOW,CN,מברשת לפן שחורה,יחידה,1.00,יחידה,false,0,29.90,29.90,true,1,
7296073331667,false,מברשת שיער לילדות,BE NOW,CN,מברשת שיער ילדות,יחידה,1.00,יחידה,false,0,24.90,24.90,true,1,
7296073331704,false,מברשת עץ לפן גדולה,BE NOW,CN,מברשת עץ לפן L,יחידה,1.00,יחידה,false,0,29.90,29.90,true,1,
7296073331766,false,מברשת ש.התרת קשרים ורודה,BE NOW,CN,מברשת קשרים,יחידה,1.00,יחידה,false,0,34.90,34.90,true,1,
7296073331810,false,מברשת שיער ספרים מקצועית,BE NOW,CN,מברשת שיער ספרים,יחידה,1.00,יחידה,false,0,29.90,29.90,true,1,
7296073331834,false,מברשת ש.עגולה עם שיערות,BE NOW,CN,מברשת עגולה שיער,יחידה,1.00,יחידה,false,0,39.90,39.90,true,1,
7296073331841,false,מסרק גדול שחור,BE NOW,CN,מסרק גדול שחור,יחידה,1.00,יחידה,false,0,9.90,9.90,true,1,
7296073331858,false,מסרק לתלתלים עם ידית,BE NOW,CN,מסרק לתלתלים,יחידה,1.00,יחידה,false,0,9.90,9.90,true,1,
7296073331865,false,מסרק כיס שחור,BE NOW,CN,מסרק כיס שחור,יחידה,1.00,יחידה,false,0,8.90,8.90,true,1,
7296073331889,false,מסרק שחור עם ידית,BE NOW,CN,מסרק שחור ידית,יחידה,1.00,יחידה,false,0,9.90,9.90,true,1,
7296073331896,false,מסרק חום עם ידית,BE NOW,CN,מסרק חום ידית,יחידה,1.00,יחידה,false,0,9.90,9.90,true,1,
7296073331902,false,2 מברשות למריחת צבע שיער,BE NOW,CN,זוג מברשות לצבע,יחידה,1.00,יחידה,false,0,12.90,12.90,true,1,
7296073331919,false,מסרק ומברשת לצבע שיער,BE NOW,CN,מסרק ומברשת לצבע,יחידה,1.00,יחידה,false,0,6.90,6.90,true,1,
7296073331926,false,קערית לצבע לשיער,BE NOW,CN,קערית לצבע לשיער,יחידה,1.00,יחידה,false,0,9.90,9.90,true,1,
7296073331940,false,גומיות שחורות 12 יח,BE NOW,CN,12 גומיות שחורות,יחידה,1.00,יחידה,false,0,9.90,9.90,true,1,
7296073332077,false,גומיות פפיון ופנינה,BE NOW,CN,גומיות פפיון,יחידה,1.00,יחידה,false,0,16.90,16.90,true,1,
7296073332114,false,גומיות מגבת שחורות 8 יח,BE NOW,CN,8ג.מגבת שחור,יחידה,1.00,יחידה,false,0,9.90,9.90,true,1,
7296073332138,false,8 גומיות מגבת צר שחור,BE NOW,CN,8ג.מגבת צר שחור,יחידה,1.00,יחידה,false,0,9.90,9.90,true,1,
7296073332145,false,8 גומיות מגבת צר צבעוני,BE NOW,CN,8ג.מגבת צר צבע,יחידה,1.00,יחידה,false,0,9.90,9.90,true,1,
7296073332176,false,6 גומיות שחור פתוחות,BE NOW,CN,6גומיות ש. פתוח,יחידה,1.00,יחידה,false,0,9.90,9.90,true,1,
7296073332183,false,6 גומיות צבעוני פתוחות,BE NOW,CN,6גומיות צבע פתוח,יחידה,1.00,יחידה,false,0,9.90,9.90,true,1,
7296073332190,false,גומיות דקות לצמות 100 יח,BE NOW,CN,100 גומיות דקות,יחידה,1.00,יחידה,false,0,9.90,9.90,true,1,
7296073332220,false,2גומיות סקונצים עבה שחור,BE NOW,CN,2גומיות סקונצי'ם,יחידה,1.00,יחידה,false,0,14.90,14.90,true,1,
7296073332237,false,2 סרט ילדות שחור וכוכבים,BE NOW,CN,2סרט ילדות כוכב,יחידה,1.00,יחידה,false,0,14.90,14.90,true,1,
7296073332244,false,גומיית דונטס שחור,BE NOW,CN,גומיית דונטס ש.,יחידה,1.00,יחידה,false,0,9.90,9.90,true,1,
7296073332251,false,3 גומיות מסולסלות שחורות,BE NOW,CN,3גומיות מסולסלות,יחידה,1.00,יחידה,false,0,9.90,9.90,true,1,
7296073332312,false,סרט סטנדרטי שחור,BE NOW,CN,סרט סטנדרטי שחור,יחידה,1.00,יחידה,false,0,14.90,14.90,true,1,
7296073332329,false,סרט פפיון טורקיז,BE NOW,CN,סרט פפיון טורקיז,יחידה,1.00,יחידה,false,0,14.90,14.90,true,1,
7296073332404,false,סיכות תיקתק צבעוני משולב,BE NOW,CN,תיקתק צבע משולב,יחידה,1.00,יחידה,false,0,17.90,17.90,true,1,
7296073332442,false,12 סיכות תיקתק מיני כוכב,BE NOW,CN,12תיקתק S כוכבים,יחידה,1.00,יחידה,false,0,19.90,19.90,true,1,
7296073332473,false,סיכות תיקתק כסוף 6 יח,BE NOW,CN,6סיכות תיקתק כסף,יחידה,1.00,יחידה,false,0,13.50,13.50,true,1,
7296073332497,false,סיכות סבתא שחור 40 יח,BE NOW,CN,40סיכות שחורות,יחידה,1.00,יחידה,false,0,14.90,14.90,true,1,
7296073332534,false,קליפסים קטנים 8 יח שחור,BE NOW,CN,8קליפסים S שחור,יחידה,1.00,יחידה,false,0,14.90,14.90,true,1,
7296073332558,false,קליפס בינוני 4 יח שחור,BE NOW,CN,4קליפס M שחור,יחידה,1.00,יחידה,false,0,14.90,14.90,true,1,
7296073332572,false,קליפס בינוני חזק 3 יח,BE NOW,CN,3קליפס M חזק,יחידה,1.00,יחידה,false,0,14.90,14.90,true,1,
7296073332589,false,"קליפס ענק 13 ס""מ",BE NOW,CN,קליפס ענק 13 סמ,יחידה,1.00,יחידה,false,0,14.90,14.90,true,1,
7296073332596,false,קליפס בננה,BE NOW,CN,קליפס בננה,יחידה,1.00,יחידה,false,0,14.90,14.90,true,1,
7296073332602,false,קליפס מקור,BE NOW,CN,קליפס מקור,יחידה,1.00,יחידה,false,0,14.90,14.90,true,1,
7296073332619,false,קליפס L גומי מונע החלקה,BE NOW,CN,קליפס ענק גומי,יחידה,1.00,יחידה,false,0,19.90,19.90,true,1,
7296073332640,false,קליפס M שחור בצורת רשת,BE NOW,CN,קליפס M שחור רשת,יחידה,1.00,יחידה,false,0,10.90,10.90,true,1,
7296073332671,false,זוג קליפסים שחור,BE NOW,CN,זוג קליפסים שחור,יחידה,1.00,יחידה,false,0,9.90,9.90,true,1,
7296073332688,false,זוג קליפסים חום,BE NOW,CN,זוג קליפסים חום,יחידה,1.00,יחידה,false,0,9.90,9.90,true,1,
7296073332763,false,קשת עם שיניים גדולות,BE NOW,CN,קשת שיניים גדול,יחידה,1.00,יחידה,false,0,9.90,9.90,true,1,
7296073332787,false,קשת עם כתר,BE NOW,CN,קשת עם כתר,יחידה,1.00,יחידה,false,0,14.90,14.90,true,1,
7296073332794,false,ספוג רחצה חבלים,BE NOW,CN,ספוג רחצה חבלים,יחידה,1.00,יחידה,false,0,9.90,9.90,true,1,
7296073332817,false,כפפת רחצה,BE NOW,CN,כפפת רחצה,יחידה,1.00,יחידה,false,0,14.90,14.90,true,1,
7296073332824,false,כפפת רחצה עם אצבע,BE NOW,CN,כפפת רחצה אצבע,יחידה,1.00,יחידה,false,0,14.90,14.90,true,1,
7296073332831,false,סרט רחצה,BE NOW,CN,סרט רחצה,יחידה,1.00,יחידה,false,0,17.90,17.90,true,1,
7296073332848,false,ספוג רשת ספוגים כתום,BE NOW,CN,ספוג רשת כתום,יחידה,1.00,יחידה,false,0,8.90,8.90,true,1,
7296073332855,false,ספוג פלא ספוגים טורקיז,BE NOW,CN,ספוג פלא טורקיז,יחידה,1.00,יחידה,false,0,8.90,8.90,true,1,
7296073332862,false,ספוג רשת חיות,BE NOW,CN,ספוג רשת חיות,יחידה,1.00,יחידה,false,0,11.90,11.90,true,1,
7296073332879,false,ספוג רשת חיות כלבלב יח',BE NOW,CN,ספוג רשת חיות,יחידה,1.00,יחידה,false,1,11.90,11.90,true,1,
7296073332893,false,ספוג רשת שלישייה,BE NOW,CN,ספוג רשת שלישיה,יחידה,1.00,יחידה,false,0,9.90,9.90,true,1,
7296073332916,false,מברשת גב עץ,BE NOW,CN,מברשת גב עץ,יחידה,1.00,יחידה,false,0,21.90,21.90,true,1,
7296073332923,false,מברשת גב פלסטיק,BE NOW,CN,מברשת גב פלסטיק,יחידה,1.00,יחידה,false,0,19.90,19.90,true,1,
7296073332961,false,ספוג רחצה טבעי תה ירוק,BE NOW,CN,ספוג רחצה תה,יחידה,1.00,יחידה,false,0,29.90,29.90,true,1,
7296073332992,false,כובע אמבט ניילון,BE NOW,CN,כובע אמבט ניילון,יחידה,1.00,יחידה,false,0,9.90,9.90,true,1,
7296073333005,false,כובע אמבט כפול,BE NOW,CN,כובע אמבטיה כפול,יחידה,1.00,יחידה,false,0,16.90,16.90,true,1,
7296073333395,false,פצירת קריסטל,BE NOW,CN,פצירת קריסטל,יחידה,1.00,יחידה,false,0,39.90,39.90,true,1,
7296073333401,false,פצירת אקריל אפורה 5 יח',BE NOW,CN,5 פצירות אקריל,יחידה,1.00,יחידה,false,0,29.90,29.90,true,1,
7296073333418,false,מבריק ציפורניים 7 שלבים,BE NOW,CN,מבריק צ. 7 שלבים,יחידה,1.00,יחידה,false,0,19.90,19.90,true,1,
7296073333623,false,זוג קשתות לשיער,BE NOW,CN,זוג קשתות לשיער,יחידה,1.00,יחידה,false,0,13.50,13.50,true,1,
7296073333647,false,ספוג רחצה מגבת אובלי,BE NOW,CN,ס.רחצה מגבת אובל,יחידה,1.00,יחידה,false,0,12.90,12.90,true,1,
7296073333654,false,מברשת שיער מטקה סגולה L,BE NOW,CN,מברשת מטקה Lסגול,יחידה,1.00,יחידה,false,0,24.90,24.90,true,1,
7296073333661,false,מברשת שיער אובל סגולה L,BE NOW,CN,מברשת אובל Lסגול,יחידה,1.00,יחידה,false,0,24.90,24.90,true,1,
7296073333678,false,מברשת שיער מאורכת סגול L,BE NOW,CN,מברשת מ. Lסגול,יחידה,1.00,יחידה,false,0,24.90,24.90,true,1,
7296073333685,false,מברשת שיער לתיק סגולה,BE NOW,CN,מברשת לתיק סגולה,יחידה,1.00,יחידה,false,0,17.90,17.90,true,1,
7296073333753,false,מראה מתקפלת צבעונית לתיק,BE NOW,CN,מראה מתקפלת צבעו,יחידה,1.00,יחידה,false,1,19.90,19.90,true,1,
7296073334347,false,"אציטון בי 115 מ""ל",,TR,אציטון BE,מיליליטרים,115.00,"100 מ""ל",false,1,5.90,5.13,true,1,
7296073343264,false,פדים להסרת איפור-שלישיה,BE NOW,IL,פדים להסרת איפור,יחידה,1.00,יחידה,false,1,19.90,19.90,true,1,
7296073343271,false,פדים להסרת איפור יחידה,BE NOW,IL,פדים להסרת איפור,יחידה,1.00,יחידה,false,1,8.90,8.90,true,1,
7296073343288,false,צמר גפן 100 גר' יחידה,BE NOW,IL,צמר גפן 100 גר',גרמים,100.00,100 גרם,false,1,9.90,9.90,true,1,
7296073343295,false,קסמי אזניים פלסטיק 300 י,BE NOW,IL,קסמי אזניים פלסט,יחידה,1.00,יחידה,false,1,10.90,10.90,true,1,
7296073343301,false,קסמי אזניים פלסטיק 200 י,BE NOW,IL,קסמי אזניים פלסט,יחידה,1.00,יחידה,false,1,6.90,6.90,true,1,
7296073343318,false,קסמי אזניים פלסטיק 100י,BE NOW,IL,קסמי אזניים פלסט,יחידה,1.00,יחידה,false,1,2.90,2.90,true,1,
7296073343462,false,"קרם חמצן 6% 60 מ""ל",,IL,קרם חמצן 6%,מיליליטרים,60.00,"100 מ""ל",false,1,4.90,8.17,true,1,
7296073343479,false,"קרם חמצן 9% 60 מ""ל",,IL,קרם חמצן 9%,מיליליטרים,60.00,"100 מ""ל",false,1,4.90,8.17,true,1,
7296073343486,false,אבקת הבהרה לשיער 10 גרם,,IL,אבקת הבהרה לשיער,גרמים,10.00,100 גרם,false,1,7.90,79.00,true,1,
7296073343530,false,BE תחליב רחצה750flowers,,IL,Be תחליב רחצה fl,מיליליטרים,750.00,"100 מ""ל",false,1,11.90,1.59,true,1,
7296073343592,false,Be אל סבון לידיים מארז,BE NOW,IL,אל סבון לידיים פ,מיליליטרים,1500.00,"100 מ""ל",false,1,12.90,0.86,true,1,
7296073343608,false,אל סבון לבנדר 1 ליטר BE,,IL,אל סבון לבנדר,ליטרים,1.00,ליטר,false,1,10.90,10.90,true,1,
7296073343653,false,"מסיר לק קלאסי 175 מ""ל BE",,TR,מסיר לק קלאסי,מיליליטרים,175.00,"100 מ""ל",false,1,10.90,6.23,true,1,
7296073343660,false,Be מסיר לק לא אציטון175מ,,TR,מסיר לק ללא אציט,מיליליטרים,175.00,"100 מ""ל",false,1,7.90,4.52,true,1,
7296073343684,false,Be מסיר לק משאבה 150מל,,TR,מסיר לק משאבה,מיליליטרים,150.00,"100 מ""ל",false,1,10.90,7.27,true,1,
7296073344018,false,מסיר צבע יחידה,BE NOW,IL,מסיר צבע,יחידה,1.00,יחידה,false,1,13.90,13.90,true,1,
7296073345336,false,משחת שיניים לילדים 2-6,שופרסל,BG,משחת שיניים KIDS,מיליליטרים,50.00,"100 מ""ל",false,1,9.90,19.80,true,1,
7296073345459,false,קיסמים עם חוט בשקית50יח,,CN,קיסמים עם חוט,יחידה,1.00,יחידה,false,1,13.90,13.90,true,1,
7296073346333,false,עוגות אישיות קרם חלב350ג,קסליני,IT,עוגות אישיות,גרמים,350.00,100 גרם,false,1,14.90,4.26,true,1,
7296073346340,false,עוגות אישיות קרם שוקו350,קסליני,IT,עוגות אישיות,גרמים,350.00,100 גרם,false,1,14.90,4.26,true,1,
7296073346760,false,שקיות אשפה כתום 2 * 10יח,אשפלסט,IL,שקיות אשפה,יחידה,1.00,יחידה,false,1,22.90,22.90,true,1,
7296073362821,false,סב.ידיים בצבעי פסטל500*3,טאהא קימיה,TR,סבון ידיים 3 יח,ליטרים,1.50,ליטר,false,1,14.90,9.93,true,1,
7296073363194,false,Be מסכה לשיער יבש500מל,א.משי תעשיות,IL,מסכה לשיער יבשBE,מיליליטרים,500.00,"100 מ""ל",false,1,34.90,6.98,true,1,
7296073363200,false,Be מסכה לשיער מוחלק 500מ,א.משי תעשיות,IL,מסכה לשיער יבשBE,מיליליטרים,500.00,"100 מ""ל",false,1,34.90,6.98,true,1,
7296073363217,false,Beשמפו לשיער מוחלק 500מל,,IL,שמפו לשיער יבשBE,מיליליטרים,500.00,"100 מ""ל",false,1,23.90,4.78,true,1,
7296073363224,false,שמפו לשיער יבש BE 500,א.משי תעשיות,IL,שמפו לשיער יבשBE,מיליליטרים,500.00,"100 מ""ל",false,1,23.90,4.78,true,1,
7296073363231,false,שמפו לשיער רגילBE 500,א.משי תעשיות,IL,שמפו לשיער רגיBE,מיליליטרים,500.00,"100 מ""ל",false,1,23.90,4.78,true,1,
7296073363248,false,מרכך לשיער רגילBE 500,א.משי תעשיות,IL,מרכך לשיער רגיBE,מיליליטרים,500.00,"100 מ""ל",false,1,23.90,4.78,true,1,
7296073363255,false,מרכך לשיער יבש BE 500,א.משי תעשיות,IL,מרכך לשיער יבשBE,מיליליטרים,500.00,"100 מ""ל",false,1,23.90,4.78,true,1,
7296073363262,false,"מרכך לשיער מוחלק 500 מ""ל",א.משי תעשיות,IL,מרכך לשיער יבש,מיליליטרים,500.00,"100 מ""ל",false,1,23.90,4.78,true,1,
7296073363323,false,"פרל פרו' מסיכה250 מ""ל BE",א.משי תעשיות,IL,פרל פרו' מסיכה,מיליליטרים,250.00,"100 מ""ל",false,1,29.90,11.96,true,1,
7296073363330,false,שמפו לשיער בלונד/סילבר,,IL,שמפו לשיער בלונד,מיליליטרים,250.00,"100 מ""ל",false,1,29.90,11.96,true,1,
7296073363798,false,מחיר חיסול 10,,IL,מחיר חיסול 10,יחידה,1.00,יחידה,false,1,10.00,10.00,true,1,
7296073363804,false,Be רצועות להסרת שיער50יח,BE NOW,IL,Be רצועות להסרת,יחידה,1.00,יחידה,false,1,16.90,16.90,true,1,
7296073363866,false,מגבונים להסרת איפור פחם,טרופיקל דגיל,IL,מגבונים להסרת אי,יחידה,1.00,יחידה,false,1,10.90,10.90,true,1,
7296073363989,false,"סכיני גילוח חד""פ לאשה5יח",,US,"סכיני גילוח חד""פ",יחידה,1.00,יחידה,false,1,9.90,9.90,true,1,
7296073363996,false,"סכיני גילוח חד""פ לגבר5יח",,US,"סכיני גילוח חד""פ",יחידה,1.00,יחידה,false,1,9.90,9.90,true,1,
7296073364719,false,משחת שיניים לילדים גיל 6,MENUFACLURER,BG,משחת שיניים לילד,מיליליטרים,50.00,"100 מ""ל",false,1,8.90,17.80,true,1,
7296073374640,false,Beשעווה למיקרוגל 500גר,ש.שוורץ,IL,שעווה למיקרוגל,גרמים,500.00,100 גרם,false,1,19.90,3.98,true,1,
7296073380252,false,mood basketChill metal,CHILL,IL,basketChi metal,יחידה,1.00,יחידה,false,1,19.90,19.90,true,1,
7296073380344,false,גומיות מנומרות שחורות יח,BE NOW,CN,גומיות מנומרות,יחידה,1.00,יחידה,false,1,14.90,14.90,true,1,
7296073380405,false,קליפסים בינונים שקופים 4,BE NOW,CN,קליפסים בינונים,יחידה,1.00,יחידה,false,1,14.90,14.90,true,1,
7296073380450,false,זוג מוצצים קצר 0-6 יחי,,CN,זוג מוצצים קצר,יחידה,1.00,יחידה,false,1,29.90,29.90,true,1,
7296073380665,false,מברשת התרת קשרים שחורה,BE NOW,CN,מברשת התרת קשרים,יחידה,1.00,יחידה,false,1,34.90,34.90,true,1,
7296073380825,false,Be ג'ל רחצה מקדמיה 700מ,קוסמטיקס,TR,Be ג'ל רחצה,מיליליטרים,700.00,"100 מ""ל",false,1,13.90,1.99,true,1,
7296073380870,false,דאו גברCookie Night 150,סאסא קוסמטיקס,IL,דאו לגבר,יחידה,1.00,יחידה,false,0,9.90,9.90,true,1,
7296073380894,false,דאו לגבר Vib Morning 150,סאסא קוסמטיקס,IL,דאו לגבר,יחידה,1.00,יחידה,false,0,9.90,9.90,true,1,
7296073380917,false,רצועות שעווה לפנים 12 יח,VIOCOX,ES,רצועות שעווה,יחידה,1.00,יחידה,false,1,17.90,17.90,true,1,
7296073380924,false,רצועות שעווה לעור יבש 16,VIOCOX,ES,רצועות שעווה,יחידה,1.00,יחידה,false,1,17.90,17.90,true,1,
7296073381167,false,קליפסים חזקים במיוחד זוג,BE NOW,CN,קליפסים חזקים,יחידה,1.00,יחידה,false,1,13.90,13.90,true,1,
7296073381174,false,מברשת ספרים עם שיער .,BE NOW,CN,מברשת ספרים,יחידה,1.00,יחידה,false,1,34.90,34.90,true,1,
7296073381181,false,קליפסים גודל בינוני זוג,BE NOW,CN,קליפסים גודל בינ,יחידה,1.00,יחידה,false,1,12.90,12.90,true,1,
7296073381228,false,"תחליב רחצה Rose 700 מ""ל",שופרסל,TR,תחליב רחצה,מיליליטרים,700.00,"100 מ""ל",false,1,12.90,1.84,true,1,
7296073381235,false,תחליב רחצה Vanilla 700מ,שופרסל,TR,תחליב רחצה,מיליליטרים,700.00,"100 מ""ל",false,1,12.90,1.84,true,1,
7296073381419,false,פצצה גדולה שלושה צבע 280,,IL,פצצה גדולה שלושה,גרמים,280.00,100 גרם,false,1,19.90,7.11,true,1,
7296073391654,false,מגבונים לחיטוי וניקוי50י,טרופיקל דגיל,IL,מגבונים לניקוי,יחידה,1.00,יחידה,false,1,12.90,12.90,true,1,
7296073392934,false,נייר טואלט גליל כפול24יח,,IL,נייר טואלט 24 גל,מטרים,860.00,100 מטר,false,1,39.90,4.64,true,1,
7296073408932,false,מגבונים לחיטוי+ניקוי20יח,,IL,מגבונים לחיטוי20,יחידה,1.00,יחידה,false,1,12.90,12.90,true,1,
7296073411215,false,מרכך כביסה פרחי בר 1ל,,IL,מרכך כביסה מרוכז,ליטרים,1.00,ליטר,false,1,14.90,14.90,true,1,
7296073411239,false,מרכך כביסה מרוכז מאסק1ל,,IL,מרכך כביסה מרוכז,ליטרים,1.00,ליטר,false,1,14.90,14.90,true,1,
7296073411246,false,מרכך מרוכז יסמין/לילך1ל,,IL,מרכך כביסה מרוכז,ליטרים,1.00,ליטר,false,1,14.90,14.90,true,1,
7296073415114,false,מגני תחתון נורמל 60 יח,קוראטקס,DE,מגני תחתון B,יחידה,1.00,יחידה,false,1,10.90,10.90,true,1,
7296073415121,false,מגני תחתון לארג' 52 יחיד,קוראטקס,DE,מגני תחתון B,יחידה,1.00,יחידה,false,1,10.90,10.90,true,1,
7296073415138,false,44 מגני תחתון לונג,קוראטקס,DE,מגני תחתון B,יחידה,1.00,יחידה,false,1,10.90,10.90,true,1,
7296073415145,false,60מגני תחתון נערות נורמל,קוראטקס,DE,מגני תחתון B,יחידה,1.00,יחידה,false,1,10.90,10.90,true,1,
7296073423645,false,פתי בר שופרסל 300 גרם,BV BISCUIT PALLY,NL,פתי בר,גרמים,300.00,100 גרם,false,1,4.90,1.63,true,1,
7296073441335,false,פריכיות אורז מלא 110 גרם,"פרח תעשיות מזון בע""\מ",IL,פריכיות אורז מלא,גרמים,110.00,100 גרם,false,1,6.90,6.27,true,1,
7296073441625,false,ג'ל רחצה לגבר 3 ב1- 700מ,טאהא קימיה,TR,ג'ל רחצה לגבר,יחידה,1.00,יחידה,false,0,10.90,10.90,true,1,
7296073445395,false,"תרחיץ פנים מיסלרי 150מ""ל",קוסמטיקס,TR,תרחיץ פנים מיסלר,יחידה,1.00,יחידה,false,0,11.90,11.90,true,1,
7296073445548,false,"מכשיר גילוח ר""פ לנשים2+",EDGEWELL,US,מ.גילוח לנשים,יחידה,1.00,יחידה,false,1,36.90,36.90,true,1,
7296073445555,false,סכיני גילוח רב''פ לנשים,EDGEWELL,US,סכיני גילוח נשים,יחידה,1.00,יחידה,false,1,34.90,34.90,true,1,
7296073445685,false,"מחית תפו""ע שופרסל 90 ג",DELAFRUIT,ES,"מחית תפו""ע",גרמים,90.00,100 גרם,false,1,4.90,5.44,true,1,
7296073445708,false,מחית תפוח אפרסק בננה 90ג,DELAFRUIT,ES,מחית מיקס פירות,גרמים,90.00,100 גרם,false,1,4.90,5.44,true,1,
7296073448488,false,"Be שמפו לילדים 700 מ""ל",BFF,TR,Be שמפו לילדים,מיליליטרים,700.00,"100 מ""ל",false,1,14.90,2.13,true,1,
7296073448495,false,Beמרכך שיער לילדים700מל,BFF,TR,Be מרכך שיער ליל,מיליליטרים,700.00,"100 מ""ל",false,1,14.90,2.13,true,1,
7296073449751,false,בושם לשיער ולגוף Purple,א.משי תעשיות,IL,בושם לשיער ולגוף,מיליליטרים,15.00,"100 מ""ל",false,1,39.90,266.00,true,1,
7296073449768,false,בושם לשיער ולגוף 15מל,א.משי תעשיות,IL,בושם לשיער ולגוף,מיליליטרים,15.00,"100 מ""ל",false,1,39.90,266.00,true,1,
7296073449881,false,מגבות נייר גליל כפול 6יח,שניב תעשיות נייר,IL,מ.נייר גליל כפול,מטרים,130.00,מטר,false,1,19.90,0.15,true,1,
7296073451181,false,מגבת רחצה עם כובע,SUN,CN,מגבת עם כובע,יחידה,1.00,יחידה,false,1,49.90,49.90,true,1,
7296073451228,false,שמיכת צילום,SUN,CN,שמיכת צילום,יחידה,1.00,יחידה,false,1,59.90,59.90,true,1,
7296073451242,false,משטח עגלה,SUN,CN,משטח עגלה,יחידה,1.00,יחידה,false,1,59.90,59.90,true,1,
7296073451259,false,שמיכת חורף 2 שכבות,SUN,CN,שמיכת חורף,יחידה,1.00,יחידה,false,1,59.90,59.90,true,1,
7296073451273,false,דאו.ספריי פרש שאוור150מ,סאסא קוסמטיקס,IL,דאו.ספריי אישה,מיליליטרים,150.00,"100 מ""ל",false,1,11.90,7.93,true,1,
7296073451280,false,דאו.ספרייאנטי פרספפו150מ,סאסא קוסמטיקס,IL,דאו.ספרייאנטי,מיליליטרים,150.00,"100 מ""ל",false,1,11.90,7.93,true,1,
7296073451297,false,"powder freshדאו רול50מ""ל",סאסא קוסמטיקס,IL,דאו.רול און אישה,מיליליטרים,50.00,"100 מ""ל",false,1,11.90,23.80,true,1,
7296073451303,false,"fresh showerדאו.רול50מ""ל",סאסא קוסמטיקס,IL,דאו.רול און אישה,מיליליטרים,50.00,"100 מ""ל",false,1,11.90,23.80,true,1,
7296073451310,false,"fresh pure דאו.רול 50מ""ל",,IL,דאו.רול און אישה,מיליליטרים,50.00,"100 מ""ל",false,1,11.90,23.80,true,1,
7296073456285,false,מחית תפוח מנגו 90 גרם,DELAFRUIT,ES,מחית תפוח וצ'יה,גרמים,90.00,100 גרם,false,1,4.90,5.44,true,1,
7296073457619,false,מחית תפוח דלעת ופשתן 90ג,DELAFRUIT,ES,מחית תפוח דלעת,גרמים,90.00,100 גרם,false,1,4.90,5.44,true,1,
7296073459262,false,"אל סבון לתינוק 750מ""ל",BFF,TR,אל סבון לתינוק,מיליליטרים,750.00,"100 מ""ל",false,1,17.90,2.39,true,1,
7296073460381,false,רולר דו צדדי מעסה לעור ה,,CN,רולר דו צדדי מעס,יחידה,1.00,יחידה,false,1,59.90,59.90,true,1,
7296073484240,false,שקיות אוכל 150*2 יחידות,אשפלסט,IL,שקיות אוכל זוג,יחידה,1.00,יחידה,false,1,10.90,10.90,true,1,
7296073485124,false,נר ספייסי שחור 450 גרם,דרימי,IL,נר ספייסי שחור,גרמים,450.00,100 גרם,false,1,69.90,15.53,true,1,
7296073495956,false,קרם גוף מבשם passio Pure,א.משי תעשיות,IL,קרם גוף מבשם Pur,מיליליטרים,300.00,"100 מ""ל",false,1,49.90,16.63,true,1,
7296073496472,false,מגבוני נייר טואלט 56 יחי,דינמיק תעשיות מגבונים,IL,מגבוני נ.טואלט,יחידה,1.00,יחידה,false,1,7.90,7.90,true,1,
7296073496533,false,קרם ידיים passion Deep 1,א.משי תעשיות,IL,קרם ידיים p Deep,מיליליטרים,100.00,"100 מ""ל",false,1,19.90,19.90,true,1,
7296073496540,false,קרם ידיים passion Real 1,א.משי תעשיות,IL,קרם ידיים p Real,מיליליטרים,100.00,"100 מ""ל",false,1,19.90,19.90,true,1,
7296073496557,false,קרם ידיים passion Pure,א.משי תעשיות,IL,קרם ידיים Pure,מיליליטרים,100.00,"100 מ""ל",false,1,19.90,19.90,true,1,
7296073513155,false,מארז גומיות לשיער אדום32,BE NOW,CN,מארז גומיות לשיע,יחידה,1.00,יחידה,false,1,19.90,19.90,true,1,
7296073513643,false,מגבונים לניקוי פרקט10יח,עלבד,IL,מגבונים לפרקט,יחידה,1.00,יחידה,false,1,11.90,11.90,true,1,
7296073514930,false,אגוז מלך טבעי בצנצנת140ג,דין שיווק,US,אגוז מלך טבעי,גרמים,140.00,100 גרם,false,1,14.90,10.64,true,1,
7296073514947,false,קשיו ענק טבעי בצנצנת170ג,דין שיווק,US,קשיו ענק,גרמים,170.00,100 גרם,false,1,24.90,14.65,true,1,
7296073514954,false,שקד ענק טבעי בצנצנת200ג,דין שיווק,IL,שקד ענק טבעי,גרמים,200.00,100 גרם,false,1,19.90,9.95,true,1,
7296073514961,false,פקאן טבעי בצנצנת 200גרם,דין שיווק,US,פקאן טבעי 200גרם,גרמים,200.00,100 גרם,false,1,26.90,13.45,true,1,
7296073515043,false,משחת שיניים פחם ומאצ'ה75,MENUFACLURER,BG,משחת שיניים,מיליליטרים,75.00,"100 מ""ל",false,1,19.90,26.53,true,1,
7296073515050,false,"משחת שיניים קוקוס 75 מ""ל",MENUFACLURER,BG,משחת שיניים,מיליליטרים,75.00,"100 מ""ל",false,1,19.90,26.53,true,1,
7296073516286,false,מגבונים לחים לילדים 72*4,"DPL בע""מ",IL,מגבונים לחים,יחידה,1.00,יחידה,false,1,14.90,14.90,true,1,
7296073526919,false,פרל שמפו לשיער מוחלק500מ,א.משי תעשיות,IL,שמפו פרל לשיער,מיליליטרים,500.00,"100 מ""ל",false,1,23.90,4.78,true,1,
7296073526926,false,פרל שמפו לשיער צבוע500מל,א.משי תעשיות,IL,שמפו פרל לשיער,מיליליטרים,500.00,"100 מ""ל",false,1,23.90,4.78,true,1,
7296073526957,false,פרל מסכה לשיער מוחלק500מ,א.משי תעשיות,IL,פרל מסכה לשיער,מיליליטרים,500.00,"100 מ""ל",false,1,34.90,6.98,true,1,
7296073527084,false,סיכות בארט שחור/חום זוג,BE NOW,CN,סיכות בארט שחור/,יחידה,1.00,יחידה,false,1,19.90,19.90,true,1,
7296073527114,false,גומיות סקונץ צבעונית כתו,BE NOW,CN,גומיות סקונץ צבע,יחידה,1.00,יחידה,false,1,12.90,12.90,true,1,
7296073527138,false,גומיות סקונץ צבעוניות ור,BE NOW,CN,גומיות סקונץ צבע,יחידה,1.00,יחידה,false,1,12.90,12.90,true,1,
7296073528531,false,פרל מסכות לשיער צבוע 500,א.משי תעשיות,IL,פרל מסכות לשיער,מיליליטרים,500.00,"100 מ""ל",false,1,34.90,6.98,true,1,
7296073528777,false,קיסמי אוזניים עץ שק300יח,אל ואי טי,CN,קיסמי אוזניים,יחידה,1.00,יחידה,false,1,6.90,6.90,true,1,
7296073531012,false,סרום שמנים 30 אפקט הגלאם,,IL,סרום שמנים 30 אפ,מיליליטרים,30.00,"100 מ""ל",false,1,69.90,233.00,true,1,
7296073531289,false,פדים להסרת איפור אובלי40,LTD CO S.T.O,TR,פדים להסרת איפור,יחידה,1.00,יחידה,false,1,7.90,7.90,true,1,
7296073552758,false,סבון נוזלי מעוצב שחור500,טאהא קימיה,TR,סבון נוזלי,מיליליטרים,500.00,"100 מ""ל",false,1,7.90,1.58,true,1,
7296073552833,false,"סבון נוזלי לבן 500 מ""ל",טאהא קימיה,TR,סבון נוזלי,מיליליטרים,500.00,"100 מ""ל",false,1,7.90,1.58,true,1,
7296073564690,false,BE אל סבון לבנדר 1 ליטר,טאהא קימיה,TR,BE אל סבון,ליטרים,1.00,ליטר,false,1,10.00,10.00,true,1,
7296073564706,false,BE אל סבון ורדים 1 ליטר,טאהא קימיה,TR,BE אל סבון,ליטרים,1.00,ליטר,false,1,10.00,10.00,true,1,
7296073564881,false,סבון מוצק בצורת שבלול60ג,"מיידלע סבונים בע""מ",IL,סבון מוצק בצורת,גרמים,60.00,100 גרם,false,1,14.90,24.83,true,1,
7296073564898,false,סבון מוצק צורת כוכב 60גר,"מיידלע סבונים בע""מ",IL,סבון מוצק בצורת,גרמים,60.00,100 גרם,false,1,14.90,24.83,true,1,
7296073596608,false,פצצת אמבטיה בצלופן שלישי,,IL,פצצת אמבטיה3*,יחידה,1.00,יחידה,false,1,29.90,29.90,true,1,
7296089001646,false,בלנקס וויט שוק ערכה להלבנת שיניים+משחה,זר הייטק,IT,ערכת הלבנה מלאה,יחידה,1.00,יחידה,false,1,129.90,129.90,true,1,
7296089001691,false,בדיקת טיל Covid19 home test מארז בודד,פארמה דיל,CN,בדיקה קורונה טיל,יחידה,1.00,יחידה,false,1,10.00,10.00,true,1,
7296168089114,false,כוס חלוקה לאבקת חלב,סוויטי,IL,כוס חלוקה לאבקת,יחידה,1.00,יחידה,false,0,19.90,19.90,true,1,
7296168089183,false,מספריים לתינוק סוויט,סוויטי,IL,מספריים לתינוק,יחידה,1.00,יחידה,false,0,19.90,19.90,true,1,
7296168092923,false,תחתון חד פעמי רשתוני,איתן ספקים E,CN,תחתוני רשת XL,יחידה,1.00,יחידה,false,0,15.90,15.90,true,1,
7296168120558,false,רצועת מסאג' איכותית,איתן כללי,JP,רצועת מסאג' איכו,יחידה,1.00,יחידה,false,0,32.90,32.90,true,1,
7296168166617,false,מוצץ גומי צבעוני אפור,מלאזיה מקס,MY,מוצץ גומי צבעוני,יחידה,1.00,יחידה,false,1,22.90,22.90,true,1,
7296168705113,false,וולטרס קיסמי שיניים דנטליים,ארוינג טישו,CN,קיסמי שיניים,יחידה,1.00,יחידה,false,0,24.90,24.90,true,1,
7296169004246,false,מספריים לציפורניים כרום אל-חלד קייזר,.D.M.M סוכנויות ומפיצים,,מספרי קייזר,יחידה,1.00,יחידה,false,0,59.90,59.90,true,1,
7296179006209,false,שיק לק עמיד 246,שיק לקים,IL,שיק לק עמיד,יחידה,1.00,יחידה,false,0,13.90,13.90,true,1,
7296179006278,false,שיק לק עמיד 264 יח,שיק לקים,IL,שיק לק עמיד,יחידה,1.00,יחידה,false,0,13.90,13.90,true,1,
7296179008036,false,שיק לק עמיד 456,שיק לקים,IL,שיק לק עמיד,יחידה,1.00,יחידה,false,0,13.90,13.90,true,1,
7296179008043,false,שיק לק עמיד 485,שיק לקים,IL,שיק לק עמיד,יחידה,1.00,יחידה,false,0,13.90,13.90,true,1,
7296179008050,false,שיק לק עמיד 409,שיק לקים,IL,שיק לק עמיד,יחידה,1.00,יחידה,false,0,13.90,13.90,true,1,
7296179008241,false,טופ קוט למראה ג'ל בת,שיק לקים,IL,לכה טופ למראה גל,יחידה,1.00,יחידה,false,0,32.90,32.90,true,1,
7296179008708,false,לק עמיד 257,שיק לקים,IL,לק 257,יחידה,1.00,יחידה,false,0,13.90,13.90,true,1,
7296179010015,false,שיק לק עמיד 002,שיק לקים,IL,לק עמיד שיק,יחידה,1.00,יחידה,false,0,13.90,13.90,true,1,
7296179010152,false,שיק לק עמיד 016,שיק לקים,IL,שיק לק עמיד,יחידה,1.00,יחידה,false,0,13.90,13.90,true,1,
7296179010213,false,שיק לק עמיד 022,שיק לקים,IL,שיק לק עמיד,יחידה,1.00,יחידה,false,0,13.90,13.90,true,1,
7296179010282,false,שיק לק עמיד 29,שיק לקים,IL,שיק לק עמיד,יחידה,1.00,יחידה,false,0,13.90,13.90,true,1,
7296179010305,false,שיק לק עמיד 031,שיק לקים,IL,שיק לק עמיד,יחידה,1.00,יחידה,false,0,13.90,13.90,true,1,
7296179010312,false,שיק לק עמיד 032,שיק לקים,IL,שיק לק עמיד,יחידה,1.00,יחידה,false,0,13.90,13.90,true,1,
7296179010398,false,שיק לק עמיד 040,שיק לקים,IL,שיק לק עמיד,יחידה,1.00,יחידה,false,0,13.90,13.90,true,1,
7296179010404,false,שיק לק עמיד 041,שיק לקים,IL,שיק לק עמיד,יחידה,1.00,יחידה,false,0,13.90,13.90,true,1,
7296179010718,false,שיק לק עמיד 072,שיק לקים,IL,שיק לק עמיד,יחידה,1.00,יחידה,false,0,13.90,13.90,true,1,
7296179010732,false,שיק לק עמיד 074,שיק לקים,IL,שיק לק עמיד,יחידה,1.00,יחידה,false,0,13.90,13.90,true,1,
7296179011012,false,שיק לק עמיד 307,שיק לקים,IL,שיק לק עמיד,יחידה,1.00,יחידה,false,0,13.90,13.90,true,1,
7296179011470,false,שיק לק עמיד 116,שיק לקים,IL,שיק לק עמיד,יחידה,1.00,יחידה,false,0,13.90,13.90,true,1,
7296179011524,false,שיק לק עמיד 201,שיק לקים,IL,שיק לק עמיד,יחידה,1.00,יחידה,false,0,13.90,13.90,true,1,
7296179011715,false,שיק לק עמיד 214,שיק לקים,IL,שיק לק עמיד,יחידה,1.00,יחידה,false,0,13.90,13.90,true,1,
7296179011807,false,Coat Base לכת בסיס,שיק לקים,IL,בייס קוט,יחידה,1.00,יחידה,false,0,16.90,16.90,true,1,
7296179011968,false,שיק לק עמיד 284,שיק לקים,IL,שיק לק עמיד,יחידה,1.00,יחידה,false,0,13.90,13.90,true,1,
7296179011999,false,מחזק ציפורניים אורנג 17,,IL,מחזק ציפורניים א,מיליליטרים,17.00,"100 מ""ל",false,1,32.90,193.53,true,1,
7296179012064,false,שיק לק עמיד 251,שיק לקים,IL,שיק לק עמיד,יחידה,1.00,יחידה,false,0,13.90,13.90,true,1,
7296179012125,false,שיק לק עמיד 287,שיק לקים,IL,שיק לק עמיד,יחידה,1.00,יחידה,false,0,13.90,13.90,true,1,
7296179012132,false,שיק לק עמיד 289,שיק לקים,IL,שיק לק עמיד,יחידה,1.00,יחידה,false,0,13.90,13.90,true,1,
7296179012606,false,"מייבש לק וטופ קוט 17 מ""ל",,IL,מייבש לק וטופ קו,מיליליטרים,17.00,"100 מ""ל",false,1,32.90,193.53,true,1,
7296179021035,false,לק עמיד 449,שיק לקים,IL,לק 449,יחידה,1.00,יחידה,false,0,13.90,13.90,true,1,
7296179021042,false,שיק.לק 111,שיק לקים,IL,שיק.לק 111,יחידה,1.00,יחידה,false,0,13.90,13.90,true,1,
7296179021660,false,מידנייט חמאת גוף 300 מל,שיק תעשיות תמרוקים,IL,חמאת גוף מבושמת,מיליליטרים,300.00,"100 מ""ל",false,0,49.90,16.63,true,1,
7296179021677,false,מידנייט WHITE חמאת גוף 300 מל,חלאבין,IL,חמאת גוף 300 מל,מיליליטרים,300.00,"100 מ""ל",false,0,49.90,16.63,true,1,
7296179021745,false,סט בראשית לאב ליין מארז,חלאבין,IL,סט בראשית,יחידה,1.00,יחידה,false,1,69.90,69.90,true,1,
7296179024586,false,"מסיר לק לילך י100 מ""ל",,IL,מסיר לק לילך,מיליליטרים,100.00,"100 מ""ל",false,1,7.90,7.90,true,1,
7296179024593,false,"מסיר לק קוקוס 100 מ""ל",,IL,מסיר לק קוקוס,מיליליטרים,100.00,"100 מ""ל",false,1,7.90,7.90,true,1,
7296179024609,false,"מסיר לק תפוח 100 מ""ל",,IL,מסיר לק תפוח,מיליליטרים,100.00,"100 מ""ל",false,1,7.90,7.90,true,1,
7296179028454,false,לק עמיד 822יח',,IL,לק עמיד 822,יחידה,1.00,יחידה,false,1,13.90,13.90,true,1,
7296179028461,false,לק עמיד 823יח',,IL,לק עמיד 823,יחידה,1.00,יחידה,false,1,13.90,13.90,true,1,
7296179028607,false,סבון נשית קלאסי 250מל,חלאבין,IL,סבון נשית קלאסי,מיליליטרים,250.00,"100 מ""ל",false,1,27.90,11.16,true,1,
7296179029642,false,מידנייט WILD דאודורנט רול און 80 מל,חלאבין,IL,רול און 80 מ'ל,מיליליטרים,80.00,"100 מ""ל",false,1,22.90,28.63,true,1,
7296179029659,false,מידנייט WILD קרם גוף 275 מל,חלאבין,IL,"קרם גוף 275 מ""ל",מיליליטרים,275.00,"100 מ""ל",false,1,36.90,13.42,true,1,
7296179029673,false,מידנייט WILD דאודורנט ספריי 187 מל,חלאבין,IL,דאו ספריי 187 מל,מיליליטרים,187.00,"100 מ""ל",false,1,22.90,12.25,true,1,
7298074501018,false,בליסטקס קלאסיק שפתון לשפתיים יבשות וסדוק,מדיליין פריגו,US,בליסטקס קלאסיק,יחידה,1.00,יחידה,false,1,15.90,15.90,true,1,
7298074501933,false,בליסטקס משחה טיפולית לשפתיים בטעם דובדבן,מדיליין פריגו,US,משחה לשפתיים דוב,יחידה,1.00,יחידה,false,1,29.90,29.90,true,1,
7298074501995,false,בליסטקס סטיק אולטרא SPF50,מדיליין פריגו,US,בליסטקס אולטרא S,יחידה,1.00,יחידה,false,1,15.90,15.90,true,1,
7298074502220,false,בליסטקס ליפ אינפיוזן סגול NOURISH,מדיליין פריגו,US,בליסטקס אינפיוזן,יחידה,1.00,יחידה,false,1,19.90,19.90,true,1,
7501013101348,false,"נקטר בטעם מנגו 500 מ""ל JUMEX",חומקס קומר קומרסאליזדורה,MX,משקה ג'ומקס מנגו,מיליליטרים,473.00,"100 מ""ל",false,1,8.90,1.88,true,1,
7509546057545,false,ליידי ספיד סטיק פרו 5 סטיק 45 גרם,קולגייט פלמוליב,US,ליידי ספיד סטיק,גרמים,45.00,100 גרם,false,1,17.90,39.78,true,1,
7509546061160,false,קולגייט משחת שיניים לילדים מיניונים 75 מל,קולגייט פלמוליב,PL,קולגייט מינייוני,מיליליטרים,75.00,"100 מ""ל",false,1,16.90,22.53,true,1,
7509546063515,false,ליידי ספיד סטיק -סטיק פרו 5 ספריי 150 מל,קולגייט פלמוליב,MX,דאו.ליידי ס.סטיק,מיליליטרים,150.00,"100 מ""ל",false,1,14.90,9.93,true,1,
7509546666846,false,"קולגייט טוטאל משחת שיניים פחם 75 מ""ל",קולגייט פלמוליב,MX,טוטאל פחם,מיליליטרים,75.00,"100 מ""ל",false,1,21.90,29.20,true,1,
7610400068505,false,לינדט לינדור בונבוניירה שוקולד חלב 200 גרם,לינדט ושפרונגלי קילשברג,CH,בונבונירה לינדור,גרמים,200.00,100 גרם,false,0,27.90,13.95,true,1,
7610472853061,false,מוצצים ביבי סיליקון קצר,ביבי,IL,מוצצים ביבי סילי,יחידה,1.00,יחידה,false,1,19.90,19.90,true,1,
7613036280327,false,פרייה אנד גוס אפרסק דובדבן 250 מל פחיות,נסטלה ווטרס ספלאי,FR,משקה אפרסק דובדב,מיליליטרים,250.00,"100 מ""ל",false,1,5.90,2.36,true,1,
7613036880534,false,גרבר מחית ירקות מעורבים מטרנה 190 גר',נסטלה פולסקה אס.איי,PL,מחית מרק ירקות,גרמים,190.00,100 גרם,false,1,6.90,3.63,true,1,
7613039547632,false,גרבר מחית תפוח בננה ותות 90 גרם פאוץ,שוורצקוף& הנקל דיסלד,ES,פאוץ גרבר תפוח,גרמים,90.00,100 גרם,false,1,5.90,6.56,true,1,
7613039547731,false,גרבר מחית תפוח עץ ומשמש 90 גרם פאוץ,"מפעל סברס, נסטלה ספרד ס.",ES,פאוץ גרבר תפוח מ,גרמים,90.00,100 גרם,false,1,5.90,6.56,true,1,
7613039547922,false,גרבר מחית אגס תפוח ובננה 90 גרם פאוץ,נסטלה ספרד,ES,פאוץ גרבר אגס,גרמים,90.00,100 גרם,false,1,5.90,6.56,true,1,
7613039879382,false,גרבר - מחית תפוחי עץ 190 גרם,נסטלה פולסקה אס.איי,PL,גרבר מחי תפוח עץ,גרמים,190.00,100 גרם,false,1,6.90,3.63,false,1,
7613039880807,false,גרבר מחית תפוח וגזר 190 גרם,נסטלה פולסקה אס.איי,PL,גרבר תפוח גזר,גרמים,190.00,100 גרם,false,1,6.90,3.63,false,1,
7613039881521,false,גרבר מחית מרק מנגו 190 גרם,נסטלה פולסקה אס.איי,PL,גרבר מנגו,גרמים,190.00,100 גרם,false,1,6.90,3.63,false,1,
7613039881965,false,גרבר מחית גזר תפוח ומנגו 190 גרם,נסטלה פולסקה אס.איי,PL,גרבר גזר תפוח,גרמים,190.00,100 גרם,false,1,6.90,3.63,false,1,
7613287155832,false,גרבר מחית תפוחי עץ 90 גרם פאוץ,"מפעל סברס, נסטלה ספרד ס.",ES,גרבר תפוח,גרמים,90.00,100 גרם,false,1,5.90,6.56,true,1,
7613287155863,false,מטרנה מחית אגס פאוץ' 90 גר',"מפעל סברס, נסטלה ספרד ס.",ES,גרבר אגס פאוץ,גרמים,90.00,100 גרם,false,1,5.90,6.56,true,1,
7613287155894,false,"גרבר מחית אפרסק פאוץ כשל""פ 90 גרם","מפעל סברס, נסטלה ספרד ס.",ES,גרבר אפרסק,גרמים,90.00,100 גרם,false,1,5.90,6.56,true,1,
7613287155924,false,מטרנה מחית תפוח וגזר פאוץ' 90 גר',"מפעל סברס, נסטלה ספרד ס.",ES,גרבר תפוח,גרמים,90.00,100 גרם,false,1,5.90,6.56,true,1,
7614500035788,false,טובלרון שוקולד חלב 200 גרם,מונדלייז,CH,טובלרון חלב,גרמים,200.00,100 גרם,false,0,19.90,9.95,true,1,
7622010001858,false,עוגיות אוראו ממולאות קרם וניל 176 גרם.,פי אר ג'\יי אס אי מנדלז,UA,עוגיות אוראו,גרמים,176.00,100 גרם,false,1,10.90,6.19,true,1,
7622201401900,false,עוגיות סנסיישן אוראו מילקה 156 גרם,מונדלז פולסקה פרודקש,PL,עוגיות מילקה,גרמים,156.00,100 גרם,false,1,14.90,9.55,true,1,
7622201801809,false,מילקה שוקולד חלב עם אגוזים 100 גרם חדש,מנדלז דויצ'\לנד סנקס פרו,DE,שוקולד מילקה,גרמים,100.00,100 גרם,false,1,9.90,9.90,true,1,
7622201802394,false,שוקולד מילקה חלב מסרונים 100 גרם,מנדלז דויצ'\לנד סנקס פרו,DE,שוקולד חלב מילקה,גרמים,100.00,100 גרם,false,1,9.90,9.90,true,1,
7622201808631,false,אוראו מיני עוגיות ממולאות קרם וניל 67גרם,פי.טי. מונדלז אינדונ,ID,עוגיות אוראו מינ,גרמים,67.00,100 גרם,false,1,8.90,13.28,true,1,
7622201813390,false,עוגיות מילקה וואפל במילוי קרם קקאו 150 ג,מונדליז סי.אר. ביסקוויט,CZ,וופל ממולא מילקה,גרמים,150.00,100 גרם,false,1,14.90,9.93,true,1,
7622210137234,false,עוגיות אוראו עם דאבל קרים וניל 170 גר,מונדלייז,ES,עוגיות אוראו,גרמים,170.00,100 גרם,false,1,9.90,5.82,true,1,
7622210637994,false,מיני עוגיות אוראו קראנצ'י בייטס אורגינל,מונדלז אספניה ג'לאטס,ES,עוגיות אוראו,גרמים,110.00,100 גרם,false,1,10.90,9.91,true,1,
7622210826053,false,שוקולד מילקה אוראו סנדוויץ 92 גר',גיאורי קאקסז קייאףטי,HU,שוקולד מילקה,גרמים,92.00,100 גרם,false,1,9.90,10.76,true,1,
7622300200237,false,שוקולד מילקה שוקולד חלב 250 גרם,מונדליז אוסטרייך פרו,AT,שוקולד חלב מילקה,גרמים,250.00,100 גרם,false,0,16.90,6.76,true,1,
7622300270506,false,מילקה גריינס - עוגיות שיבולת שועל מצופות שוקולד 168 ג',מונדלז פולסקה פרודקש,PL,עוגיות מילקה,גרמים,168.00,100 גרם,false,0,14.90,8.87,true,1,
7622300503079,false,עוגיות ביסקוויט מצופה שוקולד חלב מילקה 200 גרם,מונדלז פולסקה פרודקש,PL,ביסקוויט מצופה,גרמים,200.00,100 גרם,false,0,14.90,7.45,true,1,
7630477891615,false,סטארבקס קפסולות קפה סומטרה 10 יחידות,נסטלה שוויץ - קפה,CH,קפסולות Starbuck,גרמים,55.00,100 גרם,false,1,22.90,41.64,true,1,
7630477891639,false,סטארבקס קפסולות קפה ורונה 10 יחידות,נסטלה שוויץ - קפה,CH,קפסולות Starbuck,גרמים,55.00,100 גרם,false,1,22.90,41.64,true,1,
7630477891691,false,סטארבקס קפסולות קפה קולמביה 10 יחידות,נסטלה שוויץ - קפה,CH,קפסולות Starbuck,גרמים,57.00,100 גרם,false,1,22.90,40.18,true,1,
7630477891714,false,סטארבקס קפסולות קפה אספרסו 10 יחידות,נסטלה שוויץ - קפה,CH,קפסולות Starbuck,גרמים,57.00,100 גרם,false,1,22.90,40.18,true,1,
7630477891738,false,סטארבקס קפסולות קפה אספרסו בלונד 10 יחיד,נסטלה שוויץ - קפה,CH,קפסולות Starbuck,גרמים,53.00,100 גרם,false,1,22.90,43.21,true,1,
7638900248357,false,סוללות אנרג'ייזר ליתיום 2032זוג ריפרש,אנרג'ייזר,CN,סוללות 2032 זוג,יחידה,1.00,יחידה,false,1,19.90,19.90,true,1,
7640111494027,false,Cabotine א.ד.ט לאשה,לילית בישום,,Cabotine א.ד.ט,מיליליטרים,100.00,"100 מ""ל",false,0,79.00,79.00,true,1,
7640177366191,false,"WISH שופרד 75 מ""ל",,IL,WISH שופרד,מיליליטרים,75.00,"100 מ""ל",false,1,159.00,212.00,true,1,
7702018069347,false,סכין גילוח לנשים גילט ונוס,פרוקטר אנד גמבל,PL,סכיני גילח לנשים,יחידה,1.00,יחידה,false,0,32.90,32.90,true,1,
7702018321520,false,דאודורנט סטיק לגבר Pro G Arctic ice,תות ממתקי איכות,US,דאודורנט סטיק,מיליליטרים,45.00,"100 מ""ל",false,0,23.90,53.11,true,1,
7702018347629,false,ונוס אקסטרה סמוט סכיני גילוח רביעייה,ג'ילט ונוס Gillette Venus,PL,גילט רביעית,יחידה,1.00,יחידה,false,1,62.90,62.90,true,1,
7702018357871,false,גל גילוח 2 ב1 לעור רגיש פרוגלייד 170 מל,פרוקטר אנד גמבל,US,ג'ל גילוח,מיליליטרים,200.00,"100 מ""ל",false,1,21.90,10.95,true,1,
7702018441075,false,גילט מארז סכינים פיוזן ידני 12 יחידות,דיפלומט,PL,סכיני גילוח,יחידה,1.00,יחידה,false,1,178.90,178.90,true,1,
7702018466917,false,ג'ילט סכין בלו 2 פלוס 10,ג'\ילט,US,ג'ילט סכין בלו 2,יחידה,1.00,יחידה,false,1,29.90,29.90,true,1,
7702018468447,false,גילט בלו 2 פלוס סכינים חד פעמיים עשירייה,פרוקטר אנד גמבל,PL,סכיני גילוח,יחידה,1.00,יחידה,false,1,29.90,29.90,true,1,
7702018469802,false,ג'ילט - ונוס סווירל ידית ו3 סכינים 5 להבים,פרוקטר אנד גמבל,PL,ונוס סווירל3+ סכ,יחידה,1.00,יחידה,false,1,53.90,53.90,true,1,
7702018469826,false,מכונת גילית פינוס נשים + 3 להבים כחול,ג'\ילט פרוקטר אנד גמבל,DE,ג'ילט מכשיר 3* ס,יחידה,1.00,יחידה,false,1,49.90,49.90,true,1,
7702018470884,false,גילט מארז פיוזן 16 סכיני גילוח,"פרוקטר אנד גמבל, גרמניה",PL,סכיני גילוח,יחידה,1.00,יחידה,false,1,179.00,179.00,true,1,
7702018471096,false,סכיני גילוח חד פעמי 4 יח VENUS SIMPLY3,פרוקטר & גמבל,US,ונוס סימפלי 4 סכ,יחידה,1.00,יחידה,false,1,19.90,19.90,true,1,
7702018482740,false,סכיני גילוח ג'ילט ונוס סימפלי 5 יחידות,ג'\ילט,US,ג'ילט ונוס סימפל,יחידה,1.00,יחידה,false,1,11.90,11.90,true,1,
7702018495641,false,גילט מארז פרוגלייד מכשיר+12 סכינים,פרוקטר & גמבל,PL,ג'ילט מארז פרוגל,יחידה,1.00,יחידה,false,1,239.00,239.00,true,1,
7702018529582,false,מארז מכשיר סקינגארד גילט+7 סכינים,פרוקטר & גמבל,DE,מכשיר סקינגארד7+,יחידה,1.00,יחידה,false,1,156.90,156.90,true,1,
7702018581443,false,ונוס מכשיר + 8 סכינים מא,ג'\ילט פרוקטר אנד גמבל,PL,ונוס מארז לגילוח,יחידה,1.00,יחידה,false,1,129.00,129.00,true,1,
7702018607556,false,גילט מארז סקינגארד אלוורה 14 סכינים,"פרוקטר אנד גמבל, גרמניה",PL,סכיני גילוח 14יח,יחידה,1.00,יחידה,false,1,179.00,179.00,true,1,
7702018609130,false,גילט מארז סקינגארד אלוורה 10 סכינים,"פרוקטר אנד גמבל, גרמניה",PL,סכיני גילוח,יחידה,1.00,יחידה,false,1,179.00,179.00,true,1,
7702018609154,false,גילט מארז פרוגלייד 10 סכינים,"פרוקטר אנד גמבל, גרמניה",DE,סכיני גילוח,יחידה,1.00,יחידה,false,1,179.00,179.00,true,1,
7702018911981,false,דאודורנט גל פאוור בי,ג'\ילט פרוקטר אנד גמבל,DE,דאו.קליר ג'ל,מיליליטרים,75.00,"100 מ""ל",false,0,32.90,43.87,true,1,
7702018966783,false,ונוס קומפורטגליד לאשה מא,פרוקטר & גמבל,CN,ונוס קומפורטגליד,יחידה,1.00,יחידה,false,1,59.90,59.90,true,1,
7702018978120,false,"ג'ילט - דאודורנט ג'ל לגבר קול וייב 70 מ""ל",פרוקטר אנד גמבל,PL,דאו.קליר ג'ל,מיליליטרים,70.00,"100 מ""ל",false,0,22.90,32.71,true,1,
7702024074625,false,פיטנס - חטיפי קרקר חיטה מלאה 234 גרם,קומסטיבלס לה רוזה אס.איי,CO,חטיפי קרקר פיטנס,גרמים,234.00,100 גרם,false,1,14.90,6.37,true,1,
7891024124826,false,קולגייט משחת אופטיק ספרקלינג וייט 75מל,הנסיך- מפעל לייצור ט,BR,משחת קולגייט,מיליליטרים,75.00,"100 מ""ל",false,0,18.90,25.20,true,1,
7891024179482,false,"שטיפת פה קולגייט אופטיק וייט 500מ""ל",יבואן ומשווק: ש. שסט,PL,מי פה קולגייט,מיליליטרים,500.00,"100 מ""ל",false,0,33.90,6.78,true,1,
8000380003723,false,וופל אגוזים בציפוי שוקולד לואקר 100 גרם,קריניציה ויטמינה אס,IT,גראנד פטיסרי,גרמים,100.00,100 גרם,false,0,14.20,14.20,true,1,
8000380004676,false,קוביות וופל סנדוויץ Sandwich עם וניל וחלב,"א. לואקר, קונפקט ג'י",AT,ופלים לואקר,גרמים,200.00,100 גרם,false,0,11.90,5.95,true,1,
8000380004911,false,קוביות וופל קואדרטיני Quadratini קרם אגוזים,קריניציה ויטמינה אס,AT,ופל קואדרטיני,גרמים,250.00,100 גרם,false,0,16.90,6.76,true,1,
8000380004966,false,וופל קוארדטיני לואקר קוביות שוקולד 250ג',קריניציה ויטמינה אס,AT,ופל קואדרטיני,גרמים,250.00,100 גרם,false,0,16.90,6.76,true,1,
8000380007219,false,וופלים בטעם אגוזים לואקר 175 גרם,ליימן מותגים,AT,ופלים לואקר,גרמים,175.00,100 גרם,false,0,10.00,5.72,true,1,
8000380007257,false,וופל גרדנה אגוזים לואקר 200 גרם,קריניציה ויטמינה אס,IT,ופלים גרדנה,גרמים,200.00,100 גרם,false,0,15.90,7.95,true,1,
8000380106028,false,טורטינה לואקר וופל שוקולד ואגוזים שישיה 125ג',קריניציה ויטמינה אס,IT,וופל טורטינה,גרמים,125.00,100 גרם,false,0,17.30,13.84,true,1,
8000380153442,false,וופל קלאסיק בטעם אגוזים לואקר 90 גרם,ליימן שליסל,IT,לואקר קלאסי,גרמים,90.00,100 גרם,false,0,8.90,9.89,true,1,
8000500032237,false,בונבונרייה פררו רושר 375 גרם,פררו - אלבה,IT,בונבוניירה רושה,גרמים,375.00,100 גרם,false,0,45.90,12.24,true,1,
8000500071083,false,אצבעות שוקולד קינדר Kinder שש עשרה יחידות,פררו - אלבה,IT,שוקולד חלב קינדר,גרמים,200.00,100 גרם,false,0,14.50,7.25,true,1,
8000500267103,false,קינדר דליס עוגת ספוג קקאו במילוי חלבי*10,קינדר Kinder,IT,עוגות קינדר דליס,גרמים,390.00,100 גרם,false,1,20.90,5.36,true,1,
8000500269169,false,קינדר קארדס Kinder Cards - חמישייה,קריות זול,IT,קינדר קארדס,גרמים,128.00,100 גרם,false,1,13.90,10.86,true,1,
8000500310397,false,נוטלה עוגיות נוטלה בגליל 12יח' - NUTELLA BISCUITTS,נוטלה Nutella,IT,ביסקוויט נוטלה,גרמים,166.00,100 גרם,false,1,15.90,9.58,true,1,
8000500366073,false,נוטלה עוגיות נוטלה בשקית 20 יח'- NUTELLA BISCUITTS,נוטלה Nutella,IT,ביסקוויט נוטלה,גרמים,276.00,100 גרם,false,1,23.90,8.66,true,1,
8001090111715,false,תחתונים אולוויז דיסקריט מידה M לבריחת שתן,פרוקטר אנד גמבל,DE,אולוויז דיסקריט,יחידה,1.00,יחידה,false,1,38.90,38.90,true,1,
8001090222428,false,"הרבל אסנסס - שמפו חלב קוקוס 400 מ""ל",הרבל אסנס Herbal Essences,FR,שמפו הרבל אסנס,מיליליטרים,400.00,"100 מ""ל",false,1,25.90,6.48,true,1,
8001090222725,false,"הרבל אסנסס - שמפו שמן מורינגה 400 מ""ל",הרבל אסנס Herbal Essences,FR,שמפו הרבל אסנס,מיליליטרים,400.00,"100 מ""ל",false,1,25.90,6.48,true,1,
8001090222756,false,"הרבל אסנסס - מרכך שמן מורינגה 400 מ""ל",הרבל אסנס Herbal Essences,FR,מרכך הרבל אסנסס,מיליליטרים,400.00,"100 מ""ל",false,1,25.90,6.48,true,1,
8001090222848,false,"הרבל אסנסס - שמפו שיקום שמן ארגן 400 מ""ל",הרבל אסנס Herbal Essences,FR,שמפו הרבל אסנס,מיליליטרים,400.00,"100 מ""ל",false,1,25.90,6.48,true,1,
8001090290939,false,"אוראל בי משחת שיניים- להלבנה לובן בוהק 75 מ""ל",פרוקטר אנד גמבל,DE,משחת אורל בי,מיליליטרים,75.00,"100 מ""ל",false,1,21.90,29.20,true,1,
8001090291035,false,"משחת שיניים 3D white להלבנה רעננות ארקטית 75 מ""ל אורל בי",פרוקטר אנד גמבל,DE,משחת אורל בי,מיליליטרים,75.00,"100 מ""ל",false,1,19.90,26.53,true,1,
8001090336354,false,פמפרס בייבי דריי חיתולים מידה 2 46 יח,פרוקטר אנד גמבל,DE,פמפרס בייבי,יחידה,1.00,יחידה,false,1,36.90,36.90,true,1,
8001090336408,false,חיתולים בייבי דריי מידה 3 38 יח' פמפרס,פרוקטר אנד גמבל,DE,פמפרס בייבי,יחידה,1.00,יחידה,false,1,36.90,36.90,true,1,
8001090336521,false,פמפרס בייבי דריי חיתולים מידה 5 30 יח,פרוקטר אנד גמבל,DE,פמפרס בייבי,יחידה,1.00,יחידה,false,1,36.90,36.90,true,1,
8001090336606,false,פמפרס בייבי דריי חיתולים מידה 6 26 יח,פרוקטר אנד גמבל,DE,פמפרס בייבי,יחידה,1.00,יחידה,false,1,36.90,36.90,true,1,
8001090364104,false,"משחת שיניים אורל בי G&E אורגינל 75 מ""ל",פרוקטר אנד גמבל,DE,משחת אורל בי,מיליליטרים,75.00,"100 מ""ל",false,1,19.90,26.53,true,1,
8001090364203,false,"משחת שיניים אורל בי G&E להלבנה עדינה 75 מ""ל",פרוקטר אנד גמבל,DE,משחת אורל בי,מיליליטרים,75.00,"100 מ""ל",false,1,19.90,26.53,true,1,
8001090377487,false,מסכה לשיער פנטן לחות מוגברת 300 מל,פרוקטר אנד גמבל,RO,מסיכה פנטן,מיליליטרים,300.00,"100 מ""ל",false,1,37.90,12.63,true,1,
8001090377531,false,"מסכה לשיער פנטן לצבע מלא חיים 300 מ""ל",פרוקטר אנד גמבל,RO,מסיכה פנטן,מיליליטרים,300.00,"100 מ""ל",false,1,37.90,12.63,true,1,
8001090379337,false,פמפרס פרימיום קר חיתולים שלב 3 40 יח VP,פרוקטר אנד גמבל,PL,פמפרס פרימיום,יחידה,1.00,יחידה,false,1,41.90,41.90,true,1,
8001090379368,false,פמפרס פרימיום קר חיתולים שלב 4 34 יח VP,פרוקטר אנד גמבל,PL,פמפרס פרימיום,יחידה,1.00,יחידה,false,1,41.90,41.90,true,1,
8001090379399,false,פמפרס פרימיום קר חיתולים שלב 5 30 יח VP,פרוקטר אנד גמבל,PL,פמפרס פרימיום,יחידה,1.00,יחידה,false,1,41.90,41.90,true,1,
8001090493675,false,הד&שולדרס MEN שמפו אולטרא טוטל קר 540 מל,פרוקטר אנד גמבל,RO,שמפו הד&שולדרס,מיליליטרים,540.00,"100 מ""ל",false,1,21.90,4.05,true,1,
8001090632715,false,מש.שיניים אורל בי לילדים פרוזן וקארס120ג,פרוקטר אנד גמבל,DE,משחת שיניים לילד,מיליליטרים,75.00,"100 מ""ל",false,1,19.90,26.53,true,1,
8001090678195,false,"הד אנד שולדרס מרכך סופרים לחות 275 מ""ל",פרוקטר אנד גמבל,FR,מרכך הד&שולדרס,מיליליטרים,275.00,"100 מ""ל",false,1,18.90,6.87,true,1,
8001090678225,false,"הד אנד שולדרס מרכך סופרים משקם 275 מ""ל",פרוקטר אנד גמבל,FR,מרכך הד&שולדרס,מיליליטרים,275.00,"100 מ""ל",false,1,18.90,6.87,true,1,
8001090715043,false,אולוויז דיסקרט לבריחת שת,פרוקטר אנד גמבל,DE,אולוויז דיסקרט,יחידה,1.00,יחידה,false,1,38.90,38.90,true,1,
8001090832450,false,"שמפו פנטן הנוסחה הקלאסית 660 מ""ל",פרוקטר אנד גמבל,RO,שמפו פנטן,מיליליטרים,660.00,"100 מ""ל",false,1,23.90,3.62,true,1,
8001090832535,false,"שמפו פנטן שמן מרוקאי משקם 660 מ""ל",פרוקטר אנד גמבל,RO,שמפו פנטן,מיליליטרים,660.00,"100 מ""ל",false,1,23.90,3.62,true,1,
8001090832573,false,"שמפו פנטן לחות מוגברת 660 מ""ל",פרוקטר אנד גמבל,RO,שמפו פנטן,מיליליטרים,660.00,"100 מ""ל",false,1,23.90,3.62,true,1,
8001090832610,false,"שמפו פנטן למגע רך כמשי 660 מ""ל",פרוקטר אנד גמבל,RO,שמפו פנטן,מיליליטרים,660.00,"100 מ""ל",false,1,23.90,3.62,true,1,
8001090832771,false,"פנטן שמפו להזנת קרטין 660 מ""ל",פרוקטר אנד גמבל,RO,שמפו פנטן,מיליליטרים,660.00,"100 מ""ל",false,1,23.90,3.62,true,1,
8001090832818,false,מרכך פנטן הנוסחה הקלאסית לשיער רגיל ומעורב,פרוקטר אנד גמבל,RO,מרכך פנטן,מיליליטרים,660.00,"100 מ""ל",false,1,23.90,3.62,true,1,
8001090832856,false,"פנטן 660 מ""ל קונדישינר מרוקאי משקם",פרוקטר אנד גמבל,RO,מרכך פנטן,מיליליטרים,660.00,"100 מ""ל",false,1,23.90,3.62,true,1,
8001090832894,false,מרכך לשיער חלש ופגום לחות מוגברת,פרוקטר אנד גמבל,RO,מרכך פנטן,מיליליטרים,660.00,"100 מ""ל",false,1,23.90,3.62,true,1,
8001090832931,false,"פנטן 660 מ""ל קונדישינר למגע רך כמשי",פרוקטר אנד גמבל,RO,מרכך פנטן,מיליליטרים,660.00,"100 מ""ל",false,1,23.90,3.62,true,1,
8001090856005,false,פאנטן 200 מרכך הקסם סופר פוד,פרוקטר אנד גמבל,RO,פנטן מרכך הקסם,מיליליטרים,200.00,"100 מ""ל",false,1,28.90,14.45,true,1,
8001090899194,false,תחבושות אולוויז פלטינום נורמל 24 יחידות,פרוקטר אנד גמבל,DE,תחבושות אולוויז,יחידה,1.00,יחידה,false,1,25.90,25.90,true,1,
8001090899224,false,תחבושות אולוויז פלטינום לונג 20 יחידות,פרוקטר אנד גמבל,DE,תחבושות אולוייז,יחידה,1.00,יחידה,false,1,25.90,25.90,true,1,
8001090899286,false,תחבושות אולוויז פלטינום לילה בטוח 14 יח',פרוקטר אנד גמבל,DE,תחבושות אולוויז,יחידה,1.00,יחידה,false,1,25.90,25.90,true,1,
8001090993502,false,טמפקס כותנה סופר 16 יח',פרוקטר אנד גמבל,US,טמפקס כותנה סופר,יחידה,1.00,יחידה,false,1,23.90,23.90,true,1,
8001160001786,false,"משקה אנרגיה גטורייד ספורט כחול 500מ""ל",אקווה מינרלה סאן בנדטו,IT,גטורייד כחול,מיליליטרים,500.00,"100 מ""ל",false,0,11.90,2.38,true,1,
8001160001892,false,"משקה אנרגיה גטורייד ספורט תפוז אדום 500מ""ל",אקווה מינרלה סאן בנדטו,IT,גטורייד תפוז,מיליליטרים,500.00,"100 מ""ל",false,0,11.90,2.38,true,1,
8001620015636,false,"משקה פרוטה מיקס פירות 400 מ""ל",אקווה מינרלה סאן בנדטו ב,IT,משקה פרוטה,מיליליטרים,400.00,"100 מ""ל",false,1,7.90,1.98,true,1,
8001620019160,false,"סן בנדטו מים מינרלים בטעם אפרסק 500 מ""ל",אקווה מינרלה סאן בנדטו ב,IT,סאן בנדטו אפרסק,מיליליטרים,400.00,"100 מ""ל",false,1,6.90,1.73,true,1,
8001620019177,false,"סן בנדטו מים מינרלים בטעם ענבים 500 מ""ל",אקווה מינרלה סאן בנדטו ב,IT,סאן סנדטו ענבים,מיליליטרים,400.00,"100 מ""ל",false,1,6.90,1.73,true,1,
8001841053684,false,תחבושות אולוויז עבה לונג פלוס 12 יחידות,פרוקטר אנד גמבל )ראה קוד,HU,תחבושות אולוויז,יחידה,1.00,יחידה,false,1,13.90,13.90,true,1,
8001841053806,false,תחבושות היגייניות אולוויז מקסי עבה לילה,פרוקטר אנד גמבל,HU,תחבושות אולוויז,יחידה,1.00,יחידה,false,1,13.90,13.90,true,1,
8001841062624,false,פמפרס מגבונים לחים ללא בישום רביעייה,פרוקטר אנד גמבל.,DE,מגבוני פמפרס 4יח,יחידה,1.00,יחידה,false,1,21.90,21.90,true,1,
8001841077949,false,מארז מגבוני פמפרס בניחוח מרענן - רביעייה,פרוקטר אנד גמבל,DE,מגבוני פמפרס 4יח,יחידה,1.00,יחידה,false,1,21.90,21.90,true,1,
8001841104614,false,פמפרס פרימיום חיתולים שלב 1 א.נשיאה 26יח,פרוקטר אנד גמבל,PL,פמפרס פרימיום אר,יחידה,1.00,יחידה,false,1,23.90,23.90,true,1,
8001841104751,false,פמפרס פרימיום קר חיתולים שלב 1 52 יח VP,פרוקטר אנד גמבל,PL,פמפרס,יחידה,1.00,יחידה,false,1,39.90,39.90,true,1,
8001841104799,false,פמפרס פרימיום קר חיתולים שלב 2 46 יח VP,פרוקטר אנד גמבל,PL,פמפרס,יחידה,1.00,יחידה,false,1,39.90,39.90,true,1,
8001841105093,false,פמפרס פרימיום קר חיתולים שלב 6 26 יח VP,פרוקטר אנד גמבל,PL,פמפרס,יחידה,1.00,יחידה,false,1,41.90,41.90,true,1,
8001841217574,false,תחבושות אולוויז אולטרא כפול לונג 24 יח,,DE,תחבושות כפול אול,יחידה,1.00,יחידה,false,0,19.90,19.90,true,1,
8001841272757,false,אורל-בי משחת שיניים להלבנה פחם- לניקוי עמוק,פרוקטור אנד גמבל,DE,משחת אורל בי,מיליליטרים,75.00,"100 מ""ל",false,1,31.90,42.53,true,1,
8001841332307,false,אולוויז תחבושת בוטיק לונג 8 יח,פרוקטר אנד גמבל,DE,דיסקריט תחבושות,יחידה,1.00,יחידה,false,1,23.90,23.90,true,1,
8001841410524,false,שמפו הד&שולדרס קוקוס600מ,פרוקטר אנד גמבל,RO,שמפו הד&שולדרס,מיליליטרים,600.00,"100 מ""ל",false,1,21.90,3.65,true,1,
8001841449982,false,תחבושות פלטינום נייט16יח,,DE,תחבושות פלטינום,יחידה,1.00,יחידה,false,1,25.90,25.90,true,1,
8001841500799,false,"הרבל אסנסס - שמפו ללא סולפטים אלוורה ומנגו 380 מ""ל",הרבל אסנס Herbal Essences,FR,שמפו ללא סולפטים,מיליליטרים,380.00,"100 מ""ל",false,1,18.90,4.98,true,1,
8001841625362,false,"נוזל כלים בניחוח לימון פלטינום 780 מ""ל פיירי",פרוקטר אנד גמבל,GB,פיירי נוזל כלים,מיליליטרים,780.00,"100 מ""ל",false,1,12.90,1.65,true,1,
8001841660257,false,מסכת מינרלס במבוק לשיער חזק וארוך,פנטן Pantene,FR,פנטן מיראקלס במב,מיליליטרים,160.00,"100 מ""ל",false,1,21.90,13.69,true,1,
8001841660530,false,קרם לחות מינרלס במבוק + חלבון משקם לשיער ארוך,פנטן Pantene,FR,קרמ פנטן מיראקלס,גרמים,270.00,100 גרם,false,1,23.90,8.85,true,1,
8001841669465,false,קפסולות לכביסה אריאל בניחוח לנור 24 יחידות,פרוקטר אנד גמבל,FR,קפסולות גל כביסה,יחידה,1.00,יחידה,false,1,39.90,39.90,true,1,
8001841715957,false,"ג'ל רחצה ושמפו ניקוי אינטנסיסי האד אנד שולדרס 360 מ""ל","נארז ע""י : א.ג. גילר",FR,שולדרס ג'ל רחצה,מיליליטרים,360.00,"100 מ""ל",false,1,21.90,6.08,true,1,
8001841837239,false,הרבל אסנס מרכך ללא סולפטים שמן אבוקדו,דיפלומט,FR,מרכך הרבל,מיליליטרים,275.00,"100 מ""ל",false,1,18.90,6.87,true,1,
8001841841373,false,הרבל אסנס שמפו ללא סולפטים שמן אבוקדו,דיפלומט,FR,שמפו הרבל,מיליליטרים,380.00,"100 מ""ל",false,1,18.90,4.98,true,1,
8002110383709,false,נוטרוגינה ס.נורבגית ק.ידיים לא מבושם 50מל,ניוטרוג'ינה Neutrogena,FR,קרם ידיים,מיליליטרים,50.00,"100 מ""ל",false,0,24.90,49.80,true,1,
8002270216800,false,סאן פלגרינו בטעם לימון 500 מ,סן פלגרינו,IT,אסנזה טעם לימון,מיליליטרים,500.00,"100 מ""ל",false,1,5.90,1.18,true,1,
8002270236808,false,סאן פלגרינו בטעם תפוז אדום ופטל 500 מ,סן פלגרינו,IT,אסנזה טעם תפוז א,מיליליטרים,500.00,"100 מ""ל",false,1,5.90,1.18,true,1,
8003440997857,false,מסטיק פיורפרש מנטה אריזת חיסכון 200 גר,פרפטי ואן מלה ברדה,TR,מסטיק מנטוס,גרמים,200.00,100 גרם,false,1,22.00,11.00,true,1,
8003440997871,false,מסטיק פיורפרש תות אריזת חיסכון 200 ג,פרפטי ואן מלה ברדה,TR,מסטיק מנטוס,גרמים,200.00,100 גרם,false,1,22.00,11.00,true,1,
8004030026018,false,"מקסיקני עם טונה ריו מרה אינסלטיסימי, 160 ג'","בולטון אלימנטרי בע""\מ",IT,סלט עם טונה,גרמים,160.00,100 גרם,false,1,17.90,11.19,true,1,
8005200486526,false,"נסטי, תה קר בטעם אפרסק 500 מל",מפעל סאנפלגרינו S.p.,IT,נסטי בטעם אפרסק,מיליליטרים,500.00,"100 מ""ל",false,0,5.90,1.18,true,1,
8006540110317,false,שמפו מינרלס ביוטין + במבוק לשיער חזק וארוך,פנטן Pantene,RO,פנטן מיראקלס,גרמים,400.00,100 גרם,false,1,20.90,5.23,true,1,
8006540112793,false,"מרכך כביסה מרוכז בניחוח יסמין לנור 900 מ""ל",פרוקטר אנד גמבל,US,לנור מרכך מרוכז,מיליליטרים,900.00,"100 מ""ל",false,1,12.90,1.43,true,1,
8006540112823,false,"לנור מרכך כביסה מרוכז בניחוח האוקיינוס 900 מ""ל",פרוקטר אנד גמבל,FR,לנור מרכך מרוכז,מיליליטרים,900.00,"100 מ""ל",false,1,12.90,1.43,true,1,
8006540157374,false,מרכך מינרלס ביוטין + במבוק לשיער חזק וארוך,פנטן Pantene,FR,פנטן מיראקלס,מיליליטרים,275.00,"100 מ""ל",false,1,20.90,7.60,true,1,
8006540221068,false,מגן תחתון אולוויז וליופק לונג פלוס 40 יח,פרוקטר & גמבל,DE,מגן תחתון אולווי,יחידה,1.00,יחידה,false,1,19.90,19.90,true,1,
8006540221341,false,אולוויז מגן תחתון וליופק לארג' 48 יחידות,,DE,מגן תחתון אולווי,יחידה,1.00,יחידה,false,1,19.90,19.90,true,1,
8006540221426,false,מגן תחתון אולוויז סלים 48 יח,,DE,מגן תחתון דייליס,יחידה,1.00,יחידה,false,1,19.90,19.90,true,1,
8006540221464,false,מגן תחתון אולוויז וליופק נורמל 56 יחידות,,DE,מגן תחתון אולווי,יחידה,1.00,יחידה,false,1,19.90,19.90,true,1,
8006540222089,false,פמפרס מגבונים היגיינים לתינוקות וילדים TO GO 40 יח',פרוקטור אנד גמבל,ES,מגבוני פמפרס,יחידה,1.00,יחידה,false,1,7.90,7.90,true,1,
8006540358498,false,טמפקס פרל סופר-פלוס 18 יחידות חדש,פרוקטר אנד גמבל,HU,טמפקס,יחידה,1.00,יחידה,false,1,23.90,23.90,true,1,
8006540385029,false,הד&שולדרס MEN שמפו ומרכך 2ב-1 אולטרא 540,URLATI GAMBLE & PROCTER,RO,הד&שולדרס מן 2ב1,מיליליטרים,540.00,"100 מ""ל",false,1,21.90,4.05,true,1,
8006540385067,false,הד&שולדרס MEN שמפו אולטרא ספורט מרענן540,URLATI GAMBLE & PROCTER,RO,ה&ש שמפו מן,מיליליטרים,540.00,"100 מ""ל",false,1,21.90,4.05,true,1,
8006540404850,false,דיסקריט תחבושות לבריחת שתן לונג 10 יח,פרוקטר & גמבל,DE,דיסקריט תחבושות,יחידה,1.00,יחידה,false,1,23.90,23.90,true,1,
8006540405031,false,דיסקריט תחבושות לבריחת שתן סמול פלוס 16,פרוקטר & גמבל,DE,דיסקריט תחבושות,יחידה,1.00,יחידה,false,1,23.90,23.90,true,1,
8006540406724,false,פמפרס בייבי דריי פנטס מידה 5 38 יח,דיפלומט,PL,פמפרס מכנסונים,יחידה,1.00,יחידה,false,1,54.90,54.90,true,1,
8006540407684,false,דיסקריט תחבושות לבריחת שתן לילה 8 יח,דיפלומט,DE,תחבושות לילה,יחידה,1.00,יחידה,false,1,23.90,23.90,true,1,
8006540410967,false,הד&שולדרס 7 יתרונות ב-1 רב פעולות 450,S BLOIS GAMBLE & PROCTER,FR,הד&שולדרס שמפו,גרמים,450.00,100 גרם,false,1,21.90,4.87,true,1,
8006540495186,false,לנור מרכך כביסה מרוכז רגיש בייבי 900 מל,פרוקטר אנד גמבל,FR,מרכך כביסה בייבי,מיליליטרים,900.00,"100 מ""ל",false,1,12.90,1.43,true,1,
8006540592465,false,תחבושות אולוויז אולטרה לונג כפול 24 יח,פרוקטר & גמבל,HU,תחבושות לונג,יחידה,1.00,יחידה,false,1,19.90,19.90,true,1,
8006540592496,false,תחבושות אולוויז אולטרא כפול לילה 20 יח,פרוקטר & גמבל,HU,תחבושות כפול ליל,יחידה,1.00,יחידה,false,1,19.90,19.90,true,1,
8011003809219,false,VERSACE EROS EDT 100 ML,לילית בישום,IT,EROS א.ד.ט לגבר,מיליליטרים,100.00,"100 מ""ל",false,0,219.00,219.00,true,1,
8011003813858,false,"ארוס אדט 200 מ""ל",,IT,"ארוס אדט 200 מ""ל",מיליליטרים,200.00,"100 מ""ל",false,1,299.00,149.50,true,1,
8011003818112,false,BRIGHT CRYSTAL ABSOLU EDP 90 ML,לילית בישום,IT,CRYSTAL BRIGHT,מיליליטרים,90.00,"100 מ""ל",false,0,239.00,265.55,true,1,
8011003825745,false,VERSACE DYLAN BLUE MAN EDT 100ML,לילית בישום,IT,BLU BLUE DYLAN,מיליליטרים,100.00,"100 מ""ל",false,0,239.00,239.00,true,1,
8011003826711,false,מוסקינו פרש קוטור 100 מל,לילית בישום,IL,מוסקינו פרש קוטו,מיליליטרים,100.00,"100 מ""ל",false,0,159.00,159.00,true,1,
8011003872855,false,אורגינל ווד אדפ 100מל,,IT,אורגינל ווד אדפ,מיליליטרים,100.00,"100 מ""ל",false,1,289.00,289.00,true,1,
8011003876709,false,מארז קריסטל נויר לאישה,EUROITALIA,IT,מארז קריסטל נויר,יחידה,1.00,יחידה,false,1,389.00,389.00,true,1,
8011003876761,false,מארז דילן בלו לאישה,EUROITALIA,IT,מארז דילן בלו לא,יחידה,1.00,יחידה,false,1,379.00,379.00,true,1,
8011003995967,false,homme pour א.ד.ט לגבר,לילית בישום,IT,homme pour א.ד.ט,מיליליטרים,100.00,"100 מ""ל",false,0,199.00,199.00,true,1,
8011003997022,false,"ורסצ'ה ורסנס אדט 100 מ""ל",לילית בישום,IT,ורסצ'ה ורסנס אדט,מיליליטרים,100.00,"100 מ""ל",false,0,199.00,199.00,true,1,
8017331055427,false,וויט שוק White Shock ערכת טיפול להלבנת שיניים,בלנקס Blanx,IT,בלנקס וייט שוק,יחידה,1.00,יחידה,false,1,99.90,99.90,true,1,
8018365070264,false,VERSACE CRYSTAL NOIR EDP VAPO 50ML,לילית בישום,IT,קריס נואר אדפ,מיליליטרים,50.00,"100 מ""ל",false,0,219.00,438.00,true,1,
8032880800243,false,פיקניק הפתעה - אגוזי לוז ומקלות אפויים,"הוסטה איטליה, ס.ר.ל.",IT,פיקניק הפתעה,גרמים,50.00,100 גרם,false,0,9.90,19.80,true,1,
8052086377240,false,"סניורינה רבל אדפ 100 מ""ל",,IL,סניורינה רבל אדפ,מיליליטרים,100.00,"100 מ""ל",false,1,359.00,359.00,true,1,
8052464890705,false,"פרגמו לגבר אדפ 100 מ""ל",PARFUM FERRAGAMO,IT,פרגמו לגבר אדפ,מיליליטרים,100.00,"100 מ""ל",false,1,319.00,319.00,true,1,
8053853182548,false,FROZENממחטות נייר מצויירות 6יח',,IL,ממחטות נייר 6 יח,יחידה,1.00,יחידה,false,1,9.90,9.90,true,1,
8058045425649,false,TRUSSARDI NEW FEMININE EDP 90ML,,FR,FEMINI TRUSSARDI,מיליליטרים,90.00,"100 מ""ל",false,1,349.00,387.78,true,1,
8058045432920,false,טרוסרדי לברירו אישה100מל,S.P.A BEAUTY ANGELINI,IT,טרוסרדי לברירו ק,מיליליטרים,100.00,"100 מ""ל",false,1,369.00,369.00,true,1,
8058045432937,false,לברירו קולקשיין גבר100מל,S.P.A BEAUTY ANGELINI,IT,טרוסרדי לברירו ק,מיליליטרים,100.00,"100 מ""ל",false,1,349.00,349.00,true,1,
8076802085981,false,ברילה - צ.ק פוזילי חדש 500 גרם,ברילה גי.אי.אר פרטלי ס.פ,IT,פוזילי ברילה,גרמים,500.00,100 גרם,false,0,11.90,2.38,true,1,
8076809513395,false,ברילה פומודורו רוטב עגבניות קלאסי 400 גר,ברילה גי.אי.אר פרטלי ס.פ,IT,רוטב עגבניות,גרמים,400.00,100 גרם,false,0,15.90,3.98,true,1,
8410076600622,false,חטיפי גרנולה קראנצ'י עם שוקולד מריר נייצ'ר ואלי 210 גרם,ג'נרל מילס סאן אדריאן,ES,נייצר וואלי שוקו,גרמים,210.00,100 גרם,false,0,15.90,7.57,true,1,
8410076621009,false,עוגות אישיות בטעם קרמל עם חתיכות בטעם קרמל מלוח,"גלאטס סירו בע""\מ",PT,חטיפי פייבר 1,גרמים,120.00,100 גרם,false,1,19.90,16.58,true,1,
8410076621047,false,עוגות אישיות בטעם שוקולד עם חתיכות בטעם שוקולד,"גלאטס סירו בע""\מ",ES,חטיפי פייבר 1,גרמים,120.00,100 גרם,false,1,19.90,16.58,true,1,
8410104511340,false,ויט רצועות שעווה מוכנות לעור יבש 12 יחידות,רקיט בנקיזר צרפת,FR,רצועות שעווה ויט,יחידה,1.00,יחידה,false,0,29.90,29.90,true,1,
8410436218139,false,צבע שיער סאיוס אולאו אינטנס 2-10,סאיוס syoss,DE,צבע לשיער סאיוס,יחידה,1.00,יחידה,false,0,43.90,43.90,true,1,
8410436218177,false,צבע שיער סאיוס אולאו אינטנס 5-86,סאיוס syoss,DE,צבע לשיער אולאו,יחידה,1.00,יחידה,false,0,43.90,43.90,true,1,
8410436218214,false,סאיוס אולאו אינטנס 7-10 בלונד טבעי,סאיוס syoss,DE,צבע לשיער אולאו,יחידה,1.00,יחידה,false,0,43.90,43.90,true,1,
8410436218337,false,סאיוס אולאו אינטנס 9-10 בלונד בהיר,סאיוס syoss,DE,צבע לשיער אולאו,יחידה,1.00,יחידה,false,0,43.90,43.90,true,1,
8411061045794,false,212MEN א.ד.ט לגבר מארז,PUIG בישום,ES,212MEN א.ד.ט לגב,יחידה,1.00,יחידה,false,1,250.00,250.00,true,1,
8411061046203,false,סט גוד גירל א.ד.פ לאשה,PUIG בישום,ES,גוד גירל א.ד.פ ל,יחידה,1.00,יחידה,false,1,330.00,330.00,true,1,
8411061777183,false,ROSE VIP 212 א.ד.פ לאשה,PUIG בישום,IL,ROSE VIP 212,מיליליטרים,50.00,"100 מ""ל",false,0,219.00,438.00,true,1,
8411061853207,false,"קרולינה הררה 212 200 מ""ל",לילית בישום,FR,קרולינה הררה 212,מיליליטרים,200.00,"100 מ""ל",false,1,279.00,139.50,true,1,
8411061994696,false,"212HEROES א.ד.פ 80 מ""ל",,ES,212HEROES א.ד.פ,מיליליטרים,80.00,"100 מ""ל",false,1,349.00,436.25,true,1,
8411114085722,false,סט בושם פרוזן אנה/אלזה,,ES,פרוזן שני בשמים,מיליליטרים,30.00,"100 מ""ל",false,0,52.90,176.33,true,1,
8411114086248,false,ספידרמן 100בושם מל,,ES,"ספיידרמן 100 מ""ל",מיליליטרים,100.00,"100 מ""ל",false,0,52.90,52.90,true,1,
8423207206488,false,סלים דליס חטיף דגנים מצופה שוקולד חלב מרבה 6*20 גרם,אף.סי תבליני בגליל ב,ES,חטיפי דגנים מרבה,גרמים,120.00,100 גרם,false,0,15.90,13.25,true,1,
8423207206495,false,סלים דליס חטיף דגנים מצופה שוקולד מריר מרבה 6*20 גרם,אף.סי תבליני בגליל ב,ES,חטיפי דגנים מרבה,גרמים,120.00,100 גרם,false,0,15.90,13.25,true,1,
8423207206501,false,סלים דליס חטיף דגנים עם שוקולד חלב מרבה 6*13 גרם,סלים דליס Slim Delis,ES,חטיפי דגנים מרבה,גרמים,120.00,100 גרם,false,0,15.90,13.25,true,1,
8423207207362,false,חטיפי סלים דליס שוקולד לבן מרבה 6 יחידות,ביסנצ'ורי אס.אל.יו,ES,סלים דליס,גרמים,120.00,100 גרם,false,0,15.90,13.25,true,1,
8423207208680,false,חטיף דגנים שוקולד סלים דליס לילדים מרבה 6 יחידות,ביסנצ'ורי אס.אל.יו,ES,סלים דליס 6 יח,גרמים,120.00,100 גרם,false,1,15.90,13.25,true,1,
8423207208697,false,חטיפי סלים דליס לילדים שוקולד לבן מרבה 6 יחידות,ביסנצ'ורי אס.אל.יו,ES,סלים דליס 6 יח,גרמים,120.00,100 גרם,false,1,15.90,13.25,true,1,
8423207210287,false,מרבה סלים דליס שוקולד לבן בטעם יוגורט 120 ג',סלים דליס Slim Delis,ES,סלים דליס 6 יח,גרמים,120.00,100 גרם,false,1,15.90,13.25,true,1,
8423207210928,false,חטיף דגנים מצופה שוקולד חלב ואגוזי לוז - 5 במארז,נוטרישן אנד סנטה קוב,ES,חטיפי דגנים מרבה,גרמים,90.00,100 גרם,false,1,15.90,17.67,true,1,
8427030005010,false,תרכובת מזון על בסיס חלב A.R מלידה ואילך,אבוט מעבדות רפואיות,ES,סימילאק AR,גרמים,375.00,100 גרם,false,0,44.90,11.97,true,1,
8427030007274,false,סימילאק גולד קומפורט 1 תרכובת מזון על בסיס חלב,אבוט לבורטוריס ס.א.,ES,סימילאק קומפורט,גרמים,360.00,100 גרם,false,1,50.90,14.14,true,1,
8427030007281,false,סימילאק גולד קומפורט 1 תרכובת מזון על בסיס חלב,סימילאק Similac,ES,סימילאק קומפורט,גרמים,820.00,100 גרם,false,1,106.90,13.04,true,1,
8427030007298,false,סימילאק גולד קומפורט 2 תרכובת מזון על בסיס חלב,אבוט לבורטוריס ס.א.,ES,סימילאק קומפורט,גרמים,820.00,100 גרם,false,1,106.90,13.04,true,1,
8431754002682,false,VAPO EDT HALLOWEEN מל200,,ES,VA EDT HALLOWEEN,מיליליטרים,200.00,"100 מ""ל",false,1,299.00,149.50,true,1,
8431754007250,false,"הלווין מאן אדט 125 מ""ל",,ES,הלווין מאן אדט,מיליליטרים,125.00,"100 מ""ל",false,1,209.00,167.20,true,1,
8435137759781,false,LUNA ROSSA CARBON EDT V100ML,,FR,CARBON PLR,מיליליטרים,1.00,"100 מ""ל",false,0,329.00,32900.00,true,1,
8435415012690,false,"לה מאל אדט 200 מ""ל",PUIG בישום,IL,לה מאל אדט,מיליליטרים,200.00,"100 מ""ל",false,0,359.00,179.50,true,1,
8435495805168,false,"תינוקלין לכביסה לעור רגיש אולימפיק 1.25ק""ג",מולינו ניקולי s.p.a,PL,א.כביסה תינוקלין,גרמים,1250.00,100 גרם,false,1,24.90,1.99,true,1,
8435495807605,false,תינוקלין מרכך כביסה היפואלרגני מרוכז 1 ליטר,מולינו ניקולי s.p.a,TR,תינוקלין מרכך,ליטרים,1.00,ליטר,false,1,14.90,14.90,true,1,
8435495807636,false,"תינוקלין ג'ל כביסה בייבי סנסטיב היפואלרגני, 2 ליטר",פרוקטר אנד גמבל,TR,תינוקלין ג'ל,ליטרים,2.00,ליטר,false,1,34.90,17.45,true,1,
8436550502619,false,"טאוס קלולן לגבר 100 מ""ל",,ES,טאוס קלולן לגבר,מיליליטרים,100.00,"100 מ""ל",false,1,198.00,198.00,true,1,
8436550507584,false,"טוס לאב מי אדפ לאישה 90 מ""ל",PYD,ES,Me LOVE TOUS,מיליליטרים,90.00,"100 מ""ל",false,1,259.00,287.78,true,1,
8683130025574,false,"מרכך כביסה מרוכז אקסטרה לבנדר בדין 960 מ""ל",יבוא ושיווק: יוניליוור י,TR,מרכך בדין לבנדר,מיליליטרים,960.00,"100 מ""ל",false,1,19.90,2.07,true,1,
8690526009254,false,אי טי אי - מיני עוגה אישית מצופה במילוי קרם קקאו 144 גרם,"GIDA ETI , טורקיה n\",TR,מיני עוגות מצופו,גרמים,144.00,100 גרם,false,1,10.90,7.57,true,1,
8690526019154,false,אי טי אי - וופל קקאו במילוי קרם קקאו 142 גרם,מולינו ניקולי s.p.a,TR,וופל קרם קקאו,גרמים,142.00,100 גרם,false,1,8.50,5.99,true,1,
8690526029238,false,אתי מארז וופלים במילוי שוקולד מריר 50גרם,"GIDA ETI , טורקיה n\",TR,וופל מצופה שוקול,גרמים,150.00,100 גרם,false,1,10.90,7.27,true,1,
8690572794715,false,"גליס - מרכך לאיזון והזנת הקרקפת 400 מ""ל","הובי קוסמטיק, חברת ייצור",TR,מרכך לאיזון והזנ,מיליליטרים,400.00,"100 מ""ל",false,1,14.90,3.73,true,1,
8690604468287,false,לק זוהר ונוצץ 013,PRETTY,TR,לק זוהר ונוצץ 13,יחידה,1.00,יחידה,false,0,5.90,5.90,true,1,
8690604468294,false,לק זוהר ונוצץ 014,PRETTY,TR,לק זוהר ונוצץ 14,יחידה,1.00,יחידה,false,0,5.90,5.90,true,1,
8690604468478,false,לק במראה מט 005,PRETTY,TR,לק במראה מט 005,יחידה,1.00,יחידה,false,0,5.90,5.90,true,1,
8690637505607,false,בדין אקסטרה מרכך כביסה בניחוח פינוק כחול,יוניליוור סנאיי וי טיקאר,TR,מרכך כביסה בדין,מיליליטרים,960.00,"100 מ""ל",false,1,19.90,2.07,true,1,
8690637506956,false,"דאב - שמפו למניעת קשקשים 600 מ""ל",יוניליוור סנאי ווי טיקאר,TR,דאב שמפו קשקשים,מיליליטרים,600.00,"100 מ""ל",false,1,21.90,3.65,true,1,
8690637704376,false,"שמפו לטיפוח יום יומי דאב 600 מ""ל",יוניליוור סנאיי וי טיקאר,TR,שמפו דאב,מיליליטרים,600.00,"100 מ""ל",false,0,21.90,3.65,true,1,
8690637704390,false,"מרכך שיער לטיפוח יום יומי דאב 600 מ""ל",יוניליוור טורקיה. אזור ת,TR,דאב מרכך שיער,מיליליטרים,600.00,"100 מ""ל",false,0,21.90,3.65,true,1,
8690637799594,false,תה ירוק ליפטון נענע בסגנון מרוקאי 20יח',בסן בסין סנאיי וי טי,TR,תה ירוק נענע,גרמים,36.00,100 גרם,false,1,17.40,48.33,true,1,
8690637835643,false,"תה ירוק לימונית ולאויזה 30 גרם ""ליפטון""",יונילוור - תורכיה,TR,תה ירוק ליפטון,גרמים,30.00,100 גרם,false,1,17.40,58.00,true,1,
8690637865596,false,דאב תחליב רחצה לידיים 500 הזנה עמוקה,קוסטר אירוסול ולף סנ,TR,דאב סבון ידיים,מיליליטרים,500.00,"100 מ""ל",false,1,16.90,3.38,true,1,
8690637871061,false,"דאב שמפו עם שמן אבוקדו ותמצית קלנדולה 600 מ""ל",יונילוור - תורכיה,TR,שמפו דאב,מיליליטרים,600.00,"100 מ""ל",false,1,21.90,3.65,true,1,
8690637946318,false,"מרכך כביסה בדין מרוכז אקסטרה בייבי טלק 960 מ""ל",יוניליוור סנאיי וי טיקאר,TR,מרכך בדין בייבי,מיליליטרים,960.00,"100 מ""ל",false,1,19.90,2.07,true,1,
8690784516778,false,"דאק נוזל ג'ל לניקוי עם אקונומיקה מקציפה 750 מ""ל",אס.סי.גונסון,NL,ג'ל מקציף דאק,מיליליטרים,750.00,"100 מ""ל",false,1,15.90,2.12,true,1,
8691900174049,false,קוטקס תחבושות אולטרה לונג 18 יח',חוגלה קימברלי,CZ,קוטקס תחבושת,יחידה,1.00,יחידה,false,1,19.90,19.90,true,1,
8693495051255,false,מברשת שיניים סלים סופט זהב קולגייט זוג,קולגייט - פלמוליב,CN,2מברשות קולגייט,יחידה,1.00,יחידה,false,1,38.90,38.90,true,1,
8693495054058,false,פלמוליב ס.נוזלי לומינוס מקדמיה 750 משאבה,קולגייט פלמוליב,TR,פלמוליב ג'ל רחצה,מיליליטרים,750.00,"100 מ""ל",false,1,22.90,3.05,true,1,
8696630143792,false,"LADY BELLA - ספריי צבע שחור לכיסוי זמני של שורשי השיער 100 מ""ל",,TR,ספריי צבע לשיער,מיליליטרים,100.00,"100 מ""ל",false,1,24.90,24.90,true,1,
8699568532171,false,וולהפלקס ספריי חזק 75 מל,THEORAT INTERSPRAY,DE,וולהפלקס ספריי,מיליליטרים,75.00,"100 מ""ל",false,1,9.90,13.20,true,1,
8710103527800,false,אוונט מוצץ חיות טרומן 6-18 ללא ביספינול,פיליפס אוונט,GB,אוונט מוצץ חיות-,יחידה,1.00,יחידה,false,0,44.90,44.90,true,1,
8710103779834,false,כוס לגן פיה גמישה בנים 2,אוונט,ID,אוונט כוס לגן,מיליליטרים,260.00,"100 מ""ל",false,1,49.90,19.19,true,1,
8710103803874,false,אוונט מוצץ 6-18 ULTRA SOFT חלל,פיליפס אוונט,GB,מוצץ אולטרה סופט,יחידה,1.00,יחידה,false,1,54.90,54.90,true,1,
8710103826279,false,אוונט כוס שתיה פיה רכה גיל 9+ 300מל בנים,כמיפל,ID,אוונט כוס לגן,מיליליטרים,300.00,"100 מ""ל",false,1,49.90,16.63,true,1,
8710103831662,false,ONE BLADE מכשיר לעיצוב זיפים וגילוח פנים וגוף 45 דקות פעולה,פיליפס-גילוח,ID,וואן בלייד לפנים,יחידה,1.00,יחידה,false,1,289.90,289.90,true,1,
8710103845836,false,פיליפס זוג סכינים ONE BLADE,פילפס,ID,סכינים לוואן בלי,יחידה,1.00,יחידה,false,1,119.90,119.90,true,1,
8710103851837,false,אוונט מוצץ קלאסי 6-18 פיה,פיליפס אוונט,GB,מוצץ מאויר בנות,יחידה,1.00,יחידה,false,1,49.90,49.90,true,1,
8710103855514,false,אוונט כוס שתיה פיה קשיחה 12+ 300 מל בנים,כמיפל,ID,אוונט כוס לגן,מיליליטרים,300.00,"100 מ""ל",false,1,49.90,16.63,true,1,
8710103868699,false,אוונט בקבוק פוליפרופילן חלבי קלאסי 330 מ,פיליפס אוונט,GB,בקבוק אוונט,יחידה,1.00,יחידה,false,1,44.90,44.90,true,1,
8710103870067,false,אוונט בקבוק נטורל 2 לויתן 260 מל,פיליפס אוונט,GB,בקבוק נטורל לוית,יחידה,1.00,יחידה,false,1,54.90,54.90,true,1,
8710103873815,false,אוונט נטורל 2 פטמות ניובורן,פיליפס אוונט,GB,אוונט פטמת ניו ב,יחידה,1.00,יחידה,false,1,43.90,43.90,true,1,
8710103873938,false,אוונט זוג פטמות נטורל מעבר בינוני,פיליפס אוונט,GB,אוונט פטמת מעבר,יחידה,1.00,יחידה,false,1,43.90,43.90,true,1,
8710103875666,false,אוונט בקבוק נטורל 2 125 מל,פיליפס אוונט,GB,אוונט בקבוק,יחידה,1.00,יחידה,false,1,54.90,54.90,true,1,
8710103875888,false,אוונט בקבוק נטורל 2 260 מל,פיליפס אוונט,GB,אוונט בקבוק,יחידה,1.00,יחידה,false,1,54.90,54.90,true,1,
8710103876014,false,אוונט בקבוק נטורל 2 תכלת 260 מל,כמיפל,GB,אוונט בקבוק,יחידה,1.00,יחידה,false,1,54.90,54.90,true,1,
8710103876540,false,אוונט בקבוק נטורל 2 חד קרן 260 מל,פיליפס אוונט,GB,בקבוק נטורל 2 חד,יחידה,1.00,יחידה,false,1,54.90,54.90,true,1,
8710103901754,false,אוונט מוצץ 0-6 אולטרה אייר לילה בנות,פיליפס אוונט,GB,מוצץ אולטרא אייר,יחידה,1.00,יחידה,false,1,54.90,54.90,true,1,
8710103901792,false,אוונט מוצץ 6-18 אולטרה אייר לילה בנים,פיליפס אוונט,GB,מוצץ אולטרא אייר,יחידה,1.00,יחידה,false,1,54.90,54.90,true,1,
8710103901822,false,אוונט מוצץ 6-18 אולטרה אייר לילה בנות,פיליפס אוונט,GB,מוצץ אולטרא אייר,יחידה,1.00,יחידה,false,1,54.90,54.90,true,1,
8710103938484,false,אוונט מוצץ 0-6 ULTRA SOFT בנות באני,פיליפס אוונט,NL,מוצץ באני סופט,יחידה,1.00,יחידה,false,1,54.90,54.90,true,1,
8710103938538,false,אוונט מוצץ 6-18 ULTRA SOFT בנים ים,פיליפס אוונט,NL,מוצץ סי סופט,יחידה,1.00,יחידה,false,1,54.90,54.90,true,1,
8710103942702,false,אוונט מוצץ 0-6 אולטרה אייר ורוד-ורוד,פיליפס אוונט,NL,מוצץ אייר דיר או,יחידה,1.00,יחידה,false,1,54.90,54.90,true,1,
8710103949435,false,אוונט מוצץ 6-18 ULTRA AIR חיות בנות,פיליפס אוונט,NL,מוצץ אנימל אייר,יחידה,1.00,יחידה,false,1,54.90,54.90,true,1,
8710103952213,false,סכין לוואן בלייד יח',פיליפס-גילוח,ID,סכין לוואן בלייד,יחידה,1.00,יחידה,false,1,79.90,79.90,true,1,
8710428005762,false,תרכובת מזון לתינוקות על בסיס חלבון סויה איזומיל טף שלב 2,"אבוט מעבדות רפואיות בע""מ",NL,סימילאק צמחי,גרמים,400.00,100 גרם,false,0,45.90,11.48,true,1,
8710428016355,false,פדיאשור השלמה תזונתית בטעם שוקולד 400 גר,אבוט מעבדות רפואיות,NL,פדיאשור שוקולד,גרמים,400.00,100 גרם,false,1,39.90,9.98,true,1,
8710428017000,false,פדיאשור השלמה תזונתית בטעם וניל 850 גרם,General,NL,פדיאשור ונילה,גרמים,850.00,100 גרם,false,1,79.90,9.40,true,1,
8710428017024,false,פדיאשור השלמה תזונתית בטעם שוקולד 850 גר,פדיאשור Pediasure,NL,פדיאשור שוקולד,גרמים,850.00,100 גרם,false,1,79.90,9.40,true,1,
8710447240915,false,מסכה טרזמה משקמת בתוספת ביוטין 300 גר,"יוניליוור פולין, רחוב קר",PL,טרזמה מסכה משקמת,מיליליטרים,300.00,"100 מ""ל",false,1,34.90,11.63,true,1,
8710502470035,false,מרבה פטיסרי עוגיות נוגטלי אגוזים 200 גרם,"י. מרבה ישראל בע""\מ",NL,עוגיות מרבה,גרמים,200.00,100 גרם,false,1,11.90,5.95,true,1,
8710800961310,false,סוכריות בטעם תות מנטוס 4*375 גרם,פרפטי ואן מלה ברדה,NL,מנטוס תות 4 יח,גרמים,150.00,100 גרם,false,0,11.90,7.93,true,1,
8710847973970,false,"תחליב רחצה דאב אלוורה מי עץ שדר, 750 מ""ל","יוניליוור גרמניה, Gmbh &",DE,תחליב רחצה דאב,מיליליטרים,750.00,"100 מ""ל",false,1,23.90,3.19,true,1,
8710908326691,false,"תחליב רחצה פרח האדמונית דאב 750 מ""ל",יוניליוור גרמניה (בו,DE,תחליב רחצה דאב,מיליליטרים,750.00,"100 מ""ל",false,1,23.90,3.19,true,1,
8710908693809,false,"טרזמה מסכה טיפולית עם קרטין 300מ""ל","יוניליוור פולין, רחוב קר",PL,מסכה טרזמה,מיליליטרים,300.00,"100 מ""ל",false,1,34.90,11.63,true,1,
8710908882463,false,תחליב רחצה Invigorating Ritual עם שמן אבוקדו וקלנדולה,יוניליוור,DE,תחליב רחצה דאב,מיליליטרים,500.00,"100 מ""ל",false,1,17.90,3.58,true,1,
8712400718073,false,נוטרילון A.R תרכובת מזון מגיל לידה,נוטרישה-נוטרילון,NL,נוטרילון 400 גרם,גרמים,400.00,100 גרם,false,0,51.90,12.98,true,1,
8712400802499,false,תרכובת מזון המשך לפעוטות על בסיס חלב שלב 1,נוטרישיה קאלק ב. ו.,NL,נוטרילון שלה1-,גרמים,800.00,100 גרם,false,0,68.90,8.61,true,1,
8712400802512,false,תרכובת מזון המשך לפעוטות על בסיס חלב שלב 2,נוטרישיה קאלק ב. ו.,NL,נוטרילון שלב2-,גרמים,800.00,100 גרם,false,0,68.90,8.61,true,1,
8712400802536,false,תרכובת מזון המשך לפעוטות על בסיס חלב שלב 3,נוטרישיה קאלק ב. ו.,NL,נוטרילון שלב3-,גרמים,800.00,100 גרם,false,0,68.90,8.61,true,1,
8712561594240,false,דאב תחליב רחצה להזנה עמוקה 500 מל חדש,"יוניליוור גרמניה, Gmbh &",DE,תחליב רחצה דאב,מיליליטרים,500.00,"100 מ""ל",false,1,17.90,3.58,true,1,
8712561611183,false,דאב סבון נוזלי 500 תמציות מלפפונים ותה,"יוניליוור גרמניה, Gmbh &",DE,תחליב רחצה דאב,מיליליטרים,500.00,"100 מ""ל",false,1,17.90,3.58,true,1,
8714100730065,false,דאב קצף ניקוי פנים מזין לעור מעורב עד שמ,"יוניליוור רוסיה, ,123022",RU,קצף ניקוי פנים,מיליליטרים,160.00,"100 מ""ל",false,1,39.90,24.94,true,1,
8714789177229,false,רבעיית מברשות שיניים קולגייט אקסטרה קלין 1 יחידה,הנסיך- מפעל לייצור ט,CN,4 מברשות שיניים,יחידה,1.00,יחידה,false,0,15.90,15.90,true,1,
8714789218465,false,מברשת שיניים 360 סופט קולגייט 2 יחידות,הנסיך- מפעל לייצור ט,CN,2 מברשות שיניים,יחידה,1.00,יחידה,false,0,38.90,38.90,true,1,
8714789260532,false,מברשת שיניים חשמלית קולגייט ברבי (סוללות)##,קולגייט-פלמוליב,CH,מברשת חשמלית,יחידה,1.00,יחידה,false,0,39.90,39.90,true,1,
8714789303925,false,מברשת שיניים 360 סנסטיב רכה במיוחד קולגייט 2 יחידות,קולגייט- פלמוליב,CH,2 מברשות שיניים,יחידה,1.00,יחידה,false,0,38.90,38.90,true,1,
8714789529561,false,"משחת שיניים סנסטיב פרו ריליף להלבנה קולגייט 75 מ""ל",קולגייט-פלמוליב,BR,משחת קולגייט,מיליליטרים,75.00,"100 מ""ל",false,0,19.90,26.53,true,1,
8714789699172,false,רביעית סבון פלמוליב דבש 4*90 גר,קולגייט פלמוליב,TR,סבון מוצק חלב וד,יחידה,1.00,יחידה,false,1,14.90,14.90,true,1,
8714789831275,false,מברשת שיניים 360 אופטיק ווייט קולגייט 2 יחידות,קולגייט-פלמוליב,CN,מברשות קולגייט,יחידה,1.00,יחידה,false,0,38.90,38.90,true,1,
8714789835112,false,קולגייט מברשת360 אופטיק וייט סופט חשמלית,COLGATE PALMOLIVE,CN,מברשת חשמלית,יחידה,1.00,יחידה,false,0,69.90,69.90,true,1,
8714789930848,false,"משחת שיניים אופטיק וייט הלבנה מיידית קולגייט 75 מ""ל",הנסיך- מפעל לייצור ט,PL,משחת קולגייט,מיליליטרים,75.00,"100 מ""ל",false,0,18.90,25.20,true,1,
8714789966403,false,ליידי ספיד סטיק פרו ג'ל 65 גרם,קולגייט פלמוליב,US,ליידי ספיד סטיק,גרמים,65.00,100 גרם,false,1,17.90,27.54,true,1,
8717163655825,false,"רקסונה דאו' ספריי לנשים בניחוח כותנה, 150 מ""ל","קוסטר אירוסול, גבזה 4140",GB,דאודורנט רקסונה,מיליליטרים,150.00,"100 מ""ל",false,1,17.90,11.93,true,1,
8717163658314,false,תחליב רחצה מים מיסלריים היפואלרגני לעור רגיש,יוניליוור גרמניה Gmbh &,DE,תחליב רחצה דאב,מיליליטרים,500.00,"100 מ""ל",false,1,17.90,3.58,true,1,
8717163842676,false,תח.רחצה דאב חימר ורוד ג500 RENEWING GLOW,יוניליוור גרמניה Gmb,DE,תחליב רחצה דאב,מיליליטרים,500.00,"100 מ""ל",false,1,17.90,3.58,true,1,
8717677336593,false,שוקולד חלב טוניס' שוקולונלי 180 גרם,טוניס/שוקולונלי,NL,שוקולד חלב מעולה,גרמים,180.00,100 גרם,false,1,19.90,11.06,true,1,
8717677336616,false,שוקולד מריר עם שקדים ומלח טוניס' שוקולונלי 180 גרם,טוניס/שוקולונלי,NL,שוקולד מריר,גרמים,180.00,100 גרם,false,1,19.90,11.06,true,1,
8717677336630,false,שוקולד חלב עם שקדים ודבש טוניס' שוקולונלי 180 גרם,טוניס/שוקולונלי,NL,שוקולד חלב מעולה,גרמים,180.00,100 גרם,false,1,19.90,11.06,true,1,
8717677338436,false,שוקולד חלב עם אגוזי לוז טוניס' שוקולונלי 180 גרם,טוניס/שוקולונלי,NL,שוקולד חלב מעולה,גרמים,180.00,100 גרם,false,1,19.90,11.06,true,1,
8718117607662,false,נוטרילון A.R תרכובת מזון מגיל לידה,נוטרישה-נוטרילון,NL,נוטרילון AR,גרמים,900.00,100 גרם,false,1,99.90,11.10,true,1,
8718951030169,false,"קולגייט סנסיטיב הלבנה המסייעת בהגנה לשיניים רגישות 75 מ""ל",קולגייט Colgate,PL,משחת קולגייט,מיליליטרים,75.00,"100 מ""ל",false,1,21.90,29.20,true,1,
8718951044913,false,מרידול משחת שיניים להלבנה 75 מל,קולגייט פלמוליב,PL,משחת מרידול,מיליליטרים,75.00,"100 מ""ל",false,1,20.90,27.87,true,1,
8718951052109,false,מברשת שיניים חשמלית קולגייט מיניונים (סוללות)##,קולגייט-פלמוליב,CH,מברשת שיניים חשמ,יחידה,1.00,יחידה,false,1,39.90,39.90,true,1,
8718951093331,false,מרידול זוג מברשות שיניים אקסטרה סופט,קולגייט פלמוליב,CH,זוג מברשות מרידו,יחידה,1.00,יחידה,false,1,39.90,39.90,true,1,
8718951144064,false,מרידול מברשת שיניים פרודונט אקספרט זוג,"ש. שסטוביץ בע""\מ",CH,זוג מברשות מרידו,יחידה,1.00,יחידה,false,1,39.90,39.90,true,1,
8718951159402,false,"קולגייט משחת שיניים אופטיק וויט - אקסטרה פאוור 75 מ""ל",קולגייט,PL,מ.שיניים קולגייט,מיליליטרים,75.00,"100 מ""ל",false,1,29.90,39.87,true,1,
8718951187115,false,זוג מברשות שיניים אלמקס לילדים גילאי 3-6,GABA TRISA SWIZ,CN,מברשות אלמקס 2יח,יחידה,1.00,יחידה,false,1,26.90,26.90,true,1,
8718951187122,false,זוג מברשות שיניים אלמקס לילדים גילאי 0-3,GABA TRISA SWIZ,CN,מברשות אלמקס,יחידה,1.00,יחידה,false,1,26.90,26.90,true,1,
8718951222779,false,"מרידול פור משחה לשיניים וחניכיים בריאות 75 מ""ל",קולגייט פלמוליב,PL,משחת מרידול,מיליליטרים,75.00,"100 מ""ל",false,1,24.90,33.20,true,1,
8718951231504,false,מברשת שיניים חשמלית טרולים (סוללות) קולגיט,קולגייט-פלמוליב,CH,מברשת שיניים חשמ,יחידה,1.00,יחידה,false,1,39.90,39.90,true,1,
8718951236790,false,"קולגייט טוטאל משחת שיניים קלין מינט לפה בריא 100 מ""ל",קולגייט פלמוליב,PL,קולגייט טוטל,מיליליטרים,100.00,"100 מ""ל",false,1,15.90,15.90,true,1,
8718951236806,false,"קולגייט טוטאל הלבנה משחת שיניים המסייעת בהסרת כתמים 100 מ""ל",קולגייט Colgate,PL,קולגייט טוטל,מיליליטרים,100.00,"100 מ""ל",false,1,15.90,15.90,true,1,
8718951236813,false,"קולגייט טוטאל משחת שיניים ניקוי מתקדם לפה בריא יותר 100 מ""ל",קולגייט פלמוליב,PL,משחת קולגייט,מיליליטרים,100.00,"100 מ""ל",false,1,15.90,15.90,true,1,
8718951240742,false,"קולגייט טוטאל משחת שיניים פסים מרעננים 100 מ""ל",קולגייט פלמוליב,PL,קולגייט טוטל,מיליליטרים,100.00,"100 מ""ל",false,1,15.90,15.90,true,1,
8718951264618,false,"קולגייט אופטיק וייט פחם צ'רקול משחת שיניים, 75 מ""ל",קולגייט-פלמוליב,PL,משחת קולגייט,מיליליטרים,75.00,"100 מ""ל",false,1,19.90,26.54,true,1,
8718951278851,false,מ.שיניים אדוונס וויט פחם,קולגייט,PL,מ.שיניים קולגייט,מיליליטרים,100.00,"100 מ""ל",false,1,16.90,16.90,true,1,
8718951281738,false,אלמקס סנסיטיב משחה לשיניים רגישות,CP-Poland swidnica,PL,משחת אלמקס,מיליליטרים,75.00,"100 מ""ל",false,1,18.90,25.20,true,1,
8718951286733,false,"קולגייט אופטיק וייט לסטינג וייט משחת שיניים 75 מ""ל",קולגייט Colgate,PL,משחת אופטיק וויט,מיליליטרים,75.00,"100 מ""ל",false,1,19.90,26.54,true,1,
8718951288492,false,"משחת שיניים מרידול בי טיוב מארז 2*75 מ""ל",קולגייט פלמוליב,PL,משחת מרידול 2 יח,מיליליטרים,150.00,"100 מ""ל",false,1,32.90,21.93,true,1,
8718951315303,false,"קולגייט אדומה משחת שיניים להגנה מפני עששת 2*100 מ""ל",קולגייט-פלמוליב,PL,משחת קולגייט 2יח,מיליליטרים,200.00,"100 מ""ל",false,1,18.90,9.45,true,1,
8718951338128,false,"ליידי ספיד סטיק רול און שאוור פרש 50 מ""ל",קולגייט פלמוליב,IT,דאודורנט רול און,מיליליטרים,50.00,"100 מ""ל",false,1,14.90,29.80,true,1,
8718951366015,false,"קולגייט - משחת שיניים אופטיק וויט אקס קומפ 75 מ""ל",CP-Poland swidnica,PL,קולגייט להלבנה,מיליליטרים,75.00,"100 מ""ל",false,1,39.90,53.20,true,1,
8718951370135,false,פלמוליב ס.נוזלי ארומה סנסיישן גלואו 750,קולגייט פלמוליב,TR,סבון פלמוליב,מיליליטרים,750.00,"100 מ""ל",false,1,22.90,3.05,true,1,
8718951377998,false,קולגייט סופט פואם זוג מברשות שיניים לניק,קולגייט פלמוליב,CN,זוג מברשות סופט,יחידה,1.00,יחידה,false,1,39.90,39.90,true,1,
8718951380981,false,קולגייט מי פה פחם פלאקס,קולגייט,PL,קולגייט מי פה,מיליליטרים,500.00,"100 מ""ל",false,1,19.90,3.98,true,1,
8718951381292,false,"משחת שיניים מקס דיטוקס פואם קולגייט 125 מ""ל",קולגייט Colgate,PL,משחת מקס דיטוקס,מיליליטרים,125.00,"100 מ""ל",false,1,22.90,18.32,true,1,
8718951382640,false,"פלמוליב ג'ל רחצה חימר ואלוורה 750 מ""ל",קולגייט פלמוליב,TR,סבון פמוליב,מיליליטרים,750.00,"100 מ""ל",false,1,22.90,3.05,true,1,
8718951382664,false,"פלמוליב ג'ל רחצה חימר ואקליפטוס 750 מ""ל",קולגייט פלמוליב,TR,סבון פמוליב,מיליליטרים,750.00,"100 מ""ל",false,1,22.90,3.05,true,1,
8718951382718,false,"פלמוליב ג'ל רחצה חימר התחדשות 750 מ""ל",קולגייט פלמוליב,TR,סבון פמוליב,מיליליטרים,750.00,"100 מ""ל",false,1,22.90,3.05,true,1,
8718951409798,false,זוג מברשות שיניים מקס וויט פחם קולגייט,הנסיך- מפעל לייצור ט,PL,מברשת שיניים פחם,יחידה,1.00,יחידה,false,1,27.90,27.90,true,1,
8718951412378,false,משחת שיניים לחניכיים רגישות ולנשימה רעננה,קולגייט פלמוליב,PL,מרידול משחה,מיליליטרים,75.00,"100 מ""ל",false,1,24.90,33.20,true,1,
8718951446564,false,"סבון נוזלי מומנטס עץ אלגום ולבנדר 500 מ""ל פלמוליב",שסטוביץ,TR,סבון פלמוליב,מיליליטרים,500.00,"100 מ""ל",false,1,18.90,3.78,true,1,
8718951452770,false,סבון גוף עדין שקדים500מל,קולגייט פלמוליב,TR,סבון גוף פלמוליב,מיליליטרים,500.00,"100 מ""ל",false,1,18.90,3.78,true,1,
8718951477384,false,"קולגייט משחת שיניים טוטאל ג'ל מתקדם פיור 75 מ""ל",קולגייט פלמוליב,PL,משחת טוטאל ג'ל,מיליליטרים,75.00,"100 מ""ל",false,1,21.90,29.20,true,1,
8718951509627,false,"קולגייט אופטיק וייט לאוהבי קפה ותה משחת שיניים 75 מ""ל",קולגייט פלמוליב,PL,קולגייט משחה,מיליליטרים,75.00,"100 מ""ל",false,1,29.90,39.87,true,1,
8720181046605,false,דאב - דאודורנט ספריי לאישה אורגינל כחול 150מל,"יוניליוור אנגליה, דרך קו",TR,דאודורנט דאב,מיליליטרים,150.00,"100 מ""ל",false,1,13.90,9.27,true,1,
8720181090219,false,תחליב רחצה רימונים ותמצית פרח היביסקוס,"יוניליוור גרמניה, Gmbh &",DE,תחליב רחצה דאב,מיליליטרים,750.00,"100 מ""ל",false,1,23.90,3.19,true,1,
8720181123955,false,"אקס - ג'ל רחצה ריצארג קריד 400 מ""ל",יוניליוור גרמניה Gmbh &,GB,ג'ל רחצה ריצ'ארג,מיליליטרים,400.00,"100 מ""ל",false,1,15.90,3.98,true,1,
8720181201332,false,דאב אל סבון מוצק גרגרים 90 גרם רביעייה,יוניליוור ישראל טיפוח אי,DE,דאב סבון מוצק גר,גרמים,360.00,100 גרם,false,1,17.00,4.72,true,1,
8720182253156,false,דאב אל סבון מוצק מלפפונים 90 גרם רביעייה,יוניליוור ישראל טיפוח אי,DE,דאב סבון מוצק מל,גרמים,360.00,100 גרם,false,1,17.00,4.72,true,1,
8720182256850,false,דאב אל סבון מוצק קלאסי 90 גרם רביעייה,יוניליוור ישראל טיפוח אי,DE,דאב סבון מוצק קל,גרמים,360.00,100 גרם,false,1,17.00,4.72,true,1,
8850006331699,false,שלישיית מברשת שיניים קולגייט סלים סופט,קולגייט פלמוליב,CN,3 מברשות קולגייט,יחידה,1.00,יחידה,false,1,33.90,33.90,true,1,
8850389103111,false,סאפי משקה אלוורה בטעם ענבים 300מל,סאפה פובליק קומפני ל,TH,משקה סאפה ענבים,מיליליטרים,300.00,"100 מ""ל",false,0,7.00,2.33,true,1,
8850389103159,false,"משקה ליצ'י עם חתיכות גלי קוקוס 320 מ""ל מוגו מוגו",סאפה פובליק קומפני לימיי,TH,מוגו ליצ'י קוקוס,מיליליטרים,320.00,"100 מ""ל",false,1,6.90,2.16,true,1,
8850389104637,false,"משקה קל סאפה אלוורה אפרסק 300 מ""ל",סאפה פובליק קומפני ל,TH,סאפה אפרסק,מיליליטרים,300.00,"100 מ""ל",false,0,7.00,2.33,true,1,
8850389111352,false,"משקה מלון עם חתיכות גלי קוקוס 320 מ""ל מוגו מוגו",סאפה פובליק קומפני לימיי,TH,מוגו מלון קוקוס,מיליליטרים,320.00,"100 מ""ל",false,1,6.90,2.16,true,1,
8888021200720,false,סוללות אנרג'ייזר AAA מקס 8 יחידות,יצרן: אנרג'ייזר סינג,SG,8 סוללות AAA,יחידה,1.00,יחידה,false,0,32.90,32.90,true,1,
8901138500306,false,משחת שיניים איורודית עם פלואוריד מן הטבע,הימלאיה Himalaya,IN,מש.שיניים הימלאי,מיליליטרים,100.00,"100 מ""ל",false,0,18.90,18.90,true,1,
8901138825591,false,"משחת שיניים הימלאיה מלבינה 75 מ""ל",הימלאיה Himalaya,IN,משחת שיניים,מיליליטרים,75.00,"100 מ""ל",false,1,18.90,25.20,true,1,
8901314308443,false,קולגייט מברשת שיניים זי זג מארז שישיה סנסטיב,,IN,6 מברשות שיניים,יחידה,1.00,יחידה,false,1,14.90,14.90,true,1,
8901314517487,false,קולגייט מברשת 4יח 3,,IN,מברשת קולגייט360,יחידה,1.00,יחידה,false,1,29.90,29.90,true,1,
8901314517999,false,מברשת קולגייט צ'רקואלי4י,,CN,מברשת קולגייט360,יחידה,1.00,יחידה,false,1,29.90,29.90,true,1,
8901571011018,false,סנסודיין שלישייה מב.שיניים סנסטיב סופט,הנקל,IN,מברשת שיניים 3יח,יחידה,1.00,יחידה,false,1,20.00,20.00,true,1,
9000100590693,false,"סאיוס - מוס לשיער לייצוב מקסימלי 250 מ""ל",שוורצקופ,DE,מוס לעיצוב סאיוס,מיליליטרים,250.00,"100 מ""ל",false,0,27.90,11.16,true,1,
9000100590938,false,"סאיוס - מוס לשיער ליצירת נפח 250 מ""ל",שוורצקוף,DE,מוס לעיצוב סאיוס,מיליליטרים,250.00,"100 מ""ל",false,0,27.90,11.16,true,1,
9000100591058,false,"סאיוס - ג'ל לשיער לייצוב מקסימלי 250 מ""ל",הנקל סוד,DE,ג'ל לעיצוב סאיוס,מיליליטרים,250.00,"100 מ""ל",false,0,24.90,9.96,true,1,
9000100806657,false,"פה - דאודורנט רול און לאישה בלתי נראה 50 מ""ל",שוורצקופף והנקל,DE,דאודורנט פה,מיליליטרים,50.00,"100 מ""ל",false,0,14.90,29.80,true,1,
9000100843256,false,"גליס תמציות שמן 6 פעולות משקמות 75 מ""ל",שוורצקוף Schwarzkopf,SK,גליס שמן משקם,מיליליטרים,75.00,"100 מ""ל",false,0,35.90,47.87,true,1,
9000101520965,false,"סבון אסלה בניחוח מתחלף לוטוס עדין במבוק, 3 יחידות",ברף Bref,RS,ברף לאסלה 3 יח,גרמים,150.00,100 גרם,false,1,13.90,9.26,true,1,
9000101537550,false,פרסיל קאפסולות לכביסה לבנה וצבעונית 52 יח',הנקל סוד,HU,פרסיל פאוור קאפס,יחידה,1.00,יחידה,false,1,47.90,47.90,true,1,
9001616202100,false,מוצץ לתינוק ללא ביספנול 6+ מאם 2 יחידות,General,HU,זוג מוצצים מאמ,יחידה,1.00,יחידה,false,0,38.90,38.90,true,1,
9001616202117,false,מאם מוצצים סיליקון 0-6 זמן לאהבה אפור,טרופיקל דגיל תעשיות,HU,2 מוצצי סיליקון,יחידה,1.00,יחידה,false,0,38.90,38.90,true,1,
9001616202155,false,מוצץ לתינוק אולטי סיליקון ללא ביספנול 16+ מאם,מאם Mam,HU,זוג מוצצים מאמ,יחידה,1.00,יחידה,false,0,38.90,38.90,true,1,
9001616203305,false,זוג פטמות X לבקבוק 6+ חודשים,מאם Mam,HU,פיטמה למזון סמיך,יחידה,1.00,יחידה,false,0,29.90,29.90,true,1,
9001616203367,false,מאם זוג פטמות מס 2 זרימה בינונית,General,AT,פטמה לבקבוק,יחידה,1.00,יחידה,false,0,28.90,28.90,true,1,
9001616203626,false,מאם זוג פטמות מס 3 זרימה מהירה,General,AT,מאמ פטמות,יחידה,1.00,יחידה,false,0,29.90,29.90,true,1,
9001616205774,false,מאם אנימלס מוצצי סיליקון 0-6 תכלת,אלפא,HU,מוצץ מאמ,יחידה,1.00,יחידה,false,0,38.90,38.90,true,1,
9001616205781,false,מאם מוצצים סיליקון 6+ אנימלס כחול,אלפא,HU,מוצץ מאמ,יחידה,1.00,יחידה,false,0,38.90,38.90,true,1,
9001616620065,false,זוג מוצצי סיליקון 6+חודשים Hebrew Sayings,מאם Mam,HU,מוצץ מאמ,יחידה,1.00,יחידה,false,0,38.90,38.90,true,1,
9001616671579,false,מאם מוצצים סיליקון 0-6 אייר תכלת,מאם Mam,AT,מוצץ מאמ AIR 0-6,יחידה,1.00,יחידה,false,1,38.90,38.90,true,1,
9001616676406,false,מאם בקבוק אנטי קוליק 320 מל תכלת,אלפא,AT,בקבוק אנטי קוליק,יחידה,1.00,יחידה,false,0,38.90,38.90,true,1,
9001616681363,false,"בקבוק לתינוק אנטי קוליק מאמ 260 מ""ל",General,HU,בקבוק אנטי קוליק,מיליליטרים,260.00,"100 מ""ל",false,1,38.90,14.96,true,1,
9001616702600,false,זוג מוצצים סיליקון מאמ 0-2 ורוד,General,HU,זוג מוצצים 0-2 ב,יחידה,1.00,יחידה,false,1,38.90,38.90,true,1,
9001616702655,false,מאם מוצצים סיליקון 0-6 לילה זוהרים ורוד,General,HU,זוג מוצצים 0-6 ז,יחידה,1.00,יחידה,false,1,38.90,38.90,true,1,
9001616702679,false,זוג מוצצים סיליקון זמן לאהבה מאמ 0-6 ורוד,General,HU,זוג מוצצים 0-6 ז,יחידה,1.00,יחידה,false,1,38.90,38.90,true,1,
9001616702686,false,זוג מוצצים סיליקון אי לאב מאמי מאמ 0-6 ורוד,אלפא,HU,זוג מוצצים 0-6 א,יחידה,1.00,יחידה,false,1,38.90,38.90,true,1,
9001616702693,false,זוג מוצצי סיליקון בעלי חיים 0-6 ורוד,אלפא,HU,זוג מוצצים 0-6 ב,יחידה,1.00,יחידה,false,1,38.90,38.90,true,1,
9001616702716,false,זוג מוצצים סיליקון זוהרים בלילה מאמ +6 ורוד,General,HU,זוג מוצצים +6 זו,יחידה,1.00,יחידה,false,1,38.90,38.90,true,1,
9001616702723,false,מאם מוצצים סיליקון 6+ לילה זוהרים ירוק,General,HU,זוג מוצצים +6 זו,יחידה,1.00,יחידה,false,1,38.90,38.90,true,1,
9001616702808,false,זוג מוצצים סיליקון קלירליין מאמ +6 ורוד,אלפא,HU,זוג מוצצים +6 קל,יחידה,1.00,יחידה,false,1,38.90,38.90,true,1,
9001616702815,false,מאם מוצצים סיליקון 6+ אנימלס צהוב,אלפא,HU,זוג מוצצים +6 קל,יחידה,1.00,יחידה,false,1,38.90,38.90,true,1,
9001616702839,false,מאם מוצצים סיליקון 6+ ירוק קרם,General,HU,זוג מוצצים +6 קר,יחידה,1.00,יחידה,false,1,38.90,38.90,true,1,
9001616702846,false,מאם מוצצים סיליקון 0-6 אייר ורוד,General,AT,זוג מוצצים איר 0,יחידה,1.00,יחידה,false,1,38.90,38.90,true,1,
9001616702877,false,זוג מוצצים סיליקון מאמ +16 ורוד,General,HU,זוג מוצצים +16 ב,יחידה,1.00,יחידה,false,1,38.90,38.90,true,1,
9001616702921,false,מאם בקבוק אנטי קוליק 260 מל לבן,General,HU,בקבוק אנטי קוליק,יחידה,1.00,יחידה,false,1,38.90,38.90,true,1,
9001616702969,false,"בקבוק תינוק 270 מ""ל סגול",General,HU,בקבוק תינוק וורו,יחידה,1.00,יחידה,false,1,38.90,38.90,true,1,
9001616702976,false,"בקבוק לתינוק מאם 270 מ""ל",General,HU,בקבוק תינוק,יחידה,1.00,יחידה,false,1,38.90,38.90,true,1,
9001616702983,false,"בקבוק לתינוק מאמ 330 מ""ל",General,HU,בקבוק תינוק סגול,מיליליטרים,330.00,"100 מ""ל",false,1,38.90,11.79,true,1,
9001616702990,false,"בקבוק לתינוק מאמ 330 מ""ל",General,HU,בקבוק תינוק ירו,מיליליטרים,330.00,"100 מ""ל",false,1,38.90,11.79,true,1,
9001616703010,false,"בקבוק תינוק 330 מ""ל ורוד",General,AT,בקבוק תינוק ורוד,מיליליטרים,330.00,"100 מ""ל",false,1,38.90,11.79,true,1,
9001616703027,false,בקבוק האכלה לתינוק מ,General,AT,בקבוק תינוק אפור,מיליליטרים,330.00,"100 מ""ל",false,1,38.90,11.79,true,1,
9001616703225,false,מחזיק מוצץ בת יחידה,טרופיקל דגיל תעשיות,HU,מחזיק מוצץ בת,יחידה,1.00,יחידה,false,1,28.90,28.90,true,1,
9001616705335,false,מאם זוג פטמות מס 0 ניו בורן,General,AT,פטמות ניו בורן,יחידה,1.00,יחידה,false,1,29.90,29.90,true,1,
9001616804564,false,מאם זוג ידיות לבקבוק יום ולילה תכלת,אלפא,AT,ידיות לבקבוק תכל,יחידה,1.00,יחידה,false,1,34.90,34.90,true,1,
9005800343143,false,"ניוואה מן אפטר-שייב קול קיק פרש 100 מ""ל",beiersdorf,DE,אפטר שייב ניוואה,מיליליטרים,100.00,"100 מ""ל",false,1,49.90,49.90,true,1,
9005800345291,false,"ניוואה היידרה סקין אפקט ג'ל מיסלרי לניקוי הפנים עם חומצה היאלורונית 150 מ""ל",ניואה,DE,היידרה סקין אפקט,מיליליטרים,150.00,"100 מ""ל",false,1,29.90,19.93,true,1,
9310072028743,false,טים טם ביסקוויט במילוי שוקולד 200 גרם,"ארנוטס ביסקוויטס בע""",AU,טים טם אורגינל,גרמים,200.00,100 גרם,false,1,19.80,9.90,true,1,
9310072028750,false,טים טם Tim Tam וופל שוקולד ציפוי כפול,"ארנוטס ביסקוויטס בע""",AU,טים טם דאבל,גרמים,200.00,100 גרם,false,1,19.80,9.90,true,1,
9310088007015,false,דיפנד תחבושות אוברנייט בלילה,קימברלי-קלארק,VN,תחבושות דיפנד,יחידה,1.00,יחידה,false,0,21.90,21.90,true,1,
9310714206140,false,שוורצקופף - ג'ל צביעה לגבר חום שחור,הנקל סוד,DE,ג'ל צביעה לגבר,יחידה,1.00,יחידה,false,0,64.90,64.90,true,1,
