code,internal_code,name,manufacturer_name,manufacture_country,manufacturer_item_description,unit_qty,quantity,unit_of_measure,weighted,qty_in_package,price,unit_of_measure_price,allow_discount,status,item_id
911,true,שרי באשכול,חקלאי,IL,שרי באשכול,קילוגרמים,1.00,"ק""ג",true,,19.90,0.00,true,1,221129
917,true,עגבניה,חקלאי,IL,עגבניה,קילוגרמים,1.00,"ק""ג",true,,9.90,0.00,true,1,221131
918,true,עגבניה תמר,חקלאי,IL,עגבניה תמר,קילוגרמים,1.00,"ק""ג",true,,11.90,0.00,true,1,229424
920,true,מלפפון,חקלאי,IL,מלפפון,קילוגרמים,1.00,"ק""ג",true,,9.90,0.00,true,1,221133
942,true,ענבים לבנים,חקלאי,IL,ענבים לבנים,קילוגרמים,1.00,"ק""ג",true,,29.90,0.00,true,1,221080
943,true,ענב שחור,חקלאי,IL,ענב שחור,קילוגרמים,1.00,"ק""ג",true,,44.90,0.00,true,1,221802
990,true,בצל יבש,חקלאי,IL,בצל יבש,קילוגרמים,1.00,"ק""ג",true,,6.90,0.00,true,1,221141
5497,true,מאפה קטן ליחידה גדרו,גדרון,IL,מאפה קטן ליחידה גדרון,,0.00,,false,1,3.90,0.00,true,1,255886
8216,true,בלון בודד קטן -גומי,גמר,,בלון בודד קטן -גומי מטאלי +הליום,,0.00,,false,1,5.90,0.00,true,1,243286
9110,true,בטטה,חקלאי,IL,בטטה,קילוגרמים,1.00,"ק""ג",true,,10.90,0.00,true,1,221029
9147,true,אפרסמון,חקלאי,IL,אפרסמון,קילוגרמים,1.00,"ק""ג",true,,29.90,0.00,true,1,221106
9160,true,פלפל אדום,חקלאי,IL,פלפל אדום,קילוגרמים,1.00,"ק""ג",true,,13.90,0.00,true,1,221128
9260,true,חסה ערבית ארוזה,חקלאי,IL,חסה ערבית ארוזה,,0.00,,false,1,5.90,0.00,true,1,221051
9295,true,תפוח אדמה לבן,חקלאי,IL,תפוח אדמה לבן,קילוגרמים,1.00,"ק""ג",true,,5.90,0.00,true,1,221111
9306,true,סלרי עלים,חקלאי,IL,סלרי עלים,,0.00,,false,1,5.90,0.00,true,1,221063
9331,true,תות שדה במארז כ 250,חקלאי,IL,תות שדה במארז כ 250 גרם,,0.00,,false,1,19.90,0.00,true,1,221160
9348,true,שום בתפזורת,חקלאי,IL,שום בתפזורת,קילוגרמים,1.00,"ק""ג",true,,34.90,0.00,true,1,221117
9486,true,לימון,חקלאי,IL,לימון,קילוגרמים,1.00,"ק""ג",true,,12.90,0.00,true,1,221088
9500,true,תפוז מובחר,חקלאי,IL,תפוז מובחר,קילוגרמים,1.00,"ק""ג",true,,10.90,0.00,true,1,221084
9510,true,מנדרינה,חקלאי,IL,מנדרינה,קילוגרמים,1.00,"ק""ג",true,,12.90,0.00,true,1,221086
9525,true,פומלה,חקלאי,IL,פומלה,קילוגרמים,1.00,"ק""ג",true,,9.90,0.00,true,1,221087
9555,true,בננות,חקלאי,IL,בננות,קילוגרמים,1.00,"ק""ג",true,,11.90,0.00,true,1,221104
9560,true,אבוקדו,חקלאי,IL,אבוקדו,קילוגרמים,1.00,"ק""ג",true,,19.90,0.00,true,1,221108
9604,true,אגס ספדונה,חקלאי,IL,אגס ספדונה,קילוגרמים,1.00,"ק""ג",true,,13.90,0.00,true,1,221107
9613,true,גויאבה,חקלאי,IL,גויאבה,קילוגרמים,1.00,"ק""ג",true,,19.90,0.00,true,1,221099
9615,true,שסק שקיל,חקלאי,IL,שסק שקיל,קילוגרמים,1.00,"ק""ג",true,,29.90,0.00,true,1,221101
9626,true,מנגו,חקלאי,IL,מנגו,קילוגרמים,1.00,"ק""ג",true,,19.90,0.00,true,1,221076
9658,true,תפוח עץ סמיט,חקלאי,IL,תפוח עץ סמיט,קילוגרמים,1.00,"ק""ג",true,,14.90,0.00,true,1,221094
9697,true,תפוח עץ סטארקינג,חקלאי,IL,תפוח עץ סטארקינג,קילוגרמים,1.00,"ק""ג",true,,14.90,0.00,true,1,221095
9782,true,פסיפלורה יח,חקלאי,IL,פסיפלורה יח,,0.00,,false,1,21.90,0.00,true,1,221100
9965,true,תפוח עץ פינק,חקלאי,IL,תפוח עץ פינק,קילוגרמים,1.00,"ק""ג",true,,19.90,0.00,true,1,221093
41896,true,"קוקיס מריר מחיר לק""ג","גידרון תעשיות בע""מ",,קוקיס מריר מחיר לקג-גדרון,קילוגרמים,1.00,"ק""ג",true,,49.90,0.00,true,1,256494
41926,true,קוקיס שוקו,"גידרון תעשיות בע""מ",,קוקיס שוקו,קילוגרמים,1.00,"ק""ג",true,,49.90,0.00,true,1,256515
92614,true,בורקס טורקי פיטריות,"גידרון תעשיות בע""מ",,בורקס טורקי פיטריות מחיר לקג-גדרון,קילוגרמים,1.00,"ק""ג",true,,42.90,0.00,true,1,206096
94274,true,חצי בגט גדרון א.ק,גדרון,IL,חצי בגט גדרון א.ק,,0.00,,false,1,3.90,0.00,true,1,206986
96018,true,שנייק קינמון מחיר לק,"גידרון תעשיות בע""מ",,שנייק קינמון מחיר לקג-גדרון,קילוגרמים,1.00,"ק""ג",true,,42.90,0.00,true,1,206099
97282,true,קוראסון שוקולד ענק 1,"גידרון תעשיות בע""מ",,קוראסון שוקולד ענק 1 יח-גדרון,,0.00,,false,1,10.90,0.00,true,1,206527
99248,true,בורקס גבינה,"גידרון תעשיות בע""מ",,בורקס גבינה מחיר לקג גידרון,קילוגרמים,1.00,"ק""ג",true,,42.90,0.00,true,1,206105
99255,true,בורקס תפוא,"גידרון תעשיות בע""מ",,בורקס תפוא מחיר לקג -גידרון,קילוגרמים,1.00,"ק""ג",true,,42.90,0.00,true,1,206106
99385,true,גביניות,"גידרון תעשיות בע""מ",,גביניות מחיר לקג-גידרון,קילוגרמים,1.00,"ק""ג",true,,42.90,0.00,true,1,206108
99415,true,רוגלך,"גידרון תעשיות בע""מ",,רוגלך מחיר לקג-גידרון,קילוגרמים,1.00,"ק""ג",true,,42.90,0.00,true,1,206110
99439,true,"קוראסון קטן מחיר לק""","גידרון תעשיות בע""מ",,קוראסון קטן מחיר לקג-גידרון,קילוגרמים,1.00,"ק""ג",true,,42.90,0.00,true,1,206111
99460,true,קוראסון חמאה ענק 1 י,"גידרון תעשיות בע""מ",,קוראסון חמאה ענק 1 יח-גדרון,,0.00,,false,1,10.90,0.00,true,1,206526
99477,true,ק.ביס שוקולד,"גידרון תעשיות בע""מ",,ק.ביס שוקולד מחיר לקג-גידרון,קילוגרמים,1.00,"ק""ג",true,,42.90,0.00,true,1,206112
99545,true,מאפה גבינת בוקר,"גידרון תעשיות בע""מ",,מאפה גבינת בוקר,,0.00,,false,1,4.90,0.00,true,1,207061
99927,true,בורקס בולגרי,"גידרון תעשיות בע""מ",,בורקס בולגרי מחיר לקג-גידרון,קילוגרמים,1.00,"ק""ג",true,,42.90,0.00,true,1,206114
453781,true,שמרים יבשים 125 גרם,ללמנ איבריה,PT,שמרית שמרים יבשים 125 גרם,,0.00,,false,1,6.90,0.00,true,1,247082
497273,true,6 לחמניות אקטיב,,,6 לחמניות אקטיב,,0.00,,false,1,14.90,0.00,true,1,255307
498003,true,לחם קמח מלא E-FREE,יוליניבר,IL,לחם קמח מלא E-FREE,,0.00,,false,1,17.90,0.00,true,1,255305
4170134,true,בורקס תפוא גדול-גידר,"גידרון תעשיות בע""מ",,בורקס תפוא גדול-גידרון,,0.00,,false,1,10.90,0.00,true,1,250407
4170141,true,בורקס גבינה גדול איש,"גידרון תעשיות בע""מ",,בורקס גבינה גדול אישי גידרון,,0.00,,false,1,10.90,0.00,true,1,250406
5431869,true,זוג סברינה עדן,תנובה,IL,זוג סברינה עדן,,0.00,,false,1,14.70,0.00,true,1,257830
15775717,false,תערובת פירות יבשים ש,פיצוחי הטיב,IL,תערובת פירות יבשים שקדים וגרעינים 40 גרם,,0.00,,false,1,3.50,0.00,true,1,246551
30107014,false,נייר גלגול גדול +פיל,,,נייר גלגול גדול +פילטר בודד,,0.00,,false,1,10.00,0.00,true,1,229598
30112902,false,נייר גלגול קטן+פילטר,,,נייר גלגול קטן+פילטר בודד,,0.00,,false,1,8.90,0.00,false,1,231087
30112919,false,נ.ג. בינוני+פילטר בו,,,נ.ג. בינוני+פילטר בודד,,0.00,,false,1,9.50,0.00,false,1,229285
40084107,false,ביצת הפתעה קינדר בוד,פררו,IT,ביצת הפתעה - עשיר בחלב,,0.00,,false,1,7.90,0.00,true,1,206681
40084725,false,קנדר מילק סלייס עוגת,פררו טורקיה צ'יקולטה,TR,קנדר מילק סלייס עוגת ספוג במילוי קרם65%,,0.00,,false,1,5.90,0.00,true,1,255980
40111216,false,חטיף שוקולד באונטי 5,מרס הולנד בי.וי.,NL,חטיף קוקוס רך מצופה שוקולד חלב באונטי,,0.00,,false,1,6.90,0.00,true,1,203942
40144061,false,וופל קנופרס 25גרם,שטורק,DE,חטיף וופל קנופרס 25 גרם,,0.00,,false,1,4.90,0.00,true,1,260377
42061939,false,בירה בקס בקבוק 500 מ,"איי, בי, אינבוו",DE,בירה בקס 500 מל,,0.00,,false,1,11.90,0.00,true,1,244230
42138105,false,סיגריות וינסטון סלימ,גיי טי אינטרנשיונל,,סיגריות וינסטון סלימס כחול חפיסה בודד,,0.00,,false,1,34.30,0.00,false,1,214894
42138129,false,סיגריות וינסטון סלימ,JTI,,סיגריות וינסטון סלימס מנטול חפיסה בודד,,0.00,,false,1,34.30,0.00,false,1,214895
42139430,false,סיגריות כאמל שחור חפ,JTI,,סיגריות כאמל שחור חפיסה בודד,,0.00,,false,1,32.00,0.00,false,1,229172
42214175,false,דאודורנט ספריי ניווא,NIVEA,,"דאודורנט ספריי ניוואה לאישה 35 מ""ל",,0.00,,false,1,9.90,0.00,true,1,227199
42237143,false,דאודורנט ספריי ניווא,NIVEA,,"דאודורנט ספריי ניוואה לגבר 35 מ""ל",,0.00,,false,1,10.00,0.00,true,1,227200
52070082,false,סיגריות פאל מל סלימס,BAT,,סיגריות פאל מל סלימס כתום חפיסה בודד,,0.00,,false,1,31.40,0.00,false,1,247045
54051140,false,מעדן סויה וניל אלפרו,הנסיך- מפעל לייצור ט,BE,מעדן סויה וניל אלפרו רביעייה 500 גרם,,0.00,,false,1,19.90,0.00,true,1,211834
54051157,false,מעדן סויה שוקו אלפרו,אלפרו C.V.A,BE,אלפרו מעדן סויה שוקולד 4*125 מל,,0.00,,false,1,19.90,0.00,true,1,211835
59039549,false,סיגריות ווג פריזון מ,BAT,,סיגריות ווג פריזון מנטול חפיסה בודד,,0.00,,false,1,40.00,0.00,false,1,218288
59068907,false,סיגריות פאל מאל כחול,גלוברנס,,סיגריות פאל מאל כחול דמי סלימס בודד,,0.00,,false,1,27.30,0.00,false,1,245652
59068914,false,סיגריות פאל מאל סילב,,,סיגריות פאל מאל סילבר דמני סלימס בודד,,0.00,,false,1,27.30,0.00,false,1,245654
59455233,false,סיגריות ווג ליידי כח,BAT,,סיגריות ווג ליידי כחול חפיסה בודד,,0.00,,false,1,40.00,0.00,false,1,219669
59455240,false,סיגריות ווג ליידי לי,BAT,,סיגריות ווג ליידי לילך חפיסה בודד,,0.00,,false,1,40.00,0.00,false,1,219667
72940761,false,מילקי שוקולד 133 גרם,"שטראוס גרופ בע""מ",IL,מילקי בטעם שוקולד,,0.00,,false,1,3.30,0.00,true,1,205365
72961506,false,פרילי תות בגביע 125,מחלבת אלון תבור,IL,פרילי תות בגביע 125 גרם,,0.00,,false,1,3.90,0.00,true,1,205376
72961513,false,פרילי משמש בגביע125,מחלבת אלון תבור,IL,פרילי משמש בגביע125 גר .,,0.00,,false,1,5.00,0.00,true,1,207685
72961520,false,פרילי אננס בגביע 125,מחלבת אלון תבור,IL,פרילי אננס בגביע 125 גרם,,0.00,,false,1,3.90,0.00,true,1,205377
72964422,false,יוגורט תנובה 4% 200,מחלבת תנובה,IL,תנובה יוגורט 4.5% שומן 200 מל,,0.00,,false,1,3.60,0.00,true,1,205389
72983454,false,סיגריות גולף סופר סל,דובק,,סיגריות גולף סופר סלימס חפיסה בודד,,0.00,,false,1,31.60,0.00,false,1,210096
72983928,false,סיגריות גולף סלימס מ,דובק,,סיגריות גולף סלימס מנטול חפיסה בודד,,0.00,,false,1,31.60,0.00,false,1,213691
72983997,false,סיגריות גולף גולד 10,דובק,,סיגריות גולף גולד 100בוקס חפיסה בודד,,0.00,,false,1,31.60,0.00,false,1,210757
72986370,false,"גלידה וניל 500 מ""ל",מוצרי איכות אמריקאים,IL,פיינט וניל FT,,0.00,,false,1,29.90,0.00,true,1,205395
72986424,false,גלידה קרם עוגיות 500,מוצרי איכות אמריקאיי,IL,"פיינט קרם עוגיות בד""ץ",,0.00,,false,1,29.90,0.00,true,1,205396
72986455,false,גלידה ניו יורק סופר,מוצרי איכות אמריקאיי,IL,פיינט ניו-יורק סופר FT,,0.00,,false,1,29.90,0.00,true,1,205398
72986479,false,גלידה צינקי מונקי 50,מוצרי איכות אמריקאיי,IL,פיינט צאנקי מנקי FT,,0.00,,false,1,29.90,0.00,true,1,205399
72989395,false,טילון קרם עוגיות 100,מוצרי איכות אמריקאיי,IL,טילון קרם עוגיות,,0.00,,false,1,13.90,0.00,true,1,206083
72989425,false,גלידה שוקולד בראוניס,מוצרי איכות אמריקאיי,IL,פיינט שוקולד בראוניס FT,,0.00,,false,1,29.90,0.00,true,1,208718
72991374,false,סיגריות טיים רד חפיס,דובק,,סיגריות טיים רד חפיסה בודד,,0.00,,false,1,30.60,0.00,false,1,203355
72991381,false,סיגריות טיים 100 רד,דובק,,סיגריות טיים 100 רד חפיסה בודד,,0.00,,false,1,30.60,0.00,false,1,203357
72991398,false,סיגריות טיים בלו לי,דובק,,סיגריות טיים בלו לייט חפיסה בודד,,0.00,,false,1,30.60,0.00,false,1,203383
72991404,false,סיגריות אירופה חפיסה,דובק,,סיגריות אירופה חפיסה בודד,,0.00,,false,1,30.60,0.00,false,1,203367
72991411,false,סיגריות ברודווי 80 ח,דובק,,סיגריות ברודווי 80 חפיסה בודד,,0.00,,false,1,30.60,0.00,false,1,203359
72991428,false,סיגריות ברודווי 100,דובק,,סיגריות ברודווי 100 חפיסה בודד,,0.00,,false,1,30.60,0.00,false,1,203361
72991473,false,סיג.שרתון חפיסה,דובק,,סיגריות שרתון בודד,,0.00,,false,1,30.00,0.00,false,1,203369
72991497,false,סיגריות נובלס פילטר,דובק,,סיגריות נובלס פילטר חפיסה בודד,,0.00,,false,1,30.60,0.00,false,1,203373
72991510,false,סיגריות מונטנה פילטר,דובק,,סיגריות מונטנה פילטר חפיסה בודד,,0.00,,false,1,31.60,0.00,false,1,203363
72991886,false,גלידה דולצה דה לצה 5,מוצרי איכות אמריקאיי,IL,פיינט דולצ'ה דה לצ'ה,,0.00,,false,1,29.90,0.00,true,1,205402
72993637,false,דני שוקולד מהדרין,מחלבת אחיהוד,IL,דני שוקולד,,0.00,,false,1,3.90,0.00,true,1,212856
72993767,false,חטיף פסק זמן רול אגו,מיוצר עי קונדיטוריית,IL,חטיף פסק זמן רול אגוזים 40 גרם,,0.00,,false,1,7.50,0.00,true,1,213642
72994061,false,חטיף פסק זמן 2GOOD מ,שולן צ'יקולטה גידה ס,TR,פסק זמן 2GOOD,,0.00,,false,1,7.50,0.00,true,1,217795
76136184,false,סיגריות פאל מל סלימס,BAT,,סיגריות פאל מל סלימס כחול חפיסה בודד,,0.00,,false,1,31.40,0.00,false,1,211734
76136191,false,סיגריות פאל מל סלימס,BAT,,סיגריות פאל מל סלימס כתום חפיסה בודד,,0.00,,false,1,30.00,0.00,false,1,211356
80001027,false,חטיף טורטינה חלב,לואקר,IT,וופל בציפוי שוקולד חלב וממלוא בקרם אגוזים,,0.00,,false,1,5.50,0.00,true,1,206678
80001287,false,חטיף גרדנה אגוז,לואקר,AT,חטיף גרדנה אגוז 38 גרם,,0.00,,false,1,5.50,0.00,true,1,205479
80001461,false,חטיף גרדנה שוקולד,"א. לואקר קונפקט בע""מ",AT,חטיף גרדנה שוקולד 38 גרם,,0.00,,false,1,5.50,0.00,true,1,211940
80001485,false,גרדנה קוקוס,א. לואקר,IT,לואקר גרדנה קוקוס,,0.00,,false,1,5.50,0.00,true,1,211941
80001799,false,חטיף טורטינה לבן 21,לואקר,IT,וופל בציפוי שוקולד חלב וממלוא בקרם אגוזים,,0.00,,false,1,5.50,0.00,true,1,233430
80001911,false,חטיף גרדנה לבן 38 גר,א. לואקר,AT,חטיף גרדנה לבן 38 גרם,,0.00,,false,1,5.50,0.00,true,1,238785
80050025,false,סוכריות טיק טק תפוז,פררו,ZA,דחוסות בטעם תפוז,,0.00,,false,1,5.00,0.00,true,1,205516
80050124,false,סוכריות טיק טק מנטה,פררו,ZA,טיק טק מנטה,,0.00,,false,1,5.00,0.00,true,1,205517
80052760,false,חטיף וופל קינדר בואנ,פררו,PL,קינדר בואנו,,0.00,,false,1,8.00,0.00,true,1,205519
80176732,false,קינדר הפי היפו,פררו,DE,"הפי היפו קקאו, וופל במילוי קרם חלבי וקרם קקאו",,0.00,,false,1,4.90,0.00,true,1,212597
80177173,false,ממרח שוקולד נוטלה,פררו,IT,ממרח שוקולד נוטלה אגוזים 350 גרם,,0.00,,false,1,16.90,0.00,true,1,205528
80177180,false,שוקולד קינדר קאנטרי,פררו,IT,שוקולד קינדר קאנטרי 23.5 גרם,,0.00,,false,1,4.90,0.00,true,1,208716
80177609,false,שוקולד קינדר אצבעות,פררו,IT,שוקולד חלב עם תכולת חלב גבוהה במילוי קרם חלבי,,0.00,,false,1,8.90,0.00,true,1,205529
80177616,false,שוקולד חלב ממולא קינ,פררו,IT,שוקולד חלב עם תכולת חלב גבוהה במילוי קרם חלבי,,0.00,,false,1,11.90,0.00,true,1,205530
80273561,false,פלפל שחור במטחנה 45,DROGHERIA E ALIMENTA,,פלפל שחור במטחנה 45 גרם,,0.00,,false,1,14.00,0.00,true,1,205545
80273639,false,מלח ים במטחנה 90 גרם,DROGHERIA E ALIMENTA,,מלח ים במטחנה 90 גרם,,0.00,,false,1,13.90,0.00,true,1,205548
80761761,false,חטיף וופל קינדר בואנ,פררו,PL,חטיף וופל קינדר בואנו שוקולד לבן 39 גרם,,0.00,,false,1,8.00,0.00,true,1,218791
80768258,false,ביצת קינדר גוי ורוד,פררו,ZA,קינדר ג'וי ורוד,,0.00,,false,1,7.90,0.00,true,1,228538
80773429,false,מסטיק מנטוס פיור פרש,"פרפטי ואן מלה ג'ידה,",TR,מנטוס גומי לעיסה ללא סוכר בטעם תות שדה,,0.00,,false,1,11.90,0.00,true,1,244227
80773443,false,מסטיק מנטוס מנטה פיר,"פרפטי ואן מלה ג'ידה,",TR,מנטוס גומי לעיסה ללא סוכר בטעם מנטה,,0.00,,false,1,11.90,0.00,true,1,242014
80790990,false,מסטיק מנטוס מנטה עדי,"פרפטי ואן מלה ג'ידה,",TR,מסטיק מנטוס מנטה עדינה בקבוק מעוגל 60 גר,,0.00,,false,1,11.90,0.00,true,1,242001
80809265,false,חטיף טורטינה חמאת בו,לואקר,AT,חטיף טורטינה חמאת בוטנים 21 גרם,,0.00,,false,1,5.50,0.00,true,1,260711
80820956,false,לואקר חטיף פטיסרי אג,לואקר,IT,לואקר חטיף פטיסרי אגוז 21 גרם,,0.00,,false,1,5.50,0.00,true,1,258542
80833468,false,לואקר חטיף פטיסרי קו,לואקר,IT,לואקר חטיף פטיסרי קוקוס 21 גרם,,0.00,,false,1,5.50,0.00,true,1,258543
80843184,false,מסטיק בקבוקון פיור ע,פרפטי ואן מלה,TR,מסטיק בקבוקון פיור ענבים 60 גרם,,0.00,,false,1,11.90,0.00,true,1,258753
80864059,false,גרדנה חמאת בוטנים 38,לואקר,AT,גרדנה חמאת בוטנים 38 גרם,,0.00,,false,1,5.50,0.00,true,1,260712
80864295,false,מסטיק בקבקון מ.עדינה,"פרפטי ואן מלה ג'ידה,",TR,מנטוס גומי לעיסה ללא סוכר בטעם תות שדה,,0.00,,false,1,11.90,0.00,true,1,259049
80874652,false,קינדר קארדס 25.6 גרם,פררו,IT,קינדר קארדס 25.6 גרם,,0.00,,false,1,6.90,0.00,true,1,260967
80896081,false,מסטיק מנטוס פיור פרש,"פרפטי ואן מלה ג'ידה,",TR,מנטוס גומי לעיסה ללא סוכר בטעם אבטיח,,0.00,,false,1,11.90,0.00,true,1,244228
80913467,false,מסטיק מנטוס מנטה בקב,פרפטי ואן מלה ג'דה,TR,mentos - pure fresh,,0.00,,false,1,11.90,0.00,true,1,242126
80936848,false,סוכריות טיק טק תות 1,פררו,ZA,טיק טק בטעם תות שדה- מנטה 16 גרם,,0.00,,false,1,5.00,0.00,true,1,228127
80945468,false,מסטיק בקבקון מ.מתוקה,"פרפטי ואן מלה ג'ידה,",TR,מנטוס גומי לעיסה ללא סוכר בטעם תות שדה,,0.00,,false,1,11.90,0.00,true,1,259050
80974482,false,ביצת קינדר גוי כחול,פררו,ZA,קינדר ג'וי כחול,,0.00,,false,1,7.90,0.00,true,1,228539
80977070,false,מנטוס מסטיק פיור פרש,פרפטי ואן מלה ברדה,NL,מנטוס מסטיק פיור פרש בטעם טרופי,,0.00,,false,1,4.90,0.00,true,1,260381
80979128,false,מסטיק בקבוקון פיור ד,פרפטי ואן מלה,TR,מסטיק בקבוקון פיור דובדובן 60 גרם,,0.00,,false,1,11.90,0.00,true,1,258754
80982470,false,מסטיק מנטוס פיור מנט,פרפטי ואן מלה ברדה,TR,מסטיק מנטוס פיור מנטה חזקה 60 ג,,0.00,,false,1,11.90,0.00,true,1,255273
80986348,false,מסטיק בקבקון מנטה pu,"פרפטי ואן מלה ג'ידה,",TR,מנטוס גומי לעיסה ללא סוכר בטעם תות שדה,,0.00,,false,1,11.90,0.00,true,1,259051
85939868,false,נייר קצר ללא פילטר,,,נייר קצר ללא פילטר,,0.00,,false,1,3.00,0.00,true,1,222590
85942677,false,נייר קצר כולל פילטר,,,נייר קצר כולל פילטר,,0.00,,false,1,7.50,0.00,false,1,222459
85942707,false,נייר קצר עבה,,,נייר קצר עבה,,0.00,,false,1,3.00,0.00,false,1,228039
85951730,false,120 פילטרים SLIM PAR,,,120 פילטרים SLIM PARTY,,0.00,,false,1,7.50,0.00,false,1,220027
85954762,false,נייר בינוני כולל פיל,,,נייר בינוני כולל פילטר חום,,0.00,,false,1,8.00,0.00,true,1,242774
85954953,false,נייר גלגול גדול כולל,,,נייר גלגול גדול כולל פילטר PIH,,0.00,,false,1,8.00,0.00,false,1,258002
85966611,false,נייר גלגול גדול כולל,,,נייר גלגול גדול כולל פילטר PIH,,0.00,,false,1,8.00,0.00,false,1,251187
85967076,false,נייר בינוני כולל פיל,,,נייר בינוני כולל פיל,,0.00,,false,1,8.50,0.00,true,1,251186
87108538,false,סוכריות מנטוס תות גל,פרפטי ואן מילה,NL,מנטוס תות 40 גלילים,,0.00,,false,1,5.00,0.00,true,1,211610
87311396,false,סוכריות מנטוס ריינבא,פרפטי ואן מלה,NL,מנטוס ריינבאוו סוכריות לעיסה בטעמי פירות 37.5 גרם,,0.00,,false,1,5.00,0.00,true,1,222630
90162602,false,משקה אנרגיה רד בול,רד בול ג'י.אם.בי. אץ,AT,"משקה אנרגיה רד בול 250 מ""ל",,0.00,,false,1,8.90,0.00,true,1,211149
90162800,false,משקה אנרגיה רד בול,רד בול ג'י.אם.בי. אץ,AT,רד בול,,0.00,,false,1,8.90,0.00,true,1,211728
90446269,false,רד בול אבטיח 250 מל,ראון פרוכטסאפה,AT,רד בול אבטיח - משקה אנרגיה פונקציונאלי,,0.00,,false,1,8.90,0.00,true,1,255542
9800800056,false,נוטלה גו בייגלה מלוח,פררו,DE,נוטלה גו בייגלה מלוח,,0.00,,false,1,8.90,0.00,true,1,239159
12300119139,false,סיגריות וינסטון כחול,JTI,,סיגריות וינסטון כחול בוקס פקט 10 יח,,0.00,,false,1,312.00,0.00,false,1,207448
13495113506,false,קליק ביסקוויט 75 גרם,אתר צפת חטיפים - Foo,,קליק ביסקוויט 75 גרם,,0.00,,false,1,9.00,0.00,true,1,202419
13495113513,false,קליק חלב 75 גרם,אתר צפת חטיפים - Foo,,קליק חלב 75 גרם,,0.00,,false,1,9.00,0.00,true,1,202420
13495113520,false,קליק קורנפלקס 75 גר,אתר צפת חטיפים - Foo,,קליק קורנפלקס 75 גרם,,0.00,,false,1,9.00,0.00,true,1,202421
13495113537,false,קליק חום לבן,אתר צפת חטיפים - Foo,,קליק חום לבן 75 גרם,,0.00,,false,1,9.00,0.00,true,1,202422
13495113551,false,קליק עוגי,מיוצר עי קונדיטוריית,IL,קליק חטיף שוקולד עוגי,,0.00,,false,1,9.00,0.00,true,1,202423
13495113582,false,קליק כריות 75 גרם,מיוצר עי קונדיטוריית,IL,קליק כריות,,0.00,,false,1,9.00,0.00,true,1,202424
16000423534,false,חטיפי גרנולה קראנצי,ג'נרל מילס סאן אדריא,ES,חטיפי גרנולה קראנצי שיבולת שועל מריר 210,,0.00,,false,1,14.90,0.00,true,1,218848
16000507777,false,קראנצי שיבולת שועל ש,ג'נרל מילס,,קראנצי שיבולת שועל שוקולד מריר 42 גרם,,0.00,,false,1,5.90,0.00,true,1,219027
16000548404,false,חטיפי גרנולה קראנצי,ג'נרל מילס סאן אדריא,ES,"נייטשר וואלי, קראנצ'י שיבולת שועל עם דבש",,0.00,,false,1,14.90,0.00,true,1,202544
16000548497,false,"קראנצ""י שיבולת שועל",ג'נרל מילס,,"קראנצ""י שיבולת שועל ודבש בודד 42 גרם",,0.00,,false,1,5.90,0.00,true,1,208605
16000548503,false,חטיפי גרנולה קראנצי,ג'נרל מילס סאן אדריא,ES,חטיפי גרנולה קראנצי מייפל וסוכר חום 210,,0.00,,false,1,14.90,0.00,true,1,202545
16000548596,false,קראנצי מייפל סוכר חו,ג'נרל מילס,,"קראנצ""י מייפל סוכר חום בודד 42 גרם",,0.00,,false,1,5.90,0.00,true,1,208606
16000548602,false,חטיפי גרנולה קראנצי,ג'נרל מילס סאן אדריא,ES,חטיפי גרנולה קראנצי קינמון 210 גרם,,0.00,,false,1,14.90,0.00,true,1,202546
16000548909,false,חטיפי גרנולה קראנצי,ג'נרל מילס סאן אדריא,ES,חטיפי גרנולה קראנצי מגוון טעמים 210 גרם,,0.00,,false,1,14.90,0.00,true,1,202547
18000701223,false,תערובת להכנת עוגת שו,"ג'נרל מילס ישראל בע""",IL,תערובת להכנת עוגת שוקולד פילסברי 500 גרם,,0.00,,false,1,20.00,0.00,true,1,202603
18000703494,false,תערובת לעוגת וניל,"ג'נרל מילס ישראל בע""",IL,תערובת לעוגה וניל פילסברי,,0.00,,false,1,20.00,0.00,true,1,202604
30100487197,false,קיבלר קרקר גבינת צדר,"מאכלי עולם ר.ז. בע""מ",,קיבלר קרקר גבינת צדר לבן 39 גרם,,0.00,,false,1,5.50,0.00,true,1,230151
30100545101,false,קיבלר קרקר קלאב צדר,"מאכלי עולם ר.ז. בע""מ",,קיבלר קרקר קלאב צדר כתום 39 גרם,,0.00,,false,1,5.50,0.00,true,1,228394
34000470228,false,שוקולד חלב מיני ריזס,הרשי,,שוקולד חלב מיני ריזס 70 גרם,,0.00,,false,1,8.50,0.00,true,1,226953
36000183399,false,חיתולי האגיס שחיה מי,KC Czech,,חיתולי האגיס שחיה מידה S/M,,0.00,,false,1,45.90,0.00,true,1,203728
37600207188,false,חמאת בוטנים סקיפי קל,חברת המזון אלגוד,US,חמאת בוטנים סקיפי קלאסי 462 גרם,,0.00,,false,1,21.90,0.00,true,1,229785
38000183690,true,פרינגלס ברביקיו מידי,פרינגלס מניופקצ'ורינ,US,פרינגלס ברביקיו מידי חלבי 74 גרם,,0.00,,false,1,6.90,0.00,true,1,247515
38000232152,false,פרינגלס ברביקיו 158ג,פרינגלס מניופקצ'ורינ,US,פרינגלס ברביקיו 158גרם,,0.00,,false,1,13.90,0.00,true,1,251415
38000232169,false,פרינגלס מידי אורגינל,פרינגלס מניופקצ'ורינ,US,פרינגלס מידי אורגינל 67גרם,,0.00,,false,1,6.90,0.00,true,1,251416
38000232176,false,פרינגלס שמנת בצל 158,פרינגלס מניופקצ'ורינ,US,פרינגלס שמנת בצל 158גרם,,0.00,,false,1,13.90,0.00,true,1,251414
38000232183,false,פרינגלס אורגינל 149,פרינגלס מניופקצ'ורינ,US,פרינגלס אורגינל 149 גרם,,0.00,,false,1,13.90,0.00,true,1,251413
38000845253,false,פרינגלס מידי שמנת בצ,פרינגלס מנופקצורינג,US,פרינגלס מידי שמנת בצל 71 גרם,,0.00,,false,1,6.90,0.00,true,1,238384
38527591060,false,דגני קוואקר מרובעים,BEVERAGES FOODS & SE,,דגני קוואקר מרובעים סוכר חום 411 גרם,,0.00,,false,1,23.90,0.00,true,1,220636
40000514480,false,סוכריות M&M בטעם שוק,מרס נדרלנד,,סוכריות M&M בטעם שוקולד 48 גרם,,0.00,,false,1,5.90,0.00,true,1,239289
40000514510,false,סוכריות שוקולד M&M,מרס נדרלנד,,סוכריות שוקולד M&M בוטנים 49 גרם,,0.00,,false,1,5.90,0.00,true,1,238762
44600320717,false,פחם קינגספורד אורגינ,כלורוקס אוקלנד,US,"פחם קינגספורד אורגינל 3.6 ק""ג",,0.00,,false,1,49.90,0.00,true,1,260141
46214731552,false,עוגיות שוקולד ציפס מ,"מרבה בע""מ",NL,מרבה עוגיות עם 37% שוקולד צ'יפס 225 גרם,,0.00,,false,1,12.90,0.00,true,1,204246
64144090013,false,תרסיס PAM שמן חמאה 1,קונאגרה פודס,,"תרסיס PAM שמן חמאה 148 מ""ל",,0.00,,false,1,19.50,0.00,true,1,221702
64144090020,false,PAM תרסיס שמן זית 14,קונאגרה פודס,,"PAM תרסיס שמן זית 148 מ""ל",,0.00,,false,1,19.50,0.00,true,1,221693
64144090051,false,PAM תרסיס שמן קנולה,קונאגרה פודס,,"PAM תרסיס שמן קנולה 148 מ""ל",,0.00,,false,1,19.50,0.00,true,1,232072
71570014025,false,גלי בלי בטעמים שונים,ג'לי בלי קינדי,US,גלי בלי בטעמים שונים בסגנון אמריקאי 70 גרם,,0.00,,false,1,16.90,0.00,true,1,260830
74299018060,true,הוט ויילס חמישיה,,,הוט ויילס חמישיה,,0.00,,false,1,59.90,0.00,true,1,245817
76840002542,false,פיינט נטפליקס וצילד,מוצרי איכות אמריקאים,IL,פיינט נטפליקס וצילד,,0.00,,false,1,29.90,0.00,true,1,252353
76840100125,false,גלידה פיינט צאבי האב,מוצרי איכות אמריקאיי,,"גלידה פיינט צאבי האבי 500 מ""ל",,0.00,,false,1,29.90,0.00,true,1,218205
76840100583,false,גלידה בצק עוגיות 473,מוצרי איכות אמריקאיי,,"גלידה בצק עוגיות 473 מ""ל",,0.00,,false,1,29.90,0.00,true,1,216978
76840100811,false,גלידה חמאת בוטנים 47,מוצרי איכות אמריקאיי,,"גלידה חמאת בוטנים 473 מ""ל",,0.00,,false,1,29.90,0.00,true,1,224078
76840100989,false,גלידת שוקולד עם מרשמ,בן & ג'ריס,IL,גלידת שוקולד עם מרשמלו קרמל וחתיכות פאדג,,0.00,,false,1,29.90,0.00,true,1,215898
76840400218,false,גלידה עוגת גבינה ותו,מוצרי איכות אמריקאיי,,"גלידה עוגת גבינה ותות שדה 473 מ""ל",,0.00,,false,1,29.90,0.00,true,1,226901
76840620036,false,גלידה שוקולד ציפס וב,מוצרי איכות אמריקאים,,גלידה שוקולד ציפס ובראוניס עם בצק 500 מל,,0.00,,false,1,29.90,0.00,true,1,243128
77245110610,false,סוכריות מאסט מנטה לל,MIESZKO S.A - MS. JO,,סוכריות מאסט מנטה ללא סוכר 80 גרם,,0.00,,false,1,11.90,0.00,true,1,206934
77343000233,false,נרות חימום אורה 50,מנורה,IL,נרות חימום אורה 50,,0.00,,false,1,11.90,0.00,true,1,235494
77975010167,false,מקלוני סניידרס חיטה,סניידרס,,מקלוני סניידרס חיטה ציה וקינואה 340 גרם,,0.00,,false,1,19.90,0.00,true,1,243099
77975036976,false,מטבל עגבניות בחריפות,סניידרס,,מטבל עגבניות בחריפות מעודנת 439 גרם,,0.00,,false,1,18.90,0.00,true,1,238174
77975094624,false,שברי בייגלה סניידרס,סניידרס,US,שברי בייגלה סניידרס חמאת בוטנים 283 גרם,,0.00,,false,1,19.90,0.00,true,1,253076
77975094631,false,בייגלה סניידרס סנדבי,סיינדרס,,"בייגלה סניידרס סנדביץ גבינה צ""דר 226 גרם",,0.00,,false,1,19.90,0.00,true,1,253075
77975094761,false,סניידרס בטעם צדר 340,סניידרס,US,סניידרס בטעם צדר 340 גרם,,0.00,,false,1,19.90,0.00,true,1,255199
77975094778,false,סניידרס דבש חרדל ובצ,סניידרס,US,סניידרס דבש חרדל ובצל 340 גרם,,0.00,,false,1,19.90,0.00,true,1,255528
77975095157,false,בייגלה סניידרס חלפינ,סניידרס,,בייגלה סניידרס חלפיניו 318גרם,,0.00,,false,1,19.90,0.00,true,1,260279
77975095164,false,סניידרס שברי בייגלה,סניידרס,US,סניידרס שברי בייגלה בטעם פרמזן שום 318,,0.00,,false,1,19.90,0.00,true,1,261650
80432402931,false,וויסקי שיבאס ריגאל,מזקקת האחים שיבאס,GB,"וויסקי סקוטי, שיבאס ריגאל 12 שנה, 700 מ''ל",,0.00,,false,1,169.90,0.00,true,1,230353
82184090510,false,וויסקי גק דניאלס 375,בראון פורמן,US,"וויסקי גק דניאלס 375 מ""ל",,0.00,,false,1,69.90,0.00,true,1,245941
602652257780,false,בי קיינד פקאן קרמל40,שטראוס,US,בי קיינד פקאן קרמל40 גרם,,0.00,,false,1,9.90,0.00,true,1,255913
602652257834,false,בי קיינד פקאן מייפל,שטראוס,,בי קיינד פקאן מייפל 40 גרם,,0.00,,false,1,9.90,0.00,true,1,242955
613008742348,false,אריזונה גנסנג ודבש ב,"נטורלה גטרנק בע""מ",DE,אריזונה גנסנג ודבש בקבוק 1 ליטר,,0.00,,false,1,14.90,0.00,true,1,252542
613008742409,false,אריזונה אפרסק בקבוק,"נטורלה גטרנק בע""מ",DE,אריזונה אפרסק בקבוק 1 ליטר,,0.00,,false,1,14.90,0.00,true,1,252541
613008753290,false,אריזונה אפרסק 450 מל,נובה טרייד,BG,אריזונה אפרסק 450 מל,,0.00,,false,1,10.90,0.00,true,1,248861
613008753320,false,אריזונה גינסנג ודבש,נובה טרייד,BG,אריזונה גינסנג ודבש 450 מל,,0.00,,false,1,10.90,0.00,true,1,248862
613008753382,false,אריזונה אוכמניות 450,נובה טרייד,BG,אריזונה אוכמניות 450 מל,,0.00,,false,1,10.90,0.00,true,1,248860
638102201010,false,חטיף זון קלאסיק שוקו,"אבוט נוטרישן, מעבדות",US,חטיף זון קלאסיק שוקולד חמאת בוטנים,,0.00,,false,1,13.90,0.00,true,1,240559
638102203090,false,זון פאדג,"אבוט נוטרישן, מעבדות",US,זון פאדג,,0.00,,false,1,13.90,0.00,true,1,209426
638102532817,false,חטיף זון דאבל שוקולד,"אבוט נוטרישן, מעבדות",US,חטיף זון דאבל שוקולד,,0.00,,false,1,13.90,0.00,true,1,240371
638102582737,false,חטיף זון קלאסיק רול,"אבוט נוטרישן, מעבדות",US,חטיף זון קלאסיק רול קינמון,,0.00,,false,1,13.90,0.00,true,1,241682
645692555935,false,פפושדו מצה עשירה מדל,TLV צ'יף,IL,מצה עשירה עוגיות יין לפסח 380 גרם,,0.00,,false,1,12.90,0.00,true,1,210147
645692555942,false,פפושדו מצה עשירה מרו,TLV צ'יף,IL,מצה עשירה עוגיות יין לפסח 400 גרם,,0.00,,false,1,12.90,0.00,true,1,210137
645692555959,false,פפושדו מצה עשירה פרח,TLV צ'יף,IL,מצה עשירה עוגיות יין לפסח 400 גרם,,0.00,,false,1,12.90,0.00,true,1,210138
645692555966,false,פפושדו מצה עשירה פרח,TLV צ'יף,IL,מצה עשירה עוגיות יין לפסח 400 גרם,,0.00,,false,1,12.90,0.00,true,1,210139
645692556017,false,עוגיות יין מצופה 300,מולינו ניקולי s.p.a,IL,עוגיות יין מצופה 300 גר,,0.00,,false,1,12.90,0.00,true,1,210141
645692556024,false,עוגיות יין חצי מצופה,מולינו ניקולי s.p.a,IL,עוגיות יין חצי מצופה 300גר,,0.00,,false,1,12.90,0.00,true,1,210142
645692556413,false,פפושדו מצה עשירה פרח,TLV צ'יף,IL,פפושדו מצה עשירה פרחי אביב 350 גר,,0.00,,false,1,12.90,0.00,true,1,216015
693493010788,false,נאצוס בטעם ברביקיו 2,או. קיי סניקס,DK,נאצוס בטעם ברביקיו 200 גרם,,0.00,,false,1,16.90,0.00,true,1,260825
693493010818,false,נאצוס בטעם טבעי 200,או. קיי סניקס,DK,נאצוס בטעם טבעי 200 גרם,,0.00,,false,1,16.90,0.00,true,1,260826
693493150781,false,ערק ערנבים בטעם אננס,אליס בראנפמן,IL,ערק ערנבים בטעם אננס 700 מל,,0.00,,false,1,79.90,0.00,true,1,260727
721733000739,false,פטרון סילבר 700 מל,פטרון דיסטרליס,MX,טקילה פטרון סילבר 700 מל,,0.00,,false,1,179.90,0.00,true,1,253432
728229123590,false,טרה ירקות בטעם טבעי,הונדורס צ'יפס יצור א,HN,טרה חטיף על בסיס ירקות שורש בטעם טבעי 110 גרם,,0.00,,false,1,18.90,0.00,true,1,210782
728229130154,false,טרה בטטה וסלק טבעי 1,הונדורס צ'יפס יצור א,HN,טרה חטיף על בסיס בטטה וסלק בטעם טבעי 110 גרם,,0.00,,false,1,18.90,0.00,true,1,215496
729001481775,false,סומבררו פחם דרום אפר,,,סומבררו פחם דרום אפר,,0.00,,false,1,17.90,0.00,true,1,253649
753182231761,false,משקה אנרגיה BLU ללא,אקו - ביט,PL,בלו משקה אנרגיה מוגז 250 מל,,0.00,,false,1,8.90,0.00,true,1,217078
768404001640,false,"גלידה קפה 500 מ""ל",מוצרי איכות אמריקאיי,,"פיינט בטעם קפה בן אנד גרי 500 מ""ל",,0.00,,false,1,29.90,0.00,true,1,214817
769904000997,false,שקדי מרק ללא גלוטן 2,משובח תעשיות בעמ,IL,שקדי מרק,,0.00,,false,1,15.90,0.00,true,1,218446
788434104821,false,חטיף one חמאת בוטנים,בלמונט קונפקשנס,US,חטיף one חמאת בוטנים ושוקולד60 גרם,,0.00,,false,1,19.90,0.00,true,1,251731
788434106757,true,חטיף one דונאט מייפל,בלמונט קונפקשנס,US,חטיף one דונאט מייפל 60 גרם,,0.00,,false,1,19.90,0.00,true,1,242324
788434108379,false,חטיף one קרם עוגיות,בלמונט קונפקשנס,US,חטיף one קרם עוגיות 60 גרם,,0.00,,false,1,19.90,0.00,true,1,240443
788434108782,false,חטיף one פאי חמאת בו,בלמונט קונפקשנס,US,חטיף one פאי חמאת בוטנים 60 גרם,,0.00,,false,1,19.90,0.00,true,1,241872
833949000264,false,סירופ מייפל אורגני 3,דיקסר,CA,סירופ מייפל אורגני 330 גרם,,0.00,,false,1,32.90,0.00,true,1,221583
835811005322,false,פחם דרום אמריקאי משו,BRICAPER,,"פחם דרום אמריקאי משובח הנמל 2 ק""ג",,0.00,,false,1,20.90,0.00,true,1,226605
835811005933,false,תבנית אלומיניום ענק,ווינפאק,,תבנית אלומיניום ענק 5 יחידות,,0.00,,false,1,13.90,0.00,true,1,224060
835811005957,false,מגש הכסף תבנית אלומ`,יבוא ושיווק: הנמל אר,IL,"הנמל תבנית אלומניום מלבנית, 8 יחידות",,0.00,,false,1,14.90,0.00,true,1,223281
835811005964,false,תבנית אלומיניום אינג,ווינפאק,,תבנית אלומיניום אינגליש 20 יחידות,,0.00,,false,1,14.00,0.00,true,1,223127
835811006053,false,קורנפלור 200 גרם,"מיוצר וארוז ע""י: BAS",IL,הנמל קורנפלור 200 גרם,,0.00,,false,1,4.50,0.00,true,1,222357
835811009023,false,כוסות קרטון,אכיף,,כוסות קרטון,,0.00,,false,1,15.90,0.00,true,1,215689
835811009047,false,כפות לבן,שיווק: הנמל אריזות ו,CN,הנמל כפות לבנות 100 יח',,0.00,,false,1,12.90,0.00,true,1,227646
839762000641,false,נקטר איילנד מנגו 1 ל,"פאראגאלה,דה אג'יפשן",EG,איילנד מנגו 1 ליטר,,0.00,,false,1,16.90,0.00,true,1,208631
839762000658,false,נקטר איילנד גויאבה 1,The Egyptian Co. for,EG,איילנד גויאבה המשקה של חופי סיני 1 ליטר,,0.00,,false,1,16.90,0.00,true,1,208488
839762002379,false,נקטר איילנד מנגו 350,"פאראגאלה,דה אג'יפשן",EG,"איילנד מנגו 350 מ""ל",,0.00,,false,1,8.90,0.00,true,1,216888
839762002386,false,נקטר איילנד גויאבה 3,"פאראגאלה,דה אג'יפשן",EG,"איילנד גויאבה 350 מ""ל",,0.00,,false,1,8.90,0.00,true,1,216889
842387000736,false,מטען רכב לגלקסי פרמי,,,מטען רכב לגלקסי פרמיום 2A,,0.00,,false,1,39.90,0.00,true,1,250618
853152100414,false,פרו בר בטעם בצק עוגי,פרובאר,US,פרו בר בטעם בצק עוגיות 70 גרם,,0.00,,false,1,18.90,0.00,true,1,254270
856591000062,false,עוגיות מזרחיות עבאדי,מאפיית יוסף ושמחה עב,IL,מזרח. מלח 400ג 856591000062,,0.00,,false,1,21.90,0.00,true,1,208915
856591000109,false,עוגיות מזרחיות עבאדי,מאפיית יוסף ושמחה עב,IL,עבאדי עוגיות מזרחיות פריך במיוחד 400 גרם,,0.00,,false,1,21.90,0.00,true,1,216434
856591000574,false,מיני נשנוש בטעם טבעי,מאפיית יוסף ושמחה עב,IL,מיני נשנוש בטעם טבעי 40 גרם,,0.00,,false,1,3.90,0.00,true,1,234722
888849000005,false,קווסט חטיף קרם עוגיו,קווסט נוטרישן,US,קווסט חטיף קרם עוגיות 60 גרם,,0.00,,false,1,19.90,0.00,true,1,251629
888849000012,false,קווסט חטיף בצק עוגיו,,US,קווסט חטיף בצק עוגיות ושוקולד ציפס 60 גר,,0.00,,false,1,19.90,0.00,true,1,251630
888849008100,false,משקה חלבון קווסט בטע,קווסט נטרישן,US,משקה חלבון קווסט בטעם שוקולד 330מל,,0.00,,false,1,19.90,0.00,true,1,259174
888849008117,false,משקה חלבון קווסט בטע,קווסט נטרישן,US,משקה חלבון קווסט בטעם וניל 330מל,,0.00,,false,1,19.90,0.00,true,1,259175
3014260287030,false,סכיני גילוח חד פעמי,פרוטקר אנד גמבל,MD,סכיני גילוח חד פעמי גילט 5 יחידות,,0.00,,false,1,9.90,0.00,true,1,210893
3046920027281,false,שוקולד לינדט אקסלנס,לינדט ושפרונגלי,FR,שוקולד לינדט אקסלנס קרמלסולט 100 גרם,,0.00,,false,1,19.90,0.00,true,1,260889
3046920028004,false,שוקולד לינדט אקסלנס,לינדט ושפרונגלי,FR,לינדט אקסלנס 70% שוקולד מריר 100 גר,,0.00,,false,1,19.90,0.00,true,1,203417
3046920028363,false,שוקולד לינדט אקסלנס,לינדט ושפרונגלי,FR,שוקולד לינדט אקסלנס 85% 100 גרם,,0.00,,false,1,19.90,0.00,true,1,209432
3059943015128,false,אירוויק ספריי לבנדר,רקיט בנקיזר,PL,"מבשם אוויר איירוויק נטול גז בניחוח לבנדר 345 מ""ל",,0.00,,false,1,15.90,0.00,true,1,215872
3066083735441,false,ליסטרין קול מינט 250,גונסון,US,"ליסטרין קול מינט 250 מ""ל",,0.00,,false,1,12.90,0.00,true,1,259399
3120581456267,false,יין שבלי מ.דה ליני ל,,FR,"יין שבלי מ.דה ליני לבן יבש 750 מ""ל",,0.00,,false,1,99.90,0.00,true,1,253434
3179110001140,false,מצת גדול לגריל קריקט,,CN,מצת גדול לגריל קריקט,,0.00,,false,1,19.90,0.00,true,1,260539
3179730011024,false,מים מינרלים פרייה,נסטלה ווטרס ספלאי,FR,פרייה מים מינרלים מבעבעים טבעיים 330 מל,,0.00,,false,1,8.90,0.00,true,1,217119
3179732348913,false,מים פריה ירוק 1 ליטר,נסטלה ווטרס ספלאי,FR,פרייה מים מינרליים טבעיים מבעבעים 1 ליטר,,0.00,,false,1,11.90,0.00,true,1,214748
3415587400186,false,שלגון וניל ואגוזי מק,האגן דאז,,שלגון וניל ואגוזי מקדמיה בציפוי שוקולד,,0.00,,false,1,12.90,0.00,true,1,237898
3415587403057,false,שלגון האגן דאז קרמל,האגן דאז,FR,האגן דאז שלגון וניל קרמל שקדים 24*70גרם,,0.00,,false,1,12.90,0.00,true,1,254186
3415587404054,false,שלגון שוקולד בציפוי,האגן דאז,FR,האגן דאז שלגון שוקולד שקדים 24*70גרם,,0.00,,false,1,12.90,0.00,true,1,237901
3415587405181,false,שלגון וניל תות שדה ב,האגן דאז,FR,שלגון וניל תות שדה בציפוי שוקולד,,0.00,,false,1,12.90,0.00,true,1,237900
3574660089547,false,טמפוני O.B קלאסי נור,ג'ונסון אנד ג'ונסון,GR,אובה טמפונים ללא מוליך נורמל 32 יח',,0.00,,false,1,32.90,0.00,true,1,211948
4000417019004,false,שוקולד ריטר ספורט חל,אלפרד ריטר,DE,ריטר ספורט שוקולד חלב עם אגוזי לוז שלמים,,0.00,,false,1,11.90,0.00,true,1,218732
4000417025005,false,שוקולד ריטר ספורט מר,אלפרד ריטר,DE,שוקולד מריר ממולא מרציפן,,0.00,,false,1,11.90,0.00,true,1,218735
4000417101211,false,אמיצלי גלילי וופל 15,קימס,AT,אמיצלי גלילי וופל 150 גרם,,0.00,,false,1,19.90,0.00,true,1,260509
4000417211002,false,שוקולד ריטר ספורט מו,אלפרד ריטר,DE,שוקולד ריטר ספורט מוס קרמל ושברי שקדים,,0.00,,false,1,11.90,0.00,true,1,239286
4001432773230,false,בלו ווין מוסקטו 1 לי,לנגוט טראבן,DE,בלו ווין מוסקטו 1 ליטר,,0.00,,false,1,59.90,0.00,true,1,251252
4002590000022,false,סוכ.קלפני בפחית פירו,קלפני,DE,קלפני פירות יער 150 גר',,0.00,,false,1,12.90,0.00,true,1,208594
4002590000046,false,סוכריות מרעננות,קלפני,DE,קלפני מנטה מרענן 150 גר',,0.00,,false,1,12.90,0.00,true,1,206059
4005808366392,false,לבלו בליסטר כחול,טרופיקל דגיל תעשיות,DE,לבלו בליסטר כחול,,0.00,,false,1,13.90,0.00,true,1,239597
4005808368280,false,לבלו בליסטר דובדבן,טרופיקל דגיל תעשיות,DE,לבלו בליסטר דובדבן,,0.00,,false,1,13.90,0.00,true,1,257440
4005900816009,false,"דאו ""ספריי פרש לגבר",BEIERSDORF MANUFACTU,DE,"ניוואה דאו ""ספריי פרש לגבר 150",,0.00,,false,1,29.90,0.00,true,1,203917
4005900816023,false,"דאו ""ספריי יבש לגבר",BEIERSDORF MANUFACTU,DE,ניוואה דאודורנט ספריי אנטי-פרספירנט לגבר 150 מל,,0.00,,false,1,29.90,0.00,true,1,203919
4008400290126,false,קנדר עוגת ספוג במילו,פררו טורקיה צ'יקולטה,TR,קנדר עוגת ספוג במילוי חלבי מצופה ש מריר,,0.00,,false,1,5.90,0.00,true,1,255979
4009900403023,false,מסטיק אורביט וויט מנ,ריגלי פולין,PL,מסטיק אורביט וויט קלאסי בקבוקון,,0.00,,false,1,11.90,0.00,true,1,223301
4009900420129,false,אורביט פרופשיונל פפר,מרס נדרלנד,PL,אורביט פרופשיונל פפרמינט בקבוקון,,0.00,,false,1,11.90,0.00,true,1,247832
4009900426039,false,מסטיק איירווייבס מנט,ריגלי פולין,PL,מסטיק אירווביס מנטה אקליפטוס בקבוקון,,0.00,,false,1,11.90,0.00,true,1,240017
4009900426121,false,מסטיק איירווייבס אוכ,ריגלי פולין,PL,מסטיק איירווייבס אוכמניות בקבוקון,,0.00,,false,1,11.90,0.00,true,1,240018
4009900479998,false,מסטיק אורביט אוכמניו,ריגלי פולין,PL,מסטיק אורביט אוכמניות בקבוקון,,0.00,,false,1,11.90,0.00,true,1,230388
4009900482417,false,מסטיק אורביט בבאבל מ,ריגלי פולין,PL,מסטיק אורביט בבלמינט בקבוקון 64 גרם,,0.00,,false,1,11.90,0.00,true,1,225564
4009900512329,false,מסטיק פייב פפרמינט ב,ריגלי בעמ רוסיה,RU,מסטיק פייב פפרמינט בוקס,,0.00,,false,1,11.90,0.00,true,1,238410
4009900512350,false,מסטיק פייב אבטיח בוק,ריגלי בעמ רוסיה,RU,מסטיק פייב אבטיח בקבוקון,,0.00,,false,1,11.90,0.00,true,1,238392
4009900525138,false,מסטיק אורביט וויט ת,ריגלי,PL,מסטיק אורביט וויט תות בקבוקון,,0.00,,false,1,11.90,0.00,true,1,250861
4009900531122,false,אורביט פרופשיונל ספי,מרס נדרלנד,PL,אורביט פרופשיונל ספירמינט בקבוקון,,0.00,,false,1,11.90,0.00,true,1,247833
4009900536257,false,מסטיק אורביט רפרשרס,מרס ריגלי קונפקשונרי,PL,מסטיק אורביט רפרשרס ספירמנט 67 ג,,0.00,,false,1,12.90,0.00,true,1,255274
4009900536288,false,מסטיק אורביט רפרשרס,מרס ריגלי קונפקשונרי,PL,מסטיק אורביט רפרשרס פפרמ 67 ג,,0.00,,false,1,12.90,0.00,true,1,255275
4009900536486,false,מסטיק אורביט רפרשרס,מרס ריגלי קונפקשונרי,PL,מסטיק אורביט רפרשרס באבלמ 67 ג,,0.00,,false,1,12.90,0.00,true,1,255276
4009900539685,false,מסטיק פייב מנטה בקבו,ריגלי בעמ רוסיה,PL,מסטיק פייב באונס בטעם מנטה ללא סוכר,,0.00,,false,1,13.90,0.00,true,1,259875
4009900539746,false,מסטיק פייב אבטיח בקב,ריגלי בעמ רוסיה,PL,מסטיק פייב באונס בטעם אבטיח בקבוקון,,0.00,,false,1,13.90,0.00,true,1,259876
4009900540551,false,אורביט ריפרשרס טרופי,מרס פולין,PL,אורביט ריפרשרס טרופיקל,,0.00,,false,1,12.90,0.00,true,1,259872
4011800567613,false,חטיף קורני סנדוויץ ש,שוורטאוור וורקה,DE,חטיף קורני סנדוויץ שחור לבן מארז 4 יח,,0.00,,false,1,13.90,0.00,true,1,229420
4011800617615,false,קורני ביג שוקו 50 גר,שוורטאוור וורקה,DE,קורני ביג חטיף דגנים עם שוקולד חלב 50 גרם,,0.00,,false,1,5.90,0.00,true,1,250884
4011800617714,false,קורני ביג שוקו בננה,שוורטאוור וורקה,DE,קורני ביג חטיף דגנים עם שוקולד חלב ובננה 50 גרם,,0.00,,false,1,5.90,0.00,true,1,250883
4011800617813,false,קורני ביג בראוניז 50,שוורטאוור וורקה,DE,קורני ביג חטיף דגנים בטעם בראוניז 50 גרם,,0.00,,false,1,5.90,0.00,true,1,250885
4011800617912,false,קורני ביג נאטס 50 גר,שוורטאוור וורקה,DE,קורני ביג חטיף דגנים עם אגוזי לוז 50 גרם,,0.00,,false,1,5.90,0.00,true,1,250886
4011800628512,false,חטיף קורני שוקולד חל,שוורטאוור וורקה,DE,קורני חטיף דגנים עם שוקולד חלב 6 יחידות 150 גרם,,0.00,,false,1,13.90,0.00,true,1,227862
4011800630515,false,קורני בייס שוק בננה,שוורטאוור וורקה,DE,קורני חטיף דגנים עם שוקולד חלב ובננה 175 גרם,,0.00,,false,1,13.90,0.00,true,1,227889
4011800633516,false,חטיף קורני שוקולד מר,שוורטאוור וורקה,DE,חטיף קורני שוקולד מריר מארז 6 יח,,0.00,,false,1,13.90,0.00,true,1,227656
4014400900217,false,בונבוניירה מרסי 400,אוגוסט שטורק,DE,בונבונריית מרסי מבחר ממתקי שוקולד 400 גרם,,0.00,,false,1,49.90,0.00,true,1,206132
4014400901191,false,בונבוניירה מרסי 250,אוגוסט שטורק,DE,מרסי 250 גרם,,0.00,,false,1,34.90,0.00,true,1,203949
4014400907902,false,סוכריות ללא סוכר,שטורק,DE,ורטרס אורגינל 42 גרם,,0.00,,false,1,9.00,0.00,true,1,217060
4014400909692,false,סוכריות ורטר קפה,אוגוסט שטורק,DE,סוכריות וורטר קפה ללא סוכר,,0.00,,false,1,8.20,0.00,true,1,221358
4014400910063,false,סוכריות חמאה וורטר1,אוגוסט שטורק,DE,וורטרס אורגינל סוכריות חמאה 135 גרם,,0.00,,false,1,13.90,0.00,true,1,217214
4014400914696,false,סוכריות חמאה וורטר ל,אוגוסט שטורק,DE,סוכריות חמאה וורטר ללא סוכר 80 גרם,,0.00,,false,1,13.90,0.00,true,1,218056
4014400923711,false,בונבוניירה טופיפי שו,אוגוסט שטורק,DE,בונבוניירה טופיפי שוקולד 125 גרם,,0.00,,false,1,17.90,0.00,true,1,240402
4015600762742,false,שמפו הד אנד שולדרס ק,פרוקטר אנד גמבל,RO,"הד אנד שולדרס שמפו קלאסי 500 מ""ל",,0.00,,false,1,25.90,0.00,true,1,234763
4017100198151,false,בלזן היט וניל 220גרם,חברת בלזן,PL,בלזן היט וניל 220 גרם,,0.00,,false,1,11.90,0.00,true,1,235274
4017100219900,false,ופל ופלטן מגולגל מצו,חברת באלסן,DE,ופל ופלטן מגולגל מצופה שוקולד 100 גרם,,0.00,,false,1,17.90,0.00,true,1,203968
4017100290008,false,ביסקוויט בלזן מצופה,חברת באלסן,DE,בלזן בסקויט חמאה מצופה שוק חלב 125 גרם,,0.00,,false,1,15.90,0.00,true,1,203969
4017100364112,false,עוגיות היט קקאו 220,חברת בלזן,PL,בלזן היט קקאו 220 גרם,,0.00,,false,1,11.90,0.00,true,1,233110
4022025001790,false,יין בלו נאן 24K גולד,היי סישל סוהן טראבן,DE,"יין בלו נאן 24K גולד מבעבע כשר 750 מ""ל",,0.00,,false,1,64.90,0.00,true,1,259473
4022025002025,false,24K יין בלו נאן גולד,בלו נאן,DE,"24K יין בלו נאן גולד כשר 200 מ""ל",,0.00,,false,1,27.90,0.00,true,1,259477
4022025002087,false,24K יין בלו נאן רוזה,בלו נאן,DE,"24K יין בלו נאן רוזה מבעבע כשר 750 מ""ל",,0.00,,false,1,64.90,0.00,true,1,259476
4022025002254,false,24K יין בלו נאן רוזה,בלו נאן,DE,"24K יין בלו נאן רוזה כשר 200 מ""ל",,0.00,,false,1,27.90,0.00,true,1,259478
4022025262009,false,יין בלו נאן גוורצטרמ,לנגוט טראבן,,"יין בלו נאן גוורצטרמינר כשר 750 מ""ל",,0.00,,false,1,59.90,0.00,true,1,259472
4022025262436,false,יין בלו נאן גוורצטרמ,בלו נאן,DE,"יין בלו נאן גוורצטרמינר כשר 250מ""ל",,0.00,,false,1,27.90,0.00,true,1,259479
4022025773000,false,בלו נאן מוסקטו כשר 7,בלו נאן,DE,"בלו נאן מוסקטו כשר 750 מ""ל",,0.00,,false,1,59.90,0.00,true,1,259474
4032900104508,false,סיגריות אל די סופרסל,,,סיגריות אל די סופרסל,,0.00,,false,1,28.40,0.00,false,1,248493
4032900111292,false,סיגריות ווינסטון קומ,JTI,UA,סיגריות ווינסטון קומפקט כחול בודד,,0.00,,false,1,29.80,0.00,false,1,248952
4032900111308,false,סיגריות ווינסטון קומ,JTI,UA,סיגריות ווינסטון קומפקט סילבר בודד,,0.00,,false,1,29.80,0.00,false,1,248954
4032900112824,false,סיגריות כאמל קומפקט,,,סיגריות כאמל קומפקט,,0.00,,false,1,27.60,0.00,false,1,249131
4032900112879,false,סיגריות כאמל קומפקט,,,סיגריות כאמל קומפקט כחול בודד,,0.00,,false,1,27.60,0.00,false,1,249130
4032900124193,false,סיגריות כאמל צהוב אר,,,סיגריות כאמל צהוב ארוך בודד PP,,0.00,,false,1,32.00,0.00,false,1,251561
4032900124254,false,וינסטון קומפקט ברי,,,וינסטון קומפקט ברי PP בודד,,0.00,,false,1,29.80,0.00,false,1,252589
4033100013348,false,סיגריות אל די כחול א,JTI,,סיגריות אל די כחול ארוך חפיסה בודד,,0.00,,false,1,30.20,0.00,false,1,216789
4033100014468,false,סיגריות אל די אדום ח,JTI,,סיגריות אל די אדום חפיסה בודד,,0.00,,false,1,30.20,0.00,false,1,216788
4033100014499,false,סיגריות אל די כחול ח,JTI,,סיגריות אל די כחול חפיסה בודד,,0.00,,false,1,30.20,0.00,false,1,216787
4033100014529,false,סיגריות אל די סלים ח,JTI,,סיגריות אל די סלים חפיסה בודד,,0.00,,false,1,29.00,0.00,false,1,216790
4033100024146,false,סיגריות וינסטון קוד,JTI,,סיגריות וינסטון קוד חפיסה בודד,,0.00,,false,1,32.00,0.00,false,1,222906
4033100024252,false,סיגריות וינסטון אקוו,JTI,,סיגריות וינסטון אקווה חפיסה בודד,,0.00,,false,1,32.00,0.00,false,1,222908
4033100038914,false,טבק לגלגול קאמל צהוב,JTI,,טבק לגלגול קאמל צהוב חפיסה30 גרם,,0.00,,false,1,81.20,0.00,false,1,227141
4033100046490,false,סיגריות וינסטון קוד,יושלם,,סיגריות וינסטון קוד אקווה 100 חפיסה בודד,,0.00,,false,1,32.00,0.00,false,1,226106
4033100047350,false,טבק לגלגול קאמל כחול,JTI,,טבק לגלגול קאמל כחול חפיסה30 גרם,,0.00,,false,1,81.20,0.00,false,1,227142
4033100064036,false,טבק לגלגול וינסטון כ,JTI,,טבק לגלגול וינסטון כחול חפיסה30 גרם,,0.00,,false,1,81.20,0.00,false,1,234570
4043058010412,false,טבק לגלגול אמריקן ספ,jti,,טבק לגלגול אמריקן ספיריט צהוב חבילה30גר,,0.00,,false,1,88.20,0.00,false,1,234010
4101730040024,false,מוצרט טבלאות שוקולד,רייבר,DE,מוצרט טבלאות שוקולד פיסטוק חלב 100 גרם,,0.00,,false,1,13.90,0.00,true,1,249947
4105120623941,false,בירה וויינשטפן בקבוק,"ויינשטפן, ת.ד 1155 פ",DE,"ויינשטפן בק ח""פ 500 מ""ל",,0.00,,false,1,13.90,0.00,true,1,256035
4210201262183,false,אורל בי מברשת חשמלית,בראון,DE,אורל בי מברשת חשמלית נטענת D100,,0.00,,false,1,99.90,0.00,true,1,260073
4210201360742,false,אורל בי ראש חשמלי לנ,בראון,IE,אורל בי ראש חשמלי לניקוי יסודי 4 יח',,0.00,,false,1,99.90,0.00,true,1,260074
4603928000976,false,"וודקה בלוגה 700 מ""ל",מרינסקי ליקרו-וודאצ',RU,"וודקה בלוגה 700 מ""ל",,0.00,,false,1,159.90,0.00,true,1,225502
4640018993343,false,פיניש קוואנטום 30 יח,רקיט בנקיזר,PL,פיניש קוואנטום קפסולות למדיח 30 טבליות,,0.00,,false,1,44.90,0.00,true,1,255865
4640018993350,false,פיניש קוואנטום 30 יח,רקיט בנקיזר,PL,פיניש קוואנטום 30 יח קפסולות גיל לימון,,0.00,,false,1,44.90,0.00,true,1,255866
4710068001692,false,מאסטר קפה לאטה 240 מ,תאיט מרקטינג אנד דיס,,מאסטר קפה לאטה פחית,,0.00,,false,1,10.50,0.00,true,1,228889
4710068001715,false,מאסטר קפה טירמיסו 24,יוני פרזינדנט אנטרפר,,מאסטר קפה טרמיסו פחית 240 מל,,0.00,,false,1,10.50,0.00,true,1,228891
4710068001739,false,מאסטר קפה קולומביאני,יוני פרזינדנט אנטרפר,,מאסטר קפה משקה קפה קר קלאסיקו 240 מל,,0.00,,false,1,10.50,0.00,true,1,228890
4710068002798,false,מאסטר קפה וונילה פחי,מאיטה פוד אינדוסטריא,,מאסטר קפה לאטה פחית,,0.00,,false,1,10.50,0.00,true,1,249667
4796019790013,false,שמן קוקוס אורגני גרי,גרין קוקו,,שמן קוקוס אורגני,,0.00,,false,1,24.90,0.00,true,1,238350
4820163124124,false,וודקה חורטיצה גרין ל,אוקראיניאן דיסטרביוט,UA,וודקה חורטיצה גרין ליין 0.7 כשרה לפסח,,0.00,,false,1,74.90,0.00,true,1,260030
4820229031311,false,וודקה חורטיצה פלטינו,Global Gourmet Produ,UA,וודקה חורטיצה פלטינום 700 מל,,0.00,,false,1,74.90,0.00,true,1,260700
4820229032219,false,וודקה חורטיצה אייס 7,Global Gourmet Produ,UA,וודקה חורטיצה אייס 700 מל,,0.00,,false,1,79.90,0.00,true,1,260701
4895149077565,false,נורת לד 10.5W 60W הב,J&P,,נורת לד 10.5W 60W הברגה E27 אור צהוב,,0.00,,false,1,14.90,0.00,true,1,238536
4895149077572,false,נורת לד 10.5W 60W הב,J&P,,נורת לד 10.5W 60W הברגה E27 אור לבן,,0.00,,false,1,14.90,0.00,true,1,238837
4895149077619,false,נורת לד 15W 100W הבר,J&P,,נורת לד 15W 100W הברגה E27 אור לבן,,0.00,,false,1,29.90,0.00,true,1,238991
5000159376655,false,סוכריות סקיטלס פירות,ריגלי ממתקים,,סוכריות סקיטלס פירות 38 גרם,,0.00,,false,1,4.50,0.00,true,1,223954
5000159376792,false,סוכריות סקיטלס חמוץ,ריגלי ממתקים,,סוכריות סקיטלס חמוץ 38 גרם,,0.00,,false,1,4.50,0.00,true,1,223955
5000159407236,false,חטיף מרס,מרס הולנד בי.וי.,NL,חטיף שוקולד חלב במילוי נוגט וקרמל מרס,,0.00,,false,1,6.90,0.00,true,1,213568
5000159414197,false,מלטיזרס 135גרם,מרס הולנד,NL,מלטיזרס 135גרם,,0.00,,false,1,19.90,0.00,true,1,260560
5000159452977,false,חטיפי שוקולד מיקס מי,מרס הולנד בי.וי.,NL,שוקולד מיקס חטיפי מיני,,0.00,,false,1,28.90,0.00,true,1,227661
5000159459228,false,חטיף טויקס שוקולד,מרס הולנד בי. וי.,NL,חטיף אצבעות קרמל ושוקולד טוויקס,,0.00,,false,1,6.90,0.00,true,1,224770
5000159461122,false,חטיף סניקרס שוקולד,מרס הולנד בי.וי.,NL,חטיף סניקרס שוקולד 50 גרם,,0.00,,false,1,6.90,0.00,true,1,224771
5000159472760,false,שקית שוקולד טוויקס 1,מרסי,NL,שקית שוקולד טוויקס 170גרם,,0.00,,false,1,12.90,0.00,true,1,253540
5000159473200,false,שקית באונטי 170גרם,מרסי,NL,שקית באונטי 170גרם,,0.00,,false,1,12.90,0.00,true,1,260493
5000159486972,false,טוויקס לבן בודד,"נארז ע""י : א.ג. גילר",DE,טוויקס לבן בודד,,0.00,,false,1,6.50,0.00,true,1,238274
5000159528320,false,בי קיינד אגוזים קלוי,שטראוס,,בי קיינד אגוזים קלויים 40 גרם,,0.00,,false,1,9.90,0.00,true,1,254191
5000159528481,false,חטיף בי קיינד שוקולד,שטראוס,,חטיף בי קיינד שוקולד מריר אגוז ומלח ים40,,0.00,,false,1,9.90,0.00,true,1,255224
5000209145514,false,קולגייט שטיפת פה ירו,קולגייט- פלמוליב,BR,קולגייט מי פה פלאקס אייס 250 מל,,0.00,,false,1,19.90,0.00,true,1,249929
5000394019171,false,סוללות דורסל D פלוס,דורסל,US,דורסל סוללות D|2,,0.00,,false,1,34.90,0.00,true,1,242592
5010182997253,false,תרסיס רייד מקס קוטל,אס.סי.ג'ונסון מידרכט,NL,"תרסיס רייד מקס קוטל חרקים 300 מ""ל",,0.00,,false,1,22.90,0.00,true,1,204407
5010182997680,false,תרסיס רייד קוטל נמלי,אס.סי.ג'ונסון מידרכט,NL,"תרסיס רייד קוטל נמלים אדום 300 מ""ל",,0.00,,false,1,22.90,0.00,true,1,204411
5010232964211,false,קונדומים דורקס אקסטר,תאילנד,TH,קונדומים דורקס אקסטרא סייף 12 יחידות,,0.00,,false,1,39.90,0.00,true,1,208374
5010327000046,false,"ויסקי גרנטס 700 מ""ל","איי, בי, אינבוו",,"ויסקי גרנטס 700 מ""ל",,0.00,,false,1,109.90,0.00,true,1,204414
5010677551397,false,בקרדי בריזר ליים בקב,"ברקדי בע""מ",BE,"בריזר - משקה כוהלי מוגז בטעם ליים 275 מ""ל",,0.00,,false,1,18.90,0.00,true,1,232830
5010677552387,false,בקרדי בריזר אננס בקב,בקרדי בעמ,BE,"בריזר - משקה כוהלי מוגז בטעם אננס 275 מ""ל",,0.00,,false,1,18.90,0.00,true,1,204419
5010677554398,false,בקרדי בריזר אבטיח בק,בקרדי בעמ,BE,"בריזר - משקה כוהלי מוגז בטעם אבטיח 275 מ""ל",,0.00,,false,1,18.90,0.00,true,1,204420
5010677714006,false,גין בומביי ספייר 700,בומביי ספיריטס,ES,ג'ין בומביי ספייר,,0.00,,false,1,129.90,0.00,true,1,253431
5011007003005,false,ויסקי גיימסון בקבוק,אייריש דיסטילרז,IE,"וויסקי אירי, ג'יימסון, 700 מ''ל",,0.00,,false,1,139.90,0.00,true,1,208615
5014271310428,false,מעדן דובדבנים שחורים,סנט דלפור,FR,מעדן סנדלפור דובדבן שחור 284 גרם,,0.00,,false,1,21.90,0.00,true,1,204426
5014271330426,false,מעדן אוכמניות כחולות,סנדלפור,FR,מעדן סנדלפור אוכמניות 284 גרם,,0.00,,false,1,23.90,0.00,true,1,204427
5014379009972,false,בירה באדוויזר פחית,"איי, בי, אינבוו",,בירה באדוויזר,,0.00,,false,1,12.90,0.00,true,1,250230
5018357011858,false,גרנולה דורסט סיריאלס,דורסט סיריאליס,IL,גרנולה דורסט סיריאלס ברי גרנולה 550 גרם,,0.00,,false,1,32.90,0.00,true,1,245072
5029053510828,false,קוטקס תחבושות סופר+כ,קימברלי קלארק,,קוטקס תחבושות עם כנפיים סופר פלוס 22 יחידות,,0.00,,false,1,22.90,0.00,true,1,204441
5029053560762,false,קלינקס מארז 8 יח טיש,קימברלי,IT,קלינקס מארז 8 יח טישו כיס,,0.00,,false,1,9.90,0.00,true,1,253415
5035766044673,false,סיידר תפוחים 5% אלכו,סטאסן ס.א,BE,סיידר תפוחים 5% אלכוהול סטרונגבאו 330 מל,,0.00,,false,1,9.90,0.00,true,1,229452
5038483574416,false,קונדומים דורקס אקסטר,רקיט בנקיזר הלת'קר,,קונדומים דורקס אקסטרא 3 יחידות,,0.00,,false,1,14.90,0.00,true,1,214942
5038483578780,false,קונדומים דורקס עלית,רקיט בנקיזר הלת'קר,,קונדומים דורקס עלית 3 יחידות,,0.00,,false,1,14.90,0.00,true,1,214974
5056357900925,false,סניקרס חמאת בוטנים 5,מרס נדרלנד,US,סניקרס חמאת בוטנים 57 גרם,,0.00,,false,1,17.90,0.00,true,1,254263
5056357901427,false,חטיף חלבון m&m בטעם,מארס,GB,חטיף חלבון m&m בטעם שוקולד,,0.00,,false,1,17.90,0.00,true,1,259142
5056357901441,false,חטיף חלבון בוטנים 15,מארס,GB,חטיף חלבון בוטנים 15 חלבון 51 גרם m&m,,0.00,,false,1,17.90,0.00,true,1,259143
5056357903834,false,חטיף באונטי 18גרם ח,מארס יורק אנגליה,GB,חטיף באונטי 18גרם חלבון 52גרם,,0.00,,false,1,17.90,0.00,true,1,259480
5060221201575,false,חטיף חלבון גרנייד קר,,GB,חטיף חלבון גרנייד קרם עוגיות 23 חלבון 60,,0.00,,false,1,17.90,0.00,true,1,259271
5060221201810,false,גרנייד שוקולד לבן ע,גרנייה,NL,גרנייד שוקולד לבן עוגיות 60גרם,,0.00,,false,1,17.90,0.00,true,1,260078
5060221203753,false,חטיף חלבון גרנייד ח,,GB,חטיף חלבון גרנייד חמאת בוטנים 21 חלבון,,0.00,,false,1,17.90,0.00,true,1,259269
5060221203937,false,גרנייד שוקוציפס בצק,גרנייה,NL,גרנייד שוקוציפס בצק עוגיות 60גרם,,0.00,,false,1,17.90,0.00,true,1,260077
5060221206860,false,חטיף חלבון גרנייד ק,,GB,חטיף חלבון גרנייד קרמל מלוח 20 חלבון 60,,0.00,,false,1,17.90,0.00,true,1,259272
5060317321781,false,UFIT משקה חלבון בט,לאקסה אס.אי,GB,"UFIT משקה חלבון בטעם אייס קפה 330מ""ל",,0.00,,false,1,14.90,0.00,true,1,260545
5060317322122,false,UFIT משקה חלבון ב,לאקסה אס.אי,GB,UFIT משקה חלבון בטעם קרמל מלוח 330 מ,,0.00,,false,1,14.90,0.00,true,1,260542
5060317322368,false,UFIT 330 משקה חלבו,לאקסה אס.אי,GB,UFIT משקה חלבון בטעם פאדג בראוניז 33,,0.00,,false,1,14.90,0.00,true,1,260544
5060402908248,false,סניקרס פרוטאין 55 גר,מרס נדרלנד,US,סניקרס פרוטאין 55 גרם,,0.00,,false,1,17.90,0.00,true,1,254264
5060402908286,false,מארס פרוטאין 59 גרם,מרס נדרלנד,US,מארס פרוטאין 59 גרם,,0.00,,false,1,17.90,0.00,true,1,254261
5060402909542,false,מארס קרמל מלוח 59 גר,מרס נדרלנד,US,מארס קרמל מלוח 59 גרם,,0.00,,false,1,17.90,0.00,true,1,256066
5060424705368,false,WARRIOR חטיף קראנץ ב,וורקווין,GB,WARRIOR חטיף קראנץ בטעם קרמל מלוח 64 גר,,0.00,,false,1,14.90,0.00,true,1,260388
5060424705511,false,WARRIOR חטיף חלבון ק,תעשיות מזון בלאבאן,US,WARRIOR חטיף חלבון קראנץ שוקולד וקוקוס,,0.00,,false,1,14.90,0.00,true,1,261685
5060424705535,false,WARRIORשוקולד מריר ו,,GB,WARRIORשוקולד מריר ובוטנים 20גר חלבון,,0.00,,false,1,14.90,0.00,true,1,260373
5060517886486,false,משקה אנרגיה מונסטר פ,Monster energy סרביה,RU,"מונסטר אנרג'י פח 500 מ""ל",,0.00,,false,1,10.90,0.00,true,1,251100
5060517886547,false,משקה אנרגיה מונסטר ר,Monster energy סרביה,RU,"מונסטר אנרג'י רוזי פח 500 מ""ל",,0.00,,false,1,10.90,0.00,true,1,251102
5060639128051,false,מונסטר ULTRA פח 500,Monster energy סרביה,RS,"מונסטר ULTRA פח 500 מ""ל",,0.00,,false,1,10.90,0.00,true,1,252556
5060639129102,false,משקה אנרגיה מונסטר M,Monster energy סרביה,RS,"מונסטר Mango Loco פח 500 מ""ל",,0.00,,false,1,10.90,0.00,true,1,254173
5060751218173,false,משקה אנרגיה מונסטר פ,Monster energy סרביה,IE,"מונסטר פייפליין פאנץ' פח 500 מ""ל",,0.00,,false,1,10.90,0.00,true,1,260371
5060751219033,false,משקה אנרגיה מונסטר א,Monster energy סרביה,IE,"מונסטר ULTRA PARADISE פח 500 מ""ל",,0.00,,false,1,10.90,0.00,true,1,260372
5060756343702,false,WARRIORחטיף חלבון קר,תעשיות מזון בלאבאן,US,WARRIORחטיף חלבון קראנץ פטל שוקולד מריר,,0.00,,false,1,14.90,0.00,true,1,261686
5201004021328,false,קפריס רולס קלאסיק 11,אי. ג'יי פאפאדופולוס,GR,גלילי וופל במילוי קרם אגוזי לוז וקקאו 115 גרם,,0.00,,false,1,12.90,0.00,true,1,260814
5201360521241,false,קוראסון 7DAYS במילוי,ציפיטה,,קוראסון 7DAYS במילוי אישי 65 גרם,,0.00,,false,1,5.00,0.00,true,1,236776
5201583750411,false,סוכריות זירו לימון 3,LAVDAS,GR,סוכריות זירו לימון 32 גרם,,0.00,,false,1,7.90,0.00,true,1,258631
5201583751418,false,סוכריות זירו אייס בל,LAVDAS,GR,סוכריות זירו אייס בלו 32 גרם,,0.00,,false,1,7.90,0.00,true,1,258633
5208049001452,false,גולדן ירוק 30 ג+ ניי,BAT,,גולדן ירוק 30 ג+ נייר PP פקט חפיסה,,0.00,,false,1,70.00,0.00,false,1,250591
5208049001513,false,גולדן וירגיניה צהוב,,,גולדן וירגיניה צהוב 30 גר+ נייר גלגול P,,0.00,,false,1,70.00,0.00,true,1,250422
5208049001841,false,פאל מאל דמי קפסולה ב,גלוברנס,,פאל מאל דמי קפסולה בודד,,0.00,,false,1,27.30,0.00,false,1,250295
5208049002473,false,סיגריות קנט ארוך חפי,BAT,,סיגריות קנט ארוך חפיסה בודד PP,,0.00,,false,1,38.40,0.00,false,1,250428
5208049004408,false,סיגריות רוטמנס סילבר,גלוברנס,IL,סיגריות רוטמנס סילבר בודד,,0.00,,false,1,31.40,0.00,false,1,253989
5208049004781,false,סיגריות פאל מאל ברי,,,סיגריות,,0.00,,false,1,27.30,0.00,false,1,253608
5208049005719,false,סיגריות פאל מאל אננס,,,סיגריות פאל מאל אננס דמ י סלימס בודד,,0.00,,false,1,27.30,0.00,false,1,259273
5208049006594,false,פאל מאל אקסטרה כחול,BAT,DE,פאל מאל אקסטרה כחול חפיסה,,0.00,,false,1,30.20,0.00,true,1,260839
5410126006339,false,ביסקוויט קרמל לוטוס,לוטוס בייקרי,BE,ביסקויט קרמל לוטוס 124 גר 2*8 עטוף בנפרד,,0.00,,false,1,9.90,0.00,true,1,230036
5410228217732,false,סטלה ארטואה - פחית 4,מנדלז סי.אר. פרודקשן,BE,בירה סטלה ארטואה בפחית 440 מל,,0.00,,false,1,15.90,0.00,true,1,254174
5410228267508,false,בירה באדוויזר בקבוק,"איי, בי, אינבוו",,בירה באדוויזר,,0.00,,false,1,11.90,0.00,true,1,250229
5410316983693,false,סמירנוף אייס בקבוק .,דיאג'ו אופריישנס,IT,סמירנוף אייס בודד,,0.00,,false,1,17.90,0.00,true,1,206502
5410316994019,false,וודקה סמירנוף אדום ב,דיאג'ו אופריישנס איט,US,סמירנוף וודקה 700 מל,,0.00,,false,1,99.90,0.00,true,1,225886
5411081003654,false,בירה קסטל רוזי 330,יושלם,,בירה קסטל רוזי 330,,0.00,,false,1,15.90,0.00,true,1,225950
5411188081852,false,משקה סויה אלפרו וניל,אלפרו C.V.A,BE,אלפרו משקה סויה וניל 1ל,,0.00,,false,1,16.90,0.00,true,1,228977
5411188115472,false,משקה סויה אלפרו 1ל,אלפרו C.V.A,BE,אלפרו משקה סויה 1ל,,0.00,,false,1,16.90,0.00,true,1,252895
5411188124726,false,משקה אלפרו שיבולת שו,אלפרו C.V.A,BE,אלפרו משקה ש.שועל שקדים1ל,,0.00,,false,1,16.90,0.00,true,1,243165
5411188300328,false,משקה סויה שוקו,אלפרו C.V.A,BE,אלפרו משקה סויה שוקו 1ל,,0.00,,false,1,16.90,0.00,true,1,228980
5411188543398,false,משקה סויה אלפרו ללא,אלפרו C.V.A,BE,אלפרו משקה סויה ללס 1ל,,0.00,,false,1,16.90,0.00,true,1,252899
5453002250204,false,מזון לכלבים לייב דוג,בקטרפילד,BE,מזון לכלבים לייב דוג פאפי מינ טרקי 2 קג,,0.00,,false,1,74.90,0.00,true,1,257818
5453002250211,true,מזון לכלבים לייב דוג,בקטרפילד,BE,מזון לכלבים לייב דוג פאפי ציקן 3 קג,,0.00,,false,1,79.90,0.00,true,1,246730
5453002250228,true,מזון לכלבים לייב דוג,בקטרפילד,BE,מזון לכלבים לייב דוג אדולט סלמון 3 קג,,0.00,,false,1,79.90,0.00,true,1,257819
5453002250273,true,מזון לכלבים לייב דוג,בקטרפילד,BE,מזון לכלבים לייב דוג ס.מיני טרקי 2 קג,,0.00,,false,1,74.90,0.00,true,1,257820
5601045300022,false,משקה גוארנה אנטרטיקה,סומול וקומפל אס.איי,PT,"גוארנה אנטרטיקה פחית צרה 330 מ""ל",,0.00,,false,1,8.50,0.00,true,1,213034
5701932026964,false,פופקורן עם מלח הוטפו,פופז בעמ,US,פופקורן עם מלח הוטפופ 600 גרם,,0.00,,false,1,21.90,0.00,true,1,204787
5701932026971,false,פופקורן עם חמאה הוטפ,"פופז בע""מ",US,הוט חמאה 600 ג') ב(12,,0.00,,false,1,21.90,0.00,true,1,204788
5701932026995,false,פופקורן לייט טבעי הו,פופז בעמ,US,פופקורן לייט טבעי הוטפופ 510 גרם,,0.00,,false,1,21.90,0.00,true,1,204789
5710840186615,false,באלי סילבר אמריקן בל,,,באלי סילבר אמריקן בל,,0.00,,false,1,100.00,0.00,true,1,247550
5710840209437,false,באלי נטוראל 40 גר,,,באלי נטוראל 40 גר,,0.00,,false,1,100.00,0.00,true,1,250797
5710840210013,false,באלי לבן 40 גר,,,באלי לבן 40 גר,,0.00,,false,1,100.00,0.00,true,1,250796
5710840210136,false,באלי אדום 40 גר,S.T.G,,באלי אדום 40 גר,,0.00,,false,1,100.00,0.00,false,1,251023
5710840210167,false,באלי צהוב 40 גר,S.T.G,,באלי צהוב 40 גר,,0.00,,false,1,100.00,0.00,true,1,251024
5711953038372,false,ארלה גבינת שמנת טבעי,ארלה פודס אמבה,,ארלה גבינת שמנת טבעי 150 גרם,,0.00,,false,1,14.90,0.00,true,1,257453
5711953038396,false,גבינת שמנת 24% עם שו,ארלה פודס אמבה,,ארלה גבינת שמנת שום 150 גרם,,0.00,,false,1,14.90,0.00,true,1,257452
5711953038419,false,גבינת שמנת 23.5% תבל,ארלה פודס אמבה,,גבינת שמנת 23.5% תבלינים וע.תיבול 150 גר,,0.00,,false,1,14.90,0.00,true,1,257451
5711953099946,false,ארלה קסטלו ברי 125 ג,שטראוס,IL,ארלה קסטלו ברי 125 גרם,,0.00,,false,1,22.90,0.00,true,1,249043
5711953099953,false,ארלה קסטלו קממבר 125,שטראוס,IL,ארלה קסטלו קממבר 125 גרם,,0.00,,false,1,22.90,0.00,true,1,249044
5740900403215,true,ממרח לורפק עם מלח 25,ארלה פודס אמבה,DK,ממרח לורפק עם מלח 250,,0.00,,false,1,19.90,0.00,true,1,247083
5740900403222,true,ממרח לורפק עם מלח מו,ארלה פודס אמבה,DK,ממרח לורפק עם מלח מופחת שומן,,0.00,,false,1,19.90,0.00,true,1,247084
5740900403260,false,ממרח לורפק ללא מלח מ,ארלה פודס אמבה,DK,ממרח לורפק ללא מלח מופחת שומן,,0.00,,false,1,19.90,0.00,true,1,247088
5740900403284,false,ממרח לורפק 200 גר לל,ארלה דודס,DK,ממרח לורפק 200 גר ללא מלח,,0.00,,false,1,12.90,0.00,true,1,252731
5900020015181,false,פיטנס חטיף שוקולד,מיוצר עי קונדיטוריית,PL,פיטנס חטיף שוקולד,,0.00,,false,1,4.90,0.00,true,1,259007
5900020018892,false,פיטנס חטיף דגנים קרם,לוביץ',PL,פיטנס חטיף דגנים קרם עוגיות,,0.00,,false,1,4.90,0.00,true,1,258997
5900020025807,false,סיני מיניס 375 גרם,סי. פי. פולין,PL,סיני מיניס 375 גרם,,0.00,,false,1,14.90,0.00,true,1,248094
5900020036407,true,ליון דגני בוקר שוקול,סי.פי פולין,PL,ליון דגני בוקר שוקולד וקרמל 480גרם,,0.00,,false,1,28.90,0.00,true,1,261812
5900020039613,false,פיטנס חטיף דגנים שקד,נסטלה,IT,פיטנס חטיף דגנים שקדים ודבש,,0.00,,false,1,4.90,0.00,true,1,258998
5900951283963,false,dro סניקרס קרימי ח.ב,מרס פולין,PL,dro סניקרס קרימי ח.בוטנים 36.5,,0.00,,false,1,6.90,0.00,true,1,259589
5901414200411,false,עוגיות היט מיני קקאו,בלזן,PL,עוגיות היט מיני קקאו 130 גרם,,0.00,,false,1,9.00,0.00,true,1,209206
5902198160403,false,משקה אנרגיה XL TEN,"טמפו משקאות בע""מ",IL,"משקה אנרגיה XL TEN פחית 250 מ""ל",,0.00,,false,1,7.90,0.00,true,1,241522
5904941750312,false,משקה אנרגיה BLU דיי,אקו - ביט,PL,בלו משקה אנרגיה מוגז 250 מל,,0.00,,false,1,8.90,0.00,true,1,224559
5904941751241,false,משקה אנרגיה בלו דיי,אקו - ביט,PL,בלו משקה אנרגיה מוגז 250 מל,,0.00,,false,1,8.90,0.00,true,1,252565
5904941751302,false,משקה אנרגיה BLU פחי,אקו - ביט,PL,בלו משקה אנרגיה מוגז 250 מל,,0.00,,false,1,8.90,0.00,true,1,213692
5904941751524,false,משקה אנרגיה BLU דיי,אקו - ביט,PL,בלו משקה אנרגיה מוגז 250 מל,,0.00,,false,1,8.90,0.00,true,1,224560
5904941751920,false,משקה אנרגיה BLU דיי,אקו - ביט,PL,בלו משקה אנרגיה מוגז 250 מל,,0.00,,false,1,8.90,0.00,true,1,222079
5904941752262,false,משקה אנרגיה בלו 6 קל,אקו - ביט,PL,בלו משקה אנרגיה מוגז 250 מל,,0.00,,false,1,8.90,0.00,true,1,252564
5906485301012,false,משקה אנרגיה XL פחית,"טמפו משקאות בע""מ",IL,אקס אל אנרג'י דרינק משקה אנרגיה מוגז,,0.00,,false,1,7.90,0.00,true,1,209575
5906485301234,false,משקה אנרגיה XL למון,טמפו,,"משקה אנרגיה XL למון ליים 250 מ""ל",,0.00,,false,1,9.00,0.00,true,1,217120
5998623526739,false,יין גוורצטרמינר סי ג,דנוביאנה,HU,"יין גוורצטרמינר סי גראס 750 מ""ל",,0.00,,false,1,49.90,0.00,true,1,249034
6001023641601,false,מילוי גז למצתים 250,,,"מילוי גז למצתים 250 מ""ל",,0.00,,false,1,11.90,0.00,true,1,247912
6001067022558,false,מברשת שיניים קולגייט,קולגייט פלמוליב,CN,מברשת שיניים קולגייט אקסטרה קלין,,0.00,,false,1,8.50,0.00,true,1,226321
6008165003984,false,סיגריות פאל מל כחול,אמריקן גרדן,,סיגריות פאל מל כחול סטרים חפיסה בודד,,0.00,,false,1,31.40,0.00,false,1,226316
6008165271192,false,סיגריות פאל מל ארוך,אמריקן גרדן,,סיגריות פאל מל ארוך אדום חפיסה בודד,,0.00,,false,1,31.40,0.00,false,1,225406
6008165274629,false,סיגריות פאל מאל כחול,יושלם,,סיגריות פאל מאל כחול ארוך סטרים חפיסה בו,,0.00,,false,1,31.40,0.00,false,1,235341
6253341100029,false,טחינה עאייש 100% שומ,עומר עאייש שכם,PS,טחינה עאייש 100% שומשום 450 גרם,,0.00,,false,1,13.90,0.00,true,1,250103
6908235694404,false,אוזניות מיקרופון אונ,,,אוזניות מיקרופון אוניברסליות,,0.00,,false,1,29.90,0.00,true,1,250631
6928542902795,false,פרש דפי ריענון כחול,שאטו בלוו,CN,פרש דפי ריענון כחול,,0.00,,false,1,7.90,0.00,true,1,210149
6928542902801,false,פרש דפי ריענון מנטה,שאטו בלוו,CN,פרש דפי ריענון מנטה ירוק,,0.00,,false,1,7.90,0.00,true,1,210150
6928542902818,false,סטריפס בטעם תות 12 י,שאטו בלוו,CN,פרש דפי ריענון תות אדום,,0.00,,false,1,7.90,0.00,true,1,210151
6959375199175,false,FLAMINGO - ניקוי חל,פלמינגו,CN,FLAMINGO - ניקוי חלודה -065,,0.00,,false,1,14.90,0.00,true,1,250158
6971060682533,false,ס.אלקטרונית ק.פרו ענ,shenzhen hot technol,CN,ס.אלקטרונית ק.פרו ענבים 2000 שאיפות,,0.00,,false,1,59.90,0.00,false,1,256185
6971060684087,false,ס. אלקטרונית ק. פרו,,CN,ס. אלקטרונית ק. פרו קוקוס אננס 2000 שאיפ,,0.00,,false,1,79.90,0.00,false,1,259519
6971578996757,false,סיגריה אלקטרונית גו,shenzhen shengsi,CN,סיגריה אלקטרונית גויאבה 1200 שאיפות HQD,,0.00,,false,1,99.90,0.00,false,1,260348
6973826700871,false,HQD ס.אלקטרונית אוכמ,shenzhen hot technol,CN,HQD ס.אלקטרונית אוכמניות 2000 שאיפות 1/12,,0.00,,false,1,104.90,0.00,false,1,259184
6973826700895,false,HQD ס.אלקטרונית ענבי,shenzhen hot technol,CN,HQD ס.אלקטרונית ענבים 2000 שאיפות 1/12,,0.00,,false,1,104.90,0.00,false,1,259187
6973826700918,false,HQD ס.אלקטרונית מנטה,shenzhen hot technol,CN,HQD ס.אלקטרונית מנטה אייס 2000 שאיפות 1/,,0.00,,false,1,104.90,0.00,false,1,259185
6973826700956,false,HQD ס.אלקטרונית אננס,shenzhen hot technol,CN,HQD ס.אלקטרונית אננס 2000 שאיפות 1/12,,0.00,,false,1,104.90,0.00,false,1,259188
6973826700994,false,HQD ס.אלקטרונית תות,shenzhen hot technol,CN,HQD ס.אלקטרונית תות אייס 2000 שאיפות 1/1,,0.00,,false,1,104.90,0.00,false,1,259189
6973826701014,false,HQD ס.אלקטרונית אבטי,shenzhen hot technol,CN,HQD ס.אלקטרונית אבטיח אייס 2000 שאיפות 1,,0.00,,false,1,104.90,0.00,false,1,259186
6974706640027,false,סיגריה אלקטרונית סמא,shenzhen hot technol,CN,סיגריה אלקטרונית סמארט אבטיח אייס 3000 שאיפות,,0.00,,false,1,99.90,0.00,true,1,261438
7290000005589,false,סופגניה מיני עם ריבה,גדרון,IL,סופגניה מיני עם ריבה 40 גרם,,0.00,,false,1,3.90,0.00,true,1,261759
7290000008384,false,דונאטס במגוון טעמים,פילסברי,IL,דונאטס במגוון טעמים,,0.00,,false,1,6.90,0.00,true,1,255862
7290000021073,false,"מיכל 2.5 + ק""ג",,,"מיכל 2.5 + ק""ג",,0.00,,false,1,359.00,0.00,true,1,250461
7290000021082,false,"מיכל 5 ק""ג + גז",,,"מיכל 5 ק""ג + גז",,0.00,,false,1,495.00,0.00,true,1,250459
7290000023083,false,ערק אשקלון 40% בקבוק,"יקבי ברקן בע""מ",IL,"ערק אשקלון 40% בקבוק 700 מ""ל",,0.00,,false,1,84.90,0.00,true,1,228188
7290000023809,false,יין ברקן קלאסיק קברנ,יקבי ברקן שיווק והפצ,IL,ברקן קלאסיק קברנה סוביניון יין אדום יבש 2015,,0.00,,false,1,39.90,0.00,true,1,202954
7290000023977,false,יין ברקן קלאסיק מרלו,יקבי ברקן שיווק והפצ,IL,ברקן קלאסיק מרלו יין אדום יבש 2015 750 מל,,0.00,,false,1,39.90,0.00,true,1,202963
7290000024202,false,יין ברקן רזרב קברנה,ברקן שיווק והפצה בעמ,IL,"יין ברקן רזרב קברנה סובניון 750 מ""ל",,0.00,,false,1,54.90,0.00,true,1,202973
7290000024219,false,יין ברקן רזרב אמרד ר,יקבי ברקן,IL,ברקן רזרב יין לבן חצי יבש אמרלד ריזלינג 750 מל,,0.00,,false,1,54.90,0.00,true,1,202974
7290000024523,false,מיץ ענבים תירוש סגל,כרמי צבי - האחים סגל,IL,מיץ ענבים תירוש סגל 1 ליטר,,0.00,,false,1,18.90,0.00,true,1,231374
7290000040042,false,יוגורט יופלה תות 3%,תנובה בעמ,IL,יופלה יוגורט תות %3 גביע 150 גרם,,0.00,,false,1,5.70,0.00,true,1,203904
7290000040066,false,יוגורט יופלה דובדבן,תנובה בעמ,IL,יופלה יוגורט דובדבן %3 גביע 150 גרם,,0.00,,false,1,5.70,0.00,true,1,203927
7290000040080,false,יוגורט יופלה אפרסק 3,תנובה בעמ,IL,יופלה יוגורט אפרסק %3 גביע 150 גרם,,0.00,,false,1,5.70,0.00,true,1,203928
7290000040462,false,גבינה מותכת טוסטי 22,"תנובה, מחלבת תל יוסף",IL,גבינה מותכת טוסטי 22% אדם 200 גרם,,0.00,,false,1,20.90,0.00,true,1,256378
7290000041445,false,קוטג 5% תנובה 250 גר,מחלבת אלון תבור,IL,קוטג תנובה גביע 250 גרם 5% בדצ,,0.00,,false,1,5.70,0.00,true,1,204058
7290000041858,false,שמנת יטבתה מעושרת 20,מחלבת יטבתה,IL,שמנת חמוצה 15% מועשרת מהדרין,,0.00,,false,1,2.90,0.00,true,1,204076
7290000042015,false,"חלב 3% שקית בד""ץ פיק",תנובה,IL,"חלב 3% שקית בד""ץ פיקוח 1 ליטר",,0.00,,false,1,5.43,0.00,true,1,204095
7290000042435,false,חלב 1% קרטון פיקוח 1,תנובה,IL,תנובה חלב טרי 1% שומן,,0.00,,false,1,5.86,0.00,true,1,204115
7290000042466,false,חלב 1% מועשר קרטון +,פארייפאבה אגרואינדוס,IL,תנובה משקה חלב מעושר 1% 1 ליטר,,0.00,,false,1,9.60,0.00,true,1,204117
7290000042855,false,שוקו יטבתה בשקית 225,שטראוס גרופ,,"שוקו יטבתה בשקית 225 מ""ל",,0.00,,false,1,3.50,0.00,true,1,204124
7290000043012,false,שוקו עמיד 2% בקרטון,תנובה,IL,תנובה שוקו עמיד 2% שומן 250 מל,,0.00,,false,1,5.20,0.00,true,1,256384
7290000043814,false,שמנת מתוקה עמידה 38%,תנובה,IL,השף הלבן שמנת להקצפה 38% שומן 250 מל,,0.00,,false,1,6.47,0.00,true,1,204172
7290000044712,false,"פרילי תות 500 מ""ל",מחלבת אלון תבור,IL,"פרילי תות 500 מ""ל",,0.00,,false,1,13.50,0.00,true,1,204184
7290000044743,false,פרילי אננס,מיוצר עי קונדיטוריית,IL,"פרילי אננס 500 מ""ל",,0.00,,false,1,12.90,0.00,true,1,206136
7290000044880,false,"באדי תות 3% 500 מ""ל",מחלבת אלון תבור,IL,"באדי תות 3% 500 מ""ל",,0.00,,false,1,10.90,0.00,true,1,204186
7290000045573,false,גבינה מותכת נעמה 200,תנובה,IL,נעמה גבינה מותכת משולשים 25% שומן,,0.00,,false,1,17.90,0.00,true,1,204222
7290000045917,false,גבינה צאן פרומעז גלי,תנובה,IL,תנובה פרומעז גבינה מותכת מחלב עיזים 23% שומן,,0.00,,false,1,28.90,0.00,true,1,204230
7290000048185,false,גבינה למריחה 5% תנוב,מחלבת אלון תבור,IL,גבינה למריחה 5% תנובה פיקוח 250 גרם,,0.00,,false,1,4.98,0.00,true,1,204312
7290000048192,false,גבינה למריחה 9% תנוב,מחלבת אלון תבור,IL,גבינה למריחה 9% תנובה 250 גרם,,0.00,,false,1,4.90,0.00,true,1,204313
7290000048307,false,קוטג 5% זיתים 250 גר,מחלבת אלון תבור,IL,קוטג 5% זיתים 250 גרם,,0.00,,false,1,6.10,0.00,true,1,204320
7290000048437,false,גבינה צפתית 5% פיראו,תנובה מחלבת טנא נוגה,IL,גבינה צפתית 5% שומן,,0.00,,false,1,17.50,0.00,true,1,204326
7290000050447,false,יופלה תות 500 גרם,תנובה בעמ,IL,יופלה תות 3% גביע 500 גרם,,0.00,,false,1,15.50,0.00,true,1,214346
7290000050638,false,גוש חלב 400 ג,תנובה מרכז שיתופי לש,,גוש חלב 400 גרם,,0.00,,false,1,28.10,0.00,true,1,257176
7290000051307,false,מארז הפסקת אוכל,"תנובה, מחלבת טנא נוג",IL,מארז הפסקת אוכל חלב+דגני עוגי,,0.00,,false,1,10.90,0.00,true,1,215031
7290000051376,false,יוגורט יופלה דיאט אנ,תנובה בעמ,IL,יופלה דיאט אננס גביע 150 גרם,,0.00,,false,1,6.00,0.00,true,1,215438
7290000051956,false,טל העמק 9%,,,טל העמק- 9% חריץ למעדנייה,קילוגרמים,1.00,"ק""ג",true,,83.60,0.00,true,1,216483
7290000052250,false,יופלה פירות יער 500,תנובה בעמ,IL,יופלה פירות יער 3% גביע 500 גרם,,0.00,,false,1,14.90,0.00,true,1,215742
7290000052304,false,משקה מוקה בקבוק 340,תנובה,IL,תנובה משקה על בסיס חלב בטעם מוקה,,0.00,,false,1,8.90,0.00,true,1,216710
7290000052717,false,קוטג 5% עם שום שמיר,מחלבת אלון תבור,IL,קוטג 5% עם שום שמיר 250 גרם,,0.00,,false,1,6.10,0.00,true,1,223156
7290000054230,false,משקה סויה עמיד שוקו,תנובה מרכז שיתופי לש,,משקה סויה עמיד טעם שוקו 1 ליטר,,0.00,,false,1,11.50,0.00,true,1,256882
7290000055206,false,גבינה לבנה 5% בצל מט,מחלבת אלון תבור,IL,גבינה לבנה 5% בצל מטוגן 250 גרם,,0.00,,false,1,6.20,0.00,true,1,220463
7290000055329,false,משקה יוגורט יופלה תו,תנובה בעמ,IL,"משקה יוגורט יופלה תות מלון 250 מ""ל",,0.00,,false,1,6.90,0.00,true,1,219232
7290000055336,false,משקה יוגורט יופלה בנ,תנובה בעמ,IL,"משקה יוגורט יופלה בננה אפרסק 250 מ""ל",,0.00,,false,1,6.90,0.00,true,1,219233
7290000055343,false,משקה יוגורט יופלה טר,תנובה בעמ,IL,"משקה יוגורט יופלה טרופי 250 מ""ל",,0.00,,false,1,6.90,0.00,true,1,219234
7290000055893,false,חמאה תנובה 200 גרם,תנובה,IL,חמאה תנובה 200 גרם,,0.00,,false,1,8.50,0.00,true,1,225434
7290000056272,false,גבינה לבנה 5% זיתים,מחלבת אלון תבור,IL,גבינה לבנה 5% זיתים 250 גרם,,0.00,,false,1,6.20,0.00,true,1,220502
7290000057132,false,יוגורט ביו 1.5% תנוב,מחלבת אלון תבור,IL,יוגורט ביו 1.5% תנובה 200 גרם,,0.00,,false,1,3.30,0.00,true,1,220794
7290000057149,false,יוגורט ביו 3% תנובה,מחלבת אלון תבור,IL,יוגורט ביו 3% תנובה 200 גרם,,0.00,,false,1,3.30,0.00,true,1,220795
7290000058030,false,משקה יוגורט יופלה שט,מחלבת אלון תבור,IL,יופלה משקה יוגורט תות 800 מל,,0.00,,false,1,21.90,0.00,true,1,221823
7290000058580,false,קוקילידה 80 גרם,נגה גלידות (גלידות נ,IL,נסטלה קוקילידה 28*80גרם,,0.00,,false,1,12.50,0.00,true,1,206582
7290000060071,false,חטיפי פריכונים טבעי,"מיוצר ע""י PT, משווק",IL,אסם חטיפי פריכונים טבעי 12*80גרם,,0.00,,false,1,9.90,0.00,true,1,204921
7290000060088,false,בייגלה מקלות מלוחים,"אסם השקעות בע""מ",IL,אסם בייגלה מקלות מלוחים 12*400גרם,,0.00,,false,1,14.90,0.00,true,1,207972
7290000060163,false,אטריות דקות 400 גרם,"אסם השקעות בע""מ",IL,אסם אטריות דקות 12*400גרם,,0.00,,false,1,8.90,0.00,true,1,204932
7290000060200,false,פתיתים אפויים קוסקוס,"אסם השקעות בע""מ",IL,פתיתים אפויים קוסקוס 500 גרם,,0.00,,false,1,8.90,0.00,true,1,204933
7290000060781,false,פסטה מסולסלים אסם 50,פסטה זארה,IT,אסם פסטה מסולסלים לאחר הפסח 12*500גרם,,0.00,,false,1,6.90,0.00,true,1,204951
7290000060811,false,טילון אקסטרים ענק מט,גלידות נסטלה,IL,אקסטרים ענק מטבע שוקולד 16*120גרם,,0.00,,false,1,12.50,0.00,true,1,204952
7290000060880,false,ספגטי אסם 500 גרם,פסטה זארה,IT,ספגטי אסם 500 גרם,,0.00,,false,1,6.90,0.00,true,1,204957
7290000063102,false,קמח תופח אסם 350 גרם,"אסם השקעות בע""מ",IL,קמח תופח אסם 350 גרם,,0.00,,false,1,5.90,0.00,true,1,205057
7290000063157,false,"קמח תופח מאליו 1 ק""ג","אסם השקעות בע""מ",IL,"קמח תופח מאליו 1 ק""ג אסם",,0.00,,false,1,10.90,0.00,true,1,205064
7290000064758,false,קוסקוס אמיתי אסם 350,"מיוצר ע""י קוד יצרן K",IL,אסם קוסקוס אמיתי 12*350גרם,,0.00,,false,1,9.90,0.00,true,1,207405
7290000064871,false,מנה חמה פירה עם בצל,"אסם השקעות בע""מ",IL,מנה חמה פירה תפוא.ובצל 12*56גרם,,0.00,,false,1,9.90,0.00,true,1,205098
7290000065335,false,פירה תפוח אדמה+ירקות,"אסם השקעות בע""מ",IL,מנה חמה פירה וירקות 12*55גרם,,0.00,,false,1,9.90,0.00,true,1,205113
7290000065557,false,מנה חמה קוסקוס עם יר,"אסם תעשיות מזון בע""מ",IL,מנה חמה קוסקוס וירקות בדצ 12*84גרם,,0.00,,false,1,9.90,0.00,true,1,205115
7290000065977,false,אסם חטיפי פריכונים ת,"מיוצר ע""י פרח, משווק",IL,אסם חטיפי פריכונים תירס 12*80גרם,,0.00,,false,1,9.90,0.00,true,1,216723
7290000066134,false,ביסלי פאלפל,"אסם השקעות בע""מ",IL,ביסלי פלאפל 24*70גרם-חדש,,0.00,,false,1,6.90,0.00,true,1,205128
7290000066141,false,ביסלי גריל,"אסם השקעות בע""מ",IL,ביסלי גריל 48*70גרם,,0.00,,false,1,6.90,0.00,true,1,205129
7290000066172,false,ביסלי פיצה 70 גרם,"אסם השקעות בע""מ",IL,ביסלי פיצה 24*70גרם,,0.00,,false,1,6.90,0.00,true,1,205132
7290000066196,false,ביסלי גריל 200 גרם,"אסם השקעות בע""מ",IL,ביסלי גריל 25*200גרם,,0.00,,false,1,12.50,0.00,true,1,205134
7290000066295,false,במבה תות 30 גרם,"אסם השקעות בע""מ",IL,במבה מתוקה מחומרים טבעיים 40*30גרם,,0.00,,false,1,3.90,0.00,true,1,205139
7290000066318,false,במבה 80 גרם,"אסם השקעות בע""מ",IL,במבה קלאסי 40*80גרם,,0.00,,false,1,7.90,0.00,true,1,205141
7290000066332,false,אפרופו 50 גרם,"אסם השקעות בע""מ",IL,אפרופו 36*50גרם,,0.00,,false,1,7.90,0.00,true,1,205142
7290000066349,false,אפרופו 100 גרם,"אסם השקעות בע""מ",IL,אפרופו 20*100גרם,,0.00,,false,1,11.90,0.00,true,1,205143
7290000067599,false,מנה חמה ספגטי בולונז,"אסם השקעות בע""מ",IL,מנה חמה ספגטי בולונז 12*65גרם,,0.00,,false,1,9.90,0.00,true,1,205179
7290000067735,false,ניוקי בצקיות מתפוח א,גרנדי פסטי,IT,ניוקי בצקיות מתפוח אדמה בואקום 500 גרם,,0.00,,false,1,14.90,0.00,true,1,256445
7290000068138,false,פודינג אינסטנט וניל,"אסם השקעות בע""מ",IL,אסם פודינג אינסטנט וניל 12*80גרם,,0.00,,false,1,6.50,0.00,true,1,205229
7290000068190,false,"ג""לי בזק טעם תות שדה","אסם השקעות בע""מ",IL,אסם ג'לי תות שדה צבעים טבעיים 12*90גרם,,0.00,,false,1,7.90,0.00,true,1,205231
7290000068237,false,"ג""לי בזק טעם פטל 85","אסם השקעות בע""מ",IL,אסם ג'לי פטל צבעים טבעיים 12*85גרם,,0.00,,false,1,8.90,0.00,true,1,205233
7290000068282,false,"מנה חמה תפו""א עם ירק","אסם השקעות בע""מ",IL,מנה חמה פירה.וירקות כלפ.12*47גרם,,0.00,,false,1,9.90,0.00,true,1,214156
7290000068343,false,אסם פריכונים מאורז מ,"מיוצר ע""י PT, משווק",IL,אסם פריכונים מאורז מלא 12*140גרם,,0.00,,false,1,9.90,0.00,true,1,205236
7290000068701,false,שקדי מרק אסם במיכל 4,"אסם השקעות בע""מ",IL,אסם שקדי מרק רכיבים טבע.מיכל 10*400גרם,,0.00,,false,1,19.90,0.00,true,1,205242
7290000070308,false,מרק עוף אמיתי 400 גר,"אסם השקעות בע""מ",IL,אסם מרק עוף אמיתי חתם סופר כלפ.6*400גרם,,0.00,,false,1,25.90,0.00,true,1,205283
7290000071008,false,בייגלה שטוחים עם מלח,"אסם השקעות בע""מ",IL,אסם בייגלה שטוחים מלח 24*60גרם,,0.00,,false,1,5.00,0.00,true,1,217945
7290000072241,false,אסם רוטב לפיצה בקבוק,"אסם השקעות בע""מ",IL,אסם רוטב פיצה 9*290מל,,0.00,,false,1,11.90,0.00,true,1,205294
7290000072623,false,קטשופ לחיץ רגיל,"אסם השקעות בע""מ",IL,אסם קטשופ בקבוק לחיץ 9*750גרם-חדש,,0.00,,false,1,13.90,0.00,true,1,205297
7290000072753,false,קפה טסטרצויס 200 גרם,לוטה נסטלה קוריאה,,טייסטרס צ'וייס 12*200גרם,,0.00,,false,1,35.90,0.00,true,1,205300
7290000072968,false,דגני סיני מיניס קינמ,סי. פי. פולין,PL,דגני סיני מיניס קינמון 500 גרם,,0.00,,false,1,27.90,0.00,true,1,205390
7290000073125,false,מנה חמה פסטה ברוטב ע,"אסם השקעות בע""מ",IL,מנה חמה פסטה עם עגבניות ר.טבע. בדץ12*62ג,,0.00,,false,1,9.90,0.00,true,1,205416
7290000073415,false,מנה חמה פסטה ברוטב,"אסם השקעות בע""מ",IL,מנה חמה פסטה ברוטב פיצה 61 גרם,,0.00,,false,1,9.90,0.00,true,1,205417
7290000074184,false,ביסקוויט פתיבר 500 ג,"אסם השקעות בע""מ",IL,אסם פתי בר 12*500גרם,,0.00,,false,1,16.90,0.00,true,1,205424
7290000074245,false,קרם קרקר 250 גרם,"אסם השקעות בע""מ",IL,אסם קרם קרקר 12*250גרם,,0.00,,false,1,11.90,0.00,true,1,205425
7290000074375,false,קרקר זהב,"אסם השקעות בע""מ",IL,אסם קרקר זהב 12*150גרם,,0.00,,false,1,10.00,0.00,true,1,205430
7290000074481,false,לחמית אגוזים,"אסם השקעות בע""מ",IL,לחמית אגוזים 12*160גרם,,0.00,,false,1,11.90,0.00,true,1,220346
7290000075204,false,לחמית קרקר חיטה מלאה,"אסם השקעות בע""מ",IL,לחמית חיטה מלאה 10*250גרם חדש,,0.00,,false,1,11.90,0.00,true,1,205448
7290000076126,false,בייגלה שמיניות קטנות,"אסם השקעות בע""מ",IL,אסם בייגלה שמיניות קטנות 24*80גרם,,0.00,,false,1,5.00,0.00,true,1,205454
7290000077017,false,עוגיות משהו קרמוגית,"אסם השקעות בע""מ",IL,אסם קרמוגית במילוי שוקולד 12*200גרם,,0.00,,false,1,14.90,0.00,true,1,205464
7290000077253,false,לחמית כפרית,"אסם השקעות בע""מ",IL,לחמית כפרית 12*190גרם,,0.00,,false,1,11.90,0.00,true,1,216661
7290000081663,false,בייגלה טבעות שומשום,"אסם השקעות בע""מ",IL,אסם בייגלה טבעות שומשום 12*300גרם,,0.00,,false,1,14.90,0.00,true,1,205611
7290000085159,false,פירורי ביסקויט וניל,מגדנית הדר,,פירורי ביסקויט וניל 300 גר,,0.00,,false,1,5.80,0.00,true,1,255502
7290000100128,false,פירות קפואים תות,סנפרוסט בעמ,IL,פירות קפואים תות,,0.00,,false,1,20.90,0.00,true,1,245980
7290000101927,false,אוכמניות כחולות מוקפ,"סנפרוסט בע""מ",IL,אוכמניות כחולות מוקפאות 300 גרם,,0.00,,false,1,20.90,0.00,true,1,241827
7290000101934,false,תערובת פירות יער 30,"סנפרוסט בע""מ",IL,תערובת פירות יער 300 גרם,,0.00,,false,1,20.90,0.00,true,1,241828
7290000101941,false,אננס מוקפא 300 גרם,"סנפרוסט בע""מ",IL,אננס מוקפא 300 גרם,,0.00,,false,1,20.90,0.00,true,1,224305
7290000101958,false,מנגו מוקפא 300 גרם,"סנפרוסט בע""מ",IL,מנגו מוקפא 300 גרם,,0.00,,false,1,20.90,0.00,true,1,241891
7290000104201,false,אפונה עדינה סנפרוסט,"סנפרוסט בע""מ",IL,אפונה עדינה סנפרוסט 600 גרם,,0.00,,false,1,22.90,0.00,true,1,202222
7290000104676,false,אפונת גינה 800 גרם ס,"סנפרוסט בע""מ",IL,אפונת גינה 800 גרם סנפרוסט,,0.00,,false,1,22.90,0.00,true,1,202230
7290000104690,false,תירס גרעינים סנפרוסט,"סנפרוסט בע""מ",IL,תירס גרעינים סנפרוסט 800גרם,,0.00,,false,1,22.90,0.00,true,1,202232
7290000104805,false,גרגרי חומוס מבושלים,"סנפרוסט בע""מ",IL,גרגרי חומוס מבושלים קפואים 800 גרם,,0.00,,false,1,22.90,0.00,true,1,202242
7290000104836,false,שעועית עדינה שלמה,"סנפרוסט בע""מ",IL,שעועית עדינה שלמה 600 גרם סנפרוסט,,0.00,,false,1,24.90,0.00,true,1,208559
7290000107165,false,חטיף פולי סויה אדממה,"סנפרוסט בע""מ",IL,חטיף פולי סויה אדממה 400 גרם סנפרוסט,,0.00,,false,1,16.50,0.00,true,1,210268
7290000107295,false,ברוקולי מוקפא 800 גר,"סנפרוסט בע""מ",IL,ברוקולי מוקפא 800 גרם סנפרוסט,,0.00,,false,1,28.90,0.00,true,1,202252
7290000110851,false,חטיף כיפלי בצל 70 גר,אתר שפע - Food,IL,כיפלי חטיף בטעם בצל,,0.00,,false,1,7.90,0.00,true,1,207795
7290000111186,false,מיונז אמיתי תלמה 500,יוניליוור ישראל מזון,IL,תלמה מיונז אמיתי 500 גרם,,0.00,,false,1,11.90,0.00,true,1,202261
7290000111360,false,חרדל אמיתי תלמה 250,יוניליוור ישראל מזו,IL,חרדל אמיתי תלמה,,0.00,,false,1,8.90,0.00,true,1,202264
7290000113203,false,חטיף כיפלי ציפס קטשו,יוניליוור ישראל מזון,IL,"כיפלי על בסיס תפו""א בטעם קטשופ",,0.00,,false,1,6.90,0.00,true,1,216276
7290000116945,false,רוטב סויה קנור,יוניליוור ישראל מזון,IL,רוטב סויה קלאסי קנור,,0.00,,false,1,14.90,0.00,true,1,206870
7290000120874,false,מיונז הלמנס לייט 424,"שד' קילבורן 2816, שי",US,hellmanns light ממרח מופחת קלוריות,,0.00,,false,1,15.90,0.00,true,1,202339
7290000134314,false,תיבול לפיצה,תבליני טעם וריח,IL,תבליני טעם וריח תערובת תיבול לפיצה 120 גרם,,0.00,,false,1,10.90,0.00,true,1,208780
7290000134833,false,תבלין כמון 100 גר,תבליני טעם וריח,IL,"תבליני טעם וריח, 100% כמון מזרחי",,0.00,,false,1,10.90,0.00,true,1,207761
7290000134840,false,תבלין כורכום מיכל,תבליני טעם וריח,IL,"תבליני טעם וריח, 100% כורכום, 100 גרם",,0.00,,false,1,10.90,0.00,true,1,207877
7290000134857,false,תבלין פפריקה מתוקה 1,תבליני טעם וריח,IL,"תבליני טעם וריח, פפריקה מתוקה 100%, 100 גרם",,0.00,,false,1,10.90,0.00,true,1,207878
7290000134864,false,תבלין פפריקה חריפה,"תבליני טעם וריח בע""מ",IL,תבליני טעם וריח פפריקה חריפה 100% 100 גרם,,0.00,,false,1,10.90,0.00,true,1,207762
7290000134871,false,פלפל שחור טחון 100 ג,תבליני טעם וריח,IL,"תבליני טעם וריח, 100% פלפל שחור טחון, 100 גרם",,0.00,,false,1,14.90,0.00,true,1,207911
7290000135045,false,XL TEN משקה אנרגיה ב,"טמפו משקאות בע""מ",IL,XL TEN משקה אנרגיה בטעם תפוח250מל,,0.00,,false,1,7.90,0.00,true,1,227442
7290000135052,false,משקה אנרגיה XL TEN מ,"טמפו משקאות בע""מ",IL,משקה אנרגיה XL TEN מנגו פחית 250 מל,,0.00,,false,1,7.90,0.00,true,1,248829
7290000135151,false,סודה נגיעות לימון בק,טמפו משקאות בעמ,IL,"סודה נגיעות למון ליים 275 מ""ל",,0.00,,false,1,5.50,0.00,true,1,251617
7290000135168,false,שישייה פפסי מקס ליים,אלפא S.A,AL,שישייה פפסי מקס ליים פחית צרה 330,,0.00,,false,1,33.50,0.00,true,1,253393
7290000135724,false,פפסי מקס דובדבן בקבו,טמפו,IL,פפסי מקס דובדבן בקבוק 500מל,,0.00,,false,1,8.90,0.00,true,1,255389
7290000135793,false,פפסי מקס ליים בקבוק,טמפו,IL,פפסי מקס ליים בקבוק 500מל,,0.00,,false,1,8.90,0.00,true,1,255391
7290000136158,false,פפסי קולה מקס ללא סו,טמפו,IL,פפסי קולה מקס ללא סוכר בקבוק 1.5 ליטר,,0.00,,false,1,11.90,0.00,true,1,259292
7290000136172,false,סבן אפ בקבוק 1.5 ליט,טמפו,IL,סבן אפ בקבוק 1.5 ליטר,,0.00,,false,1,11.90,0.00,true,1,259294
7290000136240,false,מי סודה 1.5 ליטר,טמפו,IL,מי סודה 1.5 ליטר,,0.00,,false,1,4.90,0.00,true,1,259295
7290000136646,false,בירה נשר מאלט בקבוק,טמפו,IL,בירה נשר מאלט בקבוק 1.5 ליטר,,0.00,,false,1,11.90,0.00,true,1,259296
7290000136677,false,פפסי קולה בקבוק 1.5,טמפו,IL,פפסי קולה בקבוק 1.5 ליטר,,0.00,,false,1,13.90,0.00,true,1,259393
7290000136684,false,פפסי קולה מקס ללא סו,טמפו,IL,פפסי קולה מקס ללא סוכר בקבוק 1.5 ליטר,,0.00,,false,1,13.90,0.00,true,1,259394
7290000136691,false,סבן אפ שישייה בקבוק,טמפו,IL,סבן אפ שישייה בקבוק 1.5 ליטר,,0.00,,false,6,59.90,0.00,true,1,259297
7290000136783,false,שישיית מירינדה,טמפו,IL,שישיית מירינדה,,0.00,,false,6,59.90,0.00,true,1,259298
7290000136844,false,מים אקווה נובה שישיי,טמפו,IL,מים אקווה נובה שישייה בקבוק 2 ליטר,,0.00,,false,6,16.90,0.00,true,1,259299
7290000137513,false,גלידונית קרמיסימו 1,"גלידת שטראוס בע""מ, ר",IL,גלידונית קרמיסימו 1/60 630 גרם,,0.00,,false,1,57.90,0.00,true,1,202433
7290000143255,false,שמפו הוואי לשיער רגי,שוורצקוף& הנקל דיסלד,IL,הוואי שמפו לשיער רגיל,,0.00,,false,1,14.90,0.00,true,1,202451
7290000143286,false,מרכך הוואי לשיער רגי,שוורצקוף& הנקל דיסלד,IL,הוואי מרכך לשיער רגיל,,0.00,,false,1,14.90,0.00,true,1,202454
7290000144160,false,שמן זית כתית מעולה ב,"מרקאולאו, ספרד.אבסה,",IT,שמן זית ארומתי,,0.00,,false,1,36.90,0.00,true,1,216816
7290000144474,false,שמן קנולה מועשר בנוג,סקנולה,EE,שמן קנולה מועשר בנוגדי חמצון 1 ליטר,,0.00,,false,1,17.90,0.00,true,1,256183
7290000144740,false,שמן חמניות מזוכך ברי,שמן תעשיות,IL,"שמן חמניות מזוכך בריאות עץ הזית 750מ""ל",,0.00,,false,1,12.90,0.00,true,1,254026
7290000148380,false,פיסטוקים קלויים קליי,J&G PECANS,IL,קליית גת פיסטוק קלויים 200 גרם,,0.00,,false,1,24.90,0.00,true,1,206116
7290000148489,false,גרעיני דלעת קליית גת,J&G PECANS,IL,"קליית גת גרעיני דלעת קלויים,200 גרם",,0.00,,false,1,11.90,0.00,true,1,207043
7290000148618,false,אגוזי קשיו מטוגנים ק,J&G PECANS,IL,קליית גת קשיו מטוגן 200 גרם,,0.00,,false,1,24.90,0.00,true,1,206117
7290000148748,false,גרעיני חמנייה קליית,J&G PECANS,IL,"קליית גת חמנייה קלויים, 200 גרם",,0.00,,false,1,8.90,0.00,true,1,206046
7290000148939,false,שקדים קלויים קליית ג,J&G PECANS,IL,שקד קלוי 200 גר' שקית,,0.00,,false,1,25.90,0.00,true,1,206118
7290000149844,false,סינטבון חתול,סנו,,סינטבון חתול 230 גר .,,0.00,,false,1,6.90,0.00,true,1,256310
7290000149905,false,שמפו נוזלי לכביסה טק,מיוצר עי קונדיטוריית,IL,טקסטיל שמפו 1 ליטר,,0.00,,false,1,15.70,0.00,true,1,256311
7290000161631,false,חטיף קליק IN במילוי,יוניליוור ישראל מזון,IL,קליק קליק אין חטיף נוגט 38 גרם,,0.00,,false,1,7.50,0.00,true,1,209890
7290000161648,false,חטיף קליק במילוי קרם,יוניליוור ישראל מזון,IL,קליק חטיף קליק אין קרם חלב 38 גרם,,0.00,,false,1,7.50,0.00,true,1,209891
7290000174723,false,שוקולית עלית 500 גרם,שטראוס קפה בי.וי.,IL,שוקולית קופסא 500 / 12 קופ'/ 500ג',,0.00,,false,1,16.90,0.00,true,1,202573
7290000176062,false,קפה טורקי בצלופן 100,שטראוס קפה בי.וי.,IL,עלית טורקי שקית 100ג/1שק'/100גר',,0.00,,false,1,10.90,0.00,true,1,202578
7290000176079,false,קפה עם הל 100 גרם,שטראוס קפה בי.וי.,IL,עלית טורקי עם הל 00/1שק'/100גר',,0.00,,false,1,11.90,0.00,true,1,202579
7290000176413,false,קפה נמס עלית 50 גרם,שטראוס קפה בי.וי,IL,קפה נמס 50 גרם חדש,,0.00,,false,1,11.90,0.00,true,1,202583
7290000176420,false,קפה נמס עלית פחית 20,שטראוס קפה בי.וי,IL,קפה נמס עלית 200 גר',,0.00,,false,1,24.90,0.00,true,1,202584
7290000176468,false,קפה נמס האג עלית 50,"נגון קופי בע""מ",,האג נמס אבקתי פחית 50 גר חדש,,0.00,,false,1,14.90,0.00,true,1,202585
7290000178707,false,תפוציפס מלוח 50 גרם,"שטראוס פריטו ליי בע""",IL,תפו טבעי 50 גר 48 יח - שמיטה,,0.00,,false,1,5.90,0.00,true,1,202598
7290000178721,false,תפוציפס מלוח 200 גרם,"שטראוס פריטו ליי בע""",IL,תפו טבעי 200 גר 12 יח,,0.00,,false,1,15.50,0.00,true,1,202600
7290000189871,false,שקיות אשפה עם שרוך נ,אשפלסט,IL,שקיות אשפה עם שרוך ניקול 60 יחידות,,0.00,,false,1,24.90,0.00,true,1,213805
7290000195544,false,מגבונים לחים האגיס מ,על בד,,מגבונים לחים האגיס מבושם רביעייה,,0.00,,false,1,25.90,0.00,true,1,202670
7290000197463,false,חיתולי פרידום דריי ש,קימברלי קלארק ישראל,IL,חיתולי פרידום דריי שלב +4,,0.00,,false,1,46.90,0.00,true,1,231449
7290000197678,false,חיתולים פרידום דריי,קימברלי קלארק ישראל,IL,חיתולים פרידום דריי שלב 6,,0.00,,false,1,46.90,0.00,true,1,231201
7290000197753,false,ניילון נצמד זוג ניקו,GTC,,ניילון נצמד זוג ניקול,,0.00,,false,1,15.90,0.00,true,1,202682
7290000204215,false,כרית יפנית שישייה,פלסטופוליש,IL,"ניקול,כריות יפניות ,6 יחידות",,0.00,,false,1,14.20,0.00,true,1,202761
7290000204253,false,מטליות ניקוי רב שימו,נועם אורים-קיבוץ אור,IL,"ניקול, מטליות ניקוי רב שימושיות, 9 יחידות",,0.00,,false,1,13.90,0.00,true,1,202762
7290000205526,false,לרצפה פסגה 2 ל,"סנו מפעלי ברונוס בע""",IL,פיסגה נוזל ריחני לשטיפת רצפות 2 ליטר,,0.00,,false,1,12.90,0.00,true,1,202770
7290000207162,false,רסק עגבניות 22% 100,"זנלכל בע""מ",IL,יכין רוטב עגבניות מרוכז 100 גרם,,0.00,,false,1,2.20,0.00,true,1,202805
7290000208114,false,אפונה וגזר,"זנלכל בע""מ",IL,יכין אפונת גינה וגזר 550 גרם,,0.00,,false,1,8.90,0.00,true,1,202815
7290000208213,false,שעועית לבנה ברוטב עג,"זנלכל בע""מ",IL,יכין שעועית לבנה ברוטב עגבניות 580 גרם,,0.00,,false,1,8.90,0.00,true,1,207644
7290000208329,false,תירס גרעינים מתוק יכ,"זנלכל בע""מ",IL,יכין גרעיני תירס מתוק שימורים 550 גרם,,0.00,,false,1,8.90,0.00,true,1,206048
7290000208336,false,רסק עגבניות 240 גרם,"זנלכל בע""מ",IL,יכין רוטב עגבניות מרוכז 240 גרם,,0.00,,false,1,4.90,0.00,true,1,255801
7290000208428,false,חומוס שלם יכין 560 ג,"זנלכל בע""מ",IL,יכין חומוס שלם 550 גרם,,0.00,,false,1,8.90,0.00,true,1,207645
7290000208947,false,עגבניות מרוסקות יכין,"זנלכל בע""מ",IL,יכין עגבניות מרוסקות 260 גרם,,0.00,,false,1,5.90,0.00,true,1,210840
7290000211374,false,"קמח מלא 1 ק""ג סוגת",תחנות קמח דגן 2006 ב,IL,"קמח מלא 1 ק""ג סוגת",,0.00,,false,1,8.90,0.00,true,1,202832
7290000211442,false,אורז פרסי אחד אחד סו,"סוגת תעשיות בע""מ",IL,"אורז פרסי 1 ק""ג",,0.00,,false,1,13.90,0.00,true,1,202834
7290000211503,false,סוכר לבן ארוז בשקית,"סוגת תעשיות בע""מ",IL,"סוכר לבן ארוז בשקית סוגת 1 ק""ג",,0.00,,false,1,5.90,0.00,true,1,202835
7290000238029,false,"בצק עלים 1 ק""ג","מעדנות בע""מ",IL,"בצק עלים 1 ק""ג",,0.00,,false,1,26.90,0.00,true,1,202952
7290000238036,false,מלווח 700 גרם,"מעדנות בע""מ",IL,מלווח 700 גרם מעדנות,,0.00,,false,1,21.90,0.00,true,1,202953
7290000238173,false,בורקס גבינה מעדנות 8,"מעדנות בע""מ",IL,בורקס גבינה מעדנות 800 גרם,,0.00,,false,1,28.90,0.00,true,1,202956
7290000238180,false,"בורקס תפו""א מעדנות 8","מעדנות בע""מ",IL,"בורקס תפו""א מעדנות 800 גרם",,0.00,,false,1,25.90,0.00,true,1,202957
7290000243566,false,שמן קנולה מועשר בנוג,סקנולה,EE,"עץ הזית שמן קנולה בריאות 750 מ""ל",,0.00,,false,1,12.90,0.00,true,1,223594
7290000253220,false,שוקולד ציפס חום אופנ,אופנהיימר,IL,נטיפי שוקולד,,0.00,,false,1,13.90,0.00,true,1,203024
7290000266107,false,כריך שמינייה טונה,עינת תעשיות מזון,,כריך שמינייה טונה 225 גרם,,0.00,,false,1,18.20,0.00,true,1,212015
7290000266206,false,כריך טוניסאי 250 גרם,עינת תעשיות מזון,,כריך טוניסאי 250 גרם,,0.00,,false,1,19.90,0.00,true,1,212592
7290000272696,false,מיץ לימון משומר 1 לי,בית-השיטה עסיס תעשיו,IL,עסיס מיץ לימון משומר 12*1ליטר,,0.00,,false,1,13.90,0.00,true,1,203111
7290000286471,false,סנו מדיק אלכו גל דמו,nantong health & bey,CN,סנו מדיק אלכו גל דמות סיליקון לתליה 30,,0.00,,false,1,11.90,0.00,true,1,250147
7290000286549,false,מטליות לניקוי כללי ס,סנו מפעלי ברונו בעמ,IL,"סנו סושי מטליות לניקוי כללי, 9 יחידות",,0.00,,false,1,12.90,0.00,true,1,203201
7290000286761,false,ניילון נצמד סנו זוג,"מיוצר בהונג קונג, סי",CN,סנו סושי - צמד ניילון נצמד+,,0.00,,false,1,15.90,0.00,true,1,203204
7290000287492,false,סנובון נוזלי לימון 7,"איי, בי, אינבוו",IL,"סנובון נוזלי לימון 750 מ""ל",,0.00,,false,1,14.90,0.00,true,1,203225
7290000287621,false,מנקה אסלות אנטי קאלק,מיוצר עי קונדיטוריית,IL,"מנקה אסלות אנטי קאלק 750 מ""ל",,0.00,,false,1,14.90,0.00,true,1,208158
7290000288017,false,אקונומיקה סנו JAVEL,"סנו מפעלי ברונוס בע""",IL,סנו JAVEL אקונומיקה בריח לימון 1 ליטר,,0.00,,false,1,9.90,0.00,true,1,203231
7290000288024,false,אקונומיקה סנו JAVEL,"סנו מפעלי ברונוס בע""",IL,אקונומיקה סנו JAVEL לימון 4 ליטר,,0.00,,false,1,17.90,0.00,true,1,203232
7290000288253,false,משמיד מעופפים K400 ס,סנו מפעלי ברונוס בעמ,IL,"משמיד מעופפים K400 סמ""ק 630",,0.00,,false,1,28.90,0.00,true,1,203235
7290000288291,false,סנומט טבליות 30 מילו,TRENTO,IT,סנומט לוחיות אידוי למכשיר חשמלי דוחה יתושים,,0.00,,false,1,17.90,0.00,true,1,256337
7290000288307,false,סנומט דוחה יתושים חש,ZOBELE,IT,סנומט דוחה יתושים חשמל+ טבליות,,0.00,,false,1,30.00,0.00,true,1,203237
7290000288352,false,משמיד חרקים K300 סנו,"סנו מפעלי ברונוס בע""",IL,K-300,,0.00,,false,1,28.90,0.00,true,1,203239
7290000288642,false,מרכך כביסה מקסימה,טרופיקל דגיל תעשיות,IL,מרכך 4 ליטר,,0.00,,false,1,26.90,0.00,true,1,203244
7290000289069,false,קצף ניקוי JAVEL מרסס,"סנו מפעלי ברונוס בע""",IL,קצף ניקוי JAVEL מרסס בריח לימון סנו 1 ל,,0.00,,false,1,18.90,0.00,true,1,203249
7290000289472,false,שקיות אשפה 76*90 סנו,סנו מפעלי ברונוס בעמ,IL,סושי 50 ש.אשפה גדולות במיוחד,,0.00,,false,1,22.70,0.00,true,1,206461
7290000292137,false,סנו לניקוי מוצרי עור,מיוצר עי קונדיטוריית,IL,תחליב לניקוי ולטיפול במוצרי עור,,0.00,,false,1,32.90,0.00,true,1,256340
7290000292557,false,סנומט נוזל מילוי,trento,IT,"סנומט מילוי נוזלי למכשיר חשמלי, דוחה יתושים",,0.00,,false,1,21.90,0.00,true,1,203274
7290000292687,false,סנובון לאסלה כחול של,סנו מפעלי ברונוס בעמ,IL,סנובון כחול סבון מוצק לאסלה בניחוח קלאסי 3 יחידות,,0.00,,false,1,22.90,0.00,true,1,203276
7290000293820,false,קרמה מן - CARBON POW,גוד פוד פרודקטס S.p,IL,קרמה מן שמפו וג'ל רחצה 2in1 קרבון פאוור,,0.00,,false,1,19.70,0.00,true,1,245864
7290000295503,false,שקיות אוכל 19*25 סנו,סנו,CN,סנו סושי - שקיות אוכל 2*150,,0.00,,false,1,15.90,0.00,true,1,203296
7290000295558,false,רדיד אלומיניום זוג 1,סנו סושי,TR,"רדיד אלומיניום זוג 15 מ רוחב 30 ס""מ",,0.00,,false,1,15.90,0.00,true,1,207727
7290000327020,false,פפסי פחית צרה 330 שי,פפסיקו ניורק,IL,פפסי פחית צרה 330 שישייה,,0.00,,false,6,25.90,0.00,true,1,260878
7290000327044,false,סבן אפ פחית צרה 330,פפסיקו ניורק,IL,סבן אפ פחית צרה 330 שיישיה,,0.00,,false,6,25.90,0.00,true,1,260879
7290000336282,false,סיידר הגליל תפוח צלו,טמפו משקאות בעמ,IL,סיידר תפוח צלול 330 בקבוק,,0.00,,false,1,8.50,0.00,true,1,206672
7290000345260,false,תה קלאסיק 1.5 גרם,תה ויסוצקי,IL,25/1.5במעטפה,,0.00,,false,1,9.90,0.00,true,1,203652
7290000345291,false,תה ארל גריי 1.5 גרם,ויסוצקי,IL,ארל גריי TEAR TAPE - 25,,0.00,,false,1,21.10,0.00,true,1,203655
7290000346205,false,חליטת תה צמחים קמומי,ויסוצקי,IL,"קמומיל-""הגן הקסוםC24 ?",,0.00,,false,1,19.90,0.00,true,1,203672
7290000347738,false,תה ירוק נענע 25 שקיק,ויסוצקי,IL,תה ירוק עם נענע T.T,,0.00,,false,1,26.90,0.00,true,1,203677
7290000347752,false,תה ירוק לימונית ולוא,ויסוצקי,IL,תה ירוק עם לימונית/לואיזה T.T,,0.00,,false,1,26.90,0.00,true,1,203678
7290000363363,false,קבנוס מיוחד 160 גרם,הנסיך- מפעל לייצור ט,IL,טירת צבי קבנוס נקניק מעושן יבש 160 גרם,,0.00,,false,1,18.90,0.00,true,1,203744
7290000364261,false,דקניקים סלסולי כתף ב,טיב טירת צבי 2000,IL,"טירת צבי, סלסולי פסטרמה כתף בקר מעושנת 120 גרם",,0.00,,false,1,17.90,0.00,true,1,216739
7290000364278,false,דקניקים סלסולי סלמי,טיב טירת צבי 2000,IL,"דקניקים, סלסולי סלמי אטלקי 120 גרם",,0.00,,false,1,17.90,0.00,true,1,216740
7290000364285,false,דקניקים סלסולי פסטרמ,טיב טירת צבי 2000,IL,"טירת צבי, סלסולי הודו אפוי, 120 גרם",,0.00,,false,1,17.90,0.00,true,1,216741
7290000364858,false,נקניקיות עוף .,טיב טירת צבי 2000,IL,"טירת צבי - נקניקיות עוף 1 ק""ג",,0.00,,false,1,32.90,0.00,true,1,203770
7290000364872,false,נקניקיות עוף 400 גרם,טיב טירת צבי 2000,IL,נקניקיות עוף 400 גרם,,0.00,,false,1,16.90,0.00,true,1,203771
7290000367590,false,צמד כפרי פסטרמה סלמי,טיב טירת צבי 2000,IL,צמד כפרי פסטרמה סלמי טירת צבי 800 גרם,,0.00,,false,1,33.90,0.00,true,1,203786
7290000377209,false,בוטנים מטוגנים קליית,"ג'י אנד ג'י בע""מ",IL,בוטנים מטוגנים קליית גת 200 גרם,,0.00,,false,1,9.90,0.00,true,1,207356
7290000377445,false,"חטיפי נשצ""אנס קליית",J&G PECANS,IL,נש צ'אנס 200 גר' ב 12,,0.00,,false,1,10.90,0.00,true,1,207357
7290000377452,false,גרעיני אבטיח קליית ג,קוד יצרן SON,IL,גרעיני אבטיח שק'200 גר',,0.00,,false,1,14.90,0.00,true,1,206130
7290000377612,false,מיץ תפוזים סחוט פריג,גת גבעת חיים,IL,פריגת סחוט תפוזים קלאסי,,0.00,,false,1,12.50,0.00,true,1,203800
7290000379623,false,לחם אחיד 750 גרם,מאפיית אנג'ל,,לחם אחיד 750 גרם,,0.00,,false,1,5.12,0.00,true,1,203824
7290000408316,false,יוגורט דנונה 3% 200,"שטראוס בריאות בע""מ",IL,דנונה ביו 3% 200 גרם,,0.00,,false,1,3.90,0.00,true,1,203989
7290000408354,false,דנונה בר דגנים שוקול,"שטראוס בריאות בע""מ",IL,בר דנונה פצפוצים,,0.00,,false,1,6.20,0.00,true,1,203990
7290000412481,false,מנקה אסלות 00 סנו 1,סנו מפעלי ברונוס בעמ,IL,סנו 00 מנקה אסלות 1 ליטר,,0.00,,false,1,9.90,0.00,true,1,204020
7290000416021,false,ממרח שוקולד השחר 500,השחר העולה,IL,ממרח השחר העולה חלבי 500 גרם,,0.00,,false,1,13.90,0.00,true,1,204068
7290000416045,false,ממרח שוקולד השחר דלי,השחר העולה,IL,ממרח שוקולד השחר דלי1 קג,,0.00,,false,1,25.90,0.00,true,1,206135
7290000430102,false,קוביות קרח בשקית,אייס קיוב,,קוביות קרח בשקית,,0.00,,false,1,14.90,0.00,true,1,207367
7290000436241,false,ברמן עוגיות בוטנים,מאפית ברמן,IL,ברמן עוגיות בוטנים 200 גר,,0.00,,false,1,8.90,0.00,true,1,256386
7290000462141,false,סחוג אדום חריף,"זהבי הכרם בע""מ",IL,"זהבי הכרם זחוק תמני חריף, 150 גרם",,0.00,,false,1,9.90,0.00,true,1,214523
7290000462172,false,סחוג ירוק בצנצנת 150,"זהבי הכרם בע""מ",IL,זחוק זהבי ירוק חריף 150 גרם,,0.00,,false,1,10.90,0.00,true,1,204247
7290000468747,false,ביסלי גריל,אסם,,ביסלי גריל 55 גרם,,0.00,,false,1,5.90,0.00,true,1,229337
7290000474090,false,חלב 1% קרטון פיקוח 1,מילקו תעשיות בעמ,IL,"חלב בקרטון 1%- 1 ליטר בד""צ",,0.00,,false,1,5.86,0.00,true,1,204291
7290000480107,false,שיבולת שועל קוואקר פ,וולקרס סנקס לימיטד,,שיבולת שועל קוואקר פחית 500 גרם,,0.00,,false,1,16.90,0.00,true,1,204305
7290000484747,false,עלית הארק 40% בקבוק,יקבי הגליל יוסף,,"עלית הארק 40% בקבוק 700 מ""ל",,0.00,,false,1,79.90,0.00,true,1,238127
7290000497044,false,לחם ברמן אקטיב 750 ג,יוליניבר,IL,לחם ברמן אקטיב 750 גרם,,0.00,,false,1,17.90,0.00,true,1,228528
7290000497112,false,לחם אחיד פרוס,יוליניבר,IL,"ברמן לחם אחיד מקמח כהה פרוס, 750 גרם",,0.00,,false,1,7.91,0.00,true,1,204353
7290000497204,false,פיתה 1/5 בדצ .,יוליניבר,IL,פיתות,,0.00,,false,1,8.90,0.00,true,1,206998
7290000497228,false,לחמניות רגילות 1/6,יוליניבר,IL,ברמן 6 לחמניות 450 גרם,,0.00,,false,1,12.90,0.00,true,1,204355
7290000497303,false,לחמניות מקמח מלא,יוליניבר,IL,מאפיית ברמן שש לחמניות מקמח חיטה מלא 450 גרם,,0.00,,false,1,14.90,0.00,true,1,210326
7290000497570,false,לחם דגנים קל,יוליניבר,IL,ברמן דגני קלות 500 גרם,,0.00,,false,1,15.90,0.00,true,1,204357
7290000504025,false,ממתיק סוכרזית פיטריה,ביסקול בע''מ,IL,סוכרזית קלאסי 300,,0.00,,false,1,10.90,0.00,true,1,204444
7290000504278,false,ממתיק סוכרזית פטנט 7,ביסקול בע''מ,IL,ממתיק סוכרזית פטנט 700 טבליות,,0.00,,false,1,19.90,0.00,true,1,204448
7290000518336,false,מוש צמר גפן מתוק מס,מתוק וקל בעמ,IL,מוש צמר גפן מתוק מסיבים תזונתיים 10 גרם,,0.00,,false,1,7.90,0.00,true,1,260961
7290000523125,false,מלח ים יבש 250 גרם,חברת מלח הארץ אילת ב,IL,מלח ים אדום דק 250 גרם,,0.00,,false,1,6.90,0.00,true,1,204529
7290000525969,false,מיץ תפוזים סחוט פרימ,גניר,IL,פרימור מיץ תפוזים 1 ליטר,,0.00,,false,1,19.50,0.00,true,1,204538
7290000530413,false,המבורגר זהב זוגלובק,זוגלובק,IL,זוגלובק המבורגר זהב 400 גרם,,0.00,,false,1,22.90,0.00,true,1,204557
7290000530598,false,נקניקיות וינר זוגלוב,זוגלובק,IL,זוגלובק נקניקיות וינר 500 גרם,,0.00,,false,1,17.90,0.00,true,1,204559
7290000530703,false,נקניק תה מעושן +פסטר,זוגלובק,IL,זוגלובק זוג חרמון הודו ועוף 400+סלמי תה 400 גרם,,0.00,,false,1,34.90,0.00,true,1,204560
7290000531601,false,סטייק בורגר,כצט,IL,זוגלובק סטייק בורגר זהב 400 גרם,,0.00,,false,1,23.90,0.00,true,1,256409
7290000537566,false,נקניקיות עוף זגלובק,זוגלובק,IL,זוגלובק נקניקיות עוף 400 גרם,,0.00,,false,1,16.90,0.00,true,1,204592
7290000538709,false,תה מעושן,זוגלובק,IL,זוגלובק סלמי תה מעושן 200 גרם,,0.00,,false,1,11.50,0.00,true,1,214058
7290000571232,false,גבינה גאודה פרוס 150,גבינות משק אחים מאיר,IL,גבינה גאודה פרוס המחלבה 150 גרם,,0.00,,false,1,25.90,0.00,true,1,256538
7290000571300,false,גבינה גאודה מעושנת 1,גבינות משק אחים מאיר,IL,גבינה גאודה מעושנת המחלבה 150 גרם,,0.00,,false,1,28.90,0.00,true,1,257329
7290000572208,false,חלבה אחוה 100 גרם,"אחדות ביח""ר לטחינה",IL,אחוה חלוה בטעם וניל 100 גרם,,0.00,,false,1,4.50,0.00,true,1,204798
7290000679440,false,קמיל בלו משחה לתינוק,הדקלאים אגודת שיתופי,IL,משחה לתינוק,,0.00,,false,1,14.90,0.00,true,1,205209
7290000688077,false,מים מי עדן פקק רגיל,מופק ממקור בזלתי עדן,IL,מים מינרליים מי עדן פקק רגיל 0.5 ל',,0.00,,false,1,6.90,0.00,true,1,211754
7290000688084,false,מי עדן בקבוק ספורט 5,מופק ממקור בזלתי עדן,IL,"מי עדן בקבוק ספורט 500 מ""ל",,0.00,,false,1,6.90,0.00,true,1,205248
7290000993560,false,עגבניות שרי שוקו לב,רון שרי,IL,עגבניות שרי שוקו לב 500 גרם,,0.00,,false,1,7.90,0.00,true,1,240496
7290001045169,false,מיץ תפוחים צלול פרימ,גניר,IL,פרימור מיץ תפוחים 100% 1 ליטר,,0.00,,false,1,19.50,0.00,true,1,206682
7290001045633,false,לימון עם נענע,גניר,IL,פרימור משקה קל לימונים ונענע 400 מל,,0.00,,false,1,11.90,0.00,true,1,206683
7290001045657,false,מיץ תפוחים צלול פרימ,גניר,IL,פרימור מיץ תפוחים 100% מיץ צלול מיוצר מרכז 400 מל,,0.00,,false,1,11.90,0.00,true,1,206044
7290001045688,false,מיץ תפוזים סחוט פרימ,גניר,IL,פרימור מיץ תפוזים סחוט 400 מל,,0.00,,false,1,11.90,0.00,true,1,206680
7290001136362,false,אל סבון ארומה ירוק,מיוצר בסין.יבוא ושיו,IL,נקה 7 תחליב רחצה אלוורה ותה ירוק 1 ליטר,,0.00,,false,1,16.90,0.00,true,1,256295
7290001136799,false,סבון נוזלי ארומה,"קוסמופאם בע""מ",IL,נקה תחליב 1ל' ורוד ורד יסמין,,0.00,,false,1,16.90,0.00,true,1,256296
7290001136973,false,סבון נוזלי נקה 7 ארו,טרופיקל דגיל תעשיות,IL,נקה תחליב 1ל' לבן קמומיל,,0.00,,false,1,16.90,0.00,true,1,202312
7290001216040,false,טחינת אל ארז 500 גרם,דולפין ספא,IL,טחינת אל ארז 500 גרם,,0.00,,false,1,17.90,0.00,true,1,208297
7290001216231,false,טחינה מלאה אל ארז 50,דולפין ספא,IL,טחינה מלאה אל ארז 500 גרם,,0.00,,false,1,17.90,0.00,true,1,215786
7290001230234,false,סיגריות כאמל סופט חפ,גיי טי אינטרנשיונל,,סיגריות כאמל סופט חפיסה בודד,,0.00,,false,1,32.00,0.00,false,1,207041
7290001230331,false,סיגריות כאמל בוקס חפ,JTI,,סיגריות כאמל בוקס חפיסה בודד,,0.00,,false,1,32.00,0.00,false,1,207042
7290001230739,false,סיגריות קאמל כחול,JTI,,סיגריות כאמל כחול חפיסה בודד,,0.00,,false,1,32.00,0.00,false,1,208448
7290001231932,false,סיגריות וינסטון כחול,JTI,,סיגריות וינסטון כחול בוקס חפיסה בודד,,0.00,,false,1,34.30,0.00,false,1,207029
7290001235938,false,סיגריות וינסטון כחול,JTI,,סיגריות וינסטון כחול 100 חפיסה בודד,,0.00,,false,1,34.30,0.00,false,1,212988
7290001247723,false,נקטר ספרינג תות פחית,יפאורה תבורי בעמ,IL,"ספרינג נקטר תות בננה פחית 330 מ""ל",,0.00,,false,1,8.50,0.00,true,1,209060
7290001247730,false,נקטר ספרינג מנגו פחי,יפאורה תבורי בעמ,IL,"ספרינג נקטר מנגו פחית 330 מ""ל",,0.00,,false,1,8.50,0.00,true,1,209061
7290001305058,false,סבון נוזלי פלמוליב ח,קולגייט פלמוליב,TR,פלמוליב סבון נוזלי חלב ודבש 750 מל,,0.00,,false,1,19.90,0.00,true,1,202394
7290001305188,false,סבון כלים פלמוליב לי,קולגייט פלמוליב,GR,פלמוליב נוזל לניקוי כלים בריח לימון (כתום) 750 מל,,0.00,,false,1,13.90,0.00,true,1,202395
7290001327180,false,גלידה קרמיסימו וניל,"גלידת שטראוס בע""מ, ר",IL,קרמיסימו קרמיסימו בטעם וניל צ'יפ 1.33 ליטר,,0.00,,false,1,33.90,0.00,true,1,202401
7290001419779,false,ופלים שוקולד עלמה 20,"גילרו בע""מ",,ופלים שוקולד עלמה 200 גרם,,0.00,,false,1,5.50,0.00,true,1,210794
7290001468760,false,פחמים דחוס 3קג,,,פחמים דחוס 3קג,,0.00,,false,1,19.90,0.00,true,1,216326
7290001482186,false,אננס חתוך567 גר .,הנסיך- מפעל לייצור ט,TH,ויליפוד חתיכות אננס בסירופ קל 565 גרם,,0.00,,false,1,6.90,0.00,true,1,208299
7290001594025,false,קוקה קולה קלאסי,החברה המרכזית לייצור,IL,"קוקה קולה קלאסי 350 מ""ל",,0.00,,false,1,8.50,0.00,true,1,208481
7290001594155,false,קוקה קולה בקבוק 500,החברה המרכזית לייצור,IL,"קוקה קולה 500 מ""ל",,0.00,,false,1,9.50,0.00,true,1,202522
7290001594179,false,פאנטה אורנג בקבוק 50,החברה המרכזית לייצור,IL,"פאנטה אורנג' 500 מ""ל",,0.00,,false,1,9.50,0.00,true,1,202524
7290001594186,false,קוקה קולה דיאט בקבוק,החברה המרכזית לייצור,IL,"דיאט קוקה קולה 500 מ""ל",,0.00,,false,1,9.50,0.00,true,1,202525
7290001594230,false,"סודה קינלי 250 מ""ל",החברה המרכזית לייצור,IL,"קינלי סודה 250 מ""ל",,0.00,,false,1,6.50,0.00,true,1,202527
7290001594377,false,משקל פריגת תפוזים 50,מבשלות בירה בינלאומי,IL,פריגת משקה קל תפוזים 500 מל,,0.00,,false,1,9.50,0.00,true,1,202528
7290001594384,false,משקל פריגת אשכוליות,מבשלות בירה בינלאומי,IL,"פריגת משק""ל אשכוליות 0.5 ליטר",,0.00,,false,1,9.50,0.00,true,1,202529
7290001594391,false,משקל פריגת ענבים 500,מבשלות בירה בינלאומי,IL,"משקל פריגת ענבים 500 מ""ל",,0.00,,false,1,9.50,0.00,true,1,202530
7290001594520,false,בירה טובורג 330 מל,מבשלות בירה בינלאומי,IL,"טובורג בק 330 מ""ל פקדון",,0.00,,false,1,13.90,0.00,true,1,202541
7290001594568,false,בירה קרלסברג פחית 50,יונייטד רומניאן ברוו,RO,קלסברג בירה 500 מל,,0.00,,false,1,14.90,0.00,true,1,202531
7290001594575,false,בירה טובורג פחית 500,מבשלות בירה בינלאומי,IL,"טובורג רד פחית 500 מ""ל",,0.00,,false,1,15.50,0.00,true,1,202532
7290001594865,false,בירה קרלסברג מארז שי,קרלסברג ישראל,,"בירה קרלסברג מארז שישייה בקבוק 330 מ""ל",,0.00,,false,1,49.90,0.00,true,1,202542
7290001641736,false,פילה אמנון 5-7 עם פס,נטו,,פילה אמנון 5-7 עם פס עור עור,קילוגרמים,1.00,"ק""ג",true,,40.00,0.00,true,1,256156
7290001670057,false,כפיות חד פעמי 100 יח,הנמל אריזות ושיווק ב,IL,הנמל כפיות לבן 100 יחידות,,0.00,,false,1,14.90,0.00,true,1,208182
7290001670873,false,צלחות עבות במיוחד 66,הנמל אריזות ושיווק ב,IL,"הנמל צלחות עבות במיוחד 66 יח', 1 קג",,0.00,,false,1,54.90,0.00,true,1,206446
7290001780800,false,שלגון קראנץ ליבת נוג,נגה גלידות,,שלגון קראנץ ליבת נוגט,,0.00,,false,1,12.50,0.00,true,1,208944
7290001791776,false,סנו די רולאון+אלוורה,קוסמופארם בעמ,IL,סנו די פלוס אלוורה כדורית 50 מל,,0.00,,false,1,22.90,0.00,true,1,211554
7290001817728,false,חטיף ציטוס כאפה,"שטראוס פריטו ליי בע""",IL,"חטיף צ""יטוס כאפה 55 גר",,0.00,,false,1,6.00,0.00,true,1,202616
7290001990094,false,סוכר חום בצנצנת סוגת,"סוגת תעשיות בע""מ",IL,סוכר חום קלאסי בצנצנת,,0.00,,false,1,17.50,0.00,true,1,207882
7290002007241,false,אבקת סודה לשתיה 50 ג,"מיוצר וארוז ע""י: BAS",IL,הנמל סודה לשתייה 50 גרם,,0.00,,false,1,2.30,0.00,true,1,202706
7290002007852,false,תמצית אפיה וניל 55 מ,ממתקי עלה יצור ושיוו,IL,הנמל תמצית בטעם וניל 55 מל,,0.00,,false,1,4.00,0.00,true,1,202714
7290002007890,false,כוסות חד פעמי 100 יח,,IL,כוס שתיה קרה 100 יח,,0.00,,false,1,12.90,0.00,true,1,202716
7290002007982,false,מזלגות חד פעמי 100 י,הנמל אריזות ושיווק ב,IL,"הנמל מזלגות, 100 יחידות",,0.00,,false,1,16.90,0.00,true,1,206453
7290002008019,false,סוכריות לעוגה גמבו ש,ממתקי עלה יצור ושיוו,IL,הנמל סוכריות לקישוט שוקולד 200 גרם,,0.00,,false,1,10.00,0.00,true,1,209697
7290002008040,false,"שיפודי עץ 30 ס""מ",הנמל אריזות ושיווק ב,IL,הנמל שיפודי במבוק 100 יחידות,,0.00,,false,1,4.90,0.00,true,1,202717
7290002008057,false,"תמצית אפיה רום 55 מ""",ממתקי עלה יצור שיווק,IL,הנמל תמצית אפייה בטעם רום 55 מל,,0.00,,false,1,4.00,0.00,true,1,202718
7290002008187,false,קשים מתקפלים לשתיה 4,"איטיליאן פוד, אס.פי.",CN,קשים מתקפלים לשתיה 40 יח,,0.00,,false,1,2.90,0.00,true,1,202723
7290002008224,false,סוכריות לקישוט צבעונ,ממתקי עלה בעמ,IL,סוכריות לקישוט צבעוני 100 גרם,,0.00,,false,1,6.90,0.00,true,1,202725
7290002008507,false,נייר אפיה הנמל 50 יח,הנמל אריזות ושיווק ב,IL,הנמל נייר אפייה 50 יח',,0.00,,false,1,15.00,0.00,true,1,207966
7290002008743,false,סוכר וניל הנמל 1/10,"מיוצר וארוז ע""י: ר.ס",IL,הנמל סוכר וניל 10 יחידות,,0.00,,false,1,3.50,0.00,true,1,202732
7290002008750,false,אבקת אפיה הנמל 1/10,"מיוצר ע""י:ר.ס. חברה",IL,הנמל אבקת אפיה 10 יחידות,,0.00,,false,1,3.50,0.00,true,1,202733
7290002008774,false,שומשום הנמל 200 גרם,הנמל אריזות ושיווק ב,IL,הנמל שומשום 200 גרם,,0.00,,false,1,8.50,0.00,true,1,208522
7290002008989,false,קש שתיה קישקשים 225,הנמל אריזות ושיווק ב,CN,הנמל קישקשים 225 יחידות,,0.00,,false,1,11.90,0.00,true,1,207403
7290002020189,false,מיני סופגניה עם מילו,"גידרון תעשיות בע""מ",,מיני סופגניה עם מילוי ריבה 40 גרם,,0.00,,false,1,3.90,0.00,true,1,213579
7290002020981,false,סופגניה מיני ללא ריב,"גידרון תעשיות בע""מ",,מיני סופגניה ללא ריבה כ 40 גר,,0.00,,false,1,3.90,0.00,true,1,215429
7290002022152,false,מרשמלו כרמית 100 גרם,מנדלז סי.אר. פרודקשן,IL,מרשמלו ורוד לבן וסטהיים 100ג36X שקיות בקרטון,,0.00,,false,1,5.90,0.00,true,1,236451
7290002026303,false,גלידה שורטי דולצה דה,מוצרי איכות אמריקאיי,IL,"דולצ'ה דה לצ'ה 150 מ""ל - שורטי",,0.00,,false,1,13.90,0.00,true,1,202745
7290002026372,false,טילון בצק עוגיות בן,המאפיה של הרמן,IL,טילון בצק עוגיות בן & גריס 100 גרם,,0.00,,false,1,13.90,0.00,true,1,245066
7290002037309,false,לחמניות המבורגר 1/6,יוליניבר,IL,8 לחמניות המבורגר,,0.00,,false,1,14.90,0.00,true,1,202751
7290002043065,false,פריכוני אורז חום מלא,נוהלס,BG,פריכוני אורז חום מלא בציפוי שוקו מריר70ג,,0.00,,false,1,8.90,0.00,true,1,254016
7290002043072,false,פריכוני אורז חום מלא,נוהלס,BG,פריכוני אורז חום מלא בציפוי שוקו חלב70ג,,0.00,,false,1,8.90,0.00,true,1,254017
7290002043096,false,פריכוני אורז חום מלא,נוהלס,BG,פריכוני אורז חום מלא בציפוי שוקו לבן70ג,,0.00,,false,1,8.90,0.00,true,1,254018
7290002043126,false,פריכוני אורז חום מלא,נוהלס,BG,פריכוני אורז חום מלא 7זרעי על 24גרם,,0.00,,false,1,4.90,0.00,true,1,254020
7290002043188,false,ציפס אורז חום מלא צי,נוהלס,BG,ציפס אורז חום מלא צילי חריף60גרם,,0.00,,false,1,7.90,0.00,true,1,254015
7290002043782,false,ציפס אורז חום מלא טק,נוהלס,BG,ציפס אורז חום מלא טקסס ברביקיו 60גרם,,0.00,,false,1,7.90,0.00,true,1,254013
7290002043812,false,פריכוני אורז חום מלא,נוהלס,BG,פריכוני אורז חום מלא ציה וקינואה 24גרם,,0.00,,false,1,4.90,0.00,true,1,254019
7290002057055,false,זית סורי ירוק קבוצת,קדבורי,IL,"קבוצת יבנה, זית סורי ירוק 540 גרם",,0.00,,false,1,12.50,0.00,true,1,202773
7290002057123,false,זיתים ירוקים מנזנילו,קדבורי,IL,זיתים ירוקים מנזנילו ללא גלעין 540 יבנה,,0.00,,false,1,10.90,0.00,true,1,202776
7290002057185,false,טבעות זיתים ירוקים 5,קדבורי,IL,טבעות זיתים ירוקים 540 גרם יבנה,,0.00,,false,1,10.90,0.00,true,1,202779
7290002057352,false,מלפפונים במלח גדול 7,אף.סי תבליני בגליל ב,IL,קבוצת יבנה מלפפונים גדולים במלח 560 גרם,,0.00,,false,1,7.50,0.00,true,1,202782
7290002057369,false,מלפפונים במלח יבנה10,קדבורי,IL,מלפפונים במלח יבנה10-12 540 גרם,,0.00,,false,1,8.90,0.00,true,1,202783
7290002057376,false,מלפפונים במלח קטן 13,קדבורי,IL,13-17 מלפפונים במלח קטן,,0.00,,false,1,11.90,0.00,true,1,202784
7290002057383,false,מלפפונים במלח קטן 18,קדבורי,IL,מלפפונים במלח קטן 18-25 540 גרם,,0.00,,false,1,12.90,0.00,true,1,202785
7290002057451,false,מלפפונים בחומץ גדול,אף.סי תבליני בגליל ב,IL,קבוצת יבנה מלפפונים גדולים בחומץ 7-9 גדול 560 גרם,,0.00,,false,1,7.50,0.00,true,1,202786
7290002057468,false,מלפפונים בחומץ יבנה1,קדבורי,IL,מלפפונים בחומץ יבנה10-12 540 גרם,,0.00,,false,1,8.90,0.00,true,1,207394
7290002057604,false,פלפל חריף שיפקה 540,קדבורי,IL,קבוצת יבנה פלפל חריף שיפקה 560 גרם,,0.00,,false,1,6.90,0.00,true,1,202787
7290002128335,false,כוסות שתייה חמה50 יח,טיי פרידה,CN,כוסות שתייה חמה50 יח OZ8,,0.00,,false,1,14.90,0.00,true,1,252452
7290002129370,false,פילה אמנון בלי עור ד,,,פילה אמנון בלי עור דלי דג,קילוגרמים,1.00,"ק""ג",true,,38.90,0.00,true,1,247328
7290002130567,false,דבש דבורים טהור יד מ,מכוורת יד מרדכי שטרא,IL,דבש טהור 350 גרם,,0.00,,false,1,22.50,0.00,true,1,202845
7290002132011,false,עוגיות מזרחיות עבאדי,מאפיית יוסף ושמחה עב,IL,"עבאדי עוגיות מזרחיות שומשום, 400 גרם",,0.00,,false,1,21.90,0.00,true,1,202848
7290002331018,false,מים נביעות פקק רגיל,נביעות טבע הגליל בעמ,IL,נביעות 500 פ.שטוח פיקדון,,0.00,,false,1,6.90,0.00,true,1,206971
7290002331025,false,מים נביעות ספורט בקב,נביעות טבע הגליל בעמ,IL,נביעות 500 TO GO פקדון,,0.00,,false,1,6.90,0.00,true,1,202919
7290002331124,false,מי נביעות +בטעם תפוח,נביעות טבע הגליל בעמ,IL,נביעות+ בטעם תפוח 500 מל,,0.00,,false,1,10.50,0.00,true,1,210389
7290002331155,false,מי נביעות + בטעם אפר,נביעות טבע הגליל בעמ,IL,"נביעות + בטעם אפרסק 500 מ""ל",,0.00,,false,1,10.50,0.00,true,1,210390
7290002331360,false,מים נביעות TO GO שי,נביעות,,"מים נביעות TO GO שישייה בקבוק 500 מ""ל",,0.00,,false,1,17.90,0.00,true,1,202925
7290002331490,false,מים נביעות בקבוק 1 ל,נביעות טבע הגליל בעמ,IL,נביעות 1 ליטר,,0.00,,false,1,8.00,0.00,true,1,228016
7290002331711,false,מי נביעות +בטעם ענבי,נביעות טבע הגליל בעמ,IL,"נביעות + בטעם ענבים 500 מ""ל",,0.00,,false,1,10.50,0.00,true,1,211944
7290002371533,false,סלסולי פסטרמה דבש 12,טיב טירת צבי 2000,IL,סלסולי פסטרמה דבש 120 גרם,,0.00,,false,1,17.90,0.00,true,1,226634
7290002371540,false,קורנדביף 120 גרם,טיב טירת צבי 2000,IL,טירת צבי דקניקים קורנדביף 120 גרם,,0.00,,false,1,17.90,0.00,true,1,226635
7290002371939,false,סרוולד צרפתי 120 גרם,הנסיך- מפעל לייצור ט,IL,סרוולד צרפתי 120 גרם,,0.00,,false,1,29.90,0.00,true,1,212942
7290002515364,false,קמיל בלו אל סבון,פישר מעבדות פרמצבטיו,IL,דר פישר קמיל בלו קלאסיק 500 מל,,0.00,,false,1,17.90,0.00,true,1,203021
7290002542506,false,בירה קורונה בקבוק 35,קריניציה ויטמינה אס,MX,בירה קורונה אקסטרה 355 מל,,0.00,,false,1,16.90,0.00,true,1,217024
7290002542773,false,סטלה ארטואה - בק 330,סטלה,BE,סטלה ארטואה בק 330 מל,,0.00,,false,1,14.90,0.00,true,1,254175
7290002542780,false,סטלה ארטואה - שישיה,סטלה,BE,סטלה ארטואה שישיה 6 בק*330 מל,,0.00,,false,1,59.90,0.00,true,1,254176
7290002551003,false,טונה בשמן סטארקיסט,סטארקיסט,,טונה בשמן סטארקיסט 160 גרם,,0.00,,false,1,8.90,0.00,true,1,203046
7290002551010,false,טונה במים סטארקיסט 1,"סטארקיסט פודור בע""מ",TR,ס.ק טונה במים 160גרם-בי,,0.00,,false,1,8.90,0.00,true,1,203047
7290002730262,false,סבון כלים פלמוליב קל,קולגייט פלמוליב,GR,פלמוליב נוזל לניקוי כלים קלאסי 750 מל,,0.00,,false,1,13.90,0.00,true,1,203113
7290002730675,false,משחת שיניים קולגייט,קולגייט פלמוליב,PL,"משחת שיניים קולגייט אדומה 100 מ""ל",,0.00,,false,1,11.90,0.00,true,1,203118
7290002752332,false,סוכריות מנטוס פירות,פרפטי ואן מילה,NL,מנטוס סוכריות לעיסה בטעם פירות 37.5 גרם,,0.00,,false,1,5.00,0.00,true,1,203127
7290002752349,false,סוכריות מנטוס מנטה ג,פרפטי ואן מלה,NL,גליל מנטוס סוכריות לעיסה בטעם מנטה,,0.00,,false,1,5.00,0.00,true,1,206050
7290002768043,false,מי פה תיא+פלאורד ענק,טרופיקל דגיל תעשיות,IL,תיאדנט מי פה עם פלואוריד ללא אלכוהול 150 מל,,0.00,,false,1,17.70,0.00,true,1,259432
7290002771104,false,קפה נחלה הל 500 גרם,מולינו ניקולי s.p.a,IL,אל נחל'ה קפה קלוי וטחון עם הל 500 גרם,,0.00,,false,1,39.90,0.00,true,1,207416
7290002771111,false,קפה נחלה הל 250 גרם,מולינו ניקולי s.p.a,IL,אל נחל'ה קפה קלוי וטחון עם הל 250 גרם,,0.00,,false,1,19.90,0.00,true,1,203135
7290002771128,false,קפה תורכי נחלה 250 ג,מולינו ניקולי s.p.a,IL,קפה תורכי נחלה 250 גרם,,0.00,,false,1,18.90,0.00,true,1,207417
7290002771326,false,קפסולות קפה עם הל נח,קפה אל נחלה,IL,קפסולות קפה עם הל נחלה 10 יח 50גרם,,0.00,,false,1,19.90,0.00,true,1,248574
7290002771333,false,קפסולות קפה בלי הל נ,קפה אל נחלה,IL,קפסולות קפה בלי הל נחלה 10 יח 50גרם,,0.00,,false,1,19.90,0.00,true,1,257929
7290002824640,false,גבינה סקי 5% פיקוח 2,"שטראוס בריאות בע""מ",IL,סקי 5% 250 גרם,,0.00,,false,1,4.98,0.00,true,1,203170
7290002871248,false,בירה טובורג בקבוק חו,מבשלות בירה בינלאומי,IL,"טובורג מלא חוזר חדש 500 מ""ל",,0.00,,false,1,10.50,0.00,true,1,203213
7290002871361,false,בירה קרלסברג בקבוק ח,מבשלות בירה בינלאומי,IL,קלסברג בירה 500 מל,,0.00,,false,1,11.90,0.00,true,1,203215
7290002900092,false,סטייק בורגר 100% בקר,הנסיך- מפעל לייצור ט,IL,סטייק בורגר מבשר בקר 400 גר',,0.00,,false,1,24.90,0.00,true,1,207793
7290002900207,false,המבורגר אמיתי 100% ב,הנסיך- מפעל לייצור ט,IL,המבורגר אמיתי 100% בקר 400 גרם,,0.00,,false,1,24.90,0.00,true,1,203255
7290002900214,false,קבב מזרחי 450 גרם,טיב טירת צבי 2000,IL,קבב מזרחי 400 גרם,,0.00,,false,1,24.90,0.00,true,1,203256
7290002929635,false,טונה וילגר בשמן 140,"ויליגר תעשיות בע""מ",IL,ויליגר נתחי טונה בהירה בשמן 140 גרם,,0.00,,false,1,5.90,0.00,true,1,233437
7290002986201,false,עוגיות יין מצופות,"אחים גטניו בע""מ",,עוגיות יין מצופות 300 גרם פסח,,0.00,,false,1,13.90,0.00,true,1,259802
7290002986218,false,עוג.יין חצי מצופה,"אחים גטניו בע""מ",,"עוגיות יין חצי מצופה300 גר""פסח",,0.00,,false,1,13.90,0.00,true,1,259804
7290002986539,false,עוגיות גטניו לפסח,"אחים גטניו בע""מ",,עוגיות גטניו יין לפסח 250 גר,,0.00,,false,1,12.90,0.00,true,1,259803
7290003009312,false,בוטנים קלויים קליית,ששון ושות' (ש.ת. תעש,IL,בוטן קלוי 200 גר' שק',,0.00,,false,1,9.90,0.00,true,1,206127
7290003009329,false,בוטנים אמריקאיים קלי,ששון ושות' (ש.ת. תעש,IL,בוטן אמריק'200 גר'שק (ב(24,,0.00,,false,1,8.90,0.00,true,1,206052
7290003009336,false,קבוקים מצופים קליית,קוד יצרן JG,IL,קבוקים 200 גר'שק'ב24,,0.00,,false,1,8.90,0.00,true,1,206859
7290003009640,false,מיץ תפוזים סחוט פריג,גת,IL,סחוט תפוזים קלאסי 1 ליטר,,0.00,,false,1,19.50,0.00,true,1,203324
7290003029181,false,שוקו יטבתה בקבוק 1 ל,מחלבת יטבתה,IL,שוקו 1 ליטר,,0.00,,false,1,12.90,0.00,true,1,203399
7290003029372,false,משקה חלב בננה יטבתה,מחלבת יטבתה,IL,בננה 1 ליטר,,0.00,,false,1,12.90,0.00,true,1,203402
7290003029389,false,משקה חלב בננה פקק ספ,מחלבת יטבתה,IL,בננה פקק 250*12,,0.00,,false,1,7.50,0.00,true,1,203403
7290003029433,false,שוקו יטבתה פקק ספורט,מחלבת יטבתה,IL,"שוקו פקק 250 מ""ל",,0.00,,false,1,7.50,0.00,true,1,203405
7290003029815,false,חלב מועשר 3% בכד יטב,מחלבת יטבתה,IL,חלב 3% בקבוק 2 ליטר,,0.00,,false,1,17.00,0.00,true,1,210114
7290003029907,false,קפה יטבתה בקבוק 1 לי,מחלבת יטבתה,IL,אייס קפה 1 ליטר,,0.00,,false,1,12.90,0.00,true,1,210411
7290003055128,false,טישו פיור 100 יח,חיי נייר,IL,טישו פיור 100 יח,,0.00,,false,1,3.90,0.00,true,1,250801
7290003060009,false,"קמח חיטה לבן 1 ק""ג ס",טחנות ישראל,,"קמח חיטה לבן 1 ק""ג סוגת",,0.00,,false,1,6.70,0.00,true,1,203439
7290003060023,false,"סולת חיטה 1 ק""ג טחנו",טחנות ישראל,,"סולת חיטה 1 ק""ג טחנות ישראליות",,0.00,,false,1,5.90,0.00,true,1,203440
7290003131266,false,גרעין שחור קלוי,אוליבלס SA,,גרעין שחור קלוי במשקל,קילוגרמים,1.00,"ק""ג",true,,48.00,0.00,true,1,243482
7290003143146,false,ממרח תמרים 450 קלית,"טעמי הגליל בע""מ",IL,ממרח תמרים קלית גת 450 גר',,0.00,,false,1,6.90,0.00,true,1,245290
7290003144310,false,תערובת אגוזים וחמוצי,J&G PECANS,IL,תע'אגוזים וחמוציות 150 גר,,0.00,,false,1,22.90,0.00,true,1,237636
7290003145560,false,שקד קלוי 100 גרם,J&G PECANS,IL,שקד קלוי 100 גר',,0.00,,false,1,14.90,0.00,true,1,241785
7290003145577,false,קשיו קלוי 100 גרם,קוד יצרן JG,IL,קשיו קלוי 100 גרם,,0.00,,false,1,14.90,0.00,true,1,241784
7290003145584,false,פיסטוק קלוי 100 גרם,קוד יצרן JG,IL,קליית גת פיסטוק קלוי 100 גרם,,0.00,,false,1,14.90,0.00,true,1,241783
7290003145751,false,אגוזי קשיו קלויים קל,ששון ושות' (ש.ת. תעש,IL,"קליית גת אגוזי קלויים, 200 גרם",,0.00,,false,1,24.90,0.00,true,1,213904
7290003145768,false,בוטן אמריקאי 50 גרם,ששון ושות' (ש.ת. תעש,IL,בוטן אמריקאי 50X42 גר',,0.00,,false,1,3.00,0.00,true,1,213260
7290003145959,false,פקאן,קוד יצרן JG,IL,פקאן טבעי 150 גרם,,0.00,,false,1,26.90,0.00,true,1,214273
7290003158973,false,פיתה פרנה גדרון א.ק,יושלם,,פיתה פרנה גדרון א.ק,,0.00,,false,1,4.90,0.00,true,1,220763
7290003192013,false,רביולי {בוטן בטעם גר,אוליבלס SA,,רביולי {בוטן בטעם גריל} במשקל,קילוגרמים,1.00,"ק""ג",true,,80.00,0.00,true,1,243610
7290003192014,false,פקאן טיבעי במשקל,אוליבלס SA,,פקאן טיבעי במשקל,קילוגרמים,1.00,"ק""ג",true,,150.00,0.00,true,1,243557
7290003192021,false,אפונה קלוי במשקל,אוליבלס SA,,אפונה קלוי במשקל,קילוגרמים,1.00,"ק""ג",true,,50.00,0.00,true,1,243613
7290003192022,false,בוטנים אמריקאים במשק,אוליבלס SA,,בוטנים אמריקאים במשקל,קילוגרמים,1.00,"ק""ג",true,,39.00,0.00,true,1,243612
7290003210114,false,טרופית בוסתן 200 מל,בוסתן,IL,טרופית בוסתן 200 מל,,0.00,,false,1,3.90,0.00,true,1,249852
7290003211302,false,גרעין לבן קלוי,אוליבלס SA,,גרעין לבן קלוי במשקל,קילוגרמים,1.00,"ק""ג",true,,49.00,0.00,true,1,243483
7290003211319,false,קבוקים,אוליבלס SA,,קבוקים במשקל,קילוגרמים,1.00,"ק""ג",true,,48.00,0.00,true,1,243492
7290003211975,false,קשיו קלוי,אוליבלס SA,,קשיו קלוי במשקל,קילוגרמים,1.00,"ק""ג",true,,130.00,0.00,true,1,243481
7290003211982,false,מנציס,אוליבלס SA,,מנציס במשקל,קילוגרמים,1.00,"ק""ג",true,,80.00,0.00,true,1,243485
7290003211999,false,פקאן סיני,אוליבלס SA,,פקאן סיני במשקל,קילוגרמים,1.00,"ק""ג",true,,145.00,0.00,true,1,243494
7290003213016,false,חטיף אורז חריף,אוליבלס SA,,חטיף אורז חריף במשקל,קילוגרמים,1.00,"ק""ג",true,,69.00,0.00,true,1,243486
7290003213030,false,גרעין אבטיח קלוי,אוליבלס SA,,גרעין אבטיח קלוי במשקל,קילוגרמים,1.00,"ק""ג",true,,80.00,0.00,true,1,243484
7290003213108,false,פול קליפה קלוי מטוגן,אוליבלס SA,,פול קליפה קלוי מטוגן,קילוגרמים,1.00,"ק""ג",true,,60.00,0.00,true,1,243487
7290003213375,false,שקד טבעי במשקל,אוליבלס SA,,שקד טבעי במשקל,קילוגרמים,1.00,"ק""ג",true,,89.00,0.00,true,1,243555
7290003213382,false,אגוז מלך במשקל,אוליבלס SA,,אגוז מלך במשקל,קילוגרמים,1.00,"ק""ג",true,,55.00,0.00,true,1,243556
7290003213696,false,בוטנים קלוים,אוליבלס SA,,בוטנים קלוים במשקל,קילוגרמים,1.00,"ק""ג",true,,39.00,0.00,true,1,243488
7290003213740,false,שקד קלוי,אוליבלס SA,,שקד קלוי במשקל,קילוגרמים,1.00,"ק""ג",true,,130.00,0.00,true,1,243479
7290003213825,false,פיסטוק קלוי במשקל,אוליבלס SA,,פיסטוק קלוי במשקל,קילוגרמים,1.00,"ק""ג",true,,109.00,0.00,true,1,243480
7290003220533,false,רוטב WOK צילי מתוק 7,THAI COCONUT CO,,"רוטב WOK צילי מתוק 700 מ""ל",,0.00,,false,1,15.90,0.00,true,1,216895
7290003220595,false,אורז לסושי WOK שקית,"מיה תעשיות מזון בע""מ",,"אורז לסושי WOK שקית 1 ק""ג",,0.00,,false,1,16.40,0.00,true,1,219991
7290003229109,false,פסטרמה בפפריקה,טיב טירת צבי 2000,IL,נקניק הודו אפוי לח בתיבול פפריקה,,0.00,,false,1,32.90,0.00,true,1,203556
7290003229123,false,פסטרמה על גחלים 400,טיב טירת צבי 2000,IL,א.מ פסטרמה גחלים 400 גרם,,0.00,,false,1,32.90,0.00,true,1,203558
7290003229154,false,נקניק סלמי קוניאק מו,טיב טירת צבי 2000,IL,סלמי קוניאק 300 גרם,,0.00,,false,1,33.90,0.00,true,1,203560
7290003229192,false,כתף בקר מעושן טירת צ,טיב טירת צבי 2000,IL,"טירת צבי, פסטרמה כתף בקר מעושנת 400 גרם",,0.00,,false,1,35.90,0.00,true,1,203561
7290003321155,false,דנונה בר דגנים פקאן,"שטראוס בריאות בע""מ",IL,דנונה קראנצ פקאן,,0.00,,false,1,6.20,0.00,true,1,203579
7290003400500,false,שוקולד ריזס קרמל עם,הרשי,,שוקולד ריזס קרמל עם בוטנים 47 גרם,,0.00,,false,1,7.90,0.00,true,1,226954
7290003402809,false,שוקולד ריזס לבן 39 ג,,,שוקולד ריזס לבן 39 ג,,0.00,,false,1,7.90,0.00,true,1,253226
7290003411689,false,ליפתניות חד פעמי 25,הנמל אריזות ושיווק ב,IL,הנמל ליפתניות 25 יחידות,,0.00,,false,1,5.90,0.00,true,1,206468
7290003411696,false,מרקיות חד פעמי הנמל,,IL,הנמל מרקיות לבן 25 יחידות,,0.00,,false,1,11.90,0.00,true,1,206469
7290003423909,false,שוקולד הרשיז קוקיז א,הרשי,,שוקולד הרשיז קוקיז אנד קרים 43 גרם,,0.00,,false,1,7.90,0.00,true,1,227174
7290003444009,false,שוקולד ריזס חלב 42 ג,הרשי,,שוקולד ריזס חלב 42 גרם,,0.00,,false,1,7.90,0.00,true,1,227176
7290003457861,false,שלגון סולרו טרופי,"מיוצר ע""י גלידת שטרא",IL,סולרו שלגון סולרו וניל ופירות טרופיים 76 גרם,,0.00,,false,1,12.90,0.00,true,1,203663
7290003495023,false,מאפה שקדים חלבי אישי,"גידרון תעשיות בע""מ",,מאפה שקדים חלבי אישי,,0.00,,false,1,10.90,0.00,true,1,221177
7290003495030,false,מאפה שקדים פרווה,"גידרון תעשיות בע""מ",,מאפה שקדים פרווה,קילוגרמים,1.00,"ק""ג",true,,44.90,0.00,true,1,221178
7290003521760,false,"אפטרסול ג""ל אלוורה 2",פישר מעבדות פרמצבטיו,IL,"אפטרסול ג""ל אלוורה 200 מ""ל",,0.00,,false,1,29.90,0.00,true,1,206831
7290003578153,false,טונה בשמן צמחי וילי,ארזינא,TH,וילי פוד נתחי טונה בשמן צמחי 160 גרם,,0.00,,false,1,6.90,0.00,true,1,203714
7290003578177,false,תירס גמדי שלם,מגסטיק פוד אידסטרי ק,TH,תירס גמדי 410 גרם,,0.00,,false,1,7.90,0.00,true,1,203716
7290003643004,false,אורז בסמטי קלאסי סוג,"סוגת תעשיות בע""מ",IL,"אורז בסמטי קלאסי 1 ק""ג",,0.00,,false,1,16.90,0.00,true,1,203748
7290003643387,false,סוכר לבן בצנצנת פלסט,"סוגת תעשיות בע""מ",IL,"סוכר 1 ק""ג בצנצנת",,0.00,,false,1,10.90,0.00,true,1,203751
7290003643646,false,סוכר דמררה צנצנת סוג,"סוגת תעשיות בע""מ",IL,סוכר דמררה צנצנת 1 קג,,0.00,,false,1,13.90,0.00,true,1,203752
7290003643684,false,אפונה סוגת 500 גרם,"סוגת תעשיות בע""מ",IL,אפונה 500 גרם,,0.00,,false,1,7.90,0.00,true,1,210718
7290003643714,false,חומוס סוגת 500 גרם,"סוגת תעשיות בע""מ",IL,חומוס 500 גרם,,0.00,,false,1,9.90,0.00,true,1,211588
7290003643738,false,חיטה סוגת 500 גרם,"סוגת תעשיות בע""מ",IL,חיטה 500 גרם,,0.00,,false,1,6.50,0.00,true,1,211590
7290003643752,false,עדשים ירוקות סוגת 50,"סוגת תעשיות בע""מ",IL,עדשים ירוקות 500 גר',,0.00,,false,1,9.90,0.00,true,1,211702
7290003643769,false,עדשים אדומות סוגת 50,"סוגת תעשיות בע""מ",IL,עדשים אדומות סוגת 500 גרם,,0.00,,false,1,9.90,0.00,true,1,208626
7290003643776,false,פופקורן סוגת 500 גרם,"סוגת תעשיות בע""מ",IL,פופקורן 500 גרם,,0.00,,false,1,6.90,0.00,true,1,211586
7290003643783,false,קוקוס סוגת 100 גרם,"סוגת תעשיות בע""מ",IL,קוקוס 100 גרם,,0.00,,false,1,4.50,0.00,true,1,209868
7290003643806,false,שעועית לבנה סוגת 500,"סוגת תעשיות בע""מ",IL,שעועית לבנה 500 גרם,,0.00,,false,1,13.90,0.00,true,1,211041
7290003643813,false,שעועית אדומה סוגת 50,"סוגת תעשיות בע""מ",IL,שעועית אדומה 500 גרם,,0.00,,false,1,12.90,0.00,true,1,211591
7290003806591,false,דאודורנט ספריי דאב מ,ארנסט. רחוב קומבינצק,RU,דאב דאודורנט ספריי מלפפון ותה ירוק 150 מל,,0.00,,false,1,19.90,0.00,true,1,237674
7290003896141,false,אלמנדוס ספרדי קליית,קוד יצרן JG,IL,אלמנדוס 200 גרם (ב(12,,0.00,,false,1,10.90,0.00,true,1,214261
7290003903771,false,קפוצינו,שטראס קפה בי.וי,IL,קפוצ'ינו רגיל 200 ג/6יח'/200גר',,0.00,,false,1,28.50,0.00,true,1,203868
7290004063016,false,מלח שולחן מעולה דק 1,"מלח הארץ בע""מ",IL,מלח שולחן,,0.00,,false,1,2.07,0.00,true,1,203981
7290004064082,false,מטחנה מלח ים טבעי 2,חברת מלח הארץ אילת ב,IL,מטחנת מלח ים 250 גרם,,0.00,,false,1,13.90,0.00,true,1,237751
7290004091248,false,וזלין טהור 106 גרם,"יוניליוור ארה""ב, ג'ו",US,וזלין ג'ל פטרוליום 100% טהור 106 גרם,,0.00,,false,1,15.90,0.00,true,1,203993
7290004119225,false,יוגורט יופלה אננס 3%,תנובה בעמ,IL,יופלה יוגורט אננס 3% גביע 150 גרם,,0.00,,false,1,5.70,0.00,true,1,203997
7290004119928,false,מעדן קרלו וניל 3% 1,מחלבת אלון תבור,IL,קרלו מעדן וניל רביעיות גביע 125 1.5%,,0.00,,false,1,3.30,0.00,true,1,203999
7290004119973,false,מעדן קרלו שוקו 3% 1,מחלבת אלון תבור,IL,קרלו מעדן שוקו רביעיה גביע 125 גרם 1.5%,,0.00,,false,1,3.30,0.00,true,1,204000
7290004120108,false,יוגורט יופלה דיאט דו,תנובה בעמ,IL,יופלה דיאט יוגורט דובדבן %0 גביע 150גרם,,0.00,,false,1,6.00,0.00,true,1,204002
7290004120566,false,גבינה בולגרית פיראוס,תנובה,IL,פיראוס בולגרית 24% שומן 250 גרם,,0.00,,false,1,25.90,0.00,true,1,204004
7290004120573,false,גבינה בולגרית פיראוס,תנובה,IL,גבינה בולגרית מלוחה 16% שומן,,0.00,,false,1,25.90,0.00,true,1,204005
7290004120634,false,גבינה בולגרית פיראוס,תנובה,IL,פיראוס גבינה בולגרית 5% שומן,,0.00,,false,1,25.90,0.00,true,1,204006
7290004121488,false,יוגורט יופלה דיאט אפ,תנובה בעמ,IL,יופלה יוגורט עם אפרסק 0% שומן 150 גרם,,0.00,,false,1,6.00,0.00,true,1,204008
7290004121853,false,גבינה בולגרית קוביות,תנובה,IL,פירוס בולגרית קוביות 5% 200 גרם,,0.00,,false,1,24.90,0.00,true,1,204011
7290004122119,false,השף הלבן פתיתי גבע פ,תנובה,IL,תנובה השף הלבן פתיתי גבע פרמזן 23% שומן,,0.00,,false,1,14.90,0.00,true,1,207662
7290004122270,false,גבינה עמק פרוס פתיחה,תנובה,IL,עמק קלאסית פרוסות גבינה חצי קשה 28% 200 גרם,,0.00,,false,1,18.90,0.00,true,1,204012
7290004122348,false,גבינה קשה עמק לייט 9,תנובה,IL,עמק גבינה צהובה חצי קשה 9% מופחתת שומן,,0.00,,false,1,18.90,0.00,true,1,204013
7290004122676,false,גבינה חמד לייט 5%,"תנובה,מחלבת טנא נוגה",IL,פיראוס לייט חמד גבינה כפרית מלוחה 5% שומן,,0.00,,false,1,20.90,0.00,true,1,210959
7290004122683,false,אצבעות גבינה עמק 172,תנובה,IL,עמק חטיף אצבעות גבינה חצי קשה 28% שומן,,0.00,,false,1,18.50,0.00,true,1,211989
7290004124205,false,יוגורט יופלה דיאט תו,תנובה בעמ,IL,יופלה דיאט יוגורט תות %0 גביע 150 גרם,,0.00,,false,1,6.00,0.00,true,1,204018
7290004124892,false,יוגורט יופלה 4% פירו,תנובה בעמ,IL,יופלה יוגורט פירות יבשים 3.8% 150 גרם,,0.00,,false,1,5.90,0.00,true,1,255936
7290004125370,false,שמנת 9% תנובה 200 מ,תנובה,IL,תנובה שמנת חמוצה מופחתת שומן,,0.00,,false,1,4.00,0.00,true,1,204022
7290004125400,false,"שלי אשל פיקוח 200 מ""","תנובה, מחלבת אלון תב",IL,תנובה אשל לבן 4.5% שומן,,0.00,,false,1,1.69,0.00,true,1,204023
7290004125417,false,"שלי גיל פיקוח 200 מ""",תנובה,IL,תנובה גיל לבן 3% 206 גרם,,0.00,,false,1,1.51,0.00,true,1,204024
7290004125455,false,שמנת 15% תנובה פיקוח,תנובה,IL,שמנת אורגינל 15% שומן 200 מל,,0.00,,false,1,2.40,0.00,true,1,204025
7290004125509,false,שמנת תנובה 15% חצי מ,תנובה,IL,תנובה שמנת 15% חצי מנה 100 מל,,0.00,,false,1,1.90,0.00,true,1,204026
7290004125578,false,משקה סויה מועשר בסיד,סוי מג'יק,IL,משקה סויה מועשר בסידן 1 ליטר,,0.00,,false,1,12.90,0.00,true,1,204027
7290004125585,false,משקה סויה על הבוקר ו,סוי מג'יק,IL,משקה סויה על הבוקר וניל 1 ליטר,,0.00,,false,1,13.50,0.00,true,1,204028
7290004125721,false,שמנת לבישול 15% 250,תנובה,IL,"השף הלבן שמנת לבישול ,שמנת עמידה לבישול 15% 250 מל",,0.00,,false,1,9.20,0.00,true,1,204029
7290004126759,false,יוגורט יופלה דיאט פי,תנובה בעמ,IL,יופלה דיאט פירות יער %0 גביע 150 גרם,,0.00,,false,1,6.00,0.00,true,1,204033
7290004126872,false,שוקו תנובה בקבוק 250,תנובה,IL,"שוקו תנובה בקבוק 250 מ""ל",,0.00,,false,1,7.00,0.00,true,1,210562
7290004127329,false,קוטג 5% תנובה 250 גר,מחלבת אלון תבור,IL,קוטג 5% תנובה 250 גרם,,0.00,,false,1,5.70,0.00,true,1,204037
7290004127336,false,קוטג 9% תנובה 250 גר,מחלבת אלון תבור,IL,קוטג 9% תנובה 250 גרם,,0.00,,false,1,5.70,0.00,true,1,204038
7290004127800,false,גבינה למריחה 5% פיקו,מחלבת אלון תבור,IL,גבינה למריחה 5% פיקוח 500 גרם,,0.00,,false,1,9.96,0.00,true,1,204040
7290004129101,false,גבינת שמנת נפוליאון,מחלבת אלון תבור,IL,גבינת שמנת נפוליאון טבעי 225 גרם,,0.00,,false,1,15.90,0.00,true,1,204047
7290004129118,false,גבינת שמנת נפוליאון,מחלבת אלון תבור,IL,גבינת שמנת נפוליאון זיתים 225 גרם,,0.00,,false,1,15.90,0.00,true,1,204048
7290004129156,false,גבינת שמנת נפוליאון,מחלבת אלון תבור,IL,גבינת שמנת נפוליאון שום שמיר 225 גרם,,0.00,,false,1,15.90,0.00,true,1,204049
7290004129736,false,יוגורט יופלה לבן 1.5,תנובה,IL,יוגורט,,0.00,,false,1,5.00,0.00,true,1,208561
7290004130695,false,משקה חלב אייס קפה,"תנובה, מחלבת רחובות",IL,אייס קפה,,0.00,,false,1,13.90,0.00,true,1,213119
7290004130794,false,משקה סויה מועשר מופח,סוי מג'יק,IL,משקה סויה מועשר מופחת מתיקות 1 ליטר,,0.00,,false,1,13.50,0.00,true,1,206908
7290004131074,false,חלב 3% קרטון מהדרין,תנובה,IL,חלב 3% קרטון מהדרין פיקוח 1 ליטר,,0.00,,false,1,6.23,0.00,true,1,204052
7290004131098,false,חלב 3% מועשר קרטון,תנובה מרכז שיתופי לש,,חלב 3% מועשר קרטון+פקק1 ל .,,0.00,,false,1,9.50,0.00,true,1,204054
7290004131432,false,יוגורט יופלה 3% לבן,מחלבת אלון תבור,IL,יופלה לבן 3% גביע 200 גרם,,0.00,,false,1,5.00,0.00,true,1,208563
7290004131531,false,שוקו תנובה 1 ליטר,"תנובה, מחלבת רחובות",IL,שוקו תנובה בקבוק 1 ליטר,,0.00,,false,1,13.90,0.00,true,1,209692
7290004131654,false,יופלה בטעם תותים,תנובה מרכז שיתופי לש,,יופלה בטעם תותים בשמנת 3.5%,,0.00,,false,1,5.10,0.00,true,1,209915
7290004131814,false,גבינה צפתית מעודנת 5,תנובה מחלבת טנא נוגה,IL,פיראוס צפתית 5% מעודנת 200 גרם,,0.00,,false,1,17.50,0.00,true,1,209146
7290004132231,false,חלב פלוס לקפה 3.5% ב,"תנובה, מחלבת רחובות",IL,"תנובה, משקה חלב, מיוחד לקפה. להקצפה בשקשוק.",,0.00,,false,1,7.90,0.00,true,1,209033
7290004132514,false,שוקו בננה 1 ליטר,פארייפאבה אגרואינדוס,IL,משקה בטעם בננה %1.9 שומן 1 ליטר,,0.00,,false,1,14.90,0.00,true,1,256664
7290004132552,false,משקה סויה דיאט 1 ליט,סוי מג'יק,IL,משקה סויה דיאט 1 ליטר,,0.00,,false,1,13.50,0.00,true,1,209482
7290004132712,false,אצבעות עמק 172 גרם,תנובה,IL,עמק חטיף אצבעות גבינת מוצרלה 172 גרם 20%,,0.00,,false,1,18.50,0.00,true,1,209023
7290004133627,false,חלב 3% על הבוקר קרטו,תנובה,IL,חלב 3% על הבוקר קרטון +פקק 1 ליטר,,0.00,,false,1,9.50,0.00,true,1,209138
7290004134198,false,משקה חלב בטעם בננה 2,תנובה,IL,משקה חלב בטעם בננה 1.9% 250 מל,,0.00,,false,1,7.00,0.00,true,1,210563
7290004134945,false,יופלה מוקה 3%,תנובה בעמ,IL,יופלה מוקה 150 3% גרם,,0.00,,false,1,5.70,0.00,true,1,210896
7290004136154,false,משקה אייס קפה תנובה,מחלבת רחובות,IL,"משקה אייס קפה תנובה בקבוק 340 מ""ל",,0.00,,false,1,8.90,0.00,true,1,212682
7290004136161,false,משקה חלב דיאט אייס ק,תנובה מרכז שיתופי לש,,משקה חלב דיאט אייס קפה 340 מל,,0.00,,false,1,7.90,0.00,true,1,212691
7290004136598,false,מארז הפסקת אוכל חלב,"תנובה, מחלבת טנא נוג",IL,מארז הפסקת אוכל חלב+דגנים,,0.00,,false,1,10.90,0.00,true,1,212041
7290004136857,false,גלי בטעם פטל 125 גרם,סוי מג'יק,IL,גלי בטעם פטל 125 גרם,,0.00,,false,1,3.30,0.00,true,1,212012
7290004137311,false,גבינה עמק 9% לייט 40,תנובה,IL,עמק גבינה צהובה חצי קשה 9% שומן,,0.00,,false,1,33.90,0.00,true,1,212793
7290004199166,false,כפפות לטקס 100 יח מי,הדקלאים אגודת שיתופי,TH,EASY TOUCH כפפות לטקס גודל: Small,,0.00,,false,1,34.90,0.00,true,1,214108
7290004199173,false,כפפות לטקס איזי טאצ,הדקלאים אגודת שיתופי,TH,EASY TOUCH כפפות לטקס גודל: Medium,,0.00,,false,1,34.90,0.00,true,1,214109
7290004494919,false,כנען אדום קברנה שירא,כצט,IL,כנען אדום קברנה שיראז דלתון 750מל,,0.00,,false,1,49.90,0.00,true,1,261432
7290004532024,false,גרעיני חמניות קלופים,דין שיווק,,גרעיני חמניות קלופים הטיב 200 גרם,,0.00,,false,1,5.90,0.00,true,1,207667
7290004532031,false,שקדים קלויים 200 גרם,דין שיווק,,שקדים קלויים 200 גרם בשקית,,0.00,,false,1,19.90,0.00,true,1,206063
7290004532048,false,גרעיני דלעת קלויים ה,דין שיווק,,גרעיני דלעת קלויים הטיב 200 גרם,,0.00,,false,1,11.90,0.00,true,1,206137
7290004532086,false,אגוז קשיו 200 גרם,g&g,,אגוז קשיו 200 גרם,,0.00,,false,1,24.90,0.00,true,1,206065
7290004532093,false,בוטן קלוי בקליפה בשק,g&g,,בוטן קלוי בקליפה בשקית 250 גרם,,0.00,,false,1,9.90,0.00,true,1,206138
7290004532116,false,גרעיני חמניה קלויים,g&g,,גרעין חמניה קלוי 400 גרם בשקית,,0.00,,false,1,11.90,0.00,true,1,206066
7290004532123,false,פיסטוק קלוי הטיב 200,g&g,,פיסטוק קלוי הטיב 200 גרם,,0.00,,false,1,24.90,0.00,true,1,206604
7290004532130,false,בוטן אמריקאי בשקית 2,"גיי אנג גי פקאנס בע""",IL,בוטן אמריקאי בשקית 200 גרם,,0.00,,false,1,6.50,0.00,true,1,206605
7290004532147,false,קבוקים מצופים,"גיי אנג גי פקאנס בע""",IL,קבוקים מצופים 200 גרם בשקית,,0.00,,false,1,7.00,0.00,true,1,206606
7290004532161,false,אלמנדוס 200 גרם,יושלם,,אלמנדוס 200 גרם,,0.00,,false,1,7.90,0.00,true,1,207447
7290004532246,false,צימוקים כהים הטיב 20,"גיי אנג גי פקאנס בע""",IL,צימוקים כהים הטיב 200 גרם,,0.00,,false,1,8.90,0.00,true,1,208085
7290004532253,false,שזיף מיובש 200 גרם,"גיי אנג גי פקאנס בע""",IL,שזיף מיובש 200 גרם,,0.00,,false,1,9.90,0.00,true,1,207668
7290004532260,false,משמש מיובש 200 גרם,"גיי אנג גי פקאנס בע""",IL,משמש מיובש 200 גרם,,0.00,,false,1,12.90,0.00,true,1,207669
7290004532277,false,צימוקים בהירים הטיב,"גיי אנג גי פקאנס בע""",IL,צימוקים בהירים הטיב 200 גרם,,0.00,,false,1,12.20,0.00,true,1,207670
7290004532338,false,קוקטייל פירות יבשים3,פיצוחי הטיב,IL,קוקטייל פירות יבשים350 גרם,,0.00,,false,1,29.90,0.00,true,1,208194
7290004532369,false,"מנצ""יס פיקנטי הטיב 1","גיי אנג גי פקאנס בע""",IL,"מנצ""יס פיקנטי הטיב 180 גרם",,0.00,,false,1,8.90,0.00,true,1,207672
7290004532383,false,פקאן טבעי הטיב 200 ג,דין שיווק,,פקאן טבעי הטיב 200 גרם,,0.00,,false,1,30.50,0.00,true,1,217914
7290004532543,false,צנובר 100 גרם בשקית,יושלם,,צנובר 100 גרם בשקית,,0.00,,false,1,27.10,0.00,true,1,207955
7290004532574,false,גרעיני חמניה הטיב 20,"גיי אנג גי פקאנס בע""",IL,גרעיני חמניה הטיב 200 גרם,,0.00,,false,1,6.50,0.00,true,1,206067
7290004532581,false,בוטן קלוי 200 גרם,g&g,,בוטן קלוי 200 גרם בשקית,,0.00,,false,1,8.50,0.00,true,1,206140
7290004532710,false,תמר משובח מגהול,יושלם,,תמר משובח מגהול 200 גרם,,0.00,,false,1,11.00,0.00,true,1,207732
7290004554293,false,אסקימו ענבים,שטראוס,,אסקימו ענבים,,0.00,,false,1,4.90,0.00,true,1,206575
7290004554330,false,שלגון אסקימו דובדבן,"מיוצר ע""י גלידת שטרא",IL,גלידת שטראוס קרטיב מחלוטה דובדבן 50 יחידות,,0.00,,false,1,4.90,0.00,true,1,206576
7290004554781,false,שלגון אסקימו לימון,שטראוס גלידות,,שלגון אסקימו לימון,,0.00,,false,1,4.90,0.00,true,1,204220
7290004584351,false,גבינה במרקם שמנת סימ,"שטראוס בריאות בע""מ",IL,סימפוניה החמישית,,0.00,,false,1,12.70,0.00,true,1,204227
7290004584528,false,יוגורט דנונה ביו 1.7,"שטראוס בריאות בע""מ",IL,דנונה ביו 1.7% 200 גרם,,0.00,,false,1,3.90,0.00,true,1,204228
7290004585907,false,מעדן דני וניל 125 גר,"שטראוס בריאות בע""מ",IL,דני וניל,,0.00,,false,1,3.90,0.00,true,1,204229
7290004685041,false,לחם חיטה מלאה לחם הא,יוליניבר,IL,לחם פרוס מקמח חיטה מלאה,,0.00,,false,1,15.90,0.00,true,1,204276
7290004685089,false,לחם הארץ חמניות,יוליניבר,IL,לחם הארץ חמניות,,0.00,,false,1,17.90,0.00,true,1,221949
7290004685201,false,לחם אגוזים לחם הארץ,יוליניבר,IL,הארץ שיפון אגוזים,,0.00,,false,1,16.90,0.00,true,1,204279
7290004685430,false,לחם כוסמין 500 גרם,יוליניבר,IL,לחם כוסמין 500 גרם,,0.00,,false,1,16.90,0.00,true,1,242444
7290004685447,false,לחמניות כוסמין מארז,מאפיות ברמן,IL,לחמניות כוסמין מארז שישייה,,0.00,,false,1,16.90,0.00,true,1,255313
7290004685454,false,לחם הארץ שיבולת שועל,מאפיות ברמן,IL,לחם הארץ שיבולת שועל 500גרם,,0.00,,false,1,17.90,0.00,true,1,255311
7290004731670,false,מטהר אוויר דואופרש פ,"סנו מפעלי ברונוס בע""",IL,מבשם אוויר דואופרש לבנדר ופצ'ולי 300 מל,,0.00,,false,1,14.90,0.00,true,1,210543
7290004872069,false,קרחון לימון,המאפיה של הרמן,IL,שלגון קרח לימון,,0.00,,false,1,4.00,0.00,true,1,206146
7290004872229,false,שלגון שוקו מצופה,גלידות נסטלה,IL,נסטלה שלגון שוקולד כלפ. 48*67גרם,,0.00,,false,1,7.90,0.00,true,1,206591
7290004872243,false,שלגון בננה מצופה,גלידות נסטלה,IL,שלגון בננה מצופה,,0.00,,false,1,7.90,0.00,true,1,206070
7290004872250,false,שלגון אבטיח קיץ,נגה גלידות (גלידות נ,IL,שלגון אבטיח קיץ,,0.00,,false,1,8.50,0.00,true,1,206071
7290004872731,false,טילון אקסטרים וניל,גלידות נסטלה,IL,אקסטרים טילון וניל בדצ 24*72גרם,,0.00,,false,1,10.50,0.00,true,1,206594
7290004872786,false,טילון אקסטרים ענק פק,גלידות נסטלה,IL,אקסטרים טילון פקאן בדצ 16*115גרם,,0.00,,false,1,12.50,0.00,true,1,206596
7290005008184,false,סבון פלמוליב נוזלי ש,קולגייט פלמוליב,TR,פלמוליב סבון נוזלי חלב שקדים 500 מל,,0.00,,false,1,19.90,0.00,true,1,204399
7290005008191,false,סבון נוזלי פלמוליב א,קולגייט פלמוליב,TR,500 מל סבון נוזלי פלמוליב so relaxed,,0.00,,false,1,19.90,0.00,true,1,204400
7290005084355,false,סנסודין דואלקר משחה,DE MICLEN,,סנסודיין משחת שיניים הגנה כפולה 75 מל,,0.00,,false,1,21.90,0.00,true,1,256192
7290005113222,false,מיקס זיתים A2יבנה ח,קדבורי,IL,קבוצת יבנה מיקס זיתים 560 גרם,,0.00,,false,1,11.90,0.00,true,1,213635
7290005174551,false,סלט חומוס יום יום 12,"שטראוס גרופ בע""מ",IL,חומוס יום-יום 125 גרם,,0.00,,false,1,6.40,0.00,true,1,204462
7290005174568,false,סלט חציל במיונז יום,"שטראוס גרופ בע""מ",IL,חציל במיונז 125 גרם,,0.00,,false,1,6.40,0.00,true,1,204463
7290005174575,false,סלט טחינה יום יום 12,"שטראוס גרופ בע""מ",IL,טחינה 125 משובחת,,0.00,,false,1,6.40,0.00,true,1,204464
7290005197758,false,עוגיות חיוכים שוקו 1,אפיפית נצרת (1971) ב,IL,חיוכים שוקו 150 בדצ,,0.00,,false,1,6.90,0.00,true,1,204480
7290005199288,false,מסטיק מאסט פטל לימון,"שטראוס גרופ בע""מ",IL,"מאסט פטל לימון לל""ס 28 גר",,0.00,,false,1,6.00,0.00,true,1,208676
7290005199738,false,מסטיק מאסט פפרמינט ר,"שטראוס גרופ בע""מ",IL,"מאסט מנטה מרעננת לל""ס 28 גר",,0.00,,false,1,6.00,0.00,true,1,204484
7290005200786,false,תפוציפס טעם שמנת ובצ,"שטראוס פריטו ליי בע""",IL,תפו שמנת בצל 50 גר 48 יח - שמיטה,,0.00,,false,1,5.90,0.00,true,1,204486
7290005201882,false,קפה טורקי 200 גרם,שטראוס קפה בי.וי.,IL,עלית טורקי שקית 200ג/1שק'/200גר',,0.00,,false,1,18.90,0.00,true,1,204511
7290005271465,false,ביצים M אורגניות 12,גליקסמן שיווק ביצים,,ביצים M אורגניות 12 יחידות,,0.00,,false,1,20.90,0.00,true,1,213385
7290005271755,false,ביצים L חופש 12 יחיד,גליקסמן שיווק ביצים,,ביצים L חופש 12 יחידות,,0.00,,false,1,17.90,0.00,true,1,215247
7290005271762,false,ביצים חופש M בינוני,גליקסמן שיווק ביצים,,ביצים חופש M בינוני 12 יחידות,,0.00,,false,1,16.90,0.00,true,1,215248
7290005287015,false,טונה סטרקיסט בשמן 16,סטארקיסט פודור,,"טונה סטרקיסט בשמן 160גרם בד""צ",,0.00,,false,1,8.50,0.00,true,1,232113
7290005326585,false,פסטו בזיליקום אוליב,"אוליביה גורמה בע""מ",IL,פסטו בזיליקום אוליביה180גרם,,0.00,,false,1,12.90,0.00,true,1,245971
7290005381027,false,פלסטר און F 100 שקוף,פארמה פלסט,EG,פלסטר און F 100 שקוף,,0.00,,false,1,11.90,0.00,true,1,259166
7290005423055,false,מתז פורטה פלוס 1 ליט,"סנו מפעלי ברונוס בע""",IL,סנו פורטה פלוס נוזל מרוכז XL ניחוח לימון 1 ליטר,,0.00,,false,1,17.90,0.00,true,1,248399
7290005425073,false,מטהר אוויר דואופרש י,"סנו מפעלי ברונוס בע""",IL,דואופרש אפרס,,0.00,,false,1,14.90,0.00,true,1,256415
7290005425202,false,אבק.כביסה מקסימה ביו,"איי, בי, אינבוו",IL,2.5 מקסימה ביו,,0.00,,false,1,33.90,0.00,true,1,206479
7290005425646,false,סנוקליר חלונות 1 ליט,"סנו מפעלי ברונוס בע""",IL,סנוקליר לניקוי והברקה 1 ליטר,,0.00,,false,1,14.90,0.00,true,1,204663
7290005426193,false,ספוג הפלא סנו סושי,סנו מפעלי ברונו בעמ,IL,סנו סושי ספוג הפלא,,0.00,,false,1,15.90,0.00,true,1,206916
7290005426629,false,מטהר אויר דואופרש,סנו,,מ.אויר דואופרש לוטוס ופרחי מים,,0.00,,false,1,16.90,0.00,true,1,256419
7290005426735,false,אבק.כביסה מקסימהBLA,סנו,,"אבק.כביסה מקסימה BLACK ק""ג 1.25",,0.00,,false,1,16.90,0.00,true,1,207462
7290005427107,false,מגבת נייר סנו סושי 6,סנו מפעלי ברונוס בעמ,IL,"סנו סושי 6 מגבות הפלא, 700 גרם",,0.00,,false,1,14.90,0.00,true,1,208111
7290005427978,false,קרמה תרחיץ פנים 180,גוד פוד פרודקטס S.p,IL,קרמה תחליב רחצה לפנים 180 מל,,0.00,,false,1,18.90,0.00,true,1,256642
7290005427985,false,קרמה תרחיץ פנים,גוד פוד פרודקטס S.p,IL,תחליב פנים פילינג קרמה,,0.00,,false,1,19.70,0.00,true,1,256643
7290005428951,false,ממחטות טישיו סופט בק,ישרפייפר,,ממחטות טישיו סופט בקופסא,,0.00,,false,1,10.00,0.00,true,1,256422
7290005430602,false,"מסיר כתמים אוקסיג""ן","סנו מפעלי ברונוס בע""",IL,"מסיר כתמים אוקסיג""ן מרסס 750 מ""ל",,0.00,,false,1,21.90,0.00,true,1,204686
7290005431128,false,בוואריה עדן 75 גרם,עדן קינוחים,IL,בוואריה עדן 75 גרם,,0.00,,false,1,6.90,0.00,true,1,255993
7290005431159,false,תותים בקצפת לייט עד,עדן קינוחים,IL,תותים בקצפת לייט עדן 80 גרם,,0.00,,false,1,7.70,0.00,true,1,258824
7290005431401,false,מעדן בוואריה שוקולד,תנובה,,מעדן בוואריה שוקולד 150 פרווה,,0.00,,false,1,13.90,0.00,true,1,212616
7290005431609,false,מארז זוג טרמיסו 172,יושלם,,מארז זוג טרמיסו 172 גרם,,0.00,,false,1,14.90,0.00,true,1,257153
7290005431883,false,מלבי חלבי 165 גרם,לחמנו,IL,עדן מלבי 165 גרם,,0.00,,false,1,7.70,0.00,true,1,250915
7290005431890,false,בוואריה 95 גרם,לחמנו,IL,עדן בוואריה 95 גרם,,0.00,,false,1,7.70,0.00,true,1,250919
7290005431906,false,קדאיף 82 גרם,לחמנו,IL,עדן קדאיף 82 גרם,,0.00,,false,1,7.70,0.00,true,1,250918
7290005431937,false,טירמיסו 82 גרם,לחמנו,IL,עדן טירמיסו 82 גרם,,0.00,,false,1,7.70,0.00,true,1,250914
7290005431968,false,מלבי שמנת 150גרם,תנובה,IL,מלבי שמנת 150גרם,,0.00,,false,1,8.50,0.00,true,1,252369
7290005431999,false,מלבי חלבי לייט עדן,עדן קינוחים,IL,מלבי חלבי לייט עדן 150 גרם,,0.00,,false,1,7.70,0.00,true,1,254315
7290005559907,false,פיצה משפחתית גבינה מ,"מעדנות בע""מ",IL,פיצה משפחתית גבינה מעדנות 500גרם,,0.00,,false,1,29.90,0.00,true,1,204748
7290005559914,false,פיצה משפחתית זיתים,"מעדנות בע""מ",IL,פיצה משפחתית זיתים 550 גרם,,0.00,,false,1,29.90,0.00,true,1,204749
7290005559990,false,בצק פילאס תורכי 600,"מעדנות בע""מ",IL,בצק פילאס תורכי 600 גרם,,0.00,,false,1,26.90,0.00,true,1,204752
7290005591761,false,דבש פרחי בר בקבוק לח,מכוורת יד מרדכי שטרא,IL,דבש טהור לחיץ 400 גרם,,0.00,,false,1,26.90,0.00,true,1,204757
7290005605895,false,פאנטה אקזוטיק 500 מל,החברה מרכזית לייצור,IL,"פנטה אקזוטי 500 מ""ל",,0.00,,false,1,9.50,0.00,true,1,204774
7290005686153,false,תמר מגהול 400 גרם,"דין שיווק וקליה בע""מ",,תמר מגהול 400 גרם,,0.00,,false,1,14.90,0.00,true,1,257161
7290005838002,false,מעדן דניאלה גבינה ונ,"שטראוס בריאות בע""מ",IL,דניאלה וניל,,0.00,,false,1,4.90,0.00,true,1,204852
7290005839108,false,גבינה במרקם שמנת סימ,"שטראוס בריאות בע""מ",IL,סימפוניה 5% עם זתים,,0.00,,false,1,12.70,0.00,true,1,204857
7290005839313,false,מילקי טופ מגולגלת 14,"שטראוס גרופ בע""מ",IL,מילקי טופ מגולגלת,,0.00,,false,1,5.40,0.00,true,1,204858
7290005854040,false,שלגון אסקימו משמש,יושלם,,שלגון אסקימו משמש,,0.00,,false,1,4.00,0.00,true,1,214633
7290005854606,false,שלגון אסקימו אננס,יושלם,,שלגון אסקימו אננס,,0.00,,false,1,4.00,0.00,true,1,206850
7290005854613,false,תותי פרוטי,יושלם,,תותי פרוטי,,0.00,,false,1,4.90,0.00,true,1,206077
7290005896637,false,מים סן בנדטו בקבוק,אקווה מינרלה סאן בנד,IT,סן בנדטו 1.5 ליטר,,0.00,,false,1,4.90,0.00,true,1,256431
7290006229427,false,מים סן בנדטו שישייה,טמפו,,"מים סן בנדטו שישייה בקבוק 500 מ""ל",,0.00,,false,1,18.90,0.00,true,1,206321
7290006241191,false,אגוזי מלך קליית גת 1,ששון ושות' (ש.ת. תעש,US,אגוז מלך שקית 150 גרם,,0.00,,false,1,19.90,0.00,true,1,214274
7290006241214,false,שקד טבעי 200 גרם,קוד יצרן JG,IL,שקד טבעי שקית 200 גרם,,0.00,,false,1,25.90,0.00,true,1,207359
7290006251275,false,תה ירוק סיני קלאסי 2,ויסוצקי,IL,תה ירוק סיני T.T,,0.00,,false,1,26.90,0.00,true,1,205037
7290006271181,false,גחנון אפוי 750 גרם,"מעדנות בע""מ",IL,"ג""חנון אפוי 750 גרם מעדנות",,0.00,,false,1,29.90,0.00,true,1,205045
7290006272072,false,חטיפי פיצה מעדנות 65,"מעדנות בע""מ",IL,חטיפי פיצה מעדנות 650 גרם,,0.00,,false,1,36.90,0.00,true,1,222397
7290006272430,false,בצק עלים חמאה 600 גר,"מעדנות בע""מ",IL,בצק עלים חמאה 600 גרם,,0.00,,false,1,30.50,0.00,true,1,212216
7290006281210,false,טוסט בייגל,עינת תעשיות,,טוסט בייגל,,0.00,,false,1,17.90,0.00,true,1,212528
7290006342065,false,בוטנים קלויים 200גרם,,,בוטנים קלויים 200גרם,,0.00,,false,1,9.90,0.00,true,1,258660
7290006342072,false,גרעין שחור קלוי 150ג,דין שיווק,IL,גרעין לבן 200גרם,,0.00,,false,1,13.90,0.00,true,1,258674
7290006342447,false,גרעין אבטיח,,,גרעין אבטיח 200גרם,,0.00,,false,1,18.90,0.00,true,1,258661
7290006342553,false,קבוקים200 גר,יושלם,,קבוקים200 גר,,0.00,,false,1,7.90,0.00,true,1,258663
7290006342560,false,בוטן אמריקאי 200גרם,דין שיווק,IL,בוטן אמריקאי 200גרם,,0.00,,false,1,6.90,0.00,true,1,258636
7290006374738,false,קונפיטורה תות 340 גר,"ב.א. מזון בע""מ",IL,קונפיטורת תות 340 גרם,,0.00,,false,1,15.90,0.00,true,1,207382
7290006451170,false,שנייק פיצה מחיר לקג-,"גידרון תעשיות בע""מ",IL,שנייק פיצה מחיר לקג-גידרון,קילוגרמים,1.00,"ק""ג",true,,42.90,0.00,true,1,258722
7290006644510,false,"תפוזינה ענבים 500 מ""","יפאורה תבורי בע""מ",IL,תפוזינה ענבים 0.5 ל',,0.00,,false,1,9.50,0.00,true,1,213479
7290006644527,false,תפוזינה תות בננה 500,"יפאורה תבורי בע""מ",IL,תפוזינה תות בננה 0.5 ל',,0.00,,false,1,9.50,0.00,true,1,206920
7290006681003,false,גלידה סורבה תות לימו,"גלידת שטראוס בע""מ, ר",IL,קרמיסימו קרמיסימו פרווה בטעם תות לימון 1.33 ליטר,,0.00,,false,1,33.90,0.00,true,1,205155
7290006681065,false,שלגון טעמקור XL,"מיוצר ע""י גלידת שטרא",IL,שלגון טעמקור XL,,0.00,,false,1,10.90,0.00,true,1,207383
7290006681553,false,קרמבו וניל מארז 8 יח,"גלידת שטראוס בע""מ",IL,"שטראוס קרמבו 80 מ""ל",,0.00,,false,1,19.90,0.00,true,1,208518
7290006681560,false,קרמבו מוקה מארז 8 יח,"גלידת שטראוס בע""מ",IL,"שטראוס קרמבו 80 מ""ל",,0.00,,false,1,19.90,0.00,true,1,208519
7290006738615,false,קבב זהב זוגלובק 400,זוגלובק,IL,זוגלובק קבב זהב 400 גרם,,0.00,,false,1,22.90,0.00,true,1,212834
7290006739414,false,סלמי קוניאק,זוגלובק,IL,זוגלובק סלמי קוניאק 300 גרם א.מ.,,0.00,,false,1,29.90,0.00,true,1,205173
7290006739421,false,סלמי מעושן איטלקי 30,זוגלובק,IL,זוגלובק סלמי מעושן איטלקי 300 גרם א.מ.,,0.00,,false,1,29.90,0.00,true,1,208457
7290006739445,false,שניצל תירס קלאסי 750,זוגלובק,IL,זוגלובק שניצל תירס קלאסי 750 גר בדצ - ללא מגשית,,0.00,,false,1,29.90,0.00,true,1,214508
7290006742162,false,המבורגר מזרחי זוגלוב,כצט,IL,המבורגר מזרחי זוגלובק 400 גרם,,0.00,,false,1,19.90,0.00,true,1,256720
7290006742179,false,קבב מזרחי זוגלובק 40,כצט,IL,קבב מזרחי זוגלובק 400 גרם,,0.00,,false,1,19.90,0.00,true,1,256721
7290006742292,false,פסטרמה הודו בדבש טהו,זוגלובק,IL,זוגלובק פסטרמה הודו בדבש טהור 330 גר,,0.00,,false,1,32.90,0.00,true,1,215357
7290006742315,false,חזה הודו ברביקיו 330,זוגלובק,IL,זוגלובק פסטרמה הודו ברביקיו 330 גר,,0.00,,false,1,32.90,0.00,true,1,215359
7290006764478,false,בירה שחורה מאלט בקבו,"טמפו משקאות בע""מ",IL,"בירה נשר מאלט, בקבוק זכוכית 330 מל",,0.00,,false,1,8.50,0.00,true,1,207589
7290006788498,false,דאו.תרסיס ורוד מס .5,מיוצר עי : אמיליה קו,IL,"קרליין דיאורדורנט נושם ספריי וורוד PURE200 מ""ל",,0.00,,false,1,16.90,0.00,true,1,207487
7290006805850,false,תערובת להכנת פנקייקס,"ג'נרל מילס ישראל בע""",IL,תערובת קלת הכנה לפנקייק ביתי וטעים 450 גרם,,0.00,,false,1,20.00,0.00,true,1,209091
7290006855015,false,חטיף תמרים בננה ברבר,טבעית מוצרים מן הטבע,IL,חטיף תמרים בננה ברבריא 30גרם,,0.00,,false,1,5.90,0.00,true,1,258267
7290006855046,false,חטיף דגנים קשיו,טבעית מוצרים מן הטבע,,חטיף דגנים ברבריא קשיו וחמוציות27גרם,,0.00,,false,1,5.90,0.00,true,1,229791
7290006983176,false,לחמית עם שיפון,"אסם השקעות בע""מ",IL,לחמית שיפון 10*230גרם,,0.00,,false,1,11.90,0.00,true,1,205269
7290006984647,false,חטיפי פריכונים מלוח,,IL,אסם פריכונים מלוח גלי כלפ.12*80גרם,,0.00,,false,1,9.90,0.00,true,1,208112
7290006991294,false,מעדן יוגורט מוזלי 35,עינת תעשיות מזון,,מעדן יוגורט מוזלי 355 גרם,,0.00,,false,1,18.90,0.00,true,1,210319
7290006992208,false,דייסת דגנים מעורבים,מטרנה תעשיות ש.מ,IL,מטרנה דייסת דגנים פרוביוטיקה 12*200גרם,,0.00,,false,1,15.90,0.00,true,1,260506
7290006992390,false,דייסת וניל מטרנה200,מולינו ניקולי s.p.a,IL,מטרנה דייסת וניל פרוביוטי. כשלפ 12*200ג,,0.00,,false,1,16.90,0.00,true,1,208941
7290008080511,false,"תמר מגהול הטיב 1 ק""ג","גיי אנג גי פקאנס בע""",IL,"תמר מגהול הטיב 1 ק""ג",קילוגרמים,1.00,"ק""ג",true,,25.90,0.00,true,1,257345
7290008166096,false,צימוקים כהים הטיב 40,"גיי אנג גי פקאנס בע""",IL,צימוקים כהים הטיב 400 גרם,,0.00,,false,1,14.90,0.00,true,1,245140
7290008166447,false,גרעיני דלעת קלופים ה,g&g,,גרעיני דלעת קלופים הטיב 200 גרם,,0.00,,false,1,15.90,0.00,true,1,212802
7290008166751,false,חמוציות מיובשות הטיב,"גיי אנג גי פקאנס בע""",IL,חמוציות מיובשות הטיב 200 גרם,,0.00,,false,1,7.90,0.00,true,1,217939
7290008166775,false,בוטן מטוגן 200 גר,"גיי אנג גי פקאנס בע""",IL,בוטן מטוגן 200 גר,,0.00,,false,1,7.90,0.00,true,1,210333
7290008166874,false,אננס מיובש 250 גרם,"גיי אנג גי פקאנס בע""",IL,אננס מיובש בטעמים 200 גרם,,0.00,,false,1,13.20,0.00,true,1,208091
7290008330398,false,דפי מייבש בדין כחול,קלין טסט פרודקטס,US,בדין דפי מרכך ריחניים למייבש הכביסה,,0.00,,false,1,21.90,0.00,true,1,211958
7290008367875,false,בורקס שבלול גבינה-גי,"גידרון תעשיות בע""מ",,בורקס שבלול גבינה-גידרון,,0.00,,false,1,10.90,0.00,true,1,206404
7290008409100,false,אצבעות שניצל ציפוי ש,תנובה גליל שותפות מו,IL,אצבעות שניצל ציפוי שומשום מאמא ע 700 גרם,,0.00,,false,1,39.90,0.00,true,1,209407
7290008409124,false,שניצל גונגל מאמא עוף,תנובה גליל שותפות מו,IL,שניצל גונגל מאמא עוף 700 גרם,,0.00,,false,1,39.90,0.00,true,1,209514
7290008409216,false,שניצל דק דק פריך,תנובה גליל,IL,מאמא עוף שניצל דק פריך 700 גרם,,0.00,,false,1,47.50,0.00,true,1,214627
7290008443630,false,שמפו נקה 7מתולתל,אמיליה קוסמטיקס בע'',IL,נקה 7 שמפו שיער מתולתל צהוב 750,,0.00,,false,1,13.90,0.00,true,1,256464
7290008464024,false,בירה גולדסטאר לא מסו,"טמפו משקאות בע""מ",IL,"בירה גולדסטאר לא מסונן פחית 500 מ""ל",,0.00,,false,1,14.50,0.00,true,1,227368
7290008464109,false,בירה גולדסטאר ל.מסונ,"טמפו משקאות בע""מ",IL,"בירה גולדסטאר ל.מסונן בקבוק 330 מ""ל",,0.00,,false,1,13.50,0.00,true,1,208862
7290008464130,false,בירה גולדסטאר ל.מסונ,טמפו,,בירה גולדסטאר ל.מסונן שישייה בקבוק 330 מ,,0.00,,false,1,49.90,0.00,true,1,224144
7290008464208,false,בירה מכבי 7.9% בקבוק,טמפו משקאות בע''מ,IL,"בירה מכבי 7.9%, בירה חזקה, בקבוק 330 מ''ל",,0.00,,false,1,12.50,0.00,true,1,230364
7290008464222,false,בירה מכבי 7.9% פחית,"טמפו משקאות בע""מ",IL,"בירה מכבי 7.9%, בירה חזקה, פחית 500 מ""ל",,0.00,,false,1,12.50,0.00,true,1,233123
7290008464307,false,פיקסי תפוח למון גראס,טמפו,IL,פיקסי תפוח למון גראס 1.5 ליטר,,0.00,,false,1,10.90,0.00,true,1,245927
7290008464338,false,בירה מכבי בקבוק 330,בירה מכבי,IL,בירה מכבי בקבוק 330 מל לאגר בהירה,,0.00,,false,1,12.50,0.00,true,1,205703
7290008464345,false,בירה גולדסטאר בקבוק,טמפו משקאות בע''מ,IL,"בירה גולדסטאר, בקבוק 330 מ''ל",,0.00,,false,1,13.50,0.00,true,1,205704
7290008464468,false,בירה גולדסטאר פחית 5,"טמפו משקות בע""מ",IL,"בירה גולדסטאר, פחית 500 מ""ל",,0.00,,false,1,13.90,0.00,true,1,205707
7290008464475,false,בירה מכבי פחית 500 מ,"טמפו משקאות בע""מ",IL,"בירה מכבי, פחית 500 מ""ל",,0.00,,false,1,12.50,0.00,true,1,205708
7290008464482,false,פיקסי תות ליים 1.5 ל,טמפו,IL,פיקסי תות ליים 1.5 ליטר,,0.00,,false,1,10.90,0.00,true,1,205709
7290008464505,false,מים מינרלים סן בנדטו,אקווה מינרלה סאן בנד,IT,סן בנדטו 500 מל שישייה,,0.00,,false,1,6.90,0.00,true,1,206154
7290008464604,false,בירה הייניקן פחית 50,טמפו משקאות בע''מ,NL,"בירה היינקן, פחית 500 מ""ל",,0.00,,false,1,15.90,0.00,true,1,205720
7290008464611,false,"מי סודה טמפו 275 מ""ל",טמפו משקאות בעמ,IL,"הסודה של טמפו, מי סודה בגיזוז חזק, 275 מל",,0.00,,false,1,5.50,0.00,true,1,246152
7290008464734,false,בירה גולדסטאר SLOW B,טמפו משקאות בע''מ,IL,בירה גולדסטאר SLOW BREW שישייה בקבוק 330,,0.00,,false,1,49.90,0.00,true,1,205712
7290008464741,false,בירה גולדסטאר שישייה,טמפו,,"בירה גולדסטאר שישייה בקבוק 330 מ""ל",,0.00,,false,1,49.90,0.00,true,1,205713
7290008464796,false,בירה הייניקן שישייה,טמפו,,"בירה הייניקן שישייה בקבוק 330 מ""ל",,0.00,,false,1,59.90,0.00,true,1,205716
7290008464826,false,פיקסי פטל ליצי 275 ב,טמפו,IL,פיקסי פטל ליצי 275 בקבוק,,0.00,,false,1,7.50,0.00,true,1,205719
7290008644112,false,סלט מטבוחה יום יום 1,"שטראוס גרופ בע""מ",IL,סלט מטבוחה יום יום 125 גרם,,0.00,,false,1,6.40,0.00,true,1,205726
7290008645935,false,חומוס אחלה 750 גרם,"שטראוס גרופ בע""מ",IL,חומוס 750 אחלה,,0.00,,false,1,11.90,0.00,true,1,209289
7290008693134,false,מעדן דניאלה גבינה תו,"שטראוס בריאות בע""מ",IL,דניאלה תות,,0.00,,false,1,4.90,0.00,true,1,205758
7290008745239,false,תפוציפס קראנץ,"שטראוס פריטו ליי בע""",IL,תפו קראנצ טבעי 50 גר 48 יח - שמיטה,,0.00,,false,1,5.90,0.00,true,1,205784
7290008747547,false,תפוציפס קראנץ טבעי 2,"שטראוס פריטו ליי בע""",IL,תפו קראנצ טבעי 200 גר 12 יח - שמיטה,,0.00,,false,1,15.50,0.00,true,1,205789
7290008750264,false,מסטיק מאסט דובדבן 28,"שטראוס גרופ בע""מ",IL,מסטיק מאסט דובדבן 28 גרם,,0.00,,false,1,6.00,0.00,true,1,205796
7290008752244,false,תפוציפס קראנץ גריל,"שטראוס פריטו ליי בע""",IL,תפו קראנצ גריל 50 גר 48 יח - שמיטה,,0.00,,false,1,5.90,0.00,true,1,205799
7290008753111,false,תפוציפס קראנץ מקסיקנ,"שטראוס פריטו ליי בע""",IL,תפו קראנצ מקסיקני 50 גר 48 יח- שמיטה,,0.00,,false,1,5.90,0.00,true,1,205801
7290008754415,false,מסטיק מאסט ספירמינט,"שטראוס גרופ בע""מ",IL,מסטיק מאסט ספירמינט עדין 28 גרם,,0.00,,false,1,6.00,0.00,true,1,210386
7290008754422,false,מסטיק מאסט פפרמינט ק,"שטראוס גרופ בע""מ",IL,מסטיק מאסט פפרמינט קלאסי 28 גרם,,0.00,,false,1,6.00,0.00,true,1,210387
7290008757010,false,סודה שוופס ביטר לימו,יפאורה תבורי בעמ,IL,שוופס ביטר למון 250 מל,,0.00,,false,1,8.50,0.00,true,1,213491
7290008757034,false,סודה שוופס בקבוק 250,יפאורה תבורי בעמ,IL,"שוופס סודה 250 מ""ל זכוכית",,0.00,,false,1,6.90,0.00,true,1,205807
7290008775816,false,ערגליות שוקו 300 גרם,"אסם השקעות בע""מ",IL,ערגליות שוקולד 6*300גרם,,0.00,,false,1,13.90,0.00,true,1,205809
7290008801843,false,יין סלקטד קברנה סובנ,"כד בני דרום בע""מ",IL,כרמל סלקטד קברנה סוביניון יין אדום יבש 2017 750 מל,,0.00,,false,1,35.90,0.00,true,1,205821
7290008802291,false,"יין מרלו P.C 750 מ""ל",אגודת הכורמים הקואופ,IL,כרמל פרייבט קולקשן מרלו 2018 יין אדום יבש 750 מל,,0.00,,false,1,45.90,0.00,true,1,205823
7290008806305,false,שלגון פצפצים,"מיוצר ע"" גלידת שטראו",IL,שלגון פצפצים תות בננה עם סוכרי,,0.00,,false,1,8.90,0.00,true,1,205847
7290008849661,false,ממרח עגבניות מיובשות,"אוליביה גרומה בע""מ",IL,ממרח עגבניות מיובשות פקנטי אוליביה,,0.00,,false,1,12.90,0.00,true,1,245969
7290008849845,false,אריסה פקנטית אוליבי,"אוליביה גרומה בע""מ",IL,אריסה פקנטית אוליביה 185גרם,,0.00,,false,1,12.90,0.00,true,1,245970
7290008880112,false,מצת קליפר,Flamagas SA Barcelon,,מצת קליפר,,0.00,,false,1,7.50,0.00,false,1,233002
7290008909761,false,בירה קרלסברג בקבוק,מבשלות בירה בינלאומי,IL,"קרלסברג בק 330 מ""ל פקדון",,0.00,,false,1,14.90,0.00,true,1,202543
7290008909853,false,קוקה קולה זירו,החברה המרכזית לייצור,IL,"קולה ZERO בקבוק 500 מ""ל",,0.00,,false,1,9.50,0.00,true,1,212624
7290008909884,false,קוקה קולה ZERO קלאסי,החברה המרכזית לייצור,IL,"קולה ZERO קלאסי 350 מ""ל",,0.00,,false,1,8.50,0.00,true,1,219299
7290009183436,false,לחמיניה וילי דוג,יושלם,,לחמניה וילי דוג 100 גר,,0.00,,false,1,3.40,0.00,true,1,214758
7290010116980,false,שוקולית שקית,שטראוס קפה בי.וי.,IL,שוקולית 850 גרם - גורם אירוז 9,,0.00,,false,1,28.00,0.00,true,1,207541
7290010117864,false,דוריטוס חריף אש 70 ג,שטראוס פריטו ליי בע,IL,דוריטוס חריף אש 70 גרם,,0.00,,false,1,6.90,0.00,true,1,210763
7290010117970,false,בוטנים אמריקאים סבבה,"שטראוס פריטו ליי בע""",IL,בוטנים אמריקאים סבבה 50 גרם,,0.00,,false,1,3.00,0.00,true,1,213249
7290010133604,false,סיגריה אלקטרונית סמא,shenzhen hot technol,CN,סיגריה אלקטרונית סמארט ענבים אייס 3000 שאיפות,,0.00,,false,1,99.90,0.00,true,1,261435
7290010133611,false,סיגריה אלקטרונית סמא,shenzhen hot technol,CN,סיגריה אלקטרונית סמארט פירות אייס 3000 ש,,0.00,,false,1,99.90,0.00,true,1,261434
7290010192816,false,תמר מגהול ללא גלעין,תימורת הערבה,IL,תמר מגהול ללא גלעין 45 גרם,,0.00,,false,1,5.90,0.00,true,1,259667
7290010237531,false,פפסי קולה בקבוק 500,"טמפו משקאות בע""ם.",IL,פפסי 500 מל בקבוק,,0.00,,false,1,7.90,0.00,true,1,209401
7290010237548,false,פפסי מקס בקבוק 500 מ,טמפו משקאות בעמ,IL,פפסי מקס בקבוק 500 מל,,0.00,,false,1,7.90,0.00,true,1,209402
7290010237562,false,"מירינדה בקבוק 500 מ""","טמפו משקאות בע""מ",IL,מירינדה 500 בקבוק 24 יח',,0.00,,false,1,7.90,0.00,true,1,209403
7290010237579,false,סבן אפ 500,"טמפו משקאות בע""מ",IL,סבן אפ 500 בקבוק,,0.00,,false,1,9.50,0.00,true,1,209404
7290010237685,false,בירה הייניקן בקבוק,טמפו משקאות בע''מ,IL,"בירה היינקן, בקבוק 330 מ''ל",,0.00,,false,1,15.90,0.00,true,1,205717
7290010259830,false,נודלס בסגנון סיני פי,נמצ'או(תאילנד) בעמ,TH,ויליפוד מנת השף נודלס בטעם סיני-פיקנטי 70 גרם,,0.00,,false,1,6.90,0.00,true,1,209870
7290010259847,false,נודלס בטעם תירס מנת,יוליניבר,TH,ויליפוד מנת השף נודלס בטעם תירס 70 גרם,,0.00,,false,1,6.90,0.00,true,1,209871
7290010328253,false,טחינה גולמית אחווה,"אחדות ביח""ר בעמ",IL,אחוה טחינה גולמית 500 גרם בפלסטיק,,0.00,,false,1,15.90,0.00,true,1,218289
7290010429301,false,מעדן תות 100% פרי,אף.סי תבליני בגליל ב,IL,מעדן תות 250 גרם,,0.00,,false,1,17.90,0.00,true,1,209600
7290010464098,false,טוסט בייגל גבינה צהו,לורד סנדויץ,,טוסט בייגל גבינה צהובה 250 גרם,,0.00,,false,1,17.90,0.00,true,1,212482
7290010471669,false,דנונה בר תות קורנפלק,"שטראוס בריאות בע""מ",IL,דנונה קראנצ תות קורנפלקס,,0.00,,false,1,6.20,0.00,true,1,208867
7290010569120,false,שלגון פסק זמן קראנץ,"מיוצר ע""י גלידת שטרא",IL,שטראוס חטיף פסק זמן בטעם נוגט ושוקולד 67 גרם,,0.00,,false,1,12.90,0.00,true,1,208911
7290010609734,false,שלוקים אייס לי 800 מ,הדיל,IL,"שלוקים אייס לי 800 מ""ל",,0.00,,false,1,6.90,0.00,true,1,240991
7290010883356,false,כפפות אלוורה,Z.H.RUBBER,CN,L-סושי כפפות אלוורה,,0.00,,false,1,10.80,0.00,true,1,211099
7290010883363,false,כפפות אלוורה סנו סוש,האי נאם סי או אל.טי.,CN,סושי כפפות אלוורה רב שימושיות - S,,0.00,,false,1,10.80,0.00,true,1,211103
7290010883370,false,כפפות אלוורה בינוני,האי נאם סי או אל.טי.,CN,סושי כפפות אלוורה רב שימושיות - M,,0.00,,false,1,12.90,0.00,true,1,211104
7290011017866,false,קוקה קולה פחית סליק,החברה המרכזית לייצור,IL,"סליק קוקה קולה 330 מ""ל מבצע",,0.00,,false,1,8.50,0.00,true,1,222204
7290011017873,false,קוקה קולה זירו פחית,החברה המרכזית לייצור,IL,"סליק קולה ZERO 330 מ""ל מבצע",,0.00,,false,1,8.50,0.00,true,1,222205
7290011017880,false,קוקה קולה דיאט פחית,החברה המרכזית לייצור,IL,"סליק דק""ק 330 מ""ל מבצע",,0.00,,false,1,8.50,0.00,true,1,222206
7290011018184,false,תה קר FUZE TEA אפרסק,מבשלות בירה בינלאומי,IL,FUZE tea אפרסק 0.5 ליטר,,0.00,,false,1,9.90,0.00,true,1,222129
7290011018214,false,תה קר FUZE TEA מנגו,מבשלות בירה בעמ,IL,פיוזטי מנגו אננס 0.5 ליטר,,0.00,,false,1,9.90,0.00,true,1,222131
7290011018443,false,פאנטה אורנג,החברה המרכזית לייצור,IL,"סליק פאנטה אורנג' 330 מ""ל מבצע",,0.00,,false,1,8.50,0.00,true,1,224126
7290011018474,false,סיידר סומרסבי,"קרלסברג קרואטיה , יב",HR,"סומרסבי סיידר בקבוק 330 מ""ל",,0.00,,false,1,12.90,0.00,true,1,230192
7290011018924,false,קוקה קולה דיאט מארז,החברה המרכזית לייצור,IL,דקק 6 פח FRIDGE Pack מבצע,,0.00,,false,1,33.90,0.00,true,1,224631
7290011051358,false,סודה שוופס לימון 250,יפאורה תבורי בעמ,IL,"שוופס סודה לימון 250 מ""ל זכוכית",,0.00,,false,1,6.90,0.00,true,1,213510
7290011115173,false,סבון נוזלי נקה וניל,טרופיקל דגיל תעשיות,IL,נקה 7 תחליב רחצה וניל ושקד 1 ליטר,,0.00,,false,1,14.80,0.00,true,1,256678
7290011131371,false,מוזלי קרנצי שקדים וא,ויטליאה ניקולה דו,MK,מוזלי פלוס אגוזים ושקדים 1 קג,,0.00,,false,1,29.90,0.00,true,1,210949
7290011132507,false,מים סן בנדטו מוגז עד,אקווה מינרלה סאן בנד,IT,סן בנדטו מוגז 500 מל,,0.00,,false,1,5.90,0.00,true,1,219215
7290011194246,false,קוטג 5% סקי 250 גרם,"שטראוס בריאות בע""מ",IL,קוטג' 5% 250 גרם,,0.00,,false,1,6.20,0.00,true,1,210148
7290011194741,false,משקה יוגורט אקטיביה,מיוצר עי קונדיטוריית,IL,"משקה יוגורט אקטיביה לבן 250 מ""ל",,0.00,,false,1,6.60,0.00,true,1,210722
7290011223243,false,"ג""ל לאסלה בניחוח לבנ",דאופלור,IT,ג'ל נוזלי לאסלה בניחוח לבנדר 55 מל,,0.00,,false,1,11.90,0.00,true,1,210296
7290011249748,false,ופל גלילית שוקולד גי,גילרו,,ופל גלילית שוקולד גילרו 100 גרם,,0.00,,false,1,3.50,0.00,true,1,229012
7290011308094,false,בייגלה 100% חיטה מלא,אתר בייגל - Food,,בייגלה 100% חיטה מלאה - שומשום,,0.00,,false,1,7.80,0.00,true,1,212177
7290011378769,false,מאגדת חלבה בארכה וני,רושדי תעשיות מזון בע,IL,בארכה בקטנה מאגדת וניל כלפ.12 7*18גרם,,0.00,,false,1,13.90,0.00,true,1,222638
7290011435226,false,דבש מפרחי בר לחיץ 65,מכוורת יד מרדכי שטרא,IL,דבש לחיץ 650 גרם,,0.00,,false,1,46.00,0.00,true,1,215003
7290011438142,false,משקה אייס קפה יטבתה,מחלבת יטבתה,IL,"אייס קפה 350 מ""ל",,0.00,,false,1,7.50,0.00,true,1,211380
7290011447267,false,מטרנה פרימיום חלבי1,מטרנה תעשיות ש.מ,IL,מטרנה פרימיום חלבי שלב 1 700,,0.00,,false,1,69.90,0.00,true,1,212576
7290011447281,false,מטרנה פרימיום שלב 2,מטרנה תעשיות ש.מ,IL,מטרנה פרימיום שלב 2 חלבי 700 גרם,,0.00,,false,1,69.90,0.00,true,1,212577
7290011447359,false,מטרנה מהדרין שלב 1,מטרנה תעשיות ש.מ,IL,מטרנה מהדרין שלב 1 חיסכון 12*700גרם,,0.00,,false,1,69.90,0.00,true,1,212643
7290011505516,false,סכינים מהודר עבה במי,F.T.I,,סכינים מהודר עבה במיוחד 50 יחידות,,0.00,,false,1,13.90,0.00,true,1,241907
7290011515911,false,גלידה לייט ריבת חלב,גלידות נסטלה (נגה גל,IL,נסטלה שלג.לייט ריבת חלב בדצ מאח.6 6*52ג,,0.00,,false,1,31.90,0.00,true,1,214042
7290011765392,false,שמפו לילדים בוב ספוג,טרופיקל דגיל תעשיות,IL,בוב ספוג שמפו 750 מ''ל,,0.00,,false,1,13.90,0.00,true,1,211826
7290011870225,false,סוללות פוזיקום 4AAA,פוג'יקום,,סוללות פוזיקום 4AAA,,0.00,,false,1,9.90,0.00,true,1,216952
7290011870249,false,סוללות פוזיקום 12AAA,פוג'יקום,,סוללות פוזיקום 12AAA,,0.00,,false,1,19.90,0.00,true,1,220094
7290011870256,false,מארז 4 פוגיקום AA,פוג'יקום,,מארז 4 פוגיקום AA,,0.00,,false,1,9.90,0.00,true,1,216951
7290011870270,false,סוללות פוזיקום 12AA,פוג'יקום,,סוללות פוזיקום 12AA,,0.00,,false,1,19.90,0.00,true,1,220095
7290011870720,false,סוללות פוזיקום D,פוג'יקום,,סוללות פוזיקום D,,0.00,,false,1,23.90,0.00,true,1,216954
7290011870737,false,סוללות פוזיקום C,פוג'יקום,,סוללות פוזיקום C,,0.00,,false,1,21.90,0.00,true,1,216953
7290011870744,false,סוללות פוזיקום 9V,פוג'יקום,,סוללות פוזיקום 9V,,0.00,,false,1,19.90,0.00,true,1,216955
7290011877101,false,מטהר אוויר סנו מוד מ,סנו מפעלי ברונוס בעמ,IL,סנומוד מאסק בושם לבית 150 מל,,0.00,,false,1,12.90,0.00,true,1,256740
7290011877835,false,אריזות ואקום לאחסון,N.A,,"אריזות ואקום לאחסון 2 יח """,,0.00,,false,1,27.60,0.00,true,1,213087
7290011885175,false,שזיף מגולען 200 גרם,"גיי אנג גי פקאנס בע""",IL,שזיף מגולען 200 גרם,,0.00,,false,1,11.90,0.00,true,1,217919
7290011885182,false,שזיפים מגולענים הטיב,"גיי אנג גי פקאנס בע""",IL,שזיפים מגולענים הטיב 400 גרם,,0.00,,false,1,24.90,0.00,true,1,245142
7290011931162,false,סוכרלייט נוזלי 220גר,ביסקול בע''מ,IL,ממתיק נוזלי על בסיס סוכרלוז,,0.00,,false,1,32.90,0.00,true,1,212432
7290011947279,false,זית ירוק איטלקי זיתא,זיתא – י.ט.ב תעשיות,,זית ירוק איטלקי זיתא 215 גרם,,0.00,,false,1,15.50,0.00,true,1,226699
7290011947309,false,זית ירוק עם לימון כב,זיתא – י.ט.ב תעשיות,IL,זית סורי מבוקע,,0.00,,false,1,14.90,0.00,true,1,226643
7290011947781,false,זית ירוק קלמטה ללא ג,זיתא,IL,זית ירוק קלמטה ללא גלעין מיקס זיתא190גרם,,0.00,,false,1,14.90,0.00,true,1,253508
7290011947798,false,זית קלמטה ללא גלעין,זיתא,IL,זית קלמטה ללא גלעין זיתא 190 גרם,,0.00,,false,1,14.90,0.00,true,1,253507
7290011947804,false,זית ירוק ללא גלעין ז,זיתא,IL,זית ירוק ללא גלעין זיתא 190 גרם,,0.00,,false,1,14.90,0.00,true,1,253506
7290011947934,false,זית ירוק ענק וזית סו,זיתא,IL,זית ירוק ענק וזית סורי מבוקע גדול מאוד,,0.00,,false,1,15.50,0.00,true,1,258825
7290011964344,false,שום גבישי במיכל,תבליני טעם וריח,IL,תבליני טעם וריח מיכל שום גבישי 120 גרם,,0.00,,false,1,10.90,0.00,true,1,212735
7290011964689,false,תבלין על האש מיכל,תבליני טעם וריח,IL,"תבליני טעם וריח תערובת תיבול על האש, 100 גרם",,0.00,,false,1,10.90,0.00,true,1,216756
7290012031151,false,ל.מ בלו מושייןPP חפי,פיליפ מוריס,,ל.מ בלו מושייןPP חפיסה,,0.00,,false,1,26.80,0.00,false,1,249410
7290012116032,false,מרכך פיות,טרופיקל דגיל תעשיות,IL,"כיף מרכך פיות 750 מ""ל",,0.00,,false,1,14.90,0.00,true,1,259280
7290012116537,false,אבקת כביסה מאסק,טרופיקל דגיל תעשיות,IL,"סנו מקסימה בניחוח מאסק, 2.5 קג",,0.00,,false,1,33.90,0.00,true,1,215632
7290012116612,false,מברשות שיניים,Z.H.T plastics China,CN,אורביטול מברשת שיניים 1/4,,0.00,,false,1,13.90,0.00,true,1,218687
7290012117435,false,קרמה גל רחצה אלוורה,טרופיקל דגיל תעשיות,IL,קרמה מן שמפו וג'ל רחצה 2 ב-1 אלוורה 700 מ''ל,,0.00,,false,1,19.70,0.00,true,1,214811
7290012117534,false,מרכך כביסה מרוכז,"איי, בי, אינבוו",IL,מקסימה מרכך כביסה מרוכז (COOL) 1 ליטר,,0.00,,false,1,21.90,0.00,true,1,216463
7290012117572,false,כפפות לטקס M,ווינפאק,TH,כפפות לטקס M סנו סושי,,0.00,,false,1,21.70,0.00,true,1,228814
7290012117589,false,כפפות לטקס L,ווינפאק,TH,כפפות לטקס L סנו סושי,,0.00,,false,1,21.70,0.00,true,1,228815
7290012226021,false,סלמי מעושן פראג זוגל,זוגלובק,IL,זוגלובק סלמי מעושן פראג 400 גרם א.מ.,,0.00,,false,1,23.90,0.00,true,1,216140
7290012226120,false,קבנוס 135 גרם,זוגלובק,IL,זוגלובק קבנוס 135 גרם,,0.00,,false,1,12.90,0.00,true,1,217503
7290012226939,false,"קבנוס עם צ""לי חריף 1",זוגלובק,IL,זוגלובק קבנוס עם צ'ילי חריף 135 גרם,,0.00,,false,1,12.90,0.00,true,1,218557
7290012227325,false,סלמי מעושן איטלקי דק,זוגלובק,IL,זוגלובק סלמי מעושן איטלקי 120 גרם דק דק דק,,0.00,,false,1,15.90,0.00,true,1,243742
7290012227974,false,פסטרמה בדבש דק דק 12,זוגלובק,IL,זוגלובק פסטרמה בדבש 120 גרם דק דק דק,,0.00,,false,1,15.90,0.00,true,1,243744
7290012227981,false,פסטרמה ברביקיו דק דק,זוגלובק,IL,זוגלובק פסטרמה ברביקיו 120 גרם דק דק דק,,0.00,,false,1,15.90,0.00,true,1,243745
7290012227998,false,חזה בקר דק דק 120 גר,זוגלובק,IL,זוגלובק חזה בקר 120 גרם דק דק דק,,0.00,,false,1,15.90,0.00,true,1,243743
7290012228124,false,קבנוס סטיקס,כצט,IL,קבנוסטיקס 50 גרם,,0.00,,false,1,11.90,0.00,true,1,257755
7290012228230,false,פסטרמה חזה עוף דק דק,כצט,IL,פסטרמה חזה עוף דק דק 120 גרם,,0.00,,false,1,15.90,0.00,true,1,257639
7290012228261,false,נקנקיות בוקוורסט הוד,זוגלובק,IL,זוגלובק נקניקיות הודו פרמיום קנקרס ריינהולד'ס,,0.00,,false,1,19.90,0.00,true,1,241009
7290012228704,true,נקניקיות סוסג ספרדית,זוגלובק,IL,נקניקיות סוסג ספרדית חריפה 310גרם - ריי,,0.00,,false,1,18.90,0.00,true,1,247698
7290012228728,false,קבנוסטיקס בטעם מקסיק,כצט,IL,קבנוסטיקס-חטיף קבנוס דק דק בסגנון מקסיקני 50 גרם,,0.00,,false,1,11.90,0.00,true,1,258049
7290012228773,false,נקניקיות צוריסוס המ,זוגלובק,IL,נקניקיות צוריסוס המחבת 360 גרם,,0.00,,false,1,25.90,0.00,true,1,252900
7290012228933,false,נקניקיות מרגז המחבת,זוגלובק,IL,נקניקיות מרגז המחבת 360 גרם,,0.00,,false,1,25.90,0.00,true,1,252902
7290012228971,false,סלמי תה פפרוני זוגלו,זוגלובק,IL,סלמי תה פפרוני זוגלובק 180 גרם,,0.00,,false,1,15.90,0.00,true,1,259172
7290012228988,false,חרמון הודו ועוף בדבש,זוגלובק,IL,חרמון הודו ועוף בדבש זוגלובק 200 גרם,,0.00,,false,1,15.90,0.00,true,1,259173
7290012263415,false,"אגד מתמתח 7 ס""מ",גזיאנג,CN,"אגד מתמתח 7 ס""מ",,0.00,,false,1,9.90,0.00,true,1,253215
7290012263453,false,מד חום גמיש מהיר,גזיאנג,CN,מד חום גמיש מהיר,,0.00,,false,1,21.90,0.00,true,1,253211
7290012309311,false,ערמונים מקולפים,"דין שיווק וקליה בע""מ",,ערמונים מקולפים 105 גרם,,0.00,,false,1,7.90,0.00,true,1,260871
7290012404177,false,שוופס מוגז פירות תפו,יפאורה תבורי בעמ,IL,"שוופס מוגז פירות תפוחים 330 מ""ל זכוכית",,0.00,,false,1,9.90,0.00,true,1,215593
7290012404184,false,שוופס מוגז פירות לימ,יפאורה תבורי בעמ,IL,"שוופס מוגז פירות לימונים 330 מ""ל זכוכית",,0.00,,false,1,9.90,0.00,true,1,215556
7290012576607,false,יין פרמייר קברנה מלב,"ברקן שיווק והפצה בע""",IL,ברקן פרימייר קברנה סובניון אדום 750 מ,,0.00,,false,1,34.90,0.00,true,1,227370
7290012576614,false,יין פרמייר ריזלינג 7,יקבי ברקן שיווק והפצ,IL,"יין פרמייר ריזלינג 750 מ""ל",,0.00,,false,1,34.90,0.00,true,1,227369
7290012588570,false,ווטר בוקס מי מעיין 5,בורסה פזרי,IE,"ווטר בוקס מי מעיין 500 מ""ל",,0.00,,false,1,6.60,0.00,true,1,261806
7290012645303,false,יוגורט עיזים עם תות,פרח,IL,חלב הארץ יוגורט עיזים עם תות 3% שומן 150 גרם,,0.00,,false,1,5.90,0.00,true,1,257336
7290012697081,false,סוכרזית סטיוויה 100,ביסקול בע''מ,IL,סוכרזית סטיוויה 100 שקיות,,0.00,,false,1,32.90,0.00,true,1,220503
7290012759017,false,חטיף אנרגיה מיקס ממה,ממה חטיפי אנרגיה,,חטיף אנרגיה מיקס ממה 50 גרם,,0.00,,false,1,8.50,0.00,true,1,214741
7290012759031,false,חטיף אנרגיה בננה ופק,ממה חטיפי אנרגיה,,חטיף אנרגיה בננה ופקאן ממה אישי 50 גרם,,0.00,,false,1,8.50,0.00,true,1,214893
7290012759215,false,חטיף אנרגיה קינואה ט,ממה חטיפי אנרגיה,,חטיף אנרגיה קינואה טחינה אגוזים ממה 25 ג,,0.00,,false,1,8.50,0.00,true,1,225662
7290012759253,false,טרפלס תמרים וקקאו 28,ממה חטיפי אנרגיה,,טרפלס תמרים וקקאו 280 גרם,,0.00,,false,1,34.90,0.00,true,1,224697
7290012759284,false,חטיף דגנים מלאים בקר,ממה חטיפי אנרגיה,,חטיף דגנים מלאים בקרם אגוזי לוז וקקאו 25,,0.00,,false,1,8.50,0.00,true,1,229278
7290012759444,false,טרפלס חמאת בוטנים 28,ממה חטיפי אנרגיה,,טרפלס חמאת בוטנים 280 גרם,,0.00,,false,1,31.90,0.00,true,1,236007
7290012759468,false,חטיף אנרגיה תמרים ח.,ממה חטיפי אנרגיה,,חטיף אנרגיה תמרים ח.בוטנים ממה 50 גרם,,0.00,,false,1,8.50,0.00,true,1,238382
7290012759529,false,טרפלס טחינה ושקדים 2,ממה חטיפי אנרגיה,,טרפלס טחינה ושקדים 280 גרם,,0.00,,false,1,34.90,0.00,true,1,241779
7290012759666,false,עוגיות בראוניז פקאן,ממה חטיפי אנרגיה,IL,עוגיות בראוניז פקאן ופולי קקאו 240 גרם,,0.00,,false,1,32.90,0.00,true,1,249860
7290012759673,false,עוגיות בראוניז חמאת,ממה חטיפי אנרגיה,IL,עוגיות בראוניז חמאת בוטנים 240 גרם,,0.00,,false,1,32.90,0.00,true,1,249859
7290012759710,false,חטיף בראוניז קוקוס ו,ממה חטיפי אנרגיה,IL,חטיף בראוניז קוקוס ואגוז מלך 50 גרם,,0.00,,false,1,8.90,0.00,true,1,249858
7290012759727,false,חטיף בראוניז פקאן ופ,ממה חטיפי אנרגיה,IL,חטיף בראוניז פקאן ופולי קקאו 50 גרם,,0.00,,false,1,8.90,0.00,true,1,249857
7290012759956,false,מארז חטיף חלבון תמר,ממה,IL,מארז חטיף חלבון תמר פקאן עם חלבון,,0.00,,false,1,10.90,0.00,true,1,253510
7290012823237,false,תחליב רחצה קרמה בריז,קוסמופארם,IL,תחליב רחצה קרמה בריזת ים 700 מל,,0.00,,false,1,18.90,0.00,true,1,258986
7290012823374,false,מטליות לניקוי כללי,מיוצר עי קונדיטוריית,IL,מגבונים אנטי קאלק,,0.00,,false,1,15.90,0.00,true,1,216796
7290012823602,false,נייר טואלט סופט 32 ג,טרופיקל דגיל תעשיות,IL,נייר טואלט סופט 32 גלילים,,0.00,,false,1,35.90,0.00,true,1,218327
7290012921025,false,בירה מלכה בהירה בקבו,בירה מלכה בעמ,IL,בירה מלכה בהירה 6.5% כוהל 330 מל,,0.00,,false,1,17.90,0.00,true,1,220457
7290012921032,false,בירה מלכה אדמונית בק,בירה מלכה בעמ,IL,בירה מלכה אדמונית 5.5% כוהל 330 מל,,0.00,,false,1,17.90,0.00,true,1,220456
7290012938580,false,סנסודיין משחת שיניים,גלקסוסמית'קליין קונס,,סנסודיין משחת שיניים הלבנה עדינה 75 מל,,0.00,,false,1,21.90,0.00,true,1,256941
7290012962974,false,כפית מהודרת עבה במיו,F.T.I,,כפית מהודרת עבה במיוחד 50 יחידות,,0.00,,false,1,10.90,0.00,true,1,241908
7290012975172,false,כוסות שתיה קרה,,IL,כוס לשתייה 100 יחידות,,0.00,,false,1,5.00,0.00,true,1,222545
7290012983160,false,סילאן לחיץ,מנדלז סי.אר. פרודקשן,IL,סילאן 400 גר לחיץ,,0.00,,false,1,16.90,0.00,true,1,257165
7290013038432,false,מים אקווה נובה בקבוק,אקווה נובה,IL,אקווה נובה מים מזוככים,,0.00,,false,1,5.50,0.00,true,1,215893
7290013068361,false,שמן זית אליעד כתית מ,קרלו,IL,שמן זית אליעד כתית מעולה 750 מל,,0.00,,false,1,38.90,0.00,true,1,249984
7290013068699,false,שמן זית כתית מעולה ע,קרלו,IL,"שמן זית כתית מעולה עשיר אליעד 750מ""ל",,0.00,,false,1,38.90,0.00,true,1,251923
7290013068705,false,שמן זית כתית מעולה ק,קרלו,IL,שמן זית כתית מעולה קטיפתי אליעד750 מל,,0.00,,false,1,38.90,0.00,true,1,251922
7290013083661,false,אקסטרה קייר שלב 1,מטרנה תעשיות ש.מ,IL,מטרנה אקסטרה קייר שלב 1 חיסכון,,0.00,,false,1,69.90,0.00,true,1,217279
7290013083678,false,מטרנה אקסטרה קייר של,מטרנה תעשיות ש.מ,IL,מטרנה אקסטרה קייר שלב 2 700 גרם,,0.00,,false,1,69.90,0.00,true,1,217280
7290013117229,false,בורקס פילו במילוי תפ,"מעדנות בע""מ",IL,"בורקס פילו במילוי תפו""א 600 גרם",,0.00,,false,1,23.90,0.00,true,1,215895
7290013117526,false,בצק שמרים למאפים,"מעדנות בע""מ",IL,בצק שמרים למאפים מתוקים 900 גר,,0.00,,false,1,26.90,0.00,true,1,219054
7290013153371,false,מיץ סחוט תפוז אדום 4,גת,IL,"סחוט תפוז אדום 400 מ""ל",,0.00,,false,1,11.50,0.00,true,1,236156
7290013153432,false,מיץ סחוט לימונענע 40,היינץ צפון אמריקה מק,IL,"סחוט לימונענע 400 מ""ל",,0.00,,false,1,12.50,0.00,true,1,236395
7290013153609,false,מיץ הדרים מתקתק 100%,פארייפאבה אגרואינדוס,IL,100% מיץ הדרים מתקתקים 1 ליטר,,0.00,,false,1,17.90,0.00,true,1,251564
7290013153616,false,סחוט ENERGIZE רימון,גת,IL,סחוט ENERGIZE רימון וסלק 400,,0.00,,false,1,12.50,0.00,true,1,249589
7290013268020,false,מרכך כביסה מקסימה מר,"סנו מפעלי ברונוס בע""",IL,מקסימה מרכך כביסה מרוכז אולטרא פרש 1 ליטר,,0.00,,false,1,21.90,0.00,true,1,216508
7290013268563,false,קרמה מן דאודורנט ספר,מיוצר עי אמיליה קוסמ,IL,קרמה מן דאודורנט ספריי ללא אלומיניום קול 200 מל,,0.00,,false,1,16.90,0.00,true,1,220507
7290013268990,false,מרכך כביסה ביו מרוכז,"איי, בי, אינבוו",IL,מרכך מרוכז ביו 1ליטר 40 כביסות,,0.00,,false,1,21.90,0.00,true,1,218568
7290013269638,true,ספוג הפלא אקסטרא,סנו מפעלי ברונו בעמ,US,סנו סושי - ספוג הפלא EXTRA,,0.00,,false,1,13.80,0.00,true,1,233191
7290013269645,false,ריצפז מטליות לחות לר,סנו מפעלי ברונוס בעמ,IL,מטליות רצפז מאסק,,0.00,,false,1,16.90,0.00,true,1,225467
7290013269690,false,"ג""ל לאסלה",Nicolas polandמשווק,PL,ג'ל אסלה סנו,,0.00,,false,1,10.90,0.00,true,1,221763
7290013269751,false,מטליות לחות לרצפה בנ,"סנו, ח.צ 520032988",IL,"סנו רצפז, מטליות לחות לניקוי הרצפה.",,0.00,,false,1,16.90,0.00,true,1,247606
7290013269850,false,נייר אפיה אקלוגי סנו,סנו סושי,IL,סושי אפיה אק - עשוי מהצומח,,0.00,,false,1,16.70,0.00,true,1,219699
7290013284167,false,מלפפונים במלח 18-25,פרי ניר,,מלפפונים במלח 18-25 פריניר 560 ג,,0.00,,false,1,7.90,0.00,true,1,230795
7290013310101,false,שיפודי במבוק גמבו 50,הדקלאים אגודת שיתופי,CN,שיפודי במבוק ג'מבו 50 יחידות,,0.00,,false,1,5.90,0.00,true,1,224151
7290013310163,false,מדליק פחם מוצק,הדקלאים אגודת שיתופי,DE,מדליק פחם מוצק,,0.00,,false,1,8.90,0.00,true,1,221531
7290013358578,false,אטריות אורז רחבות מא,ליינג טונג רייס פלוו,TH,מאסטר שף אטריות אורז רחבות 400 גרם,,0.00,,false,1,9.80,0.00,true,1,233458
7290013585233,false,ספרייט זירו פחית סלי,קוקה קולה,IL,"גזוז בטעם לימון ליים דל קלוריות 330 מ""ל",,0.00,,false,1,8.50,0.00,true,1,233052
7290013585257,false,ספרייט זירו בקבוק 50,החברה המרכזית לייצור,IL,"ZERO ספרייט 500 מ""ל",,0.00,,false,1,9.50,0.00,true,1,233050
7290013585387,false,קוקה קולה זירו בקבוק,החברה המרכזית לייצור,IL,ZERO תריסר 1 ליטר,,0.00,,false,1,12.50,0.00,true,1,232675
7290013585394,false,קוקה קולה 1 ליטר,החברה המרכזית לייצור,IL,קוקה קולה 1 ליטר תריסר,,0.00,,false,1,12.50,0.00,true,1,232674
7290013585677,false,EXTRA משקל פריגת מנג,מבשלות בירה בינלאומי,IL,"EXTRA משקל פריגת מנגו 420 מ""ל",,0.00,,false,1,10.90,0.00,true,1,241378
7290013608260,false,מיץ רימונים פרימור ס,גניר,IL,7290068700001,,0.00,,false,1,28.50,0.00,true,1,229136
7290013702388,false,מים שוופס בטעם תפוח,יפאורה תבורי בעמ,IL,שוופס Water תפוח 0.5 ל',,0.00,,false,1,9.50,0.00,true,1,240622
7290013702425,false,שוופס מוגז עדין פירו,יפאורה תבורי בעמ,IL,"שוופס מוגז עדין פירות יער 330 מ""ל זכוכית",,0.00,,false,1,9.90,0.00,true,1,240619
7290013726001,false,כריך טונה 230 גרם,לורד סנדויץ,,כריך טונה 230 גרם,,0.00,,false,1,18.20,0.00,true,1,239147
7290013726025,false,כריך גבינה צהובה 210,לורד סנדויץ,,כריך גבינה צהובה 210 גרם,,0.00,,false,1,18.90,0.00,true,1,239146
7290013726100,false,כריך טוניסאי 250 גרם,לורד סנדויץ,,כריך טוניסאי 250 גרם,,0.00,,false,1,19.90,0.00,true,1,239148
7290013726124,false,כריך שניצל 280 גרם,לורד סנדויץ,,כריך שניצל 280 גרם,,0.00,,false,1,19.90,0.00,true,1,239150
7290013847386,true,טונה סטרקיסט ליי,"סטארקיסט פודור בע""מ",TH,140 גרם טונה 4% טבעי לייט,,0.00,,false,1,8.50,0.00,true,1,247402
7290013847393,true,לייט טונה סטריקיסט,"סטארקיסט פודור בע""מ",TH,140 גרם טונה 4% עשבי תיבול לייט,,0.00,,false,1,8.50,0.00,true,1,247403
7290013847409,true,טונה סטרקיסט לייט 4%,"סטארקיסט פודור בע""מ",TH,טונה סטרקיסט לייט 4% שומן עם לימון,,0.00,,false,1,8.50,0.00,true,1,247404
7290013848789,false,אלסבון מוצק דבש,"גליל כימיקלים בע""מ",IL,כיף רביעיית סבון מוצק דבש (4*100 גר),,0.00,,false,1,12.90,0.00,true,1,222156
7290013906052,false,נקניקיות פרגיות 300,הנסיך- מפעל לייצור ט,IL,נקניקיות פרגיות 300 גרם,,0.00,,false,1,15.90,0.00,true,1,221513
7290013906441,false,קבנוס 120 גרם,הנסיך- מפעל לייצור ט,IL,קבנוס נקניק מעושן יבש 120 גרם,,0.00,,false,1,13.90,0.00,true,1,225972
7290013906458,false,קבנוס בטעם פיקנטי 12,הנסיך- מפעל לייצור ט,IL,טירת צבי קבנוס פיקנטי נקניק מעושן יבש 120 גרם,,0.00,,false,1,13.90,0.00,true,1,225973
7290013906489,false,חטיפי מיני קבנוס 120,הנסיך- מפעל לייצור ט,IL,טירת צבי חטיפי מיני קבנוס 120 גרם,,0.00,,false,1,13.90,0.00,true,1,225975
7290013906519,false,פרושוטו בקר 100 גרם,הנסיך- מפעל לייצור ט,IL,פרושוטו בקר 100 גרם,,0.00,,false,1,29.90,0.00,true,1,230450
7290013971203,false,מכונת תספורת BLIZZAR,פוג'יקום,,מכונת תספורת BLIZZARD,,0.00,,false,1,139.90,0.00,true,1,226840
7290013971555,false,מארז פוגיקום 8+4,פוג'יקום,,מארז פוגיקום 8+4,,0.00,,false,1,19.90,0.00,true,1,226803
7290014079014,false,חסה לבבות קיסר,אליהו חדד,IL,חסה לבבות קיסר,,0.00,,false,1,12.90,0.00,true,1,219921
7290014094642,false,קשיו טבעי בקופסא 25,"דין שיווק וקליה בע""מ",,קשיו טבעי בקופסא 250 גרם,,0.00,,false,1,27.90,0.00,true,1,258814
7290014094864,false,פיסטוק קלוי 170גרם,דין שיווק,IL,פיסטוק קלוי 170גרם,,0.00,,false,1,22.90,0.00,true,1,258637
7290014094895,true,אגוזים קלופים 150 גר,דין שיווק,IL,אגוזים קלופים 150 גרם,,0.00,,false,1,15.90,0.00,true,1,258667
7290014217140,false,ראס אל חנות מיכל100,תות ממתקי איכות,IL,תבליני טעם וריח ראס אל חנות 100 גרם,,0.00,,false,1,10.90,0.00,true,1,231285
7290014217171,false,גריל דג מיכל 100 גר,תות ממתקי איכות,IL,תבליני טעם וריח תערובת תיבול גריל דג 100 גרם,,0.00,,false,1,10.90,0.00,true,1,231288
7290014217225,false,תערובת תיבול גריל עו,תבליני טעם וריח,IL,"תבליני טעם וריח, תערובת תיבול גריל עוף, 120 גרם",,0.00,,false,1,10.90,0.00,true,1,228768
7290014217263,false,תערובת תיבול לפרגיות,תות ממתקי איכות,IL,"תבליני טעם וריח תערובת תיבול לפרגיות, 100 גרם",,0.00,,false,1,10.90,0.00,true,1,237443
7290014217348,false,צילי כתוש במיכל,תבליני טעם וריח,IL,תבליני טעם וריח צ'ילי גרוס חריף 70 גרם,,0.00,,false,1,10.90,0.00,true,1,228945
7290014217355,false,אבקת קרי,תבליני טעם וריח,IL,"תבליני טעם וריח, אבקת קארי, 100 גרם",,0.00,,false,1,10.90,0.00,true,1,228946
7290014218932,false,חטיפי פיצה בתוספת זי,"מעדנות בע""מ",IL,חטיפי פיצה בתוספת זיתים בשקית 710 גרם,,0.00,,false,1,34.90,0.00,true,1,248942
7290014241589,false,מיקס אגוזים טבעי וחמ,דין שיווק,,מיקס אגוזים טבעי וחמוציות הטיב 150 גרם,,0.00,,false,1,17.90,0.00,true,1,235119
7290014241619,false,קראנצי ישראלי 200 גר,דין שיווק,,קראנצי ישראלי 200 גרם,,0.00,,false,1,8.90,0.00,true,1,235120
7290014241763,false,קשיו טבעי הטיב 200 ג,דין שיווק,,קשיו טבעי הטיב 200 גרם,,0.00,,false,1,17.90,0.00,true,1,234876
7290014241787,false,חמניה קלוי ללא מלח 2,,,חמניה קלוי ללא מלח 200 גר,,0.00,,false,1,6.90,0.00,true,1,234746
7290014256620,false,יין BUZZ קריניאנו 75,"כד בני דרום בע""מ",IL,"יין BUZZ קריניאנו 750 מ""ל",,0.00,,false,1,35.90,0.00,true,1,230920
7290014256637,false,יין BUZZ מוסקטו 750,"כד בני דרום בע""מ",IL,"יין BUZZ מוסקטו 750 מ""ל",,0.00,,false,1,35.90,0.00,true,1,230921
7290014356245,false,שמן קנולה מזוכך שדות,ERITH EDIBLE OIL,,שמן קנולה מזוכך שדות 1 ליטר,,0.00,,false,1,8.90,0.00,true,1,238296
7290014369252,false,שלגון MOJO מנגו בצ.ק,פיקסל,IL,שלגון MOJO מנגו בצ.קוקוס67 גרם,,0.00,,false,1,10.90,0.00,true,1,255418
7290014369269,false,שלגון MOJO קוקוס אננ,פיקסל,IL,שלגון MOJO קוקוס אננס 69 גרם,,0.00,,false,1,10.90,0.00,true,1,255419
7290014369283,false,שלגון MOJO סורבה דוב,פיקסל,IL,שלגון MOJO סורבה דובדבן 70 גרם,,0.00,,false,1,10.90,0.00,true,1,255417
7290014369306,false,שלגון MOJO תות שדה ט,איתלק,IL,שלגון MOJO תות שדה טבעי 70 גרם,,0.00,,false,1,10.90,0.00,true,1,249013
7290014369313,false,שלגון MOJO לימון טבע,איתלק,IL,שלגון MOJO לימון טבעי 70 גרם,,0.00,,false,1,10.90,0.00,true,1,249014
7290014369320,false,שלגון MOJO סורבה קוק,איתלק,IL,שלגון MOJO סורבה קוקוס טבעי 70 גרם,,0.00,,false,1,10.90,0.00,true,1,249015
7290014369337,false,שלגון MOJO מנגו טרופ,איתלק,IL,שלגון MOJO מנגו טרופי טבעי 70 גרם,,0.00,,false,1,10.90,0.00,true,1,249016
7290014369344,false,שלגון MOJO פירות יער,איתלק,IL,שלגון MOJO פירות יער ותפוז70 גרם,,0.00,,false,1,10.90,0.00,true,1,249017
7290014369351,false,מנגו אננס ופסיפלורה,איתלק,IL,מנגו אננס ופסיפלורה טבעיים 70 גרם,,0.00,,false,1,10.90,0.00,true,1,249018
7290014369382,false,שלגון MOJO פיסטוק מו,איתלק,IL,שלגון MOJO פיסטוק מובחר טבעי 70 גרם,,0.00,,false,1,10.90,0.00,true,1,249020
7290014369399,false,שלגון MOJO חלבה מובח,איתלק,IL,שלגון MOJO חלבה מובחרת 70 גרם,,0.00,,false,1,10.90,0.00,true,1,249021
7290014369412,false,שלגון MOJO שוקולד בל,איתלק,IL,שלגון MOJO שוקולד בלגי 70 גרם,,0.00,,false,1,10.90,0.00,true,1,249023
7290014369429,false,שלגון MOJO קפה ברזיל,איתלק,IL,שלגון MOJO קפה ברזילאי 70 גרם,,0.00,,false,1,10.90,0.00,true,1,249024
7290014369436,false,שלגון MOJO חמאת בוטנ,איתלק,IL,שלגון MOJO חמאת בוטנים טבעית 70 גרם,,0.00,,false,1,10.90,0.00,true,1,249025
7290014369450,false,קוקוס ואננס טבעיים,,,קוקוס ואננס טבעיים,,0.00,,false,1,10.90,0.00,true,1,250403
7290014369467,false,שלגון MOJO מלון טבע,איתלק,IL,שלגון MOJO מלון טבעי70 גרם,,0.00,,false,1,10.90,0.00,true,1,251639
7290014369474,false,שלגון MOJO תות ובננה,איתלק,IL,שלגון MOJO תות ובננה טבעיים 70 גרם,,0.00,,false,1,10.90,0.00,true,1,251638
7290014369481,false,שלגון קרם תות בציפוי,איתלק,IL,שלגון קרם תות בציפוי שוקולד מריר,,0.00,,false,1,10.90,0.00,true,1,252145
7290014369498,false,שלגון יוגורט ופטל טב,איתלק,IL,שלגון יוגורט ופטל טבעי בציפוי שוקולד מריר,,0.00,,false,1,10.90,0.00,true,1,252143
7290014369504,false,גלידה קוקוס בציפוי ש,פיקסל,,שלגון קוקוס בציפוי שוקולד מריר,,0.00,,false,1,10.90,0.00,true,1,252100
7290014369511,false,שלגון יוגורט סילאן ט,איתלק,IL,שלגון יוגורט סילאן טבעי ציפוי שוקו.מריר,,0.00,,false,1,10.90,0.00,true,1,252144
7290014369528,false,שלגון MOJO אגוז לוז,איתלק,IL,שלגון MOJO אגוז לוז בציפוי 70 גרם,,0.00,,false,1,10.90,0.00,true,1,251640
7290014369795,false,שלגון אננס עם חתיכות,גלידת אילו,IL,שלגון אננס עם חתיכות תות 71גרם,,0.00,,false,1,10.90,0.00,true,1,260236
7290014369801,false,שלגון קרם קוקוס עם ח,גלידת אילו,IL,שלגון קרם קוקוס עם חתיכות אוכמניות 71 גרם,,0.00,,false,1,10.90,0.00,true,1,260237
7290014369818,false,שלגון מסקרפונה עם חת,גלידת אילו,IL,שלגון מסקרפונה עם חתיכות אפרסק 71גרם,,0.00,,false,1,10.90,0.00,true,1,260234
7290014369825,false,שלגון תות עם חתיכות,גלידת אילו,IL,שלגון תות עם חתיכות ליצי 71גרם,,0.00,,false,1,10.90,0.00,true,1,260238
7290014369832,false,שלגון מקיאטו 71גרם,גלידת אילו,IL,שלגון מקיאטו 71גרם,,0.00,,false,1,10.90,0.00,true,1,260235
7290014397767,false,נוזל רצפות ריצפז הום,"איי, בי, אינבוו",IL,ריצפז פרש הום כותנה מלטפת 2 ליטר,,0.00,,false,1,23.90,0.00,true,1,225700
7290014397835,false,סמארט מכשיר+מילוי45,ZOBELE,IT,סמארט מכשיר+מילוי 45 לילות,,0.00,,false,1,39.90,0.00,true,1,232022
7290014397996,false,סנובון JAVEL WAVE,swrzedz dramers,PL,"סנו, סבון אסלה ז'אוול WAVE, בתוספת אקונומיקה",,0.00,,false,1,10.90,0.00,true,1,238158
7290014472136,false,גרעין שחור קלוי 150ג,דין שיווק,IL,גרעין שחור קלוי 150גרם,,0.00,,false,1,7.90,0.00,true,1,258741
7290014503137,false,יין דלתון כנען אדום,"איי, בי, אינבוו",IL,"יין דלתון כנען אדום 750 מ""ל",,0.00,,false,1,49.90,0.00,true,1,239618
7290014503144,false,יין דלתון כנען לבן 7,"איי, בי, אינבוו",IL,"יין דלתון כנען לבן 750 מ""ל",,0.00,,false,1,49.90,0.00,true,1,239619
7290014581036,false,פחמים,,,"פחם להבה 2 ק""ג",,0.00,,false,1,16.90,0.00,true,1,233727
7290014581319,false,מנגל פח + רשת,,,מנגל פח + רשת,,0.00,,false,1,29.90,0.00,true,1,251869
7290014603028,false,שלגון סולרו וניל ציפ,"מיוצר ע""י גלידת שטרא",IL,שלגון סולרו וניל ציפוי תות,,0.00,,false,1,12.90,0.00,true,1,223602
7290014651807,false,בוטן אמריקאי 200 גר,,,בוטן אמריקאי,,0.00,,false,1,14.90,0.00,true,1,236488
7290014651920,false,קבוקים שומשום 200 גר,,,קבוקים שומשום 200 גר,,0.00,,false,1,5.90,0.00,true,1,236113
7290014651937,false,שקדים מולבנים שלמים,"גיי אנג גי פקאנס בע""",IL,שקדים מולבנים שלמים 100 גר,,0.00,,false,1,8.90,0.00,true,1,257358
7290014651968,false,אגוזי פקאן קלויים ומ,"גיי אנג גי פקאנס בע""",IL,אגוזי פקאן קלויים ומלוחים 150גר,,0.00,,false,1,20.90,0.00,true,1,236226
7290014692565,false,גרעיני תירס מתוק ויל,אקו קונסרויפרי קי.אפ,HU,ויליפוד גרעיני תירס מתוק 320 גרם,,0.00,,false,1,6.50,0.00,true,1,235135
7290014725294,false,סוכרלוז מותר לשבת,ביסקול בע''מ,IL,סוכרזית סוכרלוז 100 שקיות,,0.00,,false,1,22.90,0.00,true,1,230362
7290014738652,false,"ערק ערנבים 700 מ""ל",אליס בראנפמן,IL,"ערק ערנבים 700 מ""ל",,0.00,,false,1,79.90,0.00,true,1,260725
7290014758308,false,יוגורט עיזים 150 גרם,תות תעשיות מזון (201,IL,יוגורט עיזים 150 גרם,,0.00,,false,1,6.30,0.00,true,1,224076
7290014758681,false,קוטג 1% תנובה 250 גר,מחלבת אלון תבור,IL,קוטג 1% תנובה 250 גרם,,0.00,,false,1,5.80,0.00,true,1,223742
7290014759244,false,באדי תות,תנובה,,"באדי תות 500 מ""ל זוג",,0.00,,false,1,15.40,0.00,true,1,224701
7290014759985,false,פרמזן פלח 200 גר,תנובה,IL,פרמזן פלח 200 גרם קולקשיין,,0.00,,false,1,27.90,0.00,true,1,226936
7290014760141,true,משקה שקדים טרי 1 ליט,סוי מג'יק,IL,משקה שקדים טרי 1 ליטר,,0.00,,false,1,13.90,0.00,true,1,233553
7290014760837,false,יוגורט יופלה דיאט פר,מיוצר עי קונדיטוריית,IL,יוגורט יופלה דיאט פרי תות בתחתית 150 גרם,,0.00,,false,1,5.10,0.00,true,1,257286
7290014761056,false,YOLO מעדן שוקולד חלב,מחלבת אלון תבור,IL,YOLO מעדן שוקולד חלב מעולה 123 גרם,,0.00,,false,1,5.20,0.00,true,1,231037
7290014761063,false,YOLO מעדן שוקולד מרי,מחלבת אלון תבור,IL,YOLO מעדן שוקולד מריר מעולה 123 גרם,,0.00,,false,1,5.20,0.00,true,1,231038
7290014761070,false,YOLO מעדן שוקולד לבן,מחלבת אלון תבור,IL,YOLO מעדן שוקולד לבן מעולה 123 גרם,,0.00,,false,1,5.20,0.00,true,1,231039
7290014761193,true,יוגורט פירות יער,מחלבת אלון תבור,IL,פרילי פירות יער,,0.00,,false,1,3.90,0.00,true,1,233163
7290014761414,false,YOLO מעדן שכבות שוקו,מחלבת אלון תבור,IL,YOLO מעדן שכבות שוקולד חלב ולבן 122 גרם,,0.00,,false,1,5.20,0.00,true,1,231041
7290014761612,false,YOLO מעדן שכבות שוקו,מחלבת אלון תבור,IL,YOLO מעדן שכבות שוקולד מריר 123 גרם,,0.00,,false,1,5.20,0.00,true,1,232583
7290014761636,false,יופלה און טופ פצפוצי,תנובה,,"יופלה און טופ פצפוצים כוכבים מאגדת כשל""פ",,0.00,,false,1,16.40,0.00,true,1,257229
7290014761704,false,יוגורט לבן בתוספת,תנובה,,יופלה לבן בתוספת עוגיות קפה,,0.00,,false,1,5.70,0.00,true,1,257240
7290014762121,false,מעדן שוקולד חלב,תנובה,,YOLOמעדן שוקולד חלב בנגיעות,,0.00,,false,1,4.30,0.00,true,1,233497
7290014762282,false,יוגורט יופלה 0% אוכמ,מיוצר עי קונדיטוריית,IL,דיאט יופלה 0% עם אוכמניות בתחתית,,0.00,,false,1,5.10,0.00,true,1,257372
7290014762633,false,גבינה צהובה פרוסה עמ,תנובה,,גבינה צהובה פרוסה עמק 28% בצורת פיל,,0.00,,false,1,15.90,0.00,true,1,257359
7290014762756,false,גבינת שמנת נפוליאון,הרדוף חלב,IL,גבינת שמנת נפוליאון בצל 200 גרם,,0.00,,false,1,15.90,0.00,true,1,236780
7290014762831,false,גבינת נפוליאון 24% ח,הרדוף חלב,IL,גבינת נפוליאון 24% חלפיניו 225 גרם,,0.00,,false,1,15.90,0.00,true,1,237839
7290014762886,false,יופלה 4% יוגורט עוגת,תנובה,,יוגורט יופלה קרם יוגורט 5% בטעם ע.גבינה,,0.00,,false,1,5.10,0.00,true,1,257371
7290014762909,false,פתיתי מוצרלה 10% תוס,"תנובה, מחלבת תל יוסף",IL,פתיתי מוצרלה 10% תוספת השף הלבן,,0.00,,false,1,18.90,0.00,true,1,237549
7290014763272,false,משקה סויה ביו עם תות,סוי מג'יק,IL,"משקה סויה ביו עם תות ובננה 250 מ""ל",,0.00,,false,1,7.00,0.00,true,1,237941
7290014763289,false,משקה סויה ביו עם תפו,סוי מג'יק,IL,"משקה סויה ביו עם תפוח ופטל 250 מ""ל",,0.00,,false,1,6.90,0.00,true,1,237942
7290014763319,false,גבינת קרם שמנת 5% עי,תנובה,IL,קרם גבינת שמנת 5% עם בצל ועירית 200 גרם,,0.00,,false,1,12.20,0.00,true,1,238910
7290014763401,false,משקה סויה ביו עם אפר,סוי מג'יק,IL,"משקה סויה ביו עם אפרסק 250 מ""ל",,0.00,,false,1,6.90,0.00,true,1,237943
7290014763678,false,משקה GO בטעם וניל 25,פארייפאבה אגרואינדוס,IL,תנובה GO משקה חלב בטעם וניל 2% שומן 250 מל,,0.00,,false,1,7.50,0.00,true,1,239606
7290014763685,false,משקה GO בטעם קפה 250,תנובה,,"משקה GO בטעם קפה 250 מ""ל",,0.00,,false,1,6.50,0.00,true,1,239607
7290014763883,false,גבינה למאפים 9% השף,תנובה,IL,גבינה למאפים 9% השף הלבן 500 גרם,,0.00,,false,1,20.90,0.00,true,1,241243
7290014763890,false,חלב לקפה בטעם אגוזי,תנובה,IL,תנובה משקה חלב בטעם אגוזי לוז 1% 800 מל,,0.00,,false,1,7.90,0.00,true,1,242624
7290014763951,false,בלילה להכנת עוגת גבי,תנובה,IL,בלילה להכנת עוגת גבינה השף הלבן 850 גרם,,0.00,,false,1,19.90,0.00,true,1,257509
7290014791572,false,שוופס מוגז פירות ענב,יפאורה תבורי בעמ,IL,"שוופס מוגז פירות ענבים 330 מ""ל זכוכית",,0.00,,false,1,9.90,0.00,true,1,240620
7290014791626,false,סודה שוופס נענע ליים,יפאורה תבורי בעמ,IL,"שוופס סודה נענע ליים 250 מ""ל זכוכית",,0.00,,false,1,6.90,0.00,true,1,240736
7290014791664,false,מים מינרליים שישיה 6,מופק ממקור בזלתי עדן,IL,שישיית מים 0.5 ליטר,,0.00,,false,6,15.90,0.00,true,1,260382
7290014791848,false,משקה פרוט ווטר אננס,יפאורה תבורי בעמ,IL,Fruit Water אננס 0.5 ל',,0.00,,false,1,8.90,0.00,true,1,240625
7290014791879,false,משקה פרוט ווטר אבטיח,יפאורה תבורי בעמ,IL,Fruit Water אבטיח 0.5 ל',,0.00,,false,1,8.90,0.00,true,1,240783
7290014791897,false,משקה פרוט ווטר אבטיח,"יפאורה תבורי בע""מ",,"משקה פרוט ווטר אבטיח 500 מ""ל",,0.00,,false,1,7.90,0.00,true,1,240626
7290014821057,false,כבל AUX - אלומניום,,,כבל AUX - אלומניום,,0.00,,false,1,29.90,0.00,true,1,250599
7290014821064,false,כבל גלקסי 2 מטר,,,כבל גלקסי 2 מטר,,0.00,,false,1,29.90,0.00,true,1,250637
7290014821088,false,כבל אייפון מאושר אפל,,,כבל אייפון מאושר אפל 2.1,,0.00,,false,1,49.90,0.00,true,1,250598
7290014821095,false,מטען רכב אייפון מאוש,,,מטען רכב אייפון מאושר אפל 2.1,,0.00,,false,1,79.90,0.00,true,1,250628
7290014821101,false,מעמד אופנתי לסלולר ל,,,מעמד אופנתי לסלולר לבן,,0.00,,false,1,99.90,0.00,true,1,250632
7290014821347,false,אוזניות PURE-METAL,,,אוזניות PURE-METAL,,0.00,,false,1,49.90,0.00,true,1,250625
7290014821507,false,מטען קיר אייפון מאוש,,,מטען קיר אייפון מאושר אפל 2.1,,0.00,,false,1,79.90,0.00,true,1,250629
7290014821569,false,כבל אייפון 2 מטר,,,כבל אייפון 2 מטר,,0.00,,false,1,39.90,0.00,true,1,250621
7290014961258,false,כריך דאבל פסטרמה ובק,לורד סנדויץ,,כריך דאבל פסטרמה ובקר 250 גרם,,0.00,,false,1,17.90,0.00,true,1,239149
7290014961265,false,כריך ביצה קשה 210 גר,לורד סנדויץ,,כריך ביצה קשה 210 גרם,,0.00,,false,1,17.90,0.00,true,1,239145
7290015150088,false,מחית עגבניות בלה איט,שוורצקוף& הנקל דיסלד,IT,מחית עגבניות קלה 700 גרם,,0.00,,false,1,11.90,0.00,true,1,232484
7290015150200,false,עגבניות חתוכות דק בל,HIQ FOOD PRODUCTS,IT,עגבניות חתוכות דק 400 גרם,,0.00,,false,1,6.00,0.00,true,1,237442
7290015176361,false,מברשת שיניים חשמלים,פוג'יקום,,מברשת שיניים חשמלית פוגיקום כחול,,0.00,,false,1,39.90,0.00,true,1,236331
7290015176378,false,מברשת שיניים חשמלית,פוג'יקום,,מברשת שיניים חשמלית סגולה,,0.00,,false,1,39.90,0.00,true,1,236222
7290015176385,false,מברשת שיניים חשמלית,פוג'יקום,,מברשת שיניים חשמלית פוגיקום,,0.00,,false,1,39.90,0.00,true,1,236340
7290015176392,false,מברשת שיניים חשמלית,פוג'יקום,,מברשת שיניים חשמלית ילדות פוגיקום,,0.00,,false,1,39.90,0.00,true,1,236259
7290015193542,false,סרדינים בשמן סויה ול,יו.פי.אי,,סרדינים בשמן סויה ולימון 125 גרם,,0.00,,false,1,5.30,0.00,true,1,241434
7290015193832,false,קרקר עם שומשום ארומה,פפושדו,IL,קרקר עם שומשום ארומה 300 גרם,,0.00,,false,1,8.50,0.00,true,1,249179
7290015446495,false,אול אין חטיף חלבון ב,,,אול אין חטיף חלבון בטעם שוקולד פאדג100גר,,0.00,,false,1,19.90,0.00,true,1,246323
7290015446617,false,חטיף PROUD בננה טופי,v.s.i,NL,פראוד - חטיף חלבון בטעם בננה טופי,,0.00,,false,1,13.90,0.00,true,1,249067
7290015446921,false,חטיף חלבון בטעם קרמל,,,חטיף חלבון בטעם קרמל מלוח- 60 גרם,,0.00,,false,1,14.90,0.00,true,1,259496
7290015493192,false,נביעות+ רכיבי פרי אב,"נביעות טבע הגליל בע""",IL,נביעות + פרי בטעם אבטיח 0.5 ליטר,,0.00,,false,1,10.50,0.00,true,1,245050
7290015493208,false,נביעות+ רכיבי פרי אנ,"נביעות טבע הגליל בע""",IL,נביעות + פרי בטעם אננס 0.5 ליטר,,0.00,,false,1,10.50,0.00,true,1,245049
7290015519144,false,מטען קיר לגלקסי פרימ,,,מטען קיר לגלקסי פרימיום 2A,,0.00,,false,1,49.90,0.00,true,1,250620
7290015597937,false,קורנטו קלאסיק,"מיוצר ע""י גלידת שטרא",IL,קורנטו טילון קלאסי בטעם וניל 70 גרם,,0.00,,false,1,10.90,0.00,true,1,243844
7290015652070,false,קשיו קלוי 150 גרם,דין שיווק,IL,קשיו קלוי 150 גרם,,0.00,,false,1,16.90,0.00,true,1,258669
7290015652087,false,תערובת פיצוחים 150 ג,דין שיווק,IL,תערובת פיצוחים 150 גרם,,0.00,,false,1,16.90,0.00,true,1,258670
7290015775014,false,אגוזי פיסטוק קלופים,"גיי אנג גי פקאנס בע""",IL,אגוזי פיסטוק קלופים טבעיים 100 גר,,0.00,,false,1,28.90,0.00,true,1,237077
7290015775021,false,שברי אגוז מלך גרוסים,"גיי אנג גי פקאנס בע""",IL,שברי אגוז מלך גרוסים 100 גר,,0.00,,false,1,10.90,0.00,true,1,237076
7290015775038,false,"סילאן טבעי בד""ץ 900","גיי אנג גי פקאנס בע""",IL,"סילאן טבעי בד""ץ 900 גרם",,0.00,,false,1,21.90,0.00,true,1,238320
7290015775168,false,חמאת אגוזי קשיו 200,"גיי אנג גי פקאנס בע""",IL,חמאת אגוזי קשיו 200 גרם,,0.00,,false,1,29.90,0.00,true,1,257396
7290015775175,false,חמאת שקד מולבן 200 ג,"גיי אנג גי פקאנס בע""",IL,חמאת שקד מולבן 200 גרם,,0.00,,false,1,23.90,0.00,true,1,257394
7290015775397,false,תערובת טרופית 150 גר,"גיי אנג גי פקאנס בע""",IL,תערובת טרופית 150 גרם,,0.00,,false,1,14.90,0.00,true,1,245130
7290015775632,false,חמאת בוטנים הטיב 35,g&g,IL,חמאת בוטנים הטיב 350 גר,,0.00,,false,1,15.90,0.00,true,1,249464
7290015775717,false,תערובת פירות יבשים ש,פיצוחי הטיב,IL,תערובת פירות יבשים שקדים וגרעינים 40 גרם,,0.00,,false,1,3.90,0.00,true,1,247044
7290015775809,true,חמוציות ברכז תפוחים,פיצוחי הטיב,IL,חמוציות ברכז תפוחים קופסא 250 גרם,,0.00,,false,1,22.90,0.00,true,1,247519
7290015775816,true,אגוז מלך טבעי קופסא,פיצוחי הטיב,IL,אגוז מלך טבעי קופסא 200 גרם,,0.00,,false,1,19.90,0.00,true,1,247520
7290015775823,true,קשיו טבעי קופסא 250,פיצוחי הטיב,IL,קשיו טבעי קופסא 250 גרם,,0.00,,false,1,29.90,0.00,true,1,247521
7290015775830,true,שקד טבעי קופסא 200 ג,פיצוחי הטיב,IL,שקד טבעי קופסא 200 גרם,,0.00,,false,1,22.90,0.00,true,1,247522
7290015775854,false,תאנים מיובשות 330 גר,,IL,תאנים מיובשות 330 גרם,,0.00,,false,1,26.90,0.00,true,1,247996
7290015775861,false,סילאן טבעי 340גרם,"גיי אנג גי פקאנס בע""",IL,סילאן טבעי 340גרם,,0.00,,false,1,13.90,0.00,true,1,247828
7290015775908,false,בננה ציפס הטיב 200 ג,פיצוחי הטיב,IL,בננה ציפס הטיב 200 גרם,,0.00,,false,1,8.90,0.00,true,1,248200
7290015775915,false,תפוח עץ מיובש הטיב 2,פיצוחי הטיב,IL,תפוח עץ מיובש הטיב 200 גרם,,0.00,,false,1,12.90,0.00,true,1,248201
7290015775922,false,שקד גרוס מולבן הטיב,פיצוחי הטיב,IL,שקד גרוס מולבן הטיב 200 גרם,,0.00,,false,1,10.90,0.00,true,1,248202
7290015848909,false,אולטרסול תחליב קידס,פישר מעבדות פרמצבטיו,IL,אולטרסול תחליב קידס 30/250,,0.00,,false,1,44.90,0.00,true,1,245574
7290015968881,false,מפיות מודפסות 33*33,W.W.P.Co.Ltd,,"מפיות מודפסות 33*33 ס""מ 20 יח דגם W-763",,0.00,,false,1,7.90,0.00,true,1,242389
7290015996983,false,"סוכרזית 100 גרם בד""צ",ביסקול בעn,IL,"סוכרזית, סוכרלוז החדש, 100 גרם",,0.00,,false,1,30.90,0.00,true,1,257762
7290016006377,false,שוופס מוגז פירות תות,יפאורה תבורי בעמ,IL,"שוופס מוגז פירות תות ליים 330 מ""ל זכוכית",,0.00,,false,1,9.90,0.00,true,1,240621
7290016006766,false,נקטר ספרינג אננס בקב,יפאורה תבורי בעמ,IL,"ספרינג אקזוטיק אננס 330 מ""ל זכוכית",,0.00,,false,1,8.50,0.00,true,1,241762
7290016035032,false,לחמניות המבורגר פשת,דולפין ספא,IL,לחמניות המבורגר פשתן,,0.00,,false,1,22.90,0.00,true,1,250148
7290016081619,false,RETRACTABLE - שלט BT,,,RETRACTABLE - שלט BT עם אוזניה - צבע שחו,,0.00,,false,1,109.00,0.00,true,1,250609
7290016081626,false,RETRACTABLE - שלט BT,,,RETRACTABLE - שלט BT עם אוזניה - צבע לב,,0.00,,false,1,109.00,0.00,true,1,250608
7290016094015,false,אולטרסול 30/75 פנים,פישר מעבדות פרמצבטיו,IL,קרם פנים לילדים,,0.00,,false,1,39.90,0.00,true,1,244855
7290016094022,true,אולטרסול 50/200 תרסי,פישר מעבדות פרמצבטיו,IL,ספריי שקוף 50 SPF,,0.00,,false,1,44.90,0.00,true,1,237818
7290016094039,false,אולטרסול 50/200 200,פישר מעבדות פרמצבטיו,IL,ספריי שקוף לילדים 50 SPF,,0.00,,false,1,44.90,0.00,true,1,240998
7290016094817,false,אולטרסול ספריי שמן ג,פישר מעבדות פרמצבטיו,IL,"ספריי שמן, שמן גזר",,0.00,,false,1,44.90,0.00,true,1,240852
7290016150117,false,סלק מקולף בוואקום 50,חקלאי,IL,סלק מקולף בוואקום 500 גרם,,0.00,,false,1,7.90,0.00,true,1,239600
7290016197488,false,מטלית קסם לשיש מארז,UFO INC,CN,מטליות מיקרופייבר משטחים,,0.00,,false,1,17.90,0.00,true,1,238394
7290016197495,false,מטליות מיקרופייבר לר,UFO INC,CN,מטליות מיקרופייבר רצפה,,0.00,,false,1,25.90,0.00,true,1,238395
7290016230888,false,סוללה 3V 5 יחידות,,,סוללה 3V 5 יחידות,,0.00,,false,1,22.90,0.00,true,1,245148
7290016245608,false,"לחם משפחתי שחור1.2ק""",,,"לחם משפחתי שחור 1.2 ק""ג",,0.00,,false,1,20.90,0.00,true,1,250530
7290016245653,false,לחם שיפון מלא חצי קס,מאפיית טעמי הכפר 201,,לחם שיפון מלא חצי קסטן,,0.00,,false,1,18.90,0.00,true,1,228032
7290016245707,false,לחם 7 דגנים 600 גרם,מאפיית טעמי הכפר 201,,לחם 7 דגנים 600 גרם,,0.00,,false,1,13.90,0.00,true,1,227847
7290016245769,true,לחם כוסמין מחמצת בתו,,,לחם כוסמין מחמצת בתוספת פשתן,,0.00,,false,1,18.90,0.00,true,1,245488
7290016245776,false,לחם פרנה מרוקאית 4 י,מאפיית טעמי הכפר 201,,לחם פרנה מרוקאית 4 יחידות,,0.00,,false,1,14.90,0.00,true,1,227235
7290016245806,false,לחמניות המבורגר 4 יח,,,מארז לחמניות המבורגר,,0.00,,false,1,16.90,0.00,true,1,250532
7290016245813,false,לחמניות מיני פלוט 6,"מאפיית רנטה בע""מ",IL,לחמניות מיני פלוט 6 יח,,0.00,,false,1,12.90,0.00,true,1,245490
7290016245820,false,מארז לחמניות המבורגר,מאפיית טעמי הכפר 201,,מארז לחמניות המבורגר 4 יחידות,,0.00,,false,1,13.90,0.00,true,1,244357
7290016245844,false,לחם כפרי עם סובין 60,"מאפיית רנטה בע""מ",,לחם כפרי עם סובין 600 גרם,,0.00,,false,1,18.90,0.00,true,1,244098
7290016245912,false,מאפה אישי 120 גרם,עינת,IL,מאפה אישי 120 גרם,,0.00,,false,1,8.00,0.00,true,1,260630
7290016319309,false,פמילי אלסבון נוזלי מ,אקסן קוסמטיק,TR,אל סבון מאסק קלאסי,,0.00,,false,1,16.90,0.00,true,1,239647
7290016372373,true,רסק עגבניות בלה איטל,שוורצקוף& הנקל דיסלד,IT,בלה איטליה רסק עגבניות 280 גרם,,0.00,,false,1,8.50,0.00,true,1,244865
7290016509786,true,פרסיל גל ירוק 2.5 לי,"הנקל סוד בע""מ",IL,ג'ל מרוכז לכביסה במכונה - לבנה וצבעונית,,0.00,,false,1,35.90,0.00,true,1,246243
7290016509809,true,פרסיל גל קולור 2.5 ל,"הנקל סוד בע""מ",IL,ג'ל מרוכז לכביסה במכונה - צבעונית,,0.00,,false,1,35.90,0.00,true,1,255953
7290016509830,true,פרסיל גל בייבי 2.5 ל,"הנקל סוד בע""מ",IL,פרסיל ג'ל כביסה לבגדי תינוקות ולבעלי עור רגיש,,0.00,,false,1,35.90,0.00,true,1,255954
7290016510225,false,תחליב רחצה הוואי ונ,תאי פרזידנט פוד פאבל,IL,"הוואי תחליב יוגורט וניל ודבש, 700 מל",,0.00,,false,1,14.90,0.00,true,1,246137
7290016717631,false,יין מוסקטו P.C,אגודת הכורמים הקואופ,IL,יקבי כרמל פרייבט קולקשן מוסקטו 2017 750 מל,,0.00,,false,1,45.90,0.00,true,1,254168
7290017023502,true,"שוופס מוגז פירות לל""",מיוצר עי קונדיטוריית,IL,"שוופס מוגז פירות לל""ס תות ליים 330 מ""ל",,0.00,,false,1,9.90,0.00,true,1,245636
7290017023526,true,"שוופס מוגז פירות לל""",יפאורה תבורי בעמ,IL,"שוופס מוגז פירות לל""ס תפוח 330 מ""ל",,0.00,,false,1,9.90,0.00,true,1,245637
7290017088242,false,מגבונים בייבי בייסיק,,,מגבונים בייבי בייסיק,,0.00,,false,1,4.90,0.00,true,1,249411
7290017121048,false,פלפל צומה 250ג עללחם,"מדשא תעשיות מזון בע""",IL,פלפל צומה 250ג עללחם,,0.00,,false,1,19.90,0.00,true,1,250272
7290017121093,false,ממרח אריסה חריפה בפי,"מדשא תעשיות מזון בע""",IL,עללחם בפיתה אריסה חריפה 250 גרם,,0.00,,false,1,15.90,0.00,true,1,244172
7290017142159,false,מארז שלישייה טונה בה,יוניקורד ח.צ בעמ,TH,נתחי טונה בהירה בשמן זית 80*3 גרם,,0.00,,false,1,26.90,0.00,true,1,245100
7290017217468,false,שקיות אוכל מנייר 50,קילת,,שקיות אוכל מנייר 50 יחידות,,0.00,,false,1,8.90,0.00,true,1,249247
7290017266060,false,"וופלים קראנצ לל""ס בט",עלמה,,"וופלים קראנצ לל""ס בטעם שוקולד עלמה 175 ג",,0.00,,false,1,8.50,0.00,true,1,243756
7290017266305,true,וופל קראנץ אורגני,גילרו,IL,וופל קראנץ אורגני,,0.00,,false,1,9.90,0.00,true,1,247244
7290017334448,false,שמן קנולה מזוכך OLEO,א.ד.מ . אנטוורפן,BE,שמן קנולה מזוכך OLEO 1 ליטר,,0.00,,false,1,12.90,0.00,true,1,254172
7290017334455,false,"אורז פרסי זיפר 1ק""ג",,TH,"אורז פרסי זיפר 1ק""ג",,0.00,,false,1,9.90,0.00,true,1,259249
7290017334462,false,אורז יסמין זיפר 1,,TH,"אורז יסמין זיפר 1 ק""ג",,0.00,,false,1,12.90,0.00,true,1,259250
7290017406794,false,אורז בסמטי קינג קראו,פונט סלאם וולנסיה,IN,"אורז בסמטי קינג קראוון 1 ק""ג",,0.00,,false,1,12.90,0.00,true,1,259675
7290017457703,false,סוד מרכך כביסה מרוכז,הנקל סוד,IL,סוד מרכך מרוכז ארומתרפי זהב,,0.00,,false,1,18.90,0.00,true,1,249583
7290017477596,false,תמר מגהול ענק פרמיום,דין שיווק,IL,תמר מגהול ענק פרמיום 400ג שקדיה,,0.00,,false,1,24.90,0.00,true,1,258932
7290017513010,true,חליטת צמחים קמומיל ל,ארזינא,IL,חליטת צמחים קמומיל לימוני ותערובת פירות,,0.00,,false,1,28.90,0.00,true,1,257814
7290017513027,true,חליטת פירות וצמחים,ארזינא,IL,"ויסוצקי נשנושי פירות & חליטת מיקס פירות , 115 גרם",,0.00,,false,1,28.90,0.00,true,1,246694
7290017513348,false,חליטת פירות וצמחים ב,ארזינא,IL,"ויסוצקי נשנושי פירות & חליטת סיידר, 115 גרם",,0.00,,false,1,28.90,0.00,true,1,250263
7290017513485,false,מחית עגבניות רוסטיקה,גרנדי איטליאני,IT,מחית עגבניות רוסטיקה בלה איטליה 680 גר,,0.00,,false,1,12.90,0.00,true,1,250782
7290017513775,false,פליפז בייגלה מצופה ש,אולקר מקבוצת פלאדיס,TR,"Flipz, חטיף בייגלה אפוי בציפוי שוקולד חלב, 140 גרם",,0.00,,false,1,9.90,0.00,true,1,251276
7290017555461,false,חטיף בוטנים בייק פרו,אשבל,IL,חטיף בוטנים בייק פרו 21 גרם חלבון 80גרם,,0.00,,false,1,13.90,0.00,true,1,252601
7290017589633,false,קברנה סוביניון מהדור,,IL,"קברנה סוביניון מהדורת רזרב גולד 750 מ""ל",,0.00,,false,1,54.90,0.00,true,1,252327
7290017617008,false,טונה סטרקיסט בשמן 3,. יצרן: טונה ויאטנם,,טונה סטרקיסט בשמן 3*140גרם,,0.00,,false,1,21.90,0.00,true,1,258801
7290017617015,false,טונה סטרקיסט במים 3,טונה ויאטנם,,טונה סטרקיסט במים 3*140גרם,,0.00,,false,1,21.90,0.00,true,1,258802
7290017617060,false,סטארקיסט טו גו 80 גר,סטארקיסט,TH,סטארקיסט טו גו 80 גרםלימון ותימין,,0.00,,false,1,11.90,0.00,true,1,251996
7290017617077,false,סטארקיסט טו גו 80 גר,סטארקיסט,TH,טונה טו גו שמן זית ופלפל צ'ילי,,0.00,,false,1,11.90,0.00,true,1,251998
7290017617459,false,רביעיית טונה סטארקיס,dalmore distilleries,TH,רביעיית טונה סטארקיסט בשמן צמחי 480גרם,,0.00,,false,1,22.90,0.00,true,1,260532
7290017724027,false,עוגיות אלפחורס 300 ג,"אקלר בע""מ",IL,עוגיות אלפחורס 300 גרם,,0.00,,false,1,28.90,0.00,true,1,259092
7290017724034,false,עוגיות סנדוויץ ריבה,אקלר,IL,עוגיות סנדוויץ ריבה 250 גרם,,0.00,,false,1,28.90,0.00,true,1,258999
7290017724058,false,עוגיות מעדן תמר אגוז,אקלר,IL,עוגיות מעדן תמר אגוז250 גרם,,0.00,,false,1,28.90,0.00,true,1,259000
7290017724225,false,עוגיות בויוס 200 גרם,אקלר,IL,עוגיות בויוס 200 גרם,,0.00,,false,1,28.90,0.00,true,1,259251
7290017724683,false,עוגיות חמאה שקדים 20,אקלר,IL,עוגיות חמאה שקדים 200 גרם,,0.00,,false,1,28.90,0.00,true,1,259093
7290017888019,false,פרוט & ווג תפוח רימו,יפאורה תבורי בעמ,IL,"FRUIT&VEG תפוח סלק רימון ג'ינג'ר 350 מ""ל",,0.00,,false,1,10.90,0.00,true,1,249240
7290017888026,false,פרוט אננס תפוח גזר 3,יפאורה תבורי בעמ,IL,"FRUIT&VEG אננס תפוח גזר 350 מ""ל",,0.00,,false,1,10.90,0.00,true,1,249143
7290017888033,false,פרוט בננה מלון נענע,יפאורה תבורי בעמ,IL,"FRUIT&VEG בננה מלון נענע 350 מ""ל",,0.00,,false,1,10.90,0.00,true,1,249144
7290017888125,false,שוופס מוגז עדין אבטי,"כד בני דרום בע""מ",IL,"שוופס מוגז עדין אבטיח 330 מ""ל",,0.00,,false,1,9.50,0.00,true,1,249896
7290017888644,false,פרוט אנד וג אננס בננ,"יפאורה תבורי בע""מ",IL,"FRUIT&VEG אננס בננה כורכום 350 מ""ל",,0.00,,false,1,10.90,0.00,true,1,252013
7290017888729,false,שוופס סודה בקבוק 1 ל,"יפאורה תבורי בע""מ",IL,שוופס סודה 1 ל' גיזוז חזק,,0.00,,false,1,7.90,0.00,true,1,252014
7290017888972,false,מי עדן פקק ספורט 1 ל,מופק ממקור בזלתי עדן,IL,מי עדן פקק ספורט 1 ליטר,,0.00,,false,1,8.00,0.00,true,1,252275
7290017971940,false,טוסט פטריות אלפרדו 2,לורד סנדויץ,,טוסט פטריות אלפרדו 245 גרם,,0.00,,false,1,17.90,0.00,true,1,251501
7290018043110,false,אול אין אקסטרא קרם ק,הרת'סייד פוד סולושיי,NL,אול אין אקסטרא קרם קשיו קרמל,,0.00,,false,1,14.90,0.00,true,1,258790
7290018043189,false,PROUD קרמל קשיו 60 ג,מרס נדרלנד,NL,PROUD קרמל קשיו 60 גרם,,0.00,,false,1,14.90,0.00,true,1,254265
7290018043196,false,חטיף חלבון PROUD שוק,הרת'סייד פוד סולושיי,NL,חטיף חלבון PROUD שוקולד עוגיות 60 גרם,,0.00,,false,1,14.90,0.00,true,1,254267
7290018043295,false,PROUD ונילה קראנץ 6,הרת'סייד פוד סולושיי,NL,PROUD ונילה קראנץ 60 גרם,,0.00,,false,1,14.90,0.00,true,1,254266
7290018043301,false,חטיף חלבון בטעם וניל,הרת'סייד פוד סולושיי,NL,חטיף חלבון בטעם ונילה קראנץ- 60 גרם,,0.00,,false,1,14.90,0.00,true,1,259497
7290018043592,false,מי חלבון אול אין אפר,שטיינרייזר גטראנקה,AT,מי חלבון אול אין אפרסק 500 מל,,0.00,,false,1,18.90,0.00,true,1,258530
7290018043899,false,חטיף חלבון בטעם בוטנ,הרת'סייד פוד סולושיי,NL,חטיף חלבון בטעם בוטנים קרמל- 60 גרם,,0.00,,false,1,14.90,0.00,true,1,259499
7290018050088,false,הטיב מיקס אגוזים וקר,שקרצי,IL,הטיב מיקס אגוזים וקרמל 180 גרם,,0.00,,false,1,21.90,0.00,true,1,253599
7290018050095,false,הטיב תערובת קרנצ פיק,שקרצי,IL,הטיב תערובת קרנצ פיקנטית 200 גרם,,0.00,,false,1,16.90,0.00,true,1,253598
7290018050118,false,הטיב קשיו בקרמל 180,שקרצי,IL,הטיב קשיו בקרמל 180 גרם,,0.00,,false,1,21.90,0.00,true,1,253600
7290018050125,false,הטיב שקדים בקרמל 180,שקרצי,IL,הטיב שקדים בקרמל 180 גרם,,0.00,,false,1,21.90,0.00,true,1,253601
7290018050132,false,הטיב בוטנימוס גריל 2,שקרצי,IL,הטיב בוטנימוס גריל 200 גרם,,0.00,,false,1,12.90,0.00,true,1,253602
7290018077597,false,בייגל רומני אפוי קפו,גדרון,IL,בייגל רומני אפוי קפוא עם שומשום,,0.00,,false,1,5.90,0.00,true,1,251164
7290018077603,false,בייגל רומני עם זעתר,גדרון,IL,בייגל רומני עם זעתר א.ק,,0.00,,false,1,5.90,0.00,true,1,251163
7290018077665,false,בייגל רומני גדרון א.,גדרון,IL,בייגל רומני גדרון א.ק,,0.00,,false,1,5.90,0.00,true,1,251173
7290018131077,false,שלגון מילקה עם ריפל,פרונרי פולין,PL,שלגון מילקה עם ריפל שוקולד 71 גרם,,0.00,,false,1,12.90,0.00,true,1,255992
7290018131251,false,אקסטרים מטבע שוקולד,גלידות נסטלה (נגה גל,IL,אקסטרים מ.שקלד.לבן וליבת ק.עוג. 18*115ג,,0.00,,false,1,12.50,0.00,true,1,251426
7290018131336,false,שלגון ליון קרמל 66גר,שוורצקוף& הנקל דיסלד,PL,שלגון ליון קרמל 66גרם,,0.00,,false,1,12.90,0.00,true,1,255989
7290018131428,false,טילון אקסטרים מסקרפו,גלידות נסטלה (נגה גל,IL,טילון אקסטרים מסקרפונה תות 128 גרם,,0.00,,false,1,12.50,0.00,true,1,251429
7290018131572,false,גלידה מיני בייטס מיל,פרונרי פולין,PL,גלידה מיני בייטס מילקה 85,,0.00,,false,1,9.90,0.00,true,1,251436
7290018131596,false,גלידה מיני בייטס אור,שוורצקוף& הנקל דיסלד,PL,גלידה מיני בייטס אוראו 85 גרם,,0.00,,false,1,9.90,0.00,true,1,251437
7290018131640,false,קראנץ שוקולד בלונדי,גלידות נסטלה (נגה גל,IL,קראנץ שוקולד בלונדי 100 גרם,,0.00,,false,1,12.50,0.00,true,1,254900
7290018131770,false,שלגון וניל מצופה תות,גלידות נסטלה (נגה גל,IL,שלגון וניל מצופה תות 55 גרם,,0.00,,false,1,7.90,0.00,true,1,254399
7290018131794,false,קראנץ וניל ש.מריר ל,נסטלה,IL,קראנץ וניל ש.מריר ליבת 100 גרם,,0.00,,false,1,12.50,0.00,true,1,254398
7290018165010,false,יין רזרב גולד גוורצט,יקבי ברקן שיווק והפצ,IL,"גוורצטרמינר רזרב גולד 750 מ""ל",,0.00,,false,1,54.90,0.00,true,1,252141
7290018165027,false,גולד אדישיין רוזה750,יקבי ברקן שיווק והפצ,IL,"רזרב גולד רוזה 750 מ""ל",,0.00,,false,1,54.90,0.00,true,1,252142
7290018165447,false,יין רזרב גולד מרלו 7,יקבי ברקן שיווק והפצ,IL,"רזרב גולד מרלו 750 מ""ל",,0.00,,false,1,54.90,0.00,true,1,255867
7290018194454,false,ערק סאפי לימונארק 7,סאן אויל,IL,"לימונארק סאפי 700 מ""ל",,0.00,,false,1,59.90,0.00,true,1,252927
7290018194683,false,עוגיות בטעם חמאה בפח,"אס. אף. אס מאפים בע""",IL,עוגיות בטעם חמאה בפח עוגלה 170 גרם,,0.00,,false,1,9.90,0.00,true,1,254185
7290018301364,false,טוסטיה פיצה,לורד סנדויץ,IL,טוסטיה פיצה,,0.00,,false,1,24.90,0.00,true,1,261722
7290018440193,false,פליפז בייגלה מצופה ח,אולקר מקבוצת פלאדיס,TR,פליפז בייגלה מצופה חמאת בוטנים 140 ג,,0.00,,false,1,9.90,0.00,true,1,254170
7290018440209,false,פליפז בייגלה מצופה פ,אולקר מקבוצת פלאדיס,TR,"Flipz, חטיף בייגלה אפוי בציפוי שוקולד חלב, 140 גרם",,0.00,,false,1,9.90,0.00,true,1,254171
7290018440247,false,צאי שקדים 25 גרם,ויסוצקי,IL,צאי שקדים 25 גרם,,0.00,,false,1,19.90,0.00,true,1,259501
7290018440254,false,צאי קרמל מלוח 25 גרם,ויסוצקי,IL,צאי קרמל מלוח 25 גרם,,0.00,,false,1,19.90,0.00,true,1,259502
7290018440483,false,פליפז בייגלה מצופה ב,אולקר מקבוצת פלאדיס,TR,פליפז בייגלה מצופה בקרמל מלוח ושוקולד 14,,0.00,,false,1,9.90,0.00,true,1,256247
7290018441886,false,דולצה דה לצה 150מל ש,מוצרי איכות אמריקאים,IL,דולצה דה לצה 150מל שורטי,,0.00,,false,1,13.90,0.00,true,1,258908
7290018471050,false,ספרינג אגס תפוח סברס,יפאורה תבורי בעמ,IL,"ספרינג אגס תפוח סברס פחית 330 מ""ל",,0.00,,false,1,8.50,0.00,true,1,255544
7290018471128,false,ספרינג שייק אננס מנג,"יפאורה תבורי בע""מ",IL,"ספרינג שייק אננס מנגו פסיפלורה 330 מ""ל",,0.00,,false,1,10.90,0.00,true,1,256125
7290018471135,false,ספרינג שייק בננה תמר,"יפאורה תבורי בע""מ",IL,"ספרינג שייק בננה תמר תפוז 330 מ""ל",,0.00,,false,1,10.90,0.00,true,1,256126
7290018471142,false,ספרינג שייק בננה אננ,"יפאורה תבורי בע""מ",IL,ספרינג שייק בננה אננס קוקוס פירות יער 330 מל,,0.00,,false,1,10.90,0.00,true,1,256127
7290018471906,false,שוופס מוגז לימונדה ו,"יפאורה תבורי בע""מ",IL,שוופס מוגז פירות לימונדה ורודה 1.5 ל',,0.00,,false,1,14.50,0.00,true,1,259301
7290018471913,false,שוופס מוגז פירות תפו,"יפאורה תבורי בע""מ",IL,שוופס משקה תפוחים מוגז 1.5 ליטר,,0.00,,false,1,14.50,0.00,true,1,259302
7290018471944,false,שוופס מוגז לימונייד,"יפאורה תבורי בע""מ",IL,שוופס מוגז פירות לימונייד 1.5 ליטר,,0.00,,false,1,14.50,0.00,true,1,259303
7290018641439,false,ערק פלוס אשכוליות 33,,IL,ערק פלוס אשכוליות 330 מל,,0.00,,false,1,15.90,0.00,true,1,259134
7290018641446,false,ערק פלוס לימודה 330,,IL,ערק פלוס לימודה 330 מל,,0.00,,false,1,15.90,0.00,true,1,259252
7290018652015,false,סופרולר 75גרם,פרונרי איברייה,ES,סופרולר 75גרם,,0.00,,false,1,9.90,0.00,true,1,254904
7290018652053,false,ביסקולידה קסטרה 95 ג,נגה גלידות,IL,ביסקולידה קסטרה 95 גרם,,0.00,,false,1,7.90,0.00,true,1,256167
7290018652190,false,קראנץ בר אימפלס 60גר,גלידות נסטלה,IT,קראנץ בר אימפלס 60גרם,,0.00,,false,1,8.90,0.00,true,1,259777
7290018652756,false,שתותי פרוטי 55גרם,נסטלה,IL,שתותי פרוטי 55גרם,,0.00,,false,1,7.90,0.00,true,1,259781
7290018652770,false,טילון גולדה 115גרם,גלידות נסטלה,IL,טילון גולדה 115גרם,,0.00,,false,1,12.50,0.00,true,1,259778
7290018652817,false,שלגון פרווה וניל עוג,נסטלה,IL,שלגון פרווה וניל עוגיות 55גרם,,0.00,,false,1,5.90,0.00,true,1,259780
7290018652862,false,באבל גאם 60גרם,נסטלה,IL,באבל גאם 60גרם,,0.00,,false,1,8.90,0.00,true,1,259779
7290018703076,false,חטיף חלבון בטעם דאבל,הרת'סייד פוד סולושיי,NL,חטיף חלבון בטעם דאבל שוקולד- 60 גרם,,0.00,,false,1,14.90,0.00,true,1,259498
7290018703304,false,אול אין חטיף חלבון ק,,,אול אין חטיף חלבון קרם עוגיות,,0.00,,false,1,14.90,0.00,true,1,260199
7290018703489,false,אול אין חטיף חלבון,,,אול אין חטיף חלבון בננה טופי אקסטרה 60 גרם,,0.00,,false,1,14.90,0.00,true,1,260200
7290018848005,false,יין רוזה בפחית 250 מ,דונלי ויני,IT,"יין רוזה בפחית 250 מ""ל",,0.00,,false,1,17.90,0.00,true,1,259605
7290018848012,false,יין לבן בפחית 250 מ,דונלי ויני,IT,"יין לבן בפחית 250 מ""ל",,0.00,,false,1,17.90,0.00,true,1,259604
7290018894002,false,בלקוני וופל קוביות ק,בלקוני,IT,בלקוני וופל קוביות קקאו 250 ג,,0.00,,false,1,15.90,0.00,true,1,260109
7290018894019,false,בלקוני עוגות מיקס מק,בלקוני,IT,בלקוני עוגות מיקס מקס חלב 350 ג,,0.00,,false,1,19.90,0.00,true,1,260114
7290018894200,false,בלקוני וופל קוביות ו,בלקוני,IT,בלקוני וופל קוביות וניל 250 ג,,0.00,,false,1,15.90,0.00,true,1,260110
7290018894408,false,בלקוני וופל קוביות א,בלקוני,IT,בלקוני וופל קוביות אגוזי לוז 250 ג,,0.00,,false,1,15.90,0.00,true,1,260111
7290018894606,false,בלקוני וופל קקאו 175,בלקוני,IT,בלקוני וופל קקאו 175 ג,,0.00,,false,1,12.90,0.00,true,1,260112
7290018894804,false,בלקוני וופל אגוזי לו,בלקוני,IT,בלקוני וופל אגוזי לוז 175 ג,,0.00,,false,1,12.90,0.00,true,1,260113
7290018925065,false,מיץ תפוזים סחוט פרימ,גניר,IL,פרימור סחוט מיץ תפוזים 100% 2 ליטר,,0.00,,false,1,33.50,0.00,true,1,259396
7290018925072,false,מיץ לימון עם נענע סח,גניר,IL,פרימור משקה קל לימונים ונענע 2 ליטר,,0.00,,false,1,33.50,0.00,true,1,259304
7290018925409,false,מיץ לימון ואננס פרימ,"גניר בע""מ",IL,מיץ לימון ואננס פרימור 400 מל,,0.00,,false,1,11.90,0.00,true,1,260850
7290018925416,false,מיץ לימון ופסיפלורה,"גניר בע""מ",IL,מיץ לימון ופסיפלורה פרימור 400 מל,,0.00,,false,1,11.90,0.00,true,1,260849
7290018949009,false,משקה קל מוגז גרופר ת,,IL,משקה קל מוגז גרופר תפוזזה 330 מל,,0.00,,false,1,9.90,0.00,true,1,259364
7290018949016,false,משקה קל מוגז גרופר ת,,IL,משקה קל מוגז גרופר תפוחחה 330 מל,,0.00,,false,1,9.90,0.00,true,1,259365
7290018949023,false,משקה קל מוגז גרופר ל,,IL,משקה קל מוגז גרופר לימוננדה 330 מל,,0.00,,false,1,9.90,0.00,true,1,259366
7290019056065,false,שוופס מוגז עדין פירו,"יפאורה תבורי בע""מ",IL,שוופס מוגז עדין פירות יער 1.5 ל',,0.00,,false,1,14.50,0.00,true,1,259305
7290019056096,false,שוופס מוגז עדין אפרס,"יפאורה תבורי בע""מ",IL,שוופס מוגז עדין אפרסק 1.5 ל',,0.00,,false,1,14.50,0.00,true,1,259306
7290019056119,false,סודה שוופס 1.5 ליטר,"יפאורה תבורי בע""מ",IL,שוופס סודה 1.5 ל',,0.00,,false,1,6.80,0.00,true,1,259307
7290019056317,false,שוופס ראשן בקבוק 1.5,"יפאורה תבורי בע""מ",IL,שוופס ראשן 1.5 ל',,0.00,,false,1,16.90,0.00,true,1,259308
7290019056324,false,שוופס מי טוניק בקבוק,"יפאורה תבורי בע""מ",IL,שוופס טוניק 1.5 ל',,0.00,,false,1,16.90,0.00,true,1,259387
7290019056379,false,תפוזינה תפוזים 1.5 ל,"יפאורה תבורי בע""מ",IL,תפוזינה תפוזים 1.5 ל',,0.00,,false,1,14.90,0.00,true,1,259309
7290019056416,false,תפוזינה לימונדה ורוד,"יפאורה תבורי בע""מ",IL,תפוזינה לימונדה ורודה 1.5 ל',,0.00,,false,1,14.90,0.00,true,1,259310
7290019056515,false,משקה פרוט ווטר אננס,"יפאורה תבורי בע""מ",IL,Fruit Water אננס 1.5 ל',,0.00,,false,1,14.90,0.00,true,1,259311
7290019056539,false,משקה פרוט ווטר אפרסק,"יפאורה תבורי בע""מ",IL,Fruit Water אפרסק 1.5 ל',,0.00,,false,1,14.90,0.00,true,1,259312
7290019056546,false,משקה פרוט ווטר אבטיח,"יפאורה תבורי בע""מ",IL,Fruit Water אבטיח 1.5 ל',,0.00,,false,1,14.90,0.00,true,1,259313
7290019056638,false,ספרינג תות בננה 1.5,"יפאורה תבורי בע""מ",IL,ספרינג תות בננה 1.5 ל',,0.00,,false,1,14.90,0.00,true,1,259314
7290019056959,false,מי עדן בקבוק 1.5 ליט,מופק ממקור בזלתי עדן,IL,מי עדן בקבוק 1.5 ליטר,,0.00,,false,1,9.20,0.00,true,1,259316
7290019056966,false,מי עדן בקבוק 1.5 ליט,יפאורה,IL,מי עדן בקבוק 1.5 ליטר,,0.00,,false,1,9.20,0.00,true,1,259389
7290019056973,false,מי עדן שישייה בקבוק,מופק ממקור בזלתי עדן,IL,מי עדן שישייה בקבוק 1.5 ליטר,,0.00,,false,6,20.90,0.00,true,1,259317
7290019153313,false,פרוט אנד ווג תפוח חמ,יפאורה תבורי בעמ,IL,"FRUIT&VEG תפוח חמוציות אוכמניות 350 מ""ל",,0.00,,false,1,10.90,0.00,true,1,260383
7290019153368,false,תפוזינה מוחיטו 330 מ,יפאורה תבורי בעמ,IL,"תפוזינה מוחיטו 330 מ""ל זכוכית",,0.00,,false,1,6.90,0.00,true,1,260513
7290019153382,false,תפוזינה סנגרייה 330,יפאורה תבורי בעמ,IL,"תפוזינה סנגריה 330 מ""ל זכוכית",,0.00,,false,1,6.90,0.00,true,1,260511
7290019153399,false,תפוזינה פינק אוזו 33,יפאורה תבורי בעמ,IL,"תפוזינה פינק אוזו 330 מ""ל זכוכית",,0.00,,false,1,6.90,0.00,true,1,260512
7290019196204,false,רביעיית טונה הספן בש,תעשיות פילטונה,IL,רביעיית טונה הספן בשמן קנולה 540גרם,,0.00,,false,4,22.90,0.00,true,1,260144
7290019203100,false,ראפ פלאפל,לורד סנדויץ,IL,ראפ פלאפל,,0.00,,false,1,24.90,0.00,true,1,261723
7290019232834,false,בייגלה מצופה קרם עוג,אולקר מקבוצת פלאדיס,TR,בייגלה מצופה קרם עוגיות ושוקולד 140 גרם,,0.00,,false,1,9.90,0.00,true,1,260375
7290067642005,false,בירה גולדסטאר SLOW B,טמפו,IL,גולדסטאר 10% בירה לאגר חזקה מאוד,,0.00,,false,1,13.90,0.00,true,1,241289
7290100412343,true,קוויק לניקוי כללי -,האי נאם סי או אל.טי.,IL,מטליות לחות,,0.00,,false,1,10.90,0.00,true,1,239334
7290100653586,false,דאודורנט ליידי ספיד,קולגייט פלמוליב,US,דאודורנט ליידי ספיד סטיק 24/7 גל פרש פיוזן 65 גרם,,0.00,,false,1,26.90,0.00,true,1,209484
7290100680650,false,מנה חמה נודלס תאילנד,THAI PRESIDENT FOODS,TH,מנה חמה נודל.+ירקות תאילנדי6 6*76גרם,,0.00,,false,1,9.90,0.00,true,1,209308
7290100680667,false,מנה חמה נודלס סצואן,THAI PRESIDENT FOODS,TH,מנה חמה נודלס+ירקות ט.סצ'ואן6 6*76גרם,,0.00,,false,1,9.90,0.00,true,1,209309
7290100680728,false,פירורית רגילה,"אסם השקעות בע""מ",IL,אסם פירורית 20*350גרם,,0.00,,false,1,7.90,0.00,true,1,209969
7290100685334,false,מרק עוף אמיתי ר.טבעי,"אסם השקעות בע""מ",IL,אסם מרק עוף רכיבים טבעיים בדצ6*400גרם,,0.00,,false,1,33.90,0.00,true,1,211759
7290100685341,false,אבקת מרק טעם עוף 400,"אסם השקעות בע""מ",IL,אסם מרק זך טעם עוף רכיבים טבעים 6*400ג,,0.00,,false,1,22.90,0.00,true,1,210551
7290100685938,false,עוגת הבית דבש ותפוח,"אסם השקעות בע""מ",IL,הבית עוגת דבש ותפוח עץ 8*400גרם,,0.00,,false,1,22.90,0.00,true,1,210550
7290100687109,false,במבה במילוי נוגט,"אסם השקעות בע""מ",IL,במבה במילוי נוגט 60 גרם,,0.00,,false,1,7.90,0.00,true,1,212838
7290100700075,false,פירורי לחם מוזהבים ס,"סוגת תעשיות בע""מ",IL,פירורי לחם מוזהבים סוגת 200 גרם,,0.00,,false,1,4.50,0.00,true,1,227775
7290100700396,false,"אורז יסמין סוגת 1 ק""","סוגת תעשיות בע""מ",IL,אורז יסמין קלאסי,,0.00,,false,1,14.90,0.00,true,1,221636
7290100701331,false,"קמח רב תכליתי 1 ק""ג","שטיבל בע""מ - טחנות ק",IL,קמח רב תכליתי +1,,0.00,,false,1,8.90,0.00,true,1,220751
7290100850909,false,דוריטוס נאצו 70 גרם,שטראוס,IL,דוריטוס נאצו 70 גרם,,0.00,,false,1,6.90,0.00,true,1,208960
7290100850916,false,דוריטוס חמוץ חריף 70,"שטראוס פריטו ליי בע""",IL,דוריטוס חמוץ חריף 70 גר 48 יח,,0.00,,false,1,6.90,0.00,true,1,208961
7290100850923,false,דוריטוס גריל 70 גרם,שטראוס פריטו ליי בע,IL,דוריטוס גריל 70 גר 48 יח,,0.00,,false,1,6.90,0.00,true,1,208962
7290100850930,false,דוריטוס טבעי 70 גרם,שטראוס פריטו ליי בע,IL,דוריטוס טבעי 70 גר 48 יח,,0.00,,false,1,6.90,0.00,true,1,208963
7290100858592,false,אבקת קקאו עלית 150 ג,שטראוס קפה בי.וי.,IL,שקית קקאו 150גרם/20שק/150גר,,0.00,,false,1,11.80,0.00,true,1,211055
7290100921593,false,כדוריות לאסלה,"הנקל סוד בע""מ",,כדוריות אסלה בריח לימון 50 גר,,0.00,,false,1,9.90,0.00,true,1,226654
7290101453871,false,נר מספר 0,סודי,,נר מספר 0,,0.00,,false,1,4.50,0.00,true,1,231456
7290101453925,false,נר מספר 5,סודי,,נר מספר 5,,0.00,,false,1,4.50,0.00,true,1,231461
7290101453949,false,נר מספר 7,סודי,,נר מספר 7,,0.00,,false,1,4.50,0.00,true,1,231463
7290101453956,false,נר מספר 8,סודי,,נר מספר 8,,0.00,,false,1,4.50,0.00,true,1,231464
7290101453963,false,נר מספר 9,סודי,,נר מספר 9,,0.00,,false,1,4.50,0.00,true,1,231465
7290101500551,false,סלרי אמריקאי ארוז,חקלאי,IL,סלרי אמריקאי ארוז,,0.00,,false,1,6.90,0.00,true,1,250252
7290101551003,true,חומוס 150אחלה גרם עם,שטראוס,IL,חומוס 150אחלה גרם עם תבלין שווארמה,,0.00,,false,1,5.90,0.00,true,1,257835
7290101551027,false,קפסולות קפה אספרסו 1,שטראוס קפה בי.וי,IL,קפסולות 14 למכונות נספרסו,,0.00,,false,1,19.90,0.00,true,1,248432
7290101551300,false,סילאן לחיץ יד מרדכי,"פוליבה בע""מ",IL,סילאן טבעי לחיץ 380 גרם,,0.00,,false,1,18.90,0.00,true,1,247963
7290101551539,true,דנונה פרו 20 גרם בטע,"שטראוס בריאות בע""מ",IL,דנונה פרו 20 גר אפרסק 0% שומן,,0.00,,false,1,6.90,0.00,true,1,247100
7290101552222,true,מילקי בטעם כיף כף 13,מיוצר עי קונדיטוריית,IL,מילקי בטעם כיף כף,,0.00,,false,1,3.50,0.00,true,1,247702
7290101557609,true,דניאלה מנגו 88גרם,מיוצר עי קונדיטוריית,IL,דניאלה מנגו,,0.00,,false,1,4.90,0.00,true,1,247709
7290101863410,false,סיליט באנג אקונומיקה,רקיט בנקיזר,PL,"ספריי מכיל אקונומיקה סיליט באנג 750 מ""ל",,0.00,,false,1,17.90,0.00,true,1,214096
7290101865261,false,נוזל הברקה למדיח,רקיט בנקיזר,PL,"נוזל הברקה למדיח פיניש 800 מ""ל",,0.00,,false,1,25.90,0.00,true,1,223735
7290101866633,false,"ג""ל להסרת כתמים קליה",רקיט בנקיזר,IL,מסיר כתמים ג'ל וניש קליה 3 ליטר,,0.00,,false,1,36.30,0.00,true,1,219426
7290101869702,true,גל למדיח,רקיט בנקיזר,PL,"ג'ל למדיח כלים פיניש All in 1 בניחוח 600 מ""ל",,0.00,,false,1,39.90,0.00,true,1,233170
7290102002801,false,ביצי שוקולד פרוזן של,זאיני,,ביצי שוקולד פרוזן שלישייה 60 גרם,,0.00,,false,1,17.50,0.00,true,1,232653
7290102030330,false,תפוציפס קראנץ מקסיקנ,"שטראוס פריטו ליי בע""",IL,תפו קראנצ מקסיקני 200 גר 12 יח - שמיטה,,0.00,,false,1,15.50,0.00,true,1,211794
7290102390427,false,יוגורט מולר פרופ תות,טרה,,יוגורט מולר פרופ תות 150 גרם,,0.00,,false,1,6.50,0.00,true,1,212581
7290102390465,false,יוגורט מולר פרופ אפר,טרה,,יוגורט מולר פרופ אפרסק פסיפלורה 150 גרם,,0.00,,false,1,6.50,0.00,true,1,212582
7290102391844,false,יוגורט מולר פרופ פיר,טרה,,יוגורט מולר פרופ פירות יער 150 גרם,,0.00,,false,1,6.50,0.00,true,1,213548
7290102393039,false,יוגורט מולר מיקס פצפ,טרה,IL,יוגורט מולר מיקס פצפוצי שוקולד 170 גרם,,0.00,,false,1,6.60,0.00,true,1,216268
7290102394821,false,גבינה צהובה דק דק 28,מילקו תעשיות בעמ,IL,גבנצ 28% דק דק 200 ג',,0.00,,false,1,18.90,0.00,true,1,220833
7290102394845,false,גבינה צהובה דק דק 9%,מילקו תעשיות בעמ,IL,גבנצ 9% דק דק 200 ג',,0.00,,false,1,16.90,0.00,true,1,220834
7290102397600,false,מולר מיקס שקדים ובוט,מילקו תעשייה בעמ,IL,Muller mix שקדים ובוטנים בקרמל,,0.00,,false,1,6.60,0.00,true,1,238238
7290102397617,false,יוגורט מולר מיקס קלי,טרה,IL,Muller mix כדורי דגנים בציפוי שוקולד,,0.00,,false,1,6.60,0.00,true,1,238239
7290102397730,false,גבינת אמנטל נעם פתיח,טרה,IL,טרה נועם אמנטל פרוסות גבינה חצי קשה 30% 200 גרם,,0.00,,false,1,20.90,0.00,true,1,241728
7290102398072,false,חלב 3% קרטון מהדרין,טרה,IL,חלב בקרטון 1 ליטר 3% שומן,,0.00,,false,1,6.23,0.00,true,1,242268
7290102398560,false,שוקו טרה מועשר בקבוק,מילקו תעשיות בעמ,IL,שוקו טרה מועשר בקבוק 1ליטר,,0.00,,false,1,14.90,0.00,true,1,246880
7290103401429,false,קפה פלטינום קצב ברזי,שטראוס קפה בי.וי,IL,פלטינום ברזילאי 200 גרם,,0.00,,false,1,29.90,0.00,true,1,214773
7290103404758,false,סלט כרוב אדום יום יו,"שטראוס גרופ בע""מ",IL,כרוב 120,,0.00,,false,1,6.40,0.00,true,1,214325
7290103681173,false,"יין קברנה 750 מ""ל סד",מיוצר על ידי יקב תבו,IL,הר קברנה סוביניון יין אדום יבש 2016 מל,,0.00,,false,1,49.90,0.00,true,1,248135
7290103681180,false,"יין מרלו 750 מ""ל סדר",מיוצר על ידי יקב תבו,IL,הר מרלו 750 מל,,0.00,,false,1,49.90,0.00,true,1,248134
7290103681197,false,יין תבור סדרת הר שיר,מיוצר על ידי יקב תבו,IL,"יין שיראז  750 מ""ל סדרת הר",,0.00,,false,1,49.90,0.00,true,1,248133
7290103681227,false,יין גוורצטרמינר חצי,מיוצר על ידי יקב תבו,IL,"יין גוורצטרמינר חצי מתוק 750 מ""ל סדרת הר",,0.00,,false,1,49.90,0.00,true,1,248136
7290104061417,false,סלט חומוס וטחינה,"שטראוס גרופ בע""מ",IL,חומוס טחינה 400 גרם,,0.00,,false,1,12.90,0.00,true,1,215442
7290104061424,false,סלט חומוס וזעתר,"שטראוס גרופ בע""מ",IL,חומוס זעתר 400 גרם,,0.00,,false,1,12.90,0.00,true,1,215443
7290104061431,false,סלט חומוס וצנובר,"שטראוס גרופ בע""מ",IL,חומוס צנובר 400 גרם,,0.00,,false,1,12.90,0.00,true,1,215444
7290104061448,false,סלט חומוס וחריף,"שטראוס גרופ בע""מ",IL,חומוס חריף 400 גרם,,0.00,,false,1,12.90,0.00,true,1,215445
7290104067495,false,כיף כף אקסטרה קרם חל,שטראוס גרופ,,כיף כף אקסטרה קרם חלב 45 גרם,,0.00,,false,1,6.90,0.00,true,1,225566
7290104067679,false,טחינה אחלה 400 גרם,"שטראוס גרופ בע""מ",IL,טחינה 400,,0.00,,false,1,11.90,0.00,true,1,235531
7290104068539,false,מסטיק מאסט מלון ואבט,"שטראוס גרופ בע""מ",IL,מסטיק מאסט מלון ואבטיח 28 גרם,,0.00,,false,1,6.00,0.00,true,1,216868
7290104289552,false,מטריה מיני שחור,סיגו ינקו,,מטריה מיני שחור,,0.00,,false,1,19.90,0.00,true,1,259056
7290104500572,false,אפרופו איטליאנו,"אסם השקעות בע""מ",IL,אפרופו איטלקי 36*50גרם,,0.00,,false,1,7.90,0.00,true,1,218826
7290104501661,false,פודינג אינסטנט וניל,"אסם השקעות בע""מ",IL,אסם פודינג בטעם וניל צרפתי 12*80גרם,,0.00,,false,1,6.50,0.00,true,1,217737
7290104508943,false,במבה קלאסי 200 גרם,"אסם השקעות בע""מ",IL,במבה קלאסי 18*200 גרם,,0.00,,false,1,13.90,0.00,true,1,220145
7290104722530,false,תפוציפס שמנת בצל200,"שטראוס פריטו ליי בע""",IL,תפו שמנת בצל 200 גר 12 יח - שמיטה,,0.00,,false,1,15.50,0.00,true,1,217440
7290104728310,false,שמנת עמידה לקצפת 38%,מחלבת יטבתה,IL,שמנת להקצפה 38% מהדרין,,0.00,,false,1,6.47,0.00,true,1,218967
7290104729003,false,שמן זית כתית מעולה י,מכוורת יד מרדכי שטרא,IL,שמן זית כתית מעולה 750 מוצר מדבקה,,0.00,,false,1,39.90,0.00,true,1,244917
7290104961243,false,תחליב רחצה מגע קטיפה,ג'נרל מילס סאן אדריא,IL,"נקה 7 תחליב רחצה קוקוס ויסמין 750 מ""ל",,0.00,,false,1,12.90,0.00,true,1,256982
7290104962080,false,טיטניום גולד ספריי,משווק: קוסמופארם בעמ,IL,טיטניום גולד ספריי גוף לגבר,,0.00,,false,1,16.90,0.00,true,1,257136
7290105360250,false,קפסולות מקיאטו 10 יח,שטראוס קפה בי.וי.,IL,קפסולות 09 למכונות NESPRESSO,,0.00,,false,1,19.90,0.00,true,1,223787
7290105360328,false,קפסולות קפה אספרסו 1,שטראוס קפה בי.וי.,IL,קפסולות 10 למכונות נספרסו,,0.00,,false,1,19.90,0.00,true,1,223744
7290105360335,false,קפסולות אספרסו 10 יח,שטראוס קפה בי.וי.,IL,קפסולות 07 למכונות NESPRESSO,,0.00,,false,1,19.90,0.00,true,1,223745
7290105362339,false,שמנת לבישול 15%,מחלבת יטבתה,IL,שמנת לבישול 15% מהדרין- ח,,0.00,,false,1,9.00,0.00,true,1,256147
7290105363602,false,מקלות כיף כף קלאסי,שולן צ'יקולטה,TR,כיף כף מקלות קלאסי,,0.00,,false,1,6.90,0.00,true,1,222864
7290105364289,false,מקלות כיף כף פצפוצים,שולן צ'יקולטה,TR,כיף כף מקלות פצפוצים,,0.00,,false,1,6.90,0.00,true,1,222865
7290105364302,false,מקלות כיף כף אגוזים,שולן צ'יקולטה,TR,כיף כף מקלות אגוזים,,0.00,,false,1,6.90,0.00,true,1,222866
7290105366993,false,גבינת סימפוניה פלפל,"שטראוס בריאות בע""מ",IL,סימפוניה פילפל שיפקה חריף,,0.00,,false,1,12.70,0.00,true,1,226737
7290105368331,false,מילקי תות 133 גרם,מחלבת אחיהוד,IL,מילקי בטעם תות,,0.00,,false,1,3.30,0.00,true,1,221602
7290105368904,false,שמנת מתוקה 250 32% מ,מחלבת יטבתה,IL,שמנת מתוקה להקצפה 32% מהדרין-ח,,0.00,,false,1,7.90,0.00,true,1,255932
7290105368959,false,משקה פונץ בננה פקק ס,מחלבת יטבתה,IL,"פונץ' בננה פקק 250 מ""ל",,0.00,,false,1,7.50,0.00,true,1,221374
7290105369130,false,גבינת סימפוניה 5% בצ,"שטראוס בריאות בע""מ",IL,סימפוניה בצל ירוק 2022,,0.00,,false,1,12.70,0.00,true,1,223472
7290105431516,false,מאגדת חטיף תמרים,טבעית מוצרים מן הטבע,IL,"FREE חטיף תמרים ובוטנים, 5 חטיפים, 125 גרם",,0.00,,false,1,17.90,0.00,true,1,224055
7290105431868,false,פלמוליב ספא קוקוס 50,קולגייט פלמוליב,TR,500 מל סבון נוזלי פלמוליב חלב קוקוס,,0.00,,false,1,19.90,0.00,true,1,226660
7290105436382,false,מאגדת חטיף תמרים,טבעית מוצרים מן הטבע,IL,"FREE חטיף תמרים ואגוזי קשיו, 5 חטיפים, 125 גרם",,0.00,,false,1,17.90,0.00,true,1,229650
7290105500151,false,וודקה פינלנדיה בקבוק,"אלטיה קורפ, הלסינקי,",FI,"פינלנדיה 700 מ""ל",,0.00,,false,1,79.90,0.00,true,1,222012
7290105501547,false,מארז גריי גוס 700 פל,בקרדי מרטיני,FR,מארז גריי גוס 700 פלוס כוס,,0.00,,false,1,149.90,0.00,true,1,259147
7290105691224,false,טורטייה שום בצל 60 ג,"מיוצר ע""י PT, משווק",IL,אסם חטיפי פריכונים טורטיה שום בצל 12*60ג,,0.00,,false,1,8.50,0.00,true,1,220351
7290105691934,false,"קמח שמרים 1 ק""ג","קוד יצרן TKMB, משווק",IL,אסם קמח שמרים 10*1קג,,0.00,,false,1,11.90,0.00,true,1,222450
7290105962980,false,כרוב אדום 400 גרם,"שטראוס גרופ בע""מ",IL,כרוב סגול במיונז 400 גרם,,0.00,,false,1,11.90,0.00,true,1,235530
7290105962997,false,חציל במיונז 400 גרם,"שטראוס גרופ בע""מ",IL,חציל מיונז 400,,0.00,,false,1,11.90,0.00,true,1,235529
7290105963000,false,מטבוחה 400 גרם,"שטראוס גרופ בע""מ",IL,מטבוחה 400,,0.00,,false,1,11.90,0.00,true,1,232691
7290105965738,false,משקה יוגורט דנונה תו,"שטראוס בריאות בע""מ",IL,דנונה לשתיה תות בננה 267גר',,0.00,,false,1,6.90,0.00,true,1,227750
7290105968777,false,פריכיות 5 דגנים עם ש,"טחנת האבן תעשיות בע""",IL,פריכיות אנרגי תחתית ש.מריר OS,,0.00,,false,1,9.90,0.00,true,1,224377
7290106520066,false,רבע לשבע אגוזים 160,הגביע מוצרי וופלים ב,IL,רבע לשבע (ירוק) 160 גר',,0.00,,false,1,16.90,0.00,true,1,223049
7290106520288,false,WOW יוגורט דנונה תות,"שטראוס בריאות בע""מ",IL,WOW יוגורט דנונה תות 150 גרם,,0.00,,false,1,5.50,0.00,true,1,236770
7290106520912,false,שמנת לבישול 9%,מחלבת יטבתה,IL,שמנת לבישול 9% מהדרין-ח,,0.00,,false,1,9.00,0.00,true,1,255933
7290106524439,false,תפוציפס פופס 60 גרם,"שטראוס פריטו ליי בע""",IL,תפו פופס 60 גר 40 יח,,0.00,,false,1,5.90,0.00,true,1,243167
7290106526822,false,פריכיות אנרגי תחתית,"טחנת האבן תעשיות בע""",IL,פריכיות אנרגי תחתית ש.חלב OS,,0.00,,false,1,9.90,0.00,true,1,226860
7290106528567,false,דוריטוס גריל 185 גרם,שטראוס פריטו ליי בע,IL,דוריטוס גריל 185 גר 12 יח,,0.00,,false,1,11.90,0.00,true,1,237489
7290106528628,false,דוריטוס טבעי 185 גרם,"שטראוס פריטו ליי בע""",IL,דוריטוס DIPPAS טבעי 185 גר 12 יח,,0.00,,false,1,11.90,0.00,true,1,237490
7290106572065,false,חטיפי טורטיה תירס,"מיוצר ע""י PT, משווק",IL,אסם חטיפי פרכ.טורטיה תר.חמוץ מתוק 12*60ג,,0.00,,false,1,8.50,0.00,true,1,222988
7290106573291,false,קריספי טאפאס,מיוצר עי קונדיטוריית,IL,קריספי טאפאס פלפלים 8*150גרם,,0.00,,false,1,13.30,0.00,true,1,226394
7290106574120,false,שלגון גומיגם,גלידות נסטלה (נגה גל,IL,גומיגם קרחון שרבט עם סוכריות בפנים42*90ג,,0.00,,false,1,10.50,0.00,true,1,227028
7290106574953,false,בייגלה שטוחים עם שומ,אסם,IL,אסם בייגלה שטוחים שומשום 9*300גרם,,0.00,,false,1,14.90,0.00,true,1,225486
7290106574977,false,בייגלה שטוחים עם מלח,אסם,IL,אסם בייגלה שטוחים עם מלח 9*300גרם,,0.00,,false,1,14.90,0.00,true,1,225487
7290106578692,false,במבה ביסלי מיקס 80 ג,פרו מן יו פתרונות אר,IL,במבה ביסלי מיקס 36*80גרם,,0.00,,false,1,7.90,0.00,true,1,228011
7290106650930,false,כשלפ טורקי עלית 85 ג,שטראוס קפה בי.וי.,IL,כשלפ טורקי עלית 85 גר,,0.00,,false,1,8.90,0.00,true,1,260075
7290106653207,false,פיתה קראנצ בטעם זעתר,הנסיך- מפעל לייצור ט,IL,פיתה קראנצ זעתר 300 גר 12 יח,,0.00,,false,1,15.90,0.00,true,1,224596
7290106653504,false,בוטנים אמריקאים סבבה,"שטראוס פריטו ליי בע""",IL,בוטנים ברביקיו ללא תקשור 50 גר 50,,0.00,,false,1,3.00,0.00,true,1,226551
7290106660915,false,מקופלת XL מריר 33 גר,מיוצר עי קונדיטוריית,IL,כשלפ מקופלת XL מריר,,0.00,,false,1,6.90,0.00,true,1,231302
7290106662025,false,תפוציפס מלח פלפל 50,"שטראוס פריטו ליי בע""",IL,תפו מלח פלפל 50 גר 48 יח - שמיטה,,0.00,,false,1,5.90,0.00,true,1,241171
7290106662964,false,סוכריות נוסטלגיה גומ,טופגאם תעשיות ממתקים,IL,סוכ' נוסטלגיה גומי יין,,0.00,,false,1,7.50,0.00,true,1,233463
7290106663121,false,עוגת מילקי CAKE אישי,בובארד איטליה אס.פי.,IT,עוגת מילקי CAKE אישית 34 גרם,,0.00,,false,1,4.00,0.00,true,1,234273
7290106663503,false,קונפיטורה לייט תות ש,"ב.א. מזון בע""מ",IL,קונפיטורת תות שדה לייט,,0.00,,false,1,15.70,0.00,true,1,230527
7290106664067,false,גבינת לאבנה 10% שמן,"מחלבות בר בכפר בע""מ",IL,לאבנה שמן זית וזעתר 10% שומן,,0.00,,false,1,17.90,0.00,true,1,236082
7290106667266,false,דוריטוס חמוץ חריף 18,שטראוס פריטו ליי בע,IL,דוריטוס חמוץ חריף 185 גר 12 יח,,0.00,,false,1,11.90,0.00,true,1,237487
7290106668577,false,מיץ לימון טבעי יד מר,יורופוד ס.ר.ל,IT,"מיץ לימון טבעי 250 מ""ל",,0.00,,false,1,9.80,0.00,true,1,234044
7290106669857,false,קפסולות אספרסו וניל,שטראוס קפה בי.וי.,IL,קפסולות וניל למכונות NESPRESSO,,0.00,,false,1,19.90,0.00,true,1,240974
7290106720626,false,חטיף ציטוס גבינה 80,"שטראוס פריטו ליי בע""",IL,ציטוס גבינה 80 ג 48 יח רבנות,,0.00,,false,1,5.90,0.00,true,1,241463
7290106721913,false,מסטיק מאסט ריח פה צי,"שטראוס גרופ בע""מ",IL,"צנצנת מאסט מנטה מרעננת לל""ס 66 גרם",,0.00,,false,1,11.90,0.00,true,1,233467
7290106721920,false,מסטיק מאסט ספירמינט,"שטראוס גרופ בע""מ.",IL,"צנצנת ספירמינט לל""ס 66 גרם",,0.00,,false,1,11.90,0.00,true,1,233468
7290106725423,false,רבע לשבע חלבה 120 גר,היינץ צפון אמריקה מק,IL,רבע לשבע חלבה,,0.00,,false,1,16.90,0.00,true,1,234050
7290106725867,false,סירופ מייפל טבעי 189,ציטדל,CA,"סירופ מייפל טבעי 189 מ""ל",,0.00,,false,1,42.90,0.00,true,1,236070
7290106726161,false,יוגורט דנונה פרו אפר,"שטראוס בריאות בע""מ",IL,דנונה WOW אפרסק,,0.00,,false,1,5.50,0.00,true,1,236074
7290106727984,false,כיף כף פצפצים 135 גר,שולן צ'יקולטה גידה ס,TR,גביע פצפצים 135 ג' 2016,,0.00,,false,1,14.90,0.00,true,1,239325
7290107280020,false,שלישיה מטליות לחות ל,טרופיקל דגיל- תעשיות,IL,שלישיה מטליות לחות לניקוי כללי,,0.00,,false,1,25.60,0.00,true,1,225092
7290107280389,false,סנו גט לאמבט,"איי, בי, אינבוו",IL,סנו ג'ט אמבטיה מרסס 750 מ''ל,,0.00,,false,1,16.90,0.00,true,1,256029
7290107280655,false,א.כביסה מקסימה בייבי,הורביץ סחר,IL,אבקת כביסה מרוכזת,,0.00,,false,1,32.90,0.00,true,1,257224
7290107280761,false,נוזל כלים לימון,סנו מפעלי ברונוס בעמ,IL,ספארק משאבה לימון 1ל,,0.00,,false,1,14.90,0.00,true,1,231427
7290107641456,false,חטיף קליק קרם חלב 38,אתר צפת חטיפים - Foo,,חטיף קליק קרם חלב 38 גרם,,0.00,,false,1,7.50,0.00,true,1,235906
7290107645928,false,קליק ביסקויט לבן 75,מיוצר עי קונדיטוריית,IL,קליק ביסקוויט לבן,,0.00,,false,1,9.00,0.00,true,1,257518
7290107645935,false,קליק כדורים לבנים 75,יוניליוור,,קליק כדורים לבנים 75 גרם,,0.00,,false,1,8.90,0.00,true,1,257517
7290107646154,false,חטיף קוקומן פצפוצים,יוניליוור ישראל מזון,IL,"קוקומן חטיף פצפוצי דגנים בטעם שוקולד, 126 גרם",,0.00,,false,1,15.90,0.00,true,1,244291
7290107646819,false,בייגלה רולים במילוי,בייגל בייגל,,בייגלה רולים במילוי קרם שוקולד 80 גרם,,0.00,,false,1,7.00,0.00,true,1,257536
7290107648080,false,חטיף קליק קרם נוגט 3,יוניליוור ישראל מזון,IL,קליק שוקולד חלב במילוי קרם נוגט 38 גרם,,0.00,,false,1,7.50,0.00,true,1,243014
7290107649117,false,קליק שוקולד חלב במיל,יוניליוור ישראל מזון,IL,קליק שוקולד חלב במילוי קרם חלב,,0.00,,false,1,7.50,0.00,true,1,248204
7290107649605,false,קליק טבלאות פתיתי תי,יוניליוור ישראל מזון,IL,קליק שוקולד חלב קורנפלקס ופצפוצים 85 גרם,,0.00,,false,1,9.90,0.00,true,1,245063
7290107649681,false,קורנטו פסק זמן 64 גר,"מיוצר ע""י גלידת שטרא",IL,קורנטו טילון פסק זמן בטעם נוגט ושוקולד 64 גרם,,0.00,,false,1,10.90,0.00,true,1,248838
7290107649780,false,שוקובו שוקו 85 גרם,"מיוצר ע""י גלידת שטרא",IL,שוקובו שוקו 85 גרם,,0.00,,false,1,12.90,0.00,true,1,248841
7290107649858,false,טילון מגנום לבן גליד,"מיוצר ע""י גלידת שטרא",IL,מגנום טילון שוקולד לבן 100 גרם,,0.00,,false,1,13.50,0.00,true,1,249300
7290107865166,false,סמארט 4500 שאיפות תפ,shenzhen shengsi,CN,סמארט 4500 שאיפות תפוח,,0.00,,false,1,149.90,0.00,false,1,260705
7290107865227,false,סמארט 4500 שאיפות פי,shenzhen shengsi,CN,סמארט 4500 שאיפות פירות,,0.00,,false,1,149.90,0.00,false,1,260706
7290107870047,false,טילון אקסטרים ענק בר,גלידות נסטלה,IL,אקסטרים טילון בראוניז מטבע ענק 18*115גרם,,0.00,,false,1,12.50,0.00,true,1,231448
7290107871990,false,פסטה צינורות אסם 500,פסטה זארה,IT,אסם פסטה צינורות איטלקי 12*500גרם,,0.00,,false,1,6.90,0.00,true,1,230048
7290107879620,false,קרחון שרבט לה פרוטה,המאפיה של הרמן,IL,לה פרוטה תפוח מלון 36*70גרם,,0.00,,false,1,8.90,0.00,true,1,236721
7290107879668,false,קרחון שרבט לה פרוטה,המאפיה של הרמן,IL,לה פרוטה תות 36*70גרם,,0.00,,false,1,8.90,0.00,true,1,236718
7290107931397,false,חטיף כיף כף פצפצים 4,שולן צ'יקולטה גידה ס,TR,כיף כף פצפצים,,0.00,,false,1,6.90,0.00,true,1,237774
7290107932080,false,חלב בקבוק 3% מועשר 1,מחלבת יטבתה,IL,חלב בבקבוק 3% מועשר- מהדרין,,0.00,,false,1,8.50,0.00,true,1,236002
7290107932134,false,חלב בקבוק 1% מועשר 1,מחלבת יטבתה,IL,חלב בבקבוק 1% מועשר- מהדרין,,0.00,,false,1,8.50,0.00,true,1,236003
7290107933643,false,משקה חלב עם דגנים וב,מחלבת יטבתה,IL,"ארוחה קטנה בבקבוק בננה לל""ג",,0.00,,false,1,5.90,0.00,true,1,237478
7290107933650,false,משקה חלב עם דגנים ות,מחלבת יטבתה,IL,"ארוחה קטנה בבקבוק תות לל""ג",,0.00,,false,1,5.90,0.00,true,1,237477
7290107936958,false,ביסקוויט עד חצות אצב,ביסקוויטס טור ד'אלבו,FR,עד חצות אצבעות,,0.00,,false,1,14.90,0.00,true,1,242839
7290107936965,false,ביסקוויט עיגולים עד,ביסקווטרי עוגיות סנט,FR,עד חצות עיגולים,,0.00,,false,1,18.90,0.00,true,1,242838
7290107937627,false,מסטיק מאסט קוביות ספ,אסקום קונפקשיין,DE,צנצנת קוביות מנטה עדינה 58 גרם,,0.00,,false,1,11.90,0.00,true,1,239707
7290107937634,false,מסטיק מאסט קוביות פפ,אסקום קונפקשיין,DE,צנצנת קוביות מנטה 58 גרם,,0.00,,false,1,11.90,0.00,true,1,239716
7290107937641,false,מסטיק מאסט קוביות בז,אסקום קונפקשיין,DE,צנצנת קוביות בזוקה 58 גרם,,0.00,,false,1,11.90,0.00,true,1,239709
7290107937856,false,קפסולות קפה מספר 11,שטראוס קפה בי.וי.,IL,קפסולות 11 למכונות נספרסו,,0.00,,false,1,19.90,0.00,true,1,239669
7290107942249,false,מעדן ספלנדיד שוקולד,מיוצר עי קונדיטוריית,IL,ספלנדיד שוקולד לבן,,0.00,,false,1,3.50,0.00,true,1,257447
7290107942454,false,ממרח פסק זמן מגדים 7,"שטראוס גרופ בע""מ",IL,ממרח פסק זמן מגדים  700 גרם,,0.00,,false,1,24.90,0.00,true,1,241620
7290107944243,false,אפיפיות בטעם שוקולד,"שטראוס גרופ בע""מ",IL,אפיפיות בטעם שוקולד 200 גרם,,0.00,,false,1,9.90,0.00,true,1,242550
7290107944472,false,גבינת סימפוניה שום ש,"שטראוס בריאות בע""מ",IL,סימפוניה שום שמיר 5%,,0.00,,false,1,12.70,0.00,true,1,240055
7290107945165,false,קונפיטורה משמש 340 ג,"ב.א. מזון בע""מ",IL,קונפיטורת משמש 340 גרם,,0.00,,false,1,15.90,0.00,true,1,241115
7290107951104,false,בפלות שוקולד 200 גרם,"א.ג. גילרו בע""מ",IL,בפלות שוקולד 200 גרם,,0.00,,false,1,6.90,0.00,true,1,240131
7290107951715,false,מסטיק מאסט קוביות ענ,אסקום קונפקשיין,IL,צנצנת קוביות ענבים 58 גרם,,0.00,,false,1,11.90,0.00,true,1,241109
7290107953559,false,מארז טורקי לדרך 168,שטראוס קפה בי.וי.,IL,מארז טורקי לדרך 168 גר,,0.00,,false,1,22.90,0.00,true,1,244253
7290107954976,false,משקה יטבתה פרו קפה 3,מילקוורק,DE,משקה קפה עם חלבון חלב 350 מיל,,0.00,,false,1,7.50,0.00,true,1,242215
7290107955355,false,משלוח מנות מסיכה 201,שטראוס,,משלוח מנות מסיכה 2018,,0.00,,false,1,9.90,0.00,true,1,243312
7290107956642,false,"תרסיס שמן זית 150 מ""",אטייטס מאבה ספרד,ES,"תרסיס שמן זית 150 מ""ל",,0.00,,false,1,19.90,0.00,true,1,243334
7290107956901,true,קפסולות אגוזי לוז למ,שטראוס קפה בי.וי.,IL,קפסולות אגוזי לוז למכונות NESPRESSO,,0.00,,false,1,19.90,0.00,true,1,244921
7290107956925,true,קפסולות קפה אספרסו 1,שטראוס קפה בי.וי.,IL,קפסולות אוגנדה מס' 13,,0.00,,false,1,19.90,0.00,true,1,246904
7290107956932,true,קפסולות אינדונזיה,שטראוס קפה בי.וי.,IL,קפסולות קפה עלית אינדונזיה מס' 12,,0.00,,false,1,19.90,0.00,true,1,244922
7290107957069,false,מסטיק עלמה בצנצנת בט,"שטראוס גרופ בע""מ",IL,"צנצנת עלמה בטעם אוכמניות לל""ס 66 גרם",,0.00,,false,1,11.90,0.00,true,1,242834
7290107957076,false,מסטיק עלמה בצנצנת בט,"שטראוס גרופ בע""מ",IL,מסטיק עלמה בצנצנת בטעם ספירמינט 66 גרם,,0.00,,false,1,11.90,0.00,true,1,242835
7290107957779,false,מעדן דניאלה אפרסק 88,מיוצר עי קונדיטוריית,IL,דניאלה אפרסק,,0.00,,false,1,4.90,0.00,true,1,243335
7290107958462,false,רבע לשבע להקפאה שוקו,היינץ צפון אמריקה מק,IL,רבע לשבע להקפאה שוקולד בדצ,,0.00,,false,1,16.90,0.00,true,1,244496
7290108200225,true,וניש גולד אבקה ורוד,השחר,IT,מסיר כתמים אבקה וניש קליה 470 גרם,,0.00,,false,1,22.90,0.00,true,1,233508
7290108200232,true,וניש גולד אבקה לבן,,,וניש גולד אבקה לבן 470 גרם,,0.00,,false,1,22.90,0.00,true,1,233509
7290108351156,false,סנו גט לניקוי כללי ו,"סנו מפעלי ברונוס בע""",IL,ג'ט + לניקוי כללי ורצפות בתוספת חומץ 1.5 ליטר,,0.00,,false,1,15.90,0.00,true,1,240487
7290108351507,false,מרכך כביסה מקסימה 4ל,הורביץ סחר,IL,מרכך כביסה מקסימה 4ליטר SOFT SILK,,0.00,,false,1,26.90,0.00,true,1,240241
7290108351552,false,סנו גט פלוס לניקוי כ,"סנו מפעלי ברונוס בע""",IL,"סנו ג'ט+ לניקוי כללי בתוספת חומץ מרסס 750 מ""ל",,0.00,,false,1,18.90,0.00,true,1,243208
7290108351569,false,מבשם ומרכך כביסה למי,"איי, בי, אינבוו",IL,"מקסימה למייבש הכביסה בייבי 750 מ""ל",,0.00,,false,1,19.90,0.00,true,1,242344
7290108351583,false,גט לניקוי אסלות,טרופיקל דגיל תעשיות,IL,גט לניקוי אסלות,,0.00,,false,1,11.90,0.00,true,1,245852
7290108351613,false,ריצפז פרש הום,"סנו מפעלי ברונוס בע""",IL,'רצפז פ.הום מלון חלומי 2 ליטר,,0.00,,false,1,23.90,0.00,true,1,242347
7290108351699,false,מגבונים גט + חומץ מא,סנו מפעלי ברונוס על,IL,מגבונים גט + חומץ מא,,0.00,,false,1,22.90,0.00,true,1,246452
7290108351781,false,גט לניקוי אסלות בניח,"סנו מפעלי ברונוס בע""",IL,גט לניקוי אסלות בניחוח הדרים,,0.00,,false,1,11.90,0.00,true,1,257876
7290108351842,false,מקסימה בישום עוצמתי,"איי, בי, אינבוו",IL,מקסימה HORIZON בושם לכביסה 600 מל,,0.00,,false,1,28.90,0.00,true,1,248014
7290108351972,false,סנו פרש הום יבש מלון,סנו מפעלי ברונוס בעמ,IL,מבשם לבית ולטקסטיל בניחוח מלון בוטיק 200 מל,,0.00,,false,1,22.90,0.00,true,1,250477
7290108351989,false,סנו פרש הום יבש מלון,סנו מפעלי ברונוס בעמ,IL,מבשם לבית ולטקסטיל בניחוח מלון מפנק 200 מל,,0.00,,false,1,12.90,0.00,true,1,250476
7290108352290,false,סנו שלישיית מטליות ל,מיוצר עי קונדיטוריית,IL,סנו שלישיית מטליות לחיטוי ולניקוי אמבטי,,0.00,,false,1,23.90,0.00,true,1,258187
7290108352689,false,כריות קרצוף ללכלוך ק,טרופיקל דגיל תעשיות,US,"סנו סושי - 9 כריות קרצוף ללכלוך קשה (24X9 ס""מ)",,0.00,,false,1,10.30,0.00,true,1,238164
7290108353426,false,מברשת שיניים אורביטו,"Z.H.T Plastic, China",CN,מברשת שיניים אורביטול 808 זוג,,0.00,,false,1,19.90,0.00,true,1,251015
7290108353433,false,שטיפת מי פה אורביטול,"קוסמופארם בע""מ",IL,שטיפת מי פה אורביטול,,0.00,,false,1,24.70,0.00,true,1,247608
7290108353488,false,סנובון מוצק דיזיין ב,סנו מפעלי ברונוס בעמ,IL,סבון אסלה בניחוח סחלב פראי,,0.00,,false,1,7.90,0.00,true,1,249830
7290108354355,false,סנו 20 מגבוני ידיים,דן - מור חומרי טבע ו,IL,מגבונים היגיינים לניקוי הידיים 20 יח,,0.00,,false,1,11.90,0.00,true,1,252869
7290108355154,false,שמני הזנה - שמפו 750,גוד פוד פרודקטס S.p,IL,"נקה 7 שמפו שמני הזנה לכל סוגי השיער, 750 מ""ל",,0.00,,false,1,13.90,0.00,true,1,257772
7290108355260,false,שמפו + גל רחצה וסבון,גוד פוד פרודקטס S.p,IL,נקה 7 - שמפו + מרכך,,0.00,,false,1,13.90,0.00,true,1,247060
7290108355291,false,קרם להתרת קשרים סירו,קוסמופארם בעמ,IL,נקה 7 סירוק קל קרם להתרת קשרים 750 מל,,0.00,,false,1,15.90,0.00,true,1,258001
7290108356113,false,כיף תחליב רחצה מילק,קוסמופארם בעמ,IL,"כיף תחליב רחצה חלב ודבש, 700 מל",,0.00,,false,1,14.90,0.00,true,1,247615
7290108357028,false,תחליב רחצה כיף ורד ו,קוסמופארם בעמ,IL,"תחליב רחצה כיף ורד ושמן קוקוי 700 מ""ל",,0.00,,false,1,14.90,0.00,true,1,250834
7290108357189,false,מבשם מקסימה למייבש F,"איי, בי, אינבוו",IL,מבשם מקסימה למייבש FLORAL TOUCH,,0.00,,false,1,19.90,0.00,true,1,250962
7290108357301,false,סנו K300 קוטל חרקים,"סנו מפעלי ברונוס בע""",IL,סנו K300 קוטל תיקנים נמלים וחרקים 300 מל,,0.00,,false,1,14.90,0.00,true,1,260102
7290108357707,false,כיף שמפו לשיער רגיל,גוד פוד פרודקטס S.p,IL,כיף שמפו לשיער רגיל תפוח זרעי ציה 700 מ,,0.00,,false,1,14.90,0.00,true,1,248205
7290108359879,false,אל סבון בייבי כיף 75,קוסמופארם בעמ,IL,"בייבי כיף אל סבון 24 שעות לחות, 750 מל",,0.00,,false,1,18.90,0.00,true,1,247610
7290108502329,true,נתחי טונה בשמן זית 6,ארזינא,TH,נתחי טונה בשמן זית 640 גרם ויליפוד 1/4,,0.00,,false,1,30.90,0.00,true,1,247113
7290108503043,false,תפוחונים מיובשים מאר,הביי דונגפנג פוד קו.,CN,תפוחונים מיובשים מארז 3+1 88 גרם,,0.00,,false,1,14.50,0.00,true,1,248403
7290108941692,false,כריך שמיניה סלט ביצי,עינת,IL,כריך שמיניה סלט ביצים,,0.00,,false,1,18.90,0.00,true,1,256141
7290108941753,false,גבטה דאבל בשר 295גרם,עינת,IL,גבטה דאבל בשר 295גרם,,0.00,,false,1,27.00,0.00,true,1,256137
7290108941760,false,גבטה סביח305גרם,עינת,IL,גבטה סביח305גרם,,0.00,,false,1,27.00,0.00,true,1,256140
7290108941791,false,"סלט השוק 1000 מ""ל",עינת,IL,"סלט השוק 1000 מ""ל",,0.00,,false,1,24.90,0.00,true,1,256144
7290108941807,false,"סלט רענן 1000 מ""ל",עינת,IL,"סלט רענן 1000 מ""ל",,0.00,,false,1,24.90,0.00,true,1,256143
7290108941821,false,"סלט הכפר 1000 מ""ל",עינת,IL,"סלט הכפר 1000 מ""ל",,0.00,,false,1,24.90,0.00,true,1,256142
7290109291123,false,מידנית עם כתפיות,,,מידנית עם כתפיות,,0.00,,false,1,29.90,0.00,true,1,244077
7290109354804,false,חזרת צבר 180 גרם,לחמנו,IL,סלטי צבר חזרת 6*180גרם,,0.00,,false,1,13.90,0.00,true,1,256230
7290109355504,false,שלגון קראנץ וניל נוג,נטו מלינדה-בשר,IL,נסטלה קראנץ ונל.ליבת נגט.שקלד.לבן28*100ג,,0.00,,false,1,12.50,0.00,true,1,240234
7290109357508,false,קריספי ברוסקטה אורגנ,דולפין ספא,IT,קריספי ברוסקטה אורגנו ש.זית 12*120ג,,0.00,,false,1,10.90,0.00,true,1,257503
7290109358482,false,קרמוגית אסם במילוי ח,הגביע מוצרי וופלים ב,IL,אסם קרמוגית במילוי חלבה 12*200גרם,,0.00,,false,1,14.90,0.00,true,1,248072
7290109358567,false,ספגטי פלוס 400 גרם,,IT,ספגטי פלוס 400 גרם,,0.00,,false,1,6.90,0.00,true,1,257524
7290109358765,false,דגני קראנץ רולס 450,"אסם השקעות בע""מ",IL,דגני קראנץ רולס 450 גרם,,0.00,,false,1,27.90,0.00,true,1,241512
7290109580098,false,קבנוס בטעם סרירצה 13,זוגלובק,IL,קבנוס בטעם סרירצה 135 גרם,,0.00,,false,1,12.90,0.00,true,1,259809
7290109580111,false,צלעות אסאדו מעושנות,זוגלובק,IL,צלעות אסאדו מעושנות פרימיום 120 גרם,,0.00,,false,1,24.90,0.00,true,1,259808
7290109580432,false,פסטרמה חזה הודו מעוש,זוגלובק,IL,פסטרמה חזה הודו מעושן 120 גר דק דק,,0.00,,false,1,15.90,0.00,true,1,260502
7290110110468,false,משקל פריגת צלול אפרס,מבשלות בירה בינלאומי,IL,פריגת צלול משקה קל אפרסקים תפוחים,,0.00,,false,1,9.50,0.00,true,1,244218
7290110110475,false,משקל פריגת צלול אננס,מבשלות בירה בינלאומי,IL,פריגת צלול משקה קל אננס,,0.00,,false,1,9.50,0.00,true,1,244219
7290110110635,false,"ספרייט בקבוק 500 מ""ל",החברה המרכזית לייצור,IL,"ספרייט בקבוק 500 מ""ל",,0.00,,false,1,9.50,0.00,true,1,244225
7290110110659,false,ספרייט פחית סליק 330,החברה המרכזית לייצור,IL,"סליק ספרייט LIME 330 מ""ל מבצע",,0.00,,false,1,8.50,0.00,true,1,244224
7290110110765,false,FUZE TEA לימון נענע,מבשלות בירה בינלאומי,IL,פיוזטי גרין לימון נענע 0.5 ליטר,,0.00,,false,1,9.90,0.00,true,1,245633
7290110111557,false,פאוורייד ספורט500מל,Caslino al Piano pla,IT,פאוורייד ספורט500מל בטעם פירות,,0.00,,false,1,11.90,0.00,true,1,247528
7290110111564,false,פאוורייד ספורט 500מל,Caslino al Piano pla,IT,פאוורייד ספורט 500מל איזוטוני בטעם הדרים,,0.00,,false,1,11.90,0.00,true,1,247529
7290110112097,false,ויסוצקי אייס ארל גרי,מולינו ניקולי s.p.a,IL,"ויסוצקי ICE חליטת תה ארל גריי 350 מ""ל",,0.00,,false,1,9.90,0.00,true,1,249328
7290110113421,false,בירה קרלסברד LUMA בק,מבשלות בירה בינלאומי,IL,קרלסברג LUMA בק 330 בודד,,0.00,,false,1,15.90,0.00,true,1,252273
7290110113490,false,תה קר פיוזתה אפרסק 1,מבשלות בירה בינלאומי,IL,Fuze tea אפרסק 19 קלוריות 0.5 ליטר,,0.00,,false,1,9.90,0.00,true,1,252270
7290110113902,false,בירה טובורג פחית סלי,מבשלות בירה בינלאומי,IL,"טובורג רד פחית 330 מ""ל",,0.00,,false,1,10.90,0.00,true,1,258769
7290110113926,false,פאנטה ZERO אורנג 500,החברה המרכזית לייצור,IL,פאנטה ZERO אורנג 500 מל,,0.00,,false,1,9.50,0.00,true,1,258546
7290110114183,false,פריגת יוניקורן אננס,גת,IL,פריגת יוניקורן אננס אגס קווי תרד וספירול,,0.00,,false,1,12.50,0.00,true,1,260394
7290110114190,false,פריגת יוניקורן תפוח,גת,IL,"סחוט UNICORN תפוח ענבים אגס 400 מ""ל",,0.00,,false,1,12.50,0.00,true,1,260393
7290110114787,false,מי נביעות +בטעם תפוח,נביעות טבע הגליל בעמ,IL,נביעות+ בטעם תפוח 1.5 ליטר,,0.00,,false,1,13.90,0.00,true,1,259318
7290110114794,false,מי נביעות +בטעם אפרס,"נביעות טבע הגליל בע""",IL,נביעות + בטעם אפרסק 1.5 ליטר,,0.00,,false,1,13.90,0.00,true,1,259319
7290110114800,false,מי נביעות +בטעם ענבי,"נביעות טבע הגליל בע""",IL,נביעות + בטעם ענבים 1.5 ליטר,,0.00,,false,1,13.90,0.00,true,1,259320
7290110114855,false,מים נביעות שישייה בק,נביעות טבע הגליל בעמ,IL,6 נביעות 1.5 ליטר,,0.00,,false,6,20.90,0.00,true,1,259321
7290110114893,false,מיץ תפוזים סחוט פריג,גת,IL,סחוט תפוזים קלאסי 2 ליטר,,0.00,,false,1,32.90,0.00,true,1,259323
7290110114961,false,משקל פריגת תפוזים 1.,מבשלות בירה בינלאומי,IL,"פריגת תפוזים, 1.5 ליטר",,0.00,,false,1,14.90,0.00,true,1,259325
7290110114985,false,משקל פריגת אשכוליות,מבשלות בירה בינלאומי,IL,פריגת בטעם אשכוליות 1.5 ליטר,,0.00,,false,1,14.90,0.00,true,1,259326
7290110115005,false,משקל פריגת ענבים 1.5,מבשלות בירה בינלאומי,IL,משקה קל פירות ענבים תפוחים,,0.00,,false,1,14.90,0.00,true,1,259327
7290110115029,false,משקל פריגת תפוחים 1.,מבשלות בירה בינלאומי,IL,פריגת בטעם תפוחים 1.5 ליטר,,0.00,,false,1,14.90,0.00,true,1,259328
7290110115036,false,משקל פריגת מנגו 1.5,מבשלות בירה בינלאומי,IL,"משק""ל מנגו 1.5 ליטר",,0.00,,false,1,14.90,0.00,true,1,259329
7290110115043,false,משקל פריגת לימונענע,מבשלות בירה בינלאומי,IL,משקה קל פירות לימונענע,,0.00,,false,1,14.90,0.00,true,1,259380
7290110115050,false,משקל פריגת תות בננה,מבשלות בירה בינלאומי,IL,פריגת טעם תות בננה 1.5 ליטר,,0.00,,false,1,14.90,0.00,true,1,259330
7290110115180,false,מים נביעות בקבוק 1.5,"נביעות טבע הגליל בע""",IL,נביעות 1.5 ליטר,,0.00,,false,1,8.20,0.00,true,1,259381
7290110115258,false,קולה ZERO מנגו 1.5 ל,החברה המרכזית לייצור,IL,קולה ZERO מנגו 1.5 ליטר,,0.00,,false,1,14.50,0.00,true,1,259334
7290110115296,false,פאנטה אורנג בקבוק 1.,החברה המרכזית לייצור,IL,פאנטה אורנג' 1.5 ליטר,,0.00,,false,1,13.50,0.00,true,1,259337
7290110115319,false,פאנטה אקזוטיק בקבוק,החברה המרכזית לייצור,IL,פאנטה אקזוטיק 1.5 ליטר,,0.00,,false,1,13.90,0.00,true,1,259338
7290110115449,false,תה קר FUZE TEA מנגו,מבשלות בירה בינלאומי,IL,פיוזטי מנגו אננס 1.5 ליטר,,0.00,,false,1,14.50,0.00,true,1,259342
7290110115463,false,תה קר FUZE TEA אפרסק,מבשלות בירה בינלאומי,IL,פיוזטי אפרסק 1.5 ליטר,,0.00,,false,1,14.50,0.00,true,1,259344
7290110115494,false,תה קר FUZE TEA ענבים,מבשלות בירה בינלאומי,IL,פיוזטי ענבים 1.5 ליטר,,0.00,,false,1,14.50,0.00,true,1,259346
7290110115654,false,ZERO פיוז טי גרין אנ,מבשלות בירה בינלאומי,IL,פיוזטי ZERO גרין אננס 0.5 ליטר,,0.00,,false,1,9.90,0.00,true,1,259368
7290110115661,false,ZERO פיוז טי אפרסק 5,מבשלות בירה בינלאומי,IL,פיוזטי ZERO אפרסק 0.5 ליטר,,0.00,,false,1,9.90,0.00,true,1,259367
7290110115692,false,פריגת קוביות מלון אל,החברה המרכזית למשקאו,IL,"פריגת קוביות מלון אלוורה 315 מ""ל",,0.00,,false,1,10.90,0.00,true,1,260812
7290110115739,false,פריגת קוביות פינקולד,החברה המרכזית למשקאו,IL,"פריגת קוביות פינקולדה קוקוס 315 מ""ל",,0.00,,false,1,10.90,0.00,true,1,260811
7290110115777,false,מים נביעות בקבוק 1.5,נביעות,,מים נביעות בקבוק 1.5 ליטר,,0.00,,false,1,8.20,0.00,true,1,259382
7290110115845,false,קוקה קולה בקבוק 1.5,"אינסטנטה בע""מ",IL,קוקה קולה בקבוק 1.5 ליטר,,0.00,,false,1,14.50,0.00,true,1,259331
7290110116057,false,ZERO פאנטה פירות כח,החברה המרכזית לייצור,IL,"פאנטה ZERO כחול 500 מ""ל",,0.00,,false,1,9.50,0.00,true,1,260489
7290110116071,false,ZERO פאנטה פירות יר,החברה המרכזית לייצור,IL,"פאנטה ZERO ירוק 500 מ""ל",,0.00,,false,1,9.50,0.00,true,1,260490
7290110116200,false,נביעות + לימון ליים,"נביעות טבע הגליל בע""",IL,נביעות+ 0 קלוריות לימון ליים 0.5 ליטר,,0.00,,false,1,10.50,0.00,true,1,260952
7290110116224,false,נביעות +0 קלוריות אש,"נביעות טבע הגליל בע""",IL,נביעות+ 0 קלוריות אשכולית 0.5 ליטר,,0.00,,false,1,10.50,0.00,true,1,260951
7290110116385,false,קולה קולה זירו סטאפ,החברה המרכזית למשקאו,IL,קולה קולה זירו סטאפני 330 מל,,0.00,,false,1,9.50,0.00,true,1,260769
7290110116576,false,ספרייט זירו למון היט,החברה המרכזית לייצור,IL,"ספרייט זירו למון היט 500 מ""ל",,0.00,,false,1,9.50,0.00,true,1,261678
7290110320027,false,גבינת קממבר במשקל,תנובה,,גבינת קממבר במשקל,קילוגרמים,1.00,"ק""ג",true,,125.00,0.00,true,1,257474
7290110320317,false,קרם פרש 30% השף הלבן,תנובה,IL,תנובה השף הלבן קרם פרש 200 גרם,,0.00,,false,1,7.50,0.00,true,1,241244
7290110320737,false,מלית לבלינצס 4%שומן,תנובה,IL,מלית לבלינצס 4%שומן השף הלבן 250 גרם,,0.00,,false,1,7.90,0.00,true,1,244387
7290110320775,false,משקה יופלה בטעם קלאס,מיוצר עי קונדיטוריית,IL,משקה יופלה בטעם קלאסי שמינייה 856 גרם,,0.00,,false,1,17.50,0.00,true,1,257565
7290110320850,false,פתיתי עמק בשקית 200,"תנובה, מחלבת תל יוסף",IL,עמק פתיתים 28% שומן 200 גרם,,0.00,,false,1,16.90,0.00,true,1,242852
7290110320867,false,פתיתי עמק למאפים 28%,"תנובה, מחלבת תל יוסף",IL,עמק פתיתים 28% שומן 500 גרם,,0.00,,false,1,39.90,0.00,true,1,242625
7290110320935,false,פרוסות מוצרלה 150 גר,תנובה מחלבת תל יוסף,IL,תנובה פרוסות מוצרלה 20% שומן 150 גרם,,0.00,,false,1,19.90,0.00,true,1,242626
7290110321031,false,GO יוגורט יופלה שומן,"תנובה, מחלבת אלון תב",IL,"יופלה GO יוגורט מועשר בחלבון, 2% שומן",,0.00,,false,1,6.90,0.00,true,1,242618
7290110321048,false,יוגורט יופלה GO במתי,תנובה,IL,יוגורט יופלה GO במתיקות מעודנת 200 גרם,,0.00,,false,1,6.90,0.00,true,1,242619
7290110321055,false,משקה GO בטעם קפה ללא,תנובה,,"משקה GO בטעם קפה ללא סוכר 250 מ""ל",,0.00,,false,1,7.50,0.00,true,1,242353
7290110321222,false,YOLO מעדן שוקולד לבן,המאפיה של הרמן,IL,YOLO מעדן שוקולד לבן בטעם קרם פטיסייר,,0.00,,false,1,4.50,0.00,true,1,243037
7290110321284,false,קוטג בקטנה 9% 100 גר,"תנובה, מחלבת אלון תב",IL,תנובה קוטג' 9% בקטנה 100 גרם,,0.00,,false,1,2.70,0.00,true,1,243300
7290110321505,false,יופלה דיאט קוקוס 150,תנובה בעמ,IL,יופלה דיאט קוקוס 150 גרם,,0.00,,false,1,5.90,0.00,true,1,245711
7290110321536,true,משקה דיאט יופלה תות,תנובה,IL,משקה דיאט יופלה תות בננה 250 מל,,0.00,,false,1,6.90,0.00,true,1,247411
7290110321680,false,יוגורט יופלה GO תות,מחלבת אלון תבור,IL,יוגורט עם תות בתוספת חלבוני חלב,,0.00,,false,1,6.90,0.00,true,1,244276
7290110321697,false,יוגורט יופלה GO אפרס,מחלבת אלון תבור,IL,יוגורט עם אפרסק בתוספת חלבוני חלב,,0.00,,false,1,6.90,0.00,true,1,244277
7290110321703,false,יוגורט יופלה GO פירו,"תנובה בע""מ",IL,יוגורט עם פירות יער מועשר בחלבון,,0.00,,false,1,6.90,0.00,true,1,245712
7290110321789,false,קרם מסקרפונה250גרם,תנובה,IL,קרם מסקרפונה250גרם,,0.00,,false,1,22.90,0.00,true,1,244388
7290110321796,false,יוגורט יופלה בכוס עם,תנובה בעמ,IL,יוגורט יופלה בכוס עם קשית בטעם אפרסק200,,0.00,,false,1,7.50,0.00,true,1,258442
7290110321987,false,משקה GO תנובה טעם עו,תנובה,,"משקה GO תנובה טעם עוגיות 250 מ""ל",,0.00,,false,1,7.50,0.00,true,1,257761
7290110322977,false,יופלה טיוב יוגורט במ,תנובה,IL,יופלה טיוב יוגורט במרקם חלק בטעם ענבים,,0.00,,false,1,13.90,0.00,true,1,257866
7290110323073,false,משקה יוגורט יופלה G,תנובה בעמ,IL,משקה יוגורט יופלה GO 20 מועשר בחלבון תו,,0.00,,false,1,7.70,0.00,true,1,247417
7290110323127,false,יוגורט יופלה גו 30 ג,תנובה,IL,יוגורט יופלה גו 30 גרם חלבון,,0.00,,false,1,8.90,0.00,true,1,248220
7290110323301,false,גבינה צהובה טל העמק,תנובה,IL,גבינה צהובה טל העמק 32% שומן 200 גרם,,0.00,,false,1,19.90,0.00,true,1,248006
7290110323523,false,חלב דל לקטוז 3% 1 לי,"תנובה בע""מ",IL,חלב דל לקטוז 3% 1 ליטר,,0.00,,false,1,7.20,0.00,true,1,248931
7290110323585,true,יוגורט עם דובדבן מופ,תנובה בעמ,IL,יוגורט עם דובדבן מופחת קולוריות GO200גרם,,0.00,,false,1,6.90,0.00,true,1,247722
7290110323592,true,יוגורט עם אפרסק מופח,תנובה בעמ,IL,יוגורט עם אפרסק מופחת קולוריות GO200גרם,,0.00,,false,1,6.90,0.00,true,1,247723
7290110323714,false,משקה קוקוס שקדים תנו,תנובה בעמ,IL,משקה קוקוס שקדים תנובה 1 ליטר,,0.00,,false,1,13.90,0.00,true,1,248221
7290110323769,false,יולו שוקולד לבן בתו,תנובה,IL,יולו שוקולד לבן בתוספת שבבי קוקוס קלוי,,0.00,,false,1,5.50,0.00,true,1,247686
7290110323790,false,YOLO שוקולד מריר עם,תנובה,IL,YOLO שוקולד מריר עם קצפת 70% מוצקי קקאו,,0.00,,false,1,5.00,0.00,true,1,248468
7290110323943,false,משקה חלב עם קפה 27,תנובה,IL,"משקה חלב עם קפה 27 גרם חלבון גו 340 מ""ל",,0.00,,false,1,9.50,0.00,true,1,249484
7290110324407,false,עמק בנגיעות טוסקנה,תנובה,IL,עמק בנגיעות טוסקנה 200גרם,,0.00,,false,1,21.90,0.00,true,1,258127
7290110324414,false,עמק בנגיעות פרובנס,תנובה,IL,עמק בנגיעות פרובנס 200גרם,,0.00,,false,1,21.90,0.00,true,1,258128
7290110324568,false,משקה יוגורט GOמועשר,מיוצר עי קונדיטוריית,IL,משקה יוגורט GOמועשר בחלבון פ.טרופי 250מל,,0.00,,false,1,7.50,0.00,true,1,249487
7290110324605,true,יופלה משקה יוגורט בכ,מיוצר עי קונדיטוריית,IL,יופלה משקה יוגורט בכוס בטעם עוגיות אלפחו,,0.00,,false,1,7.50,0.00,true,1,250070
7290110324612,true,יופלה משקה יוגורט בכ,"תנובה בע""מ",IL,יופלה משקה יוגורט בכוס תותים בשמנת 2%,,0.00,,false,1,7.50,0.00,true,1,250071
7290110324643,false,יופלה און טופ PARTYג,מחלבת אלון תבור,IL,יופלה און טופ PARTYגרם157,,0.00,,false,1,5.50,0.00,true,1,251718
7290110324735,false,ממרח סויה 9% בניחוח,מיוצר עי קונדיטוריית,IL,ממרח סויה 9% בניחוח טוסקנה,,0.00,,false,1,10.90,0.00,true,1,257975
7290110324759,false,יופלה דיאט פאי לימון,תנובה,IL,יופלה דיאט פאי לימון 150גרם,,0.00,,false,1,5.90,0.00,true,1,250056
7290110324803,false,משקה חלב לקפה בטעם ק,מיוצר עי קונדיטוריית,IL,משקה חלב לקפה בטעם קרמל 1% 800 מל,,0.00,,false,1,7.90,0.00,true,1,257994
7290110324834,false,מעדן שקדים עם קוקוס,מיוצר עי קונדיטוריית,IL,מעדן שקדים עם קוקוס 125 גרם,,0.00,,false,1,4.50,0.00,true,1,250751
7290110324872,false,גבינת גלבוע 5% שומן,תנובה,IL,גבינת גלבוע 5% שומן 200 גרם,,0.00,,false,1,20.90,0.00,true,1,250924
7290110324902,false,קרלו שכבות בטעם פונץ,תנובה,IL,קרלו שכבות בטעם פונץ בננה 125 גרם,,0.00,,false,1,3.60,0.00,true,1,257992
7290110324919,false,קרלו שכבות בטעם שוקו,תנובה,IL,קרלו שכבות בטעם שוקולד בננה 125 גרם,,0.00,,false,1,3.60,0.00,true,1,257993
7290110324926,false,משקה סויה ללא תוספת,"תנובה בע""מ",IL,משקה סויה ללא תוספת סוכר 1 ליטר,,0.00,,false,1,13.50,0.00,true,1,250759
7290110325114,false,משקה יוגורטGO לייט ת,"תנובה בע""מ",IL,משקה יוגורטGO לייט תות בננה 250 מל,,0.00,,false,1,7.70,0.00,true,1,250058
7290110325121,false,משקה יוגורטGO לייט,"תנובה בע""מ",IL,משקה יוגורטGO לייט מנגו אננס 250מל,,0.00,,false,1,7.70,0.00,true,1,250057
7290110325237,false,גלבוע דקדק22% 200,תנובה,IL,גלבוע דקדק22% 200 גרם גבינה צהובה,,0.00,,false,1,13.90,0.00,true,1,250685
7290110325244,false,גלבוע 12% דקדק 200גר,תנובה,IL,גלבוע 12% דקדק 200גרם,,0.00,,false,1,17.90,0.00,true,1,250923
7290110325305,false,מעדן סויהGO 20 גרם ח,"תנובה בע""מ",IL,מעדן סויהGO 20 גרם חלבון במתיקות מעודנת 200גרם,,0.00,,false,1,7.00,0.00,true,1,250753
7290110325312,false,מעדן סויה GO 20 גרם,"תנובה בע""מ",IL,מעדן סויה GO 20 גרם חלבון בטעם תות 200גרם,,0.00,,false,1,7.00,0.00,true,1,250752
7290110325459,false,קרלו בטעם מרשמלו 125,תנובה,IL,קרלו בטעם מרשמלו 125גרם,,0.00,,false,1,3.60,0.00,true,1,250755
7290110325466,false,קרלו בטעם כדורי שוקו,מיוצר עי קונדיטוריית,IL,קרלו בטעם כדורי שוקולד 125גרם,,0.00,,false,1,3.60,0.00,true,1,250756
7290110325473,false,פיראוס גבינה בולגרית,פ.פ.ח. שאביט,IL,פיראוס גבינה בולגרית 5% שומן עם חלפיניו,,0.00,,false,1,24.90,0.00,true,1,251292
7290110325527,false,פיראוס בולגרית למריח,פ.פ.ח. שאביט,IL,פיראוס בולגרית למריחה עם חלפיניו 5%,,0.00,,false,1,14.50,0.00,true,1,251293
7290110325619,false,משקה שיבולת שועל 1ל,"תנובה בע""מ",IL,משקה שיבולת שועל 1ליטר,,0.00,,false,1,13.90,0.00,true,1,251294
7290110325695,false,יופלה GO קינמון 200,מיוצר עי קונדיטוריית,IL,יופלה GO מועשר חלבון תפוח וקינמון 200גר,,0.00,,false,1,6.90,0.00,true,1,250925
7290110325718,false,יופלה GO טבעי 0.7% ש,מיוצר עי קונדיטוריית,IL,יופלה GO טבעי 0.7% שומן 150 גרם,,0.00,,false,1,5.90,0.00,true,1,251295
7290110325732,false,יופלה GO לייט עם קוק,מיוצר עי קונדיטוריית,IL,יופלה GO לייט עם קוקוס 150 גרם,,0.00,,false,1,5.90,0.00,true,1,251297
7290110325770,false,מעדן סויה ביו תוספת,מיוצר עי קונדיטוריית,IL,מעדן סויה ביו אלטרנטיב גרנולה ושוקולד170,,0.00,,false,1,6.50,0.00,true,1,250920
7290110325787,false,מעדן סויה ביו תוספת,תנובה בעמ,IL,מעדן סויה ביו אלטרנטיב גרעינים שקדים170ג,,0.00,,false,1,6.50,0.00,true,1,250921
7290110325855,false,משקה חלב מועשר 3% בק,תנובה,IL,משקה חלב מועשר 3% בקבוק 1 ליטר,,0.00,,false,1,8.90,0.00,true,1,252670
7290110325893,false,תנובה GO אייס קפה 34,"תנובה בע""מ",IL,תנובה GO אייס קפה 340 מל,,0.00,,false,1,9.90,0.00,true,1,251299
7290110325909,false,יופלה עם תות ושיבולת,פ.פ.ח. שאביט,IL,יופלה עם תות ושיבולת שועל בתחתית150גרם,,0.00,,false,1,5.90,0.00,true,1,252584
7290110326210,false,יופלה און טופ פצפוצי,מחלבת אלון תבור,IL,יופלה און טופ פצפוצים 157 גרם,,0.00,,false,1,5.70,0.00,true,1,251713
7290110326227,false,יופלה און טופ קורנפל,מחלבת אלון תבור,IL,יופלה און טופ קורנפלקס 157 גרם,,0.00,,false,1,5.70,0.00,true,1,251715
7290110326234,false,יופלה און טופ כוכבים,מחלבת אלון תבור,IL,יופלה און טופ כוכבים 157 גרם,,0.00,,false,1,5.70,0.00,true,1,251714
7290110326241,false,יופלה און טופ גרנולה,מחלבת אלון תבור,IL,יופלה און טופ גרנולה 157 גרם,,0.00,,false,1,5.70,0.00,true,1,251716
7290110326463,false,יופלה דיאט מאפינס או,תנובה,IL,יופלה דיאט מאפינס אוכמניות 0% שומן,,0.00,,false,1,5.50,0.00,true,1,251897
7290110326494,false,יוגורט גו תות עם קש,תנובה,IL,יוגורט גו תות עם קש 200 גרם,,0.00,,false,1,8.50,0.00,true,1,254744
7290110326500,false,יוגורט גו אפרסק עם ק,תנובה,IL,יוגורט גו אפרסק עם קש 200גרם,,0.00,,false,1,8.50,0.00,true,1,254743
7290110326517,false,מעדן שיבולת שועל BIO,תנובה בעמ,IL,מעדן שיבולת שועל BIO עם תות 125 גרם,,0.00,,false,1,5.50,0.00,true,1,252909
7290110326524,false,מעדן שיבולת שועל BIO,מיוצר עי קונדיטוריית,IL,מעדן שיבולת שועל BIO בטעם טבעי 125 גרם,,0.00,,false,1,5.50,0.00,true,1,252910
7290110326531,false,מעדן שיבולת שועל BIO,תנובה בעמ,IL,מעדן שיבולת שועל BIO עם מנגו ופסיפלורה 1,,0.00,,false,1,5.50,0.00,true,1,252911
7290110326555,false,שוקו שיבולת שועל אלט,תנובה,IL,שוקו שיבולת שועל אלטרנטיב 1 ליטר,,0.00,,false,1,12.90,0.00,true,1,252593
7290110326593,false,GO יופלה 25 גרם חלבו,פ.פ.ח. שאביט,IL,GO יופלה 25 גרם חלבון בטעם טבעי 2.9%,,0.00,,false,1,6.90,0.00,true,1,252591
7290110326609,false,GO יופלה 25 גרם חלבו,פ.פ.ח. שאביט,IL,GO יופלה 25 גרם חלבון בטעם וניל 2.9%,,0.00,,false,1,6.90,0.00,true,1,252590
7290110326937,false,יוגורט תנובה לבן 1%,פ.פ.ח. שאביט,IL,יוגורט תנובה לבן 1% 150גרם,,0.00,,false,1,4.50,0.00,true,1,253501
7290110326944,false,יוגורט תנובה לבן 3%,תנובה,IL,יוגורט תנובה לבן 3% 150גרם,,0.00,,false,1,4.50,0.00,true,1,253502
7290110326951,false,יוגורט תנובה לבן 5%,תנובה,IL,יוגורט תנובה לבן 5% 150גרם,,0.00,,false,1,4.50,0.00,true,1,253503
7290110326982,false,YOLO משקה חלב עם שוק,תנובה,IL,YOLO משקה חלב עם שוקולד קלאסי 1 ליטר,,0.00,,false,1,13.90,0.00,true,1,252586
7290110326999,false,משקה חלב עם שוקולד,תנובה,IL,"YOLO משקה חלב עם שוקולד קלאסי 340מ""ל",,0.00,,false,1,8.90,0.00,true,1,252583
7290110327019,false,YOLO משקה חלב עם שוק,פ.פ.ח. שאביט,IL,YOLO משקה חלב עם שוקולד מריר 1 ליטר,,0.00,,false,1,14.90,0.00,true,1,252585
7290110327033,false,משקהמועשר בחלבון במת,תנובה בעמ,IL,משקהמועשר בחלבון במתיקות מופחתת GO,,0.00,,false,1,13.90,0.00,true,1,252912
7290110327057,false,משקה קפוצינו סויה 1,תנובה,IL,משקה קפוצינו סויה 1 ליטר,,0.00,,false,1,12.70,0.00,true,1,252597
7290110327071,false,יולו עם שוקולד מפולי,מיוצר עי קונדיטוריית,IL,יולו עם שוקולד מפולי קקאו רובי,,0.00,,false,1,5.00,0.00,true,1,252945
7290110327088,false,יולו שכבות שוקולד חל,מיוצר עי קונדיטוריית,IL,יולו שכבות שוקולד חלב ושוקולד מפולי קקאו רובי,,0.00,,false,1,5.00,0.00,true,1,252946
7290110327095,false,יופלה לבן בסגנון יוו,מיוצר עי קונדיטוריית,IL,יופלה לבן בסגנון יווני 6.5% 125 גרם,,0.00,,false,1,3.50,0.00,true,1,253190
7290110327101,false,יופלה לבן בסגנון יוו,מיוצר עי קונדיטוריית,IL,יופלה לבן בסגנון יווני עם תות בתחתית 125 גרם,,0.00,,false,1,4.20,0.00,true,1,253191
7290110327163,false,מעדן חלבGO בטעם וניל,תנובה בעמ,IL,מעדן חלבGO בטעם וניל 150 גרם,,0.00,,false,1,5.90,0.00,true,1,254755
7290110327170,false,מעדן חלבGO בטעם וניל,תנובה בעמ,IL,מעדן חלבGO בטעם וניל 150 גרם,,0.00,,false,1,5.90,0.00,true,1,254754
7290110327316,false,גבינה לבנה 5% בתוספת,תנובה בעמ,IL,גבינה לבנה 5% בתוספת פריכיות 139 גרם,,0.00,,false,1,6.00,0.00,true,1,255671
7290110327415,false,GOיופלה 25גרם חלבון,פ.פ.ח. שאביט,IL,GOיופלה 25גרם חלבון בטעם אפרסק2.9%,,0.00,,false,1,6.90,0.00,true,1,253499
7290110327422,false,GOיופלה 25גרם חלבון,פ.פ.ח. שאביט,IL,GOיופלה 25גרם חלבון בטעם אננס 2.9%,,0.00,,false,1,6.90,0.00,true,1,258292
7290110327439,false,משקה יוגורטGOמועשר ח,פ.פ.ח. שאביט,IL,"משקה יוגורטGOמועשר חלבון עם אבטיח 250מ""ל",,0.00,,false,1,7.50,0.00,true,1,253500
7290110327507,false,משקה שיבולת שועל ליי,פ.פ.ח. שאביט,IL,משקה שיבולת שועל לייט אלטרנטיב 1 ליטר,,0.00,,false,1,14.90,0.00,true,1,254317
7290110327514,false,משקה שיבולת שועל אל,תנובה,IL,משקה שיבולת שועל אלטרנטיב אגוזי לוז 1 ל,,0.00,,false,1,13.90,0.00,true,1,259122
7290110327521,false,יוגורט סויה ביו תות,"תנובה בע""מ",IL,יוגורט סויה ביו תות אלטרנטיב 170גרם,,0.00,,false,1,5.90,0.00,true,1,255464
7290110327538,false,יוגורט סויה ביו במתי,"תנובה בע""מ",IL,יוגורט סויה ביו במתיקות מעודנת אלטרנטיב,,0.00,,false,1,5.90,0.00,true,1,255465
7290110327736,false,YOLO מעדן שוקולד בל,מיוצר עי קונדיטוריית,IL,YOLO מעדן שוקולד בלונד 123 גרם,,0.00,,false,1,5.00,0.00,true,1,254320
7290110327743,false,YOLO מעדן שוקולד ח,תנובה בעמ,IL,YOLO מעדן שוקולד חלב בלונד 123 גרם,,0.00,,false,1,5.00,0.00,true,1,254321
7290110327798,false,חטיף חלבון גו בטעם ש,מנדלז סי.אר. פרודקשן,US,GO חטיף חלבון בטעם שוקולד 60 גרם,,0.00,,false,1,14.90,0.00,true,1,255645
7290110327804,false,חטיף חלבון גו בצק עו,מנדלז סי.אר. פרודקשן,US,GO חטיף חלבון בטעם בצק עוגיות 60 גרם,,0.00,,false,1,14.90,0.00,true,1,255646
7290110327811,false,חטיף חלבון גו קוקוס,מנדלז סי.אר. פרודקשן,US,GO חטיף חלבון עם קוקוס 60 גרם,,0.00,,false,1,14.90,0.00,true,1,255647
7290110327828,false,חטיף חלבון גו חמאת ב,מנדלז סי.אר. פרודקשן,US,GO חטיף חלבון עם חמאת בוטנים 60 גרם,,0.00,,false,1,14.90,0.00,true,1,255648
7290110327835,false,יופלהGO און-טופ גרנו,פ.פ.ח. שאביט,IL,יופלהGO און-טופ גרנולה שוקולד מריר קפה 1,,0.00,,false,1,6.90,0.00,true,1,253955
7290110327842,false,יופלה GO און-טופ גרנ,פ.פ.ח. שאביט,IL,יופלה GO און-טופ גרנולה חלווה170גרם,,0.00,,false,1,6.90,0.00,true,1,253954
7290110327859,false,יוגורט יופלה שכבת אנ,תנובה בעמ,IL,יוגורט יופלה שכבת אננס בתחתית 2.3% 150ג,,0.00,,false,1,5.50,0.00,true,1,254746
7290110327866,false,יוגורט יופלה שכבת דו,תנובה בעמ,IL,יוגורט יופלה שכבת דובדבן בתחתית 2.3 150ג,,0.00,,false,1,5.50,0.00,true,1,258441
7290110327873,false,יוגורט יופלה שכבת קפ,תנובה בעמ,IL,יוגורט יופלה שכבת קפה בתחתית - 2.3% ג150,,0.00,,false,1,5.50,0.00,true,1,255976
7290110328016,false,משקה סויה מועשר בחלב,סוי מג'ק,IL,"משקה סויה מועשר בחלבון בטעם אגוזי לוז 250 מ""ל",,0.00,,false,1,7.90,0.00,true,1,255975
7290110328023,false,משקה סויה מועשר בחלב,סוי מג'ק,IL,"משקה סויה מועשר בחלבון בטעם קפה 250 מ""ל",,0.00,,false,1,7.90,0.00,true,1,256195
7290110328092,false,פטה יוונית קוביות 21,דודוני תעשיית החלב ה,GR,פטה יוונית קוביות 21% שומן פיראוס 150 גרם,,0.00,,false,1,20.90,0.00,true,1,255680
7290110328207,false,פלח איבריקו פרוס קול,רנה פיקוט,ES,פלח איבריקו פרוס קולקשיין 150 גרם,,0.00,,false,1,25.90,0.00,true,1,255258
7290110328320,false,אייס קפה סויה אלטרנ,תנובה בעמ,IL,אייס קפה סויה אלטרנטיב 250 מל,,0.00,,false,1,6.50,0.00,true,1,255681
7290110328337,false,אייס קפה שיבולת שועל,מיוצר עי קונדיטוריית,IL,אייס קפה שיבולת שועל בטעם קרמל אלטרנטיב,,0.00,,false,1,6.50,0.00,true,1,255682
7290110328375,false,יופלה און טופ בוטנים,תנובה בעמ,IL,יופלה און טופ בוטנים ושוקולד157ג,,0.00,,false,1,5.50,0.00,true,1,255870
7290110328382,false,יופלה און טופ אגוזי,תנובה בעמ,IL,יופלה און טופ אגוזי לוז מצופה שוקולד157ג,,0.00,,false,1,5.50,0.00,true,1,255869
7290110328566,false,יוגורט יופלה דיאט בט,"תנובה בע""מ",IL,יוגורט יופלה דיאט בטעם מלבי 0% שומן150גר,,0.00,,false,1,5.90,0.00,true,1,255466
7290110328610,false,משקה אורז ושקדים ברי,תנובה בעמ,IL,משקה אורז ושקדים בריסטה אלטרנטיב 1 ליטר,,0.00,,false,1,13.90,0.00,true,1,255679
7290110328627,false,יוגורט GO סמיך 0% בנ,תנובה בעמ,IL,יוגורט GO סמיך 0% בננה קרמל 200 גרם,,0.00,,false,1,6.90,0.00,true,1,255676
7290110328672,false,יופלה עם תות בתחתית,"תנובה בע""מ",IL,יופלה עם תות בתחתית 2.4%שומן 150גרם,,0.00,,false,1,5.50,0.00,true,1,255511
7290110328764,false,יוגורט GO סמיך 0% תו,תנובה בעמ,IL,יוגורט GO סמיך 0% תות 200 גרם,,0.00,,false,1,6.90,0.00,true,1,255675
7290110328771,false,יוגורט GO סמיך 0% פ.,תנובה בעמ,IL,יוגורט GO סמיך 0% פ. יער 200 גרם,,0.00,,false,1,6.90,0.00,true,1,255674
7290110328788,false,יוגורט GO סמיך 0% אפ,תנובה בעמ,IL,יוגורט GO סמיך 0% אפרסק 200 גרם,,0.00,,false,1,6.90,0.00,true,1,255673
7290110328801,false,משקה יולו בטעם טופי,"תנובה בע""מ",IL,משקה יולו בטעם טופי קרמל 1ליטר,,0.00,,false,1,14.90,0.00,true,1,255463
7290110328979,false,יופלה אוללה עם פירו,תנובה,IL,יופלה אוללה עם פירות יער בתחתחית 150גרם,,0.00,,false,1,5.50,0.00,true,1,255670
7290110329136,false,מעדן חלב גו בטעם שוק,"תנובה בע""מ",IL,מעדן חלב גו בטעם שוקולד 12 חלבון 120גרם,,0.00,,false,1,5.50,0.00,true,1,259124
7290110329143,false,מעדן חלב גו בטעם וני,"תנובה בע""מ",IL,מעדן חלב גו בטעם וניל 12 חלבון 120גרם,,0.00,,false,1,5.50,0.00,true,1,259125
7290110329235,false,יופלה OLALA קרמל מלו,תנובה,IL,יופלה OLALA קרמל מלוח 150גרם,,0.00,,false,1,5.50,0.00,true,1,256236
7290110329242,false,יופלה OLALA תות 150,תנובה,IL,יופלה OLALA תות 150גרם,,0.00,,false,1,5.50,0.00,true,1,256233
7290110329266,false,יוגורט תנובה מחלב עי,תנובה,IL,יוגורט תנובה מחלב עיזים 140 גרם,,0.00,,false,1,6.80,0.00,true,1,258733
7290110329396,false,יופלה OLALA טארט טאט,תנובה,IL,יופלה OLALA טארט טאטן 150גרם,,0.00,,false,1,5.50,0.00,true,1,256234
7290110329419,false,יופלה OLALA קוקוס לי,תנובה,IL,יופלה OLALA קוקוס ליים 150גרם,,0.00,,false,1,5.50,0.00,true,1,256235
7290110329686,false,משקה חלב GO בטעם עוג,"תנובה בע""מ",IL,משקה חלב GO בטעם עוגיות 340 מל,,0.00,,false,1,9.90,0.00,true,1,259163
7290110329716,false,משקה חלב עם קפה קפוצ,"תנובה בע""מ",IL,"משקה חלב עם קפה קפוצינו 230 מ""ל",,0.00,,false,1,9.90,0.00,true,1,260364
7290110329723,false,משקה חלב עם קפה לאטה,"תנובה בע""מ",IL,"משקה חלב עם קפה לאטה 230 מ""ל",,0.00,,false,1,9.90,0.00,true,1,260365
7290110329730,false,משקה חלב עם קפה שוק,"תנובה בע""מ",IL,"משקה חלב עם קפה שוקולד 230 מ""ל",,0.00,,false,1,9.90,0.00,true,1,260366
7290110329754,false,יוגורט יופלה עם תות,תנובה,IL,יוגורט יופלה עם תות בתחתית 3% 150 גרם,,0.00,,false,1,5.90,0.00,true,1,258828
7290110329761,false,יוגורט יופלה עם קוקו,תנובה,IL,יוגורט יופלה עם קוקוס ליים בתחתית 4.5%,,0.00,,false,1,5.90,0.00,true,1,258829
7290110472016,false,כבל 2 מטר - TYPE C,,,כבל 2 מטר - TYPE C,,0.00,,false,1,39.90,0.00,true,1,250773
7290110472467,false,מתאם למצת TYPE C,,,מתאם למצת TYPE C,,0.00,,false,1,44.90,0.00,true,1,250611
7290110472474,false,מתאם קיר TYPE C,,,מתאם קיר TYPE C,,0.00,,false,1,54.90,0.00,true,1,250612
7290110473433,false,אוזניות JUST BASS אפ,,,אוזניות JUST BASS אפור,,0.00,,false,1,49.90,0.00,true,1,250622
7290110473440,false,אוזניות JUST BASS זה,,,אוזניות JUST BASS זהב,,0.00,,false,1,49.90,0.00,true,1,250624
7290110473501,false,זרוע לרכב TECH GRIP,,,זרוע לרכב TECH GRIP BLACK,,0.00,,false,1,54.90,0.00,true,1,250639
7290110473594,false,זרוע לרכב ROCKET GRI,,,זרוע לרכב ROCKET GRIP BLACK,,0.00,,false,1,49.90,0.00,true,1,250627
7290110474041,false,רפידו מתאם לקיר + כב,,,רפידו מתאם לקיר + כבל טעינה משולב,,0.00,,false,1,79.90,0.00,true,1,250604
7290110474256,false,כבל aux iron man,,,כבל aux iron man,,0.00,,false,1,49.90,0.00,true,1,250607
7290110474430,false,מתאם AUX מאושר אפל,,,מתאם AUX מאושר אפל,,0.00,,false,1,79.90,0.00,true,1,250597
7290110474560,false,אוזניות מיקרופון NEW,,,אוזניות מיקרופון NEW AGE SOUND,,0.00,,false,1,49.90,0.00,true,1,250615
7290110474577,false,אוזניות מיקרופון DOU,,,אוזניות מיקרופון DOUBLE OUT LOUD,,0.00,,false,1,79.90,0.00,true,1,250614
7290110474690,false,כבל USB C לחיבור LI,,,כבל USB C לחיבור LIGHTNING מאושר אפל,,0.00,,false,1,69.90,0.00,true,1,250606
7290110474713,false,מעמד למזגן OPEN WIDE,,,מעמד למזגן OPEN WIDE VENT,,0.00,,false,1,49.90,0.00,true,1,250610
7290110474911,false,סוללת גיבוי 20000MAH,,,סוללת גיבוי 20000MAH SOLID POWER,,0.00,,false,1,99.00,0.00,true,1,250594
7290110475086,false,כבל 3 מטר EXTENDED C,,,כבל 3 מטר EXTENDED CHARGE למיקרו USB,,0.00,,false,1,39.90,0.00,true,1,250636
7290110475116,false,מטען קיר SPEEDY,,,מטען קיר SPEEDY,,0.00,,false,1,79.90,0.00,true,1,250605
7290110476267,false,מטען קיר מאושר אפל 2,,,מטען קיר מאושר אפל 2,,0.00,,false,1,119.00,0.00,true,1,254452
7290110550691,false,חטיף פרה ממולדה פטל,מיוצר עי קונדיטוריית,IL,חטיף פרה ממולדה פטל 50 גרם בדצ,,0.00,,false,1,6.90,0.00,true,1,259090
7290110550707,false,חטיף פרה ממולדה אננס,מיוצר עי קונדיטוריית,IL,חטיף פרה ממולדה אננס 50 גרם בדצ,,0.00,,false,1,6.90,0.00,true,1,259089
7290110552220,false,דנונה פרו 20 חלבון,"שטראוס בריאות בע""מ",IL,'דנונה פרו 20גר' ללא סוכר תות,,0.00,,false,1,6.90,0.00,true,1,259420
7290110552237,false,דנונה פרו 20 חלבון,"שטראוס בריאות בע""מ",IL,דנונה פרו 20גר' ללא סוכר אפרסק מנגו,,0.00,,false,1,6.90,0.00,true,1,259421
7290110552411,false,משקה קפה קר בטעם קרמ,אנסטל מילק kg,AT,משקה קפה קר בטעם קרמל,,0.00,,false,1,9.90,0.00,true,1,260191
7290110553029,false,אנרגי פריכיות חלבון,"פרח תעשיו מזון בע""מ",IL,פריכיות חלבון קייל חומוס ומלח 60גרם,,0.00,,false,1,12.90,0.00,true,1,259606
7290110553036,false,אנרגי פריכיות חלבון,"פרח תעשיו מזון בע""מ",IL,פריכיות חלבון בטטה סגולה ובצל 60 ג,,0.00,,false,1,12.90,0.00,true,1,259607
7290110553265,false,WOW יוגורט דנונהבלו,"שטראוס בריאות בע""מ",IL,'דנונה WOW בטעם בלונדי,,0.00,,false,1,5.50,0.00,true,1,259514
7290110553401,false,בינז אייס קופי לאטה,מונסטרלנד לולף,DE,אייס קופי לאטה וניל BEANZ,,0.00,,false,1,11.90,0.00,true,1,260471
7290110553623,false,ציטוס קראנץ צדר חלפי,"שטראוס פריטו ליי בע""",IL,ציטוס קראנץ צ'דר חלפיניו 80 ג 48 יח,,0.00,,false,1,5.20,0.00,true,1,260815
7290110553876,false,סלט גזר דליקטס 250 ג,שטראוס,IL,סלט גזר דליקטס 250 גרם,,0.00,,false,1,12.90,0.00,true,1,260188
7290110553913,false,סלט סלק דליקטס 250 ג,שטראוס,IL,סלט סלק דליקטס 250 גרם,,0.00,,false,1,12.90,0.00,true,1,259564
7290110554453,false,בינז אייס קופי לאטה,מונסטרלנד לולף,DE,אייס קופי לאטה מוקה BEANZ,,0.00,,false,1,11.90,0.00,true,1,260472
7290110555078,false,לאבנה עם שמן זית ועש,"מחלבות בר בכפר בע""מ",IL,לאבנה עם שמן זית ועשבי תיבול 250 גרם,,0.00,,false,1,11.90,0.00,true,1,260192
7290110555337,false,"ICE נמס קלאסי 250 מ""",מונסטרלנד לולף,DE,"ICE נמס קלאסי 250 מ""ל",,0.00,,false,1,10.80,0.00,true,1,260807
7290110555344,false,"ICE נמס וניל 250 מ""ל",שטראוס גרופ,IL,"ICE נמס וניל 250 מ""ל",,0.00,,false,1,10.80,0.00,true,1,260806
7290110556242,false,שוקולד פרה מריר 100,נטרה סנט אטיין,FR,שוקולד מריר פרווה בדץ חדש,,0.00,,false,1,8.50,0.00,true,1,260935
7290110557003,false,אחלה נשנוש חומוס פלפ,"שטראוס גרופ בע""מ",IL,אחלה נשנוש חומוס פלפלים עם קרקרים,,0.00,,false,1,10.90,0.00,true,1,259465
7290110557027,false,חומוס הסדרה 50% טחינ,"שטראוס גרופ בע""מ",IL,חומוס הסדרה 50% טחינה,,0.00,,false,1,15.60,0.00,true,1,259195
7290110557133,false,מעדן הגולן וניל 125,"שטראוס בריאות בע""מ",IL,מעדן הגולן וניל,,0.00,,false,1,3.20,0.00,true,1,259369
7290110557393,false,מארז מילקי שלוק איי,"שטראוס גרופ בע""מ",IL,מארז מילקי שלוק אייס קפה 276 מל,,0.00,,false,1,9.90,0.00,true,1,260531
7290110558222,false,WOW דנונה בנופי 150,"שטראוס בריאות בע""מ",IL,דנונה WOW בנופי,,0.00,,false,1,5.50,0.00,true,1,260536
7290110558239,false,WOW דנונה קראק פאי 1,"שטראוס בריאות בע""מ",IL,דנונה WOW קראק פאי,,0.00,,false,1,5.50,0.00,true,1,260796
7290110558253,false,דנונה ריפרש בננה אננ,"שטראוס בריאות בע""מ",IL,דנונה ריפרש בננה אננס וצ'יה,,0.00,,false,1,6.90,0.00,true,1,260389
7290110558284,false,דנונה ביו מולטי 200,"שטראוס בריאות בע""מ",IL,דנונה מולטי 200 גר',,0.00,,false,1,4.90,0.00,true,1,260530
7290110558307,false,דנונה פרו 20 גר עם ש,"שטראוס בריאות בע""מ",IL,דנונה פרו 20 גר עם שיבולת שועל 200גרם,,0.00,,false,1,6.90,0.00,true,1,260194
7290110558666,false,דניאלה בטעם תפוח 88ג,שטראוס,IL,דניאלה בטעם תפוח 88גרם,,0.00,,false,1,5.90,0.00,true,1,261567
7290110559045,false,מילקשייק וניל עם סיר,מחלבת יטבתה,IL,מילקשייק וניל עם סירופ שוקולד 300 מיל',,0.00,,false,1,9.90,0.00,true,1,260529
7290110560300,false,פריכיות משולשות-פלפל,פרח,IL,פריכיות משולשות- פלפל שחור,,0.00,,false,1,6.90,0.00,true,1,247480
7290110560317,false,פריכיות משולשות- מלח,"פרח תעשיו מזון בע""מ",IL,פריכיות משולשות- מלח ים,,0.00,,false,1,6.90,0.00,true,1,247481
7290110560324,false,פריכיות משולשות אפונ,"פרח תעשיו מזון בע""מ",IL,פריכיות משולשות- אפונה ירוקה,,0.00,,false,1,6.90,0.00,true,1,247482
7290110563431,false,משקה קפה קר קלאסי,אנסטל מילק kg,AT,משקה קפה קר בסגנון קלאסי 1.6%,,0.00,,false,1,9.90,0.00,true,1,248385
7290110563448,false,משקה קפה קר מעודן 1,אנסטל מילק kg,AT,משקה קפה קר בסגנון מעודן 1.6%,,0.00,,false,1,9.90,0.00,true,1,248386
7290110563455,false,חלב דל לקטוז 3% 1 ל,מחלבת יטבתה,IL,חלב דל לקטוז 3%,,0.00,,false,1,8.50,0.00,true,1,257604
7290110563462,false,חלב בבקבוק נטול לקטו,מחלבת יטבתה,IL,חלב בבקבוק נטול לקטוז 2%,,0.00,,false,1,8.50,0.00,true,1,248559
7290110564322,false,חומוס עשיר 400 ב 20%,שטראוס,,חומוס עשיר 400 ב 20% טחינה הסדרה המובחרת,,0.00,,false,1,15.60,0.00,true,1,257638
7290110564360,false,חומוס עשיר ב40% טחינ,"שטראוס גרופ בע""מ",IL,חומוס הסדרה המובחרת עשיר ב-40% טחינה,,0.00,,false,1,15.60,0.00,true,1,243735
7290110564742,false,משקה קפה קר חזק 1.,אנסטל מילק kg,AT,משקה קפה קר בסגנון חזק -חדש,,0.00,,false,1,9.90,0.00,true,1,248387
7290110564919,false,דנונה מ.עודנת ללאסוכ,מיוצר עי קונדיטוריית,IL,דנונה מ.עודנת ללאסוכר 150גרם,,0.00,,false,1,4.50,0.00,true,1,258129
7290110565527,false,דנונה פרו 20 גרם חלב,"שטראוס בריאות בע""מ",IL,דנונה פרו 20 גר 1.5% שומן,,0.00,,false,1,6.90,0.00,true,1,243303
7290110566579,false,דבש לחיץ יד מרדכי 2,מכוורת יד מרדכי שטרא,IL,דבש בקבוק לחיץ 200 גרם,,0.00,,false,1,13.90,0.00,true,1,249942
7290110566975,false,דנונה פרו 20גרם תות,"שטראוס בריאות בע""מ",IL,דנונה פרו 20 גר תות 0% שומן,,0.00,,false,1,6.90,0.00,true,1,244390
7290110568238,false,קצפת צמחית 21% 250,מחלבת יטבתה,IL,קצפת צמחית 21%,,0.00,,false,1,8.50,0.00,true,1,255935
7290110568276,false,משקה יטבתה פרו וניל,מילקוורק,DE,משקה וניל עם חלבון חלב 350 מיל,,0.00,,false,1,7.50,0.00,true,1,245707
7290110568924,true,פסק זמן רול שוקולד ח,אף.סי תבליני בגליל ב,TR,פסק זמן רול שוקולד חלב עם קרם חלב וקוקוס,,0.00,,false,1,6.90,0.00,true,1,247531
7290110570224,false,משקה קפה קר בטעם עוג,אנסטל מילק kg,AT,משקה קפה קר בטעם עוגיות,,0.00,,false,1,9.90,0.00,true,1,260527
7290110571382,false,מעדן חלב בטעם וניל פ,"שטראוס בריאות בע""מ",IL,מעדן חלב בטעם וניל מועשר בחלבון,,0.00,,false,1,5.50,0.00,true,1,260196
7290110572884,false,קפסולות אספרסו 20 שט,שטראוס,IL,קפסולות אספרסו 20 שטראוס 50 גרם,,0.00,,false,1,19.90,0.00,true,1,261805
7290110572969,false,חטיף כיף כף פצפצים 4,שולן צ'יקולטה גידה ס,TR,חטיף כיף כף פצפצים 40 גרם,,0.00,,false,1,6.90,0.00,true,1,261433
7290110572976,false,כיף כף פצפצים 135 גר,שולן צ'יקולטה גידה ס,TR,כיף כף פצפצים 135 גרם,,0.00,,false,1,14.90,0.00,true,1,261444
7290110576752,false,ספלנדיד מריר 70% 100,קימ'ס גריפלנן,BE,ספלנדיד מריר 70% 100 גרם,,0.00,,false,1,12.90,0.00,true,1,261762
7290110576776,false,ספלנדיד מריר 85% 100,קימ'ס גריפלנן,BE,ספלנדיד מריר 85% 100 גרם,,0.00,,false,1,12.90,0.00,true,1,261763
7290110577230,false,משקה חלב בטעם פיסטוק,יטבתה,IL,משקה חלב בטעם פיסטוק 1 ליטר,,0.00,,false,1,12.90,0.00,true,1,261640
7290110577247,false,משקה חלב בטעם פיסטוק,יטבתה,IL,משקה חלב בטעם פיסטוק 350 מל,,0.00,,false,1,7.90,0.00,true,1,261641
7290110856243,false,ציל סיגריה אלקטרונית,AB,CN,ציל סיגריה אלקטרונית 2800 שאיפות ענבים,,0.00,,false,1,89.90,0.00,false,1,260474
7290110856250,false,ציל סיגריה אלקטרונית,AB,CN,ציל סיגריה אלקטרונית 2800 שאיפות תפוח,,0.00,,false,1,89.90,0.00,false,1,260479
7290110856267,false,ציל סיגריה אלקטרונית,AB,CN,ציל סיגריה אלקטרונית 2800 שאיפות אבטיח,,0.00,,false,1,89.90,0.00,false,1,260478
7290110856373,false,ציל סיגריה אלקטרונית,AB,CN,ציל סיגריה אלקטרונית 2800 שאיפות תפוח אפרסק,,0.00,,false,1,89.90,0.00,false,1,260477
7290110856380,false,ציל סיגריה אלקטרונית,AB,CN,ציל סיגריה אלקטרונית 2800 שאיפות תות בננה,,0.00,,false,1,89.90,0.00,false,1,260476
7290111350719,false,נאצוס הוטפופ מסעדות,פופז,US,נאצוס הוטפופ מסעדות 332 גרם,,0.00,,false,1,17.90,0.00,true,1,248828
7290111350726,false,נאצוס הוטפופ מקסיקני,פופז,US,נאצוס הוטפופ מקסיקני 332 גרם,,0.00,,false,1,17.90,0.00,true,1,248827
7290111351280,false,תערובת אגוזים קלויים,קליית גת,IL,תערובת אגוזים קלויים ללא מלח 150 ג,,0.00,,false,1,22.90,0.00,true,1,248454
7290111354922,false,סניידרס+הוטפופ 300 ג,סניידרס,US,סניידרס+הוטפופ 300 גרם,,0.00,,false,1,29.90,0.00,true,1,261663
7290111533402,false,עוגיות אנגל קוקוס מפ,מאפית אנגל,IL,עוגיות אנגל קוקוס מפוצה כשלפ 350 גרם,,0.00,,false,1,19.90,0.00,true,1,251543
7290111533419,false,עוגיות אנגל בוטנים מ,מאפית אנגל,IL,עוגיות אנגל בוטנים מצופה כשלפ 350 גרם,,0.00,,false,1,19.90,0.00,true,1,251544
7290111564277,false,פיטנס פריכיות 3 דגני,PT,IL,פיטנס פריכיות 3 דגנים דקות 12*120גרם,,0.00,,false,1,11.90,0.00,true,1,242190
7290111564291,false,פריכיות דקות עם קינו,PT,IL,פיטנס פריכיות דקות עם קינואה 12*120גרם,,0.00,,false,1,11.90,0.00,true,1,242191
7290111564505,false,קרחון אננס,נגה גלידות,IL,קרחון אננס,,0.00,,false,1,4.00,0.00,true,1,243424
7290111564956,false,ביסלי במבה מיקס 200,פרו מן יו פתרונות אר,IL,ביסלי במבה מיקס 18*200גרם,,0.00,,false,1,13.90,0.00,true,1,242522
7290111565502,false,גלידה סנדויץ אוריאו,SKIGEL SRL,IT,אוראו סנדביץ'אימפלס24*80ג12359343,,0.00,,false,1,12.50,0.00,true,1,243681
7290111565656,false,במבה נוגט 150 גרם,אסם,IL,במבה נוגט 24*150גרם,,0.00,,false,1,13.90,0.00,true,1,242521
7290111566066,false,במבה ביסלי בצל מיקס,"אסם השקעות בע""מ",IL,במבה ביסלי בצל מיקס 36*80גרם,,0.00,,false,1,7.90,0.00,true,1,244197
7290112292896,false,טוסט פיצה עם זיתים 2,פוד פקטורי,IL,טוסט פיצה עם זיתים 270 גרם,,0.00,,false,1,17.90,0.00,true,1,258845
7290112293084,false,סלט ים תיכוני 270גר,פוד פקטורי,IL,סלט ים תיכוני 270גרם,,0.00,,false,1,26.90,0.00,true,1,258857
7290112293428,false,טוסט גבינות בפרנה,פוד פקטורי,IL,טוסט גבינות בפרנה,,0.00,,false,1,17.90,0.00,true,1,258846
7290112293732,false,כריך סביח בפרנה 260ג,פוד פקטורי,IL,כריך סביח בפרנה 260גרם,,0.00,,false,1,18.90,0.00,true,1,258847
7290112294180,false,כריך מחמצת חביתת ירק,פוד פקטורי,IL,כריך מחמצת חביתת ירק 240גרם,,0.00,,false,1,24.90,0.00,true,1,258850
7290112294197,false,כריך טונה מחמצת פריז,פוד פקטורי,IL,כריך טונה מחמצת פריזאית 240גרם,,0.00,,false,1,24.90,0.00,true,1,258851
7290112294753,false,בריוש סלומון מעושן ו,פוד פקטורי,IL,בריוש סלומון מעושן וגבינת שמנת 215גרם,,0.00,,false,1,27.90,0.00,true,1,258853
7290112294760,false,בריוש גאודה 200גרם,פוד פקטורי,IL,בריוש גאודה 200גרם,,0.00,,false,1,27.90,0.00,true,1,258854
7290112330352,false,דנונה פרו 20גרם וניל,"שטראוס בריאות בע""מ",IL,דנונה פרו 20 גר וניל 0% שומן,,0.00,,false,1,6.90,0.00,true,1,249161
7290112330390,false,דנונה פרו 20גרם פירו,"שטראוס בריאות בע""מ",IL,דנונה פרו 20 גר פירות יער 0% שומן,,0.00,,false,1,6.90,0.00,true,1,249162
7290112330970,false,שייק חלבון מי גבינה,מחלבת יטבתה,IL,"שייק חלבון מי גבינה עם פירות יער 350 מ""ל",,0.00,,false,1,8.50,0.00,true,1,248218
7290112330987,false,שייק חלבון מי גבינה,מחלבת יטבתה,IL,שייק חלבון מי גבינה עם אפרסק ומנגו 350 מ,,0.00,,false,1,8.50,0.00,true,1,248217
7290112332394,false,מארז חנוכה חגיגה מתו,שטראוס,IL,מארז חנוכה חגיגה מתוקה 102 גרם,,0.00,,false,1,12.90,0.00,true,1,258084
7290112332585,false,פרכיות משולשות תפוא,"פרח תעשיו מזון בע""מ",IL,פריכיות משולשות-סלק,,0.00,,false,1,6.90,0.00,true,1,249493
7290112332691,false,עוגיית קרם פסק זמן א,הגביע מוצרי ופלים בע,IL,פינוקיות קרם פסק זמן,,0.00,,false,1,14.90,0.00,true,1,249599
7290112334893,false,פסק זמן אלפחורס מגדי,שטראוס,IL,פסק זמן אלפחורס מגדים,,0.00,,false,1,7.50,0.00,true,1,248850
7290112335050,false,מרשמלו וניל 150 גרם,"טחנת האבן תעשיות בע""",IL,מרשמלו וניל 150 גר וועסטהיים,,0.00,,false,1,7.90,0.00,true,1,249306
7290112335487,false,פריכיות טעימות קצח ו,פרח תעשיות,IL,פריכיות טעימות קצח ודגנים 135 גרם,,0.00,,false,1,15.90,0.00,true,1,249156
7290112335494,false,פריכיות טעימות פוטטו,פרח,IL,הפריכיות הטעימות פוטטוס,,0.00,,false,1,15.90,0.00,true,1,249157
7290112336637,false,סוכריות ללס תות אוכמ,מיישקו,PL,סוכריות ללס יוגורט תות אוכמניות,,0.00,,false,1,11.90,0.00,true,1,251254
7290112336644,false,סוכריות ללס לימון 80,מיישקו,PL,סוכריות ללס לימון 80 ג חדש,,0.00,,false,1,11.90,0.00,true,1,251255
7290112336651,false,סוכריות ללס ריבת חלב,מיישקו,PL,סוכריות ללס ריבת חלב 80 ג חדש,,0.00,,false,1,11.90,0.00,true,1,251256
7290112336712,false,דנונה פרו 21 0% 2,"שטראוס בריאות בע""מ",IL,דנונה פרו 21 גר 0% שומן,,0.00,,false,1,6.90,0.00,true,1,248568
7290112337474,false,סוכריות ללס פטל לימו,מיישקו,PL,סוכריות ללס פטל לימון 80 גר,,0.00,,false,1,11.90,0.00,true,1,251257
7290112337481,false,סוכריות ללס קפוצינו,מיישקו,PL,סוכריות ללס קפוצ'ינו 80 גר' אריזה חדשה,,0.00,,false,1,11.90,0.00,true,1,251258
7290112338655,false,קפסולות מלבי 50גרם,שטראוס קפה בי.וי,IL,קפסולות מלבי 50גרם - סדרת השף,,0.00,,false,1,20.90,0.00,true,1,258044
7290112338662,false,קפסולות 50גרםעוגיית,שטראוס קפה בי.וי,IL,קפסולות 50גרםעוגיית מרציפן סדרת השף,,0.00,,false,1,20.90,0.00,true,1,258046
7290112338693,false,קפסולות 50גרם עוגת,שטראוס קפה בי.וי,IL,קפסולות 50גרם עוגת תבלינים סדרת השף,,0.00,,false,1,20.90,0.00,true,1,258045
7290112338815,false,קפסולות אספרסו קרם,שטראוס,IL,קפסולות אספרסו קרם שקדים אייס,,0.00,,false,1,19.90,0.00,true,1,249344
7290112339294,false,אקטיביה עם ציה ואפרס,"שטראוס בריאות בע""מ",IL,אקטיביה עם צ'יה ואפרסק,,0.00,,false,1,5.00,0.00,true,1,260175
7290112339911,false,דניאלה פטל 88גרם,מיוצר עי קונדיטוריית,IL,דניאלה פטל,,0.00,,false,1,4.90,0.00,true,1,249496
7290112340122,false,פריכיות טעימות 3 דגנ,פרח תעשיות,IL,פריכיות טעימות 3 דגנים 135 גרם,,0.00,,false,1,15.90,0.00,true,1,249159
7290112340245,false,מסטיק מאסט צנצנת דוב,"שטראוס גרופ בע""מ",IL,צנצנת MUST דובדבן 66 גר,,0.00,,false,1,11.90,0.00,true,1,248852
7290112340252,false,מסטיק מאסט צנצנת אבט,"שטראוס גרופ בע""מ",IL,צנצנת MUST בטעם אבטיח מלון 66 גר,,0.00,,false,1,11.90,0.00,true,1,248851
7290112340276,false,עוגיית קרם קפה נמס,הגביע מוצרי ופלים בע,IL,פינוקיות קרם קפה נמס,,0.00,,false,1,14.90,0.00,true,1,249608
7290112341112,false,משקה מוקה יוטבתה 350,מחלבת יטבתה,IL,"מוקה 350 מ""ל",,0.00,,false,1,7.90,0.00,true,1,249346
7290112341181,false,משלוח מנות קטן 215 ג,שטראוס,IL,משלוח מנות קטן 215 גרם,,0.00,,false,1,24.90,0.00,true,1,251259
7290112341532,false,פרצופים מתוקים 118 ג,שטראוס,IL,פרצופים מתוקים 118 גרם,,0.00,,false,1,12.90,0.00,true,1,251261
7290112342508,false,דוריטוס קול ראנצ 70,שטראוס,IL,דוריטוס קול ראנצ 70 גרם,,0.00,,false,1,6.90,0.00,true,1,260960
7290112342621,false,שוקו יוטבתה בבקבוק,מחלבת יטבתה,IL,"שוקו 350 מ""ל",,0.00,,false,1,7.90,0.00,true,1,250347
7290112343055,false,טחינה עם חציל מטוגן,מיוצר עי קונדיטוריית,IL,טחינה עם חציל מטוגן 330 גרם,,0.00,,false,1,19.90,0.00,true,1,252190
7290112343420,false,יטבתה פרו ארוחת בוקר,מחלבת יטבתה,IL,"יטבתה פרו ארוחת בוקר 350 מל לל""ג",,0.00,,false,1,8.50,0.00,true,1,250824
7290112343499,false,ציטוס פאף 55 גרם,"שטראוס פריטו ליי בע""",IL,צ'יטוס PUFFS בטעם גבינה 55 ג 48 יח,,0.00,,false,1,5.90,0.00,true,1,258799
7290112344427,false,קפה נמס עלית 100 גרם,שטראוס קפה בי.וי,IL,קפה נמס עלית 100 גרם,,0.00,,false,1,15.90,0.00,true,1,250483
7290112344472,false,מארז חנוכה סוכריה מת,שטראוס,IL,מארז חנוכה סוכריה מתוקה 100 גרם,,0.00,,false,1,15.90,0.00,true,1,258085
7290112344779,false,מילקי מתוק מלוח טופ,מיוצר עי קונדיטוריית,IL,מילקי מתוק מלוח טופ בייגלה,,0.00,,false,1,5.40,0.00,true,1,251781
7290112344816,false,מילקי מתוק מלוח קצפת,מיוצר עי קונדיטוריית,IL,מילקי מתוק מלוח קצפת אגוזים טופ,,0.00,,false,1,5.40,0.00,true,1,251782
7290112344854,false,מילקי שוקו טופ שוקו,מיוצר עי קונדיטוריית,IL,מילקי טופ קרם בטעם שוקולד ונוגט,,0.00,,false,1,5.40,0.00,true,1,252932
7290112344960,false,גבינת סימפוניה חלפי,מיוצר עי קונדיטוריית,IL,סימפוניה חלפיניו,,0.00,,false,1,12.70,0.00,true,1,258831
7290112346360,false,בפלות אחת אחת בציפוי,טוטיז-בינגו סיאי,GR,בפלות אחת אחת בציפוי שוקולד חלב,,0.00,,false,1,18.90,0.00,true,1,251262
7290112346537,false,פינוקיות בטעם טורטית,הגביע מוצרי ופלים בע,IL,פינוקיות בטעם טורטית,,0.00,,false,1,14.90,0.00,true,1,250979
7290112346612,false,יוגורט דנונה בר עם ת,מיוצר עי קונדיטוריית,IL,יוגורט דנונה עם תוספת שוקולד צבעוני,,0.00,,false,1,6.20,0.00,true,1,250825
7290112346643,false,דנונה יווני עם שכבת,מיוצר עי קונדיטוריית,IL,דנונה יווני עם שכבת תות,,0.00,,false,1,3.40,0.00,true,1,251302
7290112346698,false,דנונה משקה יוגורט בט,מיוצר עי קונדיטוריית,IL,דנונה משקה יוגורט בטעם מנגו ואפרסק,,0.00,,false,1,6.90,0.00,true,1,251507
7290112346704,false,משקה דנונה בטעם אננס,שטראוס,IL,משקה דנונה בטעם אננס וקוקוס 267מל,,0.00,,false,1,6.90,0.00,true,1,252001
7290112347015,false,דנונה סקוויז תות וש.,מיוצר עי קונדיטוריית,IL,דנונה סקוויז תות וש.שועל 125 גרם,,0.00,,false,1,6.90,0.00,true,1,253197
7290112347220,false,גבינת סקי מנגו 125גר,מיוצר עי קונדיטוריית,IL,סקי מנגו,,0.00,,false,1,3.90,0.00,true,1,253199
7290112347718,false,BeanZקפה קר ללא חל,קריניציה ויטמינה אס,PL,BeanZקפה קר ללא חלב וסוכר פחית 250 מ,,0.00,,false,1,11.90,0.00,true,1,255301
7290112347725,false,קפה קר BeanZ עם קצת,קריניציה ויטמינה אס,PL,קולד ברו עם קצת מתיקות BEANZ,,0.00,,false,1,11.90,0.00,true,1,255280
7290112347909,false,טחינה במרקם עשיר 400,מיוצר עי קונדיטוריית,IL,טחינה במרקם עשיר 400 גרם,,0.00,,false,1,16.90,0.00,true,1,251306
7290112348029,false,חומוס חלק דליקטס 250,שטראוס,IL,חומוס חלק דליקטס 250 גרם,,0.00,,false,1,8.90,0.00,true,1,254432
7290112348043,false,סלט חציל במיונז דליק,שטראוס,IL,סלט חציל במיונז דליקטס 250 גרם,,0.00,,false,1,12.90,0.00,true,1,254433
7290112349590,false,דניאלה אננס 100גרם,מיוצר עי קונדיטוריית,IL,דניאלה אננס,,0.00,,false,1,4.90,0.00,true,1,258717
7290112349736,false,רוטב עגבניות לפסטה ב,אמיליאנה קונסרב סוסי,IT,בזיליקום - רוטב עגבניות לפסטה 350 גרם,,0.00,,false,1,12.90,0.00,true,1,251407
7290112350312,false,קפסולות אספרסו 15 שט,שטראוס קפה בי.וי,IL,קפסולות 15 למכונות NESPRESSO,,0.00,,false,1,19.90,0.00,true,1,252867
7290112351241,false,עוגיות פינוקיות שוקו,תות תעשיות מזון (201,IL,פינוקיות שוקו תות,,0.00,,false,1,14.90,0.00,true,1,254178
7290112353535,false,ניוקי תפוחי אדמה ללג,שטראוס,IL,ניוקי תפוחי אדמה ללג EAT GOOD גרם 400,,0.00,,false,1,20.90,0.00,true,1,258180
7290112353566,false,סלט טחינה דליקטס 250,שטראוס,IL,סלט טחינה דליקטס 250 גרם,,0.00,,false,1,12.90,0.00,true,1,254435
7290112353870,false,חומוס אחלה הסדרה המו,שטראוס,IL,חומוס אחלה הסדרה המובחרת 40%125גרם,,0.00,,false,1,6.40,0.00,true,1,251999
7290112353887,false,משקה קפה קר בטעם אגו,אנסטל מילק kg,AT,משקה קפה קר בטעם אגוזים,,0.00,,false,1,9.90,0.00,true,1,252182
7290112354945,false,תפוציפס טבעי 50 גרם,שטראוס פריטו ליי בע”,IL,תפוציפס טבעי 50 גרם wavy,,0.00,,false,1,5.90,0.00,true,1,261666
7290112354952,false,תפוציפס פפריקה 50 גר,שטראוס,IL,תפוציפס פפריקה 50 גרם wavy,,0.00,,false,1,5.90,0.00,true,1,261667
7290112355027,false,דנונה פרו20 גרם חלבו,"שטראוס בריאות בע""מ",IL,דנונה פרו 20 גרם בטעם קרמל מלוח,,0.00,,false,1,6.90,0.00,true,1,254154
7290112355195,false,דנונה WOW בננה תמר 1,"שטראוס בריאות בע""מ",IL,דנונה WOW בננה תמר,,0.00,,false,1,5.50,0.00,true,1,254246
7290112355782,false,גמדים ארוחת בוקר תות,מיוצר עי קונדיטוריית,IL,גמדים ארוחת בוקר תות בננה סקוויז,,0.00,,false,1,6.90,0.00,true,1,255457
7290112355812,false,מילקי טופ קורנפלקס מ,"שטראוס גרופ בע""מ",IL,מילקי טופ קורנפלקס,,0.00,,false,1,5.40,0.00,true,1,260505
7290112358004,false,פסק זמן קראנץ 32גרם,שולן צ'יקולטה גידה ס,TR,פסק זמן קראנץ' 32 גר,,0.00,,false,1,7.50,0.00,true,1,253810
7290112358127,false,דנונה פרו 20גרם עם מ,"שטראוס בריאות בע""מ",IL,דנונה פרו 20 גר עם מגנזיום,,0.00,,false,1,6.90,0.00,true,1,253613
7290112358431,false,עד חצות דאבל 200 גרם,ביסקוויטס טור ד'אלבו,FR,עד חצות דאבל 200 גרם,,0.00,,false,1,18.90,0.00,true,1,255538
7290112358554,false,מארז נמס לדרך 28 יחי,שטראוס רומניה,RO,מארז נמס לדרך,,0.00,,false,1,14.90,0.00,true,1,252866
7290112358752,false,קפה קר BeanZ חלבי פח,קריניציה ויטמינה אס,PL,"קפה קר BeanZ חלבי פחית 250 מ""ל",,0.00,,false,1,11.90,0.00,true,1,255281
7290112490117,false,קליק טבלאות וופל ואג,יוניליוור ישראל מזון,IL,קליק שוקולד חלב עם וופל ואגוזים 85 גרם,,0.00,,false,1,9.90,0.00,true,1,245059
7290112490773,false,שוקולד חלב במילוי קר,מיוצר עי קונדיטוריית,IL,חטיף קליק במילוי קרם עוגיות 38 גרם,,0.00,,false,1,7.50,0.00,true,1,246760
7290112490797,false,חטיף קליק במילוי קרם,מיוצר עי קונדיטוריית,IL,חטיף קליק במילוי קרם קפה 38 גרם,,0.00,,false,1,7.50,0.00,true,1,246761
7290112490810,true,קליק שקית עוגיות חמא,יוניליוור ישראל מזון,IL,קליק שקית עוגיות חמאה 70 גרם,,0.00,,false,1,9.00,0.00,true,1,257826
7290112491268,false,קליק פרווה- כדורי דג,תות תעשיות מזון (201,IL,קליק פרווה- כדורי דגנים פריכים עם ציפוי,,0.00,,false,1,9.00,0.00,true,1,257911
7290112491305,true,דג דג שמנת בצל 180 ג,מולינו ניקולי s.p.a,IL,דג דג שמנת בצל 180 גרם,,0.00,,false,1,9.90,0.00,true,1,257827
7290112491404,true,גלילי בייגלה עם מלח,מיוצר עי קונדיטוריית,IL,גלילי בייגלה עם מלח וגלילי בייגלה בציפוי,,0.00,,false,1,11.90,0.00,true,1,246767
7290112491411,true,גלילי בייגלה עם מלח,יוניליוור ישראל מזון,IL,גלילי בייגלה עם מלח וגלילי בייגלה בציפוי,,0.00,,false,1,11.90,0.00,true,1,246768
7290112491589,false,קליק שוקולד חלב במיל,יוניליוור ישראל מזון,IL,קליק שוקולד חלב במילוי קרם בטעם קוקוס,,0.00,,false,1,7.50,0.00,true,1,248080
7290112491800,false,בייגלה דקים בטעם שמנ,בייגל את בייגל מזון,IL,בייגלה דקים בטעם שמנת בצל 60גרם,,0.00,,false,1,3.90,0.00,true,1,257902
7290112492449,false,פינוק שמפו לשיער רגי,יוניליוור ישראל טיפו,IL,PINUK שמפו 2IN1 700 ML,,0.00,,false,1,14.90,0.00,true,1,251989
7290112492531,true,פינוק מרכך שיער רגיל,יוניליוור ישראל טיפו,IL,PINUK מרכך 700 ML,,0.00,,false,1,14.90,0.00,true,1,251007
7290112492593,true,פינוק תחליב רחצה בני,יוניליוור ישראל טיפו,IL,PINUK סבון נוזלי 700 ML,,0.00,,false,1,14.90,0.00,true,1,251010
7290112492630,true,פינוק שמפו 3 ב-1 לגב,יוניליוור ישראל טיפו,IL,PINUK סבון נוזלי 700 ML,,0.00,,false,1,14.90,0.00,true,1,251013
7290112493163,false,קליק מיקס כריות וגלי,"דרך השוקולד 1, צפת 1",IL,קליק קליק מיקס כריות וגליליות 65 גרם,,0.00,,false,1,9.00,0.00,true,1,249610
7290112493170,false,קליק כריות נוגט בלבן,מיוצר עי קונדיטוריית,IL,קליק כריות נוגט בלבן 75 גרם,,0.00,,false,1,9.00,0.00,true,1,249611
7290112493927,false,גלידה קרמיסימו ריבת,"גלידת שטראוס בע""מ, ר",IL,קרמיסימו ריבת חלב 1.33 ליטר,,0.00,,false,1,33.90,0.00,true,1,251205
7290112494214,false,קליק שקית ביסקוויט,יוניליוור ישראל מזון,IL,קליק שקית ביסקוויט לבן 65גר,,0.00,,false,1,9.00,0.00,true,1,250466
7290112494221,false,קליק שקית ביסקוויט 6,יוניליוור ישראל מזון,IL,קליק ביסקוויט 65 גרם,,0.00,,false,1,9.00,0.00,true,1,250465
7290112494238,false,קליק שקית כדורים חל,יוניליוור ישראל מזון,IL,קליק קליק כדורים 65 גרם,,0.00,,false,1,9.00,0.00,true,1,250468
7290112494269,false,קליק שקית כריות צוק,יוניליוור ישראל מזון,IL,קליק שקית כריות צוקולטה 65 גר,,0.00,,false,1,9.00,0.00,true,1,250470
7290112494276,false,קליק שקית כריות 65,יוניליוור ישראל מזון,IL,קליק קליק כריות 65 גרם,,0.00,,false,1,9.00,0.00,true,1,250469
7290112494283,false,קליק שקית מעורב חום,יוניליוור ישראל מזון,IL,קליק חום לבן 65 גרם,,0.00,,false,1,9.00,0.00,true,1,250467
7290112494290,false,קליק שקית עוגי 65ג,יוניליוור ישראל מזון,IL,קליק שקית עוגי 65גר,,0.00,,false,1,9.00,0.00,true,1,250471
7290112494313,false,קליק שקית קורנפלקס 6,יוניליוור ישראל מזון,IL,קליק קליק קורנפלקס 65 גרם,,0.00,,false,1,9.00,0.00,true,1,250472
7290112494474,false,בייגלה דקים שומשום ב,בייגל את בייגל מזון,IL,B&B חטיפים שונים 300 GR,,0.00,,false,1,14.90,0.00,true,1,258112
7290112494696,false,קליק חטיף שוקולד קול,יוניליוור,IL,קליק חטיף שוקולד קולה ליים 38 גרם,,0.00,,false,1,7.50,0.00,true,1,250128
7290112495006,false,כריות נוגט 686 גרם,יוניליוור שפע ישראל,IL,תלמה דגני בוקר כריות נוגט 686 גרם,,0.00,,false,1,29.90,0.00,true,1,250486
7290112495105,false,נשנושים חטיף אפוי בט,בייגל את בייגל מזון,IL,נשנושים חטיף אפוי בטעם שמנת בצל 260 גרם,,0.00,,false,1,16.90,0.00,true,1,250572
7290112495266,false,קליק שקית דאבל קרם ע,יוניליוור HPC,IL,קליק שקית דאבל קרם עוגיות 65 גרם,,0.00,,false,1,9.00,0.00,true,1,250784
7290112495273,false,קליק שקית דאבל קרם ח,"דרך השוקולד 1, צפת 1",IL,קליק קליק חטיף שוקולד דאבל קרם חלב 65 גרם,,0.00,,false,1,9.00,0.00,true,1,250783
7290112495303,false,חטיף קליק בר פצפוצי,יונליוור ישראל מזון,IL,חטיף קליק בר פצפוצי דגנים ועוגיות 38 גר,,0.00,,false,1,7.50,0.00,true,1,250785
7290112495327,false,חטיף קליק בר חטיף פצ,יונליוור ישראל מזון,IL,חטיף קליק בר חטיף פצפוצי דגנים ושברי קרמ,,0.00,,false,1,7.50,0.00,true,1,250786
7290112495396,false,בייגלה שבלולים עם מל,בייגל את בייגל מזון,IL,B&B חטיפים שונים 270 GR,,0.00,,false,1,13.50,0.00,true,1,251166
7290112495433,false,תלמה דליפקאן 400 גרם,יוניליור שפע ישראל ב,IL,TELMA דגני מבוגרים 400 GR,,0.00,,false,1,28.90,0.00,true,1,250052
7290112495679,false,נשנושים מתוקים חטיף,גוד פוד פרודקטס S.p,IL,בייגל בייגל נשנושים חטיף אפוי עם קינמון 60 גרם,,0.00,,false,1,5.90,0.00,true,1,252990
7290112495709,false,בייגלה שבלולים עם שו,בייגל את בייגל מזון,IL,B&B חטיפים שונים 270 GR,,0.00,,false,1,11.50,0.00,true,1,251165
7290112495716,false,בייגלה שבלולים עם מל,בייגל בייגל,IL,בייגלה שבלולים עם מלח 50 גרם,,0.00,,false,1,4.90,0.00,true,1,251167
7290112495754,false,הלמנס אלף האיים 305,יוניליוור ישראל מזון,IL,הלמנ'ס רוטב אלף האיים 305 גרם,,0.00,,false,1,14.90,0.00,true,1,251219
7290112496027,false,אפיכל סירופ בטעם שוק,יוניליוור ישראל מזון,IL,EFICOL קינוחים שונים 580 GR,,0.00,,false,1,17.90,0.00,true,1,251242
7290112496195,false,.אקס בושם כיס בלאק 1,"קוסטר אירוסול, גבזה,",TR,אקס בושם כיס בלאק 17 מל,,0.00,,false,1,24.90,0.00,true,1,252988
7290112496270,false,פתית ציפס עם תפוחי א,JLM גלובל פודס37 דרך,GB,פתית ציפס עם תפוחי אדמה עגבניות 22 גרם,,0.00,,false,1,5.90,0.00,true,1,252745
7290112496287,false,פתית ציפס עם בטטה בט,JLM גלובל פודס37 דרך,GB,פתית פתית צ'יפס בטטה בטעם טבעי 21 גר',,0.00,,false,1,5.90,0.00,true,1,252744
7290112497123,false,סחלב להכנה 2 שקיות ב,יוניליוור ישראל מזון,IL,קנור סחלב 112 גרם,,0.00,,false,1,14.90,0.00,true,1,258372
7290112497901,false,חטיף קליק אוקיי קרם,"דרך השוקולד 1, צפת 1",IL,קליק חטיף קרם חלב שוקולד לבן 35 גרם,,0.00,,false,1,7.50,0.00,true,1,253714
7290112497918,false,חטיף קליק אוקיי קרם,"דרך השוקולד 1, צפת 1",IL,קליק חטיף קרם חלב שוקולד חלב 35 גרם,,0.00,,false,1,7.50,0.00,true,1,253713
7290112497932,false,נשנושים שמנת בצל 60,"דרך השוקולד 1, צפת 1",IL,בייגל בייגל נשנושים חטיף אפוי בטעם שמנת בצל 60 גרם,,0.00,,false,1,5.90,0.00,true,1,254329
7290112498250,false,תלמה קורנפלקס של אלו,יוניליוור שפע ישראל,IL,תלמה קורנפלקס של אלופים 410 גרם,,0.00,,false,1,16.90,0.00,true,1,255560
7290112498526,false,פתית ציפס בטטה סגולה,JLM גלובל פודס37 דרך,GB,פתית ציפס בטטה סגולה 22 גרם,,0.00,,false,1,5.90,0.00,true,1,259043
7290112498533,false,פתית ציפס עם חומוס א,JLM גלובל פודס37 דרך,GB,"פתית פתית צ'יפס עם חומוס,אפונה ושעועית 21 גרם",,0.00,,false,1,5.90,0.00,true,1,259044
7290112498786,false,מגנום קריספי קר.בננה,יוניליוור,IL,מגנום שלגון מגנום קריספי קרמל בננה 76 גרם,,0.00,,false,1,12.50,0.00,true,1,254406
7290112498915,false,מאגדת מגנום שוקולד ש,"מיוצר ע""י גלידת שטרא",IL,מגנום מאגדת מיני מגנום שקדים מובחרים 5 יחידות,,0.00,,false,1,30.90,0.00,true,1,255903
7290112498922,false,מאגדת מגנום שוקולד ל,"מיוצר ע""י גלידת שטרא",IL,מגנום מאגדת מיני מגנום לבן 5 יחידות,,0.00,,false,1,30.90,0.00,true,1,255904
7290112498939,false,בומבה 84גרם,"מיוצר ע""י גלידת שטרא",IL,שטראוס שלגון בומבה בטעם וניל 80 גרם,,0.00,,false,1,11.90,0.00,true,1,255877
7290112498946,false,ארטיק ילדים קשת בענן,"צר ע""י גלידת שטראוס",IL,"מקס ארטיק קשת בענן בטעמי תות, וניל ומרשמלו 47 גרם",,0.00,,false,1,8.90,0.00,true,1,259611
7290112499103,false,קורנטו קליק וניל עוג,"צר ע""י גלידת שטראוס",IL,קורנטו טילון קליק בטעם וניל עוגיות 72 גרם,,0.00,,false,1,10.90,0.00,true,1,260092
7290112499110,false,קורנטו קליק שוקולד ח,"צר ע""י גלידת שטראוס",IL,קורנטו טילון קליק בטעם שוקולד 72 גרם,,0.00,,false,1,10.90,0.00,true,1,260093
7290112499127,false,שלגון שמנת בטעם וניל,"מיוצר ע""י גלידת שטרא",IL,מגנום שלגון גלידה שוקולד לבן ותות 77 גרם,,0.00,,false,1,13.50,0.00,true,1,259609
7290112499141,false,סולרו וניל ותפוח ירו,שטראוס גרופ גלידות,IL,סולרו שלגון בטעם וניל ותפוח ירוק,,0.00,,false,1,12.90,0.00,true,1,260091
7290112499196,false,קרמיסימו החלב של הקו,"גלידת שטראוס בע""מ, ר",IL,קרמיסימו החלב של הקורנפלקס 1.33 ליטר,,0.00,,false,1,29.90,0.00,true,1,260564
7290112499219,false,גודיז פיסטוק ושוקולד,"גלידת שטראוס בע""מ, ר",IL,גודיז מאגדת גלידה בטעמי פיסטוק ושוקולד 5 יחידות,,0.00,,false,1,27.90,0.00,true,1,260094
7290112499639,false,טילון סופר מגנום וני,"מיוצר ע""י גלידת שטרא",IL,קורנטו מגנום טילון וניל צ'יפ שוקולד 110 גרם,,0.00,,false,1,13.50,0.00,true,1,251216
7290112499646,false,קורנטו סופר פקאן 108,"מיוצר ע""י גלידת שטרא",IL,קורנטו סופר פקאן 108 גרם,,0.00,,false,1,13.50,0.00,true,1,251818
7290112499677,false,מגנום שוקולד לבן 85,"מיוצר ע""י גלידת שטרא",IL,מגנום שלגון שוקולד לבן 85 גרם,,0.00,,false,1,13.50,0.00,true,1,251210
7290112499738,false,שלגון מלון 90 גרם,"מיוצר ע""י גלידת שטרא",IL,מקס שלגון מלון 90 גרם,,0.00,,false,1,8.90,0.00,true,1,251265
7290112499769,false,גלידונית אייס קפה 74,"גלידת שטראוס בע""מ, ר",IL,גלידונית אייס קפה 746גרם,,0.00,,false,1,54.90,0.00,true,1,251810
7290112499837,false,מגנום דואט שוקולד עם,"מיוצר ע""י גלידת שטרא",IL,מגנום שלגון מגנום דואט שוקולד עם נוגט 90 גרם,,0.00,,false,1,13.50,0.00,true,1,251211
7290112499929,false,מגנום שוקולד 85 גרם,"מיוצר ע""י גלידת שטרא",IL,מגנום שלגון מגנום שוקולד 85 גרם,,0.00,,false,1,13.50,0.00,true,1,251212
7290112499936,false,מגנום שקדים 85 גרם,"מיוצר ע""י גלידת שטרא",IL,מגנום שלגון מגנום שקדים 85 גרם,,0.00,,false,1,13.50,0.00,true,1,251213
7290112499943,false,מיני מגנום קלאסיק שו,"מיוצר ע""י גלידת שטרא",IL,מגנום מאגדת מיני מגנום קלאסיק שוקולד 5 יחידות,,0.00,,false,1,30.90,0.00,true,1,251208
7290112960528,false,אסם עוגיות בטעם וניל,אסם,IL,אסם עוגיות בטעם וניל עם קוקוס כשלפ 180 ג,,0.00,,false,1,14.90,0.00,true,1,248458
7290112960856,false,טילון אקסטרים מטבע ש,גלידות נסטלה (נגה גל,IL,נסטל.אקסטרים ליבת ריבת חלב ומטבע 18*115ג,,0.00,,false,1,12.50,0.00,true,1,248460
7290112961372,false,פיטנס חטיפי פריכיות,"פרח תעשיות מזון בע""מ",IL,פיטנס חטיפי פריכיות דקות קינמון12*60ג,,0.00,,false,1,9.50,0.00,true,1,247969
7290112961464,false,פיטנס חטיפי פריכיות,"פרח תעשיות מזון בע""מ",IL,פיטנס חטיפי פריכיות דקות מתובלות 12*60ג,,0.00,,false,1,9.50,0.00,true,1,247968
7290112961730,false,שקדי מרק דגיגים אסם,,IL,אסם שקדי מרק דגיגים 12*400גרם,,0.00,,false,1,17.90,0.00,true,1,257885
7290112962003,false,שלגון בשומן צמחי טעם,שוורצקוף& הנקל דיסלד,IL,קראנץ וניל עוגיות 28*90גרם,,0.00,,false,1,12.50,0.00,true,1,248062
7290112962133,false,ערגליות תפוח 300 גרם,מיוצר עי קונדיטוריית,IL,ערגליות תפוח 6*300גרם,,0.00,,false,1,13.90,0.00,true,1,258005
7290112962225,false,פסטה אסם חיות 400 גר,אסם,IL,פסטה אסם חיות 400 גרם,,0.00,,false,1,8.90,0.00,true,1,257883
7290112962751,false,אוראו שלגון אימפלס 6,פורנארי אריה,IL,אוראו שלגון אימפלס 20*65גרם,,0.00,,false,1,12.90,0.00,true,1,248464
7290112963918,false,פיטנס קרקר דק רוזמרי,אסם,IL,פיטנס קרקר דק רוזמרין 12*140גרם,,0.00,,false,1,13.90,0.00,true,1,249757
7290112964410,false,אסם רוטב אלף האיים ח,אסם,IL,אסם רוטב אלף האיים חדש לסלט 9*290גרם,,0.00,,false,1,13.90,0.00,true,1,249503
7290112964472,false,אסם רוטב שום חדש לסל,אסם,IL,אסם רוטב שום חדש לסלט 9*290גרם,,0.00,,false,1,13.90,0.00,true,1,249506
7290112965684,false,פיטנס חטיף מולטיגריי,"אסם השקעות בע""מ",IL,פיטנס חטיף מולטיגריין עשבי תיבול 25גרם,,0.00,,false,1,6.50,0.00,true,1,253826
7290112965806,false,ביסלי פריסטייל חמוץ,אסם,IL,ביסלי פריסטייל חמוץ חריף 60 גרם,,0.00,,false,1,6.90,0.00,true,1,255908
7290112966049,false,ערגליות תפוז 300 גרם,מיוצר עי קונדיטוריית,IL,ערגליות תפוז 300 גרם,,0.00,,false,1,12.90,0.00,true,1,251334
7290112966223,false,קרמוגית שוקו במילוי,מיוצר עי קונדיטוריית,IL,קרמוגית שוקו במילוי קרם בננה 200אסם גרם,,0.00,,false,1,14.90,0.00,true,1,251379
7290112966827,false,פודינג אינטסטנט שוק,"אסם השקעות בע""מ",IL,"פודינג אינטסטנט שוקולד כשל""פ 95 גרם",,0.00,,false,1,7.90,0.00,true,1,251575
7290112967114,false,פיטנס חטיפי פריכיות,"פרח תעשיות מזון בע""מ",IL,פיטנס חטיפי פריכיות קטניות ופלפל 60 גר,,0.00,,false,1,9.50,0.00,true,1,252526
7290112967381,false,פיטנס חטיפי פריכיות,"פרח תעשיות מזון בע""מ",IL,פיטנס חטיפי פריכיות קטניות ומלח ים 60 ג,,0.00,,false,1,9.50,0.00,true,1,252525
7290112968128,false,סלט תפוחי אדמה ובצל,,IL,סלט תפוחי אדמה ובצלים צבר 220גרם,,0.00,,false,1,11.90,0.00,true,1,251473
7290112968142,false,סלט חצילים ופלפלים,,IL,סלט חצילים ופלפלים צבר 220גרם,,0.00,,false,1,11.90,0.00,true,1,251474
7290112968166,false,סלט מטבוחה חריפה צב,,IL,סלט מטבוחה חריפה צבר 220גרם,,0.00,,false,1,11.90,0.00,true,1,251475
7290112968807,false,פיטנס קרקר דק סלק 14,מפעל אסם יקנעם,IL,פיטנס קרקר דק סלק 12*140גרם,,0.00,,false,1,13.90,0.00,true,1,252955
7290112968821,false,פיטנס קרקר דק בטטה 1,מפעל אסם יקנעם,IL,פיטנס קרקר דק בטטה 12*140גרם,,0.00,,false,1,13.90,0.00,true,1,252956
7290113192171,false,מיקס אגוזים שקדים וח,דין שיווק,IL,מיקס אגוזים שקדים וחמוציות 150 גרם,,0.00,,false,1,17.90,0.00,true,1,258673
7290113192300,true,חרוזית מושחר בית הש,בית השיטה,IL,חרוזית מושחר בית השיטה 275גר,,0.00,,false,1,12.50,0.00,true,1,251041
7290113192324,true,זית ירוק בית השיטה,בית-השיטה עסיס תעשיו,IL,זית ירוק בית השיטה 340גר,,0.00,,false,1,10.90,0.00,true,1,251043
7290113192362,true,טבעות זיתים ירק בית,בית-השיטה עסיס תעשיו,IL,טבעות זיתים ירק בית השיטה 280גר,,0.00,,false,1,11.90,0.00,true,1,251047
7290113192379,true,זיתים ירוקים מבוקעים,"בית-השיטה תעשיות בע""",IL,זיתים ירוקים מבוקעים בית השיטה 340גר,,0.00,,false,1,10.90,0.00,true,1,251048
7290113192386,true,זית סורי מבוקע בית,בית-השיטה עסיס תעשיו,IL,זית סורי מבוקע בית השיטה 340גר,,0.00,,false,1,12.90,0.00,true,1,251049
7290113192478,true,מלפפונים במלח 10-12,בית-השיטה עסיס תעשיו,IL,מלפפונים במלח 10-12 בית השיטה 320גר,,0.00,,false,1,9.90,0.00,true,1,251058
7290113192485,true,מלפפונים בחומץ 10-12,בית-השיטה עסיס תעשיו,IL,מלפפונים בחומץ 10-12בית השיטה 290גר,,0.00,,false,1,9.90,0.00,true,1,251059
7290113192492,true,מלפפונים בחומץ 17-13,בית-השיטה עסיס תעשיו,IL,מלפפונים בחומץ 17-13בית השיטה 290גר,,0.00,,false,1,12.90,0.00,true,1,251060
7290113192539,true,מלפפונים במלח 7-9 ב,בית-השיטה עסיס תעשיו,IL,מלפפונים במלח 7-9 בית השיטה 320גר,,0.00,,false,1,7.90,0.00,true,1,251064
7290113192546,true,מלפפונים בחומץ 7-9 ב,בית-השיטה עסיס תעשיו,IL,מלפפונים בחומץ 7-9 בית השיטה 290גר,,0.00,,false,1,7.90,0.00,true,1,251065
7290113192560,true,פלפל שיפקה בית השיטה,בית-השיטה עסיס תעשיו,IL,פלפל שיפקה בית השיטה 230גר,,0.00,,false,1,7.90,0.00,true,1,251067
7290113198241,false,קשיו ענק קלוי בצנצנת,דין שיווק,IL,קשיו ענק קלוי בצנצנת 200 גרם,,0.00,,false,1,21.90,0.00,true,1,260962
7290113198258,false,פיסטוק ענק קלוי בצנצ,דין שיווק,IL,פיסטוק ענק קלוי בצנצנת 170 גרם,,0.00,,false,1,21.90,0.00,true,1,260963
7290113198265,false,שקד ענק קלוי בצנצנת,דין שיווק,IL,שקד ענק קלוי בצנצנת 200 גרם,,0.00,,false,1,21.90,0.00,true,1,260964
7290113198272,false,תערובת פיצוחים פרימי,דין שיווק,IL,תערובת פיצוחים פרימיום בצנצנת 200 גרם,,0.00,,false,1,21.90,0.00,true,1,260965
7290113198289,false,בוטנים קלויים בצנצנת,דין שיווק,IL,בוטנים קלויים בצנצנת 220 גרם,,0.00,,false,1,17.90,0.00,true,1,260966
7290113452879,false,סוכריות גומי בננה אר,טופגם,IL,סוכריות גומי בננה ארוז 200 גרם,,0.00,,false,1,14.90,0.00,true,1,259096
7290113452916,false,סוכריות גומי קולה קט,טופגם,IL,סוכריות גומי קולה קטן ארוז 200 גרם,,0.00,,false,1,14.90,0.00,true,1,259094
7290113452923,false,סוכריות גומי לב אפרס,טופגם,IL,סוכריות גומי לב אפרסק ארוז 200 גרם,,0.00,,false,1,14.90,0.00,true,1,259118
7290113452930,false,סוכריות גומי דובי מו,טופגם,IL,סוכריות גומי דובי מוברק ארוז 200 גרם,,0.00,,false,1,14.90,0.00,true,1,259097
7290113452985,false,קטי תות ממולא 150 גר,טופגם,IL,קטי תות ממולא 150 גרם,,0.00,,false,1,14.90,0.00,true,1,260603
7290114720250,false,מטען סוללות USB אוני,,,מטען סוללות USB אוני,,0.00,,false,1,69.90,0.00,true,1,252085
7290114720625,false,מטען נייד למוצרי USB,,,מטען נייד למוצרי USB,,0.00,,false,1,79.90,0.00,true,1,253098
7290114720885,false,75w מארז זוג נורות צ,,,75w מארז זוג נורות צהוב,,0.00,,false,1,29.90,0.00,true,1,255362
7290115180251,false,יחידות טבק לחימום אמ,פיליפ מוריס,,יחידות טבק לחימום אמבר PP חפיסה,,0.00,,false,1,27.90,0.00,false,1,254254
7290115180268,false,יחידות טבק לחימום צה,פיליפ מוריס,IL,יחידות טבק לחימום צהוב PP בודד,,0.00,,false,1,27.90,0.00,true,1,253835
7290115180275,false,יחידות טבק לחימום טו,פיליפ מוריס,IL,יחידות טבק לחימום טורקיז PP בודד,,0.00,,false,1,27.90,0.00,true,1,253838
7290115180282,false,יחידות טבק לחימום בר,פיליפ מוריס,IL,יחידות טבק לחימום ברונז PP בודד,,0.00,,false,1,27.90,0.00,true,1,253839
7290115180299,false,יחידות טבק לחימום סי,פיליפ מוריס,IL,יחידות טבק לחימום סיינה PP בודד,,0.00,,false,1,27.90,0.00,true,1,253842
7290115180688,false,יחידות טבק לחימום סג,,,יחידות טבק לחימום סגול PPבודד,,0.00,,false,1,27.90,0.00,false,1,253725
7290115181500,false,הייטס לגונה סוויפט P,פיליפ מוריס,,הייטס לגונה סוויפט PP בודד,,0.00,,false,10,27.90,0.00,false,1,259510
7290115181531,false,PP טבק היטס טיק חפי,פיליפ מוריס,RO,PP טבק היטס טיק חפיסה,,0.00,,false,1,27.90,0.00,true,1,260174
7290115190014,false,סיגריות PPמרלבורו רד,פיליפ מוריס,,סיגריות PPמרלבורו רד חפיסה,,0.00,,false,1,36.70,0.00,false,1,253490
7290115190038,false,סיגריות PPמרלבורו רד,פיליפ מוריס,,סיגריות PPמרלבורו רד סופט חפיסה,,0.00,,false,1,34.50,0.00,false,1,253476
7290115190052,false,סיגריות מרלבורו פליי,פיליפ מוריס,,סיגריות מרלבורו פלייבור מיקסPP חפיסה בוד,,0.00,,false,1,36.70,0.00,false,1,253242
7290115190076,false,סיגריות מרלבורו גולד,פיליפ מוריס,,סיגריות מרלבורו גולד 100בודד,,0.00,,false,1,36.70,0.00,false,1,253848
7290115190083,false,סיגריות מרלבורו גולד,פיליפ מוריס,,סיגריות מרלבורו גולדPP פאקט,,0.00,,false,10,342.00,0.00,false,1,253463
7290115190090,false,סיגריות מרלבורו גולד,פיליפ מוריס,,סיגריות מרלבורו גולדPP חפיסה,,0.00,,false,1,36.70,0.00,false,1,253462
7290115190113,false,סיגריות מרלבורו גולד,פיליפ מוריס,,סיגריות מרלבורו גולד סופטPP חפיסה,,0.00,,false,1,34.50,0.00,false,1,253484
7290115190137,false,סיגריות מרלבורו פיין,פיליפ מוריס,,סיגריות מרלבורו פיין טאץPP חפיסה,,0.00,,false,1,32.90,0.00,false,1,253486
7290115190151,false,סיגריות מרלבורו טאץP,פיליפ מוריס,,סיגריות מרלבורו טאץPP חפיסה,,0.00,,false,1,32.90,0.00,false,1,253478
7290115190175,false,סיגריות פרלמנט סופר,פיליפ מוריס,,סיגריות פרלמנט סופר סלימסPP חפיסה בודד,,0.00,,false,1,41.70,0.00,false,1,253238
7290115190199,false,פרלמנט נייט 100PP חפ,פיליפ מוריס,,פרלמנט נייט 100PP חפיסה,,0.00,,false,1,41.70,0.00,false,1,255415
7290115190212,false,סיגריות פרלמנט בלו 1,פיליפ מוריס,,סיגריות פרלמנט בלו 100PPחפיסה,,0.00,,false,1,41.70,0.00,false,1,253468
7290115190236,false,סיגריות פרלמנט בלוPP,פיליפ מוריס,,סיגריות פרלמנט בלוPP חפיסה,,0.00,,false,1,41.70,0.00,false,1,253464
7290115190250,false,סיגריות פרלמנט נייטP,פיליפ מוריס,,סיגריות פרלמנט נייטPP חפיסה בודד,,0.00,,false,1,41.70,0.00,false,1,253244
7290115190274,false,סיגריות פרלמנט סילבר,פיליפ מוריס,,סיגריות פרלמנט סילברPP חפיסה,,0.00,,false,1,41.70,0.00,false,1,253480
7290115190335,false,ל.מ בלו 100PP חפיסה,פיליפ מוריס,,ל.מ בלו 100PP חפיסה,,0.00,,false,1,32.20,0.00,false,1,255512
7290115190359,false,סיגריות ל.מ בלוPP חפ,פיליפ מוריס,,סיגריות ל.מ בלוPP חפיסה בודד,,0.00,,false,1,32.20,0.00,false,1,253240
7290115190373,false,סיגריות ל.מ. קפסולהP,פיליפ מוריס,,סיגריות ל.מ. קפסולהPP חפיסה,,0.00,,false,1,32.20,0.00,false,1,253482
7290115190397,false,ל.מ רדPP חפיסה בודד,פיליפ מוריס,,ל.מ רדPP חפיסה בודד סיגריות,,0.00,,false,1,32.20,0.00,false,1,253235
7290115190410,false,סיגריות ל.מ סילברPP,פיליפ מוריס,,סיגריות ל.מ סילברPP חפיסה,,0.00,,false,1,32.20,0.00,false,1,253470
7290115190434,false,סיגריות ל.מ וייבPP ח,פיליפ מוריס,IL,סיגריות ל.מ וייבPP חפיסה בודד,,0.00,,false,1,32.20,0.00,false,1,253246
7290115190458,false,סיגריות נקסט אדג בוד,פיליפ מוריס,,סיגריות נקסט אדג בודד,,0.00,,false,1,25.00,0.00,false,1,253815
7290115190472,false,סיגריות נקסט פיין אד,פיליפ מוריס,,סיגריות נקסט פיין אדגPP חפיסה,,0.00,,false,1,25.00,0.00,false,1,254187
7290115190496,false,סיגריות נקסט פיין 10,פיליפ מוריס,IL,סיגריות נקסט פיין 100PP חפיסה,,0.00,,false,1,31.20,0.00,false,1,254736
7290115190519,false,סיגריות נקסט פיין חפ,פיליפ מוריס,,סיגריות נקסט פיין חפיסה,,0.00,,false,1,31.20,0.00,false,1,253472
7290115190533,false,סיגריות נקסט ריסס 10,פיליפ מוריס,,סיגריות נקסט ריסס 100בודד,,0.00,,false,1,26.00,0.00,false,1,253845
7290115190557,false,סיגריות נקסט ריסס קצ,פיליפ מוריס,,סיגריות נקסט ריסס קצרPP חפיסה,,0.00,,false,1,26.00,0.00,false,1,253474
7290115190571,false,סיגריות נקסט לילךPP,פיליפ מוריס,,סיגריות נקסט לילךPP חפיסה בודד,,0.00,,false,1,31.20,0.00,false,1,253237
7290115190595,false,סיגריות נקסט אוריגינ,פיליפ מוריס,,סיגריות נקסט אוריגינלPP חפיסה,,0.00,,false,1,31.20,0.00,false,1,253460
7290115190618,false,טבק מרלבורו רדPP חפי,,,טבק מרלבורו רדPP חפיסה,,0.00,,false,1,82.40,0.00,true,1,254249
7290115190632,false,טבק מרלבורו גולד חפ,פיליפ מוריס,,טבק מרלבורו גולד חפיסה 30 גרם,,0.00,,false,1,82.40,0.00,false,1,254189
7290115190656,false,טבק נקסט פייןPP חפי,פיליפ מוריס,,טבק נקסט פייןPP חפיסה,,0.00,,false,1,87.30,0.00,true,1,253983
7290115190670,false,טבק נקסט אוריגינל בו,פיליפ מוריס,,טבק נקסט אוריגינל בודד,,0.00,,false,1,87.30,0.00,true,1,253850
7290115190694,false,טבק צסטרפילד פיין וי,פיליפ מוריס,,טבק צסטרפילד פיין וירגינה בודד,,0.00,,false,1,69.00,0.00,true,1,253843
7290115190731,false,טבק צסטרפילד אוריגינ,,,טבק צסטרפילד אוריגינל 30PP חפיסה,,0.00,,false,1,69.00,0.00,true,1,253488
7290115190892,false,סיגריות מרלבורו פיוז,פיליפ מוריס,IL,סיגריות מרלבורו פיוזן קפסולה בודד,,0.00,,false,1,27.00,0.00,false,1,256025
7290115190915,false,טבק לגלגול נקסט לבן,פיליפ מוריס,,טבק לגלגול נקסט לבן XL ל 50 גרם בודד,,0.00,,false,1,102.30,0.00,true,1,255667
7290115190939,false,סיגריות ל.מ קליק קפס,פיליפ מוריס,,סיגריות ל.מ קליק קפסולה בודד,,0.00,,false,1,25.00,0.00,false,1,259109
7290115190960,false,מרלבורו טאץ אדום פאק,פיליפ מוריס,TR,מרלבורו טאץ אדום פאקט,,0.00,,false,10,290.00,0.00,false,1,260718
7290115190977,false,מרלבורו טאץ אדום חפי,פיליפ מוריס,TR,מרלבורו טאץ אדום חפיסה,,0.00,,false,1,29.00,0.00,false,1,260717
7290115191035,false,מרלבורו סאמר ספלאש ח,פיליפ מוריס,RS,מרלבורו סאמר ספלאש חפיסה בודד,,0.00,,false,1,29.00,0.00,false,1,260328
7290115191073,false,נקסט ריץ ריסס חפיסה,פיליפ מוריס,RS,נקסט ריץ ריסס חפיסה,,0.00,,false,1,26.00,0.00,true,1,261714
7290115200201,false,צבר סלט פלפלים קלויי,,IL,צבר סלט פלפלים קלויים 200גרם,,0.00,,false,1,12.90,0.00,true,1,253074
7290115201680,false,בסלי ברביקיו 70גרם,"אסם השקעות בע""מ",IL,בסלי ברביקיו 70גרם,,0.00,,false,1,6.90,0.00,true,1,253774
7290115201703,false,בסלי ברביקיו 200גרם,"אסם השקעות בע""מ",IL,בסלי ברביקיו 200גרם,,0.00,,false,1,12.50,0.00,true,1,253772
7290115201727,false,בסלי בצל 200גרם,"אסם השקעות בע""מ",IL,בסלי בצל 200גרם,,0.00,,false,1,12.50,0.00,true,1,253771
7290115203134,false,פופקו פופקורן במבה 8,"אסם השקעות בע""מ",IL,פופקו פופקורן במבה 80 גרם,,0.00,,false,1,7.90,0.00,true,1,255910
7290115205312,false,קרקר דק פיטנס זיתים,"אסם השקעות בע""מ",IL,קרקר דק פיטנס זיתים 140 גרם,,0.00,,false,1,13.90,0.00,true,1,260179
7290115205527,false,פיטנס חטיף מולטגריין,פיטנס,IL,פיטנס חטיף מולטגריין עם עדשים 25 גרם,,0.00,,false,1,6.50,0.00,true,1,260481
7290115205541,false,פיטנס חטיף מולטיגריי,פיטנס,IL,פיטנס חטיף מולטיגריין עם חומוס 25 גרם,,0.00,,false,1,6.50,0.00,true,1,260482
7290115206531,false,אסם קרמוגית בייגלה,אסם-נסטלה,IL,אסם קרמוגית בייגלה 200 גרם,,0.00,,false,1,14.90,0.00,true,1,259047
7290115206852,false,ביסלי ציזי סטיקס חדש,אסם,IL,ביסלי ציזי סטיקס חדש 70גרם,,0.00,,false,1,6.90,0.00,true,1,260792
7290115206890,false,ביסלי המבורגר חדש 70,אסם,IL,ביסלי המבורגר חדש 70גרם,,0.00,,false,1,6.90,0.00,true,1,260793
7290115208597,false,אסם קרמוגית מיניס קר,אסם,IL,אסם קרמוגית מיניס קרמל מלוח 200 גרם,,0.00,,false,1,14.90,0.00,true,1,260790
7290115209198,false,במבה אורירית 80גרם,אסם השקעות בעמ,IL,במבה אורירית 80גרם,,0.00,,false,1,7.90,0.00,true,1,260817
7290115209358,false,במבה במילוי בראוניז,אסם,IL,במבה במילוי בראוניז 60גרם,,0.00,,false,1,7.90,0.00,true,1,261670
7290115670240,false,פרכיות כשלפ טעימות א,פרח,IL,כשלפ פריכיות טעימות אורז מלא דקות 135ג,,0.00,,false,1,15.90,0.00,true,1,254691
7290115670301,false,חטיף פרה קוקוס כשלפ,מיוצר עי קונדיטוריית,IL,כשלפ חטיף פרה קוקוס 45 גר,,0.00,,false,1,6.90,0.00,true,1,254845
7290115670813,false,כיף כף חצי חצי שוקו,מיוצר עי קונדיטוריית,IL,כיף כף חצי חצי שוקו בננה 45 גר,,0.00,,false,1,6.90,0.00,true,1,258536
7290115671223,false,מסטיק בקבוקון מאסט פ,אסקום קונפקשיין,DE,מאסט פאן אבטיח מנגו 58 גרם,,0.00,,false,1,11.90,0.00,true,1,259632
7290115671308,false,מסטיק מאסט בקבוקון פ,אסקום קונפשטיין,DE,מאסט פאן תות דובדבן 58 גרם,,0.00,,false,1,11.90,0.00,true,1,259633
7290115671339,false,מיני פינוקיות בראוני,הגביע מוצרי ופלים בע,IL,מיני פינוקיות בראוניז בייגל בוטן 180 ג',,0.00,,false,1,14.90,0.00,true,1,258538
7290115671346,false,מיני פינוקיות טופי ק,הגביע מוצרי ופלים בע,IL,מיני פינוקיות טופי קרמל מלוח 180 ג',,0.00,,false,1,14.90,0.00,true,1,258539
7290115674712,false,BREADZ קרקר סריראצה,"אלאדין בייקרס בע""מ",US,BREADZ קרקר סריראצה 170 ג 12 יח,,0.00,,false,1,16.90,0.00,true,1,259801
7290115674743,false,פיתה BREADZ מלח ים 1,"אלאדין בייקרס בע""מ",US,BREADZ פיתה מלח ים 170 ג 12 יח,,0.00,,false,1,16.90,0.00,true,1,259799
7290115674774,false,BREADZ קרקר קינואה ו,"אלאדין בייקרס בע""מ",US,BREADZ קרקר קינואה צ'יה 170 ג 12 יח,,0.00,,false,1,16.90,0.00,true,1,259800
7290115675559,false,מארז טורקי לדרך 70 ג,שטראוס קפה בי.וי.,IL,מארז טורקי לדרך 70 גרם,,0.00,,false,1,11.90,0.00,true,1,260715
7290115675764,false,קפסולות מס 8 אתיופיה,הנסיך- מפעל לייצור ט,IL,קפסולות 08 אתיופיה למכונות NESPRESSO,,0.00,,false,1,19.90,0.00,true,1,259348
7290115676020,false,דנונה בר בזוקה 153,מיוצר עי קונדיטוריית,IL,דנונה בר בזוקה,,0.00,,false,1,6.20,0.00,true,1,259426
7290115676037,false,דנונה ריפרש תות דומד,"שטראוס בריאות בע""מ",IL,דנונה ריפרש תות דומדמניות,,0.00,,false,1,6.20,0.00,true,1,255684
7290115676082,false,משקה דנונה פרו 20 תו,"שטראוס בריאות בע""מ.",IL,משקה דנונה פרו 20 תות,,0.00,,false,1,7.90,0.00,true,1,255686
7290115676099,false,משקה דנונה פרו 20 ונ,"שטראוס בריאות בע""מ.",IL,משקה דנונה פרו 20 וניל,,0.00,,false,1,7.90,0.00,true,1,255685
7290115676693,false,תפוציפס מלח חומץ 50,"שטראוס פריטו ליי בע""",IL,תפו SALT & VINEGAR י50 גר 48 יח - שמיטה,,0.00,,false,1,5.90,0.00,true,1,260503
7290115676822,false,מסיכה מתוקה 148 גרם,שטראוס,IL,מסיכה מתוקה 148 גרם,,0.00,,false,1,15.90,0.00,true,1,251333
7290115677805,false,מילקי קייק קוקי רביע,תות תעשיות מזון (201,IT,מילקי קייק קוקי רביעייה,,0.00,,false,1,13.90,0.00,true,1,255458
7290115677959,false,גוואקמולי אחלה 220,שטראוס,IL,גוואקמולי אחלה 220 גרם,,0.00,,false,1,18.90,0.00,true,1,259199
7290115678550,false,דנונה פרו 20 גרם בטע,"שטראוס בריאות בע""מ",IL,דנונה פרו 20 גרם בטעם פיסטוק 200 גרם,,0.00,,false,1,6.90,0.00,true,1,258836
7290115678635,false,נשנושי גבינה 25% עם,"מחלבת טבע עז בע""מ",IL,נשנושי גבינה 25% עם כעכים שטוחים,,0.00,,false,1,11.90,0.00,true,1,259635
7290115678642,false,נשנושי גבינה 25% עם,"מחלבת טבע עז בע""מ",IL,נשנושי גבינה 25% עם חטיף אפוי וזיתים 67,,0.00,,false,1,11.90,0.00,true,1,259634
7290115678666,false,אחלה נשנוש טחינה קרם,"שטראוס גרופ בע""מ",IL,אחלה נשנוש טחינה קרם חציל פרכיות,,0.00,,false,1,10.90,0.00,true,1,259466
7290116531281,false,קליק מיקס 65 גרם,יוניליוור ישראל מזון,IL,קליק קליק מיקס 65 גרם,,0.00,,false,1,9.00,0.00,true,1,259148
7290116531311,false,חטיף קליק בלאק&וויט,יוניליוור ישראל מזון,IL,קליק חטיף קליק בלאק&וויט בציפוי שוקולד לבן 35 גרם,,0.00,,false,1,7.50,0.00,true,1,260400
7290116532011,false,קליק חטיף נוגט 35 גר,אזור התעשייה רמת גבר,IL,קליק חטיף נוגט 35 גרם,,0.00,,false,1,7.50,0.00,true,1,259797
7290116930015,false,GO חטיף חלבון קרמל,תנובה,IL,GO חטיף חלבון קרמל מלוח חמאת בוטנים 60ג,,0.00,,false,1,14.90,0.00,true,1,260362
7290116930022,false,GO חטיף חלבון בטעם ק,תנובה,IL,GO חטיף חלבון בטעם קרם עוגיות 60גרם,,0.00,,false,1,14.90,0.00,true,1,260363
7290116930435,false,יוגורט גו סמיך 0% דו,"תנובה בע""מ",IL,יוגורט גו סמיך 0% דובדבן,,0.00,,false,1,6.90,0.00,true,1,260197
7290116930442,false,SHAKE יופלה בננה מנג,תנובה בעמ,IL,SHAKE יופלה בננה מנגו תפוז גזר וציה 230,,0.00,,false,1,9.90,0.00,true,1,260519
7290116930459,false,SHAKE יופלה בננה אננ,תנובה בעמ,IL,SHAKE יופלה בננה אננס וקוקוס 230 מל,,0.00,,false,1,9.90,0.00,true,1,260522
7290116930466,false,SHAKE יופלה מנגו בננ,תנובה בעמ,IL,SHAKE יופלה מנגו בננה פסיפלורה והל 230 מ,,0.00,,false,1,9.90,0.00,true,1,260521
7290116930480,false,SHAKE יופלה בננה קיו,תנובה בעמ,IL,SHAKE יופלה בננה קיווי תפוח 230 מל,,0.00,,false,1,9.90,0.00,true,1,260520
7290116930558,false,משקה תה קר עם חלב בט,תנובה בעמ,IL,משקה תה קר עם חלב בטעם צאי קרמל 230מל,,0.00,,false,1,8.90,0.00,true,1,260524
7290116930565,false,משקה תה קר עם חלב בט,תנובה בעמ,IL,משקה תה קר עם חלב בטעם צאי מסאלה 230מל,,0.00,,false,1,8.90,0.00,true,1,260525
7290116930572,false,משקה תה קר עם חלב בט,תנובה בעמ,IL,משקה תה קר עם חלב בטעם צאי ורדים 230מל,,0.00,,false,1,8.90,0.00,true,1,260526
7290116930701,false,GOמעדן חלב בטעם קרמל,תנובה,IL,GOמעדן חלב בטעם קרמל מלוח 120גרם,,0.00,,false,1,5.20,0.00,true,1,260523
7290116931104,false,יופלה גו במרקם סמיך,תנובה בעמ,IL,יופלה גו במרקם סמיך עם אננס 0% 200גרם,,0.00,,false,1,6.50,0.00,true,1,260854
7296168001406,false,אסלוניות 20 יחידות,,,אסלוניות 20 יחידות,,0.00,,false,1,10.90,0.00,true,1,257962
7297488098305,false,קמח שקדים דגש 250 גר,תבליני העליון 2007 ב,IL,דוכן גן שמואל קמח שקדים 500 גרם,,0.00,,false,1,27.50,0.00,true,1,221727
7297488099753,false,עוגיות בטעם שוקולד ו,תגלית הטעם,IL,עוגיות בטעם שוקולד וקוקוס 250 גרם,,0.00,,false,1,27.90,0.00,true,1,243721
7297488199590,false,"פצפוצי אורז לל""ג 450",תירפז בעמ,IL,פצפוצי אורז לבן תפוח,,0.00,,false,1,23.90,0.00,true,1,243718
7298074501995,false,בליסטקס הגנה מוגברת,,,בליסטקס הגנה מוגברת spf50,,0.00,,false,1,9.90,0.00,true,1,250492
7299014043889,false,נרתיק אטום למים,,,נרתיק אטום למים,,0.00,,false,1,39.90,0.00,true,1,248326
7330578306000,false,ס.אלקטרונית סמארט או,shenzhen shengsi,CN,ס.אלקטרונית סמארט אוכמניות אייס 1200 שאי,,0.00,,false,1,59.90,0.00,false,1,259794
7330578306017,false,ס.אלקטרונית סמארט אב,shenzhen shengsi,CN,ס.אלקטרונית סמארט אבטיח 1200 שאיפות,,0.00,,false,1,59.90,0.00,false,1,259180
7330578306079,false,ס.אלקטרונית סמארט אפ,shenzhen shengsi,CN,ס.אלקטרונית סמארט אפרסק 1200 שאיפות,,0.00,,false,1,59.90,0.00,false,1,259795
7465603183636,false,סיגר פרינסיפס נטורל,,DO,סיגר פרינסיפס נטורל בודד,,0.00,,false,1,12.90,0.00,false,1,260565
7465603183797,false,סיגר פרינסיפס נטורל,,DO,סיגר פרינסיפס נטורל 5 יחידות,,0.00,,false,5,46.90,0.00,false,1,260567
7500162900000,false,בירה סול בודד בקבוק,היינקן,NL,"סול ח""פ 330 בקבוק בודד",,0.00,,false,1,13.50,0.00,true,1,251954
7501013100037,false,נקטר גומקס מנגו 500,COMERCIALIZADORA ELO,,"נקטר גומקס מנגו 500 מ""ל",,0.00,,false,1,10.90,0.00,true,1,257105
7501013100051,false,נקטר גומקס אפרסק 500,COMERCIALIZADORA ELO,,"נקטר גומקס אפרסק 500 מ""ל",,0.00,,false,1,10.90,0.00,true,1,221700
7501013100112,false,נקטר גומקס אננס טבעי,COMERCIALIZADORA ELO,,"נקטר גומקס אננס טבעי 500 מ""ל",,0.00,,false,1,10.90,0.00,true,1,221701
7501013100907,false,נקטר רימונים יוניקו,COMERCIALIZADORA ELO,,"נקטר רימונים יוניקו פרסקו 500 מ""ל",,0.00,,false,1,11.50,0.00,true,1,227100
7501013100914,false,נקטר חמוציות יוניקו,יושלם,,"נקטר חמוציות יוניקו פרסקו 500 מ""ל",,0.00,,false,1,11.50,0.00,true,1,227099
7501013100990,false,נקטר קוקוס אננס JUME,COMERCIALIZADORA ELO,,"נקטר גומקס קוקוס ואננס 500 מ""ל",,0.00,,false,1,10.90,0.00,true,1,221699
7501013101348,false,גומקס מנגו בקבוק 473,חומקס קומר קומרסאליז,MX,"ג'ומקס מנגו בקבוק 473 מ""ל תריסר",,0.00,,false,1,11.90,0.00,true,1,250240
7501013101355,false,גומקס אפרסק בקבוק 47,חומקס קומר קומרסאליז,MX,"ג'ומקס אפרסק בקבוק 473 מ""ל תריסר",,0.00,,false,1,11.90,0.00,true,1,250239
7501013101362,false,גומקס קוקוס אננס בקב,חומקס קומר קומרסאליז,MX,"ג'ומקס קוקוס אננס בקבוק 473 מ""ל תריסר",,0.00,,false,1,11.90,0.00,true,1,250241
7501013101393,false,גומקס אננס בקבוק 473,חומקס קומר קומרסאליז,MX,"ג'ומקס אננס  בקבוק 473 מ""ל תריסר",,0.00,,false,1,11.90,0.00,true,1,250238
7501013122039,false,גומקס מיץ מנגו קרטונ,חומקס קומר קומרסאליז,MX,ג'ומקס מנגו קרטונית ליטר תריסר,,0.00,,false,1,14.90,0.00,true,1,250235
7501013122053,false,גומקס מיץ אפרסק קרטו,חומקס קומר קומרסאליז,MX,ג'ומקס אפרסק קרטונית ליטר תריסר,,0.00,,false,1,14.90,0.00,true,1,250234
7501013122114,false,גומקס מיץ אננס קרטונ,חומקס קומר קומרסאליז,MX,ג'ומקס אננס קרטונית ליטר תריסר,,0.00,,false,1,14.90,0.00,true,1,250233
7501013132052,false,נקטר גומקס אפרסק 1 ל,COMERCIALIZADORA ELO,,נקטר גומקס אפרסק 1 ליטר,,0.00,,false,1,16.50,0.00,true,1,223109
7501013132106,false,נקטר גומקס אננס 1 ל,COMERCIALIZADORA ELO,,נקטר גומקס אננס 1 ליטר,,0.00,,false,1,16.50,0.00,true,1,257049
7501013132403,false,JUMEX אננס 1 ל,COMERCIALIZADORA ELO,,נקטר גומקס קוקוס אננס 1 ליטר,,0.00,,false,1,16.50,0.00,true,1,233877
7501013138184,false,יוניקו פרסקו חמוציות,חומקס קומר קומרסאליז,MX,ג'ומקס פרסקו חמוציות קרטונית ליטר תריסר,,0.00,,false,1,14.90,0.00,true,1,256168
7501064191398,false,שישיית בירה קורונה ב,קריניציה ויטמינה אס,MX,בשישיית בירה קורונה אקסטרה 2.13 ל',,0.00,,false,6,49.90,0.00,true,1,249092
7501064196690,false,פחית בירה קורונה 355,סרבסריה מידלו,MX,"פחית בירה קורונה 355 מ""ל",,0.00,,false,1,16.90,0.00,true,1,251191
7610046000808,false,וופל קאגי מצופה שוק,קאגי,CH,וופל קאגי מצופה שוק חלב 50 גרם,,0.00,,false,1,5.90,0.00,true,1,253999
7610046000822,false,וופל קאגי מצופה טעם,קאגי,CH,וופל קאגי מצופה טעם שוקו 50 גרם,,0.00,,false,1,5.90,0.00,true,1,254000
7610113000175,false,בקרדי מוחיטו 700מל,בקרדי מרטיני,DE,בקרדי מוחיטו 700מל,,0.00,,false,1,79.90,0.00,true,1,253433
7610113011652,false,בקרדי בריזר תפוח 275,בקרדי בעמ,BE,"בריזר - משקה כוהלי מוגז בטעם תפוח 275 מ""ל",,0.00,,false,1,18.90,0.00,true,1,252411
7610113013250,false,פחית בקרדי מוחיטו 25,בקרדי מרטיני,BE,פחית בקרדי מוחיטו 250 מל,,0.00,,false,1,17.90,0.00,true,1,256134
7610113015780,false,בריזר סלצזר לימון לי,"בקרדי בע""מ",BE,בריזר סלצזר לימון ליים 250 מל פחית,,0.00,,false,1,18.90,0.00,true,1,259150
7610113015797,false,בריזר סלצזר פטל ליים,"בקרדי בע""מ",BE,בריזר סלצזר פטל ליים 250 מל פחית,,0.00,,false,1,18.90,0.00,true,1,259151
7610400075770,false,לינדט לגרנד דארק הזל,לינדט ושפרונגלי,CH,לינדט לגרנד דארק הזלנט 150 גרם,,0.00,,false,1,27.90,0.00,true,1,244953
7610400075787,false,לינדט לגרנד מילק הזל,"לינדט ושפרונגלי, קיל",CH,לינדט לה גרנד - שוקולד חלב עם אגוזי לוז 150 גר',,0.00,,false,1,27.90,0.00,true,1,248498
7610400075794,false,לינדט לגרנד ואיט אלמ,לינדט ושפרונגלי,CH,לינדט לגרנד ואיט אלמונד150 גרם,,0.00,,false,1,27.90,0.00,true,1,248499
7612800209694,false,סיגריות לאקי סטרייק,BAT,,סיגריות לאקי סטרייק אדום חפיסה בודד,,0.00,,false,1,32.50,0.00,false,1,242659
7613032045753,false,דגני פיטנס שוקולד 37,סי. פי. צרפת,FR,פיטנס שוקולד 16*375גרם 2017,,0.00,,false,1,23.90,0.00,true,1,213171
7613036280327,false,פחית פרייה גוס א דוב,נסטלה ווטרס ספלאי,FR,פרייה אנד ג'וס אפרסק דובדבן פחית,,0.00,,false,1,10.50,0.00,true,1,253814
7613037686906,false,פיטנס שקדים ודבש 14*,סי. פי. צרפת,FR,פיטנס שקדים ודבש 14*355גרם N9LEM 2019,,0.00,,false,1,23.90,0.00,true,1,251405
7616500630161,false,פריי שוקולד מריר 85%,פריי,CH,פריי שוקולד מריר 85% 100 גרם,,0.00,,false,1,12.90,0.00,true,1,256934
7616500647251,false,פריי 180 ג אגוזים,פריי,CH,פריי שוקולד חלב אגוז 180 גרם,,0.00,,false,1,15.90,0.00,true,1,244957
7616500647268,false,פריי מריר אגוזים 180,פריי,CH,פריי שוקולד מריר אגוז 180 גרם,,0.00,,false,1,15.90,0.00,true,1,240345
7622201127206,false,ממרח שוקולד מילקה 3,"נטרה מלה אנ.וי,",BE,ממרח שוקולד מילקה 350 גרם,,0.00,,false,1,21.90,0.00,true,1,256051
7622201127398,false,מילקה אוריאו מיניס א,פי.אר.ג'יי.אס.סי מונ,UA,מילקה אוראו מיניס אורגינל 153 גרם,,0.00,,false,1,19.90,0.00,true,1,255145
7622201137052,false,מילקה מיני קוקיז 110,מונדלז אספנה גלטאס פ,ES,מילקה מיני קוקיז 110 גרם,,0.00,,false,1,10.90,0.00,true,1,254891
7622201502515,false,מילקה קוקי לופ 132 ג,גיורי קייקס קייאפטי,HU,מילקה קוקי לופ 132 גרם,,0.00,,false,1,15.90,0.00,true,1,259152
7622201801809,false,שוקולד חלב אגוזים מי,מנדלז דויצ'לנד סנקס,DE,שוקולד חלב אגוזים מילקה 100 גרם,,0.00,,false,1,7.90,0.00,true,1,256179
7622201808631,false,אוראו מיני כוסות בטע,פי.טי. מונדלז אינדונ,ID,אוראו מיני כוסות בטעם וניל 67 גרם,,0.00,,false,1,7.90,0.00,true,1,256180
7622201809188,false,מילקה ביסקויט 150 גר,מונדלז פרנס ביסקוויט,FR,מילקה ביסקויט 150 גרם,,0.00,,false,1,18.90,0.00,true,1,256178
7622210637994,false,אוראו ביס קראנצי אור,מונדלז אספניה ג'לאטס,ES,אוראו קראנצ'י בייטס מצופים 110 גרם,,0.00,,false,1,10.90,0.00,true,1,254335
7622210826053,false,ט שוקולד מילקה אוראו,גיאורי קאקסז קייאףטי,HU,שוקולד מילקה אוראו סנדביץ 92 גרם,,0.00,,false,1,7.90,0.00,true,1,253998
7622210829085,false,אוראו דקים וניל 96 ג,פי אר ג'יי אס אי מנד,UA,אוראו עוגיות דקות 96 גרם,,0.00,,false,1,10.90,0.00,true,1,252007
7622210829108,false,אוראו דקים שוקו 96 ג,פי אר ג'יי אס סי מונ,UA,עוגיות אוראו דקות בטעם שוקולד 96 גרם,,0.00,,false,1,10.90,0.00,true,1,252006
7622210835338,false,עוגיות אוראו בראוניז,מנדלז אספנה גאלטס פר,ES,אוראו בראוני 176 גרם,,0.00,,false,1,14.00,0.00,true,1,245664
7622300489427,false,עוגיות אוראו פאדג שו,מנדלז אספנה גאלטס פר,ES,עוגיות אוראו בציפוי בטעם שוקולד לבן 246 גר',,0.00,,false,1,23.90,0.00,true,1,235270
7622300498429,false,שוקולד חלב עם קרם תו,מונדלייז,DE,מילקה שוקולד חלב עם יוגורט תות 100 גר',,0.00,,false,1,7.90,0.00,true,1,256922
7622300503079,false,ביסקוויט מצופה שוקול,מונדלז פולסקה פרודקש,PL,מילקה מו עוגיות ביסקוויט בציפוי שוקולד 200 גר',,0.00,,false,1,15.90,0.00,true,1,219561
7622300617820,false,שוקולד חלב אוראו מיל,מנדלז דויצ'לנד סנקס,DE,שוקולד חלב אוראו מילקה 100 גרם,,0.00,,false,1,7.90,0.00,true,1,223273
7622300761363,false,עוגיות אוראו מיני קר,פי.טי. מונדלז אינדונ,ID,אוראו מיני כוסות בטעם שוקולד 61.3 גרם,,0.00,,false,1,7.90,0.00,true,1,232366
7630477891639,false,סטארבקס קפסולות ורונ,נסטלה נספרסו,CH,סטארבקס קפסולות ורונה 55 גרם,,0.00,,false,1,21.90,0.00,true,1,260743
7630477891738,false,סטארבקס קפסולות אספר,נסטלה נספרסו,CH,סטארבקס קפסולות אספרסו בלונד 53 גרם,,0.00,,false,1,21.90,0.00,true,1,260740
7640175743451,false,פחית גין בומביי טו,בקרדי מרטיני,BE,פחית גין בומביי טוניק 250 מל,,0.00,,false,1,17.90,0.00,true,1,256135
7702018471423,false,גילט פיוזן רביעיות ס,פרןקטר אנד גמבל ברלי,PL,גילט פיוזן רביעיות סטארט,,0.00,,false,1,39.90,0.00,true,1,260318
7702018980857,false,גל גילוח סירייס לעור,פרוקטר & גמבל,RO,"גל גילוח סירייס לעור רגיש 75 מ""ל",,0.00,,false,1,12.90,0.00,true,1,249936
7702174068826,false,לקקן יוגטה בטעם פירו,קומסטיבלס אלדור,CO,"לקקן יוגטה בטעם פירות 12 יח """,,0.00,,false,1,13.90,0.00,true,1,222537
7792860006218,false,סוכריות לקקן בייבי ד,לריטייר,AR,"סוכריות בייבי דול, 24 גרם",,0.00,,false,1,2.90,0.00,true,1,205466
7804414017127,false,יין מונטסאו שרדונה 7,מונטסאו,צ'ילה (TDE),יין מונטסאו שרדונה 750 מל,,0.00,,false,1,39.90,0.00,true,1,260959
7804414017134,false,יין מונטסאו קברנה סו,מונטסאו,צ'ילה (TDE),יין מונטסאו קברנה סוביניון 750 מל,,0.00,,false,1,39.90,0.00,true,1,260958
7804414017141,false,יין מרלו מונטסאו 750,מונטסאו,צ'ילה (TDE),יין מרלו מונטסאו 750 מל,,0.00,,false,1,39.90,0.00,true,1,260955
7890557502477,false,כפכפי הווייאנס סלים,אלפרגאטאס,,כפכפי הוויאנס סלים זהב חלק 35-6,,0.00,,false,1,49.90,0.00,true,1,241556
7890557502484,false,כפכפי הווייאנס סלים,אלפרגאטאס,,כפכפי הוויאנס סלים זהב חלק 37-8,,0.00,,false,1,49.90,0.00,true,1,241557
7890732316486,false,כפכפי הווייאנס סלים,אלפרגאטאס,,כפכפי הוויאנס סלים שחור חלק 37-8,,0.00,,false,1,49.90,0.00,true,1,241547
7891224766390,false,הווייאנס טופ מיקס ש,,,כפכפי הווייאנס ברזיל מיקס 41/42,,0.00,,false,1,69.90,0.00,true,1,243924
7891224766406,false,הווייאנס טופ מיקס ש,,,כפכפי הווייאנס ברזיל מיקס 43/44,,0.00,,false,1,69.90,0.00,true,1,243925
7891224864614,false,41/42 כפכפי הווייאנ,,,41/42 כפכפי הווייאנס ברזיל לוגו רויאל,,0.00,,false,1,69.90,0.00,true,1,243920
7891224864621,false,43/44 כפכפי הווייאנ,,,43/44 כפכפי הווייאנס ברזיל לוגו רויאל,,0.00,,false,1,69.90,0.00,true,1,243921
7891266827356,false,כפכפי הווייאנס סלים,אלפרגאטאס,,כפכפי הוויאנס סלים אפור חלק 35-6,,0.00,,false,1,49.90,0.00,true,1,241565
7891266827363,false,כפכפי הווייאנס סלים,אלפרגאטאס,,כפכפי הוויאנס סלים אפור חלק 37-8,,0.00,,false,1,49.90,0.00,true,1,241566
7891266827370,false,כפכפי הווייאנס סלים,אלפרגאטאס,,כפכפי הוויאנס סלים אפור חלק 39,,0.00,,false,1,49.90,0.00,true,1,241567
7893249567068,false,כפכפי הוייאנס סלים ח,אלפרגאטאס,,כפכפי הווייאנס סלים חלק בלט מידה 33/34,,0.00,,false,1,49.90,0.00,true,1,244323
7893249567075,false,כפכפי הווייאנס סלים,אלפרגאטאס,,כפכפי הוויאנס סלים חלק בלט 35-6,,0.00,,false,1,49.90,0.00,true,1,244324
7893249567082,false,כפכפי הווייאנס סלים,אלפרגאטאס,,כפכפי הוויאנס סלים חלק בלט 37-8,,0.00,,false,1,49.90,0.00,true,1,244325
8000040001106,false,"קמפרי 700 מ""ל",קמפרי,,"קמפרי 700 מ""ל",,0.00,,false,1,129.90,0.00,true,1,229754
8000070010680,false,קפסולות אספרסו ויגור,לאוג'י לוואצה אס.פי.,IT,קפסולות אספרסו ויגורוסו 55 גרם,,0.00,,false,1,18.90,0.00,true,1,260568
8000070081000,false,קפסולות קפה הרמוניקו,לאוג'י לוואצה אס.פי.,IT,קפסולות קפה הרמוניקו 50 גרם,,0.00,,false,1,18.90,0.00,true,1,260569
8000070081017,false,קפסולות דיצו 50 גרם,לאוג'י לוואצה אס.פי.,IT,קפסולות דיצו 50 גרם,,0.00,,false,1,18.90,0.00,true,1,260738
8000215204219,false,משקה אורז אורגני ויט,אלינור,IT,משקה אורז אורגני 1 ליטר,,0.00,,false,1,15.90,0.00,true,1,217585
8000215204554,true,משקה אורז קוקוס אורג,אלינור,IT,ויטאריז אורז עם קוקוס אורגני 1 ליטר,,0.00,,false,1,15.90,0.00,true,1,239094
8000215204561,false,משקה שקדים אורגני VI,אלינור,IT,ויטאסי משקה שקדים אורגני 1 ליטר,,0.00,,false,1,16.90,0.00,true,1,247654
8000215204714,false,משקה שיבולת שועל אור,אלינור,IT,פרימאבנה משקה שיבולת שועל אורגני 1 ליטר,,0.00,,false,1,15.90,0.00,true,1,229053
8000380003723,false,ופל גרנד פטיסרי אגוז,א. לואקר,IT,לואקר גרנד פטיסרי אגוז 100 גרם,,0.00,,false,1,15.90,0.00,true,1,205481
8000380003761,false,ופל גרנד פטיסרי קוקו,א. לואקר,IT,לואקר גרנד פטיסרי קוקוס 100 גרם,,0.00,,false,1,15.90,0.00,true,1,205482
8000380004669,false,ופל סנדויץ קקאו לואק,"א. לואקר, קונפקט ג'י",AT,ופל סנדויץ קקאו לואקר 200 גרם,,0.00,,false,1,16.90,0.00,true,1,215224
8000380004676,false,ופל סנדויץ קרם וניל,"א. לואקר, קונפקט ג'י",AT,ופל סנדויץ קרם וניל לואקר 200 גרם,,0.00,,false,1,16.90,0.00,true,1,205483
8000380004911,false,ופל קואדרטיני אגוז 2,א. לואקר,AT,קוארדטיני אגוז 250 גר',,0.00,,false,1,17.90,0.00,true,1,205484
8000380004942,false,וופל קואדרטיני וניל,א. לואקר,AT,קואדרטיני וניל 250 גרם,,0.00,,false,1,17.90,0.00,true,1,221384
8000380004966,false,ופל קואדרטיני קקאו 2,א. לואקר,AT,קוארדטיני שוקולד 250 גר',,0.00,,false,1,17.90,0.00,true,1,205485
8000380007219,false,ופל אגוזים לואקר 175,א. לואקר,AT,לואקר קלאסיק אגוז 175 גרם,,0.00,,false,1,15.90,0.00,true,1,205486
8000380007257,false,ופל מצופה שוקולד גרד,א. לואקר,IT,לואקר גרנדה אגוז 200 גר',,0.00,,false,1,18.90,0.00,true,1,205487
8000380007264,false,ופל קקאו לואקר 175 ג,א. לואקר,AT,לואקר קלאסיק קקאו 175 גרם,,0.00,,false,1,15.90,0.00,true,1,206398
8000380144044,false,ופל שוקולד גרדנה 200,"א. לואקר , AG/SpA, ו",IT,וופל במילוי קרם שוקולד מצופה שוקולד חלב,,0.00,,false,1,18.90,0.00,true,1,212194
8000380153442,false,ופל אגוז לואקר 90 גר,לואקר,IT,ופל אגוז לואקר 90 גרם,,0.00,,false,1,10.00,0.00,true,1,223862
8000380153466,false,ופל שוקולד לואקר 90,א. לואקר,IT,ופל שוקולד לואקר 90 גרם,,0.00,,false,1,10.00,0.00,true,1,223849
8000380180721,false,ופל לואקר קלאסיק שוק,א. לואקר,AT,לואקר קלאסיק שוקו-חלב 175 גרם,,0.00,,false,1,15.90,0.00,true,1,237428
8000380180745,false,ופל קואדרטיני שושו ל,"א. לואקר, קונפקט ג'י",AT,ופל קואדרטיני שושו לבן 250 גרם,,0.00,,false,1,18.90,0.00,true,1,237444
8000380187119,false,עוגיות לואקר אגוזי ל,לואקר,AT,עוגיות לואקר אגוזי לוז,,0.00,,false,1,15.90,0.00,true,1,253535
8000380187249,false,עוגיות לואקר שקדים,לואקר,AT,עוגיות לואקר שקדים 100גרם,,0.00,,false,1,15.90,0.00,true,1,253536
8000380187300,false,עוגיות לואקר פתיתי ש,לואקר,AT,עוגיות לואקר פתיתי שלג 120גרם,,0.00,,false,1,15.90,0.00,true,1,253537
8000380205400,false,קוואדרטיני חמאת בוטנ,א. לואקר,AT,קואדרטיני חמאת בוטנים 250 גרם,,0.00,,false,1,17.90,0.00,true,1,260562
8000380205523,false,לואקר חמאת בוטנים 17,א. לואקר,AT,לואקר קלאסיק אגוז 175 גרם,,0.00,,false,1,15.90,0.00,true,1,260561
8000500009673,false,בונבוניירה רושר 300,פררו,IT,בונבוניירה רושר 300 גרם,,0.00,,false,1,49.90,0.00,true,1,209567
8000500023976,false,בונבוניירה רפאלו 150,פררו,PL,כדור וופל בציפוי קוקוס פריך במילוי קרם ושקד שלם,,0.00,,false,1,26.90,0.00,true,1,205488
8000500026731,false,ביצי הפתעה מצופה שוק,פררו,IT,ביצת הפתעה קינדר שלישייה,,0.00,,false,1,18.90,0.00,true,1,205489
8000500037874,false,בונבוניירה רושר אריז,פררו,IT,בונבוניירה רושר אריזה דקורטיבית 200 גרם,,0.00,,false,1,31.90,0.00,true,1,205492
8000500094976,false,בונב.רושה קונוס 212,פררו,IT,בונב.רושה קונוס 212 גרם,,0.00,,false,1,46.90,0.00,true,1,257040
8000500192801,false,פררו רושה 100 גרי,פררו,IT,פררו רושה 100 גרי T8X8,,0.00,,false,1,19.90,0.00,true,1,238708
8000500227848,true,נוטלה בי רדי שישיה 1,פררו,IT,נוטלה בי רדי שישיה 132 גרם,,0.00,,false,1,15.90,0.00,true,1,245648
8000500267035,true,קינדר דליס יחידה בוד,פררו,ZA,קינדר דליס יחידה בודדת,,0.00,,false,1,3.90,0.00,true,1,247539
8000500267103,true,קינדר דליס עשיריה,פררו,IT,קינדר דליס עוגת ספוג קקאו במילוי חלבי 390 גרם,,0.00,,false,1,29.90,0.00,true,1,242198
8000700000050,false,סבון מוצק לבן דאב ר,יוניליוור גרמניה (מנ,DE,סבון מוצק לבן דאב רביעייה,,0.00,,false,1,20.90,0.00,true,1,205494
8000920704967,false,גלידה שורטי צאנקי מא,מוצרי איכות אמריקאיי,,"גלידה שורטי צאנקי מאנקי 150 מ""ל",,0.00,,false,1,13.90,0.00,true,1,209355
8000920704998,false,גלידה שורטי בצק עוגי,מוצרי איכות אמריקאיי,IL,בצק עוגיות 150 מ'ל - שורטי,,0.00,,false,1,13.90,0.00,true,1,209357
8001160001786,false,משקה גטורייד ספורט כ,סאן בנדטו אס פי איי,IT,"משקה גטורייד בטעם פטל ,מופחת קלוריות.",,0.00,,false,1,12.90,0.00,true,1,222715
8001160001892,false,משקה גטורייד ספורט ת,פפסיקו בוואדג' איטלי,IT,גטורייד ספורט תפוז אדום בקבוק 500 תריסר,,0.00,,false,1,12.90,0.00,true,1,222716
8001620015612,false,סן בנדטו גזר תפוז לי,אקווה מינרלה סאן בנד,IT,משקה פירות פרוטה בטעם תפוז גזר לימון,,0.00,,false,1,9.50,0.00,true,1,255277
8001620015629,false,סן בנדטו תפוז תפוז א,אקווה מינרלה סאן בנד,IT,משקה פירות פרוטה בטעם תפוז ותפוז אדום,,0.00,,false,1,9.50,0.00,true,1,259400
8001620015636,false,סן בנדטו מיקס פירות,אקווה מינרלה סאן בנד,IT,משקה פירות פרוטה בטעם מיקס פירות,,0.00,,false,1,9.50,0.00,true,1,255278
8001620018408,false,סן בנדטו מנגו תפוח 4,אקווה מינרלה סאן בנד,IT,משקה פירות פרוטה בטעם מנגו תפוח,,0.00,,false,1,9.50,0.00,true,1,259401
8001620019160,false,סן בנדטו אפרסק 400 מ,אקווה מינרלה סאן בנד,IT,"סן בנדטו אפרסק 400 מ""ל",,0.00,,false,1,9.50,0.00,true,1,260862
8001620019177,false,סן בנדטו ענבים 400 מ,אקווה מינרלה סאן בנד,IT,סן בנדטו ענבים 400,,0.00,,false,1,9.50,0.00,true,1,260863
8001841625188,false,פיירי פלטינום לימון,פרוקטר אנד גמבל,GB,"פיירי פלטינום לימון החדש 515 מ""ל",,0.00,,false,1,9.90,0.00,true,1,251907
8002270846472,false,סן פלגרינו פלאסטיק ב,סן פלגרינו,IT,"סן פלגרינו מוגז פלסטיק 500 מ""ל 24 יחידות",,0.00,,false,1,7.90,0.00,true,1,223512
8002270866524,false,סן פלגרינו מים,San Pellegrino Terme,IT,סן פלגרינו 1 ליטר בקבוק פלסטיק,,0.00,,false,1,9.60,0.00,true,1,224143
8002920016903,false,LADORIA עגבניות מרוס,,IT,LADORIA עגבניות מרוסקות שלישיה 400גרם,,0.00,,false,3,16.90,0.00,true,1,260088
8003385312104,false,עגבניות קוביות אנטונ,אנטונלה,IT,עגבניות קוביות אנטונלה שלישייה 400גרם,,0.00,,false,3,15.90,0.00,true,1,259248
8003535048334,false,ויטורס בונ פרלין מוס,ויטורס,IT,ויטורס בונ פרלין מוס מריר 136 גרם,,0.00,,false,1,13.90,0.00,true,1,249946
8003535048372,false,ויטורס בונ פרלין מוס,ויטורס,IT,ויטורס בונ פרלין מוס חלב 136 גרם,,0.00,,false,1,13.90,0.00,true,1,249945
8003535060770,false,בונבוניירת טראפלס חל,ויטורס,CH,בונבוניירת טראפלס חלב 136 גרם,,0.00,,false,1,13.90,0.00,true,1,255151
8003535060817,false,בונבוניירת טראפלס קק,ויטורס,CH,בונבוניירת טראפלס קקאו 136 גרם,,0.00,,false,1,13.90,0.00,true,1,255152
8003753158556,false,קפסולות אספרסו קלאסי,ג'ייקובס דאו אגרבטס,FR,קפסולות אספרסו קלאסיקו ILLY 10יח 57גרם,,0.00,,false,1,19.90,0.00,true,1,251557
8003753158587,false,קפסולות אספרסו פורטה,ג'ייקובס דאו אגרבטס,FR,קפסולות קפה פורטה,,0.00,,false,1,19.90,0.00,true,1,251559
8003753158648,false,קפסולות אספרסו אינטנ,ג'ייקובס דאו אגרבטס,FR,קפסולות קפה אינטנסו,,0.00,,false,1,19.90,0.00,true,1,251558
8004123004893,true,Basso-שמן מתובל בטעם,באסו,IT,Basso-שמן מתובל בטעם פטריות כמהין 250 מל,,0.00,,false,1,29.90,0.00,true,1,258628
8005200256587,false,נסטי אפרסק 1.5 ליטר,מפעל סאנפלגרינו S.P.,IT,נסטי אפרסק 1.5 ליטר,,0.00,,false,1,15.00,0.00,true,1,259347
8005200486526,false,"נסטי אפרסק 500 מ""ל",מפעל סאנפלגרינו S.p.,IT,"נסטי, תה קר בטעם אפרסק 500 מל",,0.00,,false,1,9.90,0.00,true,1,222538
8005217176557,false,נסטי ענבים 1.5 ליטר,פארייפאבה אגרואינדוס,IT,נסטי ענבים 1.5 ליטר,,0.00,,false,1,10.90,0.00,true,1,228052
8005803010371,false,גריסיני רוזמרין 125,הוסטה איטליה,IT,גריסיני רוזמרין 125 גרם,,0.00,,false,1,11.90,0.00,true,1,239962
8005803010661,false,גריסיני שומשום 125 ג,"הוסטה איטליה, ס.ר.ל.",IT,מקלות אפויים עם שומשום,,0.00,,false,1,11.90,0.00,true,1,239961
8006227001372,false,סמנצאטו לחם מחמצת לב,רו. מאר ס.ר.ל,IT,סמנצאטו לחם מחמצת לבן משמן זית 400 גרם ל,,0.00,,false,1,19.90,0.00,true,1,259403
8006227001389,false,סמנצאטו לחם מחמצת קמ,רו. מאר ס.ר.ל,IT,סמנצאטו לחם מחמצת קמח לבן משמן זית 400 ג,,0.00,,false,1,19.90,0.00,true,1,259404
8008660210045,false,מאנז גאסר מעדן ריבה,"מנז' אנד גאסר ס.פ.א,",IT,"מנז אנד גאסר, מעדן פירות יער 300 גרם",,0.00,,false,1,18.90,0.00,true,1,237632
8010024006010,false,חמאת שקדים 100% השקד,נטורפוד בעמ,IT,חמאת שקדים,,0.00,,false,1,39.90,0.00,true,1,240288
8024985000062,false,מחית תפוח עץ אורגני,נטורה נובה,IT,נטורה נובה מחית תפוח 100% אורגני 200 גרם,,0.00,,false,1,8.90,0.00,true,1,231003
8024985000086,false,מחית תפוח בננה אורגנ,נטורה נובה,IT,נטורה נובה מחית תפוח בננה 100% אורגני 200 גרם,,0.00,,false,1,10.50,0.00,true,1,228273
8024985003988,false,מחית סמוזי תפוח בננה,נטורה נובה,IT,סמוצ'י תפוח בננה אורגניים 100 גרם,,0.00,,false,1,5.90,0.00,true,1,235143
8024985008044,false,מחית סמוזי אגס נטורה,נטורה נובה,IT,סמוצ'י אגסים אורגניים 100 גרם,,0.00,,false,1,5.90,0.00,true,1,231001
8032880800243,false,פיקניק הפתעה 50 גרם,"הוסטה איטליה, ס.ר.ל.",IT,ממרח קקאו עם אגוזי לוז בתוספת מקלות אפויים והפתעה,,0.00,,false,1,10.00,0.00,true,1,212152
8076800195057,false,פסטה ברילה ספגטיני מ,ברילה גי.אי.אר פרטלי,IT,ברילה ספגטי מס' 5 500 גרם,,0.00,,false,1,9.90,0.00,true,1,205586
8076802085738,false,פסטה ברילה פנה רגטה,ברילה גי.אי.אר פרטלי,IT,ברילה פסטה פתיתים -פנה רגטה 500 גרם,,0.00,,false,1,9.90,0.00,true,1,205590
8076802085981,false,פסטה ברילה פוזילי מס,ברילה גי.אי.אר פרטלי,IT,ברילה פסטה פתיתים פוזילי 500 גרם,,0.00,,false,1,9.90,0.00,true,1,205594
8076808060654,false,פסטה ברילה פרפלה מס,ברילה גי.אי.אר פרטלי,IT,ברילה פסטה פתיתים פרפלה 500 גרם,,0.00,,false,1,9.90,0.00,true,1,205595
8076808150072,false,ספגטי ברילה מס 7 500,ברילה גי.אי.אר פרטלי,IT,ברילה ספגטי מספר 7 500 גרם,,0.00,,false,1,9.90,0.00,true,1,205597
8076809513395,false,רוטב פסטה ברילה פומו,ברילה גי.אי.אר פרטלי,IT,ברילה רוטב עגבניות קלאסי 400 גרם,,0.00,,false,1,15.90,0.00,true,1,205600
8076809513654,false,בסיס רוטב ברילה עגבנ,ברילה גי.אי.אר פרטלי,IT,ברילה רוטב בסיס לפסטה בולונז 400 גרם,,0.00,,false,1,15.90,0.00,true,1,208871
8076809513739,false,רוטב פסטה ברילה בזיל,ברילה גי.אי.אר פרטלי,IT,ברילה רוטב עגבניות עם בזיליקום לפסטה 400 גרם,,0.00,,false,1,15.90,0.00,true,1,210581
8076809523561,false,רוטב פסטה ברילה בטעם,ברילה גי.אי.אר פרטלי,IT,ברילה רוטב טוסקנה לפסטה 400 גרם,,0.00,,false,1,15.90,0.00,true,1,214587
8410076800633,false,קראנצי שיבולת שועל ו,ג'נרל מילס,,קראנצי שיבולת שועל ושוקולד מריר,,0.00,,false,1,5.90,0.00,true,1,233252
8410104045111,false,פיניש מלח למדיח,מלח הארץ,IL,פיניש מלח למדיח כלים 2 קג,,0.00,,false,1,16.90,0.00,true,1,205678
8410179100043,false,BORGES שמן זית כתית,פוד טים,ES,"BORGES שמן זית כתית מעולה 750 מ""ל",,0.00,,false,1,38.90,0.00,true,1,245013
8410793282934,false,בירה אסטרייה דאם בקב,"סי סי דאם, אס.אל, בר",ES,"אסטרייה דאם בקבוק בודד 330 מ""ל",,0.00,,false,1,16.90,0.00,true,1,217015
8423207206488,false,חטיף דגנים סלים דליס,ביסנצ'ורי אס.אל.יו,ES,חטיף דגנים סלים דליס שוקולד חלב 120 גרם,,0.00,,false,1,14.90,0.00,true,1,230409
8423207206495,false,חטיף דגנים סלים דליס,ביסנצ'ורי אס.אל.יו,ES,חטיף דגנים סלים דליס שוקולד מריר 120 גרם,,0.00,,false,1,14.90,0.00,true,1,230410
8423207210942,false,מאגדת סלים דליס טופי,אף.סי תבליני בגליל ב,ES,מאגדת סלים דליס טופינג פירות יער 90 גרם,,0.00,,false,1,14.90,0.00,true,1,258274
8423371000462,false,פיצוחים בפחית טו גו,SALTS OK,ES,סאליסול טו גו קוקטיל מיקס,,0.00,,false,1,7.90,0.00,true,1,250130
8423371000516,false,פיצוחים בפחית טו גו,,ES,פיצוחים בפחית טו גו בוטנים ושקדים מקורמל,,0.00,,false,1,7.90,0.00,true,1,251969
8423371000653,false,פיצוחים בפחית טו גו,SALTS OK,ES,סאליסול טו גו בוטנים עם דבש ומלח,,0.00,,false,1,7.90,0.00,true,1,250133
8423371005078,false,פיצוחים בפחית טו גו,SALTS OK,ES,סאליסול טו גו מיקס פיקנטי,,0.00,,false,1,7.90,0.00,true,1,250132
8423371005795,false,פיצוחים בפחית טו גו,SALTS OK,ES,סאליסול טו גו קאנטרי מיקס,,0.00,,false,1,7.90,0.00,true,1,250129
8595134503302,false,פילטר 6 ארוך,,,פילטר 6 ארוך,,0.00,,false,1,7.50,0.00,false,1,247867
8595134503487,false,פילטר 5.3 ארוך,,,פילטר 5.3 ארוך,,0.00,,false,1,7.50,0.00,true,1,249575
8595134503975,false,נייר בינוני כולל פיל,,,נייר בינוני כולל פילטר,,0.00,,false,1,7.50,0.00,false,1,251188
8683130012666,false,מגנום דאבל לבן עוגיו,"מיוצר ע""י יונילוור ס",TR,מגנום דאבל לבן עוגיות 74 גרם,,0.00,,false,1,13.50,0.00,true,1,260090
8690120060170,false,וופל נאמבר וואן מצופ,,TR,וופל נאמבר וואן מצופה שוק חלב 35 גרם,,0.00,,false,1,3.90,0.00,true,1,254777
8690120060408,false,נאמבר וואן ירוק 32גר,קוניאק גדוה,TR,נאמבר וואן ירוק 32גרם,,0.00,,false,1,3.90,0.00,true,1,259672
8690506409852,false,קצף גילוח לעור רגיש,אוויאפ,,"קצף גילוח לעור רגיש גיבס 200 מ""ל",,0.00,,false,1,9.90,0.00,true,1,233406
8690506409869,false,קצף גילוח לעור רגיל,אוויאפ,,"קצף גילוח לעור רגיל גיבס 200 מ""ל",,0.00,,false,1,9.90,0.00,true,1,233405
8690526009179,false,וופל ETI קוקוס 40גרם,מולינו ניקולי s.p.a,TR,וופל ETI קוקוס 40גרם,,0.00,,false,1,3.90,0.00,true,1,253755
8690526009193,false,וופל ETI אגוזים 29גר,מולינו ניקולי s.p.a,TR,וופל ETI אגוזים 29גרם,,0.00,,false,1,3.90,0.00,true,1,253756
8690526009315,false,טבלאות שוקולד ETI אג,מולינו ניקולי s.p.a,TR,טבלאות שוקולד ETI אגוז 70גרם,,0.00,,false,1,5.90,0.00,true,1,253760
8690526009339,false,טבלאות שוקולד ETI פי,מולינו ניקולי s.p.a,TR,טבלאות שוקולד ETI פיסטוק 70גרם,,0.00,,false,1,5.90,0.00,true,1,253759
8690526019154,false,וופל קקאו ETI 142 גר,מולינו ניקולי s.p.a,TR,וופל קקאו ETI 142 גרם,,0.00,,false,1,8.90,0.00,true,1,253762
8690526019178,false,וופל קוקוסETI 142 גר,מולינו ניקולי s.p.a,TR,וופל קוקוסETI 142 גרם,,0.00,,false,1,8.90,0.00,true,1,253763
8690526019185,false,וופל חלבETI 142 גרם,מולינו ניקולי s.p.a,TR,וופל חלבETI 142 גרם,,0.00,,false,1,9.90,0.00,true,1,258318
8690637007705,false,שלגון מסטיגם 80 גרם,"מיוצר ע""י יוניליוור",TR,שטראוס שלגון גלידה מסטיגם בטעם וניל ומסטיק 80 גרם,,0.00,,false,1,8.90,0.00,true,1,247738
8690637842382,false,מגנום וניל פירות יער,"מיוצר ע""י יונילוור ס",TR,מגנום שלגון דאבל פרי יער 76 גרם,,0.00,,false,1,13.50,0.00,true,1,243822
8690637989629,false,מגנום דאבל דולצה גול,יונילוור סנאיי וי טי,TR,מגנום שלגון מגנום דאבל דולצ'ה גולד 63 גרם,,0.00,,false,1,13.50,0.00,true,1,254906
8690637997914,false,מגנום כוס אישי שמנת,יונילוור סנאיי וי טי,TR,מגנום גלידת שמנת וניל שקדים כוס אישית 57 גרם,,0.00,,false,1,9.90,0.00,true,1,258544
8690637997921,false,מגנום כוס אישי שמנת,יונילוור סנאיי וי טי,TR,מגנום גלידת שמנת וניל קלאסיק כוס אישית 63 גרם,,0.00,,false,1,9.90,0.00,true,1,258545
8690777206051,false,חציל קלוי על האש 650,קוראהן פזלרמה וי דיס,TR,סרה חציל קלוי על האש 650 גרם,,0.00,,false,1,14.90,0.00,true,1,213511
8690777221405,false,פלפלים אדומים קלויים,יוליניבר,TR,סרה פלפלים אדומים קלויים על האש 650 גרם,,0.00,,false,1,15.30,0.00,true,1,215767
8697530910743,false,סיגריות פאל מל כחול,BAT,,סיגריות פאל מל כחול חפיסה בודד,,0.00,,false,1,31.40,0.00,false,1,212455
8697530910750,false,סיגריות פאל מל כחול,BAT,,סיגריות פאל מל כחול ארוך חפיסה בודד,,0.00,,false,1,31.40,0.00,false,1,212456
8697530910767,false,סיגריות פאל מאל מנטו,BAT,,סיגריות פאל מאל מנטול חפיסה בודד,,0.00,,false,1,31.40,0.00,false,1,212960
8697530910781,false,סיגריות פאל מל אדום,BAT,,סיגריות פאל מל אדום חפיסה בודד,,0.00,,false,1,31.40,0.00,false,1,212457
8697530911276,false,סיגריות קנט קצר חפיס,BAT,,סיגריות קנט קצר חפיסה בודד,,0.00,,false,1,38.40,0.00,false,1,212905
8710103922582,false,וואן בליד מכשיר לעיצ,פיליפס,ID,וואן בליד מכשיר לעיצוב וגילוח 30דק פעולה,,0.00,,false,1,159.90,0.00,true,1,255385
8710502011894,false,עוגיות לימון עם 29%,מרבה,NL,מרבה עוגיות לימון עם שוקולד צ'יפס לבן,,0.00,,false,1,12.90,0.00,true,1,245936
8710502064814,false,עוגיות שוקו ציפס רך,בנקטבקריי מרבה בי.וי,NL,מרבה עוגיות שוקולד צ'יפס במרקם רך 175 גרם,,0.00,,false,1,12.90,0.00,true,1,233442
8710502100864,false,מרבה פטיסרי עוגיות ד,מרבה,NL,מרבה פטיסרי עוגיות דאבל שוקולד 200 גרם,,0.00,,false,1,13.90,0.00,true,1,260821
8710502139017,false,עוגיות שוקולד ציפס ט,בנקטבקריי מרבה בי.וי,NL,עוגיות טריפל שוקולד ציפס מרבה 180 גרם,,0.00,,false,1,12.90,0.00,true,1,217564
8710502231018,false,מיני עוגיות מרבה ש צ,"מרבה בע""מ",NL,מיני עוגיות מרבה ש ציפס 175 גרם,,0.00,,false,1,12.90,0.00,true,1,254890
8710502405204,false,עוגיות שוקולד ציפס מ,"מרבה בע""מ",NL,מרבה עוגיות ממולאות קרם שוקולד,,0.00,,false,1,12.90,0.00,true,1,221391
8710502515019,false,חטיפי גרנולה אוכמניו,מרבה,NL,חטיפי גרנולה אוכמניות 125 גרם,,0.00,,false,1,11.90,0.00,true,1,244490
8710502515026,false,חטיפי גרנולה אגוזי ל,מרבה,NL,חטיפי גרנולה אגוזי לוז 125 גרם,,0.00,,false,1,11.90,0.00,true,1,244489
8710502515033,false,חטיפי גרנולה קוקוס ו,מרבה,NL,חטיפי גרנולה קוקוס ושוקולד 70גרם,,0.00,,false,1,11.90,0.00,true,1,244491
8712000050146,false,בירה הייניקן בקבוק 3,"מבשלת היינקן, ריטבלד",NL,"בירה היינקן 0.0 בקבוק 330 מ""ל",,0.00,,false,1,9.90,0.00,true,1,249302
8712100859939,false,גלידה WICH בצק עוגיו,אווגה,GR,קסטה WICH בצק עוגיות,,0.00,,false,1,13.90,0.00,true,1,238186
8714599512159,false,גייקובס מגורען 190 ג,"אל.אל.סי ""גייקובס דא",RU,גייקובס מגורען 190 גרם,,0.00,,false,1,28.90,0.00,true,1,260292
8714599513781,false,"קפה גיקובס גולד כשל""",אל.אל. סי ג''יקובס ד,RU,"קפה גיקובס גולד כשל""פ 200 גרם",,0.00,,false,1,34.90,0.00,true,1,236768
8715700419732,false,מתבל עגבניות היינץ 7,ה.י. היינץ,NL,היינץ מתבל עגבניות 700 גרם,,0.00,,false,1,14.90,0.00,true,1,228385
8717677336616,false,שוקולד מריר עם שקדים,אלפרד ריטר,NL,טוניס' שוקולונלי - שוקולד מריר מעולה עם שקדים ומלח,,0.00,,false,1,20.90,0.00,true,1,260316
8717677336630,false,שוקולד חלב עם שקדים,אלפרד ריטר,NL,טוניס' שוקולונלי - שוקולד חלב מעולה עם שקדים ודבש,,0.00,,false,1,20.90,0.00,true,1,260314
8717677336661,false,שוקולד מריר 70% 180,אלפרד ריטר,NL,טוניס' שוקולונלי - שוקולד מריר מעולה 70%,,0.00,,false,1,20.90,0.00,true,1,260315
8717677338436,false,שוקולד חלב עם אגוזי,אלפרד ריטר,NL,טוניס' שוקולונלי - שוקולד חלב מעולה,,0.00,,false,1,20.90,0.00,true,1,260313
8717703690071,false,נייר בינוני כולל פיל,,,נייר בינוני כולל פילטר,,0.00,,false,1,7.50,0.00,false,1,219366
8717703690101,false,נייר גדול כולל פילטר,,,נייר גדול כולל פילטר,,0.00,,false,1,9.90,0.00,false,1,219367
8718951222779,false,מרידול פור משחת שיני,CP UK,PL,"מרידול פור משחת שיניים וחניכיים 75 מ""ל",,0.00,,false,1,28.90,0.00,true,1,250688
8718951236790,false,משחת שיניים קולגייט,Colgate (Euro)-Palmo,PL,טוטל קלין,,0.00,,false,1,19.90,0.00,true,1,249007
8718951289833,false,פלמוליב סבון מוצק לו,CP UK,TR,פלמוליב סבון מוצק לומינוס 4*90 גרם,,0.00,,false,1,18.90,0.00,true,1,251003
8720181114489,false,ספריי אקס שחור 150 מ,יוניליוור,GB,"ספריי אקס שחור 150 מ""ל",,0.00,,false,1,13.90,0.00,true,1,260600
8720181114496,false,ספרי גוף אקס שוקולד,יוניליוור,GB,"ספרי גוף אקס שוקולד 150 מ""ל",,0.00,,false,1,13.90,0.00,true,1,260601
8850161160851,false,מי קוקוס קוקו מקס 35,טויו סייקאן קו.אל.טי,TH,"קוקו מקס 100% מי קוקוס 350 מ""ל",,0.00,,false,1,10.50,0.00,true,1,249672
8850161167041,false,חלב קוקוס קוקו וואי,טויו טייקאן קו.אל.טי,TH,"קוקו וואי משקה קוקוס 270 מ""ל",,0.00,,false,1,10.50,0.00,true,1,249673
8850389103111,false,משקה סאפה אלוורה ענב,סאפה פובליק קומפני ל,TH,"סאפה אלוורה ענבים בקבוק 300 מ""ל",,0.00,,false,1,10.90,0.00,true,1,211979
8850389103128,false,משקה סאפה אלוורה תפו,סאפה פובליק קומפני ל,TH,"סאפה תפוח בקבוק 300 מ""ל 24 יח",,0.00,,false,1,10.90,0.00,true,1,211980
8850389103159,false,משקה ליצי עם חתיכות,סאפה פובליק קומפני ל,TH,מוגו מוגו ליצ'י עם חתיכות ג'לי קוקוס,,0.00,,false,1,10.90,0.00,true,1,259602
8850389104637,false,משקה סאפה אלוורה אפר,סאפה פובליק קומפני ל,TH,"סאפה אלוורה אפרסק בקבוק 300 מ""ל",,0.00,,false,1,10.90,0.00,true,1,215436
8850389105825,false,משקה סאפה אלוורה ענב,סאפה פובליק קומפני ל,TH,סאפה משקה אלוורה בטעם ענבים,,0.00,,false,1,18.50,0.00,true,1,217534
8850389105832,false,משקה סאפה אלוורה תפו,סאפה פובליק קומפני ל,TH,סאפה תפוח אלוורה בקבוק ליטר,,0.00,,false,1,18.50,0.00,true,1,218125
8850389105849,false,משקה סאפה אלוורה אפר,סאפה פובליק קומפני ל,TH,סאפה אפרסק אלוורה בקבוק ליטר,,0.00,,false,1,18.50,0.00,true,1,217535
8850389111352,false,מוגו מוגו ליצי 320 מ,סאפה פובליק קומפני ל,TH,מוגו מוגו מלון עם חתיכות ג'לי קוקוס,,0.00,,false,1,10.90,0.00,true,1,259603
8850389115312,false,משקה סאפה אלוורה מלו,סאפה פובליק קומפני ל,TH,"סאפה אלוורה מלון בקבוק 300 מ""ל",,0.00,,false,1,10.90,0.00,true,1,244198
8850389115336,false,משקה סאפה אלוורה מלו,סאפה פובליק קומפני ל,TH,סאפה משקה אלוורה בטעם מלון,,0.00,,false,1,18.50,0.00,true,1,244199
8850632604266,false,ממתק קולה בצורת מקלו,ג'נרל קנדי בעמ,TH,"יוגטה, ממתק חמוץ בצורת מקלות בטעם קולה, 50 גרם",,0.00,,false,1,6.90,0.00,true,1,216631
8850632604402,false,ממתק תות ענבים בצורת,"ג'נרל קנדי בע""מ",TH,ממתק תות ענבים בצורת שטיח יוגטה 50 גרם,,0.00,,false,1,6.90,0.00,true,1,259683
8850632606390,false,חיספוסים בטעם אבטיח,ג'נרל קנדי בעמ,TH,יוגטה חיספוסים בטעם אבטיח,,0.00,,false,1,6.90,0.00,true,1,225579
8857101301008,false,רוטב צילי מתוק 700 מ,יוליניבר,TH,רוטב צ'ילי מתוק 700 מל,,0.00,,false,1,11.90,0.00,true,1,235449
8888021200126,false,סוללות AA רביעיה,אנרג'ייזר,SG,אנרג'ייזר סוללות מקס AA*4,,0.00,,false,1,16.90,0.00,true,1,205884
8888021200164,false,סוללות AAA רביעיה,,,סוללות אנרגייזר AAA רביעיה,,0.00,,false,1,16.90,0.00,true,1,205885
8901537024014,false,אורז בסמטי מובחר דוו,אל.טי.פודס בעמ,IN,אורז בסמטי 1 DAAWAT קג,,0.00,,false,1,14.90,0.00,true,1,215768
8994692446296,false,קונוס 40 חום,,,קונוס 40 חום,,0.00,,false,1,29.90,0.00,false,1,249849
8994692541038,false,קונוס לגלגול 3 יחידו,,,קונוס לגלגול 3 יחידות,,0.00,,false,1,8.90,0.00,false,1,219344
8994692541120,false,12 קונוסים לגלגול,,,12 קונוסים לגלגול,,0.00,,false,1,14.90,0.00,false,1,219368
9002975393836,false,הריבו האפי קולה 70 ג,"האריבו , ג'י.אם.בי.א",AT,סוכריות גומי בטעם קולה 70 גרם,,0.00,,false,1,8.90,0.00,true,1,255539
9002975393843,false,הריבו גולדברס 70 גרם,"האריבו , ג'י.אם.בי.א",AT,סוכריות גומי בטעמי פירות דובונים 70 גרם,,0.00,,false,1,8.90,0.00,true,1,255540
9002975393850,false,הריבו וורמס 70 גרם,"האריבו , ג'י.אם.בי.א",AT,סוכריות גומי בטעמי פירות נחשים 70 גרם,,0.00,,false,1,8.90,0.00,true,1,255541
9044400851672,false,סוכריות פז בובה,פז,HU,סוכריות פז בובה,,0.00,,false,1,15.90,0.00,true,1,260295
9310072028743,false,טים טם מצופה שוקולד,"ארנוטס ביסקוויטס בע""",AU,טים טם אורגינל 200 גר,,0.00,,false,1,24.90,0.00,true,1,237343
9310072028750,false,טים טם מצופה שוקולד,"ארנוטס ביסקוויטס בע""",AU,טים טם דאבל 200 גר,,0.00,,false,1,24.90,0.00,true,1,236822
