code,internal_code,name,manufacturer_name,manufacture_country,manufacturer_item_description,unit_qty,quantity,unit_of_measure,weighted,qty_in_package,price,unit_of_measure_price,allow_discount,status,item_id
1,false,GOOD PHARM - אל בד גדול,,,GOOD PHARM - אל בד גדול,00000,1,00000,false,500.0000,2.5,2.5000,false,1,
220052,false,MICRO FIBER 30/30מטלית ניקוי למכירה,,,MICRO FIBER 30/30מטלית ניקוי למכירה,00000,1,00000,false,0.0000,10,10.0000,false,1,
220069,false,סט אביזרים למשקפיים,,,סט אביזרים למשקפיים,00000,1,00000,false,0.0000,14.9,14.9000,false,1,
220070,false,מטלית למניעת אדים,,,מטלית למניעת אדים,00000,1,00000,false,0.0000,10,10.0000,false,1,
261000,false,ספריי לניקוי משקפיים 50CC,,,ספריי לניקוי משקפיים 50CC,00000,1,00000,false,0.0000,10,10.0000,false,1,
261007,false,ספריי לניקוי משקפיים 50CCדוחה אדים ואבק,,,ספריי לניקוי משקפיים 50CCדוחה אדים ואבק,00000,1,00000,false,0.0000,10,10.0000,false,1,
289021,false,שרשראות סילקון שקוף,,,שרשראות סילקון שקוף,00000,1,00000,false,0.0000,10,10.0000,false,1,
289200,false,שרוך כסף 507A,,,שרוך כסף 507A,00000,1,00000,false,0.0000,10,10.0000,false,1,
456789,false,פריט משיכת מזומן,,,פריט משיכת מזומן,00000,1,00000,false,0.0000,4.9,4.9000,false,1,
1217714,false,714 טסטר ליפ קולור,,,714 טסטר ליפ קולור,00000,1,00000,false,0.0000,10,10.0000,false,1,
3143535,false,לואקר טבלאות שוקולד מריר,,,לואקר טבלאות שוקולד מריר,00000,1,00000,false,0.0000,5.9,5.9000,false,1,
3145768,false,בוטן אמריקאי 50X42 גר',,,בוטן אמריקאי 50X42 גר',00000,1,00000,false,0.0000,2,2.0000,false,1,
3400500,false,ריזס חטיף קרמל וחמאת בוטנים נאטרייג'ס 47ג',ריסס Reese's,,ריסז נאטרייג'ס 18X יח',00000,1,00000,false,0.0000,4,4.0000,false,1,
3402809,false,ריסס Reese's שוקולד לבן במילוי חמאת בוטנים,ריסס Reese's,,ריסז לבן במילוי חמאת בוטנים,00000,1,00000,false,0.0000,3.9,3.9000,false,1,
3423909,false,הרשי עוגיות חטיף שוקולד קרם לבן שבבי 43ג',הרשיס Hershey's,,הרשי קוקיס קרם לבן36 יח',00000,1,00000,false,0.0000,4.9,4.9000,false,1,
3444009,false,ריסס Reese's שוקולד חלב במילוי חמאת בוטנים,ריסס Reese's,,ריסז רגיל 36 יח',00000,1,00000,false,0.0000,3.9,3.9000,false,1,
4022309,false,M&M's חמאת בוטנים אריזה בינונית 80 גרם,M&M אם אנד אם,,M&M's חמאת בוטנים אריזה בינונית 80 גרם,00000,1,00000,false,0.0000,6.9,6.9000,false,1,
4043108,false,סוכריות אם אנד אמס M&M שוקולד חלב,M&M אם אנד אם,,M&M's שוקולד אריזה בינונית 89 גרם,00000,1,00000,false,0.0000,6.9,6.9000,false,1,
11000281,false,גוד - משקפי קריאה מוכנים GF-R185376 53 +1.50 שחור מט,,,גוד - משקפי קריאה מוכנים GF-R185376 53 +1.50 שחור מט,00000,1,00000,false,1.0000,29.9,29.9000,false,1,
11000292,false,גוד - משקפי קריאה מוכנים GF-R185376 53 +2.00 כחול מט,,,גוד - משקפי קריאה מוכנים GF-R185376 53 +2.00 כחול מט,00000,1,00000,false,1.0000,29.9,29.9000,false,1,
30079847,false,מייבלין - מסקרה קולוסאל 100% שחור,,,מייבלין - מסקרה קולוסאל 100% שחור,00000,1,00000,false,0.0000,40,40.0000,false,1,
30095038,false,אססי - לק גוון1,,,אססי - לק גוון1,00000,1,00000,false,0.0000,39.9,39.9000,false,1,
30095137,false,אססי - לק גוון11,,,אססי - לק גוון11,00000,1,00000,false,0.0000,39.9,39.9000,false,1,
30095205,false,אססי - לק גוון18,,,אססי - לק גוון18,00000,1,00000,false,0.0000,39.9,39.9000,false,1,
30114319,false,מייבלין - מסקרה קולוסאל גו אקס שחור חזק,מייבלין Maybelline,,מייבלין - מסקרה קולוסאל גו אקס שחור חזק,00000,1,00000,false,0.0000,40,40.0000,false,1,
30118867,false,מייבלין - ליינר מסטר אינק שחור,,,מייבלין - ליינר מסטר אינק שחור,00000,1,00000,false,0.0000,25,25.0000,false,1,
30138254,false,אססי - ג'ל קוטור 40,,,אססי - ג'ל קוטור 40,00000,1,00000,false,0.0000,44.9,44.9000,false,1,
30143265,false,מסקרה COLOSSAL BIG SHOT שחורה לנפח עוצמתי,מייבלין Maybelline,,מייבלין - מסקרה קולוסל ביג שוט,00000,1,00000,false,0.0000,40,40.0000,false,1,
30152830,false,מייבלין - מסקרה סקיי היי שחור,,,מייבלין - מסקרה סקיי היי שחור,00000,1,00000,false,3.0000,50,50.0000,false,1,
30160903,false,לוריאל - מסקרה אייר 30 שעות,,,לוריאל - מסקרה אייר 30 שעות,00000,1,00000,false,3.0000,49.9,49.9000,false,1,
30162174,false,לוריאל - מסקרה אייר עמידה במים,,,לוריאל - מסקרה אייר עמידה במים,00000,1,00000,false,3.0000,49.9,49.9000,false,1,
30164581,false,אססי - ג'ל קוטור 150,,,אססי - ג'ל קוטור 150,00000,1,00000,false,4.0000,44.9,44.9000,false,1,
30166967,false,מייבלין - מסקרה סקיי היי,,,מייבלין - מסקרה סקיי היי,00000,1,00000,false,3.0000,45,45.0000,false,1,
30167131,false,אססי - ג'ל קוטור 484,,,אססי - ג'ל קוטור 484,00000,1,00000,false,5.0000,44.9,44.9000,false,1,
30173408,false,אססי - ג'ל קוטור 514,,,אססי - ג'ל קוטור 514,00000,1,00000,false,0.0000,44.9,44.9000,false,1,
30173422,false,לוריאל - קונסילר אינפליבל 332,,,לוריאל - קונסילר אינפליבל 332,00000,1,00000,false,0.0000,64.9,64.9000,false,1,
30173606,false,לוריאל - קונסילר אינפליבל 325,,,לוריאל - קונסילר אינפליבל 325,00000,1,00000,false,0.0000,64.9,64.9000,false,1,
30173613,false,לוריאל - קונסילר אינפליבל 326,,,לוריאל - קונסילר אינפליבל 326,00000,1,00000,false,0.0000,64.9,64.9000,false,1,
30173651,false,לוריאל - קונסילר אינפליבל 330,,,לוריאל - קונסילר אינפליבל 330,00000,1,00000,false,0.0000,64.9,64.9000,false,1,
30177147,false,אססי - אקספרסי 0,,,אססי - אקספרסי 0,00000,1,00000,false,0.0000,31.9,31.9000,false,1,
30177154,false,אססי - אקספרסי 10,,,אססי - אקספרסי 10,00000,1,00000,false,0.0000,31.9,31.9000,false,1,
30177307,false,אססי - אקספרסי 200,,,אססי - אקספרסי 200,00000,1,00000,false,0.0000,31.9,31.9000,false,1,
30177437,false,אססי - אקספרסי 380,,,אססי - אקספרסי 380,00000,1,00000,false,0.0000,31.9,31.9000,false,1,
31000090,false,GOOD PHARM - GF-8842 62 C1,,,GOOD PHARM - GF-8842 62 C1,00000,1,00000,false,0.0000,49,49.0000,false,1,
31000110,false,GOOD PHARM - GF-3447 51 C1,,,GOOD PHARM - GF-3447 51 C1,00000,1,00000,false,0.0000,49,49.0000,false,1,
31000115,false,GOOD PHARM - GF-3447 51 C10,,,GOOD PHARM - GF-3447 51 C10,00000,1,00000,false,0.0000,49,49.0000,false,1,
31000212,false,GOOD PHARM - GF-3016 50 C3,,,GOOD PHARM - GF-3016 50 C3,00000,1,00000,false,0.0000,49,49.0000,false,1,
31000250,false,GOOD PHARM - GF-P21 60 C1,,,GOOD PHARM - GF-P21 60 C1,00000,1,00000,false,0.0000,49,49.0000,false,1,
31000260,false,GOOD PHARM - GF-70000 49 C1,,,GOOD PHARM - GF-70000 49 C1,00000,1,00000,false,0.0000,49,49.0000,false,1,
31000410,false,GOOD PHARM - C1 61 2939,,,GOOD PHARM - C1 61 2939,00000,1,00000,false,1.0000,49,49.0000,false,1,
31000440,false,GOOD PHARM - C1 54 3928,,,GOOD PHARM - C1 54 3928,00000,1,00000,false,1.0000,49,49.0000,false,1,
31000442,false,GOOD PHARM - C6 54 3928,,,GOOD PHARM - C6 54 3928,00000,1,00000,false,1.0000,49,49.0000,false,1,
31000451,false,GOOD PHARM - C4 60 1739,,,GOOD PHARM - C4 60 1739,00000,1,00000,false,1.0000,99,99.0000,false,1,
31000462,false,GOOD PHARM - C3 50 8181,,,GOOD PHARM - C3 50 8181,00000,1,00000,false,1.0000,99,99.0000,false,1,
31000530,false,GOOD PHARM - C1 54 3871,,,GOOD PHARM - C1 54 3871,00000,1,00000,false,1.0000,99,99.0000,false,1,
31000591,false,GOOD PHARM - C2 55 D518,,,GOOD PHARM - C2 55 D518,00000,1,00000,false,1.0000,49,49.0000,false,1,
40058153,false,קרם ניוואה רב שימושי,NIVEA,,"ניוואה רב""ש 30 מ""ל",00000,1,00000,false,0.0000,6.9,6.9000,true,1,
40084107,false,ביצת שוקולד הפתעה קינדר,קריות זול,IT,קינדר - ביצת הפתעה,00000,1,00000,false,0.0000,6,6.0000,true,1,
40099132,false,מסטיק הובה בובה Hubba Bubba בטעם תות,הובה בובה Hubba Bubba,,הובה בובה תות,00000,1,00000,false,0.0000,3,3.0000,true,1,
40144061,false,שכבות עלי וופל קנוקר,שטורק,DE,וופל קנופרס גר',00000,1,00000,false,24.0000,3.9,3.9000,true,1,
42207443,false,"קרם ניוואה סופט, 50 מ""ל",NIVEA,,"קרם ניוואה סופט, 50 מ""ל",00000,1,00000,false,0.0000,10,10.0000,false,1,
42299363,false,"ניוואה - דאודורנט רול און לגבר פרש פאוור 50 מ""ל",,,"ניוואה - דאודורנט רול און לגבר פרש פאוור 50 מ""ל",00000,1,00000,false,12.0000,10,10.0000,false,1,
50398904,false,חמצן %6 60 מ''ל אינדולה,גדעון קוסמטיקס,IL,אינדולה - קרם חמצן 6%,00000,1,00000,false,0.0000,4.5,4.5000,false,1,
50398911,false,חמצן %9 60 מ''ל אינדולה,,,אינדולה - קרם חמצן 9%,00000,1,00000,false,0.0000,4.5,4.5000,false,1,
59016441,false,"רקסונה - דאודורנט רול און לאישה פרוט ספין 50 מ""ל",,,"רקסונה - דאודורנט רול און לאישה פרוט ספין 50 מ""ל",00000,1,00000,false,12.0000,10,10.0000,false,1,
59079798,false,"רקסונה - דאודורנט רול און לאישה אנטי פרספירנט שאוור 50 מ""ל",,,"רקסונה - דאודורנט רול און לאישה אנטי פרספירנט שאוור 50 מ""ל",00000,1,00000,false,12.0000,10,10.0000,false,1,
59082637,false,"רקסונה - דאודורנט רולאון לגבר אקסטרא קול 50 מ""ל",רקסונה Rexona,,"רקסונה - דאודורנט רולאון לגבר אקסטרא קול 50 מ""ל",00000,1,00000,false,12.0000,10,10.0000,false,1,
59092513,false,"רקסונה דאו' רול-און לנשים בניחוח אלוורה, 50 מ""ל",,,"רקסונה - דאודורנט רול און לאישה אלוורה 50 מ""ל",00000,1,00000,false,12.0000,10,10.0000,false,1,
72917367,false,טעמי חטיף במילוי קרם נוגט וקרמל,"שטראוס גרופ בע""מ",IL,טעמי 28 חטיף 40 גר',00000,1,00000,false,0.0000,3.9,3.9000,false,1,
72991008,false,פסק זמן חלב מגדים 45גרם,"שטראוס גרופ בע""מ",IL,פ.זמן קלאסיק מגדים,00000,1,00000,false,24.0000,4.9,4.9000,false,1,
80001256,false,לואקר שוקולד אגוז54 גרם12X,לואקר,IT,לואקר שוקולד אגוז54 גרם12X,00000,1,00000,false,0.0000,6.9,6.9000,false,1,
80001980,false,לואקר טבלאות שוקולד חלב,,,לואקר טבלאות שוקולד חלב,00000,1,00000,false,0.0000,5.9,5.9000,false,1,
80050124,false,סוכריות מנטה 16 ג' טיק טק,קריות זול,ZA,טיק טק מנטה,00000,1,00000,false,288.0000,4,4.0000,true,1,
80050278,false,פררו רושר חטיף כדורים שלישיה 40ג',קריות זול,IT,פררו רושר 1/3,00000,1,00000,false,0.0000,5,5.0000,true,1,
80052760,false,קינדר בואנו Kinder Bueno עם חלב ואגוזי לוז,קריות זול,PL,קינדר - בואנו,00000,1,00000,false,0.0000,4,4.0000,false,1,
80136194,false,חטיפי הפי היפו Happy Hippo במילוי קרם חלבי ואגוזי לוז,קינדר Kinder,DE,קינדר הפי היפו חמישייה אגוזי לוז,00000,1,00000,false,0.0000,10,10.0000,true,1,
80310891,false,ביצת הפתעה קינדר ג'וי כתום,קריות זול,ZA,קינדר ג'וי 72 יחידות,00000,1,00000,false,72.0000,6,6.0000,false,1,
80761761,false,קינדר בואנו לבן בודד 39 גרם,קדבורי,PL,קינדר - בואנו לבן,00000,1,00000,false,0.0000,4,4.0000,false,1,
80773429,false,מסטיק מנטוס פיור פרש בבקבוק בינוני בטעם תות 60 ג',פרפטי ואן מלה הולנד,TR,מנטוס תות שדה6X בק' מעוגל,00000,1,00000,false,0.0000,10,10.0000,true,1,
80773443,false,מסטיק מנטוס בבקבוק מעוגל בטעם מנטה מעודנת 60 ג',פרפטי ואן מלה הולנד,TR,מנטוס ספרמינט6X בק' מעוגל,00000,1,00000,false,0.0000,10,10.0000,true,1,
80790990,false,מסטיק מנטוס בבקבוק מעוגל בטעם פירות -מנטה 60 ג',פרפטי ואן מלה הולנד,TR,מנטוס בבלפרש6X בק' מעוגל,00000,1,00000,false,0.0000,10,10.0000,true,1,
80831402,false,סוכריות מנטוס מנטה עדינה 30 יח' ללא סוכר CLEAN BREATH,מנטוס Mentos,NL,"מנטוס סוכריות בטעם מנטה עדינה לל""ס 30 יח'",00000,1,00000,false,0.0000,6.9,6.9000,false,1,
80843184,false,מנטוס מסטיק פיור פרש בטעם ענבים 60גר,פרפטי ואן מלה הולנד,TR,מנטוס פיור ענבים,00000,1,00000,false,0.0000,10,10.0000,true,1,
80864295,false,סוכריות פיור וויט טעם מנטה עדינה 60 ג' מנטוס,פרפטי ואן מלה הולנד,TR,מנטוס מסטיקפיור טעם מנטה עדינה,00000,1,00000,false,0.0000,10,10.0000,true,1,
80874652,false,קינדר קארדס 120 גרם - בודד,פררו,IT,קינדר קלפים בודד 25.6 גר',00000,1,00000,false,30.0000,3.9,3.9000,false,1,
80896081,false,מסטיק מנטוס פיור פרש בבקבוק בינוני בטעם אבטיח 60 ג',פרפטי ואן מלה הולנד,TR,מנטוס אבטיח6X בק' מעוגל,00000,1,00000,false,0.0000,10,10.0000,true,1,
80913467,false,מסטיק מנטו בבקבוק מעוגל בטעם מנטה 60 ג',פרפטי ואן מלה הולנד,TR,מנטוס מנטה6X בק' מעוגל,00000,1,00000,false,0.0000,10,10.0000,true,1,
80936848,false,סוכריות טיק טק תות שדה 24 יח',קדבורי,ZA,טיק טק בודד תות,00000,1,00000,false,0.0000,4,4.0000,true,1,
80945468,false,סוכריות פיור וויט טעם מנטה מתוקה 60 ג' מנטוס,פרפטי ואן מלה הולנד,TR,מנטוס מסטיקפיור טעם מנטה מתוקה,00000,1,00000,false,24.0000,10,10.0000,true,1,
80948698,false,מנטוס טרופי 6X בק' מעוגל,פרפטי ואן מלה הולנד,,מנטוס טרופי 6X בק' מעוגל,00000,1,00000,false,0.0000,10,10.0000,true,1,
80979128,false,מסטיק מנטוס פיור בטעם דובדבן 60 ג',פרפטי ואן מלה הולנד,TR,מנטוס פיור דובדבן,00000,1,00000,false,0.0000,10,10.0000,true,1,
80982470,false,מסטיק מנטוס פיור פרוסט בטעם מנטה חזק 60 גר',פרפטי ואן מלה ברדה,TR,מנטוס מסטיק פיור פרוסט,00000,1,00000,false,0.0000,10,10.0000,true,1,
80986348,false,סוכריות פיור וויט טעם מנטה 60 ג' מנטוס,פרפטי ואן מלה הולנד,TR,מנטוס מסטיקפיור טעם מנטה,00000,1,00000,false,0.0000,10,10.0000,true,1,
80995128,false,מנטוס - מסטיק בטעם הדרים בתוספת ויטמינים 60 גרם,פרפטי ואן מלה הולנד,TR,מנטוס - מסטיק בטעם הדרים בתוספת ויטמינים 60 גרם,00000,1,00000,false,24.0000,10,10.0000,true,1,
87311396,false,סוכריות מנטוס Mentos ריינבואו,פרפטי ואן מלה,NL,מנטוס ריינבואו 40 גלילים,00000,1,00000,false,0.0000,4,4.0000,true,1,
89898989,false,פריט פקדון 0.30 אג,,,פריט פקדון 0.30 אג,00000,1,00000,false,0.0000,0.3,0.3000,false,1,
90162602,false,משקה אנרגיה רד בול 250 מ''ל,רד בול ג'י.אם.בי. אץ,AT,"רד בול משקה אנרגיה 250 מ""ל",00000,1,00000,false,0.0000,6.9,6.9000,false,1,
90162800,false,רד בול משקה אנרגיה ללא סוכר פקדון 30 אג,רד בול ג'י.אם.בי. אץ,AT,רד בול משקה אנרגיה ללא סוכר פקדון 30 אג,00000,1,00000,false,0.0000,6.9,6.9000,false,1,
96198032,false,פישרמנס מנטה חזק-ירוק,,,פישרמנס מנטה חזק-ירוק,00000,1,00000,false,0.0000,7.9,7.9000,true,1,
96198100,false,פישרמס לימון דבש ללא סוכר,,,פישרמס לימון דבש ללא סוכר,00000,1,00000,false,24.0000,7.9,7.9000,true,1,
96198117,false,פישרמנס ספירמינטס ללא סוכר,,GB,פישרמנס ספירמינטס ללא סוכר,00000,1,00000,false,0.0000,7.9,7.9000,true,1,
96198124,false,פישרמנס דובדבן ללא סוכר - אדום לבן,,,פישרמנס דובדבן ללא סוכר - אדום לבן,00000,1,00000,false,0.0000,7.9,7.9000,true,1,
96198131,false,פישרמנס אקליפטוס חזק-לבן,,,פישרמנס אקליפטוס חזק-לבן,00000,1,00000,false,0.0000,7.9,7.9000,true,1,
96198155,false,פישרמנס אקליפטוס ללא סוכר - כחול לבן,,,פישרמנס אקליפטוס ללא סוכר - כחול לבן,00000,1,00000,false,0.0000,7.9,7.9000,true,1,
96198162,false,פישרמנס מנטה ללא סוכר - ירוק לבן,,GB,פישרמנס מנטה ללא סוכר - ירוק לבן,00000,1,00000,false,0.0000,7.9,7.9000,true,1,
3169901523,false,כפפות TPE מידה L,,,כפפות TPE מידה L,00000,1,00000,false,10.0000,14.9,14.9000,false,1,
8421362486,false,בובת TY עיניים גדולות (S) קסידי - חתולה סגולה,,,בובת TY עיניים גדולות (S) קסידי - חתולה סגולה,00000,1,00000,false,0.0000,24.9,24.9000,false,1,
8421364817,false,בובת TY עיניים גדולות (M) פניקס שועל לבן,,,בובת TY עיניים גדולות (M) פניקס שועל לבן,00000,1,00000,false,0.0000,49.9,49.9000,false,1,
8421364893,false,בובת TY עיניים גדולות (M) פיונה - חתולה ורודה,,,בובת TY עיניים גדולות (M) פיונה - חתולה ורודה,00000,1,00000,false,0.0000,49.9,49.9000,false,1,
8421370887,false,בובת TY עיניים גדולות (M) בום בום הפנדה,,,בובת TY עיניים גדולות (M) בום בום הפנדה,00000,1,00000,false,0.0000,49.9,49.9000,false,1,
8421372881,false,בובת TY עיניים גדולות (M) אופל - חתולה בצבעי פסטל,,,בובת TY עיניים גדולות (M) אופל - חתולה בצבעי פסטל,00000,1,00000,false,0.0000,49.9,49.9000,false,1,
8421392926,false,בובת TY עיניים - כרית חיבוקי ''10 - במבו פנדה,,,בובת TY עיניים - כרית חיבוקי ''10 - במבו פנדה,00000,1,00000,false,0.0000,29.9,29.9000,false,1,
8421392933,false,בובת TY עיניים - כרית חיבוקי ''10 - סלאש - האסקי,,,בובת TY עיניים - כרית חיבוקי ''10 - סלאש - האסקי,00000,1,00000,false,0.0000,29.9,29.9000,false,1,
9800800056,false,חטיף שוקולד עם מקלות לחם אנד גו,נוטלה Nutella,DE,נוטלה & GO,00000,1,00000,false,0.0000,6,6.0000,true,1,
22200000109,false,ליידי ספיד סטיק - דאודורנט ג'ל לאישה אינביזבל דריי 65 גרם,,,ליידי ספיד סטיק - דאודורנט ג'ל לאישה אינביזבל דריי 65 גרם,00000,1,00000,false,12.0000,13.9,13.9000,false,1,
22200000307,false,ליידי ספיד סטיק - דאודורנט ג'ל לאישה פרש פיוזן 65 גרם,,,ליידי ספיד סטיק - דאודורנט ג'ל לאישה פרש פיוזן 65 גרם,00000,1,00000,false,12.0000,13.9,13.9000,false,1,
22200940207,false,ספיד סטיק - דאודורנט סטיק לגבר רגולר 51 גרם,,,ספיד סטיק - דאודורנט סטיק לגבר רגולר 51 גרם,00000,1,00000,false,12.0000,13.9,13.9000,false,1,
22200940221,false,ספיד סטיק - דאודורנט סטיק לגבר פאוור פרש 51 גרם,,,ספיד סטיק - דאודורנט סטיק לגבר פאוור פרש 51 גרם,00000,1,00000,false,12.0000,13.9,13.9000,false,1,
22200940238,false,ספיד סטיק - דאודורנט סטיק לגבר אושן סרף 51 גרם,,,ספיד סטיק - דאודורנט סטיק לגבר אושן סרף 51 גרם,00000,1,00000,false,12.0000,13.9,13.9000,false,1,
22200954419,false,ליידי ספיד סטיק - דאודורנט סטיק לאישה אינביזבל דריי,,,ליידי ספיד סטיק - דאודורנט סטיק לאישה אינביזבל דריי,00000,1,00000,false,12.0000,13.9,13.9000,false,1,
22200956048,false,ספיד סטיק - דאודורנט ג'ל לגבר פרש ראסט 85 גרם,,,ספיד סטיק - דאודורנט ג'ל לגבר פרש ראסט 85 גרם,00000,1,00000,false,12.0000,13.9,13.9000,false,1,
22200956055,false,ספיד סטיק - דאודורנט ג'ל לגבר קול פיוזן 85 גרם,,,ספיד סטיק - דאודורנט ג'ל לגבר קול פיוזן 85 גרם,00000,1,00000,false,12.0000,13.9,13.9000,false,1,
25077130467,false,מולטי-ויטמין יומיומי לגברים,,,מולטי-ויטמין יומיומי לגברים,00000,1,00000,false,0.0000,67.9,67.9000,false,1,
25077155934,false,"קו-אנזים Q10 100 מ""ג Q-SORB™",,,"קו-אנזים Q10 100 מ""ג Q-SORB™",00000,1,00000,false,0.0000,63.9,63.9000,false,1,
25077156054,false,ויטמין די 1000 כמוסות רכות,,,ויטמין די 1000 כמוסות רכות,00000,1,00000,false,24.0000,29.9,29.9000,true,1,
25077171316,false,"דאבל אומגה 3, (600 מ""ג אומגה 3 אקטיבי)",,,"דאבל אומגה 3, (600 מ""ג אומגה 3 אקטיבי)",00000,1,00000,false,0.0000,65.9,65.9000,false,1,
25077190928,false,מולטי-ויטמין יומיומי לנשים,,,מולטי-ויטמין יומיומי לנשים,00000,1,00000,false,0.0000,63.9,63.9000,false,1,
25077328611,false,ויטמין בי12 1000mcg מתילקובלאמין,,,ויטמין בי12 1000mcg מתילקובלאמין,00000,1,00000,false,24.0000,29.9,29.9000,false,1,
25077536214,false,"מגנזיום ציטראט 200 מ""ג",,,"מגנזיום ציטראט 200 מ""ג",00000,1,00000,false,0.0000,49.9,49.9000,false,1,
25675301153,false,סאוור סטיקס Sour Sticks בטעם אוכמניות,פשקז Paskesz,NL,פשקס - חמצוצים מקלות פטל 50 גרם,00000,1,00000,false,0.0000,5,5.0000,false,1,
25675301177,false,פשקס - חמצוצים מקלות דובדבן 50 גרם,,,פשקס - חמצוצים מקלות דובדבן 50 גרם,00000,1,00000,false,0.0000,5,5.0000,false,1,
25675301184,false,פשקס - חמצוצים מקלות קולה 50 גרם,פשקז Paskesz,NL,פשקס - חמצוצים מקלות קולה 50 גרם,00000,1,00000,false,0.0000,5,5.0000,false,1,
25700005681,false,שקיות אחסון סליידר בינוניות -20 יח' זיפלוק,אס.סי גונוסון,US,זיפלוק שקיות אחסון סליידר בינוניות 20 יח',00000,1,00000,false,0.0000,15.9,15.9000,false,1,
33984005204,false,סולגאר - סידן ומגנזיום בתוספת אבץ 100 טבליות,,,סולגאר - סידן ומגנזיום בתוספת אבץ 100 טבליות,00000,1,00000,false,0.0000,59.9,59.9000,true,1,
33984011878,false,סולגאר - מולטי ויטמין VM-2000 (קטן) 60 טבליות,,,סולגאר - מולטי ויטמין VM-2000 (קטן) 60 טבליות,00000,1,00000,false,0.0000,129.9,129.9000,true,1,
33984014176,false,סולגאר - קולגן סולגאר וחומצה היאלורונית 30 טבליות,סולגאר,,סולגאר - קולגן סולגאר וחומצה היאלורונית 30 טבליות,00000,1,00000,false,0.0000,139.9,139.9000,true,1,
33984017108,false,סולגאר - מגנזיום ציטראט 60 טבליות,סולגאר,,סולגאר - מגנזיום ציטראט 60 טבליות,00000,1,00000,false,0.0000,69.9,69.9000,true,1,
33984017207,false,סולגאר - מגנזיום בתוספת ויטמין B6 סולגאר 100 טבליות,סולגאר,,סולגאר - מגנזיום בתוספת ויטמין B6 סולגאר 100 טבליות,00000,1,00000,false,0.0000,49.9,49.9000,true,1,
33984019409,false,"סולגאר - מטאפולין 400 מק""ג 50 טבליות",,,"סולגאר - מטאפולין 400 מק""ג 50 טבליות",00000,1,00000,false,0.0000,49.9,49.9000,true,1,
33984020580,false,סולגאר - אומגה 3 950 100 כמוסות רכות סולגאר 100 כמוסות,סולגאר,,סולגאר - אומגה 3 950 100 כמוסות רכות סולגאר 100 כמוסות,00000,1,00000,false,0.0000,169.9,169.9000,true,1,
33984024007,false,"סולגאר - ויטמין C פקעות ורדים 1000 מ""ג 100 טבליות",סולגאר,,"סולגאר - ויטמין C פקעות ורדים 1000 מ""ג 100 טבליות",00000,1,00000,false,0.0000,99.9,99.9000,true,1,
33984032293,false,"סולגאר - ויטמין B12 למציצה 1000 מק""ג 100 טבליות",סולגאר,,"סולגאר - ויטמין B12 למציצה 1000 מק""ג 100 טבליות",00000,1,00000,false,0.0000,69.9,69.9000,true,1,
33984041615,false,סולגאר - תמצית שורש כורכום 60 כמוסות,,,סולגאר - תמצית שורש כורכום 60 כמוסות,00000,1,00000,false,0.0000,109.9,109.9000,true,1,
34000470228,false,שוקולד חלב מיני ריזס,הרשי,US,ריסז מיני 16 שקיות,00000,1,00000,false,0.0000,5.9,5.9000,false,1,
34000470563,false,ריסז מיניס פאוצ'215גרם,,,ריסז מיניס פאוצ'215גרם,00000,1,00000,false,0.0000,18.9,18.9000,false,1,
34000544028,false,סוכריות ארוכות בטעם תות טוויזלרס Twizzlers,הרשי שוקולד,US,טוויזלרס 198 גרם 12 יח',00000,1,00000,false,0.0000,6.9,6.9000,false,1,
34000996643,false,הרשי דרופס פאוצ' 215 גרם,,,הרשי דרופס פאוצ' 215 גרם,00000,1,00000,false,0.0000,18.9,18.9000,false,1,
37977005288,false,זוג מוצצי סיליקון 6+ חודשים,מאם Mam,,קריסטל 6+ BOY,00000,1,00000,false,0.0000,34.9,34.9000,false,1,
37977005455,false,מאמ מחזיק מוצץ כחול,MUM,AU,מחזיק מוצץ BOY,00000,1,00000,false,0.0000,29.9,29.9000,false,1,
38000183690,false,פרינגלסמידי ברביקיו 71 גרם - חדש,פרינגלס מנופקצ'ורינג,,פרינגלסמידי ברביקיו 71 גרם - חדש,00000,1,00000,false,12.0000,5.9,5.9000,true,1,
38000232152,false,פרינגלס ברביקיו 158 גרם – חדש,פרינגלס מניופקצ'ורינ,US,פרינגלס ברביקיו 158 גרם – חדש,00000,1,00000,false,14.0000,10,10.0000,false,1,
38000232169,false,פרינגלס מידי אורגינל 67 גר',פרינגלס מניופקצ'ורינ,US,פרינגלס מידי אורגינל 67 גר',00000,1,00000,false,12.0000,5.9,5.9000,true,1,
38000232176,false,חטיף צ'יפס שמנת חמוצה ובצל,פרינגלס מניופקצ'ורינ,US,פרינגלס שמנת בצל 158 גרם,00000,1,00000,false,14.0000,10,10.0000,false,1,
38000232183,false,פרינגלס אורגינל 149 גרם,פרינגלס מניופקצ'ורינ,US,פרינגלס אורגינל 149 גרם,00000,1,00000,false,14.0000,10,10.0000,false,1,
40000514480,false,M&M אריזה קטנה's שוקולד אריזה קטנה 48 גרם,M&M אם אנד אם,,M&M אריזה קטנה's שוקולד אריזה קטנה 48 גרם,00000,1,00000,false,0.0000,4.9,4.9000,true,1,
40000514510,false,M&M אריזה קטנה's בוטנים אריזה קטנה 49 גרם,M&M אם אנד אם,,M&M אריזה קטנה's בוטנים אריזה קטנה 49 גרם,00000,1,00000,false,0.0000,4.9,4.9000,true,1,
47400179240,false,גילט מאך 3 זוג סכינים,,,גילט מאך 3 זוג סכינים,00000,1,00000,false,96.0000,12.9,12.9000,false,1,
49022958272,false,E21-59 בובת פופ MARVEL מס' 271339 (O-13+14+15^),,,E21-59 בובת פופ MARVEL מס' 271339 (O-13+14+15^),00000,1,00000,false,1.0000,39.9,39.9000,false,1,
56594009998,false,מארז סבון מוצק 4 *100 ג' ניוואה,,,ניוואה - סבון מוצק 4*100 גרם,00000,1,00000,false,0.0000,14.9,14.9000,false,1,
74312104305,false,ויטמין סי C 500mg עם ביופלבונואידים ופקעות ורדים,,,ויטמין סי C 500mg עם ביופלבונואידים ופקעות ורדים,00000,1,00000,false,0.0000,35.9,35.9000,true,1,
74312111402,false,"ויטמין D3 400 יחב""ל",,,"ויטמין D3 400 יחב""ל",00000,1,00000,false,0.0000,26.9,26.9000,false,1,
74312155352,false,"מגנזיום 500 מ""ג",,,"מגנזיום 500 מ""ג",00000,1,00000,false,0.0000,49.9,49.9000,false,1,
76666253913,false,E21-24 בועות סבון דיסני נסיכה,,,E21-24 בועות סבון דיסני נסיכה,00000,1,00000,false,3.0000,14.9,14.9000,false,1,
76666254408,false,E21-24 בועות סבון דיסני פלונטר,,,E21-24 בועות סבון דיסני פלונטר,00000,1,00000,false,3.0000,14.9,14.9000,false,1,
76666255610,false,E21-24 בועות סבון דיסני מיקי,,,E21-24 בועות סבון דיסני מיקי,00000,1,00000,false,3.0000,14.9,14.9000,false,1,
76666265251,false,E21-24 בועות סבון דיסני אלזה,,,E21-24 בועות סבון דיסני אלזה,00000,1,00000,false,3.0000,14.9,14.9000,false,1,
77245110610,false,סוכריות מאסט ללא סוכר בטעם מנטה 80 ג'עלית,MIESZKO S.A - MS. JO,IL,כשלפ סוכריות MUST מנטה,00000,1,00000,false,0.0000,10,10.0000,false,1,
77975094761,false,שברי בייגלה בטעם צ'דר 340 גרם סניידרס,סניידרס Snyder's,US,סניידרס צ'דר 340 גר,00000,1,00000,false,12.0000,13.9,13.9000,false,1,
77975094778,false,סניידרס שברי בייגל בטעם דבש וחרדל 340 גר,סניידרס Snyder's,US,סניידרס דבש חרדל 340 גר,00000,1,00000,false,0.0000,13.9,13.9000,false,1,
85715326607,false,גאס אומו אדט לגבר 100 מ''ל,,,גאס אומו אדט לגבר 100 מ''ל,00000,1,00000,false,0.0000,199,199.0000,false,1,
85805558420,false,"רד דור אדט לאישה 100 מ""ל - אליזבת ארדן",,,"רד דור אדט לאישה 100 מ""ל - אליזבת ארדן",00000,1,00000,false,0.0000,139.9,139.9000,false,1,
85805574109,false,"אליזבת ארדן וויט תה גינגר לילי לאשה 100 מ""ל",,,"אליזבת ארדן וויט תה גינגר לילי לאשה 100 מ""ל",00000,1,00000,false,0.0000,199.9,199.9000,false,1,
88300162505,false,"אופוריה Euphoria א.ד.פ לאישה 100 מ""ל",קלווין קליין Calvin Klein,,"אופוריה א.אדפ 100 מ""ל",00000,1,00000,false,0.0000,159,159.0000,true,1,
90891131006,false,PREVAIL סדיניות חד פעמיות,,,PREVAIL סדיניות חד פעמיות,00000,1,00000,false,0.0000,24.9,24.9000,false,1,
90891500079,false,PREVAIL תחתונים (שימוש יום/לילה) M,,,PREVAIL תחתונים (שימוש יום/לילה) M,00000,1,00000,false,0.0000,39.9,39.9000,false,1,
90891500086,false,PREVAIL תחתונים (שימוש יום/לילה) L,,,PREVAIL תחתונים (שימוש יום/לילה) L,00000,1,00000,false,0.0000,39.9,39.9000,false,1,
90891949083,false,PREVAIL תחתונים סופגים (שימוש יום/לילה)XL,,,PREVAIL תחתונים סופגים (שימוש יום/לילה)XL,00000,1,00000,false,0.0000,49.9,49.9000,false,1,
305210043596,false,"וזלין - תחליב לחות עם תמצית לוונדר 600 מ""ל",יוניליוור,US,"וזלין - תחליב לחות עם תמצית לוונדר 600 מ""ל",00000,1,00000,false,4.0000,19.9,19.9000,false,1,
305210416383,false,"ואזלין קרם גוף לגבר נספג במהירות 600 מ""ל",וזלין Vaseline,US,ואזלין ת.גוף לגבר 600מל,00000,1,00000,false,4.0000,19.9,19.9000,false,1,
305210464728,false,וזלין מיני לשפתיים בטעם קרם ברולה,"יונילוור ארה""ב - HPC",US,וזלין - מיני לשפתיים קרם ברולה,00000,1,00000,false,16.0000,10,10.0000,false,1,
305213079004,false,"וזלין תחליב גוף צהוב להזנה עמוקה 600מ""ל",וזלין Vaseline,,וזלין צהוב ת.גוף 600 מל,00000,1,00000,false,4.0000,19.9,19.9000,false,1,
350007641646,false,קולגייט משחת שיניים 2ב1 הלבנה 130 ג',קולגייט Colgate,,קולגייט - משחה 2 ב-1 רעננות 130 גרם,00000,1,00000,false,12.0000,10,10.0000,false,1,
602016502761,false,GLOSSY POPS LOLLIPOP IN LIGHTS UPC,,,GLOSSY POPS LOLLIPOP IN LIGHTS UPC,00000,1,00000,false,0.0000,49.9,49.9000,false,1,
608940543313,false,"ריהנה REB'L FLEUR(א) אדפ 100מ""ל",ריהנה Rihanna,,"ריהנה REB'L FLEUR(א) אדפ 100מ""ל",00000,1,00000,false,0.0000,99,99.0000,true,1,
608940560358,false,"רירי אדפ לאישה 100 מ""ל - ריהאנה",,,"רירי אדפ לאישה 100 מ""ל - ריהאנה",00000,1,00000,false,0.0000,99,99.0000,false,1,
630175475886,false,עדשות יומיות מספר 1.25- DAILIES AquaComfort plus,אלקון Alcon,,D.AqaCP30pk 8.7-1.25 14.0,00000,1,00000,false,0.0000,99.9,99.9000,false,1,
630175475916,false,עדשות יומיות מספר 2.00- DAILIES AquaComfort plus,אלקון Alcon,,D.AqaCP30pk 8.7-2.00 14.0,00000,1,00000,false,0.0000,99.9,99.9000,false,1,
630175475930,false,עדשות יומיות מספר 2.50- DAILIES AquaComfort plus,אלקון Alcon,,D.AqaCP30pk 8.7-2.50 14.0,00000,1,00000,false,0.0000,99.9,99.9000,false,1,
643540760012,false,מברשת שיניים מהבהבת חד קרן ילדים סופט,,,מברשת שיניים מהבהבת חד קרן ילדים סופט,00000,1,00000,false,12.0000,12.9,12.9000,false,1,
643540760319,false,סט מברשת + משחת שיניים דיסני הנוקמים קפטן אמריקה בטעם קולה,,,סט מברשת + משחת שיניים דיסני הנוקמים קפטן אמריקה בטעם קולה,00000,1,00000,false,0.0000,15,15.0000,false,1,
643540760340,false,סט מברשת + משחת שיניים דיסני מלך האריות בטעם פירות טרופיים,,,סט מברשת + משחת שיניים דיסני מלך האריות בטעם פירות טרופיים,00000,1,00000,false,0.0000,15,15.0000,false,1,
643540760432,false,סט מברשת + משחת שיניים דיסני ספיידרמן בטעם ענבים,,,סט מברשת + משחת שיניים דיסני ספיידרמן בטעם ענבים,00000,1,00000,false,0.0000,15,15.0000,false,1,
651080161510,false,"פלאקרס ""פלוסר ""חוט דנטלי משופר 35יח'-חדש",מיוצר עי קונדיטוריית,CN,"פלאקרס ""פלוסר ""חוט דנטלי משופר 35יח'-חדש",00000,1,00000,false,24.0000,10.9,10.9000,false,1,
651080647519,false,"פלאקרס ""פלוסר ""חוט דנטלי ירוק -מנטה",המאפיה של הרמן,US,"פלאקרס ""פלוסר ""חוט דנטלי ירוק -מנטה",00000,1,00000,false,6.0000,10.9,10.9000,false,1,
662834502817,false,Lens wipes BX/30,,,Lens wipes BX/30,00000,1,00000,false,0.0000,19.9,19.9000,false,1,
662834508260,false,צ'ייס - מגבונים לניקוי סמרטפונים 60 יח',,,צ'ייס - מגבונים לניקוי סמרטפונים 60 יח',00000,1,00000,false,12.0000,27.9,27.9000,false,1,
662834509670,false,"צ'ייס - ספריי לניקוי משקפיים 30 מ""ל + מטלית לניגוב",,,"צ'ייס - ספריי לניקוי משקפיים 30 מ""ל + מטלית לניגוב",00000,1,00000,false,12.0000,12.9,12.9000,false,1,
667538086151,false,"פיור סדקשין בודי מיסט לאישה 250 מ""ל - ויקטוריה סיקרט",,,"פיור סדקשין בודי מיסט לאישה 250 מ""ל - ויקטוריה סיקרט",00000,1,00000,false,0.0000,59.9,59.9000,true,1,
667538086236,false,"ויקטוריה סיקרט - בודי מיסט טמפטיישן 250 מ""ל",,,"ויקטוריה סיקרט - בודי מיסט טמפטיישן 250 מ""ל",00000,1,00000,false,0.0000,59.9,59.9000,true,1,
667538582028,false,"ויקטוריה סיקרט - בודי מיסט אקווה קיס 250 מ""ל",,,"ויקטוריה סיקרט - בודי מיסט אקווה קיס 250 מ""ל",00000,1,00000,false,0.0000,59.9,59.9000,true,1,
667547946903,false,"ו.סיקריט בודי ספריי קוזי לייפ 250 מ""ל",,,"ו.סיקריט בודי ספריי קוזי לייפ 250 מ""ל",00000,1,00000,false,0.0000,59.9,59.9000,true,1,
667547946927,false,"ו.סיקריט א.חדשה בודי ספרי לט סטיי אין 250 מ""ל",,,"ו.סיקריט א.חדשה בודי ספרי לט סטיי אין 250 מ""ל",00000,1,00000,false,0.0000,59.9,59.9000,true,1,
667548083645,false,"ויקטוריה סיקרט - בודי ספריי ספארקל לייק אנג'ל 250 מ""ל",,,"ויקטוריה סיקרט - בודי ספריי ספארקל לייק אנג'ל 250 מ""ל",00000,1,00000,false,18.0000,59.9,59.9000,true,1,
667548099158,false,"ויקטוריה סיקרט - בודי ספריי לאב ספל 250 מ""ל",,,"ויקטוריה סיקרט - בודי ספריי לאב ספל 250 מ""ל",00000,1,00000,false,18.0000,59.9,59.9000,true,1,
667548099165,false,"ו.סיקרט בודי ספריי ולווט פטלס 250מ""ל",,,"ו.סיקרט בודי ספריי ולווט פטלס 250מ""ל",00000,1,00000,false,0.0000,59.9,59.9000,true,1,
667548099172,false,"ו.סיקרט בודי ספריי באר ונילה 250מ""ל",,,"ו.סיקרט בודי ספריי באר ונילה 250מ""ל",00000,1,00000,false,0.0000,59.9,59.9000,true,1,
667548099219,false,"ויקטוריה סיקרט - בודי ספריי אמבר רומאנס 250 מ""ל",,,"ויקטוריה סיקרט - בודי ספריי אמבר רומאנס 250 מ""ל",00000,1,00000,false,18.0000,59.9,59.9000,true,1,
667548800501,false,"ו.סיקרט בודי ספריי רומנטיק 250מ""ל",,,"ו.סיקרט בודי ספריי רומנטיק 250מ""ל",00000,1,00000,false,0.0000,59.9,59.9000,true,1,
667548879354,false,"ו.סיקריט (א.חדשה) בודי ספריי לאב אדיקט 250מ""ל",,,"ו.סיקריט (א.חדשה) בודי ספריי לאב אדיקט 250מ""ל",00000,1,00000,false,18.0000,59.9,59.9000,true,1,
667549011562,false,"ויקטוריה סיקרט - בודי ספריי ראש 250 מ""ל",,,"ויקטוריה סיקרט - בודי ספריי ראש 250 מ""ל",00000,1,00000,false,18.0000,59.9,59.9000,true,1,
693493104791,false,GOOD PHARM - כיסוי היגייני לאסלה 10 יח',,,GOOD PHARM - כיסוי היגייני לאסלה 10 יח',00000,1,00000,false,15.0000,10,10.0000,false,1,
693493104814,false,GOOD PHARM - תומך אלסטי לפרק כף היד מידה M,,,GOOD PHARM - תומך אלסטי לפרק כף היד מידה M,00000,1,00000,false,12.0000,10,10.0000,false,1,
693493104821,false,GOOD PHARM - תומך אלסטי לפרק כף היד מידה L,,,GOOD PHARM - תומך אלסטי לפרק כף היד מידה L,00000,1,00000,false,12.0000,10,10.0000,false,1,
693493104838,false,"GOOD PHARM - אגד חבישה מתמתח רוחב 5 ס""מ",,,"GOOD PHARM - אגד חבישה מתמתח רוחב 5 ס""מ",00000,1,00000,false,0.0000,7.9,7.9000,false,1,
693493104845,false,"GOOD PHARM - אגד חבישה מתמתח רוחב 7 ס""מ",,,"GOOD PHARM - אגד חבישה מתמתח רוחב 7 ס""מ",00000,1,00000,false,0.0000,8.9,8.9000,false,1,
693493104852,false,"GOOD PHARM - אגד חבישה מתמתח רוחב 10 ס""מ",,,"GOOD PHARM - אגד חבישה מתמתח רוחב 10 ס""מ",00000,1,00000,false,0.0000,10,10.0000,false,1,
693493104951,false,GOOD PHARM - צמר גפן דיסקיות מארז שלישייה 80X3 יח',,,GOOD PHARM - צמר גפן דיסקיות מארז שלישייה 80X3 יח',00000,1,00000,false,8.0000,14.9,14.9000,false,1,
693493104968,false,GOOD PHARM - צמר גפן דיסקיות 80 יח' באריזה,,,GOOD PHARM - צמר גפן דיסקיות 80 יח' באריזה,00000,1,00000,false,30.0000,6,6.0000,false,1,
693493104975,false,GOOD PHARM - צמר גפן כדורים,,,GOOD PHARM - צמר גפן כדורים,00000,1,00000,false,24.0000,6,6.0000,false,1,
693493105019,false,GOOD PHARM - כפפת רחצה,,,GOOD PHARM - כפפת רחצה,00000,1,00000,false,12.0000,10,10.0000,false,1,
693493105026,false,GOOD PHARM - ספוג רחצה מלבני,,,GOOD PHARM - ספוג רחצה מלבני,00000,1,00000,false,12.0000,10,10.0000,false,1,
693493105033,false,GOOD PHARM - ספוג רחצה עגול,,,GOOD PHARM - ספוג רחצה עגול,00000,1,00000,false,12.0000,10,10.0000,false,1,
693493105071,false,GOOD PHARM - סינרים חד פעמיים אריזה 12 יח',,,GOOD PHARM - סינרים חד פעמיים אריזה 12 יח',00000,1,00000,false,24.0000,10,10.0000,false,1,
693493105088,false,GOOD PHARM - מארז שלישייה נייר טואלט לח נשטפים באסלה 48*3 יח',,,GOOD PHARM - מארז שלישייה נייר טואלט לח נשטפים באסלה 48*3 יח',00000,1,00000,false,12.0000,10,10.0000,false,1,
693493105095,false,GOOD PHARM - מפריד אצבעות רגליים,,,GOOD PHARM - מפריד אצבעות רגליים,00000,1,00000,false,0.0000,10,10.0000,false,1,
693493105101,false,GOOD PHARM - סכיני גילוח שקית 10 יח',,,GOOD PHARM - סכיני גילוח שקית 10 יח',00000,1,00000,false,25.0000,10,10.0000,false,1,
693493105118,false,GOOD PHARM - סכיני גילוח 5 יח',,,GOOD PHARM - סכיני גילוח 5 יח',00000,1,00000,false,25.0000,10,10.0000,false,1,
693493105125,false,מגרדת ומשייף דו-צדדי GOOD,,,מגרדת ומשייף דו-צדדי GOOD,00000,1,00000,false,0.0000,10,10.0000,false,1,
693493105217,false,GOOD PHARM - ערכה ביתית לבדיקת ביוץ,,,GOOD PHARM - ערכה ביתית לבדיקת ביוץ,00000,1,00000,false,0.0000,29.9,29.9000,false,1,
693493105255,false,GOOD PHARM - כדוריות סבון לאסלה לימון רענן,,,GOOD PHARM - כדוריות סבון לאסלה לימון רענן,00000,1,00000,false,24.0000,10,10.0000,false,1,
693493105262,false,GOOD PHARM - כדוריות סבון לאסלה בריזת אוקיינוס,,,GOOD PHARM - כדוריות סבון לאסלה בריזת אוקיינוס,00000,1,00000,false,24.0000,10,10.0000,false,1,
693493105385,false,GOOD PHARM - ויטמין C לילדים,,,GOOD PHARM - ויטמין C לילדים,00000,1,00000,false,20.0000,39.9,39.9000,true,1,
693493105408,false,GOOD PHARM - מסיר לק ללא אציטון,,,GOOD PHARM - מסיר לק ללא אציטון,00000,1,00000,false,12.0000,10,10.0000,false,1,
693493105415,false,GOOD PHARM - מחית פאוץ תפוחי עץ ובננות,,,GOOD PHARM - מחית פאוץ תפוחי עץ ובננות,00000,1,00000,false,12.0000,3.9,3.9000,false,1,
693493105422,false,GOOD PHARM - מחית פאוץ תפוחי עץ,,,GOOD PHARM - מחית פאוץ תפוחי עץ,00000,1,00000,false,12.0000,3.9,3.9000,false,1,
693493105439,false,GOOD PHARM - קיסמי מברשת סיליקון לשיניים,,,GOOD PHARM - קיסמי מברשת סיליקון לשיניים,00000,1,00000,false,0.0000,10,10.0000,false,1,
693493105446,false,GOOD PHARM - מברשת רחצה לאזור הגב,,,GOOD PHARM - מברשת רחצה לאזור הגב,00000,1,00000,false,12.0000,19.9,19.9000,false,1,
693493105477,false,GOOD PHARM - כדורי רחצה גווני ירוק,,,GOOD PHARM - כדורי רחצה גווני ירוק,00000,1,00000,false,0.0000,10,10.0000,false,1,
693493105484,false,GOOD PHARM - כדורי רחצה גווני סגול,,,GOOD PHARM - כדורי רחצה גווני סגול,00000,1,00000,false,0.0000,10,10.0000,false,1,
693493105491,false,GOOD PHARM - כדורי רחצה גווני ורוד,,,GOOD PHARM - כדורי רחצה גווני ורוד,00000,1,00000,false,0.0000,10,10.0000,false,1,
693493105507,false,GOOD PHARM - כדורי רחצה גווני כחול,,,GOOD PHARM - כדורי רחצה גווני כחול,00000,1,00000,false,0.0000,10,10.0000,false,1,
693493105514,false,GOOD PHARM - כדורי רחצה גווני חול,,,GOOD PHARM - כדורי רחצה גווני חול,00000,1,00000,false,0.0000,10,10.0000,false,1,
693493105521,false,GOOD PHARM - ערכת עזרה ראשונה לבן,,,GOOD PHARM - ערכת עזרה ראשונה לבן,00000,1,00000,false,0.0000,14.9,14.9000,false,1,
693493105569,false,GOOD PHARM - קוביית ליטוש מקצועית,,,GOOD PHARM - קוביית ליטוש מקצועית,00000,1,00000,false,0.0000,10,10.0000,false,1,
693493105576,false,GOOD PHARM - פצירת מתכת מקצועית,,,GOOD PHARM - פצירת מתכת מקצועית,00000,1,00000,false,0.0000,11.9,11.9000,false,1,
693493105583,false,GOOD PHARM - מברשת נצמדת לניקוי בקבוקים ופטמות,,,GOOD PHARM - מברשת נצמדת לניקוי בקבוקים ופטמות,00000,1,00000,false,12.0000,14.9,14.9000,false,1,
693493105606,false,GOOD PHARM - מסיר לק ריחני בניחוח תות,,,GOOD PHARM - מסיר לק ריחני בניחוח תות,00000,1,00000,false,12.0000,10,10.0000,false,1,
693493105613,false,GOOD PHARM - קיסמי שיניים דו צדדיים עם מברשת,,,GOOD PHARM - קיסמי שיניים דו צדדיים עם מברשת,00000,1,00000,false,0.0000,10,10.0000,false,1,
693493105620,false,GOOD PHARM - קיסמי שיניים משולבים עם חוט דנטלי 30 יח',,,GOOD PHARM - קיסמי שיניים משולבים עם חוט דנטלי 30 יח',00000,1,00000,false,0.0000,10,10.0000,false,1,
693493105637,false,GOOD PHARM - מספריים לשיער,,,GOOD PHARM - מספריים לשיער,00000,1,00000,false,0.0000,19.9,19.9000,false,1,
693493105644,false,GOOD PHARM - רצועות שעווה לפנים שמן שקדים,,,GOOD PHARM - רצועות שעווה לפנים שמן שקדים,00000,1,00000,false,12.0000,10,10.0000,false,1,
693493105651,false,GOOD PHARM - רצועות שעווה לגוף אלוורה,,,GOOD PHARM - רצועות שעווה לגוף אלוורה,00000,1,00000,false,12.0000,10,10.0000,false,1,
693493105668,false,GOOD PHARM - רצועות שעווה לפנים אלוורה,,,GOOD PHARM - רצועות שעווה לפנים אלוורה,00000,1,00000,false,12.0000,10,10.0000,false,1,
693493105675,false,GOOD PHARM - מגרדת לעור כף הרגל עם מיכל נשלף,,,GOOD PHARM - מגרדת לעור כף הרגל עם מיכל נשלף,00000,1,00000,false,0.0000,19.9,19.9000,false,1,
693493105682,false,GOOD PHARM - משייף דו צדדי לכף הרגל,,,GOOD PHARM - משייף דו צדדי לכף הרגל,00000,1,00000,false,0.0000,24.9,24.9000,false,1,
693493105699,false,GOOD PHARM - פצירה רחבה לכף הרגל,,,GOOD PHARM - פצירה רחבה לכף הרגל,00000,1,00000,false,0.0000,10,10.0000,false,1,
693493105705,false,GOOD PHARM - מגרדת לעור כף הרגל,,,GOOD PHARM - מגרדת לעור כף הרגל,00000,1,00000,false,0.0000,14.9,14.9000,false,1,
693493105712,false,GOOD PHARM - ערכת הריון פרימיום,,,GOOD PHARM - ערכת הריון פרימיום,00000,1,00000,false,80.0000,19.9,19.9000,false,1,
693493105736,false,GOOD PHARM - ערכת ביתית לבדיקת הריון מארז זוג,,,GOOD PHARM - ערכת ביתית לבדיקת הריון מארז זוג,00000,1,00000,false,89.0000,24.9,24.9000,false,1,
693493105743,false,GOOD PHARM - מד חום חיות גמיש,,,GOOD PHARM - מד חום חיות גמיש,00000,1,00000,false,0.0000,14.9,14.9000,false,1,
693493105774,false,GOOD PHARM - כדורי רחצה גווני אפור,,,GOOD PHARM - כדורי רחצה גווני אפור,00000,1,00000,false,30.0000,10,10.0000,false,1,
714324204104,false,"24 קאראט לגבר 100 מ""ל א.ד.ט",,,"24 קאראט לגבר 100 מ""ל א.ד.ט",00000,1,00000,false,0.0000,219,219.0000,false,1,
714324800207,false,"חלומות מתוקים לאישה א.ד.פ 100 מ""ל",,,"חלומות מתוקים לאישה א.ד.פ 100 מ""ל",00000,1,00000,false,0.0000,229,229.0000,false,1,
714324901287,false,"גולדן אלמנטס לגבר 100 מ""ל או דה פארפיום",,,"גולדן אלמנטס לגבר 100 מ""ל או דה פארפיום",00000,1,00000,false,0.0000,249,249.0000,false,1,
714324901294,false,"גולדן אלמנטס לאישה 100 מ""ל או דו פארפיום",,,"גולדן אלמנטס לאישה 100 מ""ל או דו פארפיום",00000,1,00000,false,0.0000,279,279.0000,false,1,
719346065405,false,"פנטזי אדפ לאישה 100 מ""ל - בריטני ספירס",בריטני ספירס BRITNEY SPEARS,,"פנטזי אדפ לאישה 100 מ""ל - בריטני ספירס",00000,1,00000,false,0.0000,94.9,94.9000,false,1,
719346094665,false,"מידנייט פנטזי אדפ לאישה 100 מ""ל - בריטני ספירס",,,"מידנייט פנטזי אדפ לאישה 100 מ""ל - בריטני ספירס",00000,1,00000,false,0.0000,89,89.0000,false,1,
720140232139,false,"בקבוקון למילוי בושם 5 מ""ל - צבע כחול",,,"בקבוקון למילוי בושם 5 מ""ל - צבע כחול",00000,1,00000,false,12.0000,14.9,14.9000,false,1,
720140232146,false,"בקבוקון למילוי בושם 5 מ""ל - צבע וורוד",,,"בקבוקון למילוי בושם 5 מ""ל - צבע וורוד",00000,1,00000,false,12.0000,14.9,14.9000,false,1,
720140232153,false,"בקבוקון למילוי בושם 5 מ""ל - צבע זהב",,,"בקבוקון למילוי בושם 5 מ""ל - צבע זהב",00000,1,00000,false,12.0000,14.9,14.9000,false,1,
720140232160,false,"בקבוקון למילוי בושם 5 מ""ל - צבע כסף",,,"בקבוקון למילוי בושם 5 מ""ל - צבע כסף",00000,1,00000,false,12.0000,14.9,14.9000,false,1,
720140232177,false,"בקבוקון למילוי בושם 5 מ""ל - צבע שחור",,,"בקבוקון למילוי בושם 5 מ""ל - צבע שחור",00000,1,00000,false,12.0000,14.9,14.9000,false,1,
737052189857,false,גוצ'י בי גוצ'י ג.אדט90,,,גוצ'י בי גוצ'י ג.אדט90,00000,1,00000,false,0.0000,290,290.0000,false,1,
737052972305,false,בוס דה סנט ג.אדט100,,,בוס דה סנט ג.אדט100,00000,1,00000,false,0.0000,199.9,199.9000,false,1,
812256020301,false,"אריאנה גראנדה אריי א.ד.פ 100 מ""ל",,,"אריאנה גראנדה אריי א.ד.פ 100 מ""ל",00000,1,00000,false,0.0000,169,169.0000,false,1,
812256021711,false,"אריאנה גראנדה סוויט לייק קנדי א.ד.פ 100 מ""ל",,,"אריאנה גראנדה סוויט לייק קנדי א.ד.פ 100 מ""ל",00000,1,00000,false,0.0000,169,169.0000,false,1,
841058006633,false,"אדג' ג'יל גילוח מועשר בשיבולת שועל 198 מ""ל",,US,"אדג' ג'יל גילוח מועשר בשיבולת שועל 198 מ""ל",00000,1,00000,false,6.0000,13.9,13.9000,false,1,
842503126609,false,תיק איפור שקוף זוגי שחור T00305,,,תיק איפור שקוף זוגי שחור T00305,00000,1,00000,false,0.0000,29.9,29.9000,false,1,
842503126784,false,תיק איפור שקוף זוגי תכלת T00305,,,תיק איפור שקוף זוגי תכלת T00305,00000,1,00000,false,0.0000,29.9,29.9000,false,1,
842503128061,false,תיק רחצה 2 קומות הולוגרמה T00306,,,תיק רחצה 2 קומות הולוגרמה T00306,00000,1,00000,false,0.0000,29.9,29.9000,false,1,
849803037796,false,E21-59 בובת פופ מס'21*********** (H-19),,,E21-59 בובת פופ מס'21*********** (H-19),00000,1,00000,false,1.0000,39.9,39.9000,false,1,
849803038731,false,E21-59 בובת פופ מס' 16*********** (I-19),,,E21-59 בובת פופ מס' 16*********** (I-19),00000,1,00000,false,1.0000,39.9,39.9000,false,1,
849803058487,false,E21-59 בובת פופ מס' 47************ (G-19),,,E21-59 בובת פופ מס' 47************ (G-19),00000,1,00000,false,1.0000,39.9,39.9000,false,1,
849803058531,false,E21-59 בובת פופ מס' 53*********** (J-6),,,E21-59 בובת פופ מס' 53*********** (J-6),00000,1,00000,false,1.0000,39.9,39.9000,false,1,
889698123112,false,E21-59 בובת פופ מס' 189******** (I-20),,,E21-59 בובת פופ מס' 189******** (I-20),00000,1,00000,false,1.0000,39.9,39.9000,false,1,
889698134316,false,E21-59 בובת פופ מס' 422 *********** (J-21),,,E21-59 בובת פופ מס' 422 *********** (J-21),00000,1,00000,false,1.0000,39.9,39.9000,false,1,
889698147200,false,E21-59 בובת פופ מס' 184 *********** (J-19),,,E21-59 בובת פופ מס' 184 *********** (J-19),00000,1,00000,false,1.0000,39.9,39.9000,false,1,
889698348423,false,E21-59 בובת פופ מס' 432********** (F-15),,,E21-59 בובת פופ מס' 432********** (F-15),00000,1,00000,false,1.0000,39.9,39.9000,false,1,
889698363419,false,E21-59 בובת פופ מס' 425 קפטן מארוול מסכה *** (J-20),,,E21-59 בובת פופ מס' 425 קפטן מארוול מסכה *** (J-20),00000,1,00000,false,1.0000,39.9,39.9000,false,1,
1264516476486,false,סביבון פיקאצ'ו,,,סביבון פיקאצ'ו,00000,1,00000,false,12.0000,14.9,14.9000,false,1,
2348568796781,false,סביבון פו כדור,,,סביבון פו כדור,00000,1,00000,false,12.0000,14.9,14.9000,false,1,
2466450000034,false,בובת מניונים לתליה,,,בובת מניונים לתליה,00000,1,00000,false,12.0000,25,25.0000,false,1,
3014230021404,false,"ברוט - דאודורנט ספריי לגבר קלאסי 200 מ""ל",,,"ברוט - דאודורנט ספריי לגבר קלאסי 200 מ""ל",00000,1,00000,false,0.0000,13.9,13.9000,false,1,
3014260243531,false,ג'ילט מאך 3 סכינים 4 יח',פרוקטר אנד גמבל,,ג'ילט מאך 3 סכינים 4 יח',00000,1,00000,false,10.0000,24.9,24.9000,false,1,
3014260246693,false,ונוס 2 חד פעמי 4 סכינים,Unknown,,ג'ילט 'סימפלי ונוס *4,00000,1,00000,false,12.0000,10,10.0000,false,1,
3014260287030,false,גילט בלו ח.פעמי חמישייה,פרוקטר אנד גמבל,MD,גילט בלו ח.פעמי חמישייה,00000,1,00000,false,24.0000,10,10.0000,false,1,
3045140280902,false,מילקה - שוקולד עם צימוקים ואגוזים 100 גרם,מונדלייז,DE,מילקה - שוקולד עם צימוקים ואגוזים 100 גרם,00000,1,00000,false,22.0000,6.9,6.9000,true,1,
3045200760009,false,"דזיטול נוזל מחטא בגדים בכביסה 500 מ""ל",,,"דזיטול נוזל מחטא בגדים בכביסה 500 מ""ל",00000,1,00000,false,0.0000,11.9,11.9000,false,1,
3045206312257,false,דזיטול מגבונים לחיטוי כללי 36 יחידות,יעקבי - דזיטול Desytol,ES,דזיטול מגבונים לחיטוי כללי 36 יחידות,00000,1,00000,false,0.0000,10,10.0000,true,1,
3045206360609,false,"דזיטול נוזל מחטא בגדים בכביסה, 1 ליטר",רלוי,,דזיטול נוזל מחטא בגדים בכביסה 1 ליטר,00000,1,00000,false,0.0000,21.9,21.9000,false,1,
3059943015128,false,מבשם אוויר נטול גז אקווה מיסט בניחוח לבנדר פראי ואוויר הרים,הדקלאים אגודת שיתופי,PL,"איירויק נטול גז לבנדר פראי 345 מ""ל",00000,1,00000,false,0.0000,11.9,11.9000,false,1,
3059944021197,false,"ויט קרם הסרת שיער לעור רגיש - 400 מ""ל",רקיט בנקיזר,FR,"veet קרם להסרת שיער לעור רגיש, 400 מ""ל",00000,1,00000,false,5.0000,49.9,49.9000,false,1,
3059944022415,false,רצועות שעווה מוכנות לשימוש מועשרת בתמציות ובניחוח ורדים,רקיט בנקיזר,FR,Veet רצועות שעווה ארומטיק (10 יח'),00000,1,00000,false,6.0000,19.9,19.9000,false,1,
3141360054405,false,פיניש מפיץ ריח למדיח בניחוח לימון וליים,הדקלאים אגודת שיתופי,PL,פיניש מפיץ ריח לימון,00000,1,00000,false,20.0000,12.9,12.9000,false,1,
3145891071801,false,"שאנל בלו פרפיום* (ג) 100 מ""ל",,,"שאנל בלו פרפיום* (ג) 100 מ""ל",00000,1,00000,false,0.0000,669,669.0000,false,1,
3145891074604,false,שאנל בלו (ג) א.ד.ט 100 מ''ל,,,שאנל בלו (ג) א.ד.ט 100 מ''ל,00000,1,00000,false,0.0000,479,479.0000,false,1,
3168930011361,false,לייס - חטיפי תפוח אדמה בטעם ברביקיו 170 גרם,,,לייס - חטיפי תפוח אדמה בטעם ברביקיו 170 גרם,00000,1,00000,false,15.0000,13.9,13.9000,false,1,
3168930162544,false,לייס - חטיפי תפוח אדמה בטעם גבינת אמנטל 170 גרם,,,לייס - חטיפי תפוח אדמה בטעם גבינת אמנטל 170 גרם,00000,1,00000,false,15.0000,13.9,13.9000,false,1,
3274872372153,false,L'INTERDIT GIVENCHY EDP,,,L'INTERDIT GIVENCHY EDP,00000,1,00000,false,0.0000,399.9,399.9000,false,1,
3274872395503,false,"פאי אדט לגבר 100 מ""ל - ג'יבנשי",,,"פאי אדט לגבר 100 מ""ל - ג'יבנשי",00000,1,00000,false,0.0000,189.9,189.9000,false,1,
3274872404182,false,"קנזו בי פלוור (א) אדפ 100 מ""ל",,,"קנזו בי פלוור (א) אדפ 100 מ""ל",00000,1,00000,false,0.0000,219.9,219.9000,false,1,
3348900012219,false,"דיור פרהנייט א.ד.ט 100 מ""ל",,,"דיור פרהנייט א.ד.ט 100 מ""ל",00000,1,00000,false,0.0000,349.9,349.9000,false,1,
3348901368247,false,"דיור סוואג' א.ד.פ 100 מ""ל",,,"דיור סוואג' א.ד.פ 100 מ""ל",00000,1,00000,false,0.0000,469.9,469.9000,false,1,
3348901428545,false,"דיור סוואג' א.ד.פ 200 מ""ל",,,"דיור סוואג' א.ד.פ 200 מ""ל",00000,1,00000,false,0.0000,659,659.0000,false,1,
3348901486385,false,"דיור סוואג' *פרפיום 100 מ""ל",,,"דיור סוואג' *פרפיום 100 מ""ל",00000,1,00000,false,0.0000,529,529.0000,false,1,
3349666007921,false,וואן מיליון One Million א.ד.ט לגבר,פאקו רבאן Paco Rabanne,,PR.1MILLION EDT 100ML,00000,1,00000,false,0.0000,199,199.0000,false,1,
3349668515660,false,"אינוויקטוס Invictus א.ד.ט לגבר 100 מ""ל",פאקו רבאן Paco Rabanne,,INVICTUS EDT 100ML,00000,1,00000,false,0.0000,219.9,219.9000,false,1,
3349668528677,false,OLYMPEA EDP 80 ML,,,OLYMPEA EDP 80 ML,00000,1,00000,false,0.0000,235,235.0000,false,1,
3349668562671,false,"וואן מיליון לאקי אדט לגבר 100 מ""ל - פאקו רבן",,,"וואן מיליון לאקי אדט לגבר 100 מ""ל - פאקו רבן",00000,1,00000,false,0.0000,230,230.0000,false,1,
3349668566372,false,PR.1MILLION EDT 200ML,,,PR.1MILLION EDT 200ML,00000,1,00000,false,0.0000,279.9,279.9000,false,1,
3349668568093,false,"אולימפייה א.אדפ50 מ""ל",,,"אולימפייה א.אדפ50 מ""ל",00000,1,00000,false,0.0000,219,219.0000,false,1,
3349668579839,false,PR 1MPARFUM EDP 100ML,,,PR 1MPARFUM EDP 100ML,00000,1,00000,false,12.0000,239.9,239.9000,false,1,
3349668588718,false,PR OLYMPEA BLOSSOM EDP 80ML,,,PR OLYMPEA BLOSSOM EDP 80ML,00000,1,00000,false,0.0000,349.9,349.9000,false,1,
3349668594412,false,PACO RABANNE - FAME EDP 80ML WOMEN,,,PACO RABANNE - FAME EDP 80ML WOMEN,00000,1,00000,false,1.0000,450,450.0000,true,1,
3355991002319,false,בוגארט (ג) סילבר סנט אדט 100מל,,,בוגארט (ג) סילבר סנט אדט 100מל,00000,1,00000,false,0.0000,89.9,89.9000,true,1,
3355991003019,false,"סילבר סנט אינטנס אדט לגבר 100 מ""ל - בוגארט",ג'קוס בוגרט JACQUES BOGART,,"סילבר סנט אינטנס אדט לגבר 100 מ""ל - בוגארט",00000,1,00000,false,0.0000,89,89.0000,true,1,
3355991004597,false,בוגארט (ג) סילבר סנט דיפ אדט 100מל,,,בוגארט (ג) סילבר סנט דיפ אדט 100מל,00000,1,00000,false,0.0000,89.9,89.9000,false,1,
3360372012825,false,"פולו אדט 118 מ""ל",,,"פולו אדט 118 מ""ל",00000,1,00000,false,0.0000,290,290.0000,false,1,
3360372058878,false,אקווה דה ג'יו ג.אדט100,,,אקווה דה ג'יו ג.אדט100,00000,1,00000,false,1.0000,299,299.0000,false,1,
3386460032681,false,"לג'נד אדט לגבר 100 מ""ל - מונט בלאנק",מונט בלנק MONT BLANC,,"לג'נד אדט לגבר 100 מ""ל - מונט בלאנק",00000,1,00000,false,0.0000,139.9,139.9000,false,1,
3386460066181,false,מונבלאנק אמבלם ליידי א.75,,,מונבלאנק אמבלם ליידי א.75,00000,1,00000,false,0.0000,149.9,149.9000,false,1,
3386460074797,false,"לג'נד אדט לגבר 200 מ""ל - מונט בלאנק",,,"לג'נד אדט לגבר 200 מ""ל - מונט בלאנק",00000,1,00000,false,0.0000,199,199.0000,true,1,
3386460076388,false,"רושאס Rochas א.ד.ט לגבר 100 מ""ל",רושאס Rochas,,רושאס (ג) אדט 100מל,00000,1,00000,false,0.0000,120,120.0000,true,1,
3386460078870,false,ג'ימי צ'ו אינטנס ג.אדט100,,,ג'ימי צ'ו אינטנס ג.אדט100,00000,1,00000,false,0.0000,179,179.0000,false,1,
3386460081016,false,"רושאס מדמוזל א.ד.פ 90 מ""ל",,,"רושאס מדמוזל א.ד.פ 90 מ""ל",00000,1,00000,false,0.0000,169.9,169.9000,false,1,
3386460101035,false,"מון בלאן אקספלורר אדפ 100 מ""ל לגבר",,,"מון בלאן אקספלורר אדפ 100 מ""ל לגבר",00000,1,00000,false,0.0000,189,189.0000,false,1,
3386460113588,false,"מונט בלאנק סיגנצ'ר א.ד.פ 90 מ""ל",,,"מונט בלאנק סיגנצ'ר א.ד.פ 90 מ""ל",00000,1,00000,false,0.0000,199.9,199.9000,false,1,
3412241210204,false,"אדידס ג.אדט VICTORY 100 מ""ל",,,"אדידס ג.אדט VICTORY 100 מ""ל",00000,1,00000,false,12.0000,27.9,27.9000,false,1,
3412242610089,false,"אדידס אייס דייב, 100 מ""ל",,,"אדידס אייס דייב, 100 מ""ל",00000,1,00000,false,12.0000,27.9,27.9000,false,1,
3414202000572,false,"קול ווטר Cool Water לגבר א.ד.ט 125 מ""ל",דווידוף Davidoff,,דוידוף קול ווטר אדט 125מל,00000,1,00000,false,0.0000,89.9,89.9000,false,1,
3414202011752,false,"קול ווטר Cool Water לאישה א.ד.ט 100 מ""ל",דווידוף Davidoff,,דוידוף קול ווטר אדט 100מל,00000,1,00000,false,0.0000,99.9,99.9000,false,1,
3414204200949,false,"SCULPTURE ניקוס א.ד.ט לגבר 100 מ""ל",סקלפצ'ר SCULPTURE,,סקלפצ'ר (ג) אדט 100מל,00000,1,00000,false,0.0000,79,79.0000,true,1,
3414206000608,false,"ג'ופ (יופ!) הום (ג) א.ד.ט 125 מ""ל",,,"ג'ופ (יופ!) הום (ג) א.ד.ט 125 מ""ל",00000,1,00000,false,0.0000,79.9,79.9000,false,1,
3423222015763,false,"דה וואן גולד אדפ לאישה 75 מ""ל",,,"דה וואן גולד אדפ לאישה 75 מ""ל",00000,1,00000,false,0.0000,349.9,349.9000,false,1,
3423470890129,false,"נרסיסו רודריגז אדפ לאישה 100 מ""ל - נרסיסו רודריגז",,,"נרסיסו רודריגז אדפ לאישה 100 מ""ל - נרסיסו רודריגז",00000,1,00000,false,0.0000,259.9,259.9000,false,1,
3423473020233,false,"לייט בלו אדט לאישה 100 מ""ל - דולצ'ה וגבאנה",,,"לייט בלו אדט לאישה 100 מ""ל - דולצ'ה וגבאנה",00000,1,00000,false,0.0000,229.9,229.9000,false,1,
3423473020516,false,"לייט בלו אדט לגבר 125 מ""ל - דולצ'ה וגבאנה",,,"לייט בלו אדט לגבר 125 מ""ל - דולצ'ה וגבאנה",00000,1,00000,false,0.0000,199.9,199.9000,false,1,
3423473020615,false,"דולצ'ה גאבנה לימפרטריס א.ד.ט 100 מ""ל",,,"דולצ'ה גאבנה לימפרטריס א.ד.ט 100 מ""ל",00000,1,00000,false,0.0000,129.9,129.9000,false,1,
3423473020691,false,"פור פאם אינטנס אדפ לאישה 100 מ""ל - דולצ'ה וגבאנה",,,"פור פאם אינטנס אדפ לאישה 100 מ""ל - דולצ'ה וגבאנה",00000,1,00000,false,0.0000,320,320.0000,false,1,
3423473021209,false,"דה וואן אדט לגבר 100 מ""ל - דולצ'ה וגבאנה",,,"דה וואן אדט לגבר 100 מ""ל - דולצ'ה וגבאנה",00000,1,00000,false,0.0000,199.9,199.9000,false,1,
3423473021407,false,"דה וואן רויאל נייט אדפ לגבר 150 מ""ל - דולצ'ה וגבאנה",,,"דה וואן רויאל נייט אדפ לגבר 150 מ""ל - דולצ'ה וגבאנה",00000,1,00000,false,0.0000,289.9,289.9000,false,1,
3423474891856,false,זדיג&וולטיר דיס א.אדפ100,,,זדיג&וולטיר דיס א.אדפ100,00000,1,00000,false,0.0000,219,219.0000,true,1,
3423478515956,false,"פיור מאסק אדפ לאישה 100 מ""ל - נרסיסו רודריגז",,,"פיור מאסק אדפ לאישה 100 מ""ל - נרסיסו רודריגז",00000,1,00000,false,0.0000,275,275.0000,false,1,
3423478818750,false,"נרסיסו רודריגז פלור מאסק א.ד.פ 100 מ""ל",,,"נרסיסו רודריגז פלור מאסק א.ד.פ 100 מ""ל",00000,1,00000,false,0.0000,279.9,279.9000,false,1,
3423478840652,false,"נרסיסו פודרה (א) אדפ 90מ""ל",,,"נרסיסו פודרה (א) אדפ 90מ""ל",00000,1,00000,false,0.0000,265,265.0000,false,1,
3423478844858,false,"נרסיסו רוג' אדפ לאישה 90 מ""ל - נרסיסו רודריגז",,,"נרסיסו רוג' אדפ לאישה 90 מ""ל - נרסיסו רודריגז",00000,1,00000,false,0.0000,269.9,269.9000,false,1,
3508441104662,false,"אוונטוס אדפ לאישה 75 מ""ל - קריד",,,"אוונטוס אדפ לאישה 75 מ""ל - קריד",00000,1,00000,false,0.0000,999,999.0000,false,1,
3516640917112,false,"פרנק אוליבייר בלאק טאץ 100 מ""ל",,,"פרנק אוליבייר בלאק טאץ 100 מ""ל",00000,1,00000,false,0.0000,99.9,99.9000,false,1,
3516641317317,false,"פרנק אוליבייר אוד טאץ אדפ 100 מ""ל",,,"פרנק אוליבייר אוד טאץ אדפ 100 מ""ל",00000,1,00000,false,0.0000,99.9,99.9000,false,1,
3516641717315,false,"פרנק אוליבייר אוד ונילה 100 מ""ל",,,"פרנק אוליבייר אוד ונילה 100 מ""ל",00000,1,00000,false,0.0000,99.9,99.9000,false,1,
3562700373084,false,"יגואר כחול אדט לגבר 100 מ""ל - יגואר",יגואר Jaguar,,"יגואר כחול אדט לגבר 100 מ""ל - יגואר",00000,1,00000,false,0.0000,59,59.0000,false,1,
3574660239829,false,ניוטרגינה ס.נורבגית קרם ידיים קל 75מל,ניוטרוג'ינה Neutrogena,FR,ניוטרגינה ס.נורבגית קרם ידיים קל 75מל,00000,1,00000,false,6.0000,19.9,19.9000,false,1,
3574660244168,false,או בה מיני 16 יחי',,,או בה מיני 16 יחי',00000,1,00000,false,24.0000,10,10.0000,false,1,
3574660270952,false,נוטרגינה ס.נורבגית קרם ידיים קל 50מל,,,נוטרגינה ס.נורבגית קרם ידיים קל 50מל,00000,1,00000,false,6.0000,19.9,19.9000,false,1,
3574660389128,false,"שטיפת ליסטרין 500 מ""ל קוול מנת",,,"ליסטרין קולמינט כחול 500 מ""ל",00000,1,00000,false,6.0000,15.9,15.9000,true,1,
3574660389142,false,"ליסטרין מי פה ירוק פרש בורסט 500 מ""ל",,,"ליסטרין פרש מינט 500 מ""ל",00000,1,00000,false,6.0000,15.9,15.9000,true,1,
3574660412277,false,נוטרגינה ס.נורבגית קרם ידיים קל 75מל,,,נוטרגינה ס.נורבגית קרם ידיים קל 75מל,00000,1,00000,false,6.0000,19.9,19.9000,false,1,
3574660415506,false,"שטיפת ליסטרין 500 מ""ל טוטל קיר",,,"ליסטרין טוטאל קר סגול 500 מ""ל",00000,1,00000,false,6.0000,15.9,15.9000,true,1,
3574660520132,false,ליסטרין מי פה קולמינט 1 ליטר-מרכז,גונסון אנד גונסון,IT,ליסטרין - מי פה מנטה מרענן 1 ליטר,00000,1,00000,false,6.0000,24.9,24.9000,false,1,
3574660569759,false,"ניוטרוג'ינה - תרחיץ פנים במשאבה אשכולית ורודה 200מ""ל",CILAG GMBH INTERNATI,GR,"ניוטרוג'ינה - תרחיץ פנים במשאבה אשכולית ורודה 200מ""ל",00000,1,00000,false,6.0000,39.9,39.9000,false,1,
3574661098531,false,ניוטרוגינה תחליב גוף מועשר לעור יבש/רגיש,ניוטרוג'ינה Neutrogena,GR,ניוטרוגינה תחליב גוף מועשר לעור יבש/רגיש,00000,1,00000,false,12.0000,24.9,24.9000,true,1,
3574661135601,false,ליסטרין - מי פה קול מינט 1 ליטר,גונסון אנד גונסון,IT,ליסטרין - מי פה קול מינט 1 ליטר,00000,1,00000,false,6.0000,24.9,24.9000,false,1,
3574661226491,false,ליסטרין - מי פה טוטאל קר 1 ליטר,גונסון אנד גונסון,IT,ליסטרין - מי פה טוטאל קר 1 ליטר,00000,1,00000,false,6.0000,24.9,24.9000,false,1,
3574661245409,false,"קלין & קליר - קרם ניקוי עמוק 150 מ""ל",קלין אנד קליר Clean & clear,,"קלין & קליר - קרם ניקוי עמוק 150 מ""ל",00000,1,00000,false,6.0000,29.9,29.9000,false,1,
3574661301563,false,או בה (ס) נורמל נייט 56 יח' FLEXIA,,,או בה (ס) נורמל נייט 56 יח' FLEXIA,00000,1,00000,false,5.0000,24.9,24.9000,false,1,
3574661321394,false,או בה (ס) נורמל אורגינל 64 יח',,,או בה (ס) נורמל אורגינל 64 יח',00000,1,00000,false,9.0000,24.9,24.9000,false,1,
3574661322629,false,או בה (ס) מיני 56 יח' פרוקומפורט,,,או בה (ס) מיני 56 יח' פרוקומפורט,00000,1,00000,false,5.0000,24.9,24.9000,false,1,
3574661322636,false,או בה (ס) נורמל 56 יח' פרוקומפורט,,,או בה (ס) נורמל 56 יח' פרוקומפורט,00000,1,00000,false,10.0000,24.9,24.9000,false,1,
3574661391373,false,הידרו בוסט תחליב קרם ג'ל גוף לעור רגיל עד יבש,ניוטרוג'ינה Neutrogena,,"ניוטרוגינה תחליב גוף הידרו בוסט, 400 מ""ל",00000,1,00000,false,12.0000,24.9,24.9000,true,1,
3574661392486,false,"ניוטרוגינה קרם ידיים הידרו בוסט 75 מ""ל",ניוטרוג'ינה Neutrogena,,"ניוטרוגינה קרם ידיים הידרו בוסט 75 מ""ל",00000,1,00000,false,6.0000,24.9,24.9000,true,1,
3574661392493,false,ניוטרוגינה קרם גוף הידרו בוסט 200 מייל,,,ניוטרוגינה קרם גוף הידרו בוסט 200 מייל,00000,1,00000,false,0.0000,24.9,24.9000,true,1,
3574661401102,false,"ליסטרין נייטלי ריסט 400 מ""ל",,,"ליסטרין נייטלי ריסט 400 מ""ל",00000,1,00000,false,6.0000,15.9,15.9000,false,1,
3574661404134,false,"ליסטרין - מי פה טוטאל קר 500 מ""ל",,,"ליסטרין - מי פה טוטאל קר 500 מ""ל",00000,1,00000,false,12.0000,15.9,15.9000,true,1,
3574661429328,false,קרפרי פלקסי 60 יח,,,קרפרי פלקסי 60 יח,00000,1,00000,false,48.0000,10,10.0000,false,1,
3574661458748,false,טלק גונסון 200 ג' חדש,,,טלק גונסון 200 ג' חדש,00000,1,00000,false,48.0000,10,10.0000,false,1,
3574661485614,false,קרפרי קוטון פלקסיפורם 56 יח',,,קרפרי קוטון פלקסיפורם 56 יח',00000,1,00000,false,12.0000,10,10.0000,false,1,
3574661487625,false,מגני תחתון פלוס לארג' בניחוח עדין L,הדקלאים אגודת שיתופי,IT,קרפרי מגן תחתון פלוס לארג' 48יח',00000,1,00000,false,5.0000,10,10.0000,false,1,
3574661491721,false,"ליסטרין - מי פה הלבנה 500 מ""ל",,,"ליסטרין - מי פה הלבנה 500 מ""ל",00000,1,00000,false,12.0000,15.9,15.9000,true,1,
3574661498430,false,"ניוטרוג'ינה - תרחיץ גרגירים אשכולית ורודה 150מ""ל",,,"ניוטרוג'ינה - תרחיץ גרגירים אשכולית ורודה 150מ""ל",00000,1,00000,false,6.0000,39.9,39.9000,false,1,
3574661498492,false,"ניוטרוג'ינה - תרחיץ גרגירים הדרים ואלוורה 150מ""ל",,,"ניוטרוג'ינה - תרחיץ גרגירים הדרים ואלוורה 150מ""ל",00000,1,00000,false,6.0000,39.9,39.9000,false,1,
3574661527925,false,"קרם ידיים נויטרוגנה מרוכז בניחוח 75 מ""ל",,,"קרם ידיים נויטרוגנה מרוכז בניחוח 75 מ""ל",00000,1,00000,false,6.0000,19.9,19.9000,false,1,
3574661531748,false,"ג'ונסון - מארז שמפו 750 מ""ל + 200 מ""ל",,,"ג'ונסון - מארז שמפו 750 מ""ל + 200 מ""ל",00000,1,00000,false,8.0000,19.9,19.9000,false,1,
3574661552576,false,קרפרי מגן תחתון רגיל טנגה לבן 56 יח חדש,הדקלאים אגודת שיתופי,IT,קרפרי מגן תחתון רגיל טנגה לבן 56 יח חדש,00000,1,00000,false,5.0000,10,10.0000,false,1,
3574661552804,false,קרפרי מגן תחתון אלוורה 56 יח',הדקלאים אגודת שיתופי,IT,קרפרי מגן תחתון אלוורה 56 יח',00000,1,00000,false,5.0000,10,10.0000,false,1,
3574661552811,false,קרפרי כותון אוורירי 56 יח',הדקלאים אגודת שיתופי,GR,קרפרי כותון אוורירי 56 יח',00000,1,00000,false,5.0000,10,10.0000,false,1,
3574661554877,false,מגן תחתון אוורירי מבושם,הנסיך- מפעל לייצור ט,GR,קרפרי כותון מבושם 56 יח',00000,1,00000,false,5.0000,10,10.0000,false,1,
3574661554884,false,קרפרי רגיל טנגה ריחני 56 יח' חדש,הדקלאים אגודת שיתופי,GR,קרפרי רגיל טנגה ריחני 56 יח' חדש,00000,1,00000,false,5.0000,10,10.0000,false,1,
3574661650029,false,ליסטרין שטיפת פה להגנה על החניכיים בטעם מעודן,ליסטרין Listerine,,"ליסטרין פרוטקט מנטה שקוף 500 מ""ל",00000,1,00000,false,6.0000,15.9,15.9000,true,1,
3574669907392,false,ג'ונסונס בייבי שמפו,,,שמפו גונסון + משאבה,00000,1,00000,false,12.0000,13.9,13.9000,false,1,
3574669908665,false,גונסון בייבי אל סבון לפני שינה 750 חדש,גונסון אנד גונסון,IT,גונסון בייבי אל סבון לפני שינה 750 חדש,00000,1,00000,false,12.0000,14.9,14.9000,false,1,
3574669909136,false,"שמן לתינוק גונסון 300 מ""ל",,,"ג'ונ.בייבי שמן 300 מ""ל",00000,1,00000,false,24.0000,10,10.0000,false,1,
3600520297262,false,לוריאל - מן אקספרט היידרה קרם לחות 5 ב1,,,לוריאל - מן אקספרט היידרה קרם לחות 5 ב1,00000,1,00000,false,6.0000,39.9,39.9000,false,1,
3600520772011,false,לוריאל - פודרה טרומאצ W1,,,לוריאל - פודרה טרומאצ W1,00000,1,00000,false,0.0000,55,55.0000,false,1,
3600520772028,false,לוריאל - פודרה טרומאצ C3,,,לוריאל - פודרה טרומאצ C3,00000,1,00000,false,0.0000,55,55.0000,false,1,
3600520772035,false,לוריאל - פודרה טרומאצ W3,,,לוריאל - פודרה טרומאצ W3,00000,1,00000,false,0.0000,55,55.0000,false,1,
3600520881799,false,לוריאל - מסקרה טלסקופיק שחור,לוריאל פריז L'OREAL PARIS,,לוריאל - מסקרה טלסקופיק שחור,00000,1,00000,false,0.0000,45,45.0000,false,1,
3600521114636,false,לוריאל - שפתון קולוריש 236,,,לוריאל - שפתון קולוריש 236,00000,1,00000,false,3.0000,45,45.0000,false,1,
3600521720219,false,קרם פנים לילה עם פעולה משולשת לכל סוגי העור,לוריאל Loreal,DE,לוריאל - דרמו פעולה משולשת לילה עברית,00000,1,00000,false,0.0000,44.9,44.9000,false,1,
3600522021605,false,לוריאל - מן אקספרט ויטליפט לחות 5 ב1,,,לוריאל - מן אקספרט ויטליפט לחות 5 ב1,00000,1,00000,false,6.0000,49.9,49.9000,false,1,
3600522107385,false,"לוריאל - דאודורנט לגבר מן אקספרט קרבון פרוטקט 150 מ""ל",,,"לוריאל - דאודורנט לגבר מן אקספרט קרבון פרוטקט 150 מ""ל",00000,1,00000,false,0.0000,17.9,17.9000,false,1,
3600522251750,false,לוריאל - דרמו רויטליפט לייזר עיניים,אולניי,FR,לוריאל - דרמו רויטליפט לייזר עיניים,00000,1,00000,false,0.0000,79.9,79.9000,false,1,
3600522336907,false,לוריאל - שפתון עמיד אינפליבל 111 (צרפתי),,,לוריאל - שפתון עמיד אינפליבל 111 (צרפתי),00000,1,00000,false,3.0000,59.9,59.9000,false,1,
3600522344032,false,לוריאל - אלביב מסכה טוטאל ריפר 300,,,לוריאל - אלביב מסכה טוטאל ריפר 300,00000,1,00000,false,0.0000,24.9,24.9000,false,1,
3600522368250,false,לוריאל - אקסלנס קרם 6.7 חום בהיר שוקולד,,,לוריאל - אקסלנס קרם 6.7 חום בהיר שוקולד,00000,1,00000,false,0.0000,34.9,34.9000,false,1,
3600522378051,false,לוריאל - אקסלנס קרם 6.32 חום בהיר זהוב מעודן,,,לוריאל - אקסלנס קרם 6.32 חום בהיר זהוב מעודן,00000,1,00000,false,0.0000,34.9,34.9000,false,1,
3600522550204,false,קרם אנטי-אייג'ינג יום אייג' ספשיאליסט +55,לוריאל Loreal,FR,לוריאל - דרמו אייג' ספשיאליסט קרם יום 55,00000,1,00000,false,0.0000,49.9,49.9000,false,1,
3600522626060,false,"לוריאל - דאודורנט לגבר מן אקספרט טרמיק רזיסט 150 מ""ל",,,"לוריאל - דאודורנט לגבר מן אקספרט טרמיק רזיסט 150 מ""ל",00000,1,00000,false,0.0000,17.9,17.9000,false,1,
3600522632436,false,קרם אנטי-אייג'ינג לילה אייג' ספשיאליסט +55,לוריאל Loreal,,לוריאל - דרמו אייג' ספשיאליסט קרם לילה 55,00000,1,00000,false,0.0000,49.9,49.9000,false,1,
3600522862390,false,לוריאל - מייקאפ טרומאצ N2,לוריאל פריז L'OREAL PARIS,,לוריאל - מייקאפ טרומאצ N2,00000,1,00000,false,0.0000,59.9,59.9000,false,1,
3600522862482,false,לוריאל - מייקאפ טרומאצ C2,לוריאל פריז L'OREAL PARIS,,לוריאל - מייקאפ טרומאצ C2,00000,1,00000,false,0.0000,59.9,59.9000,false,1,
3600522862499,false,לוריאל - מייקאפ טרומאצ C3,,,לוריאל - מייקאפ טרומאצ C3,00000,1,00000,false,0.0000,59.9,59.9000,false,1,
3600522862543,false,לוריאל - מייקאפ טרומאצ W3,לוריאל פריז L'OREAL PARIS,,לוריאל - מייקאפ טרומאצ W3,00000,1,00000,false,0.0000,59.9,59.9000,false,1,
3600522862550,false,לוריאל - מייקאפ טרומאצ W4,,,לוריאל - מייקאפ טרומאצ W4,00000,1,00000,false,0.0000,59.9,59.9000,false,1,
3600522943419,false,"לוריאל - דאודורנט לגבר מן אקספרט קול פאוור 150 מ""ל",,,"לוריאל - דאודורנט לגבר מן אקספרט קול פאוור 150 מ""ל",00000,1,00000,false,0.0000,17.9,17.9000,false,1,
3600523192717,false,לוריאל - מג'יק ריטאצ' גוון 4 בלונד בז',,,לוריאל - מג'יק ריטאצ' גוון 4 בלונד בז',00000,1,00000,false,0.0000,34.9,34.9000,false,1,
3600523193158,false,תרסיס לכיסוי שורשי השיער Magic Retouch חום,לוריאל Loreal,,לוריאל - מג'יק ריטאצ' 2 חום,00000,1,00000,false,0.0000,34.9,34.9000,false,1,
3600523201303,false,לוריאל - דרמו רויטליפט פילר לילה,,,לוריאל - דרמו רויטליפט פילר לילה,00000,1,00000,false,0.0000,79.9,79.9000,false,1,
3600523351497,false,לוריאל - ע.עיניים אינפל.ג.קריון01שחור,,,לוריאל - ע.עיניים אינפל.ג.קריון01שחור,00000,1,00000,false,3.0000,30,30.0000,false,1,
3600523430932,false,לוריאל - דרמו פיור קליי תרחיץ שחור,,,לוריאל - דרמו פיור קליי תרחיץ שחור,00000,1,00000,false,0.0000,29.9,29.9000,false,1,
3600523448760,false,לוריאל - דרמו פרחים חלב פנים ורוד,,,לוריאל - דרמו פרחים חלב פנים ורוד,00000,1,00000,false,0.0000,29.9,29.9000,false,1,
3600523450435,false,לוריאל - דרמו פרחים ג'ל ניקוי ורוד,,,לוריאל - דרמו פרחים ג'ל ניקוי ורוד,00000,1,00000,false,0.0000,29.9,29.9000,false,1,
3600523462360,false,"לוריאל - דאודורנט לגבר מן אקספרט סנסיטיס קונטרול 150 מ""ל",,,"לוריאל - דאודורנט לגבר מן אקספרט סנסיטיס קונטרול 150 מ""ל",00000,1,00000,false,0.0000,17.9,17.9000,false,1,
3600523464548,false,לוריאל - הידרה ג'ינייס לחות ורוד רגיש,,,לוריאל - הידרה ג'ינייס לחות ורוד רגיש,00000,1,00000,false,0.0000,49.9,49.9000,false,1,
3600523498482,false,דרמו רויטליפט מסכת פילר פנינים,,,דרמו רויטליפט מסכת פילר פנינים,00000,1,00000,false,0.0000,79.9,79.9000,false,1,
3600523526062,false,לוריאל - מן אקספרט ברבר שמן זקן ארוך,,,לוריאל - מן אקספרט ברבר שמן זקן ארוך,00000,1,00000,false,6.0000,49.9,49.9000,false,1,
3600523526130,false,לוריאל - מן אקספרט ברבר ג'ל ניקוי 3ב1,,,לוריאל - מן אקספרט ברבר ג'ל ניקוי 3ב1,00000,1,00000,false,6.0000,29.9,29.9000,false,1,
3600523526208,false,לוריאל - מן אקספרט ברבר ג'ל לחות לזקן הקצר,,,לוריאל - מן אקספרט ברבר ג'ל לחות לזקן הקצר,00000,1,00000,false,6.0000,49.9,49.9000,false,1,
3600523528691,false,לוריאל - מן אקספרט ברבר קרם לעיצוב הזקן,,,לוריאל - מן אקספרט ברבר קרם לעיצוב הזקן,00000,1,00000,false,6.0000,29.9,29.9000,false,1,
3600523581306,false,לוריאל - מן אקספרט ויטליפט ג'ל,,,לוריאל - מן אקספרט ויטליפט ג'ל,00000,1,00000,false,6.0000,49.9,49.9000,false,1,
3600523587865,false,לוריאל - אלביב קרם לשיער דרים לונג 200,לוריאל - אלביב Elvive,,לוריאל - אלביב קרם לשיער דרים לונג 200,00000,1,00000,false,0.0000,24.9,24.9000,false,1,
3600523605972,false,מסכת הזנה רב שימושית מכילה שמן קוקוס,לוריאל - אלביב Elvive,,לוריאל - אלביב מסכה קוקוס 300,00000,1,00000,false,0.0000,24.9,24.9000,false,1,
3600523642489,false,מסכת הזנה אינטנסיבית 6 שמנים לשיער יבש,לוריאל - אלביב Elvive,DE,לוריאל - אלביב מסכה 6 שמנים 300 חדש,00000,1,00000,false,0.0000,24.9,24.9000,false,1,
3600523643806,false,לוריאל - שפתון נוזלי אינפלבל שוקו 868,,,לוריאל - שפתון נוזלי אינפלבל שוקו 868,00000,1,00000,false,0.0000,50,50.0000,false,1,
3600523643837,false,לוריאל - שפתון נוזלי אינפלבל שוקו 858,,,לוריאל - שפתון נוזלי אינפלבל שוקו 858,00000,1,00000,false,0.0000,50,50.0000,false,1,
3600523643844,false,לוריאל - שפתון שוקולד 864,,,לוריאל - שפתון שוקולד 864,00000,1,00000,false,0.0000,50,50.0000,false,1,
3600523651870,false,שמפו לחיזוק סיב השערה לכל סוגי השיער,לוריאל - אלביב Elvive,TR,"לוריאל - אלביב שמפו ארגנין 550 מ""ל",00000,1,00000,false,0.0000,14.9,14.9000,true,1,
3600523651900,false,מרכך לחיזוק סיב השערה לכל סוגי השיער,לוריאל - אלביב Elvive,,"לוריאל - אלביב מרכך ארגינין 550 מ""ל",00000,1,00000,false,0.0000,14.9,14.9000,true,1,
3600523652228,false,"לוריאל - אלביב מרכך טוטאל ריפר 550 מ""ל",לוריאל - אלביב Elvive,,"לוריאל - אלביב מרכך טוטאל ריפר 550 מ""ל",00000,1,00000,false,0.0000,14.9,14.9000,true,1,
3600523652242,false,"לוריאל - אלביב שמפו קולור פרוטקט 550 מ""ל",לוריאל - אלביב Elvive,,"לוריאל - אלביב שמפו קולור פרוטקט 550 מ""ל",00000,1,00000,false,0.0000,14.9,14.9000,true,1,
3600523652259,false,"לוריאל - אלביב מרכך קולור פרוטקט 550 מ""ל",לוריאל,TR,"לוריאל - אלביב מרכך קולור פרוטקט 550 מ""ל",00000,1,00000,false,0.0000,14.9,14.9000,true,1,
3600523652280,false,"לוריאל אלביב שמפו מועשר ב 6 שמנים, 550 מ""ל",לוריאל - אלביב Elvive,,"לוריאל - אלביב שמפו 6 שמנים 550 מ""ל",00000,1,00000,false,0.0000,14.9,14.9000,true,1,
3600523652297,false,"מרכך לשיער אלביב זהב 6 שמנים , 550 מ""ל",לוריאל - אלביב Elvive,,"לוריאל - אלביב מרכך 6 שמנים 550 מ""ל",00000,1,00000,false,0.0000,14.9,14.9000,true,1,
3600523707997,false,לוריאל - מן אקספרט פיור פאוור ג'ל ניקוי פחם,,,לוריאל - מן אקספרט פיור פאוור ג'ל ניקוי פחם,00000,1,00000,false,6.0000,24.9,24.9000,false,1,
3600523708000,false,לוריאל - מן אקספרט פיור פאוור פילינג,,,לוריאל - מן אקספרט פיור פאוור פילינג,00000,1,00000,false,6.0000,24.9,24.9000,false,1,
3600523716524,false,לוריאל - דרמו רויטליפט קלאסי קרם אדום עברית,,,לוריאל - דרמו רויטליפט קלאסי קרם אדום עברית,00000,1,00000,false,0.0000,59.9,59.9000,false,1,
3600523755264,false,לוריאל - מסקרה לגבות 000 שקוף,,,לוריאל - מסקרה לגבות 000 שקוף,00000,1,00000,false,3.0000,39.9,39.9000,false,1,
3600523755660,false,לוריאל - אקסלנס קרם 2 חום שחור,,,לוריאל - אקסלנס קרם 2 חום שחור,00000,1,00000,false,0.0000,34.9,34.9000,false,1,
3600523755806,false,"לוריאל - אלביב שמפו קוקוס 550 מ""ל",,,"לוריאל - אלביב שמפו קוקוס 550 מ""ל",00000,1,00000,false,0.0000,14.9,14.9000,true,1,
3600523756322,false,"לוריאל - אלביב מרכך קוקוס 550 מ""ל",,,"לוריאל - אלביב מרכך קוקוס 550 מ""ל",00000,1,00000,false,0.0000,14.9,14.9000,true,1,
3600523782567,false,"לוריאל - אלביב שמפו דרים לונג 500 מ""ל",,,"לוריאל - אלביב שמפו דרים לונג 500 מ""ל",00000,1,00000,false,0.0000,14.9,14.9000,true,1,
3600523782574,false,לוריאל - אלביב מסכה דרים לונג 300,לוריאל - אלביב Elvive,FR,לוריאל - אלביב מסכה דרים לונג 300,00000,1,00000,false,0.0000,24.9,24.9000,false,1,
3600523782581,false,מרכך מתיר קשרים לשיער ארוך ופגום Dream Long,לוריאל - אלביב Elvive,,"לוריאל - אלביב מרכך דרים לונג 500 מ""ל",00000,1,00000,false,0.0000,14.9,14.9000,true,1,
3600523784424,false,לוריאל - מייקאפ מאט קאבר 145,,,לוריאל - מייקאפ מאט קאבר 145,00000,1,00000,false,0.0000,69.9,69.9000,false,1,
3600523784455,false,לוריאל - מייקאפ מאט קאבר 200,,,לוריאל - מייקאפ מאט קאבר 200,00000,1,00000,false,3.0000,69.9,69.9000,false,1,
3600523784493,false,לוריאל - מייקאפ מאט קאבר 300,,,לוריאל - מייקאפ מאט קאבר 300,00000,1,00000,false,0.0000,69.9,69.9000,false,1,
3600523816699,false,לוריאל - דרמו פעולה משולשת פרש ג'ל עברית,לוריאל Loreal,,לוריאל - דרמו פעולה משולשת פרש ג'ל עברית,00000,1,00000,false,0.0000,44.9,44.9000,false,1,
3600523873920,false,לוריאל - דרמו רויטליפט פילר טפטפת סרום עברית,,,לוריאל - דרמו רויטליפט פילר טפטפת סרום עברית,00000,1,00000,false,6.0000,79.9,79.9000,false,1,
3600523936786,false,"לוריאל - אלביב שמן לשיער רגיל 100 מ""ל",,,"לוריאל - אלביב שמן לשיער רגיל 100 מ""ל",00000,1,00000,false,6.0000,29.9,29.9000,false,1,
3600523936823,false,"לוריאל - אלביב שמן לשיער צבוע 100 מ""ל",,,"לוריאל - אלביב שמן לשיער צבוע 100 מ""ל",00000,1,00000,false,6.0000,29.9,29.9000,false,1,
3600523944194,false,לוריאל - אקסלנס קול קרם 6.11 חום בהיר קר,,,לוריאל - אקסלנס קול קרם 6.11 חום בהיר קר,00000,1,00000,false,6.0000,34.9,34.9000,false,1,
3600523951291,false,לוריאל - פודרה עמידה אינפליבל 20,,,לוריאל - פודרה עמידה אינפליבל 20,00000,1,00000,false,3.0000,65,65.0000,false,1,
3600523951444,false,לוריאל - פודרה עמידה אינפליבל 120,,,לוריאל - פודרה עמידה אינפליבל 120,00000,1,00000,false,3.0000,65,65.0000,false,1,
3600523951598,false,לוריאל - פודרה עמידה אינפליבל 140,,,לוריאל - פודרה עמידה אינפליבל 140,00000,1,00000,false,3.0000,65,65.0000,false,1,
3600523953677,false,לוריאל - דרמו רויטליפט קלאסי יום SPF30 עברית,,,לוריאל - דרמו רויטליפט קלאסי יום SPF30 עברית,00000,1,00000,false,6.0000,59.9,59.9000,false,1,
3600523965663,false,לוריאל - דרמו רויטליפט פילר מי פנים 200,,,לוריאל - דרמו רויטליפט פילר מי פנים 200,00000,1,00000,false,6.0000,34.9,34.9000,false,1,
3600523971954,false,לוריאל - דרמו רויטליפט לייזר סרום רטינול,,,לוריאל - דרמו רויטליפט לייזר סרום רטינול,00000,1,00000,false,6.0000,79.9,79.9000,false,1,
3600523985326,false,לוריאל - דרמו רויטליפט לייזר יום SPF 20 עברי,,,לוריאל - דרמו רויטליפט לייזר יום SPF 20 עברי,00000,1,00000,false,6.0000,79.9,79.9000,false,1,
3600523985838,false,לוריאל - דרמו רויטליפט פילר ג'ל ניקוי לפנים,,,לוריאל - דרמו רויטליפט פילר ג'ל ניקוי לפנים,00000,1,00000,false,6.0000,34.9,34.9000,false,1,
3600523991525,false,"לוריאל - דרמו רויטליפט קלאסי סרום 30 מ""ל",,,"לוריאל - דרמו רויטליפט קלאסי סרום 30 מ""ל",00000,1,00000,false,6.0000,59.9,59.9000,false,1,
3600523991556,false,לוריאל - הידרה ג'ינייס לחות ירוק מעורב,,,לוריאל - הידרה ג'ינייס לחות ירוק מעורב,00000,1,00000,false,6.0000,49.9,49.9000,false,1,
3600524051570,false,לוריאל - אלביב מסכה היאלורונית 300 מ''ל,,,לוריאל - אלביב מסכה היאלורונית 300 מ''ל,00000,1,00000,false,6.0000,24.9,24.9000,false,1,
3600524055400,false,לוריאל - אלביב שמפו היאלורונית 500 מ''ל,,,לוריאל - אלביב שמפו היאלורונית 500 מ''ל,00000,1,00000,false,6.0000,14.9,14.9000,true,1,
3600530695737,false,מייבלין - שפתון סופרסטיי 150,מייבלין Maybelline,,מייבלין - שפתון סופרסטיי 150,00000,1,00000,false,0.0000,42,42.0000,false,1,
3600530695928,false,מייבלין - שפתון סופרסטיי 542,מייבלין Maybelline,,מייבלין - שפתון סופרסטיי 542,00000,1,00000,false,0.0000,42,42.0000,false,1,
3600530696024,false,מייבלין - שפתון סופרסטיי 760,מייבלין Maybelline,,מייבלין - שפתון סופרסטיי 760,00000,1,00000,false,0.0000,42,42.0000,false,1,
3600530733842,false,מייבלין - קונסילר ספוגית 01IAR,מייבלין Maybelline,,מייבלין - קונסילר ספוגית 01IAR,00000,1,00000,false,0.0000,45,45.0000,false,1,
3600530733859,false,מייבלין - קונסילר ספוגית 02IAR,,,מייבלין - קונסילר ספוגית 02IAR,00000,1,00000,false,0.0000,45,45.0000,false,1,
3600530733866,false,מייבלין - קונסילר ספוגית 03IAR,מייבלין Maybelline,,מייבלין - קונסילר ספוגית 03IAR,00000,1,00000,false,0.0000,45,45.0000,false,1,
3600531143459,false,מייבלין - מסקרה לאש שחור,,,מייבלין - מסקרה לאש שחור,00000,1,00000,false,0.0000,40,40.0000,false,1,
3600531293178,false,מייבלין - צללית פלטה בלאש,מייבלין Maybelline,,מייבלין - צללית פלטה בלאש,00000,1,00000,false,0.0000,45,45.0000,false,1,
3600531324513,false,מייבלין - מייקאפ פיט מי מאט 115,מייבלין Maybelline,,מייבלין - מייקאפ פיט מי מאט 115,00000,1,00000,false,0.0000,45,45.0000,false,1,
3600531324544,false,מייבלין - מייקאפ פיט מי מאט 130,מייבלין Maybelline,,מייבלין - מייקאפ פיט מי מאט 130,00000,1,00000,false,0.0000,45,45.0000,false,1,
3600531324551,false,מייבלין - מייקאפ פיט מי מאט 220,מייבלין Maybelline,,מייבלין - מייקאפ פיט מי מאט 220,00000,1,00000,false,0.0000,45,45.0000,false,1,
3600531342272,false,מייבלין - סטיק הארה 200,,,מייבלין - סטיק הארה 200,00000,1,00000,false,0.0000,35,35.0000,false,1,
3600531369026,false,מייבלין - מייקאפ פיט מי מאט 128,,,מייבלין - מייקאפ פיט מי מאט 128,00000,1,00000,false,0.0000,45,45.0000,false,1,
3600531384029,false,מייבלין - פודרה פיט מי 220,,,מייבלין - פודרה פיט מי 220,00000,1,00000,false,0.0000,35,35.0000,false,1,
3600531384210,false,מייבלין - פודרה פיט מי 130,מייבלין Maybelline,,מייבלין - פודרה פיט מי 130,00000,1,00000,false,0.0000,35,35.0000,false,1,
3600531396831,false,מייבלין - קונסילר ספוגית 05IAR,מייבלין Maybelline,,מייבלין - קונסילר ספוגית 05IAR,00000,1,00000,false,0.0000,45,45.0000,false,1,
3600531396848,false,מייבלין - קונסילר ספוגית 04IAR,מייבלין Maybelline,,מייבלין - קונסילר ספוגית 04IAR,00000,1,00000,false,0.0000,45,45.0000,false,1,
3600531396855,false,מייבלין - קונסילר ספוגית 06IAR,מייבלין Maybelline,,מייבלין - קונסילר ספוגית 06IAR,00000,1,00000,false,0.0000,45,45.0000,false,1,
3600531411107,false,מייבלין - שפתון ס.סטיי אינק 15,,,מייבלין - שפתון ס.סטיי אינק 15,00000,1,00000,false,0.0000,42,42.0000,false,1,
3600531411176,false,מייבלין - שפתון ס.סטיי אינק 50,,,מייבלין - שפתון ס.סטיי אינק 50,00000,1,00000,false,0.0000,42,42.0000,false,1,
3600531417758,false,מייב ג'ל לגבות בראו טאטו 02,,,מייב ג'ל לגבות בראו טאטו 02,00000,1,00000,false,0.0000,40,40.0000,false,1,
3600531465193,false,מייבלין - קונסילר ספוגית 08IAR,מייבלין Maybelline,,מייבלין - קונסילר ספוגית 08IAR,00000,1,00000,false,0.0000,45,45.0000,false,1,
3600531465247,false,מייבלין - קונסילר ספוגית 07IAR,,,מייבלין - קונסילר ספוגית 07IAR,00000,1,00000,false,0.0000,45,45.0000,false,1,
3600531465254,false,מייבלין - קונסילר ספוגית 11IAR,,,מייבלין - קונסילר ספוגית 11IAR,00000,1,00000,false,0.0000,45,45.0000,false,1,
3600531469412,false,מייבלין - שפתון ס.סטיי אינק 70,,,מייבלין - שפתון ס.סטיי אינק 70,00000,1,00000,false,0.0000,42,42.0000,false,1,
3600531469467,false,מייבלין - שפתון ס.סטיי אינק 60,,,מייבלין - שפתון ס.סטיי אינק 60,00000,1,00000,false,0.0000,42,42.0000,false,1,
3600531469498,false,מייבלין - שפתון ס.סטיי אינק 65,,,מייבלין - שפתון ס.סטיי אינק 65,00000,1,00000,false,0.0000,42,42.0000,false,1,
3600531511654,false,אססי - טיפול 1 ב-3,,,אססי - טיפול 1 ב-3,00000,1,00000,false,0.0000,49.9,49.9000,false,1,
3600531512743,false,אססי - טיפול מחזק,,,אססי - טיפול מחזק,00000,1,00000,false,0.0000,49.9,49.9000,false,1,
3600531537357,false,מייבלין - סומק פיט מי 50,,,מייבלין - סומק פיט מי 50,00000,1,00000,false,0.0000,35,35.0000,false,1,
3600531584696,false,מייבלין - מסקרה פולסיס לאשליפט,מייבלין Maybelline,,מייבלין - מסקרה פולסיס לאשליפט,00000,1,00000,false,0.0000,40,40.0000,false,1,
3600531609733,false,מייבלין - שפתון ליפטר גלוס 05,,,מייבלין - שפתון ליפטר גלוס 05,00000,1,00000,false,3.0000,40,40.0000,false,1,
3600531629106,false,מייבלין - מסקרה לאש ליפט אקסטרה בלק,,,מייבלין - מסקרה לאש ליפט אקסטרה בלק,00000,1,00000,false,3.0000,40,40.0000,false,1,
3600531632410,false,מייבלין - מייקאפ סופרסטיי 30שעות 21,,,מייבלין - מייקאפ סופרסטיי 30שעות 21,00000,1,00000,false,0.0000,55,55.0000,false,1,
3600531632496,false,מייבלין - מייקאפ סופרסטיי 30שעות 32,,,מייבלין - מייקאפ סופרסטיי 30שעות 32,00000,1,00000,false,0.0000,55,55.0000,false,1,
3600540308672,false,צבע שפופרת גרנייה 9 בלונד בהיר מאוד,,,קולור נטורלס בלונד בהיר מאוד 9,00000,1,00000,false,0.0000,17.9,17.9000,false,1,
3600541014305,false,גרנייה - קולור נטורלס 4.5 חום שוקולד טהור,,,גרנייה - קולור נטורלס 4.5 חום שוקולד טהור,00000,1,00000,false,0.0000,17.9,17.9000,false,1,
3600541022096,false,גרנייה - קרם גוף שיאה 400,קוסמופול,PL,גרנייה - קרם גוף שיאה 400,00000,1,00000,false,0.0000,14.9,14.9000,false,1,
3600541029323,false,לוריאל מסיר איפור אסנשיאל 2,SOPROCOS סופרוקוס,FR,גרנייה - אסנשיאלס דו פאזי,00000,1,00000,false,0.0000,19.9,19.9000,false,1,
3600541351493,false,גרנייה - אנטי אייג'ינג קרם יום 45,,,גרנייה - אנטי אייג'ינג קרם יום 45,00000,1,00000,false,0.0000,39.9,39.9000,false,1,
3600541382930,false,גרנייה - מים מיסלרים לכל סוגי העור,קוסמופול,PL,גרנייה - מים מיסלרים לכל סוגי העור,00000,1,00000,false,0.0000,29.9,29.9000,false,1,
3600541928169,false,"גרנייה פיור פחם ג'ל ניקוי 150 מ""ל",,,גרנייה - פיור פחם ג'ל ניקוי,00000,1,00000,false,0.0000,29.9,29.9000,false,1,
3600541928275,false,מי פנים מיסלריים דו-פאזיים מסיר איפור עמיד במים,גרנייה Garnier,,גרנייה - מיסלר מים דו פאזי 400,00000,1,00000,false,0.0000,29.9,29.9000,false,1,
3600541937475,false,גרניה פיור גרגרים מסיכה לעור מעורב עד שמן,,,גרנייה - פיור אקטיב 3ב1,00000,1,00000,false,0.0000,29.9,29.9000,false,1,
3600541952720,false,ג'ל גרגירים עם פחם פעיל לטיפול בראשים שחורים,גרנייה Garnier,,גרנייה - פיור אקטיב גרגירים פחם,00000,1,00000,false,0.0000,29.9,29.9000,false,1,
3600541956223,false,"גרנייה פיור לניקוי וטיפול בסימנים ופגעי עם מברשת 150 מ""ל",,,גרנייה - פיור אקטיב אקספוברשר,00000,1,00000,false,0.0000,29.9,29.9000,false,1,
3600542097239,false,גרנייה - מסכת טישו פחם תה שחור,,,גרנייה - מסכת טישו פחם תה שחור,00000,1,00000,false,0.0000,12.9,12.9000,false,1,
3600542232036,false,גרנייה - אלו ג'לי 50 מל,,,גרנייה - אלו ג'לי 50 מל,00000,1,00000,false,0.0000,39.9,39.9000,false,1,
3600542245340,false,גרנייה - אוליה מיני קיט 1 שחור עמוק,,,גרנייה - אוליה מיני קיט 1 שחור עמוק,00000,1,00000,false,0.0000,24.9,24.9000,false,1,
3600542245395,false,גרנייה - אוליה מיני קיט 3 חום שחור,,,גרנייה - אוליה מיני קיט 3 חום שחור,00000,1,00000,false,0.0000,24.9,24.9000,false,1,
3600542245425,false,גרנייה - אוליה מיני קיט 4.15 חום שוקולד קרח,,,גרנייה - אוליה מיני קיט 4.15 חום שוקולד קרח,00000,1,00000,false,0.0000,24.9,24.9000,false,1,
3600542245449,false,גרנייה - אוליה מיני קיט 5 חום טבעי,,,גרנייה - אוליה מיני קיט 5 חום טבעי,00000,1,00000,false,0.0000,24.9,24.9000,false,1,
3600542245487,false,גרנייה - אוליה מיני קיט 6 חום בהיר,,,גרנייה - אוליה מיני קיט 6 חום בהיר,00000,1,00000,false,0.0000,24.9,24.9000,false,1,
3600542245524,false,גרנייה - אוליה מיני קיט 6.60 אדום אינטנסיבי,,,גרנייה - אוליה מיני קיט 6.60 אדום אינטנסיבי,00000,1,00000,false,0.0000,24.9,24.9000,false,1,
3600542245586,false,גרנייה - אוליה מיני קיט 7G בלונד בז' אפרפר,,,גרנייה - אוליה מיני קיט 7G בלונד בז' אפרפר,00000,1,00000,false,0.0000,24.9,24.9000,false,1,
3600542267953,false,גרנייה - פיור אקטיב מים מיסלריים 400,,,גרנייה - פיור אקטיב מים מיסלריים 400,00000,1,00000,false,0.0000,29.9,29.9000,false,1,
3600542328647,false,גרנייה - אלו ג'ל קרם לחות אלוורה,,,גרנייה - אלו ג'ל קרם לחות אלוורה,00000,1,00000,false,6.0000,39.9,39.9000,false,1,
3600542335478,false,גרנייה - קולור נטורלס 4.12 חום קרח,,,גרנייה - קולור נטורלס 4.12 חום קרח,00000,1,00000,false,0.0000,17.9,17.9000,false,1,
3600542365710,false,גרנייה - פיור ג'ל ניקוי,,,גרנייה - פיור ג'ל ניקוי,00000,1,00000,false,0.0000,29.9,29.9000,false,1,
3600542365758,false,גרנייה - מי פנים ענבים,,,גרנייה - מי פנים ענבים,00000,1,00000,false,0.0000,19.9,19.9000,false,1,
3600542365796,false,גרנייה - ג'ל ניקוי ענבים,,,גרנייה - ג'ל ניקוי ענבים,00000,1,00000,false,0.0000,19.9,19.9000,false,1,
3600542366113,false,גרנייה - קרם לחות בוטניקלס ענבים,,,גרנייה - קרם לחות בוטניקלס ענבים,00000,1,00000,false,0.0000,39.9,39.9000,false,1,
3600542366151,false,גרנייה - קרם לחות בוטניקלס ורדים,,,גרנייה - קרם לחות בוטניקלס ורדים,00000,1,00000,false,0.0000,39.9,39.9000,false,1,
3600542367936,false,גרנייה - אלו מי פנים אלוורה,,,גרנייה - אלו מי פנים אלוורה,00000,1,00000,false,6.0000,19.9,19.9000,false,1,
3600542375801,false,גרנייה - פיור אקטיב 3ב1 פחם,,,גרנייה - פיור אקטיב 3ב1 פחם,00000,1,00000,false,6.0000,29.9,29.9000,false,1,
3600542380492,false,גרנייה - מסכת טישו ויטמין סי,,,גרנייה - מסכת טישו ויטמין סי,00000,1,00000,false,12.0000,12.9,12.9000,false,1,
3600542385312,false,גרנייה - מסכת טישו מסק רימונים כחול,,,גרנייה - מסכת טישו מסק רימונים כחול,00000,1,00000,false,0.0000,12.9,12.9000,false,1,
3600542385626,false,גרנייה - מסכת טישו עם אלוורה וחומצה הילאורונית,,,גרנייה - מסכת טישו עם אלוורה וחומצה הילאורונית,00000,1,00000,false,20.0000,12.9,12.9000,false,1,
3600542398206,false,גרנייה - אלו ג'ל ניקוי אלוורה,,,גרנייה - אלו ג'ל ניקוי אלוורה,00000,1,00000,false,6.0000,19.9,19.9000,false,1,
3600542412773,false,גרנייה - פיור אקטיב פיל אוף פחם,,,גרנייה - פיור אקטיב פיל אוף פחם,00000,1,00000,false,6.0000,34.9,34.9000,false,1,
3600542415071,false,גרנייה - ביבי אויל פרי בהיר אלוורה ח,,,גרנייה - ביבי אויל פרי בהיר אלוורה ח,00000,1,00000,false,6.0000,60,60.0000,false,1,
3600542416405,false,גרנייה - ביבי קלאסי מדיום אלוורה חדש,,,גרנייה - ביבי קלאסי מדיום אלוורה חדש,00000,1,00000,false,6.0000,60,60.0000,false,1,
3600542421621,false,גרנייה - פרוקטיס היירפוד מסכה בננה,,,גרנייה - פרוקטיס היירפוד מסכה בננה,00000,1,00000,false,6.0000,39.9,39.9000,false,1,
3600542421638,false,"גרנייה - פרוקטיס היירפוד שמפו מקדמיה 350 מ""ל",,,"גרנייה - פרוקטיס היירפוד שמפו מקדמיה 350 מ""ל",00000,1,00000,false,6.0000,14.9,14.9000,true,1,
3600542421645,false,"גרנייה - פרוקטיס היירפוד מרכך מקדמיה 350 מ""ל",,,"גרנייה - פרוקטיס היירפוד מרכך מקדמיה 350 מ""ל",00000,1,00000,false,6.0000,14.9,14.9000,true,1,
3600542421669,false,"גרנייה - פרוקטיס היירפוד מרכך פפאיה 350 מ""ל",,,"גרנייה - פרוקטיס היירפוד מרכך פפאיה 350 מ""ל",00000,1,00000,false,6.0000,14.9,14.9000,true,1,
3600542421676,false,"גרנייה - פרוקטיס היירפוד מרכך בננה 350 מ""ל",,,"גרנייה - פרוקטיס היירפוד מרכך בננה 350 מ""ל",00000,1,00000,false,6.0000,14.9,14.9000,true,1,
3600542421683,false,"גרנייה - פרוקטיס היירפוד שמפו בננה 350 מ""ל",,,"גרנייה - פרוקטיס היירפוד שמפו בננה 350 מ""ל",00000,1,00000,false,6.0000,14.9,14.9000,true,1,
3600542421706,false,"גרנייה - פרוקטיס היירפוד שמפו פפאיה 350 מ""ל",,,"גרנייה - פרוקטיס היירפוד שמפו פפאיה 350 מ""ל",00000,1,00000,false,6.0000,14.9,14.9000,true,1,
3600542421737,false,גרנייה - פרוקטיס היירפוד מסכה מקדמיה,,,גרנייה - פרוקטיס היירפוד מסכה מקדמיה,00000,1,00000,false,6.0000,39.9,39.9000,false,1,
3600542431828,false,גרנייה - קולור נטורלס 1 שחור טבעי חדש,גרנייה Garnier,,גרנייה - קולור נטורלס 1 שחור טבעי חדש,00000,1,00000,false,0.0000,17.9,17.9000,false,1,
3600542431835,false,גרנייה - קולור נטורלס 3 חום כהה מאוד חדש,גרנייה Garnier,,גרנייה - קולור נטורלס 3 חום כהה מאוד חדש,00000,1,00000,false,0.0000,17.9,17.9000,false,1,
3600542431842,false,גרנייה - קולור נטורלס 4 חום כהה טבעי חדש,גרנייה Garnier,,גרנייה - קולור נטורלס 4 חום כהה טבעי חדש,00000,1,00000,false,0.0000,17.9,17.9000,false,1,
3600542431859,false,גרנייה - קולור נטורלס 5 חום טבעי חדש,גרנייה Garnier,,גרנייה - קולור נטורלס 5 חום טבעי חדש,00000,1,00000,false,0.0000,17.9,17.9000,false,1,
3600542431866,false,גרנייה קולור נטורלס צבע לשיער חום בהיר 6,גרנייה Garnier,,גרנייה - קולור נטורלס 6 חום טבעי חדש,00000,1,00000,false,0.0000,17.9,17.9000,false,1,
3600542431873,false,גרנייה - קולור נטורלס 7 בלונד טבעי חדש,גרנייה Garnier,,גרנייה - קולור נטורלס 7 בלונד טבעי חדש,00000,1,00000,false,0.0000,17.9,17.9000,false,1,
3600542431880,false,גרנייה - קולור נטורלס 8 בלונד בהיר חדש,גרנייה Garnier,,גרנייה - קולור נטורלס 8 בלונד בהיר חדש,00000,1,00000,false,0.0000,17.9,17.9000,false,1,
3600542431903,false,גרנייה - קולור נטורלס 10 בלונד סופר בהיר חדש,גרנייה Garnier,,גרנייה - קולור נטורלס 10 בלונד סופר בהיר חדש,00000,1,00000,false,0.0000,17.9,17.9000,false,1,
3600542431910,false,גרנייה - קולור נטורלס 2.1 שחור כחול חדש,,,גרנייה - קולור נטורלס 2.1 שחור כחול חדש,00000,1,00000,false,0.0000,17.9,17.9000,false,1,
3600542431934,false,גרנייה - קולור נטורלס 6.25 חום אגוז חדש,גרנייה Garnier,,גרנייה - קולור נטורלס 6.25 חום אגוז חדש,00000,1,00000,false,0.0000,17.9,17.9000,false,1,
3600542431958,false,גרנייה - קולור נטורלס 7.3 בלונד זהוב חדש,,,גרנייה - קולור נטורלס 7.3 בלונד זהוב חדש,00000,1,00000,false,0.0000,17.9,17.9000,false,1,
3600542431965,false,גרנייה - קולור נטורלס 5.52 חום דבש חדש,,,גרנייה - קולור נטורלס 5.52 חום דבש חדש,00000,1,00000,false,0.0000,17.9,17.9000,false,1,
3600542431972,false,צבע לשיער קולור נטורלס - 111 בלונד אולטרה בהיר אפור,גרנייה Garnier,,גרנייה - קולור נטורלס 111 בלונד אולטרה אפור חדש,00000,1,00000,false,0.0000,17.9,17.9000,false,1,
3600542431989,false,גרנייה - קולור נטורלס 6.34 חום שוקולד חדש,גרנייה Garnier,,גרנייה - קולור נטורלס 6.34 חום שוקולד חדש,00000,1,00000,false,0.0000,17.9,17.9000,false,1,
3600542431996,false,גרנייה - קולור נטורלס 5.15 חום שוקולד עשיר חדש,,,גרנייה - קולור נטורלס 5.15 חום שוקולד עשיר חדש,00000,1,00000,false,0.0000,17.9,17.9000,false,1,
3600542432009,false,גרנייה - קולור נטורלס 4.5 חום שוקולד כהה חדש,,,גרנייה - קולור נטורלס 4.5 חום שוקולד כהה חדש,00000,1,00000,false,0.0000,17.9,17.9000,false,1,
3600542432016,false,צבע לשיער קולור נטורלס- 5.25 חום מהגוני פנינה בהיר,גרנייה Garnier,,גרנייה - קולור נטורלס 5.25 חום מהגוני פנינה חדש,00000,1,00000,false,0.0000,17.9,17.9000,false,1,
3600542432023,false,גרנייה - קולור נטורלס 2 שחור מעודן חדש,,,גרנייה - קולור נטורלס 2 שחור מעודן חדש,00000,1,00000,false,0.0000,17.9,17.9000,false,1,
3600542432054,false,גרנייה - קולור נטורלס 9.1 בלונד בהיר מאוד א חדש,,,גרנייה - קולור נטורלס 9.1 בלונד בהיר מאוד א חדש,00000,1,00000,false,0.0000,17.9,17.9000,false,1,
3600542432061,false,גרנייה - קולור נטורלס 7.1 בלונד טבעי אפרפר חדש,,,גרנייה - קולור נטורלס 7.1 בלונד טבעי אפרפר חדש,00000,1,00000,false,0.0000,17.9,17.9000,false,1,
3600542432085,false,גרנייה - קולור נטורלס 4.12 חום קרח חדש,,,גרנייה - קולור נטורלס 4.12 חום קרח חדש,00000,1,00000,false,0.0000,17.9,17.9000,false,1,
3600542432092,false,גרנייה - קולור נטורלס 5.12 חום שלג חדש,,,גרנייה - קולור נטורלס 5.12 חום שלג חדש,00000,1,00000,false,0.0000,17.9,17.9000,false,1,
3600542432962,false,"גרנייה - סרום לפנים אלוורה 30 מ""ל",,,"גרנייה - סרום לפנים אלוורה 30 מ""ל",00000,1,00000,false,6.0000,49.9,49.9000,false,1,
3600542433266,false,גרנייה - סרום לפנים ויטמין C סקין אקטיב,,,גרנייה - סרום לפנים ויטמין C סקין אקטיב,00000,1,00000,false,6.0000,49.9,49.9000,false,1,
3600542456579,false,גרנייה - מיסלר ויטמין סי 400,,,גרנייה - מיסלר ויטמין סי 400,00000,1,00000,false,6.0000,29.9,29.9000,false,1,
3600542456586,false,"גרנייה - מיסלר ורדים 400 מ""ל",,,"גרנייה - מיסלר ורדים 400 מ""ל",00000,1,00000,false,0.0000,29.9,29.9000,false,1,
3600542503211,false,"גרנייה - פרוקטיס היירפוד מסכה חמאת קקאו 390 מ""ל",,,"גרנייה - פרוקטיס היירפוד מסכה חמאת קקאו 390 מ""ל",00000,1,00000,false,6.0000,39.9,39.9000,false,1,
3600542503235,false,"גרנייה - פרוקטיס היירפוד מרכך חמאת קקאו 350 מ""ל",,,"גרנייה - פרוקטיס היירפוד מרכך חמאת קקאו 350 מ""ל",00000,1,00000,false,6.0000,14.9,14.9000,true,1,
3600542503242,false,"גרנייה - פרוקטיס היירפוד שמפו חמאת קקאו 350 מ""ל",,,"גרנייה - פרוקטיס היירפוד שמפו חמאת קקאו 350 מ""ל",00000,1,00000,false,6.0000,14.9,14.9000,true,1,
3605522040588,false,ארמני סטרונגר ג.אדט 100,,,ארמני סטרונגר ג.אדט 100,00000,1,00000,false,1.0000,299,299.0000,false,1,
3605533286555,false,"לה ויה בל אדפ לאישה 100 מ""ל - לנקום",,,"לה ויה בל אדפ לאישה 100 מ""ל - לנקום",00000,1,00000,false,1.0000,339,339.0000,false,1,
3607340717635,false,"אדידס - ג'ל רחצה אייס דייב 400 מ""ל",קוטי ס.פ,,"אדידס - ג'ל רחצה אייס דייב 400 מ""ל",00000,1,00000,false,12.0000,10,10.0000,false,1,
3607343817547,false,"אדידס - דאודורנט ספריי לגבר קליימקול 150 מ""ל",קולפ,PT,"אדידס - דאודורנט ספריי לגבר קליימקול 150 מ""ל",00000,1,00000,false,0.0000,10,10.0000,false,1,
3607345216805,false,"אדידס א.ד.ט 100 מ""ל פיור גיים",,,"אדידס א.ד.ט 100 מ""ל פיור גיים",00000,1,00000,false,12.0000,27.9,27.9000,false,1,
3607345264356,false,"אדידס - דאודורנט ספריי לגבר דינמיק פולס 150 מ""ל",,,"אדידס - דאודורנט ספריי לגבר דינמיק פולס 150 מ""ל",00000,1,00000,false,12.0000,10,10.0000,false,1,
3607345264912,false,"אדידס פיוז'ן ספריי גוף אייס דייב לגברים 150 מ""ל",המאפיה של הרמן,ES,"אדידס - דאודורנט ספריי לגבר אייס דייב 150 מ""ל",00000,1,00000,false,12.0000,10,10.0000,false,1,
3607345265117,false,"אדידס - דאודורנט ספריי לגבר טים פורס 150 מ""ל",מיוצר עי קונדיטוריית,ES,"אדידס - דאודורנט ספריי לגבר טים פורס 150 מ""ל",00000,1,00000,false,12.0000,10,10.0000,false,1,
3607346232385,false,"קלואה קלאסי אדפ לאישה 75 מ""ל - קלואה",,,"קלואה קלאסי אדפ לאישה 75 מ""ל - קלואה",00000,1,00000,false,0.0000,249.9,249.9000,false,1,
3607347320449,false,"אדידס - ג'ל רחצה ספורט אנרג'י 400 מ""ל",קוטי ס.פ,,"אדידס - ג'ל רחצה ספורט אנרג'י 400 מ""ל",00000,1,00000,false,12.0000,10,10.0000,false,1,
3607347415589,false,"אדידס - דאודורנט רול און לאישה פרש קול אנד קר 50 מ""ל",,,"אדידס - דאודורנט רול און לאישה פרש קול אנד קר 50 מ""ל",00000,1,00000,false,12.0000,10,10.0000,false,1,
3607347733508,false,רוברטו קאוולי פרדיסו (א)אדפ 75מל,,,רוברטו קאוולי פרדיסו (א)אדפ 75מל,00000,1,00000,false,1.0000,169,169.0000,true,1,
3607347918981,false,"אדידס - דאודורנט רול און לאישה קול אנד קר 6 ב-1 50 מ""ל",,,"אדידס - דאודורנט רול און לאישה קול אנד קר 6 ב-1 50 מ""ל",00000,1,00000,false,12.0000,10,10.0000,false,1,
3610400000813,false,"לומאני ספיריט מיליונר (א) אדפ 100מ""ל",,,"לומאני ספיריט מיליונר (א) אדפ 100מ""ל",00000,1,00000,false,12.0000,59.9,59.9000,false,1,
3614223113347,false,"נומייד אדפ לאישה 75 מ""ל - קלואה",,,"נומייד אדפ לאישה 75 מ""ל - קלואה",00000,1,00000,false,0.0000,259.9,259.9000,false,1,
3614223736003,false,"אדידס - דאודורנט ספריי לגבר אדיפיור 150 מ""ל",איגפק אס.איי,PT,"אדידס - דאודורנט ספריי לגבר אדיפיור 150 מ""ל",00000,1,00000,false,0.0000,10,10.0000,false,1,
3614223736836,false,"אדידס - דאורודנט ספריי לאישה אדיפיור 150 מ""ל",,,"אדידס - דאורודנט ספריי לאישה אדיפיור 150 מ""ל",00000,1,00000,false,0.0000,10,10.0000,false,1,
3614224050986,false,"אדידס - דאודורנט ספריי לגבר אדיפאוור 72 שעות 150 מ""ל","ב.א מזון בע""מ",PT,"אדידס - דאודורנט ספריי לגבר אדיפאוור 72 שעות 150 מ""ל",00000,1,00000,false,0.0000,10,10.0000,false,1,
3614229717051,false,"וולה שמן לשיער וולה דלוקס 100 מ""ל",,,"וולה שמן לשיער וולה דלוקס 100 מ""ל",00000,1,00000,false,6.0000,39.9,39.9000,false,1,
3614229717105,false,וולה ספריי לחות וולה דלוקס לטיפוח וריכוך 150,,,וולה ספריי לחות וולה דלוקס לטיפוח וריכוך 150,00000,1,00000,false,6.0000,22.9,22.9000,false,1,
3614271860088,false,"ארמני קוד קולוניה 200 מ""ל",,,"ארמני קוד קולוניה 200 מ""ל",00000,1,00000,false,0.0000,449,449.0000,false,1,
3614272629387,false,בושם לאישה 75 מ''ל Lancome Idole או דה פרפיום‏ E.D.P,,,בושם לאישה 75 מ''ל Lancome Idole או דה פרפיום‏ E.D.P,00000,1,00000,false,0.0000,299.9,299.9000,false,1,
3614272907690,false,"ארמני MY WAY אדפ 90 מ""ל",,,"ארמני MY WAY אדפ 90 מ""ל",00000,1,00000,false,1.0000,359,359.0000,false,1,
3614273069557,false,"ליברה אינטנס אדפ לאישה 90 מ""ל - איב סאן לורן",,,"ליברה אינטנס אדפ לאישה 90 מ""ל - איב סאן לורן",00000,1,00000,false,1.0000,399,399.0000,false,1,
3614273776127,false,YSL LIBRE LE PARFUM S90ML,,,YSL LIBRE LE PARFUM S90ML,00000,1,00000,false,0.0000,450,450.0000,false,1,
3616301787792,false,"אדידס - CHAMPIONS UEFA LEAGUE אדט 100 מ""ל",,,"אדידס - CHAMPIONS UEFA LEAGUE אדט 100 מ""ל",00000,1,00000,false,0.0000,27.9,27.9000,false,1,
3616302022472,false,גוצ'י פלורה ג'ורס גרנדיה,,,גוצ'י פלורה ג'ורס גרנדיה,00000,1,00000,false,0.0000,489,489.0000,true,1,
3661163904016,false,"נאוטיקה קלאסיק (ג)אדט 100 מ""ל",,,"נאוטיקה קלאסיק (ג)אדט 100 מ""ל",00000,1,00000,false,0.0000,59.9,59.9000,false,1,
3661163991146,false,"אדידס - דאודורנט ספריי לאישה קול אנד קר פרש 150 מ""ל",מיוצר עי קונדיטוריית,PT,"אדידס - דאודורנט ספריי לאישה קול אנד קר פרש 150 מ""ל",00000,1,00000,false,12.0000,10,10.0000,false,1,
3661163991580,false,"אדידס - דאודורנט ספריי לאישה קול אנד קר 6 ב-1 150 מ""ל",מיוצר עי קונדיטוריית,PT,"אדידס - דאודורנט ספריי לאישה קול אנד קר 6 ב-1 150 מ""ל",00000,1,00000,false,12.0000,10,10.0000,false,1,
3665468301723,false,אירוויק באז מבשם ומנטרל ריחות בניחוח לילות לבנים 237 מ'ל,,PL,"איירוויק מבשם אוויר ומנטרל ריחות – ערפילי בוקר 237 מ""ל",00000,1,00000,false,8.0000,14.9,14.9000,false,1,
3700134410290,false,yes i am the king legend 100 ml edp,,,yes i am the king legend 100 ml edp,00000,1,00000,false,12.0000,199.9,199.9000,false,1,
3760059901037,false,"אומברה מאסק א.ד.פ 100 מ""ל",,,"אומברה מאסק א.ד.פ 100 מ""ל",00000,1,00000,false,12.0000,39.9,39.9000,false,1,
3760060761880,false,Nitro Red EDP 100 ml,,,Nitro Red EDP 100 ml,00000,1,00000,false,12.0000,200,200.0000,false,1,
3760060762269,false,"ADMIRA ELSATYS EDP 100M""L",,,"ADMIRA ELSATYS EDP 100M""L",00000,1,00000,false,0.0000,300,300.0000,false,1,
3760260450003,false,"רוזס מאסק Roses Musk א.ד.פ לאישה 100 מ""ל",מונטאל Montale,,"מונטל ROSES MUSKאדפ 100מ""ל",00000,1,00000,false,0.0000,269.9,269.9000,true,1,
3800005103075,false,מילקה - שוקולד אגוזי לוז שלמים 100 גרם,,,מילקה - שוקולד אגוזי לוז שלמים 100 גרם,00000,1,00000,false,17.0000,6.9,6.9000,true,1,
3800038712237,false,"VICTORIA BEAUTY שמפו צבע לשיער V40 בורדו 40 מ""ל",,,"VICTORIA BEAUTY שמפו צבע לשיער V40 בורדו 40 מ""ל",00000,1,00000,false,0.0000,12.9,12.9000,false,1,
3838824127149,false,צבע לשיער פלטה - 1-1 שחור כחול,שוורצקוף Schwarzkopf,DE,פאלטה - שחור כחול 1-1,00000,1,00000,false,5.0000,17.9,17.9000,false,1,
3838824127200,false,צבע לשיער פלטה - 3-0 חום כהה,שוורצקוף Schwarzkopf,DE,פאלטה - חום כהה 3-0,00000,1,00000,false,5.0000,17.9,17.9000,false,1,
3838824127224,false,פלטה סמי קיט חום בינוני 4-0 צבע שיער,שוורצקוף Schwarzkopf,DE,פאלטה - חום בינוני 4-0,00000,1,00000,false,5.0000,17.9,17.9000,false,1,
3838824127248,false,פלטה סמי קיט חום בהיר 5-0 צבע שיער,שוורצקוף Schwarzkopf,DE,פאלטה - חום בהיר 5-0,00000,1,00000,false,5.0000,17.9,17.9000,false,1,
3838824127262,false,פלטה סמי קיט בלונד כהה 6-0 צבע שיער,שוורצקוף Schwarzkopf,DE,פאלטה - בלונד כהה 6-0,00000,1,00000,false,5.0000,17.9,17.9000,false,1,
3838824127286,false,צבע לשיער פלטה - 7-0 בלונד בינוני,שוורצקוף Schwarzkopf,DE,פאלטה - בלונד בינוני 7-0,00000,1,00000,false,5.0000,17.9,17.9000,false,1,
3838824127309,false,פלטה סמי קיט בלונד בהיר 8-0 צבע שיער,שוורצקוף Schwarzkopf,DE,פאלטה - בלונד בהיר 8-0,00000,1,00000,false,5.0000,17.9,17.9000,false,1,
3838824127361,false,פלטה סמי קיט ערמונים בינוני5-68 צבע שיער,שוורצקוף Schwarzkopf,DE,פאלטה - ערמונים בינוני 5-68,00000,1,00000,false,5.0000,17.9,17.9000,false,1,
3838824127507,false,פלטה סמי קיט חום קטיפתי 4-60 צבע שיער,שוורצקוף Schwarzkopf,DE,פאלטה - חום קטיפתי 4-60,00000,1,00000,false,5.0000,17.9,17.9000,false,1,
3838824127583,false,צבע לשיער פלטה - 6-88 אדום בוער,שוורצקוף Schwarzkopf,DE,פאלטה - אדום בוער 6-88,00000,1,00000,false,5.0000,17.9,17.9000,false,1,
3838824127644,false,צבע לשיער פלטה - 4-89 חציל זוהר,שוורצקוף Schwarzkopf,DE,פאלטה - חציל זוהר 4-89,00000,1,00000,false,5.0000,17.9,17.9000,false,1,
3838824129020,false,פאלטה - דלוקס שמני הזנה שחור 1-0,שוורצקוף Schwarzkopf,DE,פאלטה - דלוקס שמני הזנה שחור 1-0,00000,1,00000,false,0.0000,27.9,27.9000,true,1,
3838824193915,false,צבע לשיער פאלטה סמי קיט שחור 0-1,שוורצקוף Schwarzkopf,DE,פאלטה - שחור  1-0,00000,1,00000,false,5.0000,17.9,17.9000,false,1,
3838824193939,false,פאלטה - דלוקס שמני הזנה סגול אצילי 4-99,שוורצקוף Schwarzkopf,DE,פאלטה - דלוקס שמני הזנה סגול אצילי 4-99,00000,1,00000,false,0.0000,27.9,27.9000,true,1,
3838824214320,false,פאלטה - דלוקס שמני הזנה שחור כחול 1-1,שוורצקוף Schwarzkopf,,פאלטה - דלוקס שמני הזנה שחור כחול 1-1,00000,1,00000,false,0.0000,27.9,27.9000,true,1,
3838824240275,false,פאלטה סמי קיט 6-65 נוגט,הנקל סוד,DE,פאלטה - נוגט 6-65,00000,1,00000,false,5.0000,17.9,17.9000,false,1,
3838824276007,false,פלטה סמי קיט 9-0 בלונד בהיר מאוד,הנקל סוד,DE,פאלטה - בלונד בהיר מאוד 9-0,00000,1,00000,false,5.0000,17.9,17.9000,false,1,
3838824327099,false,פאלטה בלונד פודרה 10-46 סמי קיט,,,פאלטה - בלונד פודרה 10-46,00000,1,00000,false,5.0000,17.9,17.9000,false,1,
3838824327112,false,פאלטה בלונד בז' אפרפר 12-46 סמי קיט,,,פאלטה בלונד בז' אפרפר 12-46 סמי קיט,00000,1,00000,false,5.0000,17.9,17.9000,false,1,
3838824332130,false,פאלטה ברוז' מהגוני כהה 3-68 סמי קיט,,,פאלטה - מהגוני כהה 3-68,00000,1,00000,false,5.0000,17.9,17.9000,false,1,
3838824371191,false,"גליס - מרכך ספריי נוטרי באלאנס 200 מ""ל",,,"גליס - מרכך ספריי נוטרי באלאנס 200 מ""ל",00000,1,00000,false,0.0000,29.9,29.9000,false,1,
3838824380902,false,צבעי שיער בלונד סופר בהיר 10-0 סמי קיט פאלטה,,,פאלטה - בלונד סופר בהיר 0-10,00000,1,00000,false,5.0000,17.9,17.9000,false,1,
3838824380940,false,צבעי שיער בלונד בהיר אפרפר 8-1 סמי קיט פאלט,,,פאלטה - בלונד בהיר אפרפר 1-8,00000,1,00000,false,5.0000,17.9,17.9000,false,1,
3838824381022,false,צבעי שיער חום שוקולד כהה 3-65 סמי קיט פאלטה,,,פאלטה - חום שוקולד כהה 3-65,00000,1,00000,false,5.0000,17.9,17.9000,false,1,
4000417101211,false,גלילי וופל עם קרם אגוזי לוז בציפוי שוקולד חלב,אמיצ'לי Amicelli,AT,אמיצלי - גלילי וופל אגוז 150 גרם,00000,1,00000,false,16.0000,17.9,17.9000,true,1,
4000417101310,false,אמיצלי - גלילי וופל קרם קקאו 150 גרם,Unknown,,אמיצלי - גלילי וופל קרם קקאו 150 גרם,00000,1,00000,false,16.0000,17.9,17.9000,true,1,
4000869032569,false,הפי פרש מטהר אוויר 150 ג',רלוי,,הפי פרש ג'ל,00000,1,00000,false,0.0000,6.9,6.9000,true,1,
4001638081863,false,"וולדה משחת שיניים לילדים, 50 מ""ל",וולדה WELEDA,,"וולדה משחת שיניים לילדים, 50 מ""ל",00000,1,00000,false,12.0000,29.9,29.9000,false,1,
4001638088138,false,"וולדה קרם קלנדולה לאזור החיתול, 75 מ""ל",וולדה WELEDA,,"וולדה קרם קלנדולה לאזור החיתול, 75 מ""ל",00000,1,00000,false,36.0000,34.9,34.9000,false,1,
4001638095228,false,"וולדה - דאודורנט רול און לגבר 50 מ""ל",,,"וולדה - דאודורנט רול און לגבר 50 מ""ל",00000,1,00000,false,0.0000,34.9,34.9000,false,1,
4001638095235,false,"וולדה - דאודורנט רול און לימון 50 מ""ל",,,"וולדה - דאודורנט רול און לימון 50 מ""ל",00000,1,00000,false,0.0000,34.9,34.9000,false,1,
4001638098090,false,"וולדה משחת שיניים מלחית, 75 מ""ל",וולדה WELEDA,,"וולדה משחת שיניים מלחית, 75 מ""ל",00000,1,00000,false,0.0000,29.9,29.9000,false,1,
4001686270530,false,הריבו - גומי פירות עם ליקריץ 200 גרם,,,הריבו - גומי פירות עם ליקריץ 200 גרם,00000,1,00000,false,24.0000,9.9,9.9000,false,1,
4001686312025,false,הריבו - גומי פירות בצורת מוצץ 200 גרם,,,הריבו - גומי פירות בצורת מוצץ 200 גרם,00000,1,00000,false,18.0000,9.9,9.9000,false,1,
4001686324851,false,הריבו - גומי דובדבן קולה 200 גרם,,,הריבו - גומי דובדבן קולה 200 גרם,00000,1,00000,false,30.0000,9.9,9.9000,false,1,
4001686340264,false,הריבו - גומי בטעמי פירות בצורת דובונים 175 גרם,,,הריבו - גומי בטעמי פירות בצורת דובונים 175 גרם,00000,1,00000,false,17.0000,9.9,9.9000,false,1,
4002448019480,false,"סיליט באנג ספריי מסיר שומנים 750 מ""ל",סיליט באנג Cillit Bang,PL,"סיליט מסיר שומנים 750 מ""ל",00000,1,00000,false,12.0000,11.9,11.9000,false,1,
4002590000022,false,סוכריות קלפני פירות יער אוכמניות 150 ג',קלפני Kalfany,DE,קלפני פ.יער חדש 150 גר',00000,1,00000,false,0.0000,10,10.0000,false,1,
4002590000046,false,סוכריות קלפני מנטה מרענן 150ג',קלפני Kalfany,DE,קלפני מרענן חדש 150 גר',00000,1,00000,false,0.0000,10,10.0000,false,1,
4002590000633,false,סוכריות קלפני פירות 150 ג',קלפני Kalfany,DE,קלפני פירות חדש 150 גר',00000,1,00000,false,0.0000,10,10.0000,false,1,
4002590703541,false,קלפני סוכריות קשות בטעם תות,קלפני Kalfany,DE,קלפני תות 150 גרם,00000,1,00000,false,0.0000,10,10.0000,false,1,
4004666042004,false,משמיד עובש עם מרסס מלרוד Mellerud,מרלוד,DE,"מלרוד - מרסס משמיד עובש 500 מ""ל",00000,1,00000,false,0.0000,29.9,29.9000,false,1,
4005808128273,false,ג'ל רחצה לגבר אנרג'י עם תמציות מנטה בניחוח ממריץ,טרופיקל דגיל תעשיות,DE,"ניוואה - ג'ל רחצה אנרג'י לגבר 500 מ""ל",00000,1,00000,false,0.0000,14.9,14.9000,false,1,
4005808128631,false,"ניוואה - ג'ל רחצה ספורט לגבר 500 מ""ל",ניוואה Nivea,DE,"ניוואה - ג'ל רחצה ספורט לגבר 500 מ""ל",00000,1,00000,false,0.0000,14.9,14.9000,false,1,
4005808158010,false,"ניוואה קרם רב שימושי 250 מ""ל",,,"ניוואה קרם רב שימושי 250 מ""ל",00000,1,00000,false,36.0000,19.9,19.9000,false,1,
4005808229390,false,ניוואה מן ג'ל רחצה לגבר קול 500מל,ניוואה Nivea,DE,"ניוואה - ג'ל רחצה קול לגבר 500 מ""ל",00000,1,00000,false,0.0000,14.9,14.9000,false,1,
4005808274932,false,אטריקס ק.לחות אינטנסיב,ביירסדורף,DE,אטריקס ק.לחות אינטנסיב,00000,1,00000,false,0.0000,10,10.0000,false,1,
4005808293469,false,"ניוואה - דאודורנט ספריי לגבר יבש 150 מ""ל",BEIERSDORF MANUFACTU,DE,"ניוואה - דאודורנט ספריי לגבר יבש 150 מ""ל",00000,1,00000,false,12.0000,12.9,12.9000,false,1,
4005808300259,false,"ניוואה - דאודורנט ספריי לגבר יבש 150 מ""ל",,,"ניוואה - דאודורנט ספריי לגבר יבש 150 מ""ל",00000,1,00000,false,6.0000,12.9,12.9000,false,1,
4005808366392,false,שפתון כחול בליסטר לבלו,טרופיקל דגיל תעשיות,DE,לבלו כחול בליסטר 5.5מל,00000,1,00000,false,24.0000,10,10.0000,false,1,
4005808368280,false,לבלו דובדבן בליסטר שפתון,טרופיקל דגיל תעשיות,DE,לבלו דובדבן בליסטר,00000,1,00000,false,24.0000,10,10.0000,false,1,
4005808650002,false,לבלו שפתון כחול,ברייסדוף,,לבלו כחול קלאסי,00000,1,00000,false,0.0000,10,10.0000,false,1,
4005808650200,false,לבלו שפתון סופט ורוד בודד 4.8גר,,,לבלו שפתון סופט ורוד בודד 4.8גר,00000,1,00000,false,12.0000,10,10.0000,false,1,
4005808650712,false,שפתון לבלו דובדבן,ביסיצורי,,לבלו דובדבן,00000,1,00000,false,0.0000,10,10.0000,false,1,
4005808650729,false,לבלו שפתון תות שדה,ביירסדורף,,לבלו תות,00000,1,00000,false,0.0000,10,10.0000,false,1,
4005808668847,false,"ניוואה תרחיץ פנים עדין לעור יבש 150 מ""ל",,,"ניוואה קרם ניקוי ורוד לעור רגיש 150מ""ל",00000,1,00000,false,0.0000,27.9,27.9000,false,1,
4005808670314,false,קרם לחות NIVEA אקווה אפקט לעור רגיל/מעורב SPF15,ניוואה Nivea,,קרם לחות NIVEA אקווה אפקט לעור רגיל/מעורב SPF15,00000,1,00000,false,0.0000,39.9,39.9000,false,1,
4005808698103,false,ניוואה תחליב גוף משאבה 500מל,בטר אנד דיפרנט,ES,ניוואה תחליב גוף משאבה 500מל,00000,1,00000,false,12.0000,27.9,27.9000,true,1,
4005808702107,false,ניוואה תחליב גוף עשיר משאבה 500מל,בטר אנד דיפרנט,ES,ניוואה תחליב גוף עשיר משאבה 500מל,00000,1,00000,false,12.0000,27.9,27.9000,true,1,
4005808746996,false,"ניוואה - סאן פרוטקט אנד ריפרש 200 מ""ל 30SPF",,,"ניוואה - סאן פרוטקט אנד ריפרש 200 מ""ל 30SPF",00000,1,00000,false,12.0000,34.9,34.9000,false,1,
4005808811519,false,"ניוואה ג'ל לניקוי פנים לעור רגיל, 150 מ""ל",,,"ניוואה ג'ל לניקוי פנים לעור רגיל, 150 מ""ל",00000,1,00000,false,0.0000,24.9,24.9000,true,1,
4005808811700,false,"ניוואה ג'ל לניקוי מאזן לעור, 150 מ""ל",,,"ניוואה ג'ל לניקוי מאזן לעור, 150 מ""ל",00000,1,00000,false,0.0000,24.9,24.9000,true,1,
4005808813001,false,תחליב לחות לאחר גילוח ניוואה,ביירסדורף,DE,ניוואה באלם 100,00000,1,00000,false,0.0000,24.9,24.9000,false,1,
4005808813063,false,תחליב לחות לעור רגיש לאחר גילוח,בטר אנד דיפרנט,DE,ניוואה מן באלם רגיש 100מל,00000,1,00000,false,6.0000,29.9,29.9000,false,1,
4005808828838,false,"ניוואה - דאודורנט ספריי לגבר קול קיק 150 מ""ל",ניוואה Nivea,DE,"ניוואה - דאודורנט ספריי לגבר קול קיק 150 מ""ל",00000,1,00000,false,30.0000,12.9,12.9000,false,1,
4005808837359,false,"ניוואה - דאודורנט רול און לאישה פרל אנד ביוטי 50 מ""ל",ביירסדורף AG,DE,"ניוואה - דאודורנט רול און לאישה פרל אנד ביוטי 50 מ""ל",00000,1,00000,false,12.0000,10,10.0000,false,1,
4005808850723,false,שפתון לבלו תות בליסט,טרופיקל דגיל תעשיות,DE,לבלו תות בליסטר 5.5מל,00000,1,00000,false,12.0000,10,10.0000,false,1,
4005808850907,false,לבלו הידרו קר בליסטר 5.5מל,,,לבלו הידרו קר בליסטר 5.5מל,00000,1,00000,false,12.0000,10,10.0000,false,1,
4005808890507,false,ניוואה סופט קרם לחות 200מל,ניוואה Nivea,IT,ניוואה סופט קרם לחות 200מל,00000,1,00000,false,24.0000,19.9,19.9000,true,1,
4005808890576,false,ניוואה סופט שפופרת 75מל,ניוואה Nivea,DE,ניוואה סופט שפופרת 75מל,00000,1,00000,false,24.0000,10,10.0000,false,1,
4005808908585,false,"ניוואה - דאודורנט ספריי לאישה פאודר טאץ 150 מ""ל",,,"ניוואה - דאודורנט ספריי לאישה פאודר טאץ 150 מ""ל",00000,1,00000,false,12.0000,12.9,12.9000,false,1,
4005900036445,false,"ניוואה - דאודורנט רול און לאישה בלק&וויט פיור 50 מ""ל",,,"ניוואה - דאודורנט רול און לאישה בלק&וויט פיור 50 מ""ל",00000,1,00000,false,6.0000,10,10.0000,false,1,
4005900036476,false,"ניוואה - דאודורנט רול און לאישה בלק אנד וויט קליר 50 מ""ל",טרופיקל דגיל תעשיות,DE,"ניוואה - דאודורנט רול און לאישה בלק אנד וויט קליר 50 מ""ל",00000,1,00000,false,12.0000,10,10.0000,false,1,
4005900036483,false,"ניוואה - דאודורנט ספריי לגבר שקוף בלק וווי 150 מ""ל",בטר אנד דיפרנט,DE,"ניוואה - דאודורנט ספריי לגבר שקוף בלק וווי 150 מ""ל",00000,1,00000,false,12.0000,12.9,12.9000,false,1,
4005900036506,false,"ניוואה - דאודורנט רול און לגבר שקוף בלק 50 מ""ל",טרופיקל דגיל תעשיות,DE,"ניוואה - דאודורנט רול און לגבר שקוף בלק 50 מ""ל",00000,1,00000,false,12.0000,10,10.0000,false,1,
4005900036568,false,"ניוואה - דאודורנט ספריי לאישה שקוף בלק וווי 150 מ""ל",ביירסדורף AG,DE,"ניוואה - דאודורנט ספריי לאישה שקוף בלק וווי 150 מ""ל",00000,1,00000,false,12.0000,12.9,12.9000,false,1,
4005900037909,false,"ניוואה - דאודורנט ספריי לאישה אינויזיבל פיור 150 מ""ל",,,"ניוואה - דאודורנט ספריי לאישה אינויזיבל פיור 150 מ""ל",00000,1,00000,false,12.0000,12.9,12.9000,false,1,
4005900092403,false,"ניוואה קרם יום אנטי אייג' 35+ 50 מ""ל",,,"ניוואה קרם יום אנטי אייג' 35+ 50 מ""ל",00000,1,00000,false,0.0000,39.9,39.9000,false,1,
4005900092427,false,"ניוואה קרם לילה אנטי אייג' 35+ 50 מ""ל",,,"ניוואה קרם לילה אנטי אייג' 35+ 50 מ""ל",00000,1,00000,false,0.0000,39.9,39.9000,false,1,
4005900138842,false,"ניוואה - תחליב רחצה סמוט 750 מ""ל",NIVEA,DE,"ניוואה - תחליב רחצה סמוט 750 מ""ל",00000,1,00000,false,0.0000,14.9,14.9000,false,1,
4005900485243,false,"ניוואה - דאודורנט רול און לגבר דריי פרש 50 מ""ל",,,"ניוואה - דאודורנט רול און לגבר דריי פרש 50 מ""ל",00000,1,00000,false,12.0000,10,10.0000,false,1,
4005900494900,false,"ניוואה - דאודורנט ספריי לגבר דריי פרש 150 מ""ל",,,"ניוואה - דאודורנט ספריי לגבר דריי פרש 150 מ""ל",00000,1,00000,false,12.0000,12.9,12.9000,false,1,
4005900494924,false,"ניוואה - דאודורנט ספריי לאישה דריי פרש אישה 150 מ""ל",,,"ניוואה - דאודורנט ספריי לאישה דריי פרש אישה 150 מ""ל",00000,1,00000,false,12.0000,12.9,12.9000,false,1,
4005900513045,false,"ניוואה - דאודורנט ספריי לגבר דיפ 150 מ""ל",ביירסדורף,DE,"ניוואה - דאודורנט ספריי לגבר דיפ 150 מ""ל",00000,1,00000,false,12.0000,12.9,12.9000,false,1,
4005900513069,false,"ניוואה - דאודורנט רול און לגבר דיפ 50 מ""ל",,,"ניוואה - דאודורנט רול און לגבר דיפ 50 מ""ל",00000,1,00000,false,12.0000,10,10.0000,false,1,
4005900521262,false,"ג'ל רחצה לגבר פיור אימפקט ניוואה 500 מ""ל",,,"ניוואה - ג'ל רחצה דיפ לגבר 500 מ""ל",00000,1,00000,false,12.0000,14.9,14.9000,false,1,
4005900525017,false,ניוואה קרם יום למניעת קמטים 45 +,,,ניוואה קרם יום למניעת קמטים 45 +,00000,1,00000,false,0.0000,49.9,49.9000,false,1,
4005900542557,false,"ניוואה - דאודורנט רול און לאישה בלק אנד וויט 50 מ""ל",,,"ניוואה - דאודורנט רול און לאישה בלק אנד וויט 50 מ""ל",00000,1,00000,false,12.0000,10,10.0000,false,1,
4005900547316,false,"ניוואה - דאודורנט ספריי לאישה שקוף בלק וווי 150 מ""ל",בטר אנד דיפרנט,DE,"ניוואה - דאודורנט ספריי לאישה שקוף בלק וווי 150 מ""ל",00000,1,00000,false,12.0000,12.9,12.9000,false,1,
4005900555915,false,"ניוואה - תחליב רחצה קוקוס וחוחובה 750 מ""ל",ביירסדורף AG,DE,"ניוואה - תחליב רחצה קוקוס וחוחובה 750 מ""ל",00000,1,00000,false,0.0000,14.9,14.9000,false,1,
4005900562029,false,"ניוואה מים מיסלרים ורדים 400 מ""ל",,,"ניוואה מים מיסלרים ורדים 400 מ""ל",00000,1,00000,false,0.0000,29.9,29.9000,true,1,
4005900562043,false,"ניוואה ג'ל ניקוי ורדים 150 מ""ל",,,"ניוואה ג'ל ניקוי ורדים 150 מ""ל",00000,1,00000,false,0.0000,27.9,27.9000,true,1,
4005900583093,false,שפתון לבלו KISS קורל,,,לבלו קיס פנינה,00000,1,00000,false,0.0000,19.9,19.9000,false,1,
4005900583116,false,לבלו קיס אדום תשוקה,,,לבלו קיס אדום תשוקה,00000,1,00000,false,0.0000,19.9,19.9000,false,1,
4005900639554,false,"ניוואה - דאודורנט רול און לאישה פרש נטורל לאישה ללא אלומיניום 50 מ""ל",ביירסדורף AG,DE,"ניוואה - דאודורנט רול און לאישה פרש נטורל לאישה ללא אלומיניום 50 מ""ל",00000,1,00000,false,12.0000,10,10.0000,false,1,
4005900648181,false,"ניוואה - תחליב רחצה אלוורה 750 מ""ל",ביירסדורף AG,DE,"ניוואה - תחליב רחצה אלוורה 750 מ""ל",00000,1,00000,false,0.0000,14.9,14.9000,false,1,
4005900683878,false,לבלו סקראב אלוה ורה בליסטר 5.5מל,,,לבלו סקראב אלוה ורה בליסטר 5.5מל,00000,1,00000,false,12.0000,10,10.0000,false,1,
4005900786975,false,"סרום לומינוס לטיפול מתקדם בכתמים כהים 50 מ""ל",,,"סרום לומינוס לטיפול מתקדם בכתמים כהים 50 מ""ל",00000,1,00000,false,0.0000,139.9,139.9000,true,1,
4005900803283,false,"ניוואה רוז קר קרם לחות 50 מ""ל",,,"ניוואה רוז קר קרם לחות 50 מ""ל",00000,1,00000,false,0.0000,49.9,49.9000,true,1,
4005900816016,false,"ניוואה - דאודורנט ספריי לאישה פרש טבעי לאישה 150 מ""ל",טרופיקל דגיל תעשיות,DE,"ניוואה - דאודורנט ספריי לאישה פרש טבעי לאישה 150 מ""ל",00000,1,00000,false,12.0000,12.9,12.9000,false,1,
4005900816023,false,"ניוואה - דאודורנט ספריי לגבר יבש 150 מ""ל",BEIERSDORF MANUFACTU,DE,"ניוואה - דאודורנט ספריי לגבר יבש 150 מ""ל",00000,1,00000,false,12.0000,12.9,12.9000,false,1,
4005900828088,false,"ניוואה - דאודורנט רול און לגבר פרש 50 מ""ל",טרופיקל דגיל תעשיות,DE,"ניוואה - דאודורנט רול און לגבר פרש 50 מ""ל",00000,1,00000,false,12.0000,10,10.0000,false,1,
4005900833723,false,"ניוואה - פאוור פרש ג'ל רחצה לגבר 500 מ""ל",,,"ניוואה - פאוור פרש ג'ל רחצה לגבר 500 מ""ל",00000,1,00000,false,12.0000,14.9,14.9000,false,1,
4005900835642,false,"ניקוי פילינג מסכה לפנים 3 ב 1 150 מ""ל ניוואה",,,"ניוואה ניקוי חימר 3 ב 1 150 מ""ל",00000,1,00000,false,0.0000,24.9,24.9000,true,1,
4005900841148,false,"ניוואה מן ג'ל גילוח קול קיק פרש 200 מ""ל",,,"ניוואה מן ג'ל גילוח קול קיק פרש 200 מ""ל",00000,1,00000,false,12.0000,15.9,15.9000,false,1,
4005900845702,false,"ניוואה - דאודורנט רול און לגבר קול קיק פרש 50 מ""ל",,,"ניוואה - דאודורנט רול און לגבר קול קיק פרש 50 מ""ל",00000,1,00000,false,12.0000,10,10.0000,false,1,
4005900845733,false,"דאודורנט ספריי קול קיק פרש לגבר ניוואה מן 150 מ""ל",,,"ניוואה - דאודורנט ספריי לגבר קול קיק פרש 150 מ""ל",00000,1,00000,false,12.0000,12.9,12.9000,false,1,
4005900874962,false,"ניוואה - דאודורנט רול און לגבר דיפ בלק 50 מ""ל",ביירסדורף AG,DE,"ניוואה - דאודורנט רול און לגבר דיפ בלק 50 מ""ל",00000,1,00000,false,12.0000,10,10.0000,false,1,
4005900978950,false,לבלו - דובדבן שפתון לחות מטפח מהדורת נסיכות דיסני,,,לבלו - דובדבן שפתון לחות מטפח מהדורת נסיכות דיסני,00000,1,00000,false,12.0000,10,10.0000,false,1,
4005900978967,false,לבלו - וניל שפתון לחות מטפח מהדורת נסיכות דיסני,,,לבלו - וניל שפתון לחות מטפח מהדורת נסיכות דיסני,00000,1,00000,false,12.0000,10,10.0000,false,1,
4005900978974,false,לבלו - סופט רוז שפתון לחות מטפח מהדורת נסיכות דיסני,,,לבלו - סופט רוז שפתון לחות מטפח מהדורת נסיכות דיסני,00000,1,00000,false,12.0000,10,10.0000,false,1,
4006000002569,false,ניוואה מארז טיפוח 4 פריטים לאישה FEELING SOFT,,,ניוואה מארז טיפוח 4 פריטים לאישה FEELING SOFT,00000,1,00000,false,0.0000,59.9,59.9000,false,1,
4006000002583,false,ניוואה מארז טיפוח 4 פריטים לגבר POWER FRESH,,,ניוואה מארז טיפוח 4 פריטים לגבר POWER FRESH,00000,1,00000,false,0.0000,79.9,79.9000,false,1,
4008400170428,false,פררו רושר שמינייה לב,גוד פוד פרודקטס S.p,PL,פררו רושה לב 125 גרם,00000,1,00000,false,9.0000,17.9,17.9000,true,1,
4008400230726,false,ביצת שוקולד הפתעה קינדר ענקית 100ג' בנים,קינדר Kinder,BE,קינדר ביצת הפתעה מקסי 100 ג',00000,1,00000,false,0.0000,19.9,19.9000,false,1,
4008402101772,false,קיווי אקספרס חום -משחת נעליים,Jonson ג'ונסון,ID,קיווי אקספרס ספוג הברקה חום,00000,1,00000,false,6.0000,14.9,14.9000,false,1,
4008600242932,false,"קונדומים מגוונים - מחוספסים, צבעוניים ובטעם תפוז",R3,,קונדומים פאן קולקשיין מגוונים 12 יח',00000,1,00000,false,5.0000,29.9,29.9000,false,1,
4008600284963,false,זוג מוצצי סיליקון כפתור שטוח 0-6,נוק Nuk,,NUK זוג מוצצים אדור 0-6 כחול,00000,1,00000,false,6.0000,39.9,39.9000,false,1,
4008600314189,false,NUK - זוג מוצצים אדור 6-18 חודש ורוד,נוק Nuk,,NUK - זוג מוצצים אדור 6-18 חודש ורוד,00000,1,00000,false,6.0000,39.9,39.9000,false,1,
4008600387381,false,"בקבוק NUK אימון דיסני אפור, 150 מ""ל",,,"בקבוק NUK אימון דיסני אפור, 150 מ""ל",00000,1,00000,false,3.0000,29.9,29.9000,false,1,
4008666214829,false,"אלפסין נוזל קפאין לשיער, 200 מ""ל",אלפסין Alpecin,,"אלפסין נוזל קפאין לשיער, 200 מ""ל",00000,1,00000,false,0.0000,49.9,49.9000,false,1,
4008666215079,false,שמפו קפאין לחיזוק סיב השיערה,אלפסין Alpecin,,אלפסין שמפו קפאין 250מל',00000,1,00000,false,6.0000,39.9,39.9000,false,1,
4008666215178,false,"אלפסין שמפו לפעילות כפול קפאין, 200 מ""ל",אלפסין Alpecin,,"אלפסין שמפו לפעילות כפול קפאין, 200 מ""ל",00000,1,00000,false,0.0000,39.9,39.9000,false,1,
4009300522935,false,תה פומפדור תה ירוק לימונית ולואיזה 20 יח',"איטיליאן פוד, אס.פי.",DE,פומפדור תה ירוק לימונית לואיזה,00000,1,00000,false,0.0000,14.9,14.9000,false,1,
4009300522966,false,פומפדור תה ירוק נענע 20 שקיקים,"איטיליאן פוד, אס.פי.",DE,פומפדור תה ירוק נענע,00000,1,00000,false,0.0000,14.9,14.9000,false,1,
4009300526438,false,פומפדור תה ירוק קלאסי 30 ג',"איטיליאן פוד, אס.פי.",DE,פומפדור תה ירוק קלאסי,00000,1,00000,false,0.0000,14.9,14.9000,false,1,
4009300528821,false,תה ירוק ג'ינג'ר קינמון פומפדור 30 ג',פומפדור Pompadour,DE,פומפדור תה ירוק ג'ינג'ר וקינמון,00000,1,00000,false,0.0000,14.9,14.9000,false,1,
4009900420129,false,מסטיק אורביט פרופשנל פפרמינט בקבוקון 64 גר',מרס נדרלנד,PL,אורביט פרופשיונל פפרמינט בקבוקון,00000,1,00000,false,12.0000,10,10.0000,true,1,
4009900479998,false,מסטיק אורביט בטעם אוכמניות ללא סוכר,ריגלי פולין,PL,אוכמניות בקבוקון דאבל,00000,1,00000,false,0.0000,10,10.0000,true,1,
4009900482417,false,מסטיק אורביט פירות מנטה בקבוקון באבל מינט 45יח,ריגלי פולין,PL,בבלמינט בקבוקון דאבל,00000,1,00000,false,0.0000,10,10.0000,true,1,
4009900500166,false,סוכריות פירות אדום סקיטלס בקבוקון 125ג',ריגלי ממתקים,,סקיטלס בקבוקון פירות,00000,1,00000,false,0.0000,8.9,8.9000,true,1,
4009900514996,false,מסטיק אורביט בקבוקון תות 64ג',חברת ריגלי בעמ,PL,אורביט - בקבוקון תות 64 גרם,00000,1,00000,false,12.0000,10,10.0000,true,1,
4009900521581,false,מסטיק פרופשונל מינטס מנטה בקבוקון 77 גר',ריגלי פולין,PL,סוכריות מינטס מנטה בבקבוקון אורביט,00000,1,00000,false,0.0000,10,10.0000,false,1,
4009900521611,false,סוכריות אורביט מינטס דובדבן מנטה בבקבוקון,מרס נדרלנד,,סוכריות אורביט מינטס דובדבן מנטה בבקבוקון,00000,1,00000,false,0.0000,10,10.0000,false,1,
4009900531122,false,"מסטיק בטעם מנטה ספירמינט, 64 ג' פרופשיונל אורפיט",מרס נדרלנד,PL,אורביט פרופשיונל ספירמינט בקבוקון,00000,1,00000,false,12.0000,10,10.0000,true,1,
4009900534918,false,סקיטלס ג'יינט פירות 141 גרם,ריגלי,,סקיטלס ג'יינט פירות 141 גרם,00000,1,00000,false,14.0000,10,10.0000,true,1,
4009900535519,false,מסטיק אורביט רפרשרס ספירמינט ללא סוכר 15.6גר',Unknown,,מסטיק אורביט רפרשרס פפרמינט HP ללא סוכר,00000,1,00000,false,0.0000,3.9,3.9000,true,1,
4009900535823,false,מסטיק אורביט רפרשרס באבלמינט ללא סוכר 15.6גר',Unknown,,מסטיק אורביט רפרשרס בבלמינט HP ללא סוכר,00000,1,00000,false,0.0000,3.9,3.9000,true,1,
4009900539340,false,סקיטלס ג'יינט סאוור 141 גרם,מרס ריגלי קונפקשונרי,PL,סקיטלס ג'יינט סאוור 141 גרם,00000,1,00000,false,14.0000,10,10.0000,true,1,
4009900539401,false,מסטיק פייב באונס בטעם מנטה HP,Unknown,PL,מסטיק פייב באונס בטעם מנטה HP,00000,1,00000,false,16.0000,3.9,3.9000,false,1,
4009900539432,false,מסטיק פייב באונס בטעם אבטיח HP,Unknown,PL,מסטיק פייב באונס בטעם אבטיח HP,00000,1,00000,false,16.0000,3.9,3.9000,false,1,
4009900539685,false,"מסטיק פייב באונס בטעם מנטה בקבוקון, 61.8 גרם",ריגלי בעמ רוסיה,PL,מסטיק פייב באונס בטעם מנטה בקבוקון,00000,1,00000,false,6.0000,11.9,11.9000,false,1,
4009900539746,false,"מסטיק פייב באונס בטעם אבטיח בקבוקון, 61.8 גרם",ריגלי בעמ רוסיה,PL,מסטיק פייב באונס בטעם אבטיח בקבוקון,00000,1,00000,false,6.0000,11.9,11.9000,false,1,
4009900540551,false,מסטיק אורביט רפרשרס טרופיקל בקבוקון ללא סוכר,מרס פולין,PL,מסטיק אורביט רפרשרס טרופיקל בקבוקון ללא סוכר,00000,1,00000,false,0.0000,11.9,11.9000,true,1,
4011700453092,false,טבק ג'ל גילוח 200,,,טבק ג'ל גילוח 200,00000,1,00000,false,0.0000,14.9,14.9000,true,1,
4014400910063,false,סוכריות וורטר טופי חמאה 135ג',אוגוסט שטורק,DE,וורטר חדש 135 גר' שקית,00000,1,00000,false,0.0000,10,10.0000,false,1,
4014400914696,false,וורטר אורגינל סוכריות ללא סוכר 80 ג',אוגוסט שטורק,DE,וורטר לל'ס חדש,00000,1,00000,false,0.0000,7.9,7.9000,false,1,
4014400923711,false,טופיפי 125 גר' - חלב נוכרי,אוגוסט שטורק,DE,טופיפי 125 גר',00000,1,00000,false,0.0000,9.9,9.9000,false,1,
4014400925319,false,סוכריות וורטר פופקורן קרמל 140 גר',וורטרס Werther's,DE,ורטרס אורגינל פופקורן עם קרמל 1/12,00000,1,00000,false,0.0000,14.9,14.9000,true,1,
4014400929010,false,חטיף וופל מיני קנופרס 200 גרם,קנופרס,,קנופרס - מיניס בשקית 200 גרם,00000,1,00000,false,20.0000,14.9,14.9000,true,1,
4014400931327,false,ורטרס אורגינל פופקורן עם קרמל זרעי דלעת 1/12,וורטרס Werther's,DE,ורטרס אורגינל פופקורן עם קרמל זרעי דלעת 1/12,00000,1,00000,false,12.0000,14.9,14.9000,true,1,
4015000031394,false,"ספטיל - משחה להסרת כתמים 200 מ""ל",קריות זול,IL,"ספטיל - משחה להסרת כתמים 200 מ""ל",00000,1,00000,false,12.0000,12.9,12.9000,false,1,
4015000280211,false,"פה - דאודורנט רול און לאישה קאריביין לימון 50 מ""ל",שוורצקוף& הנקל דיסלד,DE,"פה - דאודורנט רול און לאישה קאריביין לימון 50 מ""ל",00000,1,00000,false,0.0000,10,10.0000,false,1,
4015000280372,false,"פה - דאודורנט רול און לגבר ספורט 50 מ""ל",הנקל סוד,DE,"פה - דאודורנט רול און לגבר ספורט 50 מ""ל",00000,1,00000,false,0.0000,10,10.0000,false,1,
4015000519915,false,"פה - דאודורנט ספריי לאישה פינק פרדייס 200 מ""ל",קריות זול,DE,"פה - דאודורנט ספריי לאישה פינק פרדייס 200 מ""ל",00000,1,00000,false,0.0000,10,10.0000,false,1,
4015000537049,false,"גליס - מרכך משקם אקספרס שיקום מלא 200 מ""ל",,,"גליס - מרכך משקם אקספרס שיקום מלא 200 מ""ל",00000,1,00000,false,0.0000,29.9,29.9000,false,1,
4015000615884,false,"פה - דאודורנט ספריי לאישה קריביין לימון 200 מ""ל",שוורצקופף והנקל,DE,"פה - דאודורנט ספריי לאישה קריביין לימון 200 מ""ל",00000,1,00000,false,0.0000,10,10.0000,false,1,
4015000615891,false,"פה - דאודורנט ספריי לאישה אקווה 200 מ""ל",הנקל סוד,DE,"פה - דאודורנט ספריי לאישה אקווה 200 מ""ל",00000,1,00000,false,0.0000,10,10.0000,false,1,
4015000615921,false,"פה - דאודורנט ספריי לגבר ספורט 200 מ""ל",הנקל סוד,DE,"פה - דאודורנט ספריי לגבר ספורט 200 מ""ל",00000,1,00000,false,0.0000,10,10.0000,false,1,
4015000940948,false,מרכך גליס Gliss שיקום נזק קיצוני אולטימט ריפייר,שוורצקוף Schwarzkopf,DE,"גליס - מרכך שיקום אולטימטיבי 400 מ""ל",00000,1,00000,false,0.0000,11.9,11.9000,false,1,
4015000940955,false,שמפו גליס Gliss שיקום נזק קיצוני אולטימט ריפייר,שוורצקוף Schwarzkopf,DE,"גליס - שמפו אולטימט ריפייר 400 מ""ל",00000,1,00000,false,0.0000,11.9,11.9000,false,1,
4015100190786,false,גליס מסכת סרום לשיקום עמוק עם קרטין,שוורצקוף Schwarzkopf,,"גליס - מסכה סרום שיקום עמוק 300 מ""ל",00000,1,00000,false,6.0000,24.9,24.9000,true,1,
4015100190793,false,גליס מסכה לשיער יבש ופגום במיוחד Ultimate Repair,שוורצקוף Schwarzkopf,,"גליס - מסכה שיקום אולטימטיבי 300 מ""ל",00000,1,00000,false,6.0000,24.9,24.9000,true,1,
4015100438154,false,פאלטה - דלוקס קיט בלונד טיטניום 12-2,,,פאלטה - דלוקס קיט בלונד טיטניום 12-2,00000,1,00000,false,0.0000,27.9,27.9000,true,1,
4015400219507,false,טמפקס קומפאק נורמל 16 יח',פרוקטר & גמבל,HU,טמפקס קומפאק נורמל 16 יח',00000,1,00000,false,6.0000,12.9,12.9000,false,1,
4015400219712,false,טמפקס קומפאק סופר 16 יח',,,טמפקס קומפאק סופר 16 יח',00000,1,00000,false,6.0000,12.9,12.9000,false,1,
4015400362920,false,טמפונים עם מוליך Tambax,,,טמפקס רגולר 20 יח',00000,1,00000,false,12.0000,14.9,14.9000,false,1,
4015400563747,false,אולוויז - מגן תחתון נורמל 60 יח',פרוקטר אנד גמבל,UA,אולוויז - מגן תחתון נורמל 60 יח',00000,1,00000,false,4.0000,12.9,12.9000,true,1,
4015400563846,false,אולוויז - מגן תחתון לונג פלוס 44 יח',קדבורי,DE,אולוויז - מגן תחתון לונג פלוס 44 יח',00000,1,00000,false,4.0000,12.9,12.9000,true,1,
4015400564072,false,אולוויז - תחבושת (ס) יומית לונג פלוס 22 יח',,,אולוויז - תחבושת (ס) יומית לונג פלוס 22 יח',00000,1,00000,false,66.0000,7,7.0000,true,1,
4015400564324,false,אולוויז - מגן תחתון לארג' 52 יח',פרוקטר אנד גמבל,DE,אולוויז - מגן תחתון לארג' 52 יח',00000,1,00000,false,4.0000,12.9,12.9000,true,1,
4015400706953,false,אולוויז תחבושות אולטרא נורמל 10 יח',,,אולוויז תחבושות אולטרא נורמל 10 יח',00000,1,00000,false,16.0000,10,10.0000,false,1,
4015400814900,false,אולוויז תחבושת (ס) דיסקריט 20 יח' S,,,אולוויז תחבושת (ס) דיסקריט 20 יח' S,00000,1,00000,false,12.0000,16.9,16.9000,false,1,
4015600762742,false,שמפו יומיומי למניעת קשקשים הנוסחה הקלאסית,פרוקטר אנד גמבל,RO,"ה&ש שמפו קלאסי 500 מ""ל",00000,1,00000,false,6.0000,17.9,17.9000,true,1,
4015600762780,false,שמפו וקונדישינר יומיומי למניעת קשקשים הנוסחה הקלאסית 2in1,פרוקטר אנד גמבל,RO,"ה&ש 2 ב 1 קלאסי 500 מ""ל",00000,1,00000,false,6.0000,17.9,17.9000,true,1,
4015600762902,false,"שמפו מנטול הד אנד שולדרס 500 מ""ל",פרוקטר אנד גמבל,RO,"ה&ש שמפו מנטול 500 מ""ל",00000,1,00000,false,6.0000,17.9,17.9000,true,1,
4015600762940,false,שמפו יומיומי למניעת קשקשים בניחוח תפוח,פרוקטר אנד גמבל,RO,"ה&ש שמפו תפוח 500 מ""ל",00000,1,00000,false,6.0000,17.9,17.9000,true,1,
4015600763022,false,שמפו יומיומי למניעת קשקשים לשיער יבש/פגום לשיער רך כמשי,פרוקטר אנד גמבל,RO,"ה&ש שמפו מגע משי 500 מ""ל",00000,1,00000,false,6.0000,17.9,17.9000,true,1,
4015600766900,false,"שמפו ומרכ ך נגד קשקשים 500 מ""ל הד אנד שולדרס",פרוקטל אנד גמבל,RO,"הד אנד שולדרס שמפו 2 ב1 מנטול 500 מ""ל",00000,1,00000,false,6.0000,17.9,17.9000,true,1,
4015600807436,false,"ג'ילט - דאודורנט ג'ל לגבר כדוריות קול וויב 75 מ""ל",פרוקטר אנד גמבל,US,"ג'ילט - דאודורנט ג'ל לגבר כדוריות קול וויב 75 מ""ל",00000,1,00000,false,12.0000,16.9,16.9000,false,1,
4015600807573,false,"ג'ילט - דאודורנט ג'ל לגבר כדוריות פאוור ראש 75 מ""ל",פרוקטר אנד גמבל,US,"ג'ילט - דאודורנט ג'ל לגבר כדוריות פאוור ראש 75 מ""ל",00000,1,00000,false,12.0000,16.9,16.9000,false,1,
4025700001023,false,מילקה - שוקולד עם שבבי אגוזי לוז 100 גרם,,,מילקה - שוקולד עם שבבי אגוזי לוז 100 גרם,00000,1,00000,false,22.0000,6.9,6.9000,true,1,
4037400432342,false,קטיאס גומי וונדרלנד חמוץ 200 גרם,,,קטיאס גומי וונדרלנד חמוץ 200 גרם,00000,1,00000,false,20.0000,7.9,7.9000,false,1,
4045787068221,false,"אינדולה - פרוטאין צבע 1 שחור 60 מ""ל",אינדולה Indola,DE,"אינדולה - פרוטאין צבע 1 שחור 60 מ""ל",00000,1,00000,false,0.0000,10.9,10.9000,false,1,
4045787068245,false,צבע לשיער פרוטאין קולור- 1000.0 אקסטרה בלונד,אינדולה Indola,DE,"אינדולה - פרוטאין צבע 1000-0 אק בלונד 60 מ""ל",00000,1,00000,false,0.0000,10.9,10.9000,false,1,
4045787068252,false,צבע לשיער פרוטאין קולור- 1000.1 אקסטרה בלונד אפרפר,אינדולה Indola,DE,"אינדולה - פרוטאין צבע 1000-1 בלונ אפור 60 מ""ל",00000,1,00000,false,0.0000,10.9,10.9000,false,1,
4045787068283,false,"אינדולה - פרוטאין צבע 1-1 שחור כחול 60 מ""ל",אינדולה Indola,DE,"אינדולה - פרוטאין צבע 1-1 שחור כחול 60 מ""ל",00000,1,00000,false,0.0000,10.9,10.9000,false,1,
4045787068320,false,"אינדולה - פרוטאין צבע 5 חום 60 מ""ל",אינדולה Indola,DE,"אינדולה - פרוטאין צבע 5 חום 60 מ""ל",00000,1,00000,false,0.0000,10.9,10.9000,false,1,
4045787068337,false,"אינדולה - פרוטאין 5-35 חום שקד 60 מ""ל",אינדולה Indola,DE,"אינדולה - פרוטאין 5-35 חום שקד 60 מ""ל",00000,1,00000,false,0.0000,10.9,10.9000,false,1,
4045787068368,false,"אינדולה - פרוטאין צבע 5-66 שזיף 60 מ""ל",אינדולה Indola,DE,"אינדולה - פרוטאין צבע 5-66 שזיף 60 מ""ל",00000,1,00000,false,0.0000,10.9,10.9000,false,1,
4045787068382,false,צבע לשיער פרוטאין קולור- 6.03 חום זהבהב,אינדולה Indola,DE,"אינדולה - פרוטאין צבע 6-03 חום זהב 60 מ""ל",00000,1,00000,false,0.0000,10.9,10.9000,false,1,
4045787068467,false,"אינדולה - פרוטאין צבע 7 בלונד בינוני 60 מ""ל",אינדולה Indola,DE,"אינדולה - פרוטאין צבע 7 בלונד בינוני 60 מ""ל",00000,1,00000,false,0.0000,10.9,10.9000,false,1,
4045787068498,false,"אינדולה - פרוטאין צבע 7-3 דבש 60 מ""ל",אינדולה Indola,DE,"אינדולה - פרוטאין צבע 7-3 דבש 60 מ""ל",00000,1,00000,false,0.0000,10.9,10.9000,false,1,
4045787068535,false,צבע לשיער פרוטאין קולור- 7.66 אדום זוהר,אינדולה Indola,DE,"אינדולה - פרוטאין צבע 7.66 60 מ""ל",00000,1,00000,false,0.0000,10.9,10.9000,false,1,
4053700292455,false,ויט רצועות שעווה תמצית צמחים לעור רגיל,רקיט בנקיזר,FR,Veet רצועות שעווה לעור רגיל (12 יח'),00000,1,00000,false,6.0000,19.9,19.9000,false,1,
4056800627998,false,קולסטון 9/0 בלונד בהיר מאוד,,,קולסטון 9/0 בלונד בהיר מאוד,00000,1,00000,false,6.0000,14.9,14.9000,false,1,
4056800628001,false,קולסטון 8/0 בלונד בהיר,,,קולסטון 8/0 בלונד בהיר,00000,1,00000,false,6.0000,14.9,14.9000,false,1,
4056800628124,false,קולסטון 5/0 חום בהיר,,,קולסטון 5/0 חום בהיר,00000,1,00000,false,6.0000,14.9,14.9000,false,1,
4056800628162,false,קולסטון 4/0 חום בינוני,,,קולסטון 4/0 חום בינוני,00000,1,00000,false,6.0000,14.9,14.9000,false,1,
4056800628209,false,קולסטון 3/0 חום כהה,,,קולסטון 3/0 חום כהה,00000,1,00000,false,6.0000,14.9,14.9000,false,1,
4056800628247,false,קולסטון 2/0 שחור,,,קולסטון 2/0 שחור,00000,1,00000,false,6.0000,14.9,14.9000,false,1,
4056800628285,false,קולסטון 7/1 בלונד אפרפר בינוני,,,קולסטון 7/1 בלונד אפרפר בינוני,00000,1,00000,false,6.0000,14.9,14.9000,false,1,
4056800777761,false,צבע לשיער קולסטון קיט 2/0 שחור,וולה Wella,,קולסטון קיט 2/0 שחור,00000,1,00000,false,3.0000,32.9,32.9000,false,1,
4056800778171,false,צבע לשיער קולסטון קיט 5/5 מהגוני,וולה Wella,,קולסטון קיט 5/5 מהגוני,00000,1,00000,false,3.0000,32.9,32.9000,false,1,
4056800778706,false,קולסטון קיט 7/0 בלונד בינוני,פרוקטר אנד גמבל,DE,קולסטון קיט 7/0 בלונד בינוני,00000,1,00000,false,3.0000,32.9,32.9000,false,1,
4056800912483,false,"וולה - פלקס מוס למראה שיער מלא 200 מ""ל",,,"וולה - פלקס מוס למראה שיער מלא 200 מ""ל",00000,1,00000,false,6.0000,29.9,29.9000,false,1,
4059729011114,false,Catrice Volumizing Lip Balm 030,,,Catrice Volumizing Lip Balm 030,00000,1,00000,false,0.0000,20,20.0000,false,1,
4059729028693,false,Cat. Blush Box 040,,,Cat. Blush Box 040,00000,1,00000,false,0.0000,15,15.0000,false,1,
4059729028709,false,Cat. Blush Box 050,,,Cat. Blush Box 050,00000,1,00000,false,0.0000,15,15.0000,false,1,
4059729030559,false,Cat. Eye Brow Stylist 035,,,Cat. Eye Brow Stylist 035,00000,1,00000,false,0.0000,11,11.0000,false,1,
4059729032546,false,Catrice Lip Super Serum 010,,,Catrice Lip Super Serum 010,00000,1,00000,false,6.0000,20,20.0000,false,1,
4059729034410,false,Cat. HD Liquid Coverage Foundation 036,,,Cat. HD Liquid Coverage Foundation 036,00000,1,00000,false,0.0000,29,29.0000,false,1,
4059729036742,false,Cat. Slim'Matic Ultra Precise Brow Pencil Waterproof 040,,,Cat. Slim'Matic Ultra Precise Brow Pencil Waterproof 040,00000,1,00000,false,0.0000,14,14.0000,false,1,
4059729049537,false,Catrice Power Plumping Gel Lipstick 020,,,Catrice Power Plumping Gel Lipstick 020,00000,1,00000,false,0.0000,17,17.0000,false,1,
4059729049544,false,Cat. Power Plumping Gel Lipstick 030,,,Cat. Power Plumping Gel Lipstick 030,00000,1,00000,false,0.0000,17,17.0000,false,1,
4059729049568,false,Catrice Power Plumping Gel Lipstick 050,,,Catrice Power Plumping Gel Lipstick 050,00000,1,00000,false,0.0000,17,17.0000,false,1,
4059729049612,false,Cat. Power Plumping Gel Lipstick 100,,,Cat. Power Plumping Gel Lipstick 100,00000,1,00000,false,0.0000,17,17.0000,false,1,
4059729191380,false,Catrice Glam & Doll Boost Lash Growth Volume Mascara,,,Catrice Glam & Doll Boost Lash Growth Volume Mascara,00000,1,00000,false,0.0000,21,21.0000,false,1,
4059729191748,false,Cat. Kohl Kajal 270,,,Cat. Kohl Kajal 270,00000,1,00000,false,0.0000,9,9.0000,false,1,
4059729203250,false,Cat. Liquid Camouflage High Coverage Concealer 036,,,Cat. Liquid Camouflage High Coverage Concealer 036,00000,1,00000,false,0.0000,15,15.0000,false,1,
4059729203274,false,Cat. Liquid Camouflage High Coverage Concealer 048,,,Cat. Liquid Camouflage High Coverage Concealer 048,00000,1,00000,false,0.0000,15,15.0000,false,1,
4059729215789,false,Cat. Gold Effect Nail Polish 04,,,Cat. Gold Effect Nail Polish 04,00000,1,00000,false,0.0000,10,10.0000,false,1,
4059729220141,false,Cat. Better Than Fake Lip Primer,,,Cat. Better Than Fake Lip Primer,00000,1,00000,false,0.0000,21,21.0000,false,1,
4059729222077,false,Catrice Highlighting Eyeshadow 050,,,Catrice Highlighting Eyeshadow 050,00000,1,00000,false,0.0000,13,13.0000,false,1,
4059729222916,false,Cat. Blush Box Glowing + Multicolour 010,,,Cat. Blush Box Glowing + Multicolour 010,00000,1,00000,false,0.0000,17,17.0000,false,1,
4059729222923,false,Cat. Blush Box Glowing + Multicolour 020,,,Cat. Blush Box Glowing + Multicolour 020,00000,1,00000,false,0.0000,17,17.0000,false,1,
4059729244444,false,Cat. Blush Box 025,,,Cat. Blush Box 025,00000,1,00000,false,0.0000,15,15.0000,false,1,
4059729244475,false,Catrice - Glow Booster Serum,,,Catrice - Glow Booster Serum,00000,1,00000,false,1.0000,25,25.0000,false,1,
4059729244499,false,Catrice Hydro Plumping Serum,,,Catrice Hydro Plumping Serum,00000,1,00000,false,0.0000,25,25.0000,false,1,
4059729244536,false,Cat. Instant Awake Concealer 020,,,Cat. Instant Awake Concealer 020,00000,1,00000,false,0.0000,21,21.0000,false,1,
4059729244543,false,Cat. Instant Awake Concealer 030,,,Cat. Instant Awake Concealer 030,00000,1,00000,false,0.0000,21,21.0000,false,1,
4059729246271,false,Cat. Lashes To Kill Sexy Volume Mascara,,,Cat. Lashes To Kill Sexy Volume Mascara,00000,1,00000,false,0.0000,17,17.0000,false,1,
4059729248336,false,Cat. Hemp & Mint Glow Lip Balm,,,Cat. Hemp & Mint Glow Lip Balm,00000,1,00000,false,0.0000,21,21.0000,false,1,
4059729248343,false,Cat. Matt Pro Ink Liquid Lipstick 010,,,Cat. Matt Pro Ink Liquid Lipstick 010,00000,1,00000,false,0.0000,21,21.0000,false,1,
4059729248367,false,Cat. Matt Pro Ink Liquid Lipstick 030,,,Cat. Matt Pro Ink Liquid Lipstick 030,00000,1,00000,false,0.0000,21,21.0000,false,1,
4059729248381,false,Cat. Matt Pro Ink Liquid Lipstick 050,,,Cat. Matt Pro Ink Liquid Lipstick 050,00000,1,00000,false,0.0000,21,21.0000,false,1,
4059729248404,false,Catrice Matt Pro Ink Liquid Lipstick 070,,,Catrice Matt Pro Ink Liquid Lipstick 070,00000,1,00000,false,0.0000,21,21.0000,false,1,
4059729248411,false,Cat. Matt Pro Ink Liquid Lipstick 080,,,Cat. Matt Pro Ink Liquid Lipstick 080,00000,1,00000,false,0.0000,21,21.0000,false,1,
4059729250544,false,Catrice 99% Natural Base Coat,,,Catrice 99% Natural Base Coat,00000,1,00000,false,0.0000,10,10.0000,false,1,
4059729274670,false,Cat. Eye Brow Stylist 015,,,Cat. Eye Brow Stylist 015,00000,1,00000,false,0.0000,11,11.0000,false,1,
4059729275165,false,Catrice Brow Definer Brush Pen Longla. 020,,,Catrice Brow Definer Brush Pen Longla. 020,00000,1,00000,false,0.0000,15,15.0000,false,1,
4059729275172,false,Catrice Brow Definer Brush Pen Longla. 030,,,Catrice Brow Definer Brush Pen Longla. 030,00000,1,00000,false,0.0000,15,15.0000,false,1,
4059729276728,false,Catrice Plumping Lip Liner 070,,,Catrice Plumping Lip Liner 070,00000,1,00000,false,0.0000,11,11.0000,false,1,
4059729276797,false,Catrice Mattlover Lipstick Pen 090,,,Catrice Mattlover Lipstick Pen 090,00000,1,00000,false,6.0000,21,21.0000,false,1,
4059729277114,false,Catrice True Skin High Cover Concealer 032,,,Catrice True Skin High Cover Concealer 032,00000,1,00000,false,6.0000,17,17.0000,false,1,
4059729277206,false,Cat. True Skin Hydrating Foundation 010,,,Cat. True Skin Hydrating Foundation 010,00000,1,00000,false,0.0000,29,29.0000,false,1,
4059729277374,false,Cat. Poreless Perfection Powder,,,Cat. Poreless Perfection Powder,00000,1,00000,false,0.0000,21,21.0000,false,1,
4059729311351,false,Catrice LIFT UP Volume & Lift Masc. 010,,,Catrice LIFT UP Volume & Lift Masc. 010,00000,1,00000,false,6.0000,21,21.0000,false,1,
4059729312259,false,Catrice Brow Fix Soap Stylist 010,,,Catrice Brow Fix Soap Stylist 010,00000,1,00000,false,6.0000,17,17.0000,false,1,
4059729312532,false,Catrice One Step Skin Perfector,,,Catrice One Step Skin Perfector,00000,1,00000,false,6.0000,25,25.0000,false,1,
4059729312648,false,Catrice Power Full 5 Lip Care 030,,,Catrice Power Full 5 Lip Care 030,00000,1,00000,false,6.0000,15,15.0000,false,1,
4059729312655,false,Catrice Power Full 5 Lip Care 040,,,Catrice Power Full 5 Lip Care 040,00000,1,00000,false,6.0000,15,15.0000,false,1,
4059729312686,false,Catrice Quick Dry Top Coat,,,Catrice Quick Dry Top Coat,00000,1,00000,false,6.0000,10,10.0000,false,1,
4059729313270,false,Catrice Ult. Waterfr. Lip Tint 010,,,Catrice Ult. Waterfr. Lip Tint 010,00000,1,00000,false,6.0000,17,17.0000,false,1,
4059729313294,false,Catrice Ult. Waterfr. Lip Tint 030,,,Catrice Ult. Waterfr. Lip Tint 030,00000,1,00000,false,6.0000,17,17.0000,false,1,
4059729313317,false,Catrice Volume & Lift Brow Masc. WP 010,,,Catrice Volume & Lift Brow Masc. WP 010,00000,1,00000,false,6.0000,15,15.0000,false,1,
4059729313348,false,Catrice Volume & Lift Brow Masc. WP 040,,,Catrice Volume & Lift Brow Masc. WP 040,00000,1,00000,false,6.0000,15,15.0000,false,1,
4059729313393,false,Catrice Art Couleurs Eyeshadow 330,,,Catrice Art Couleurs Eyeshadow 330,00000,1,00000,false,6.0000,13,13.0000,false,1,
4059729313409,false,Catrice Art Couleurs Eyeshadow 340,,,Catrice Art Couleurs Eyeshadow 340,00000,1,00000,false,6.0000,13,13.0000,false,1,
4059729313768,false,Catrice Volumizing Extreme Lip Booster 020,,,Catrice Volumizing Extreme Lip Booster 020,00000,1,00000,false,6.0000,17,17.0000,false,1,
4059729329349,false,Catrice 20H Ultra Gel Eye Pencil WP 030,,,Catrice 20H Ultra Gel Eye Pencil WP 030,00000,1,00000,false,6.0000,10,10.0000,false,1,
4059729329981,false,Catrice LASH CHANGER Vol. Masc. 010,,,Catrice LASH CHANGER Vol. Masc. 010,00000,1,00000,false,6.0000,21,21.0000,false,1,
4059729330314,false,Catrice Art Couleurs Eyeshadow 360,,,Catrice Art Couleurs Eyeshadow 360,00000,1,00000,false,6.0000,13,13.0000,false,1,
4059729330352,false,Catrice Art Couleurs Eyeshadow 370,,,Catrice Art Couleurs Eyeshadow 370,00000,1,00000,false,6.0000,13,13.0000,false,1,
4059729330697,false,Catrice Blush Box Glowing & Multi. 030,,,Catrice Blush Box Glowing & Multi. 030,00000,1,00000,false,6.0000,17,17.0000,false,1,
4059729331571,false,Catrice All Matt Shine Make Up 010N,,,Catrice All Matt Shine Make Up 010N,00000,1,00000,false,6.0000,27,27.0000,false,1,
4059729331991,false,Catrice All Matt Shine Make Up 033C,,,Catrice All Matt Shine Make Up 033C,00000,1,00000,false,6.0000,27,27.0000,false,1,
4059729332875,false,Catrice All Matt Shine Powd. 100,,,Catrice All Matt Shine Powd. 100,00000,1,00000,false,6.0000,15,15.0000,false,1,
4059729333438,false,Catrice Ult. Waterfr. Lip Tint 050,,,Catrice Ult. Waterfr. Lip Tint 050,00000,1,00000,false,6.0000,17,17.0000,false,1,
4059729334343,false,Catrice Volumizing Extreme Lip Booster 030,,,Catrice Volumizing Extreme Lip Booster 030,00000,1,00000,false,6.0000,17,17.0000,false,1,
4059729334756,false,Catrice - Plumping Lip Liner 130,,,Catrice - Plumping Lip Liner 130,00000,1,00000,false,1.0000,11,11.0000,false,1,
4059729335456,false,Catrice More Than Nude Nail Polish 15,,,Catrice More Than Nude Nail Polish 15,00000,1,00000,false,6.0000,10,10.0000,false,1,
4059729347466,false,קטריס - מסקרה המעניקה נפח לריסים כמו של בובה עמיד במים,,,קטריס - מסקרה המעניקה נפח לריסים כמו של בובה עמיד במים,00000,1,00000,false,3.0000,17,17.0000,false,1,
4059729355836,false,Catrice - Superfr. + Protection Serum,,,Catrice - Superfr. + Protection Serum,00000,1,00000,false,1.0000,25,25.0000,false,1,
4059729355904,false,Catrice - Oil-Infused Highlighter 010,,,Catrice - Oil-Infused Highlighter 010,00000,1,00000,false,1.0000,21,21.0000,false,1,
4059729356017,false,Catrice - Hydro Supercharged Serum,,,Catrice - Hydro Supercharged Serum,00000,1,00000,false,1.0000,25,25.0000,false,1,
4059729357823,false,Catrice - Super Glue Brow Styling Gel 010,,,Catrice - Super Glue Brow Styling Gel 010,00000,1,00000,false,1.0000,18,18.0000,false,1,
4059729357939,false,Catrice - Matt. Oil-Control Primer,,,Catrice - Matt. Oil-Control Primer,00000,1,00000,false,1.0000,21,21.0000,false,1,
4059729358073,false,Catrice - Ultra Last2 Fixing Spray,,,Catrice - Ultra Last2 Fixing Spray,00000,1,00000,false,1.0000,21,21.0000,false,1,
4059729358189,false,Catrice - Youth Boost Eye Serum,,,Catrice - Youth Boost Eye Serum,00000,1,00000,false,1.0000,19,19.0000,false,1,
4059729359506,false,Catrice - Volumizing Extreme Lip Booster 040,,,Catrice - Volumizing Extreme Lip Booster 040,00000,1,00000,false,1.0000,17,17.0000,false,1,
4064666232386,false,"וולה - פלקס ספריי לעיצוב אולטרה גמיש 250 מ""ל",,,"וולה - פלקס ספריי לעיצוב אולטרה גמיש 250 מ""ל",00000,1,00000,false,6.0000,29.9,29.9000,false,1,
4064666232416,false,"וולה - פלקס מוס לעיצוב אולטרה גמיש 200 מ""ל",,,"וולה - פלקס מוס לעיצוב אולטרה גמיש 200 מ""ל",00000,1,00000,false,6.0000,29.9,29.9000,false,1,
4084500065536,false,"קרם לחות לחות מוגברת פנטן 300 מ""ל",פרוקטר אנד גמבל,FR,"פנטן קרם לחות לחות מוגברת 300 מ""ל",00000,1,00000,false,6.0000,19.9,19.9000,false,1,
4084500065598,false,"קרם לחות לתלתלים מושלמים פנטן 300מ""ל",פנטן Pantene,,"פנטן קרם לחות לתלתלים מושלמים 300מ""ל",00000,1,00000,false,6.0000,19.9,19.9000,false,1,
4084500081314,false,משחת שיניים פרו אקספרט לניקוי עמוק בטעם מנטה,אורל בי Oral B,,"אורל בי משחה פרואקספרט לניקוי עמוק 75 מ""ל",00000,1,00000,false,12.0000,10,10.0000,false,1,
4084500149526,false,טייד נוזל כביסה 2.48 ליטר,פרוקטר אנד גמבל,FR,טייד נוזל כביסה 2.48 ליטר,00000,1,00000,false,4.0000,25.9,25.9000,false,1,
4084500178137,false,טייד נוזל כביסה 4 ליטר,פרוקטר אנד גמבל,FR,טייד נוזל כביסה 4 ליטר,00000,1,00000,false,3.0000,34.9,34.9000,false,1,
4084500739253,false,"משחת שיניים אורל בי 3D white לובן מהודר 75 מ""ל",פרוקטר & גמבל,DE,אורל בי משחת שיניים 3D WHITE לובן מהודר,00000,1,00000,false,12.0000,29.9,29.9000,false,1,
4103040906892,false,SEBAMED-FACE&BODY 200ML,,,SEBAMED-FACE&BODY 200ML,00000,1,00000,false,0.0000,39.9,39.9000,false,1,
4210201105121,false,אורל בי ראש חשמלי קרוס אקשין 5 יח',,,אורל בי ראש חשמלי קרוס אקשין 5 יח',00000,1,00000,false,12.0000,99.9,99.9000,false,1,
4210201154594,false,מב.שיניים חשמלית אורל בי פרוזן (סוללות)##,,,מב.שיניים חשמלית אורל בי פרוזן (סוללות)##,00000,1,00000,false,24.0000,29.9,29.9000,false,1,
4210201203858,false,אורל בי מברשת שיניים נטענת 4000,,,אורל בי מברשת שיניים נטענת 4000,00000,1,00000,false,6.0000,289,289.0000,false,1,
4210201262183,false,מברשת שיניים חשמלית ויטליטי Vitality נטענת,פרוקטר & גמבל,DE,אורל בי ויטליטי מברשת חשמלית נטענת D100,00000,1,00000,false,6.0000,89.9,89.9000,false,1,
4210201312314,false,אורל בי מברשת שיניים חשמלית PRO750,,,אורל בי מברשת שיניים חשמלית PRO750,00000,1,00000,false,6.0000,149.9,149.9000,false,1,
4210201355502,false,מב.שיניים חשמלית אורל בי מכוניות/נסיכות (סוללות)##,,,מב.שיניים חשמלית אורל בי מכוניות/נסיכות (סוללות)##,00000,1,00000,false,8.0000,29.9,29.9000,false,1,
4210201365334,false,אורל בי ראש מילוי חשמלי פחם 4 יחידות,פרוקטר & גמבל,IE,אורל בי ראש מילוי חשמלי פחם 4 יחידות,00000,1,00000,false,12.0000,89.9,89.9000,false,1,
4210201403319,false,אורל בי מברשת חשמלית נטענת ויטליטי פחם,פרוקטר & גמבל,DE,אורל בי מברשת חשמלית נטענת ויטליטי פחם,00000,1,00000,false,6.0000,89.9,89.9000,false,1,
4210201848271,false,אורל בי ראש חשמלי ניקוי מדויק 5 יח',,,אורל בי ראש חשמלי ניקוי מדויק 5 יח',00000,1,00000,false,12.0000,99.9,99.9000,false,1,
4250035228290,false,Cat. Allround Mascara Waterproof,,,Cat. Allround Mascara Waterproof,00000,1,00000,false,0.0000,15,15.0000,false,1,
4250035261877,false,Cat. Allround Concealer,,,Cat. Allround Concealer,00000,1,00000,false,0.0000,15,15.0000,false,1,
4250035288157,false,Cat. Kohl Kajal 010,,,Cat. Kohl Kajal 010,00000,1,00000,false,0.0000,9,9.0000,false,1,
4250035288188,false,Cat. Kohl Kajal 040,,,Cat. Kohl Kajal 040,00000,1,00000,false,0.0000,9,9.0000,false,1,
4250338446513,false,Cat. Sharpener,,,Cat. Sharpener,00000,1,00000,false,0.0000,9,9.0000,false,1,
4250338474363,false,Cat. Liquid Liner,,,Cat. Liquid Liner,00000,1,00000,false,0.0000,15,15.0000,false,1,
4250338474400,false,Cat. Liquid Liner Waterproof,,,Cat. Liquid Liner Waterproof,00000,1,00000,false,0.0000,16,16.0000,false,1,
4250338487752,false,Cat. Eye Brow Stylist 020,,,Cat. Eye Brow Stylist 020,00000,1,00000,false,0.0000,11,11.0000,false,1,
4250338487769,false,Cat. Eye Brow Stylist 030,,,Cat. Eye Brow Stylist 030,00000,1,00000,false,0.0000,11,11.0000,false,1,
4250338487783,false,Catrice Lashes To Kill Waterproof Volume Mascara,,,Catrice Lashes To Kill Waterproof Volume Mascara,00000,1,00000,false,0.0000,17,17.0000,false,1,
4250587723779,false,CATRICE ג'ל לעיצוב הגבות,,,CATRICE ג'ל לעיצוב הגבות,00000,1,00000,false,0.0000,14,14.0000,false,1,
4250587732825,false,Catrice Sun Glow Matt Bronzing Powder 030,,,Catrice Sun Glow Matt Bronzing Powder 030,00000,1,00000,false,0.0000,17,17.0000,false,1,
4250587754230,false,Cat. All Matt Plus Shine Control Powder 010,,,Cat. All Matt Plus Shine Control Powder 010,00000,1,00000,false,0.0000,15,15.0000,false,1,
4250587754278,false,Cat. All Matt Plus Shine Control Powder 030,,,Cat. All Matt Plus Shine Control Powder 030,00000,1,00000,false,0.0000,15,15.0000,false,1,
4250587768367,false,Cat. Eye Brow Stylist 040,,,Cat. Eye Brow Stylist 040,00000,1,00000,false,0.0000,11,11.0000,false,1,
4250947531518,false,Cat. Nude Illusion Loose Powder,,,Cat. Nude Illusion Loose Powder,00000,1,00000,false,0.0000,23,23.0000,false,1,
4250947543726,false,Catrice - Lash Curler,,,Catrice - Lash Curler,00000,1,00000,false,1.0000,17,17.0000,false,1,
4250947544662,false,Cat. Liquid Camouflage High Coverage Concealer 010,,,Cat. Liquid Camouflage High Coverage Concealer 010,00000,1,00000,false,0.0000,15,15.0000,false,1,
4250947544686,false,Cat. Liquid Camouflage High Coverage Concealer 020,,,Cat. Liquid Camouflage High Coverage Concealer 020,00000,1,00000,false,0.0000,15,15.0000,false,1,
4250947562277,false,Cat. Glam&Doll False Lashes Mascara,,,Cat. Glam&Doll False Lashes Mascara,00000,1,00000,false,0.0000,17,17.0000,false,1,
4250947563618,false,Cat. Liquid Camouflage High Coverage Concealer 005,,,Cat. Liquid Camouflage High Coverage Concealer 005,00000,1,00000,false,0.0000,15,15.0000,false,1,
4250947598313,false,Cat. HD Liquid Coverage Foundation 040,,,Cat. HD Liquid Coverage Foundation 040,00000,1,00000,false,0.0000,29,29.0000,false,1,
4250947598368,false,Cat. Prime And Fine Multitalent Fixing Spray,,,Cat. Prime And Fine Multitalent Fixing Spray,00000,1,00000,false,0.0000,20,20.0000,false,1,
4251232200706,false,Cat. Kohl Kajal 230,,,Cat. Kohl Kajal 230,00000,1,00000,false,0.0000,9,9.0000,false,1,
4251232217537,false,Cat. 18h Colour & Contour Eye Pencil 030,,,Cat. 18h Colour & Contour Eye Pencil 030,00000,1,00000,false,0.0000,10,10.0000,false,1,
4251232241860,false,Cat. ICONails Gel Lacquer 03,,,Cat. ICONails Gel Lacquer 03,00000,1,00000,false,0.0000,10,10.0000,false,1,
4251232282788,false,Cat. Kohl Kajal 260,,,Cat. Kohl Kajal 260,00000,1,00000,false,0.0000,9,9.0000,false,1,
4251232283600,false,Catrice Mattlover Lipstick Pen 040,,,Catrice Mattlover Lipstick Pen 040,00000,1,00000,false,0.0000,21,21.0000,false,1,
4251232283624,false,Cat. Mattlover Lipstick Pen 060,,,Cat. Mattlover Lipstick Pen 060,00000,1,00000,false,0.0000,21,21.0000,false,1,
4251232283631,false,Cat. Mattlover Lipstick Pen 070,,,Cat. Mattlover Lipstick Pen 070,00000,1,00000,false,0.0000,21,21.0000,false,1,
4251232284324,false,Cat. Liquid Camouflage High Coverage Concealer 015,,,Cat. Liquid Camouflage High Coverage Concealer 015,00000,1,00000,false,0.0000,15,15.0000,false,1,
4251232284546,false,Catrice ICONails Gel Lacquer 51,,,Catrice ICONails Gel Lacquer 51,00000,1,00000,false,0.0000,10,10.0000,false,1,
4533213040816,false,"בייבי פוט ג'ל לכף הרגל, 1 גרם",,,"בייבי פוט ג'ל לכף הרגל, 1 גרם",00000,1,00000,false,12.0000,69.9,69.9000,false,1,
4549784654987,false,סביבון מניונים אורות קולות,,,סביבון מניונים אורות קולות,00000,1,00000,false,12.0000,14.9,14.9000,false,1,
4640018993343,false,פיניש קואנטום קפסולות ג'יל רגיל 30 יחי,רקיט בנקיזר,PL,פיניש קוואנטום 30 קפ' שקית,00000,1,00000,false,7.0000,34.9,34.9000,false,1,
4640018993350,false,קפסולות למדיח פיניש קוואנטום לימון 30 יח',רקיט בנקיזר,PL,פיניש קוואנטום 30 קפ' שקית לימון,00000,1,00000,false,7.0000,34.9,34.9000,false,1,
4640018993398,false,קפסולות ג'יל רגיל קואנטום 60 יח' פיניש,רקיט בנקיזר,PL,פיניש קוואנטום 60 קפסולות שקית,00000,1,00000,false,6.0000,54.9,54.9000,true,1,
4710068001715,false,"מאסטר קפה טרמיסו 240 מ""ל",יוני פרזינדנט אנטרפר,,מאסטר קפה טרמיסו,00000,1,00000,false,24.0000,6.9,6.6000,false,1,
4710068001739,false,"מאסטר קפה קולומביאני 240 מ""ל",יוני פרזינדנט אנטרפר,,מאסטר קפה קולומביאני,00000,1,00000,false,24.0000,6.9,6.6000,false,1,
4800888150080,false,"דאב - דאודורנט רול און לאישה פרש טאצ' מלפפונים 50 מ""ל",יוניליוור פיליפינים,PH,"דאב - דאודורנט רול און לאישה פרש טאצ' מלפפונים 50 מ""ל",00000,1,00000,false,12.0000,11.9,11.9000,false,1,
4800888209368,false,רקסונה - דאודורנט סטיק לגבר אקסטרא קול 50 גרם,,,רקסונה - דאודורנט סטיק לגבר אקסטרא קול 50 גרם,00000,1,00000,false,12.0000,10,10.0000,false,1,
4800888209382,false,רקסונה - דאודורנט סטיק לאישה קריסטל 50 גרם,,,רקסונה - דאודורנט סטיק לאישה קריסטל 50 גרם,00000,1,00000,false,12.0000,10,10.0000,false,1,
4800888209405,false,רקסונה - דאודורנט סטיק לגבר קובלט דריי 50 גרם,רקסונה Rexona,,רקסונה - דאודורנט סטיק לגבר קובלט דריי 50 גרם,00000,1,00000,false,12.0000,10,10.0000,false,1,
4800888219510,false,דאב - דאודורנט סטיק לאישה פרש מלפפונים 50 גרם,יוניליוור פיליפינים,,דאב - דאודורנט סטיק לאישה פרש מלפפונים 50 גרם,00000,1,00000,false,12.0000,13.9,13.9000,false,1,
4800888219534,false,דאב - דאודורנט סטיק לאישה אנטי פרספירמט 50 גרם,יוניליוור פיליפינים,IL,דאב - דאודורנט סטיק לאישה אנטי פרספירמט 50 גרם,00000,1,00000,false,12.0000,13.9,13.9000,false,1,
4823006805143,false,כפפות ניילון 100 יח' בקופסא,,,כפפות ניילון 100 יח' בקופסא,00000,1,00000,false,100.0000,5,5.0000,false,1,
4891228309268,false,"טאצ' אפ מעצב גבות מקצועי, 3 יחידות",,,"טאצ' אפ מעצב גבות מקצועי, 3 יחידות",00000,1,00000,false,25.0000,17.9,17.9000,false,1,
4891228430085,false,שיק אקסטרים 3 קומפורט + רגיש 4 יחידות,אנרג'יזר Energizer,CN,שיק אקסטרים 3 קומפורט + רגיש 4 יחידות,00000,1,00000,false,0.0000,14.9,14.9000,false,1,
4891228430092,false,שיק אקסטרים 3 קומפורט +לנשים 4 יחידות,אנרג'יזר Energizer,CN,שיק אקסטרים 3 קומפורט +לנשים 4 יחידות,00000,1,00000,false,0.0000,14.9,14.9000,false,1,
4897021690886,false,קופסת תרופות שבועית-יומית - פארמה מדיק,,,קופסת תרופות שבועית-יומית - פארמה מדיק,00000,1,00000,false,0.0000,10,10.0000,false,1,
4897021690961,false,פד סטרילי לעיניים,,,פד סטרילי לעיניים,00000,1,00000,false,0.0000,8,8.0000,false,1,
4902430742597,false,ORAL B ProHealth Criss Cross Bacterial Blast BUY 2 GET 1 (SOFT),,,ORAL B ProHealth Criss Cross Bacterial Blast BUY 2 GET 1 (SOFT),00000,1,00000,false,48.0000,19.9,19.9000,false,1,
4902430751483,false,מכשיר גילוח גילט מאך,פרוקטר אנד גמבל,PL,ג'ילט מאך3 מכשיר+סכין,00000,1,00000,false,12.0000,10,10.0000,false,1,
4902430861557,false,גילט פיוזן ידית וסכין עם בטריה,,,גילט פיוזן ידית וסכין עם בטריה,00000,1,00000,false,24.0000,39.9,39.9000,false,1,
4902430862394,false,ג'ילט פרוגלייד ידית ו 4 סכינים -מארז,,,ג'ילט פרוגלייד ידית ו 4 סכינים -מארז,00000,1,00000,false,6.0000,79.9,79.9000,false,1,
4902430904629,false,מכשיר גילוח פיוז'ן + סכין 1,,,גילט פיוזן ידית וסכין,00000,1,00000,false,36.0000,29.9,29.9000,false,1,
4902430905183,false,מברשת שיניים אורל בי ילדים שלישייה,,,ORAL B KIDS 3s (EXTRA SOFT),00000,1,00000,false,48.0000,14.9,14.9000,false,1,
4902430922586,false,ג'ילט פיוז'ן פרוגלייד ידית לגילוח,,,ג'ילט פיוז'ן פרוגלייד ידית לגילוח,00000,1,00000,false,6.0000,39.9,39.9000,false,1,
4902430922739,false,ג'ילט פיוז'ן פרוגלייד 4 סכינים לגילוח 5 להבים,,,ג'ילט פיוז'ן פרוגלייד 4 סכינים לגילוח 5 להבים,00000,1,00000,false,6.0000,49.9,49.9000,false,1,
4987176071545,false,אורל בי מברשות שיניים שישייה,,,ORAL B Cavity Defense Bacterial Fighter 6s (SOFT),00000,1,00000,false,48.0000,14.9,14.9000,false,1,
4987176101471,false,אורל בי סנסטיב לבן רביעייה (EXTRA SOFT),,,אורל בי סנסטיב לבן רביעייה (EXTRA SOFT),00000,1,00000,false,48.0000,14.9,14.9000,false,1,
4987176124630,false,גילט ונוס רביעיית ראשים,,,גילט ונוס רביעיית ראשים,00000,1,00000,false,18.0000,34.9,34.9000,false,1,
4987176128164,false,ORAL B Sensitive Care 5s (Extra Soft),,,ORAL B Sensitive Care 5s (Extra Soft),00000,1,00000,false,36.0000,17.9,17.9000,false,1,
4987176128188,false,ORAL B Cavity Defense Bacterial Fighter 6s (SOFT),פרוקטר & גמבל,IN,ORAL B Cavity Defense Bacterial Fighter 6s (SOFT),00000,1,00000,false,36.0000,14.9,14.9000,false,1,
4987176130037,false,אורל בי סנסטיב שחור שלישייה (EXTRA SOFT),,,אורל בי סנסטיב שחור שלישייה (EXTRA SOFT),00000,1,00000,false,48.0000,17.9,17.9000,false,1,
4987176130099,false,ORAL B Cavity Defense Charcoal 4's (MEDIUM),,,ORAL B Cavity Defense Charcoal 4's (MEDIUM),00000,1,00000,false,72.0000,19.9,19.9000,false,1,
5000108478119,false,קווקר פתיתי שיבולת שועל 500גרם,,,קווקר פתיתי שיבולת שועל 500גרם,גרם,1,גרם,false,24.0000,10,10.0000,false,1,
5000127533196,false,"קלוגס ווראייטי, 191 גרם",חברת קלוגס בריטניה,GB,"קלוגס ווראייטי, 191 גרם",00000,1,00000,false,12.0000,19.9,19.9000,false,1,
5000146401568,false,וולייט דפים למניעת העברת צבע 10 דפים,ווליט Woolite,IT,וולייט דפים 10 יח,00000,1,00000,false,0.0000,12.9,12.9000,true,1,
5000159376655,false,סוכריות סקיטלס 38 גר פירות 38 גרם,ריגלי ממתקים,,סקיטלס פירות 38 גרם,00000,1,00000,false,0.0000,3.5,3.5000,true,1,
5000159409179,false,מארז חטיפי מיני סניקרס Snickers,מרס הולנד בי.וי.,NL,מיני סניקרס 403 ג',00000,1,00000,false,0.0000,19.9,19.9000,false,1,
5000159452977,false,מארז מיקס מיני חטיפי שוקולד,מרס הולנד בי.וי.,NL,מיני מיקס 400 ג',00000,1,00000,false,0.0000,19.9,19.9000,false,1,
5000159500739,false,סלבריישן בצורת סוכריה 98 גרם,,,סלבריישן בצורת סוכריה 98 גרם,00000,1,00000,false,0.0000,10.9,10.9000,true,1,
5000204114898,false,"גלייד ארוסול בניחוח מרכך כביסה 300 מ""ל",אס.סי גונוסון,NL,גלייד ארוסול מרכך כביסה 2020,00000,1,00000,false,12.0000,10,10.0000,false,1,
5000204115048,false,"גלייד ארוסול בניחוח לבנדר 300 מ""ל","אס.סי ג'ונסון,מידרכט",NL,גלייד ארוסול לבנדר 2020,00000,1,00000,false,12.0000,10,10.0000,false,1,
5000204151084,false,"פלדג' אירוסול לניקוי כללי לימון 250 מ""ל",פלדג' Pledge,,פלדג' לניקוי כללי,00000,1,00000,false,0.0000,10,10.0000,false,1,
5000204182057,false,גלייד ג'ל ריחני בניחוח לבנדר 180 גרם,,,גלייד ג'ל ריחני בניחוח לבנדר 180 גרם,00000,1,00000,false,8.0000,15.9,15.9000,false,1,
5000204657913,false,"קיווי משחת נעליים שחור קטן 50מ""ל",ג' אל ראיה בוגור,ID,"קיווי מ. נעלים קופסא שחור 50מ""ל",00000,1,00000,false,12.0000,8,8.0000,false,1,
5000204658125,false,משחת נעליים מבריק ומגן בצבע חום,אס' סי' ג'ונסון במה,PL,"קיווי נוזל נעלים חום 75מ""ל",00000,1,00000,false,6.0000,14.9,14.9000,false,1,
5000204658187,false,"קיווי נוזל נעליים שחור 75מ""ל-חדש",אס' סי' ג'ונסון במה,PL,"קיווי נוזל נעלים שחור 75מ""ל",00000,1,00000,false,6.0000,14.9,14.9000,false,1,
5000207007159,false,"קלין & קליר - קרם לחות בעל פעולה כפולה 100 מ""ל",CILAG GMBH INTERNATI,FR,"קלין & קליר - קרם לחות בעל פעולה כפולה 100 מ""ל",00000,1,00000,false,6.0000,29.9,29.9000,false,1,
5000207007425,false,"קלין & קליר - קרם ג'ל גרגרים לניקוי 150 מ""ל",CILAG GMBH INTERNATI,FR,"קלין & קליר - קרם ג'ל גרגרים לניקוי 150 מ""ל",00000,1,00000,false,6.0000,29.9,29.9000,false,1,
5010182997253,false,"רייד ארוסול קוטל ג''וקים - 300 מ""ל",אס.סי.ג'ונסון מידרכט,NL,"רייד ארוסול קוטל זוחלים 300מ""ל",00000,1,00000,false,12.0000,11.9,11.9000,false,1,
5010182997918,false,"טואלט דאק ג'ל אסלה בניחוח ים 55 מ""ל","איטיליאן פוד, אס.פי.",IT,"דאק ג'ל אסלה ים כחול 55מ""ל",00000,1,00000,false,12.0000,10,10.0000,false,1,
5010182998847,false,"טואלט דאק נוזל לאסלה כחול 750 מ""ל",מיוצר עי קונדיטוריית,NL,"דאק נוזל ים 750מ""ל",00000,1,00000,false,12.0000,10,10.0000,false,1,
5010182998861,false,"טואלט דאק נוזל לאסלה ירוק 750 מ""ל",מיוצר עי קונדיטוריית,NL,"דאק נוזל רענן 750מ""ל",00000,1,00000,false,12.0000,10,10.0000,false,1,
5010232967472,false,דורקס קונדומים Extra Safe 3,,,דורקס קונדומים Extra Safe 3,00000,1,00000,false,12.0000,10,10.0000,false,1,
5010622005012,false,חוט דנטלי אסנשייאל ללא שעווה 50 מטר,פרוקטר אנד גמבל,MX,אורל בי חוט דנטלי ללא שעווה,00000,1,00000,false,12.0000,10,10.0000,false,1,
5010622017947,false,אורל בי חוט דנטלי סאטן מנטה 25 מטר,,,אורל בי חוט דנטלי סאטין,00000,1,00000,false,12.0000,10,10.0000,false,1,
5010622017978,false,אורל בי חוט דנטלי סאטן טיפ 25מ',,,אורל בי חוט דנטלי סאטן טיפ 25מ',00000,1,00000,false,12.0000,10,10.0000,false,1,
5010724527375,false,שמפו יבש בניחוח פריחה אביבית,בטיסט Batiste,,בטיסט שמפו יבש,00000,1,00000,false,12.0000,24.9,24.9000,false,1,
5010724527481,false,שמפו יבש בניחוח קלאסי,בטיסט Batiste,,בטיסט שמפו יבש קלאסי,00000,1,00000,false,12.0000,24.9,24.9000,false,1,
5011408027976,false,ספריי לשיער אלנט לשי,לוריאל Loreal,,לוריאל - אלנט רגיל 400,00000,1,00000,false,0.0000,29.9,29.9000,false,1,
5011408028034,false,ספרי עיצוב חזק לשיער Elnett,לוריאל Loreal,,לוריאל - אלנט חזק 400,00000,1,00000,false,0.0000,29.9,29.9000,false,1,
5011408040791,false,לוריאל - דרמו רויטליפט קלאסי לילה,KARLSRUHE GERMANY,DE,לוריאל - דרמו רויטליפט קלאסי לילה,00000,1,00000,false,0.0000,59.9,59.9000,false,1,
5011417567265,false,DUREX INTENSE GEL 10ML,,,DUREX INTENSE GEL 10ML,00000,1,00000,false,0.0000,79.9,79.9000,false,1,
5012251012645,false,רצועות לאף להסרת ראשים שחורים,,,רצועות לאף להסרת ראשים שחורים,00000,1,00000,false,12.0000,12.9,12.9000,false,1,
5013965948428,false,משחת שיניים פרו אקספרט לניקוי יסודי מנטה מעודן,אורל בי Oral B,,"אורל בי משחה פרואקספרט מנטה מעודן 75 מ""ל",00000,1,00000,false,12.0000,10,10.0000,false,1,
5017371155197,false,"בלונס - שמן קקאו לפנים ולגוף 50 מ""ל",,,"בלונס - שמן קקאו לפנים ולגוף 50 מ""ל",00000,1,00000,false,9.0000,19.9,19.9000,false,1,
5029053534794,false,קוטקס טמפון מיני 16 יח',,,קוטקס טמפון מיני 16 יח',00000,1,00000,false,12.0000,11.9,11.9000,false,1,
5029053560762,false,קלינקס - טישו אישי מארז שמינייה,קימברלי,IT,קלינקס - טישו אישי מארז שמינייה,00000,1,00000,false,18.0000,7.9,7.9000,false,1,
5038483683248,false,דורקס קונדומים Pleasure Me 3,Unknown,,דורקס קונדומים Pleasure Me 3,00000,1,00000,false,12.0000,10,10.0000,false,1,
5038483867198,false,דורקס קונדומים Featherlite Ultra 3,Unknown,,דורקס קונדומים Featherlite Ultra 3,00000,1,00000,false,12.0000,10,10.0000,false,1,
5038483987759,false,דורקס פליי Little De,רקיט בנקיזר,,Durex Play Little Devil,00000,1,00000,false,0.0000,54.9,54.9000,false,1,
5052197038033,false,GELACT שול.רפידות לאשה,,,GELACT שול.רפידות לאשה,00000,1,00000,false,0.0000,79.9,79.9000,false,1,
5052197038095,false,שול.רפידות לאשה ספורט,,,שול.רפידות לאשה ספורט,00000,1,00000,false,0.0000,79.9,79.9000,false,1,
5059001002488,false,פיניש קוואנטום 36 קפ' שקית לימון,,,פיניש קוואנטום 36 קפ' שקית לימון,00000,1,00000,false,8.0000,34.9,34.9000,false,1,
5059001003713,false,איירוויק - מקלות ריחניים בניחוח תאנה ופירות יער,,,איירוויק - מקלות ריחניים בניחוח תאנה ופירות יער,00000,1,00000,false,0.0000,14.9,14.9000,false,1,
5060221201575,false,חטיף חלבון גרנייד בטעם קרם עוגיות,Unknown,GB,חטיף חלבון גרנייד בטעם קרם עוגיות,00000,1,00000,false,12.0000,15.9,15.9000,false,1,
5060221201810,false,גרנייד בטעם שוקולד לבן עוגיות,גרנייה,NL,גרנייד בטעם שוקולד לבן עוגיות,00000,1,00000,false,12.0000,15.9,15.9000,false,1,
5060317321781,false,"UFIT - משקה חלבון בטעם אייס קפה 330 מ""ל",לאקסה אס.אי,GB,"UFIT - משקה חלבון בטעם אייס קפה 330 מ""ל",00000,1,00000,false,10.0000,14.9,14.9000,false,1,
5060402908248,false,סניקרס מועשר חלבון 12x55g,מרס נדרלנד,US,סניקרס מועשר חלבון 12x55g,00000,1,00000,false,12.0000,15.9,15.9000,false,1,
5060402908286,false,מרס מועשר חלבון 12x59g,מרס נדרלנד,US,מרס מועשר חלבון 12x59g,00000,1,00000,false,12.0000,15.9,15.9000,false,1,
5060402909542,false,מרס חטיף חלבון קרמל מלוח 12x59g,מרס נדרלנד,US,מרס חטיף חלבון קרמל מלוח 12x59g,00000,1,00000,false,12.0000,15.9,15.9000,false,1,
5060412110235,false,"אפרה לה מור אדפ יוניסקס 100 מ"" תומאס קוסמלה",,,"אפרה לה מור אדפ יוניסקס 100 מ"" תומאס קוסמלה",00000,1,00000,false,0.0000,489,489.0000,false,1,
5060412110440,false,TK - NO.10 DESIRE DU COEUR (U) EDP 100ML,,,TK - NO.10 DESIRE DU COEUR (U) EDP 100ML,00000,1,00000,false,0.0000,519,519.0000,false,1,
5060424705368,false,WARRIOR - חטיף חלבון קראנץ' בטעם קרמל מלוח,וורקווין,GB,WARRIOR - חטיף חלבון קראנץ' בטעם קרמל מלוח,00000,1,00000,false,12.0000,14.9,14.9000,true,1,
5060424705511,false,WARRIOR - חטיף חלבון קראנץ' בטעם שוקולד וקוקוס,תעשיות מזון בלאבאן,US,WARRIOR - חטיף חלבון קראנץ' בטעם שוקולד וקוקוס,00000,1,00000,false,12.0000,14.9,14.9000,true,1,
5060424705535,false,WARRIOR -חטיף חלבון בטעם שוקולד מריר ובוטנים,Unknown,GB,WARRIOR -חטיף חלבון בטעם שוקולד מריר ובוטנים,00000,1,00000,false,12.0000,14.9,14.9000,true,1,
5060756342781,false,WARRIOR-חטיף חלבון בטעם קרם עוגיות,Unknown,GB,WARRIOR-חטיף חלבון בטעם קרם עוגיות,00000,1,00000,false,12.0000,14.9,14.9000,true,1,
5060756343702,false,WARRIOR - חטיף חלבון קראנץ' שוקולד מריר פטל,תעשיות מזון בלאבאן,US,WARRIOR - חטיף חלבון קראנץ' שוקולד מריר פטל,00000,1,00000,false,12.0000,14.9,14.9000,true,1,
5060756343917,false,WARRIOR - חטיף חלבון קראנץ' שוקולד לבן קפה,,,WARRIOR - חטיף חלבון קראנץ' שוקולד לבן קפה,00000,1,00000,false,12.0000,14.9,14.9000,true,1,
5201100872602,false,לוריאל - לוריאל אקסלנס קרם 9.1 עברית/יוונית,,,לוריאל - לוריאל אקסלנס קרם 9.1 עברית/יוונית,00000,1,00000,false,0.0000,34.9,34.9000,false,1,
5201100872640,false,לוריאל - אקסלנס קרם 03בלונד אולטרה בהיר אפור,לוריאל Loreal,,לוריאל - אקסלנס קרם 03בלונד אולטרה בהיר אפור,00000,1,00000,false,0.0000,34.9,34.9000,false,1,
5201347160326,false,"ג'ל למניעת אבנית, 750 מ""ל קלגון",קלגון Calgon,,"קלגון ג'ל 750 מ""ל",00000,1,00000,false,12.0000,29.9,29.9000,false,1,
5201347400545,false,רצועות שעווה מוכנות לשימוש לפנים ולאזורים רגישים,רקיט בנקיזר,FR,Veet ארומטיק רצועות שעווה לפנים(20 יח'),00000,1,00000,false,12.0000,19.9,19.9000,false,1,
5202300014496,false,ספריי לשיער חזק במיוחד וולה פלקס Wella flex,פרוקטר אנד גמבל,DE,ו.פלקס ספריי אקסטרה 250מל,00000,1,00000,false,6.0000,24.9,24.9000,false,1,
5202300043052,false,צבע לשיער קולסטון - 7/75 אגוז בהיר,פרוקטר אנד גמבל,DE,קולסטון 7/75 אגוז בהיר,00000,1,00000,false,3.0000,14.9,14.9000,false,1,
5202300043069,false,צבע לשיער קולסטון - 2/8 שחור כחול,פרוקטר אנד גמבל,DE,קולסטון 2/8 שחור כחול,00000,1,00000,false,3.0000,14.9,14.9000,false,1,
5202300043151,false,צבע לשיער קולסטון - 8/0 בלונד בהיר,פרוקטר אנד גמבל,DE,קולסטון 8/0 בלונד בהיר,00000,1,00000,false,3.0000,14.9,14.9000,false,1,
5202300043168,false,צבע לשיער קולסטון - 7/0 בלונד בינוני,פרוקטר אנד גמבל,DE,קולסטון 7/0 בלונד בינוני,00000,1,00000,false,3.0000,14.9,14.9000,false,1,
5202300043175,false,צבע לשיער קולסטון - 6/0 בלונד כהה,פרוקטר אנד גמבל,DE,קולסטון 6/0 בלונד כהה,00000,1,00000,false,3.0000,14.9,14.9000,false,1,
5202300043182,false,צבע לשיער קולסטון - 5/0 חום בהיר,פרוקטר אנד גמבל,DE,קולסטון 5/0 חום בהיר,00000,1,00000,false,3.0000,14.9,14.9000,false,1,
5202300043199,false,צבע לשיער קולסטון - 4/0 חום בינוני,פרוקטר אנד גמבל,DE,קולסטון 4/0 חום בינוני,00000,1,00000,false,3.0000,14.9,14.9000,false,1,
5202300043205,false,צבע לשיער קולסטון - 3/0 חום כהה,פרוקטר אנד גמבל,DE,קולסטון 3/0 חום כהה,00000,1,00000,false,3.0000,14.9,14.9000,false,1,
5202300043212,false,צבע לשיער קולסטון - 2/0 שחור,פרוקטר אנד גמבל,DE,קולסטון 2/0 שחור,00000,1,00000,false,3.0000,14.9,14.9000,false,1,
5202300043670,false,צבע לשיער קולסטון - 5/7 חום קפה,פרוקטר אנד גמבל,DE,קולסטון 5/7 חום קפה,00000,1,00000,false,3.0000,14.9,14.9000,false,1,
5202300043724,false,צבע לשיער קולסטון - 6/75 חום אגוז בינוני,פרוקטר אנד גמבל,DE,קולסטון 6/75 חום אגוז בינוני,00000,1,00000,false,3.0000,14.9,14.9000,false,1,
5391523057929,false,סימילאק גולד שלב 1 תרכובת מזון על בסיס חלב,אבוט לבורטיז,IE,סימילאק גולד שלב 1 700 ג',00000,1,00000,false,12.0000,69.9,69.9000,false,1,
5391523057936,false,סימילאק גולד שלב 2 תרכובת מזון על בסיס חלב,אבוט לבורטיז,IE,סימילאק גולד 700 גרם שלב2,00000,1,00000,false,12.0000,69.9,69.9000,false,1,
5391523057943,false,סימילאק גולד שלב 3 תרכובת מזון על בסיס חלב,אבוט לבורטיז,IE,סימילאק גולד שלב 3 700 ג',00000,1,00000,false,12.0000,69.9,69.9000,false,1,
5391523058063,false,סימילאק אדבנס פלוס 1 תרכובת מזון על בסיס חלב,טרופיקל דגיל תעשיות,IE,סימילאק אדוואנס שלב 1 700 ג',00000,1,00000,false,12.0000,68.9,68.9000,false,1,
5391523058070,false,סימילאק אדבנס פלוס 3 תרכובת מזון על בסיס חלב,טרופיקל דגיל תעשיות,IE,סימילאק אדוואנס שלב 3 700 ג',00000,1,00000,false,12.0000,68.9,68.9000,false,1,
5391523058087,false,סימילאק אדבנס פלוס 2 תרכובת מזון על בסיס חלב,טרופיקל דגיל תעשיות,IE,סימילאק אדוואנס שלב 2 700 ג',00000,1,00000,false,12.0000,68.9,68.9000,false,1,
5410091648176,false,"פה - דאודורנט רול און לאישה פינק פרדייס 50 מ""ל",הנקל סוד,DE,"פה - דאודורנט רול און לאישה פינק פרדייס 50 מ""ל",00000,1,00000,false,0.0000,10,10.0000,false,1,
5410091677992,false,"סאיוס - ספריי לשיער לייצוב מקסימלי 400 מ""ל",הנקל סוד,DE,"סאיוס - ספריי לשיער לייצוב מקסימלי 400 מ""ל",00000,1,00000,false,6.0000,24.9,24.9000,false,1,
5410091678005,false,"סאיוס - ספריי לשיער ליצירת נפח 400 מ""ל",הנקל סוד,DE,"סאיוס - ספריי לשיער ליצירת נפח 400 מ""ל",00000,1,00000,false,6.0000,24.9,24.9000,false,1,
5410091678012,false,"סאיוס - ספריי לשיער לברק 400 מ""ל",הנקל סוד,DE,"סאיוס - ספריי לשיער לברק 400 מ""ל",00000,1,00000,false,6.0000,24.9,24.9000,false,1,
5410091678043,false,"סאיוס - מוס לשיער מתולתל 250 מ""ל",הנקל סוד,DE,"סאיוס - מוס לשיער מתולתל 250 מ""ל",00000,1,00000,false,6.0000,19.9,19.9000,false,1,
5410091708948,false,"סאיוס - מוס לשיער קרטין 250 מ""ל",הנקל סוד,DE,"סאיוס - מוס לשיער קרטין 250 מ""ל",00000,1,00000,false,6.0000,19.9,19.9000,false,1,
5410091708955,false,"סאיוס - ספריי לשיער קרטין 400 מ""ל",הנקל סוד,DE,"סאיוס - ספריי לשיער קרטין 400 מ""ל",00000,1,00000,false,6.0000,24.9,24.9000,false,1,
5410103161518,false,קרם יום עם פעולה משולשת לעור רגיל ומעורב,"לוריאל ישראל בע""מ",DE,לוריאל - דרמו פעולה משולשת רגיל,00000,1,00000,false,0.0000,44.9,44.9000,false,1,
5410103161617,false,קרם יום עם פעולה משולשת Triple active לעור יבש ועדין,"לוריאל ישראל בע""מ",DE,לוריאל - דרמו פעולה משולשת יבש,00000,1,00000,false,0.0000,44.9,44.9000,false,1,
5410126106022,false,לוטוס מארז חגים 250X2 גר',לוטוס בייקרי,BE,מארז לוטוס 250*2,00000,1,00000,false,8.0000,15.9,15.9000,false,1,
5413149655522,false,"אבקת כביסה שושן צחור 1.25 ק""ג אריאל",פרוקטר אנד גמבל,,אריאל שושן צחור 1.25 ק'ג,00000,1,00000,false,10.0000,10.9,10.9000,false,1,
5413548280189,false,קינדר שוקובון 125 גרם,פררו,BE,קינדר שוקובון 125 גרם,00000,1,00000,false,0.0000,12.9,12.9000,true,1,
5425039220154,false,ניו ברנד STRONG(ג) אדט 100מ'ל,,,ניו ברנד STRONG(ג) אדט 100מ'ל,00000,1,00000,false,0.0000,29.9,29.9000,false,1,
5425039220338,false,ניו ברנד FASHIONISTA(א) אדפ 100מ'ל,,,ניו ברנד FASHIONISTA(א) אדפ 100מ'ל,00000,1,00000,false,0.0000,29.9,29.9000,false,1,
5425039220925,false,ניו ברנד THE NB(ג) אדט 100מ'ל,,,ניו ברנד THE NB(ג) אדט 100מ'ל,00000,1,00000,false,0.0000,29.9,29.9000,false,1,
5425039221076,false,ניו ברנד SENSUAL(א) אדפ 100מ'ל,,,ניו ברנד SENSUAL(א) אדפ 100מ'ל,00000,1,00000,false,0.0000,29.9,29.9000,false,1,
5449000000996,false,פחית קולה בלז (פירוק של 9272 ),קוקה קולה,,פחית קוקה קולה 330,00000,1,00000,false,15.0000,6.9,6.6000,true,1,
5449000131805,false,"קוקה קולה זירו פחית 330 מ""ל",קוקה קולה,,"פחית קולה זירו 330 מ""ל",00000,1,00000,false,15.0000,6.9,6.6000,true,1,
5601036205534,false,צבע לשיער אקסלנס קרם - 1 שחור,לוריאל Loreal,,לוריאל - אקסלנס קרם 1 שחור,00000,1,00000,false,0.0000,34.9,34.9000,false,1,
5601036205541,false,צבע לשיער אקסלנס קרם - 3 חום כהה מאוד,לוריאל Loreal,,לוריאל - אקסלנס קרם 3 חום כהה מאוד,00000,1,00000,false,0.0000,34.9,34.9000,false,1,
5601036205558,false,צבע לשיער אקסלנס קרם - 4 חום כהה,לוריאל Loreal,,לוריאל - אקסלנס קרם 4 חום כהה,00000,1,00000,false,0.0000,34.9,34.9000,false,1,
5601036205572,false,לוריאל - אקסלנס קרם 4.54 חום מהגוני נחושתי,,,לוריאל - אקסלנס קרם 4.54 חום מהגוני נחושתי,00000,1,00000,false,0.0000,34.9,34.9000,false,1,
5601036205589,false,צבע לשיער אקסלנס קרם - 5 חום טבעי,לוריאל Loreal,,לוריאל - אקסלנס קרם 5 חום טבעי,00000,1,00000,false,0.0000,34.9,34.9000,false,1,
5601036205626,false,צבע לשיער אקסלנס קרם - 6 בלונד כהה,לוריאל Loreal,,לוריאל - אקסלנס קרם 6 בלונד כהה,00000,1,00000,false,0.0000,34.9,34.9000,false,1,
5601036205664,false,לוריאל - אקסלנס קרם 7.1 בלונד טבעי אפרפר,,,לוריאל - אקסלנס קרם 7.1 בלונד טבעי אפרפר,00000,1,00000,false,0.0000,34.9,34.9000,false,1,
5601036206418,false,לוריאל - אקסלנס קרם 01בלונד אולטרה בהיר טבעי,,,לוריאל - אקסלנס קרם 01בלונד אולטרה בהיר טבעי,00000,1,00000,false,0.0000,34.9,34.9000,false,1,
5900017062419,false,"ניוואה - תחליב רחצה ורדים ושמן שקדים 750 מ""ל",,,"ניוואה - תחליב רחצה ורדים ושמן שקדים 750 מ""ל",00000,1,00000,false,0.0000,14.9,14.9000,false,1,
5900020015174,false,חטיף דגנים פיטנס Fitness עם שוקולד מריר,מיוצר עי קונדיטוריית,PL,פיטנס - חטיף דגנים שוקולד 23.50 גרם * 6,גרם,1,גרם,false,8.0000,10.9,10.9000,true,1,
5900020020710,false,נסטלה - קראנץ' שוקו וניל חטיף דגנים 25 גרם * 6,נסטלה פולין ברים,PL,נסטלה - קראנץ' שוקו וניל חטיף דגנים 25 גרם * 6,גרם,1,גרם,false,8.0000,10,10.0000,false,1,
5900020022325,false,חטיף סיני מיניס Cini Minis בטעם קינמון - 6 במארז,נסטלה פולין דגני בוק,PL,נסטלה - סיני מיניס חטיף דגנים 25 גרם * 6,גרם,1,גרם,false,8.0000,10,10.0000,false,1,
5900020024817,false,פיטנס דליס Fitness Delice חטיף דגנים עם שוקולד לבן,נסטלה פולין ברים,PL,פיטנס - דליס חטיף דגנים שוקולד לבן 22.50 גרם * 6,גרם,1,גרם,false,9.0000,10.9,10.9000,true,1,
5900020029669,false,פיטנס - חטיף דגנים פירות יער 23.50 גרם * 6,נסטלה פולין דגני בוק,,פיטנס - חטיף דגנים פירות יער 23.50 גרם * 6,גרם,1,גרם,false,8.0000,10.9,10.9000,false,1,
5900627027020,false,קרם להסרת שיער בזמן המקלחת לעור רגיל,רקיט בנקיזר,FR,Veet ספא קרם לעור רגיל,00000,1,00000,false,5.0000,29.9,29.9000,false,1,
5900627063233,false,טבליות למדיח AIO 50 יח פיניש,רקיט בנקיזר,PL,פיניש 50 טבליות AIO MAX,00000,1,00000,false,10.0000,34.9,34.9000,false,1,
5901414200411,false,מיני עוגיות היט Hit במילוי קרם שוקולד,באלזן Bahlsen,PL,היט - מיניס קקאו 130 גרם,00000,1,00000,false,24.0000,7.9,7.9000,false,1,
5901832061182,false,לה ריב QUEEN OF LIFEאדפ 75 Wמל,,,לה ריב QUEEN OF LIFEאדפ 75 Wמל,00000,1,00000,false,0.0000,29.9,29.9000,false,1,
5901832062257,false,לה ריב TOUCH OF WOMAN(א) אדפ 90מ'ל,,,לה ריב TOUCH OF WOMAN(א) אדפ 90מ'ל,00000,1,00000,false,0.0000,29.9,29.9000,false,1,
5901832062851,false,לה ריב IN FLAME(א) אדפ 90מ'ל,,,לה ריב IN FLAME(א) אדפ 90מ'ל,00000,1,00000,false,0.0000,29.9,29.9000,false,1,
5901832063223,false,לה ריב EXTREME STORYאדט 75 Mמל,,,לה ריב EXTREME STORYאדט 75 Mמל,00000,1,00000,false,0.0000,29.9,29.9000,false,1,
5902198160403,false,"משקה אנרגיה XL TEN פחית לל""ס 250מ""ל","טמפו משקאות בע""מ",IL,"פחית 250 מ""ל -XL TEN",00000,1,00000,false,24.0000,4.5,4.2000,false,1,
5902658076596,false,"פלסטר נקסקר פיות, 20 יח' אחיד",,,"פלסטר נקסקר פיות, 20 יח' אחיד",00000,1,00000,false,12.0000,14.9,14.9000,false,1,
5902658076626,false,פלסטר נקסקר פו הדב דיסני 20 יח' אחיד,,,פלסטר נקסקר פו הדב דיסני 20 יח' אחיד,00000,1,00000,false,12.0000,14.9,14.9000,false,1,
5902658076657,false,פלסטר נקסקר מטוסים דיסני 20 יח' אחיד,,,פלסטר נקסקר מטוסים דיסני 20 יח' אחיד,00000,1,00000,false,12.0000,19.9,19.9000,false,1,
5906485301012,false,"משקה אנרגיה XL פחית 250 מ""ל","טמפו משקאות בע""מ",IL,"XL- רגיל פחית 250 מ""ל",00000,1,00000,false,0.0000,4.5,4.2000,false,1,
5906735232493,false,לה ריב CASH WOMANאדפ 90 Wמ'ל,,,לה ריב CASH WOMANאדפ 90 Wמ'ל,00000,1,00000,false,0.0000,29.9,29.9000,false,1,
5906735232592,false,לה ריב CUTE(א) אדפ 100מ'ל,,,לה ריב CUTE(א) אדפ 100מ'ל,00000,1,00000,false,0.0000,29.9,29.9000,false,1,
5906735236491,false,לה ריב סט CASH Wבושם+דאו',,,לה ריב סט CASH Wבושם+דאו',00000,1,00000,false,0.0000,39.9,39.9000,false,1,
5906735237412,false,לה ריב סט CASH MAN Mבושם+דאו',,,לה ריב סט CASH MAN Mבושם+דאו',00000,1,00000,false,0.0000,39.9,39.9000,false,1,
5943001100575,false,ספיד סטיק - דאודורנט סטיק לגבר קול פיוזן 50 גרם,,,ספיד סטיק - דאודורנט סטיק לגבר קול פיוזן 50 גרם,00000,1,00000,false,12.0000,13.9,13.9000,false,1,
5949152110821,false,"איירוויק מבשם אוויר ומנטרל ריחות – לילות לבנים 237 מ""ל",,,"איירוויק מבשם אוויר ומנטרל ריחות – לילות לבנים 237 מ""ל",00000,1,00000,false,8.0000,14.9,14.9000,false,1,
5949152110838,false,"איירוויק מבשם אוויר ומנטרל ריחות - גשמים סגולים 237 מ""ל",,,"איירוויק מבשם אוויר ומנטרל ריחות - גשמים סגולים 237 מ""ל",00000,1,00000,false,8.0000,14.9,14.9000,false,1,
5997321770307,false,"ויט רצועות שעווה לעור רגיש, 12 יח'",רקיט בנקיזר,FR,Veet רצועות שעווה לעור רגיש (12 יח'),00000,1,00000,false,6.0000,19.9,19.9000,false,1,
5998749104392,false,פדיגרי דנטאסטיקס כלב מדיום 77 גרם (3 יח') BP35C,מארס,HU,פדיגרי דנטאסטיקס כלב מדיום 77 גרם (3 יח') BP35C,00000,1,00000,false,0.0000,5.9,5.9000,false,1,
5998749106877,false,פדיגרי דנטאסטיקס כלב קטן 45 גרם (3 יח') VF376,מארס,HU,פדיגרי דנטאסטיקס כלב קטן 45 גרם (3 יח') VF376,00000,1,00000,false,0.0000,5.9,5.9000,false,1,
6001051001514,false,לבלו אוכמניות בודד 5.5מל,Unknown,,לבלו אוכמניות בודד 5.5מל,00000,1,00000,false,24.0000,10,10.0000,false,1,
6001067001485,false,קולגייט מברשת שינים דאבל אקשן זוג,קולגייט פלמוליב,CN,קולגייט מברשת שינים דאבל אקשן זוג,00000,1,00000,false,72.0000,10,10.0000,false,1,
6001067004936,false,קולגייט - מברשת שיניים זיגזג סופט,,,קולגייט - מברשת שיניים זיגזג סופט,00000,1,00000,false,120.0000,4.9,4.9000,false,1,
6001067007289,false,קולגייט מברשת שיניים בודד דאבל אקשן,,,קולגייט מברשת שיניים בודד דאבל אקשן,00000,1,00000,false,120.0000,4,4.0000,false,1,
6001067018049,false,קולגייט ילדים 2-5מברשת שיניים,COLGATE PALMOLIVE,VN,קולגייט ילדים 2-5מברשת שיניים,00000,1,00000,false,72.0000,8.9,8.9000,false,1,
6001106228088,false,דטול - סבון מוצק קול 100 גרם,,,דטול - סבון מוצק קול 100 גרם,00000,1,00000,false,135.0000,4.9,4.9000,true,1,
6085010044712,false,"קלאב דה נויט Club De Nuit א.ד.ט לגבר 105 מ""ל",ארמף Armaf,,"קלאב דה נואי אינטנס (ג) אדט 105מ""ל",00000,1,00000,false,12.0000,129,129.0000,false,1,
6085010094151,false,"קלאב דה נואיט Club De Nuit א.ד.פ לאישה 105 מ""ל",ארמף Armaf,,"קלאב דה נואי אדפ לאישה 100 מ""ל - ארמאף",00000,1,00000,false,12.0000,99.9,99.9000,false,1,
6254523455340,false,A\z-zahoor farancee-100 ml,,,A\z-zahoor farancee-100 ml,00000,1,00000,false,0.0000,99,99.0000,true,1,
6266515361799,false,a/z i am the king 100 ml,,,a/z i am the king 100 ml,00000,1,00000,false,0.0000,99,99.0000,true,1,
6266515361850,false,a/z huroof al hub flora,,,a/z huroof al hub flora,00000,1,00000,false,0.0000,99,99.0000,true,1,
6290171040705,false,"רוז ד'ערביאה 300 מ""ל",,,"רוז ד'ערביאה 300 מ""ל",00000,1,00000,false,1.0000,39.9,39.9000,true,1,
6290171040712,false,"טא'ץ אוף 300 מ""לאוד",,,"טא'ץ אוף 300 מ""לאוד",00000,1,00000,false,1.0000,39.9,39.9000,true,1,
6290171040729,false,"אמבר אקסטרים 300 מ""ל",,,"אמבר אקסטרים 300 מ""ל",00000,1,00000,false,1.0000,39.9,39.9000,true,1,
6290171040736,false,"פלורל 300 מ""לבוקט",,,"פלורל 300 מ""לבוקט",00000,1,00000,false,1.0000,39.9,39.9000,true,1,
6290171070139,false,"אמירה 300 מ""ל",,,"אמירה 300 מ""ל",00000,1,00000,false,1.0000,39.9,39.9000,true,1,
6291100130122,false,"אמבר אוד גולד אדישן אדפ אל חרמין 100 מ""ל",,,"אמבר אוד גולד אדישן אדפ אל חרמין 100 מ""ל",00000,1,00000,false,0.0000,199,199.0000,true,1,
6291100130153,false,"אמבר אוד בלו אדישן אדפ לגבר 60 מ""ל אל חרמיין",,,"אמבר אוד בלו אדישן אדפ לגבר 60 מ""ל אל חרמיין",00000,1,00000,false,1.0000,179.9,179.9000,false,1,
6291100131587,false,אמבר אוד גולד אדישן 200,,,אמבר אוד גולד אדישן 200,00000,1,00000,false,0.0000,289,289.0000,false,1,
6291100132652,false,"אל הרמין LAVENTURE BLANCHE(ג) אדפ 200מ""ל",,,"אל הרמין LAVENTURE BLANCHE(ג) אדפ 200מ""ל",00000,1,00000,false,0.0000,199.9,199.9000,false,1,
6291100139668,false,"לאבנטור אדפ לגבר 100 מ""ל - אל האראמין",,,"לאבנטור אדפ לגבר 100 מ""ל - אל האראמין",00000,1,00000,false,0.0000,145,145.0000,false,1,
6291104445116,false,מארז נעל זהב,,,מארז נעל זהב,00000,1,00000,false,0.0000,49.9,49.9000,false,1,
6291106060065,false,LATTAFA-RAGHBA MEN,,,LATTAFA-RAGHBA MEN,00000,1,00000,false,0.0000,99,99.0000,true,1,
6291107450193,false,לטאפה חייאתי אדפ לגבר 100 מל,,,לטאפה חייאתי אדפ לגבר 100 מל,00000,1,00000,false,0.0000,99,99.0000,true,1,
6291107451527,false,LATTAFA-LAIL MALKI,,,LATTAFA-LAIL MALKI,00000,1,00000,false,0.0000,99.9,99.9000,true,1,
6291107455365,false,QAED AL FURSAN LATTAFA,,,QAED AL FURSAN LATTAFA,00000,1,00000,false,0.0000,99.9,99.9000,true,1,
6291107457895,false,LATTAFA HAYAATI FOR WOMEN,,,LATTAFA HAYAATI FOR WOMEN,00000,1,00000,false,0.0000,99.9,99.9000,true,1,
6291108730515,false,LATTAFA-YARA-100ML,,,LATTAFA-YARA-100ML,00000,1,00000,false,0.0000,99.9,99.9000,true,1,
6291108731383,false,RAMZ LATTAFA 30 ML SILVER,,,RAMZ LATTAFA 30 ML SILVER,00000,1,00000,false,0.0000,39.9,39.9000,false,1,
6291108732489,false,AJWAD LATTAFA,,,AJWAD LATTAFA,00000,1,00000,false,0.0000,149.9,149.9000,true,1,
6291108733226,false,LATTAFA Ana Abiyedh Poudree 100ML,,,LATTAFA Ana Abiyedh Poudree 100ML,00000,1,00000,false,0.0000,99.9,99.9000,true,1,
6291108734056,false,LATTAFA Hayaati Al Maleky 100ML,,,LATTAFA Hayaati Al Maleky 100ML,00000,1,00000,false,0.0000,99.9,99.9000,true,1,
6291108735411,false,Lattafa - ASAD 100ML,,,Lattafa - ASAD 100ML,00000,1,00000,false,1.0000,99,99.0000,true,1,
6294014689359,false,סט מברשות איפור YSL,,,סט מברשות איפור YSL,00000,1,00000,false,1.0000,49.9,49.9000,false,1,
6294015109252,false,"OROS THE INVENTOR Black EDP85M""L",,,"OROS THE INVENTOR Black EDP85M""L",00000,1,00000,false,0.0000,890,890.0000,false,1,
6294015109269,false,Oros The Inventor Brown Cologne,,,Oros The Inventor Brown Cologne,00000,1,00000,false,0.0000,749,749.0000,false,1,
6423080608517,false,a/z bint hooran 100 ml,,,a/z bint hooran 100 ml,00000,1,00000,false,0.0000,99,99.0000,true,1,
6423080618721,false,Amwaaj AL Malak Al Abiyedh for Men EDP,,,Amwaaj AL Malak Al Abiyedh for Men EDP,00000,1,00000,false,12.0000,119.9,119.9000,false,1,
6423080724224,false,a/z oud 24 hours 100 ml חדש,,,a/z oud 24 hours 100 ml חדש,00000,1,00000,false,0.0000,99,99.0000,true,1,
6871001201819,false,פיקאצ'ו גדול,,,פיקאצ'ו גדול,00000,1,00000,false,6.0000,69.9,69.9000,false,1,
6871001201826,false,פיקאצ'ו בינוני,,,פיקאצ'ו בינוני,00000,1,00000,false,12.0000,49.9,49.9000,false,1,
6871001201833,false,פיקאצ'ו ענק,,,פיקאצ'ו ענק,00000,1,00000,false,6.0000,90,90.0000,false,1,
6903215652368,false,כפפות ויניל שחורות 100 יח L,,,כפפות ויניל שחורות 100 יח L,00000,1,00000,false,10.0000,24.9,24.9000,false,1,
6910021100013,false,קולגייט ילדים 0-2 מברשת שיניים,,,קולגייט ילדים 0-2 מברשת שיניים,00000,1,00000,false,72.0000,8.9,8.9000,true,1,
6910021100037,false,מברשת שיניים קולגייט טריפ,,,מברשת שיניים קולגייט טריפ,00000,1,00000,false,72.0000,8,8.0000,false,1,
6928270701288,false,מסיכת KN95 בודדת,,,מסיכת KN95 בודדת,00000,1,00000,false,12.0000,10,10.0000,false,1,
6935487561246,false,מסיכה כירורגית שחורה מארז 50 יח',,,50 מסכות שחורות,00000,1,00000,false,96.0000,10,10.0000,false,1,
6941168412417,false,GOOD PHARM - אטבי כביסה צבעוניים 50 יח',,,GOOD PHARM - אטבי כביסה צבעוניים 50 יח',00000,1,00000,false,0.0000,11.9,11.9000,false,1,
6970053870414,false,חטיף עוף ואורז 80 גרם,,,חטיף עוף ואורז 80 גרם,00000,1,00000,false,0.0000,10,10.0000,false,1,
6970053870513,false,פילה בקר 80 גרם,,,פילה בקר 80 גרם,00000,1,00000,false,0.0000,10,10.0000,false,1,
6970053870582,false,נגיסי כבש 80 גרם,,,נגיסי כבש 80 גרם,00000,1,00000,false,0.0000,10,10.0000,false,1,
6970053870629,false,עטיפת כבש ואורז 80 גרם,,,עטיפת כבש ואורז 80 גרם,00000,1,00000,false,0.0000,10,10.0000,false,1,
6970053871459,false,עצם דנטאלי כוכב 8 יחידות,,,עצם דנטאלי כוכב 8 יחידות,00000,1,00000,false,16.0000,10,10.0000,false,1,
6970053871466,false,עצם דנטאלי מסולסל 6 יחידות,,,עצם דנטאלי מסולסל 6 יחידות,00000,1,00000,false,16.0000,10,10.0000,false,1,
6970053871473,false,עצם דנטאלי ממולא 5 יחידות,,,עצם דנטאלי ממולא 5 יחידות,00000,1,00000,false,16.0000,10,10.0000,false,1,
6971320730530,false,חטיפי קלציום עטופים עוף,ברנדה Brande,,עצם קלסיום עטופת עוף,00000,1,00000,false,0.0000,10,10.0000,false,1,
6971320730547,false,חטיפי דאמבל עוף ואורז,ברנדה Brande,,דמבל עוף עם אורז,00000,1,00000,false,0.0000,10,10.0000,false,1,
6971320730592,false,ברנדה חט' רצועות סלמ,,,רצועות סלומון,00000,1,00000,false,0.0000,10,10.0000,false,1,
6971320730615,false,סושי סלומון חטיף לכלב,,,סושי סלומון חטיף לכלב,00000,1,00000,false,0.0000,10,10.0000,false,1,
6971320730769,false,חטיף בקר ובקלה על עצם,,,חטיף בקר ובקלה על עצם,00000,1,00000,false,0.0000,10,10.0000,false,1,
7162108014006,false,סט מצעים נטורל יחיד,,,סט מצעים נטורל יחיד,00000,1,00000,false,16.0000,79.9,79.9000,false,1,
7290000062952,false,אוסם - מיני קרוטונים למרק ולסלט 250 גרם,עינת תעשיות מזון,IL,אוסם - מיני קרוטונים למרק ולסלט 250 גרם,00000,1,00000,false,12.0000,13.9,13.9000,false,1,
7290000063140,false,שקדי מרק רכיבים טבעיים בשקית 400 ג' אסם,"אסם השקעות בע""מ",IL,אוסם - שקדי מרק שקית 400 גרם,00000,1,00000,false,12.0000,9.9,9.9000,false,1,
7290000065557,false,אוסם - מנה חמה קוסקוס עם ירקות 84 גרם,"אסם תעשיות מזון בע""מ",IL,אוסם - מנה חמה קוסקוס עם ירקות 84 גרם,00000,1,00000,false,12.0000,6,6.0000,false,1,
7290000066332,false,אפרופו חטיף אסם 50ג',מיוצר עי קונדיטוריית,IL,אוסם - אפרופו 50 גרם,00000,1,00000,false,36.0000,5.9,5.9000,false,1,
7290000071008,false,אוסם - בייגלה שטוחים מלח 60 גרם,"אסם השקעות בע""מ",IL,אוסם - בייגלה שטוחים מלח 60 גרם,יח',1,יח',false,24.0000,3.9,3.9000,true,1,
7290000072753,false,קפה טייסטר צ'ויס קפה מגורען 200ג',נסטלה קוריאה - קפה,IL,טסטר צ'ויס - נס קפה 200 גרם,00000,1,00000,false,12.0000,31.9,31.9000,false,1,
7290000073125,false,אוסם - מנה חמה פסטה עם עגבניות 62 גרם,"אסם השקעות בע""מ",IL,אוסם - מנה חמה פסטה עם עגבניות 62 גרם,00000,1,00000,false,12.0000,6,6.0000,false,1,
7290000073750,false,אוסם - מנה חמה נודלס בטעם עוף 70 גרם,טאי רזידנט,CN,אוסם - מנה חמה נודלס בטעם עוף 70 גרם,00000,1,00000,false,6.0000,6,6.0000,false,1,
7290000073774,false,אוסם - מנה חמה נודלס בטעם פיקנטי 70 גרם,טאי רזידנט,CN,אוסם - מנה חמה נודלס בטעם פיקנטי 70 גרם,00000,1,00000,false,6.0000,6,6.0000,false,1,
7290000074184,false,אוסם - פתי בר בינוני 500 גרם,"אסם השקעות בע""מ",IL,אוסם - פתי בר בינוני 500 גרם,00000,1,00000,false,12.0000,10,10.0000,false,1,
7290000076126,false,אוסם - בייגלה שמיניות קטנות 80 גרם,"אסם השקעות בע""מ",IL,אוסם - בייגלה שמיניות קטנות 80 גרם,00000,1,00000,false,24.0000,3.9,3.9000,true,1,
7290000077017,false,עוגיות קרמוגית וקרם שוקולד אסם 200 גרם,מיוצר עי קונדיטוריית,IL,אוסם קרמוגית במילוי שוקולד 200 גרם,00000,1,00000,false,12.0000,9.9,9.9000,false,1,
7290000117720,false,קנור - נמס בכוס זוג פטריות 21.50 גרם * 2,יוניליוור ישראל מזון,IL,קנור - נמס בכוס זוג פטריות 21.50 גרם * 2,00000,1,00000,false,12.0000,6.9,6.9000,false,1,
7290000135151,false,"סודה נגיעות לימון ליים 275 מ""ל",טמפו משקאות בעמ,IL,"סודה נגיעות לימון 275 מ""ל",00000,1,00000,false,24.0000,3.9,3.6000,false,1,
7290000146997,false,"טום וג'רי - משחת שיניים מסטיק 50 מ""ל",שוורצקוף& הנקל דיסלד,IL,"טום וג'רי - משחת שיניים מסטיק 50 מ""ל",00000,1,00000,false,0.0000,7,7.0000,true,1,
7290000149615,false,נקה 7 סבון מוצק לתינוק רביעיה * 100 ג',גליל כימיקלים בעממשו,IL,נקה 7 - סבון מוצק לתינוקות רביעייה,00000,1,00000,false,24.0000,11.9,11.9000,false,1,
7290000170053,false,שוקולד פרה 100 ג' חלב.,"תופינית בע""מ",IL,שוק פרה חלב ללג בדצ,00000,1,00000,false,0.0000,6,6.0000,false,1,
7290000174723,false,אבקת שוקולית עלית קופסא 500ג',הנסיך- מפעל לייצור ט,IL,"שוקולית, 500 גרם",00000,1,00000,false,12.0000,12.9,12.9000,false,1,
7290000188553,false,קוטקס - מגן תחתון סילק נורמל 60 יח',קימברלי קלארק,CN,קוטקס - מגן תחתון סילק נורמל 60 יח',00000,1,00000,false,12.0000,16.9,16.9000,false,1,
7290000188560,false,קוטקס - מגני תחתון לארג' 52 יח',קימברלי קלארק,,קוטקס - מגני תחתון לארג' 52 יח',00000,1,00000,false,12.0000,16.9,16.9000,false,1,
7290000188591,false,קוטקס - מגן תחתון סילק יאנג 60 יח',קימברלי קלארק,CN,קוטקס - מגן תחתון סילק יאנג 60 יח',00000,1,00000,false,12.0000,16.9,16.9000,false,1,
7290000189536,false,אשפתון שרוך מתכלה 52/65 ניקול 40 יח',אשפלסט,TR,ניקול - שקיות אשפה 40 יח',00000,1,00000,false,12.0000,18.9,18.9000,false,1,
7290000194837,false,ניקול - שקיות מזון + ידיות קשירה אקסטרה לארג' 200 יח',קילת,CN,ניקול - שקיות מזון + ידיות קשירה אקסטרה לארג' 200 יח',00000,1,00000,false,15.0000,11.9,11.9000,false,1,
7290000197425,false,האגיס - פרידום דריי שלב 3 52 יח',קימברלי קלארק ישראל,IL,האגיס - פרידום דריי שלב 3 52 יח',00000,1,00000,false,0.0000,41.9,41.9000,false,1,
7290000197456,false,האגיס - פרידום דריי שלב 4 44 יח',קימברלי קלארק ישראל,IL,האגיס - פרידום דריי שלב 4 44 יח',00000,1,00000,false,0.0000,41.9,41.9000,false,1,
7290000197463,false,האגיס - פרידום דריי שלב 4+ 40 יח',קימברלי קלארק ישראל,IL,האגיס - פרידום דריי שלב 4+ 40 יח',00000,1,00000,false,0.0000,41.9,41.9000,false,1,
7290000197548,false,האגיס - פרידום דריי שלב 5 36 יח',קימברלי קלארק ישראל,IL,האגיס - פרידום דריי שלב 5 36 יח',00000,1,00000,false,0.0000,41.9,41.9000,false,1,
7290000197678,false,האגיס - פרידום פלוס שלב 6 30 יח',קימברלי קלארק ישראל,IL,האגיס - פרידום פלוס שלב 6 30 יח',00000,1,00000,false,0.0000,41.9,41.9000,false,1,
7290000205762,false,חיתולי האגיס אקסטרה קייר מידה 3 48 יח',חוגלה קימברלי,IL,האגיס - אקסטרה קייר מידה 3 48 יח',00000,1,00000,false,0.0000,49.9,49.9000,false,1,
7290000205915,false,חיתולי האגיס אקסטרה קייר מידה 4 40יח,חוגלה קימברלי,IL,האגיס - אקסטרה קייר מידה 4 40 יח',00000,1,00000,false,0.0000,49.9,49.9000,false,1,
7290000244143,false,"הוואי - קרם לאחר גילוח 120 מ""ל",תאי פרזידנט פוד פאבל,IL,"הוואי - קרם לאחר גילוח 120 מ""ל",00000,1,00000,false,0.0000,16.9,16.9000,false,1,
7290000244761,false,"ולוטה - קרם ידיים 100 מ""ל",תאי פרזידנט פוד פאבל,IL,"ולוטה - קרם ידיים 100 מ""ל",00000,1,00000,false,0.0000,10,10.0000,true,1,
7290000245270,false,"פרסיל אבקת כביסה סופרא 1.250 ק""ג","הנקל סוד בע""מ",IL,"פרסיל - אבקת כביסה 1.25 ק""ג",00000,1,00000,false,0.0000,10,10.0000,false,1,
7290000245287,false,"פרסיל אבקת כביסה 1.250 ק""ג קולור ויניגר","הנקל סוד בע""מ",IL,"פרסיל - אבקת כביסה קולור 1.25 ק""ג",00000,1,00000,false,0.0000,10,10.0000,false,1,
7290000286297,false,"סנו אנטי קאלק מסיר אבן מקומקום 700 מ""ל",סנו מפעלי ברונוס בעמ,IL,"סנו - אנטי קאלק מסיר אבנית 700 מ""ל",00000,1,00000,false,0.0000,10,10.0000,false,1,
7290000287492,false,"סנו - סנובון נוזלי לימון 750 מ""ל","איי, בי, אינבוו",IL,"סנו - סנובון נוזלי לימון 750 מ""ל",00000,1,00000,false,0.0000,10,10.0000,false,1,
7290000288024,false,סנו - ז'אוול אקונומיקה בריח לימון 4 ליטר,"סנו מפעלי ברונוס בע""",IL,סנו - ז'אוול אקונומיקה בריח לימון 4 ליטר,00000,1,00000,false,6.0000,16.9,16.9000,false,1,
7290000288079,false,סנו - ז'אוול אקונומיקה לימון 2 ליטר,"סנו מפעלי ברונוס בע""",IL,סנו - ז'אוול אקונומיקה לימון 2 ליטר,00000,1,00000,false,0.0000,10,10.0000,false,1,
7290000288109,false,"אבקת כביסה מקסימה אפקט ג''אוול 1.25 ק""ג סנו",סנו מפעלי ברונוס בעמ,IL,"סנו - מקסימה אבקת כביסה ז'אוול 1.25 ק""ג",00000,1,00000,false,0.0000,12.9,12.9000,false,1,
7290000288413,false,"סנו - די רולאון דוחה יתושים 50 מ""ל",גוד פוד פרודקטס S.p,IL,"סנו - די רולאון דוחה יתושים 50 מ""ל",00000,1,00000,false,0.0000,19.9,19.9000,false,1,
7290000288642,false,סנו - מקסימה מרכך כביסה סנסטיב ורוד 4 ליטר,"סנו מפעלי ברונוס בע""",IL,סנו - מקסימה מרכך כביסה סנסטיב ורוד 4 ליטר,00000,1,00000,false,0.0000,21.9,21.9000,false,1,
7290000289069,false,סנו - ז'אוול מרסס קצף ניקוי בתוספת אקונומיקה בריח לימון 1 ליטר,"סנו מפעלי ברונוס בע""",IL,סנו - ז'אוול מרסס קצף ניקוי בתוספת אקונומיקה בריח לימון 1 ליטר,00000,1,00000,false,12.0000,17.9,17.9000,false,1,
7290000289380,false,"סנו - ז'אוול לניקוי אסלות לימון 750 מ""ל",סנו,IL,"סנו - ז'אוול לניקוי אסלות לימון 750 מ""ל",00000,1,00000,false,0.0000,13.9,13.9000,false,1,
7290000289496,false,"סנו - ז'אוול ג'ל קרם לניקוי כללי לימון 750 מ""ל",הורביץ סחר,IL,"סנו - ז'אוול ג'ל קרם לניקוי כללי לימון 750 מ""ל",00000,1,00000,false,0.0000,11.9,11.9000,false,1,
7290000289595,false,"אורביטול משחת שיניים לילדים בטעם תות שדה 145 מ""ל",טרופיקל דגיל תעשיות,IL,אורביטול - משחת שיניים ילדים 145 גרם,00000,1,00000,false,0.0000,8,8.0000,false,1,
7290000293820,false,"קרמה מן שמפו וג'ל גל רחצה אקטיב בלוק 700מ""ל",קוסמופארם בעמ,IL,"קרמה - תחליב רחצה קרבון פאוור לגבר 700 מ""ל",00000,1,00000,false,12.0000,14.9,14.9000,false,1,
7290000293943,false,סנו אנטי קאלק מסיר אבנית וחלודה 1ל',מיוצר עי קונדיטוריית,IL,סנו - אנטי קאלק מרסס 1 ליטר,00000,1,00000,false,0.0000,17.9,17.9000,false,1,
7290000295336,false,"סנו - מקסימה אבקת כביסה סנסטיב 1.25 ק""ג",סנו מפעלי ברונוס בעמ,IL,"סנו - מקסימה אבקת כביסה סנסטיב 1.25 ק""ג",00000,1,00000,false,0.0000,12.9,12.9000,false,1,
7290000341071,false,בדין - מרכך כביסה בייבי לבן 2 ליטר,יוניליוור ישראל טיפו,IL,בדין - מרכך כביסה בייבי לבן 2 ליטר,00000,1,00000,false,6.0000,12.9,12.9000,false,1,
7290000412481,false,סנו - מנקה אסלות 00 1 ליטר,מיוצר עי קונדיטוריית,IL,סנו - מנקה אסלות 00 1 ליטר,00000,1,00000,false,0.0000,8.9,8.9000,false,1,
7290000420325,false,פופ קורן טבעי למיקרוגל 5 יח',קריות זול,US,"פופסטאר טבעי 5יח' כשל""פ",00000,1,00000,false,8.0000,13.9,13.9000,false,1,
7290000420332,false,פופ קורן חמאה למיקרוגל 5יח',קריות זול,US,פופסטאר חמאה 5יח',00000,1,00000,false,8.0000,13.9,13.9000,false,1,
7290000442266,false,"אקילן - תרסיס לנעליים לחיטוי ולמניעת זיעה 150 מ""ל",כצט,IL,"אקילן - תרסיס לנעליים לחיטוי ולמניעת זיעה 150 מ""ל",00000,1,00000,false,6.0000,24.9,24.9000,false,1,
7290000442587,false,"גינקו סאי - קרם רב שימושי 250 מ""ל",כצט,IL,"גינקו סאי - קרם רב שימושי 250 מ""ל",00000,1,00000,false,6.0000,19.9,19.9000,false,1,
7290000442594,false,"גינקו סאי - קרם ידיים 100 מ""ל",,,"גינקו סאי - קרם ידיים 100 מ""ל",00000,1,00000,false,36.0000,5.9,5.9000,false,1,
7290000467511,false,ביסלי חטיף ברביקיו אסם 55 ג',"אסם השקעות בע""מ",IL,אוסם - ביסלי ברביקיו 55 גרם,00000,1,00000,false,48.0000,4,4.0000,true,1,
7290000467887,false,ביסלי חטיף פיצה אסם 55 ג',"אסם השקעות בע""מ",IL,אוסם - ביסלי פיצה 55 גרם,00000,1,00000,false,24.0000,4,4.0000,true,1,
7290000468747,false,ביסלי חטיף גריל אסם 55 ג',"אסם השקעות בע""מ",IL,אוסם - ביסלי גריל 55 גרם,00000,1,00000,false,48.0000,4,4.0000,true,1,
7290000468877,false,ביסלי בטעם בצל 55 ג' אסם,"אסם השקעות בע""מ",IL,אוסם - ביסלי בצל 55 גרם,00000,1,00000,false,24.0000,4,4.0000,true,1,
7290000560533,false,אדג' ג'ל ירוק לעור רגיל 198גרם,אס.סי ג'ונסון ובניו,US,אדג' ג'ל ירוק לעור רגיל 198גרם,00000,1,00000,false,6.0000,13.9,13.9000,false,1,
7290000560540,false,אדג' ג'ל כתום לעור רגיש 198גרם,המאפיה של הרמן,US,אדג' ג'ל כתום לעור רגיש 198גרם,00000,1,00000,false,6.0000,13.9,13.9000,false,1,
7290000679631,false,"ד""ר פישר - קמיל בלו קלאסיק 500 מ""ל","ד""ר פישר Dr fischer",IL,"ד""ר פישר - קמיל בלו קלאסיק 500 מ""ל",00000,1,00000,false,12.0000,12.9,12.9000,true,1,
7290000689180,false,בליסטקס שפתון-סטיק מנטה,Unknown,,בליסטקס שפתון-סטיק מנטה,00000,1,00000,false,24.0000,10,10.0000,false,1,
7290000692456,false,אג'קס חלונות זוג 750*2 מל ספריי ורפיל,הנסיך- מפעל לייצור ט,GR,אג'קס חלונות זוג 750*2 מל ספריי ורפיל,00000,1,00000,false,0.0000,24.9,24.9000,true,1,
7290000801148,false,אלרג'יx Allergy x,,,אלרג'יx Allergy x,00000,1,00000,false,0.0000,22.9,22.9000,false,1,
7290000801476,false,אקמול 14 קפליות,טבע,,אקמול 14 קפליות,00000,1,00000,false,0.0000,14.9,14.9000,false,1,
7290000803067,false,"אלמקס משחת שיניים לילדים 75 מ""ל",הנסיך- מפעל לייצור ט,PL,אלמקס ילדים משחת שיניים 75 מל,00000,1,00000,false,0.0000,13.9,13.9000,false,1,
7290000803180,false,מרידול מי פהשטיפה דנטלית 400 מל,קולגייט פלמוליב,CH,מרידול מי פהשטיפה דנטלית 400 מל,00000,1,00000,false,0.0000,28.9,28.9000,false,1,
7290001136287,false,"נקה 7 - שמפו רגיל ירוק 750 מ""ל","קוסמופארם בעמ, ח.פ 5",IL,"נקה 7 - שמפו רגיל ירוק 750 מ""ל",00000,1,00000,false,0.0000,9.9,9.9000,false,1,
7290001136294,false,"שמפו נקה 7 לשיער יבש אדום 750מ""ל",גוד פוד פרודקטס S.p,IL,"נקה 7 - שמפו יבש אדום 750 מ""ל",00000,1,00000,false,0.0000,9.9,9.9000,false,1,
7290001136683,false,"מרכך לשיער רגיל ירוק 750 מ""ל נקה 7",אמיליה קוסמטיקס בעמ,IL,"נקה 7 - מרכך רגיל ירוק 750 מ""ל",00000,1,00000,false,0.0000,9.9,9.9000,false,1,
7290001302194,false,ביסלי בטעם פלאפל 55 ג' אסם,"אסם השקעות בע""מ",IL,אוסם - ביסלי פלאפל 55 גרם,00000,1,00000,false,24.0000,4,4.0000,true,1,
7290001302279,false,אוסם - במבה קלאסי 60 גרם,מיוצר עי קונדיטוריית,IL,אוסם - במבה קלאסי 60 גרם,00000,1,00000,false,48.0000,4,4.0000,true,1,
7290001305058,false,"פלמוליב - נטורלס תחליב רחצה חלב ודבש 500 מ""ל",הנסיך- מפעל לייצור ט,TR,"פלמוליב - נטורלס תחליב רחצה חלב ודבש 500 מ""ל",00000,1,00000,false,12.0000,12.9,12.9000,true,1,
7290001439432,false,ספוג רחצה ועיסוי,יושלם,,ספוג רחצה ועיסוי,00000,1,00000,false,12.0000,12,12.0000,false,1,
7290001471739,false,אלטמן - מולטי ויטמין לנשים קפליות 60 יח',,,אלטמן - מולטי ויטמין לנשים קפליות 60 יח',00000,1,00000,false,0.0000,99.9,99.9000,true,1,
7290001498897,false,מוסקו סט נרות ולהבונ,מוסקו,,פף ריחני,00000,1,00000,false,0.0000,10,10.0000,false,1,
7290001713150,false,סנט מוריץ מתז אקונומיקה Bleach קצף לימון 1 ליטר,קומפלקס כימיקלים,IL,סנט מוריץ מתז אקונומיקה Bleach קצף לימון 1 ליטר,00000,1,00000,false,0.0000,9.9,9.9000,false,1,
7290001713167,false,סנט מוריץ - מרסס קצף ניקוי 1 ליטר סניטרי אפור,קומפלקס כימיקלים,IL,סנט מוריץ - מרסס קצף ניקוי 1 ליטר סניטרי אפור,00000,1,00000,false,0.0000,9.9,9.9000,false,1,
7290001713211,false,מנקה רצפות סופר מבושם מאסק 2.5 ל',ABC,TR,רצפות סופר מבושם 2.5 ליטר מאסק,00000,1,00000,false,8.0000,11.9,11.9000,false,1,
7290001713235,false,מנקה רצפות סופר מבושם סגול 2.5 ל',,,רצפות סופר מבושם 2.5 ליטר סגול,00000,1,00000,false,8.0000,11.9,11.9000,false,1,
7290001713242,false,עלמה שקיות אשפה 25 יחידות 75*90 עם ידית,אסיר פלסט,TR,עלמה שקיות אשפה 25 יחידות 75*90 עם ידית,00000,1,00000,false,0.0000,10.9,10.9000,true,1,
7290001713358,false,שקיות אשפה עלמה 40 יחידות 52*65 בניחוח תות,אסיר פלסט,TR,שקיות אשפה עלמה 40 יחידות 52*65 בניחוח תות,00000,1,00000,false,12.0000,12.9,12.9000,false,1,
7290001713372,false,"תרסיס לניקוי מוצרי עור 400 מ""ל",,,"תרסיס לניקוי מוצרי עור 400 מ""ל",00000,1,00000,false,0.0000,14.9,14.9000,false,1,
7290001713464,false,עלמה שקיות אשפה 100 יחידות 52*65 עם שרוך,קומפלקס כימיקלים,IL,עלמה שקיות אשפה 100 יחידות 52*65 עם שרוך,00000,1,00000,false,12.0000,19.9,19.9000,true,1,
7290001713501,false,"רדיד אלומיניום עלמה עבה 45 ס""מ 50 מ' סנט מוריץ",קומפלקס כימיקלים,IL,"עלמה רדיד אלומיניום עלמה עבה 45 ס""מ 50 מטר",00000,1,00000,false,0.0000,34.9,34.9000,false,1,
7290001713662,false,מרכך כביסה pure בניחוח מלון רויאל 1 ל' סנט מוריץ,טרסאן,TR,PURE מרכך כביסה בניחוח מלון רויאל 1 ליטר,00000,1,00000,false,0.0000,10,10.0000,false,1,
7290001713815,false,PURE מרכך כביסה בניחוח מלון מפנק 1 ליטר,טרסאן,TR,PURE מרכך כביסה בניחוח מלון מפנק 1 ליטר,00000,1,00000,false,0.0000,10,10.0000,false,1,
7290001713839,false,סנט מוריץ רב מגבת 700 גרם 250 דפים,,,סנט מוריץ רב מגבת 700 גרם 250 דפים,00000,1,00000,false,12.0000,19.9,19.9000,false,1,
7290001713860,false,PURE מרכך כביסה בניחוח מלון ספא 1 ליטר,טרסאן,TR,PURE מרכך כביסה בניחוח מלון ספא 1 ליטר,00000,1,00000,false,0.0000,10,10.0000,false,1,
7290001713884,false,עלמה מטליות מיקרופייבר שלישייה לרצפה,קומפלקס כימיקלים,CN,עלמה מטליות מיקרופייבר שלישייה לרצפה,00000,1,00000,false,12.0000,14.9,14.9000,false,1,
7290001713891,false,עלמה מיקרופייבר חמישייה לניקוי חמישייה סנט מוריץ,קומפלקס כימיקלים,CN,עלמה מיקרופייבר חמישייה לניקוי חמישייה סנט מוריץ,00000,1,00000,false,24.0000,7.9,7.9000,false,1,
7290001713907,false,אקונומיקה בלנקו גל סמיכה 4 ליטר,קומפלקס כימיקלים,IL,אקונומיקה BLANCO גל סמיכה 4 ליטר,00000,1,00000,false,6.0000,12.9,12.9000,false,1,
7290001713921,false,אקונומיקה bleach מבושמת 4 ל' סנט מוריץ,קומפלקס כימיקלים,IL,אקונומיקה סנט מוריץ 4 ליטר מבושמת,00000,1,00000,false,4.0000,10,10.0000,true,1,
7290001713938,false,ניילון נצמד 150 מטר קומפלקס,קומפלקס כימיקלים,IL,עלמה ניילון נצמד 150 מטר,00000,1,00000,false,12.0000,14.9,14.9000,false,1,
7290001973233,false,"ד""ר פישר - קמיל בלו מילוי מגבונים בדיספנסר 120 יח'","ד""ר פישר Dr fischer",IL,"ד""ר פישר - קמיל בלו מילוי מגבונים בדיספנסר 120 יח'",00000,1,00000,false,8.0000,10,10.0000,false,1,
7290002000143,false,"חדש -פנג'ל ק.ידיים קלאסיק 80מ""ל",מיוצר עי קונדיטוריית,IL,"חדש -פנג'ל ק.ידיים קלאסיק 80מ""ל",00000,1,00000,false,12.0000,10,10.0000,false,1,
7290002075271,false,סוכריות ריקולה צמחים,ריקולה,CH,ריקולה שקיות 70 גרם,00000,1,00000,false,24.0000,10,10.0000,false,1,
7290002103776,false,אלטמן - רוטס HR קפליות 60 יח',,,אלטמן - רוטס HR קפליות 60 יח',00000,1,00000,false,0.0000,69.9,69.9000,true,1,
7290002259572,false,ספונטקס - כפפות זוג מס' 6,,,ספונטקס - כפפות זוג מס' 6,00000,1,00000,false,0.0000,10,10.0000,false,1,
7290002269953,false,קרליין - מסיר איפור דו פאזי כחול,,,קרליין - מסיר איפור דו פאזי כחול,00000,1,00000,false,0.0000,29.9,29.9000,false,1,
7290002278788,false,GOOD PHARM - כריות יפניות - 6 יח',,,GOOD PHARM - כריות יפניות - 6 יח',00000,1,00000,false,0.0000,8.9,8.9000,true,1,
7290002342038,false,מיקרופייבר לניקוי והברקת זכוכיות,,,מיקרופייבר לניקוי והברקת זכוכיות,00000,1,00000,false,0.0000,7.9,7.9000,false,1,
7290002342052,false,GOOD PHARM - משטח לייבוש כלים,,,GOOD PHARM - משטח לייבוש כלים,00000,1,00000,false,0.0000,10,10.0000,false,1,
7290002342069,false,GOOD PHARM - מטלית מיקרופייבר לרצפה,,,GOOD PHARM - מטלית מיקרופייבר לרצפה,00000,1,00000,false,0.0000,10,10.0000,false,1,
7290002349174,false,GOOD PHARM - ספוג סאקי מסאז',,,GOOD PHARM - ספוג סאקי מסאז',00000,1,00000,false,24.0000,10,10.0000,false,1,
7290002349181,false,GOOD PHARM - רצועת מסאז',,,GOOD PHARM - רצועת מסאז',00000,1,00000,false,24.0000,10,10.0000,false,1,
7290002349358,false,GOOD PHARM - ספוג הפלא,,,GOOD PHARM - ספוג הפלא,00000,1,00000,false,48.0000,8.9,8.9000,false,1,
7290002349556,false,כריות קרצוף נירוסטה 2 יח,,,כריות קרצוף נירוסטה 2 יח,00000,1,00000,false,0.0000,7.9,7.9000,false,1,
7290002349563,false,GOOD PHARM - מטלית מקצועית לרצפה,,,GOOD PHARM - מטלית מקצועית לרצפה,00000,1,00000,false,24.0000,10.9,10.9000,false,1,
7290002349884,false,GOOD PHARM - מטלית מיקרופייבר לניקוי כללי 5 יחידות,,,GOOD PHARM - מטלית מיקרופייבר לניקוי כללי 5 יחידות,00000,1,00000,false,0.0000,10,10.0000,false,1,
7290002378525,false,KUKIDENT מיכל לשיניים תותבות,,,KUKIDENT מיכל לשיניים תותבות,00000,1,00000,false,0.0000,17.9,17.9000,false,1,
7290002674238,false,"אקווה פרש - משחת שיניים מנטה מרענן 125 מ""ל",,,"אקווה פרש - משחת שיניים מנטה מרענן 125 מ""ל",00000,1,00000,false,12.0000,7,7.0000,true,1,
7290002674269,false,"אקווה פרש - משחת שיניים מנטה עדין 125 מ""ל",,,"אקווה פרש - משחת שיניים מנטה עדין 125 מ""ל",00000,1,00000,false,12.0000,7,7.0000,true,1,
7290002752332,false,"סוכריות מנטוס פירות בגליל, 37.5 גרם",הדקלאים אגודת שיתופי,NL,"סוכריות מנטוס פירות בגליל, 37.5 גרם",00000,1,00000,false,0.0000,4,4.0000,true,1,
7290002752349,false,סוכריות מנטוס מנטה 40יח' בגליל 38ג',פרפטי ואן מלה,NL,"סוכריות מנטוס מנטה בגליל, 37.5 גרם",00000,1,00000,false,0.0000,4,4.0000,true,1,
7290002752493,false,רביעיה סוכריות מנטה 4* 16 ג' טיק טק,קריות זול,ZA,טיק טק סוכריות מנטה*4,00000,1,00000,false,24.0000,10,10.0000,false,1,
7290002768074,false,דרמופון - סבון נוזלי 1 ליטר,טרופיקל דגיל תעשיות,IL,דרמפון - סבון נוזלי 1 ליטר,00000,1,00000,false,0.0000,17.9,17.9000,false,1,
7290002782131,false,"פנינה רוזנבלום - דאודורנט ספריי לאישה מס' 1 150 מ""ל",ביסקול תמרוקים,IL,"פנינה רוזנבלום - דאודורנט ספריי לאישה מס' 1 150 מ""ל",00000,1,00000,false,12.0000,21.9,21.9000,false,1,
7290002782742,false,"פנינה רוזנבלום - דאודורנט ספריי לאישה מס' 2 150 מ""ל",ביסקול תמרוקים,IL,"פנינה רוזנבלום - דאודורנט ספריי לאישה מס' 2 150 מ""ל",00000,1,00000,false,12.0000,16.9,16.9000,false,1,
7290002793311,false,שירות והחלפה מילוי גז (60),סודה סטרים,,שירות והחלפה מילוי גז (60),00000,1,00000,false,0.0000,59.9,59.9000,true,1,
7290002814030,false,"עלמה ניילון נצמד זוגות 30 ס""מ רוחב 30 ס""מ",,,"עלמה ניילון נצמד זוגות 30 ס""מ רוחב 30 ס""מ",00000,1,00000,false,12.0000,10,10.0000,false,1,
7290002814054,false,סנט מוריץ מתז אנטרטיק מתז 1 ליטר,קומפלקס כימיקלים,IL,סנט מוריץ מתז אנטרטיק מתז 1 ליטר,00000,1,00000,false,0.0000,9.9,9.9000,false,1,
7290002814153,false,שלישייה סבון אסלה לימון סנט מוריץ,מיס פלורה,TR,סנט מוריץ סבון אסלה שלישייה לימון,00000,1,00000,false,24.0000,10,10.0000,false,1,
7290002814283,false,"מילוי מכשיר אוויר 250 מ""ל fashion imagination סנט מוריץ",סורה קוסמטיקס,TR,"fashion imagination מילוי מכשיר אוויר 250 מ""ל סנט מוריץ",00000,1,00000,false,12.0000,14.9,14.9000,true,1,
7290002814290,false,BLANCO קצף אקונומיקה מרוכז 1 ליטר בניחוח לימון,קומפלקס כימיקלים,IL,BLANCO קצף אקונומיקה מרוכז 1 ליטר בניחוח לימון,00000,1,00000,false,12.0000,10,10.0000,false,1,
7290002814368,false,"סנט מוריץ - מרסס מסיר שומנים קר 800 מ""ל",,,"סנט מוריץ - מרסס מסיר שומנים קר 800 מ""ל",00000,1,00000,false,12.0000,13.9,13.9000,true,1,
7290002814412,false,סנט מוריץ נוזל כלים 1.6 ליטר לימון ליים 18%,,,סנט מוריץ נוזל כלים 1.6 ליטר לימון ליים 18%,00000,1,00000,false,12.0000,9.9,9.9000,false,1,
7290002814481,false,עלמה שקיות מזון בקופסא 150 יח' מארז שלישיה,קומפלקס כימיקלים,IL,עלמה שקיות מזון בקופסא 150 יח' מארז שלישיה,00000,1,00000,false,12.0000,10,10.0000,false,1,
7290002814504,false,סנט מוריץ מגבונים לרצפה 10 יח' עם חור בית מלון בוטיק,קומפלקס כימיקלים,IL,סנט מוריץ מגבונים לרצפה 10 יח' עם חור בית מלון בוטיק,00000,1,00000,false,12.0000,10,10.0000,false,1,
7290002814528,false,נוזל לניקוי האסלה סנט מוריץ 1 ליטר,קומפלקס כימיקלים,IL,אסלות 1 ליטר סנט מוריץ,00000,1,00000,false,0.0000,5.9,5.9000,false,1,
7290002814603,false,"סנט מוריץ - מרסס מסיר שומנים קר מבושם לימון 750 מ""ל",אלמוג דיל בעמ,IL,"סנט מוריץ - מרסס מסיר שומנים קר מבושם לימון 750 מ""ל",00000,1,00000,false,0.0000,11.9,11.9000,false,1,
7290002814665,false,סנט מוריץ - מרסס מסיר עובש 1 ליטר,קומפלקס כימיקלים,IL,סנט מוריץ - מרסס מסיר עובש 1 ליטר,00000,1,00000,false,0.0000,9.9,9.9000,false,1,
7290002814719,false,נוזל רצפות סנט מוריץ אסלות מאסק 4 ליטר,קומפלקס כימיקלים,IL,רצפות 4 ליטר מאסק סנט מוריץ,00000,1,00000,false,5.0000,10.9,10.9000,false,1,
7290002814726,false,סנט מוריץ מסיר אבנית 1 ליטר,קומפלקס כימיקלים,IL,מסיר אבנית 1 ליטר סנט מוריץ,"מ""ל",1,"מ""ל",false,0.0000,10,10.0000,false,1,
7290002814870,false,"סנט מוריץ - מרסס מסיר שומנים קר מבושם לוונדר\פרחים 750 מ""ל",,,"סנט מוריץ - מרסס מסיר שומנים קר מבושם לוונדר\פרחים 750 מ""ל",00000,1,00000,false,0.0000,11.9,11.9000,false,1,
7290002814887,false,עלמה מגבונים לחים לרצפה 10 יחידות,,IL,עלמה מגבונים לחים לרצפה 10 יחידות,00000,1,00000,false,0.0000,7.9,7.9000,false,1,
7290002814917,false,סנט מוריץ שמפו רצפות בניחוח לבנדר 4 ליטר,קומפלקס כימיקלים,IL,רצפות 4 ליטר בניחוח לוונדר,00000,1,00000,false,0.0000,10.9,10.9000,false,1,
7290002814931,false,סנט מוריץ שמפו רצפות בניחוח פרחים 4 ליטר - מרכז,קומפלקס כימיקלים,IL,רצפות 4 ליטר בניחוח פרחים,00000,1,00000,false,0.0000,10.9,10.9000,false,1,
7290002814948,false,סנט מוריץ מגבוני דלי לרצפה 50 יחידות עם חור,קומפלקס כימיקלים,IL,סנט מוריץ מגבוני דלי לרצפה 50 יחידות עם חור,00000,1,00000,false,1.0000,29.9,29.9000,false,1,
7290002814986,false,סנט מוריץ מגבונים לניקוי כללי בדלי 400 יחידות בריח לימון,קומפלקס כימיקלים,IL,סנט מוריץ מגבונים לניקוי כללי בדלי 400 יחידות בריח לימון,00000,1,00000,false,1.0000,19.9,19.9000,false,1,
7290002921240,false,"שמפוזר מסיר כתים משטיחים קרבונה, 650 מ""ל",קרבונה Carbona,MX,"שמפוזר מסיר כתים משטיחים קרבונה, 650 מ""ל",00000,1,00000,false,0.0000,24.9,24.9000,false,1,
7290003026029,false,"ד""ר פישר - קמיל בלו סנסיטיב שמפו אלדמע 500 מ""ל","ד""ר פישר Dr fischer",IL,"ד""ר פישר - קמיל בלו סנסיטיב שמפו אלדמע 500 מ""ל",00000,1,00000,false,0.0000,14.9,14.9000,false,1,
7290003026036,false,"ד""ר פישר - קמיל בלו סנסיטיב אל סבון עדין לתינוק 1 ליטר","ד""ר פישר Dr fischer",IL,"ד""ר פישר - קמיל בלו סנסיטיב אל סבון עדין לתינוק 1 ליטר",00000,1,00000,false,12.0000,22.9,22.9000,false,1,
7290003026197,false,"ד""ר פישר - קמיל בלו שמן טיפולי 500 מ""ל","ד""ר פישר Dr fischer",IL,"ד""ר פישר - קמיל בלו שמן טיפולי 500 מ""ל",00000,1,00000,false,0.0000,24.9,24.9000,false,1,
7290003026227,false,"ד""ר פישר - קמיל בלו סנסיטיב שמפו אלדמע 1 ליטר","ד""ר פישר Dr fischer",IL,"ד""ר פישר - קמיל בלו סנסיטיב שמפו אלדמע 1 ליטר",00000,1,00000,false,12.0000,22.9,22.9000,false,1,
7290003026234,false,"ד""ר פישר - קמיל בלו תחליב לתינוק 500 מ""ל",פישר מעבדות פרמצבטיו,IL,"ד""ר פישר - קמיל בלו תחליב לתינוק 500 מ""ל",00000,1,00000,false,12.0000,24.9,24.9000,true,1,
7290003081530,false,מגבונים בי פרש לחים 100 מגבונים,,,מגבונים בי פרש לחים 100 מגבונים,00000,1,00000,false,24.0000,7.9,7.9000,false,1,
7290003251193,false,נייר להסרת שיער 10 דף,,,נייר להסרת שיער 10 דף,00000,1,00000,false,0.0000,5,5.0000,false,1,
7290003320165,false,20 סכינים למכשיר יבלות קייזר,,,20 סכינים למכשיר יבלות קייזר,00000,1,00000,false,0.0000,19.9,19.9000,false,1,
7290003320677,false,פינצטה שחורה מכופפת צרה קייזר,,,פינצטה שחורה מכופפת צרה קייזר,00000,1,00000,false,0.0000,19.9,19.9000,false,1,
7290003401369,false,"קרם לחות ועיצוב לשיער חוחובה נטורל 400 מ""ל",מיוצר עי אמיליה קוסמ,IL,"נטורל - קרם לחות לשיער חוחובה 400 מ""ל",00000,1,00000,false,0.0000,19.9,19.9000,false,1,
7290003401376,false,"קרם לחות ועיצוב לשיער אלוורה נטורל 400 מ""ל",מיוצר עי אמיליה קוסמ,IL,"נטורל - קרם לחות לשיער אלוורה 400 מ""ל",00000,1,00000,false,12.0000,19.9,19.9000,false,1,
7290003521074,false,"ד""ר פישר - סרקל מרכך שיער לילדים 1 ליטר",הדקלאים אגודת שיתופי,IL,"ד""ר פישר - סרקל מרכך שיער לילדים 1 ליטר",00000,1,00000,false,0.0000,24.9,24.9000,false,1,
7290003521081,false,"ד""ר פישר - סרקל שמפו לילדים 1 ליטר","ד""ר פישר Dr fischer",IL,"ד""ר פישר - סרקל שמפו לילדים 1 ליטר",00000,1,00000,false,0.0000,24.9,24.9000,false,1,
7290003521142,false,"ד""ר פישר - יולקטין קרם רגליים 90 גרם",,,"ד""ר פישר - יולקטין קרם רגליים 90 גרם",00000,1,00000,false,0.0000,59.9,59.9000,true,1,
7290003521166,false,"ד""ר פישר - סרקל קרם רוזמרין לילדים 325 מ""ל","ד""ר פישר Dr fischer",IL,"ד""ר פישר - סרקל קרם רוזמרין לילדים 325 מ""ל",00000,1,00000,false,0.0000,24.9,24.9000,false,1,
7290003521197,false,"ד""ר פישר - סרקל תרסיס מתיר קשרים 340 מ""ל",פישר מעבדות פרמצבטיו,IL,"ד""ר פישר - סרקל תרסיס מתיר קשרים 340 מ""ל",00000,1,00000,false,0.0000,24.9,24.9000,false,1,
7290003521760,false,"ד""ר פישר - אולטרסול ג'ל אלוורה 200 מ""ל",פישר מעבדות פרמצבטיו,IL,"ד""ר פישר - אולטרסול ג'ל אלוורה 200 מ""ל",00000,1,00000,false,0.0000,19.9,19.9000,false,1,
7290003775927,false,דראגון משאף,,,דראגון משאף,00000,1,00000,false,0.0000,10,10.0000,false,1,
7290003917082,false,תיק רחצה כסף/זהב,,,תיק רחצה כסף/זהב,00000,1,00000,false,12.0000,39.9,39.9000,false,1,
7290003917150,false,GARDEN OASIS מארז מתכת מהודר חצי עיגול,,,GARDEN OASIS מארז מתכת מהודר חצי עיגול,00000,1,00000,false,0.0000,79.9,79.9000,false,1,
7290004019013,false,GOOD PHARM - מברשת תיק מטאלי שחור,,,GOOD PHARM - מברשת תיק מטאלי שחור,00000,1,00000,false,12.0000,9.9,9.9000,false,1,
7290004019020,false,GOOD PHARM - מברשת אובאלי מטאלי כחול,,,GOOD PHARM - מברשת אובאלי מטאלי כחול,00000,1,00000,false,12.0000,9.9,9.9000,false,1,
7290004019037,false,GOOD PHARM - מברשת אובאלי מטאלי אדום,,,GOOD PHARM - מברשת אובאלי מטאלי אדום,00000,1,00000,false,12.0000,9.9,9.9000,false,1,
7290004019044,false,GOOD PHARM - מברשת אובאלי מטאלי שחור,,,GOOD PHARM - מברשת אובאלי מטאלי שחור,00000,1,00000,false,12.0000,9.9,9.9000,false,1,
7290004019051,false,GOOD PHARM - מברשת אובאלי מטאלי ורוד,,,GOOD PHARM - מברשת אובאלי מטאלי ורוד,00000,1,00000,false,12.0000,9.9,9.9000,false,1,
7290004019112,false,GOOD PHARM - מברשת מטקה מטלי ורוד,,,GOOD PHARM - מברשת מטקה מטלי ורוד,00000,1,00000,false,12.0000,9.9,9.9000,false,1,
7290004019129,false,פינצטה קייזר אל חלד,,,פינצטה קייזר אל חלד,00000,1,00000,false,0.0000,19.9,19.9000,false,1,
7290004019211,false,GOOD PHARM - מברשת מטקה מטלי אדום,,,GOOD PHARM - מברשת מטקה מטלי אדום,00000,1,00000,false,12.0000,9.9,9.9000,false,1,
7290004019228,false,GOOD PHARM - מברשת מטקה מטלי שחור,,,GOOD PHARM - מברשת מטקה מטלי שחור,00000,1,00000,false,12.0000,9.9,9.9000,false,1,
7290004019235,false,GOOD PHARM - מברשת מוארכת מטאלי אדום,,,GOOD PHARM - מברשת מוארכת מטאלי אדום,00000,1,00000,false,12.0000,9.9,9.9000,false,1,
7290004019273,false,GOOD PHARM - מברשת מוארכת מטאלי שחור,,,GOOD PHARM - מברשת מוארכת מטאלי שחור,00000,1,00000,false,12.0000,9.9,9.9000,false,1,
7290004019327,false,GOOD PHARM - מברשת מוארכת מטאלי כחול,,,GOOD PHARM - מברשת מוארכת מטאלי כחול,00000,1,00000,false,12.0000,9.9,9.9000,false,1,
7290004248376,false,רניו מולטיפלוס שלישייה,,,רניו מולטיפלוס שלישייה,00000,1,00000,false,0.0000,129.9,129.9000,false,1,
7290004343095,false,GOOD PHARM - מברשת תיק מטאלי כחול,,,GOOD PHARM - מברשת תיק מטאלי כחול,00000,1,00000,false,12.0000,9.9,9.9000,false,1,
7290004343156,false,GOOD PHARM - מברשת תיק מטאלי ורוד,,,GOOD PHARM - מברשת תיק מטאלי ורוד,00000,1,00000,false,12.0000,9.9,9.9000,false,1,
7290004343163,false,GOOD PHARM - מברשת להתרת קשרים שחור לבן,,,GOOD PHARM - מברשת להתרת קשרים שחור לבן,00000,1,00000,false,12.0000,19.9,19.9000,false,1,
7290004343392,false,GOOD PHARM - מברשת לשיער פן קרמית 02,,,GOOD PHARM - מברשת לשיער פן קרמית 02,00000,1,00000,false,12.0000,19.9,19.9000,false,1,
7290004343477,false,GOOD PHARM - זוג סיכות בארט שחור וחום,,,GOOD PHARM - זוג סיכות בארט שחור וחום,00000,1,00000,false,12.0000,12.9,12.9000,false,1,
7290004343491,false,GOOD PHARM - זוג סיכות ענן שחור וחום,,,GOOD PHARM - זוג סיכות ענן שחור וחום,00000,1,00000,false,12.0000,12.9,12.9000,false,1,
7290004343545,false,GOOD PHARM - סיכות סבתא שחורות,,,GOOD PHARM - סיכות סבתא שחורות,00000,1,00000,false,12.0000,7.9,7.9000,false,1,
7290004343583,false,GOOD PHARM - רביעיית קליפסים שחור,,,GOOD PHARM - רביעיית קליפסים שחור,00000,1,00000,false,12.0000,7.9,7.9000,false,1,
7290004343606,false,GOOD PHARM - גומיות צבעוניות מחוספס 5 יח',,,GOOD PHARM - גומיות צבעוניות מחוספס 5 יח',00000,1,00000,false,12.0000,9.9,9.9000,false,1,
7290004343668,false,GOOD PHARM - זוג קליפסים גודל בינוני,,,GOOD PHARM - זוג קליפסים גודל בינוני,00000,1,00000,false,12.0000,7.9,7.9000,false,1,
7290004343675,false,GOOD PHARM - קשת עם שיניים,,,GOOD PHARM - קשת עם שיניים,00000,1,00000,false,12.0000,7.9,7.9000,false,1,
7290004343743,false,GOOD PHARM - סרט שחור לשיער,,,GOOD PHARM - סרט שחור לשיער,00000,1,00000,false,12.0000,7.9,7.9000,false,1,
7290004343750,false,GOOD PHARM - קשת לשיער זוג,,,GOOD PHARM - קשת לשיער זוג,00000,1,00000,false,12.0000,9.9,9.9000,false,1,
7290004343781,false,GOOD PHARM - תופסן ספרים שלישייה,,,GOOD PHARM - תופסן ספרים שלישייה,00000,1,00000,false,12.0000,7.9,7.9000,false,1,
7290004343804,false,GOOD PHARM - קליפס גדול רשת,,,GOOD PHARM - קליפס גדול רשת,00000,1,00000,false,12.0000,7.9,7.9000,false,1,
7290004343811,false,GOOD PHARM - גומיות מגבת קטנות שחורות 20 יח',,,GOOD PHARM - גומיות מגבת קטנות שחורות 20 יח',00000,1,00000,false,12.0000,7.9,7.9000,false,1,
7290004343835,false,GOOD PHARM - צמד קליפסים בצבע חום,,,GOOD PHARM - צמד קליפסים בצבע חום,00000,1,00000,false,12.0000,7.9,7.9000,false,1,
7290004343859,false,GOOD PHARM - קליפסים קטנים 8 יח חום,,,GOOD PHARM - קליפסים קטנים 8 יח חום,00000,1,00000,false,12.0000,7.9,7.9000,false,1,
7290004343897,false,GOOD PHARM - גומיות מגבת צבעוני,,,GOOD PHARM - גומיות מגבת צבעוני,00000,1,00000,false,12.0000,7.9,7.9000,false,1,
7290004343903,false,GOOD PHARM - גומיות מגבת שחור,,,GOOD PHARM - גומיות מגבת שחור,00000,1,00000,false,12.0000,7.9,7.9000,false,1,
7290004343934,false,GOOD PHARM - סיכות תיק תק שחור 8 יח',,,GOOD PHARM - סיכות תיק תק שחור 8 יח',00000,1,00000,false,12.0000,7.9,7.9000,false,1,
7290004343958,false,GOOD PHARM - סט גומיות צבעוניות,,,GOOD PHARM - סט גומיות צבעוניות,00000,1,00000,false,12.0000,9.9,9.9000,false,1,
7290004343996,false,GOOD PHARM - סט גומיות שחור 12 יח',,,GOOD PHARM - סט גומיות שחור 12 יח',00000,1,00000,false,12.0000,7.9,7.9000,false,1,
7290004353346,false,ספוג רחצה הידרופילי,יושלם,,ספוג רחצה הידרופילי,00000,1,00000,false,0.0000,14.9,14.9000,false,1,
7290004536039,false,כפפות דלפין זוג ורוד מס8,,,ספונטקס - כפפות זוג מס' 8,00000,1,00000,false,0.0000,10,10.0000,false,1,
7290004731083,false,כיף - סבון ידיים ג'ינסנג 1 ליטר,טרופיקל דגיל תעשיות,IL,כיף - סבון ידיים ג'ינסנג 1 ליטר,00000,1,00000,false,0.0000,10,10.0000,false,1,
7290004731564,false,"סנו - מקסימה מרסס למייבש כביסה פריחה כחולה 750 מ""ל",סנו,IL,"סנו - מקסימה מרסס למייבש כביסה פריחה כחולה 750 מ""ל",00000,1,00000,false,0.0000,17.9,17.9000,false,1,
7290004850432,false,אגיסטן אלוורה 20 גרם,פריגו,,אגיסטן אלוורה 20 גרם,00000,1,00000,false,0.0000,29.9,29.9000,false,1,
7290005008184,false,"פלמוליב - תחליב רחצה נטורלס שקדים 500 מ""ל",הנסיך- מפעל לייצור ט,TR,"פלמוליב - תחליב רחצה נטורלס שקדים 500 מ""ל",00000,1,00000,false,12.0000,12.9,12.9000,true,1,
7290005008191,false,"פלמוליב סבון נוזלי בניחוח ארומה סגול, 500 מ""ל",הנסיך- מפעל לייצור ט,TR,"פלמוליב - ארומה ג'ל רחצה לבנדר סגול 500 מ""ל",00000,1,00000,false,12.0000,12.9,12.9000,true,1,
7290005084355,false,"סנסודיין - משחת שיניים דואל קר זהב 75 מ""ל",גלקסו סמית קליין,GB,"סנסודיין - משחת שיניים דואל קר זהב 75 מ""ל",00000,1,00000,false,12.0000,10.9,10.9000,true,1,
7290005124686,false,בליסטקס שפתון-תות,Unknown,,בליסטקס שפתון-תות,00000,1,00000,false,24.0000,10,10.0000,false,1,
7290005296246,false,"פותח סתימות דריין אאוט 946 מ""ל יעקבי",יוליניבר,US,פותח סתימות drain out,00000,1,00000,false,0.0000,24.9,24.9000,true,1,
7290005296260,false,"אסטוניש ספריי רסס ונגב לניקוי כללי 750 מ""ל",אסטוניש Astonish,GB,"אסטוניש - מרסס רסס נגב 750 מ""ל",00000,1,00000,false,12.0000,10.9,10.9000,true,1,
7290005418501,false,"אקזיט - ""מלא תלתלים"" מוס נפח לתלתלים 200 מ""ל",,,"נטורל - מוס לבניית תלתלים 200 מ""ל",00000,1,00000,false,0.0000,29.9,29.9000,false,1,
7290005418709,false,"נטורל קרם לחות לקיבוע תלתלים גלי 400 מ""ל",מיוצר עי אמיליה קוסמ,IL,"נטורל - קרם לחות לקיבוע תלתלים 400 מ""ל",00000,1,00000,false,0.0000,22.9,22.9000,false,1,
7290005418716,false,"נטורל - קרם לחות לבניית תלתלים עגולים 400 מ""ל",מיוצר עי אמיליה קוסמ,IL,"נטורל - קרם לחות לבניית תלתלים עגולים 400 מ""ל",00000,1,00000,false,0.0000,22.9,22.9000,false,1,
7290005418891,false,"נטורל - ג'ל שיער לעיצוב רטוב 500 מ""ל",,,"נטורל - ג'ל שיער לעיצוב רטוב 500 מ""ל",00000,1,00000,false,0.0000,24.9,24.9000,false,1,
7290005423543,false,אורביטול - משחת שיניים להלבנה 145 גרם,טרופיקל דגיל תעשיות,IL,אורביטול - משחת שיניים להלבנה 145 גרם,00000,1,00000,false,0.0000,10,10.0000,false,1,
7290005423635,false,ריצפז נוזל לניקוי רצפות דוחה חרקים 2 ל',מיוצר עי קונדיטוריית,IL,סנו - ריצפז דוחה תיקנים 2 ליטר,00000,1,00000,false,0.0000,19.9,19.9000,false,1,
7290005423734,false,סנו - מקסימה מרכך כביסה אולטרה פרש 4 ליטר,"סנו מפעלי ברונוס בע""",IL,סנו - מקסימה מרכך כביסה אולטרה פרש 4 ליטר,00000,1,00000,false,0.0000,21.9,21.9000,false,1,
7290005423918,false,סנו - מקסימה מרכך כביסה היפואלרגני אלוורה 4 ליטר,קריות זול,IL,סנו - מקסימה מרכך כביסה היפואלרגני אלוורה 4 ליטר,00000,1,00000,false,0.0000,21.9,21.9000,false,1,
7290005424403,false,"אל סבון כיף אצות ים קטיפתי 1ליטר,",טרופיקל דגיל תעשיות,IL,כיף - סבון ידיים אצות ים 1 ליטר,00000,1,00000,false,0.0000,10,10.0000,false,1,
7290005424700,false,סנו - פורטה פלוס מרסס מסיר שומנים 1 ליטר,סנו,IL,סנו - פורטה פלוס מרסס מסיר שומנים 1 ליטר,00000,1,00000,false,12.0000,17.9,17.9000,false,1,
7290005425646,false,סנו קליר ספריי אקדח לניקוי והברקת חלונות 1ל',"סנו מפעלי ברונוס בע""",IL,סנו - קליר מרסס לניקוי והברקה 1 ליטר,00000,1,00000,false,0.0000,11.9,11.9000,false,1,
7290005427633,false,"כיף גל לשיער לשיער חזק במיוחד 1 ק""ג",קוסמופארם,IL,"כיף - ג'ל לעיצוב שיער 1 ק""ג",00000,1,00000,false,0.0000,21.9,21.9000,false,1,
7290005427770,false,"קרמה - קרם לחות לשיער לגבר 400 מ""ל",טרופיקל דגיל תעשיות,IL,"קרמה - קרם לחות לשיער לגבר 400 מ""ל",00000,1,00000,false,0.0000,19.9,19.9000,false,1,
7290005427787,false,"קרמה - קרם לחות לשיער מתולתל 400 מ""ל",טרופיקל דגיל תעשיות,IL,"קרמה - קרם לחות לשיער מתולתל 400 מ""ל",00000,1,00000,false,0.0000,19.9,19.9000,false,1,
7290005427978,false,"קרמה תחליב רחצה לפנים 180 מ""ל",גוד פוד פרודקטס S.p,IL,"קרמה - תרחיץ לפנים 180 מ""ל",00000,1,00000,false,0.0000,12.9,12.9000,false,1,
7290005427985,false,"קרמה תחליב רחצה לפנים בתוספת גרגירי פילינג 180 מ""ל",גוד פוד פרודקטס S.p,IL,"קרמה - תרחיץ לפנים פילינג 180 מ""ל",00000,1,00000,false,0.0000,12.9,12.9000,false,1,
7290005430602,false,"סנו - אוקסיג'ן מרסס מסיר כתמים 750 מ""ל","סנו מפעלי ברונוס בע""",IL,"סנו - אוקסיג'ן מרסס מסיר כתמים 750 מ""ל",00000,1,00000,false,0.0000,17.9,17.9000,false,1,
7290005430626,false,סנו - אוקסיג'ן מסיר כתמים קשים 2 ליטר,סנו כימיקלים,,סנו - אוקסיג'ן מסיר כתמים קשים 2 ליטר,00000,1,00000,false,12.0000,19.9,19.9000,false,1,
7290005500688,false,"פנינה רוזנבלום מסיכה לשיקום ורודה , 1 ק""ג",א.ארמן,IL,"פנינה מסיכה לשיער 1- ק'""ג",00000,1,00000,false,6.0000,27.9,27.9000,false,1,
7290005587825,false,לוריאל - דרמו מסיר איפור דו פאזי 125 עברית,KARLSRUHE GERMANY,DE,לוריאל - דרמו מסיר איפור דו פאזי 125 עברית,00000,1,00000,false,0.0000,29.9,29.9000,false,1,
7290005870385,false,"קרם ידיים סחלב 100 מ""ל",שוורץ,IL,"קרם ידיים סחלב 100 מ""ל",00000,1,00000,false,0.0000,10,10.0000,false,1,
7290006235053,false,"ד""ר פישר - סרקל קרם רוזמרין מתיר קשרים 325 מ""ל * 2",פישר מעבדות פרמצבטיו,IL,"ד""ר פישר - סרקל קרם רוזמרין מתיר קשרים 325 מ""ל * 2",00000,1,00000,false,0.0000,34.9,34.9000,false,1,
7290006235633,false,"ד""ר פישר - יולקטין שמפו טיפולי 450 מ""ל",,,"ד""ר פישר - יולקטין שמפו טיפולי 450 מ""ל",00000,1,00000,false,0.0000,39.9,39.9000,true,1,
7290006235657,false,"ד""ר פישר - יולקטין תחליב 450 מ""ל",,,"ד""ר פישר - יולקטין תחליב 450 מ""ל",00000,1,00000,false,0.0000,59.9,59.9000,true,1,
7290006287106,false,"נטורל - ווקס לשיער לעיצוב אלסטי 120 מ""ל",,,"נטורל - ווקס לשיער לעיצוב אלסטי 120 מ""ל",00000,1,00000,false,0.0000,29.9,29.9000,false,1,
7290006401571,false,אדויל ליקווי ג'ל 16 כמוסות,פייזר,,אדויל ליקווי ג'ל 16 כמוסות,00000,1,00000,false,0.0000,29.9,29.9000,false,1,
7290006437044,false,אלטמן - פרוביוטיק DIGEST כמוסות 60 יח',אלטמן,,אלטמן - פרוביוטיק DIGEST כמוסות 60 יח',00000,1,00000,false,0.0000,99.9,99.9000,true,1,
7290006437563,false,אלטמן - אבץ פיקולינט טבליות 100 יח',אלטמן,,אלטמן - אבץ פיקולינט טבליות 100 יח',00000,1,00000,false,0.0000,59.9,59.9000,true,1,
7290006618078,false,"אסטוניש מרסס ניקוי יסודי 750 מ""ל",אסטוניש Astonish,GB,"אסטוניש - מרסס למטבח 750 מ""ל",00000,1,00000,false,12.0000,10.9,10.9000,true,1,
7290006618085,false,"אסטוניש - מרסס לחדר האמבט עם אקונומיקה 750 מ""ל",אסטוניש Astonish,GB,"אסטוניש - מרסס לחדר האמבט עם אקונומיקה 750 מ""ל",00000,1,00000,false,0.0000,10.9,10.9000,true,1,
7290006618610,false,6 ספוגיות כלים חלבי / בשרי,פלספק,TR,6 ספוגיות כלים חלבי / בשרי,00000,1,00000,false,0.0000,8,8.0000,true,1,
7290006651204,false,"ד""ר פישר - יולקטין קרם ידיים 100 מ""ל",,,"ד""ר פישר - יולקטין קרם ידיים 100 מ""ל",00000,1,00000,false,0.0000,34.9,34.9000,true,1,
7290006651211,false,"ד""ר פישר - מגבוני איי קר לעיניים רגישות 40 יחידות","ד""ר פישר Dr fischer",IL,"ד""ר פישר - מגבוני איי קר לעיניים רגישות 40 יחידות",00000,1,00000,false,0.0000,49.9,49.9000,false,1,
7290006651730,false,"ד""ר פישר - אלכוג'ל מגבונים לשמירת היגייניית הידיים 20 יח'","ד""ר פישר Dr fischer",IL,"ד""ר פישר - אלכוג'ל מגבונים לשמירת היגייניית הידיים 20 יח'",00000,1,00000,false,24.0000,14.9,14.9000,false,1,
7290006693020,false,אופטיפרי אקספרס תמיסת חיטוי לעדשות מגע (שלישייה),אלקון Alcon,,אופטיפרי אקספרס תמיסת חיטוי לעדשות מגע (שלישייה),00000,1,00000,false,8.0000,99.9,99.9000,false,1,
7290006784032,false,עלמה כריות יפניות - ללא שריטות 6 יחידות,קומפלקס כימיקלים,IL,עלמה כריות יפניות - ללא שריטות 6 יחידות,00000,1,00000,false,0.0000,7.9,7.9000,true,1,
7290006784070,false,עלמה כריות קרצוף 2+1 יחידות,קומפלקס כימיקלים,IL,עלמה כריות קרצוף 2+1 יחידות,00000,1,00000,false,0.0000,7.9,7.9000,false,1,
7290006784346,false,"תרסיס לניקוי שטיחים סנט מוריץ 630 מ""ל",קומפלקס כימיקלים,IL,קצף לניקוי שטיחים,00000,1,00000,false,0.0000,14.9,14.9000,false,1,
7290006784360,false,חלונית לניקוי והברקה 1ל-סנט מוריץ,קומפלקס כימיקלים,IL,סנט מוריץ - מרסס חלונית 1 ליטר,00000,1,00000,false,0.0000,5.9,5.9000,true,1,
7290006784407,false,"PURE מבשם כביסה בניחוח מלון בוטיק 500 מ""ל",טרסאן,TR,"PURE מבשם כביסה בניחוח מלון בוטיק 500 מ""ל",00000,1,00000,false,0.0000,12.9,12.9000,false,1,
7290006784414,false,"PURE מבשם כביסה בניחוח מלון ספא 500 מ""ל",טרסאן,TR,"PURE מבשם כביסה בניחוח מלון ספא 500 מ""ל",00000,1,00000,false,0.0000,12.9,12.9000,false,1,
7290006784438,false,מרכך כביסה pure love לבן 1 ל' סנט מוריץ,טרסאן,TR,pure love מרכך כביסה 1 ליטר,00000,1,00000,false,12.0000,10,10.0000,false,1,
7290006784452,false,"PURE - מבשם כביסה מרסס בניחוח מלון רויאל 500 מ""ל",טרסאן,TR,"PURE - מבשם כביסה מרסס בניחוח מלון רויאל 500 מ""ל",00000,1,00000,false,0.0000,12.9,12.9000,false,1,
7290006784483,false,"PURE מבשם אוויר ניחוח חופשה בסנט מוריץ 400 מ""ל",,,"PURE מבשם אוויר ניחוח חופשה בסנט מוריץ 400 מ""ל",00000,1,00000,false,0.0000,10,10.0000,false,1,
7290006784506,false,"אוקסי מסיר כתמים 750 מ""ל",קומפלקס כימיקלים,IL,"מתז מסיר כתמים 750 מ""ל",00000,1,00000,false,0.0000,8.9,8.9000,false,1,
7290006784582,false,"מילוי מכשיר אוויר 250 מ""ל fashion no.6 סנט מוריץ",סורה קוסמטיקס,TR,"fashion no.6 מילוי מכשיר אוויר 250 מ""ל סנט מוריץ",00000,1,00000,false,12.0000,14.9,14.9000,true,1,
7290006784643,false,"מילוי מכשיר אוויר 250 מ""ל fashion rose gold סנט מוריץ",סורה קוסמטיקס,TR,"fashion rose gold מילוי מכשיר אוויר 250 מ""ל סנט מוריץ",00000,1,00000,false,12.0000,14.9,14.9000,true,1,
7290006784773,false,"ספריי אוויר 250 מ""ל fashion 102 סנט מוריץ",סורה קוסמטיקס,TR,"fashion 102 ספריי אוויר 250 מ""ל סנט מוריץ",00000,1,00000,false,12.0000,14.9,14.9000,true,1,
7290006784780,false,"ספריי אוויר 250 מ""ל fashion black סנט מוריץ",סורה קוסמטיקס,TR,"fashion black ספריי אוויר 250 מ""ל סנט מוריץ",00000,1,00000,false,12.0000,14.9,14.9000,true,1,
7290006784865,false,סנט מוריץ לניקוי משטחי מטבחים מרוכז ועוצמתי 1ל',קומפלקס כימיקלים,IL,סנט מוריץ - מרסס מרוכז ועוצמתי למטבחים 1 ליטר,00000,1,00000,false,12.0000,9.9,9.9000,false,1,
7290006788405,false,"קרליין - נושם אקטיב דאודורנט רול און לאישה ברודו 75 מ""ל",אמיליה קוסמטיקס,IL,"קרליין - נושם אקטיב דאודורנט רול און לאישה ברודו 75 מ""ל",00000,1,00000,false,12.0000,9.9,9.9000,false,1,
7290006788412,false,"קרליין - נושם אקווה דאודורנט רול און לאישה כחול 75 מ""ל",אמיליה קוסמטיקס,IL,"קרליין - נושם אקווה דאודורנט רול און לאישה כחול 75 מ""ל",00000,1,00000,false,12.0000,9.9,9.9000,false,1,
7290006788429,false,"קרליין - נושם סאן רייס דאודורנט רול און לאישה כתום 75 מ""ל",אמיליה קוסמטיקס בעמ,IL,"קרליין - נושם סאן רייס דאודורנט רול און לאישה כתום 75 מ""ל",00000,1,00000,false,12.0000,9.9,9.9000,false,1,
7290006788436,false,"קרליין - נושם פיור דאודורנט רול און לאישה ורוד 75 מ""ל",משווק: קוסמופארם בעמ,IL,"קרליין - נושם פיור דאודורנט רול און לאישה ורוד 75 מ""ל",00000,1,00000,false,12.0000,9.9,9.9000,false,1,
7290006788443,false,"קרליין - נושם אוקסיג'ן דאודורנט רול און לאישה סגול 75 מ""ל",מולינו ניקולי s.p.a,IL,"קרליין - נושם אוקסיג'ן דאודורנט רול און לאישה סגול 75 מ""ל",00000,1,00000,false,12.0000,9.9,9.9000,false,1,
7290006788467,false,"קרליין - נושם אקטיב דאודורנט ספריי לאישה בורדו 200 מ""ל",מיוצר עי : אמיליה קו,IL,"קרליין - נושם אקטיב דאודורנט ספריי לאישה בורדו 200 מ""ל",00000,1,00000,false,12.0000,9.9,9.9000,false,1,
7290006788474,false,"קרליין - נושם אקווה דאודורנט ספריי לאישה כחול 200 מ""ל",אמיליה קוסמטיקס,IL,"קרליין - נושם אקווה דאודורנט ספריי לאישה כחול 200 מ""ל",00000,1,00000,false,12.0000,9.9,9.9000,false,1,
7290006788481,false,"קרליין - נושם סאן רייס דאודורנט ספריי לאישה כתום 200 מ""ל",מיוצר עי : אמיליה קו,IL,"קרליין - נושם סאן רייס דאודורנט ספריי לאישה כתום 200 מ""ל",00000,1,00000,false,12.0000,9.9,9.9000,false,1,
7290006788498,false,"קרליין - נושם פיור דאודורנט ספריי לאישה ורוד 200 מ""ל",מיוצר עי : אמיליה קו,IL,"קרליין - נושם פיור דאודורנט ספריי לאישה ורוד 200 מ""ל",00000,1,00000,false,12.0000,9.9,9.9000,false,1,
7290006788504,false,"קרליין - נושם אוקסיג'ן דאודורנט ספריי לאישה סגול 200 מ""ל",מיוצר עי : אמיליה קו,IL,"קרליין - נושם אוקסיג'ן דאודורנט ספריי לאישה סגול 200 מ""ל",00000,1,00000,false,12.0000,9.9,9.9000,false,1,
7290006789921,false,"קרליין - תחליב לחות אויל פרי 50 מ""ל",,,"קרליין - תחליב לחות אויל פרי 50 מ""ל",00000,1,00000,false,0.0000,39.9,39.9000,false,1,
7290006789938,false,"קרליין - תמיסה לייבוש פצעים אויל פרי 15 מ""ל",,,"קרליין - תמיסה לייבוש פצעים אויל פרי 15 מ""ל",00000,1,00000,false,0.0000,39.9,39.9000,false,1,
7290006791474,false,"נטורל - סרום לשיער לשמירה על חוזק 145 מ""ל",,,"נטורל - סרום לשיער לשמירה על חוזק 145 מ""ל",00000,1,00000,false,0.0000,49.9,49.9000,false,1,
7290006992161,false,מטרנה - דייסת קורנפלור פרוביוטי 200 גרם,מולינו ניקולי s.p.a,IL,מטרנה - דייסת קורנפלור פרוביוטי 200 גרם,גרם,1,גרם,false,12.0000,13.9,13.9000,false,1,
7290006992185,false,"מטרנה - דייסת אורז פרוביוטי כשל""פ 200 גרם",מולינו ניקולי s.p.a,IL,"מטרנה - דייסת אורז פרוביוטי כשל""פ 200 גרם",גרם,1,גרם,false,12.0000,13.9,13.9000,false,1,
7290006992192,false,מטרנה - דייסת סולת 200 גרם,קריות זול,IL,מטרנה - דייסת סולת 200 גרם,גרם,1,גרם,false,12.0000,13.9,13.9000,false,1,
7290006992208,false,מטרנה - דייסת דגנים מעורבים 200 גרם,מטרנה תעשיות ש.מ,IL,מטרנה - דייסת דגנים מעורבים 200 גרם,גרם,1,גרם,false,12.0000,13.9,13.9000,false,1,
7290006992390,false,"מטרנה - דייסת וניל פרוביוטי כשל""פ 200 גרם",מולינו ניקולי s.p.a,IL,"מטרנה - דייסת וניל פרוביוטי כשל""פ 200 גרם",גרם,1,גרם,false,12.0000,13.9,13.9000,false,1,
7290008000246,false,"פמינה - שטיפה אינטימית מועשר באלוורה 220 מ""ל",כצט,IL,"פמינה - שטיפה אינטימית מועשר באלוורה 220 מ""ל",00000,1,00000,false,0.0000,19.9,19.9000,false,1,
7290008017909,false,מורז מגן פוליגונום לשפתים טיפולי,,,מורז מגן פוליגונום לשפתים טיפולי,00000,1,00000,false,12.0000,14.9,14.9000,false,1,
7290008068512,false,בייבי פסטה משחה קמומיל לתינוק 100 גר',,,בייבי פסטה משחה+קמומיל 100 גרם,00000,1,00000,false,0.0000,16.9,16.9000,false,1,
7290008084956,false,בייבי פסטה משחה 120 גרם,,,בייבי פסטה משחה 120 גרם,00000,1,00000,false,0.0000,14.9,14.9000,false,1,
7290008089296,false,בייבי פסטה טלק 200 גרם,,,בייבי פסטה טלק 200 גרם,00000,1,00000,false,0.0000,19.9,19.9000,false,1,
7290008104050,false,"פמינה - שטיפה אינטימית קלאסית 220 מ""ל",כצט נוביס סעמ,IL,"פמינה - שטיפה אינטימית קלאסית 220 מ""ל",00000,1,00000,false,0.0000,19.9,19.9000,false,1,
7290008324083,false,"יומי ויטמין C - מכיל 60 מ""ג ויטמין C בטעם תפוז",אלטמן,,אלטמן - יומי ויטמין C בטעם תפוז 100 יח',00000,1,00000,false,0.0000,54.9,54.9000,true,1,
7290008324267,false,אלטמן - יומי מולטי ויטמין בטעם ענבים 100 יח',,,אלטמן - יומי מולטי ויטמין בטעם ענבים 100 יח',00000,1,00000,false,0.0000,64.9,64.9000,true,1,
7290008408011,false,"EVEN קרם טיפולי לכף הרגל על בסיס ארגזן 250 מ""ל",,,"EVEN קרם טיפולי לכף הרגל על בסיס ארגזן 250 מ""ל",00000,1,00000,false,0.0000,29.9,29.9000,false,1,
7290008408189,false,"EVEN שמפו קרטין טיפולי עם משאבה 500 מ""ל",,,"EVEN שמפו קרטין טיפולי עם משאבה 500 מ""ל",00000,1,00000,false,12.0000,29.9,29.9000,false,1,
7290008408356,false,"EVEN סרום קרטין לטיפוח השיער 100 מ""ל",,,"EVEN סרום קרטין לטיפוח השיער 100 מ""ל",00000,1,00000,false,0.0000,49.9,49.9000,false,1,
7290008408585,false,"EVEN מסכה קונדישנר לשיער קרטין צבוע/פגום 500 מ""ל",,,"EVEN מסכה קונדישנר לשיער קרטין צבוע/פגום 500 מ""ל",00000,1,00000,false,0.0000,49.9,49.9000,false,1,
7290008443647,false,"מרכך לשיער מתולתל סגול, 750 מ""ל נקה 7",אמיליה קוסמטיקס בעמ,IL,"נקה 7 - מרכך מתולתל סגול 750 מ""ל",00000,1,00000,false,0.0000,9.9,9.9000,false,1,
7290008444231,false,"קרליין - קרם ג'ל לחות יאנג 50 מ""ל",,,"קרליין - קרם ג'ל לחות יאנג 50 מ""ל",00000,1,00000,false,0.0000,39.9,39.9000,false,1,
7290008464505,false,סאן בנדטו בקבוק פלסטיק 500מל,אקווה מינרלה סאן בנד,IT,"סאן בנדטו רגיל 500 מ""ל",00000,1,00000,false,0.0000,5,4.7000,false,1,
7290008464611,false,"סודה טמפו בקבוק זכוכית 275 מ""ל",טמפו משקאות בעמ,IL,"מי סודה בקבוק 275 מ""ל",00000,1,00000,false,24.0000,3.9,3.6000,false,1,
7290008493703,false,בייגלה שמיניות עם מלח 300גרם שקוף,,,שמיניות מלח 300גרם,00000,1,00000,false,15.0000,6.9,6.9000,false,1,
7290008705134,false,"EVEN מסכה קונדישנר לשיער זרעי פשתן מועשר בסיליקון צבוע/פגום 500 מ""ל",,,"EVEN מסכה קונדישנר לשיער זרעי פשתן מועשר בסיליקון צבוע/פגום 500 מ""ל",00000,1,00000,false,0.0000,44.9,44.9000,false,1,
7290008711845,false,קליאו ק.גוף סקין קר מועשר באבקת פנינה - ורוד,,,קליאו ק.גוף סקין קר מועשר באבקת פנינה - ורוד,00000,1,00000,false,0.0000,12.9,12.9000,false,1,
7290008758406,false,"EVEN קרם טיפולי לכף הרגל על בסיס אובליפיחה 250 מ""ל",,,"EVEN קרם טיפולי לכף הרגל על בסיס אובליפיחה 250 מ""ל",00000,1,00000,false,12.0000,29.9,29.9000,false,1,
7290008975551,false,מטרנה מהדרין חסכון שלב 3 700 גרם,מולינו ניקולי s.p.a,IL,מטרנה - מהדרין שלב 3 700 גרם,00000,1,00000,false,12.0000,54.9,54.9000,false,1,
7290010065301,false,פרינוק - מחית סלט פירות 130 גרם,פרינוק,CZ,פרינוק - מחית סלט פירות 130 גרם,00000,1,00000,false,0.0000,5,5.0000,false,1,
7290010065318,false,פרינוק - ג'וניור תפוחי עץ 190 גרם,פרינוק,CZ,פרינוק - ג'וניור תפוחי עץ 190 גרם,00000,1,00000,false,0.0000,6,6.0000,true,1,
7290010065332,false,פרינוק - ג'וניור פתוחי עץ ובננה 190 גרם,פרינוק,CZ,פרינוק - ג'וניור פתוחי עץ ובננה 190 גרם,00000,1,00000,false,0.0000,6,6.0000,true,1,
7290010112555,false,בסט ברלנטין ירוק200מל,,,בסט ברלנטין ירוק200מל,00000,1,00000,false,0.0000,12.9,12.9000,false,1,
7290010112562,false,בסט ברלנטין קוקוס200מל,,,בסט ברלנטין קוקוס200מל,00000,1,00000,false,0.0000,12.9,12.9000,false,1,
7290010112630,false,בסט ק.לחות לשיער רגיל/יבש,,,בסט ק.לחות לשיער רגיל/יבש,00000,1,00000,false,0.0000,10,10.0000,false,1,
7290010113750,false,בסט מסיר צבע לשיער60מל,,,בסט מסיר צבע לשיער60מל,00000,1,00000,false,0.0000,10,10.0000,false,1,
7290010132003,false,"סכין מדורגת 14 ס""מ שחורה | BEROX",,,"סכין מדורגת 14 ס""מ שחורה | BEROX",00000,1,00000,false,12.0000,14.9,14.9000,true,1,
7290010132416,false,"סכין מדורגת 14 ס""מ כחולה | BEROX",,,"סכין מדורגת 14 ס""מ כחולה | BEROX",00000,1,00000,false,12.0000,14.9,14.9000,true,1,
7290010132423,false,"סכין מדורגת 14 ס""מ ירוקה | BEROX",,,"סכין מדורגת 14 ס""מ ירוקה | BEROX",00000,1,00000,false,12.0000,14.9,14.9000,true,1,
7290010132430,false,"סכין מדורגת 14 ס""מ אדומה | BEROX",יושלם,,"סכין מדורגת 14 ס""מ אדומה | BEROX",00000,1,00000,false,12.0000,14.9,14.9000,true,1,
7290010132720,false,"סכין מדורגת 14 ס""מ כתומה | BEROX",,,"סכין מדורגת 14 ס""מ כתומה | BEROX",00000,1,00000,false,12.0000,14.9,14.9000,true,1,
7290010132911,false,סכין עזר שחורה | משונן ועגול | BEROX,,,סכין עזר שחורה | משונן ועגול | BEROX,00000,1,00000,false,12.0000,14.9,14.9000,true,1,
7290010133826,false,סכין עזר ירוקה | חלק ושפיץ | BEROX,,,סכין עזר ירוקה | חלק ושפיץ | BEROX,00000,1,00000,false,12.0000,14.9,14.9000,true,1,
7290010133864,false,סכין עזר כחולה | משונן ושפיץ | BEROX,,,סכין עזר כחולה | משונן ושפיץ | BEROX,00000,1,00000,false,12.0000,14.9,14.9000,true,1,
7290010133871,false,סכין עזר אדומה | משונן ושפיץ | BEROX,,,סכין עזר אדומה | משונן ושפיץ | BEROX,00000,1,00000,false,12.0000,14.9,14.9000,true,1,
7290010133888,false,סכין עזר כתומה | משונן ועגול | BEROX,,,סכין עזר כתומה | משונן ועגול | BEROX,00000,1,00000,false,12.0000,14.9,14.9000,true,1,
7290010133901,false,סכין עזר אדומה | משונן ועגול | BEROX,,,סכין עזר אדומה | משונן ועגול | BEROX,00000,1,00000,false,12.0000,14.9,14.9000,true,1,
7290010134168,false,סכין עזר ורודה | משונן ושפיץ | BEROX,,,סכין עזר ורודה | משונן ושפיץ | BEROX,00000,1,00000,false,12.0000,14.9,14.9000,true,1,
7290010134175,false,סכין עזר ורודה | חלק ושפיץ | BEROX,,,סכין עזר ורודה | חלק ושפיץ | BEROX,00000,1,00000,false,12.0000,14.9,14.9000,true,1,
7290010134182,false,סכין עזר צהובה | חלק ושפיץ | BEROX,,,סכין עזר צהובה | חלק ושפיץ | BEROX,00000,1,00000,false,12.0000,14.9,14.9000,true,1,
7290010199891,false,"סטייל - סבון ידיים אדום 500 מ""ל משאבה - מרכז",דולפין ספא,TR,"סטייל - אל סבון ארומטי תה אדום 500 מ""ל",00000,1,00000,false,0.0000,7.9,7.9000,false,1,
7290010222759,false,"אלפסין שמפו קפאין C, שלישיה",,,"אלפסין שמפו קפאין C, שלישיה",00000,1,00000,false,0.0000,99.9,99.9000,false,1,
7290010237531,false,"פפסי קולה פלסטיק 500 מ""ל","טמפו משקאות בע""ם.",IL,פפסי 500 בקבוק,00000,1,00000,false,12.0000,4.9,4.6000,false,1,
7290010237548,false,פפסי מקס בקבוק 500 מ``ל,טמפו משקאות בעמ,IL,פפסי מקס 500 בקבוק,00000,1,00000,false,12.0000,4.9,4.6000,false,1,
7290010294282,false,טלק למניעה של אדמומיות וגירויים בעור,,,טלק למניעה של אדמומיות וגירויים בעור,00000,1,00000,false,0.0000,29.9,29.9000,false,1,
7290010294503,false,אקטי סופ מוצק,,,אקטי סופ מוצק,00000,1,00000,false,0.0000,10,10.0000,false,1,
7290010294589,false,פלסטר פלוס עוצר דימום,,,פלסטר פלוס עוצר דימום,00000,1,00000,false,0.0000,10,10.0000,false,1,
7290010294688,false,SMOKE OUT LEMON NEW,,,SMOKE OUT LEMON NEW,00000,1,00000,false,0.0000,10,10.0000,false,1,
7290010294831,false,היאלורוניקס פרי טיפות עיניים סטריליות 15 מל,,,היאלורוניקס פרי טיפות עיניים סטריליות 15 מל,00000,1,00000,false,0.0000,69.9,69.9000,false,1,
7290010294886,false,"קמומילו הנד ספריי 50 מ""ל",,,"קמומילו הנד ספריי 50 מ""ל",00000,1,00000,false,0.0000,10,10.0000,false,1,
7290010294893,false,"קמומילו מכסח כינים 120 מ""ל",,,"קמומילו מכסח כינים 120 מ""ל",00000,1,00000,false,0.0000,39.9,39.9000,false,1,
7290010294978,false,"מזור ספריי לאף 100 מ""ל",,,"מזור ספריי לאף 100 מ""ל",00000,1,00000,false,0.0000,27.9,27.9000,false,1,
7290010318636,false,אלטמן - אלספה אומגה 3 כמוסות רכות 210 יח',,,אלטמן - אלספה אומגה 3 כמוסות רכות 210 יח',00000,1,00000,false,0.0000,69.9,69.9000,true,1,
7290010318827,false,אלטמן - מגנזיום ציטראט קפליות 60 יח',,,אלטמן - מגנזיום ציטראט קפליות 60 יח',00000,1,00000,false,0.0000,69.9,69.9000,true,1,
7290010380466,false,"קרליין - קרם ג'ל לפנים יאנג 50 מ""ל 15SPF",,,"קרליין - קרם ג'ל לפנים יאנג 50 מ""ל 15SPF",00000,1,00000,false,0.0000,39.9,39.9000,false,1,
7290010381272,false,קרליין - דיפ ליינר שחור 80,,,קרליין - דיפ ליינר שחור 80,00000,1,00000,false,0.0000,34.9,34.9000,false,1,
7290010381500,false,קרליין - עפרון עיניים ללא חידוד 200,,,קרליין - עפרון עיניים ללא חידוד 200,00000,1,00000,false,0.0000,19.9,19.9000,false,1,
7290010381517,false,קרליין - עפרון עיניים ללא חידוד 201,,,קרליין - עפרון עיניים ללא חידוד 201,00000,1,00000,false,0.0000,19.9,19.9000,false,1,
7290010381524,false,קרליין - עפרון עיניים ללא חידוד 202,,,קרליין - עפרון עיניים ללא חידוד 202,00000,1,00000,false,0.0000,19.9,19.9000,false,1,
7290010381593,false,קרליין - עפרון עיניים ללא חידוד 209,,,קרליין - עפרון עיניים ללא חידוד 209,00000,1,00000,false,0.0000,19.9,19.9000,false,1,
7290010381630,false,קרליין - עפרון עיניים ללא חידוד 240,,,קרליין - עפרון עיניים ללא חידוד 240,00000,1,00000,false,0.0000,19.9,19.9000,false,1,
7290010382064,false,קרליין - שפתון ספארקס 906,,,קרליין - שפתון ספארקס 906,00000,1,00000,false,0.0000,34.9,34.9000,false,1,
7290010429554,false,"שמן זית כתית מעולה יד מרדכי 2 קלאסי, 750 מ""ל",מכוורת יד מרדכי שטרא,IL,"שמן זית כתית מעולה יד מרדכי 2 קלאסי, 750 מ""ל",00000,1,00000,false,9.0000,29.9,29.9000,false,1,
7290010439287,false,מגבת ענק חלק 550 גר מנהטן,,,מגבת ענק חלק 550 גר מנהטן,00000,1,00000,false,24.0000,39.9,39.9000,false,1,
7290010439775,false,שלישיה גרבי תינוק,,,שלישיה גרבי תינוק,00000,1,00000,false,0.0000,10,10.0000,false,1,
7290010439836,false,בוקסר גבר מנהטן,,,בוקסר גבר מנהטן,00000,1,00000,false,0.0000,14.9,14.9000,true,1,
7290010504428,false,"ד""ר פישר - סרקל תרסיס מתיר קשרים 325 מ""ל * 2",,,"ד""ר פישר - סרקל תרסיס מתיר קשרים 325 מ""ל * 2",00000,1,00000,false,0.0000,34.9,34.9000,false,1,
7290010570737,false,"קרם רגליים מועשר בשמן זית 150מ""ל",,,"קרם רגליים מועשר בשמן זית 150מ""ל",00000,1,00000,false,1.0000,12.9,12.9000,false,1,
7290010577965,false,"אדקס 200 מ""ג",דקסל,,"אדקס 200 מ""ג",00000,1,00000,false,0.0000,18.9,18.9000,false,1,
7290010748853,false,"ד""ר פישר - אפקטיב קר קרם ידיים סנסיטיב 150 מ""ל","ד""ר פישר Dr fischer",IL,"ד""ר פישר - אפקטיב קר קרם ידיים סנסיטיב 150 מ""ל",00000,1,00000,false,0.0000,11.9,11.9000,true,1,
7290010748860,false,"ד""ר פישר - אפקטיב קר קרם ידיים אינטנסיב 150 מ""ל",פישר מעבדות פרמצבטיו,IL,"ד""ר פישר - אפקטיב קר קרם ידיים אינטנסיב 150 מ""ל",00000,1,00000,false,0.0000,11.9,11.9000,true,1,
7290010859306,false,אוטריוין מבוגרים,נוברטיס,,אוטריוין מבוגרים,00000,1,00000,false,0.0000,29.9,29.9000,false,1,
7290010859313,false,אוטריוין לילדים,,,אוטריוין לילדים,00000,1,00000,false,0.0000,29.9,29.9000,false,1,
7290010859320,false,אוטריוין מנטול,נוברטיס,,אוטריוין מנטול,00000,1,00000,false,0.0000,29.9,29.9000,false,1,
7290011026066,false,"ד""ר פישר - סרקל שמפו + מרכך לילדים 1 ליטר","ד""ר פישר Dr fischer",IL,"ד""ר פישר - סרקל שמפו + מרכך לילדים 1 ליטר",00000,1,00000,false,0.0000,24.9,24.9000,false,1,
7290011026301,false,"ד""ר פישר - שמפו לשיער כסוף 400 מ""ל",,,"ד""ר פישר - שמפו לשיער כסוף 400 מ""ל",00000,1,00000,false,10.0000,24.9,24.9000,false,1,
7290011026530,false,אל סבון לתינוק קמיל בלו סנסטיב לפני השינה,פישר מעבדות פרמצבטיו,IL,"ד""ר פישר - סבון קמיל בלו לפני שינה 500 מ""ל",00000,1,00000,false,12.0000,14.9,14.9000,false,1,
7290011113889,false,קרליין - איילינר שחור עמיד EVERLATS,,,קרליין - איילינר שחור עמיד EVERLATS,00000,1,00000,false,0.0000,34.9,34.9000,false,1,
7290011113919,false,"טיטניום - אפטר שייב בלאק 100 מ""ל",,,"טיטניום - אפטר שייב בלאק 100 מ""ל",00000,1,00000,false,0.0000,49.9,49.9000,false,1,
7290011114176,false,קרליין - ברונזר דבש,,,קרליין - ברונזר דבש,00000,1,00000,false,0.0000,49.9,49.9000,false,1,
7290011114312,false,קרליין - שפתון ליפ קולור 702,,,קרליין - שפתון ליפ קולור 702,00000,1,00000,false,0.0000,49.9,49.9000,false,1,
7290011114619,false,קרליין - שפתון ליפ קולור 706,,,קרליין - שפתון ליפ קולור 706,00000,1,00000,false,0.0000,49.9,49.9000,false,1,
7290011116422,false,קרליין - פודרה פיקס אנד גו 04,,,קרליין - פודרה פיקס אנד גו 04,00000,1,00000,false,0.0000,49.9,49.9000,false,1,
7290011116552,false,קרליין - סומק 05,,,קרליין - סומק 05,00000,1,00000,false,0.0000,44.9,44.9000,false,1,
7290011116729,false,"קרליין - מייק אפ סטיי לונג 608 30 מ""ל",,,"קרליין - מייק אפ סטיי לונג 608 30 מ""ל",00000,1,00000,false,0.0000,69.9,69.9000,false,1,
7290011223243,false,"טואלט דאק ג'ל לאסלה בניחוח לבנדר 55 מ""ל","איטיליאן פוד, אס.פי.",IT,"דאק ג'ל אסלה לבנדר 55מ""ל",00000,1,00000,false,12.0000,10,10.0000,false,1,
7290011332983,false,מגבונים לניקוי אף מגבונאף קמיל בלו- מארז שלישייה,"ד""ר פישר Dr fischer",IL,"ד""ר פישר - קמיל בלו מגבונאף 30 יח' * 3",00000,1,00000,false,0.0000,19.9,19.9000,false,1,
7290011363178,false,לימוסין בטעם לימון,גלקסמן סמית קליים,,לימוסין לימון,00000,1,00000,false,0.0000,28.9,28.9000,false,1,
7290011363185,false,לימוסין צרי,,,לימוסין צרי,00000,1,00000,false,0.0000,28.9,28.9000,false,1,
7290011461058,false,גומא - מקלות ריחניים,יושלם,,מבשם בדים מוסקו,00000,1,00000,false,0.0000,14.9,14.9000,false,1,
7290011525316,false,"ד""ר פישר - קמיל בלו סנסיטיב תחליב לתינוק שיבולת 500 מ""ל","ד""ר פישר Dr fischer",IL,"ד""ר פישר - קמיל בלו סנסיטיב תחליב לתינוק שיבולת 500 מ""ל",00000,1,00000,false,12.0000,24.9,24.9000,true,1,
7290011525729,false,שמפו לתינוק קמיל בלו סנסטיב לפני השינה עם לבנדר וקמומיל,"ד""ר פישר Dr fischer",IL,"ד""ר פישר - קמיל בלו אל דמע סנסיטיב לפני השינה 1 ליטר",00000,1,00000,false,12.0000,22.9,22.9000,false,1,
7290011575007,false,"הפי מרסס שומר ברק למקלחון 750 מ""ל",מיפא,DE,"הפי מרסס שומר ברק למקלחון 750 מ""ל",00000,1,00000,false,0.0000,17.9,17.9000,true,1,
7290011575250,false,הפי ספוג מבריק נעליים,יעקבי - הפי Hepi,ES,הפי ספוג מבריק נעליים,00000,1,00000,false,0.0000,10,10.0000,true,1,
7290011598211,false,"סנו - אנטי קאלק מרסס ניקוי כללי 4 ב-1 700 מ""ל",מיוצר עי קונדיטוריית,IL,"סנו - אנטי קאלק מרסס ניקוי כללי 4 ב-1 700 מ""ל",00000,1,00000,false,12.0000,17.9,17.9000,false,1,
7290011607180,false,"קולון 101 לכביסה 1.25 ק""ג",ריקט בנקיזר ( ניר אי,IL,"קולון אבקה 1.250 ק""ג",00000,1,00000,false,12.0000,10,10.0000,false,1,
7290011622428,false,כתמטמינים-חטיף בריאות לתינוקות וילדים 45 ג',מיוצר עבור גולדן האר,IL,כתמטמינים - חטיף אצבעות בוטים ותירס 45 גרם,00000,1,00000,false,0.0000,5.9,5.9000,false,1,
7290011622770,false,אצבעונים - פלוס בטעם וניל 130 גרם,,,אצבעונים - פלוס בטעם וניל 130 גרם,00000,1,00000,false,0.0000,19.9,19.9000,false,1,
7290011765095,false,ג'ל גילוח לעור עדין אלוורה,טרופיקל דגיל תעשיות,TR,"קרמה - ג'ל גילוח ירוק 200 מ""ל",00000,1,00000,false,0.0000,12.9,12.9000,false,1,
7290011765446,false,משחת שיניים לילדים בוב ספוג בטעם מיץ ענבים עם פלואוריד למניעת עששת,טרופיקל דגיל תעשיות,IL,אורביטול - משחת שיניים לילדים בוב ספוג בטעם ענבים 70 גרם,00000,1,00000,false,0.0000,8,8.0000,false,1,
7290011870225,false,סוללות פוג'יקום AAA רביעייה,פוג'יקום,CN,סוללות פוג'יקום AAA רביעייה,00000,1,00000,false,10.0000,7.9,7.9000,true,1,
7290011870256,false,AA סוללות פוגיקום 4 יחידות,פוג'יקום,CN,סוללות פוג'יקום AA4,00000,1,00000,false,10.0000,7.9,7.9000,true,1,
7290011870720,false,סוללה פוגיקום גדול D,פוג'יקום,,פוגיקום סוללה D,00000,1,00000,false,0.0000,19.9,19.9000,false,1,
7290011877859,false,סנו אינסטלטור חדש פותח סתימות 200ג',מיוצר עי קונדיטוריית,IL,סנו - אינסטלטור 200 גרם,00000,1,00000,false,12.0000,13.9,13.9000,false,1,
7290011899479,false,אלטמן - מולטי ויטמין לנשים בהריון קפליות 60 יח',אלטמן,,אלטמן - מולטי ויטמין לנשים בהריון קפליות 60 יח',00000,1,00000,false,0.0000,64.9,64.9000,true,1,
7290012066368,false,"לייסר - אורתו משחת שיניים ג'ל מנטה 75 מ""ל",לאסר LACER,,"לייסר - אורתו משחת שיניים ג'ל מנטה 75 מ""ל",00000,1,00000,false,90.0000,14.9,14.9000,true,1,
7290012066375,false,"לייסר - אורתו שטיפת פה מנטה 500 מ""ל",לאסר LACER,,"לייסר - אורתו שטיפת פה מנטה 500 מ""ל",00000,1,00000,false,15.0000,23.9,23.9000,true,1,
7290012066382,false,סנסי - משחת שיניים ג'ל לשיניים רגישות,לאסר LACER,,"לייסר - סנסי משחת שיניים ג'ל 75 מ""ל",00000,1,00000,false,90.0000,14.9,14.9000,true,1,
7290012066825,false,פרש - משחת שיניים ג'ל לטיפול ומניעת ריח פה,לאסר LACER,,"לייסר - פרש משחת שיניים 75 מ""ל",00000,1,00000,false,90.0000,14.9,14.9000,true,1,
7290012066856,false,"לייסר - בלאנק משחת שיניים 75 מ""ל",,,"לייסר - בלאנק משחת שיניים 75 מ""ל",00000,1,00000,false,90.0000,14.9,14.9000,true,1,
7290012071003,false,"ד""ר פישר - קמיל בלו משחה לתינוק 200 גרם",פישר מעבדות פרמצבטיו,IL,"ד""ר פישר - קמיל בלו משחה לתינוק 200 גרם",00000,1,00000,false,0.0000,19.9,19.9000,false,1,
7290012117398,false,"קרמה - אפטר שייב ג'ל לעור עדין 150 מ""ל",קוסמופארם,IL,"קרמה - אפטר שייב ג'ל לעור עדין 150 מ""ל",00000,1,00000,false,0.0000,11.9,11.9000,false,1,
7290012117428,false,"קרמה - שמפו וג'ל רחצה 2 ב-1 מנטה 700 מ""ל",טרופיקל דגיל תעשיות,IL,"קרמה - שמפו וג'ל רחצה 2 ב-1 מנטה 700 מ""ל",00000,1,00000,false,12.0000,14.9,14.9000,false,1,
7290012117435,false,"קרמה - שמפו וג'ל רחצה 2 ב-1 אלוורה 700 מ""ל",טרופיקל דגיל תעשיות,IL,"קרמה - שמפו וג'ל רחצה 2 ב-1 אלוורה 700 מ""ל",00000,1,00000,false,12.0000,14.9,14.9000,false,1,
7290012117558,false,מרכך כביסה קומפקט מאסק ורוד סנו מקסימה 1 ל',"סנו מפעלי ברונוס בע""",IL,סנו - מקסימה מרכך כביסה מרוכז מאסק 1 ליטר,00000,1,00000,false,0.0000,17.9,17.9000,false,1,
7290012117626,false,שטיפת פה דנטלית לילדים בטעם ענבים בוב ספוג,אורביטול Orbitol,IL,"אורביטול - מי פה ילדים בובספוג 250 מ""ל",00000,1,00000,false,0.0000,10.9,10.9000,false,1,
7290012117732,false,סנו - מקסימה מרכך כביסה קול שחור 4 ליטר,"סנו מפעלי ברונוס בע""",IL,סנו - מקסימה מרכך כביסה קול שחור 4 ליטר,00000,1,00000,false,0.0000,21.9,21.9000,false,1,
7290012263163,false,רפידות סיליקון לעקב,,,רפידות סיליקון לעקב,00000,1,00000,false,0.0000,10,10.0000,false,1,
7290012263361,false,פלסטר בגליל + דיספנסר 2.5,,,פלסטר בגליל + דיספנסר 2.5,00000,1,00000,false,0.0000,10,10.0000,false,1,
7290012263590,false,אטמי אוזנים סיליקון - ילדים,,,אטמי אוזנים סיליקון - ילדים,00000,1,00000,false,0.0000,10,10.0000,false,1,
7290012263736,false,פלסטר מטר לחיתוך,,,פלסטר מטר לחיתוך,00000,1,00000,false,0.0000,10,10.0000,false,1,
7290012263958,false,פלסטר דוחה יתושים,,,פלסטר דוחה יתושים,00000,1,00000,false,0.0000,10,10.0000,false,1,
7290012350412,false,קרליין - מסיר איפור דו פאזי ורוד,,,קרליין - מסיר איפור דו פאזי ורוד,00000,1,00000,false,0.0000,29.9,29.9000,false,1,
7290012350672,false,קרליין - עפרון שפתיים עם חידוד 164,,,קרליין - עפרון שפתיים עם חידוד 164,00000,1,00000,false,0.0000,19.9,19.9000,false,1,
7290012350788,false,קרליין - עפרון עיניים עם חידוד 112,,,קרליין - עפרון עיניים עם חידוד 112,00000,1,00000,false,0.0000,19.9,19.9000,false,1,
7290012350955,false,קרליין - עפרון עיניים ללא חידוד 213,,,קרליין - עפרון עיניים ללא חידוד 213,00000,1,00000,false,0.0000,19.9,19.9000,false,1,
7290012352034,false,"נטורל - קרם לחות עם שמן אגוז מקדמיה לשיער מתולתל 400 מ""ל",נטורל פורמולה Natural Formula,IL,"נטורל - קרם לחות עם שמן אגוז מקדמיה לשיער מתולתל 400 מ""ל",00000,1,00000,false,0.0000,22.9,22.9000,false,1,
7290012367717,false,קרם ידיים וציפורניים Intensive relief לעור יבש ומגורה,פישר מעבדות פרמצבטיו,IL,"ד""ר פישר - אפקטיב קר קרם ידיים שיבולת שועל 150 מ""ל",00000,1,00000,false,0.0000,11.9,11.9000,true,1,
7290012497124,false,אלטמן - ויטמין D-400 כמוסות רכות 120 יח',,,אלטמן - ויטמין D-400 כמוסות רכות 120 יח',00000,1,00000,false,0.0000,39.9,39.9000,true,1,
7290012497643,false,C 500 קפליות המכילות ויטמין C בתוספת פקעות ורדים,אלטמן,,אלטמן - ויטמין C-500 קפליות 100 יח',00000,1,00000,false,0.0000,49.9,49.9000,true,1,
7290012497650,false,אלטמן - ויטמין C-1000 קפליות 100 יח',אלטמן,,אלטמן - ויטמין C-1000 קפליות 100 יח',00000,1,00000,false,0.0000,69.9,69.9000,true,1,
7290012701849,false,DR OR NEW GEL SOFT CLEANSR 150,,,DR OR NEW GEL SOFT CLEANSR 150,00000,1,00000,false,0.0000,64.9,64.9000,false,1,
7290012702624,false,מורז מגן שפתיים דובדבן,,,מורז מגן שפתיים דובדבן,00000,1,00000,false,24.0000,10.9,10.9000,false,1,
7290012760761,false,"סופהרב - ויטמין 1000 D3 סופטג'ל בד""ץ 90 כמוסות רכות",סופהרב,IL,"סופהרב - ויטמין 1000 D3 סופטג'ל בד""ץ 90 כמוסות רכות",00000,1,00000,false,0.0000,39.9,39.9000,true,1,
7290012803352,false,"רייד ארוסול קוטל מעופפים 300מ""ל",אס.סי.ג'ונסון מידרכט,NL,"רייד ארוסול קוטל מעופפים 300מ""ל",00000,1,00000,false,12.0000,11.9,11.9000,false,1,
7290012823947,false,"סנו - מרכך כביסה מרוכז פרפיום קריסטל נואר 750 מ""ל",מיוצר עי קונדיטוריית,IL,"סנו - מרכך כביסה מרוכז פרפיום קריסטל נואר 750 מ""ל",00000,1,00000,false,0.0000,14.9,14.9000,false,1,
7290012938580,false,"סנסודיין משחת שיניים להלבנה עדינה 75 מ""ל",גלקסוסמית'קליין קונס,GB,"סנסודיין - משחת שיניים הלבנה עדינה 75 מ""ל",00000,1,00000,false,12.0000,10.9,10.9000,true,1,
7290012938740,false,"משחת שיניים פרש מינט מנטה 75מ""ל סנסודיין",גלקסו סמית קליין,GB,"סנסודיין - משחת שיניים מנטה ירוק 75 מ""ל",00000,1,00000,false,12.0000,10.9,10.9000,true,1,
7290012938924,false,מי פה הגנה משולשת מנטה מרענן,מולינו ניקולי s.p.a,GB,"אקווה פרש - מי פה 500 מ""ל",00000,1,00000,false,8.0000,12.9,12.9000,false,1,
7290012979064,false,OILY-OR אל סבון לניקוי עור מעורב עד שמן,"ד""ר עור DOCTOR OR",,DR OR NEW ALPHA CLEAN SKIN,00000,1,00000,false,0.0000,64.9,64.9000,false,1,
7290012979156,false,RETIN-OR סרום אנטי אייג'ינג לעור בוגר +45,"ד""ר עור DOCTOR OR",,DR OR NEW SRUM RETINOL+VITAMIE,00000,1,00000,false,0.0000,174.9,174.9000,false,1,
7290012979187,false,RENEW-OR קרם עיניים אנטי אייג'ינג לעור בוגר +30,"ד""ר עור DOCTOR OR",,DR OR NEW SUPER ALPHA EYE,00000,1,00000,false,0.0000,109.9,109.9000,false,1,
7290012979217,false,SEBO-OR קרם לחות לעור רגיש אדמומי ומגורה,"ד""ר עור DOCTOR OR",,DR OR NEW SEBO OR FACE FORTE,00000,1,00000,false,0.0000,79.9,79.9000,false,1,
7290012979224,false,SEBO-OR שמפו לטיפול בקשקשים ובקרקפת מגורה,"ד""ר עור DOCTOR OR",,DR OR NEW SEBO OR SHAMPOO,00000,1,00000,false,0.0000,49.9,49.9000,false,1,
7290012979309,false,DEO-OR דאודורנט רול און בניחוח רענן,"ד""ר עור DOCTOR OR",,DR OR NEW DEODORANT 70 ML,00000,1,00000,false,0.0000,43.9,43.9000,false,1,
7290012996702,false,מגן + מבשם דוחה עש בניחוח לבנדר,יעקבי - הפי Hepi,IT,הפי ג'ל מגן עש,00000,1,00000,false,0.0000,10,10.0000,true,1,
7290013083661,false,תרכובת מזון המשך לפעוטות שלב 1 Extra Care,מטרנה תעשיות ש.מ,IL,מטרנה - אקסטרה קר שלב 1 700 גרם,00000,1,00000,false,12.0000,59.9,59.9000,false,1,
7290013083678,false,תרכובת מזון המשך לפעוטות שלב 2 Extra Care,מולינו ניקולי s.p.a,IL,מטרנה - אקסטרה קר שלב 2 700 גרם,00000,1,00000,false,12.0000,59.9,59.9000,false,1,
7290013083685,false,תרכובת מזון המשך לפעוטות שלב 3 Extra Care,מטרנה תעשיות ש.מ,IL,מטרנה - אקסטרה קר שלב 3 700 גרם,00000,1,00000,false,12.0000,59.9,59.9000,false,1,
7290013092229,false,רני בטעם מנטה,,,רני בטעם מנטה,00000,1,00000,false,0.0000,46.9,46.9000,false,1,
7290013092236,false,רני מנטה,פייזר,,רני מנטה,00000,1,00000,false,0.0000,28.9,28.9000,false,1,
7290013092557,false,בפנטן בייבי משחה יומיומית להחתלה,בפנטן,,בפנטן - בייבי משחת החתלה 100 גרם,00000,1,00000,false,0.0000,69.9,69.9000,false,1,
7290013092571,false,בפנטן פלוס קרם 30 גרם,GP,,בפנטן פלוס קרם 30 גרם,00000,1,00000,false,0.0000,36.9,36.9000,false,1,
7290013133816,false,לובלו לגבר בודד,,,לובלו לגבר בודד,00000,1,00000,false,0.0000,10,10.0000,false,1,
7290013142894,false,אלטמן - מגנזיום UP כמוסות 60 יח',,,אלטמן - מגנזיום UP כמוסות 60 יח',00000,1,00000,false,0.0000,69.9,69.9000,true,1,
7290013268020,false,סנו - מקסימה מרכך כביסה מרוכז אולטרה פרש 1 ליטר,"סנו מפעלי ברונוס בע""",IL,סנו - מקסימה מרכך כביסה מרוכז אולטרה פרש 1 ליטר,00000,1,00000,false,0.0000,17.9,17.9000,false,1,
7290013268563,false,"קרמה - דאודורנט ספריי לגבר ללא אלומיניום כחול קול 200 מ""ל",מיוצר עי אמיליה קוסמ,IL,"קרמה - דאודורנט ספריי לגבר ללא אלומיניום כחול קול 200 מ""ל",00000,1,00000,false,0.0000,11.9,11.9000,false,1,
7290013268570,false,דאודורנט ספריי אנטיפרספירנט אקטיב בלוק Calm,אמיליה קוסמטיקס,IL,"קרמה - דאודורנט ספריי לגבר ירוק קאלם 200 מ""ל",00000,1,00000,false,0.0000,11.9,11.9000,false,1,
7290013268594,false,דאודורנט ספריי לגבר Body Power הגנה אפקטיבית,אמיליה קוסמטיקס,IL,"קרמה - דאודורנט ספריי לגבר פאוור 200 מ""ל",00000,1,00000,false,0.0000,11.9,11.9000,false,1,
7290013268983,false,מרכך כביסה סופר מרוכז בבישום עוצמתי סנו מקסימה 1 ל',"סנו מפעלי ברונוס בע""",IL,סנו - מקסימה מרכך כביסה מרוכז ג'וי 1 ליטר,00000,1,00000,false,12.0000,17.9,17.9000,false,1,
7290013269003,false,מרכך כביסה סופר מרוכז בייבי לתינוקות ולעור רגיש,"סנו מפעלי ברונוס בע""",IL,סנו - מקסימה מרכך כביסה מרוכז בייבי 1 ליטר,00000,1,00000,false,0.0000,17.9,17.9000,false,1,
7290013269287,false,סנו - מקסימה ג'ל כביסה מרוכז מאסק 3 ליטר,"סנו מפעלי ברונוס בע""",IL,סנו - מקסימה ג'ל כביסה מרוכז מאסק 3 ליטר,00000,1,00000,false,0.0000,28.9,28.9000,false,1,
7290013269621,false,ריצפז פרש לניקוי רצפות בניחוח מלון בוטיק,מיוצר עי קונדיטוריית,IL,סנו - ריצפז פרש הום מלון בוטיק 2 ליטר,00000,1,00000,false,0.0000,19.9,19.9000,false,1,
7290013269690,false,סנובון /פיסגה ג'ל בניחוח לימון-מרכז,Nicolas polandמשווק,PL,"סנו - ג'ל אסלה סנובון לימון 55 מ""ל",00000,1,00000,false,0.0000,6.9,6.9000,false,1,
7290013269706,false,סנובון ג'ל לניקוי האסלה בניחוח אוקיינוס,סנו,PL,"סנו - ג'ל אסלה סנובון אוקינוס 55 מ""ל",00000,1,00000,false,0.0000,6.9,6.9000,false,1,
7290013269751,false,מטליות לחותריצפז פרש לניקוי ריצפה בניחות מלון בוטיק 10 יח' סנו,טרופיקל דגיל תעשיות,IL,סנו - ריצפז מטליות בניחוח מלון בוטיק,00000,1,00000,false,0.0000,11.9,11.9000,false,1,
7290013269850,false,סנו - סושי נייר אפייה אקולוגי 50 יח',מולינו ניקולי s.p.a,IL,סנו - סושי נייר אפייה אקולוגי 50 יח',00000,1,00000,false,0.0000,13.9,13.9000,false,1,
7290013275189,false,מברשת קלאסית לשיער רגיל,,,מברשת קלאסית לשיער רגיל,00000,1,00000,false,24.0000,39.9,39.9000,false,1,
7290013275202,false,מברשת קלאסית לשיער דק,,,מברשת קלאסית לשיער דק,00000,1,00000,false,24.0000,39.9,39.9000,false,1,
7290013412300,false,חִתוּלִים נועם סופת אל נאית L,,,נועם סופט אול נייט מלא L,00000,1,00000,false,4.0000,47.9,47.9000,false,1,
7290013412317,false,חִתוּלִים נועם סופת אל נאית XL,,,נועם סופט אול-נייט מלא XL,00000,1,00000,false,4.0000,47.9,47.9000,false,1,
7290013412324,false,טפטפים - מגבוני אף,,,טפטפים - מגבוני אף,00000,1,00000,false,24.0000,9.9,9.9000,false,1,
7290013412348,false,נועם סדינית {15*4},,,נועם סדינית {15*4},00000,1,00000,false,4.0000,31.9,31.9000,false,1,
7290013465184,false,"סופהרב - אצת ספירולינה 600 מ""ג 60 כמוסות בד""ץ",,,"סופהרב - אצת ספירולינה 600 מ""ג 60 כמוסות בד""ץ",00000,1,00000,false,0.0000,49.9,49.9000,true,1,
7290013652157,false,"ד""ר פישר - נטורל קר מגבונים להסרת איפור לעור רגיל יבש 30 יח' * 3","ד""ר פישר Dr fischer",IL,"ד""ר פישר - נטורל קר מגבונים להסרת איפור לעור רגיל יבש 30 יח' * 3",00000,1,00000,false,0.0000,19.9,19.9000,false,1,
7290013652164,false,"ד""ר פישר - נטורל קר מגבונים להסרת איפור לעור רגיש 30 יח' * 3","ד""ר פישר Dr fischer",IL,"ד""ר פישר - נטורל קר מגבונים להסרת איפור לעור רגיש 30 יח' * 3",00000,1,00000,false,0.0000,19.9,19.9000,false,1,
7290013652171,false,"ד""ר פישר - נטורל קר מגבונים להסרת איפור לעור שמן מעורב 30 יח' * 3","ד""ר פישר Dr fischer",IL,"ד""ר פישר - נטורל קר מגבונים להסרת איפור לעור שמן מעורב 30 יח' * 3",00000,1,00000,false,0.0000,19.9,19.9000,false,1,
7290013652997,false,"ד""ר פישר - נטורל קר קרם גוף יבש במיוחד 450 מ""ל","ד""ר פישר Dr fischer",,"ד""ר פישר - נטורל קר קרם גוף יבש במיוחד 450 מ""ל",00000,1,00000,false,0.0000,19.9,19.9000,false,1,
7290013659248,false,כיסוי מגבת לייבוש השיער,יושלם,,כיסוי מגבת לייבוש השיער,00000,1,00000,false,0.0000,19.9,19.9000,false,1,
7290013848758,false,סנו - מקסימה ג'ל כביסה מרוכז בייבי 3 ליטר,"סנו מפעלי ברונוס בע""",IL,סנו - מקסימה ג'ל כביסה מרוכז בייבי 3 ליטר,00000,1,00000,false,0.0000,34.9,34.9000,false,1,
7290013883148,false,הפי סופג ריחות במקרר,יעקבי - הפי Hepi,IT,הפי סופג ריחות מקרר,00000,1,00000,false,0.0000,10,10.0000,true,1,
7290013883407,false,"מרסס דזיטול לחיטוי כללי 750 מ""ל",יעקבי - דזיטול Desytol,ES,דזיטול משמיד חיידקים מרסס,00000,1,00000,false,12.0000,10,10.0000,true,1,
7290014010307,false,פלסטרים גדולים לטיפול חזק ביבלות,,,פלסטרים גדולים לטיפול חזק ביבלות,00000,1,00000,false,0.0000,27.9,27.9000,false,1,
7290014065505,false,MERMAID 50ML,,,MERMAID 50ML,00000,1,00000,false,0.0000,24.9,24.9000,false,1,
7290014204478,false,"פנינה קרם גוף מס' 4 340 מ""ל",א.ארמן,IL,"פנינה קרם גוף מס' 4 340 מ""ל",00000,1,00000,false,12.0000,22.9,22.9000,false,1,
7290014204560,false,"סבון נוזלי שלישייה * 500 מ""ל פנינה",,,"פנינה סבון נוזלי שלישייה 500 מ""ל",00000,1,00000,false,8.0000,11.9,11.9000,false,1,
7290014204638,false,מרכך לאחר החלקה מועשר בקרטין,פנינה רוזנבלום PR,,"מרכך לאחר החלקה 750 מ""ל",00000,1,00000,false,6.0000,24.9,24.9000,false,1,
7290014204713,false,"פנינה תרסיס לגוף 250 מ""ל",,,"פנינה תרסיס לגוף 250 מ""ל",00000,1,00000,false,12.0000,22.9,22.9000,false,1,
7290014397279,false,שקיות מזון נשלפות XL גדולות במיוחד,אשפלסט תעשיות,IL,סנו - שקיות אוכל 300 יח' XL,00000,1,00000,false,0.0000,10,10.0000,false,1,
7290014397507,false,"מטהר אויר פרש הום פריחת יסמין 350מ""ל",מיוצר עי קונדיטוריית,IL,סנו - פרש הום מאסק מעודן,00000,1,00000,false,0.0000,11.9,11.9000,false,1,
7290014546400,false,"סופהרב - מורינגה 600 מ""ג 60 כמוסות בד""ץ",סופהרב,,"סופהרב - מורינגה 600 מ""ג 60 כמוסות בד""ץ",00000,1,00000,false,0.0000,64.9,64.9000,true,1,
7290014546516,false,"סופהרב - ליקוריץ 60 AOX כמוסות בד""ץ",,,"סופהרב - ליקוריץ 60 AOX כמוסות בד""ץ",00000,1,00000,false,0.0000,99.9,99.9000,true,1,
7290014546677,false,"סופהרב - כורכומין ליקוויד ג'ל 30 כמוסות בד""ץ",סופהרב,,"סופהרב - כורכומין ליקוויד ג'ל 30 כמוסות בד""ץ",00000,1,00000,false,0.0000,94.9,94.9000,true,1,
7290014608047,false,סמבוכל תמצית קיד- מתמצית פרי סמבוק שחור,סמבוכל,,"סמבוכל סירופ קיד 120 מ""ל",00000,1,00000,false,0.0000,49.9,49.9000,false,1,
7290014608054,false,סמבוכל לכסניות לעיסה 20 יח,,,סמבוכל לכסניות לעיסה 20 יח,00000,1,00000,false,0.0000,37.9,37.9000,false,1,
7290014626058,false,"ולדה קרם קלנדולה החתלה, שלישיה 3 * 75 גרם",,,"ולדה קרם קלנדולה החתלה, שלישיה 3 * 75 גרם",00000,1,00000,false,12.0000,89.9,89.9000,false,1,
7290014626546,false,"וולדה תחליב רחצה ושמפו, שלישיה 3 * 200 מ""ל",,,"וולדה תחליב רחצה ושמפו, שלישיה 3 * 200 מ""ל",00000,1,00000,false,10.0000,89.9,89.9000,false,1,
7290014636279,false,תחתון נשים 2 יח' ביקיני כותנה לייקרה מנהטן,,,תחתון נשים 2 יח' ביקיני כותנה לייקרה מנהטן,00000,1,00000,false,0.0000,11.9,11.9000,true,1,
7290014636330,false,פיג'מה קורל פליז נשים,,,פיג'מה קורל פליז נשים,00000,1,00000,false,24.0000,59.9,59.9000,false,1,
7290014636422,false,אוברול פליז תינוק,,,אוברול פליז תינוק,00000,1,00000,false,0.0000,24.9,24.9000,false,1,
7290014636545,false,שלישית מגבות מטבח ג'קרד,,,שלישית מגבות מטבח ג'קרד,00000,1,00000,false,0.0000,12.9,12.9000,false,1,
7290014636552,false,זוג בגד גוף תינוק,,,זוג בגד גוף תינוק,00000,1,00000,false,0.0000,19.9,19.9000,false,1,
7290014636675,false,מגבת גוף חלקה 550 גר,,,מגבת גוף חלקה 550 גר,00000,1,00000,false,32.0000,29.9,29.9000,true,1,
7290014636682,false,מגבת פנים חלקה 550 גרם,,,מגבת פנים חלקה 550 גרם,00000,1,00000,false,64.0000,14.9,14.9000,true,1,
7290014636712,false,סט מיקרו סאטן יחיד 1.20,,,סט מיקרו סאטן יחיד 1.20,00000,1,00000,false,0.0000,64.9,64.9000,false,1,
7290014636729,false,סט מיקרו סאטן זוגי 1.80,,,סט מיקרו סאטן זוגי 1.80,00000,1,00000,false,0.0000,89.9,89.9000,false,1,
7290014636736,false,כרבולית קורל 170*130,,,כרבולית קורל 170*130,00000,1,00000,false,24.0000,29.9,29.9000,true,1,
7290014636750,false,סט ג'רסי זוגי 1.60,,,סט ג'רסי זוגי 1.60,00000,1,00000,false,0.0000,69.9,69.9000,false,1,
7290014636798,false,זוג ציפיות ג'רסי 50X70,,,זוג ציפיות ג'רסי 50X70,00000,1,00000,false,0.0000,24.9,24.9000,false,1,
7290014636842,false,כרית ממורי ויסקו,,,כרית ממורי ויסקו,00000,1,00000,false,8.0000,79.9,79.9000,true,1,
7290014636903,false,כרבולית קורל מינק 170*130,,,כרבולית קורל מינק 170*130,00000,1,00000,false,24.0000,29.9,29.9000,true,1,
7290014636910,false,שמיכת פוך כבש זוגי,,,שמיכת פוך כבש זוגי,00000,1,00000,false,8.0000,119.9,119.9000,true,1,
7290014648197,false,קרטין אבקת הבהרה 10 גרם,,,קרטין אבקת הבהרה 10 גרם,00000,1,00000,false,0.0000,6,6.0000,false,1,
7290014728103,false,פיורביוטיקס - פרוביוטיקה 12 ביליון + אנזימי עיכול,,,פיורביוטיקס - פרוביוטיקה 12 ביליון + אנזימי עיכול,00000,1,00000,false,0.0000,79.9,79.9000,false,1,
7290014753044,false,"קרם רב שימושי דבש ושמן זיית שפופרת 180 מ""ל א.מינרל",,,"קרם רב שימושי דבש ושמן זיית שפופרת 180 מ""ל א.מינרל",00000,1,00000,false,12.0000,12.9,12.9000,false,1,
7290014758933,false,כורכומין 95,,,כורכומין 95,00000,1,00000,false,0.0000,72.9,72.9000,false,1,
7290014758940,false,קומפלקס ויטמין B בתוספת ויטמין 500mg C -,,,קומפלקס ויטמין B בתוספת ויטמין 500mg C -,00000,1,00000,false,24.0000,74.9,74.9000,false,1,
7290014789913,false,עוגיות אוראו עם מילוי קרם וניל 3 * 176 ג',,,אוראו 176 גר' וניל מארז שלישיה,00000,1,00000,false,4.0000,24.9,24.9000,false,1,
7290014855434,false,מגבונים בייביסיטר פרפורמנס מבושם רביעיה,בייביסיטר Babysitter,,מגבון בייביסיטר 72*4 מבושם,00000,1,00000,false,6.0000,15.9,15.9000,false,1,
7290014855458,false,מגבוני בייביסיטר פרפורמנס ללא בישום מארז 72X4יח',בייביסיטר Babysitter,,מגבון בייביסיטר 72*4 ללא בישום,00000,1,00000,false,6.0000,15.9,15.9000,false,1,
7290014901247,false,"סטייל שמפו 0חר החלקה מועשר בקרטין, 750 מ""ל",א.ל. ארמן ייצור תמרו,IL,"סטייל - שמפו קרטין לאחר החלקה 750 מ""ל",00000,1,00000,false,12.0000,24.9,24.9000,false,1,
7290014901261,false,"סטייל מסכת קרטין לאחר החלקה, 500 מ""ל",א.ל ארמן ייצור תמרוק,IL,"סטייל - מסכת קרטין 500 מ""ל",00000,1,00000,false,12.0000,29.9,29.9000,false,1,
7290014905160,false,"הפי מטהר אוויר פניני ריח בניחוחות, 130 גרם",יוליניבר,IT,"הפי מטהר אוויר פניני ריח בניחוחות, 130 גרם",00000,1,00000,false,0.0000,10,10.0000,true,1,
7290014905207,false,הפי גל לניקוי אסלה 7,אורו,,"הפי ג'ל לאסלה 750 מ""ל",00000,1,00000,false,0.0000,10,10.0000,true,1,
7290014905498,false,הפי - גליל טבליות גם וגם דו צדדי,ג'נרל מילס סאן אדריא,TR,הפי - גליל טבליות גם וגם דו צדדי,00000,1,00000,false,0.0000,10,10.0000,true,1,
7290014905719,false,הפי לימונית למדיח כלים - מנטרל ריחות רעים,יעקבי - הפי Hepi,IT,הפי לימונית למדיח כלים - מנטרל ריחות רעים,00000,1,00000,false,12.0000,10,10.0000,true,1,
7290014905733,false,"הפי - מרסס להברקת שמשות 750 מ""ל",יוליניבר,TR,"הפי - מרסס להברקת שמשות 750 מ""ל",00000,1,00000,false,0.0000,6.9,6.9000,true,1,
7290014905962,false,סבון אסלה הפי בושם 5טיפות ורוד לבנדר נתלה,רלוי,IT,הפי - סבון אסלה 5 טיפות בושם,00000,1,00000,false,0.0000,6,6.0000,true,1,
7290014994669,false,EVEN שמפו קרטין טיפולי עם משאבה 1 ליטר,,,EVEN שמפו קרטין טיפולי עם משאבה 1 ליטר,00000,1,00000,false,12.0000,49.9,49.9000,false,1,
7290015025942,false,"פנג'ל ק. ידיים קלאסי עם שמן שקדים 80מ""ל",מיוצר עי קונדיטוריית,IL,"פנג'ל ק. ידיים קלאסי עם שמן שקדים 80מ""ל",00000,1,00000,false,12.0000,10,10.0000,false,1,
7290015155823,false,מחית תפוחי עץ חטיפטף ללא תוספת סוכר,פרוטה פודיווין איי.א,CZ,פרינוק - פאוץ' תפוח 120 גרם,00000,1,00000,false,24.0000,6,6.0000,true,1,
7290015155830,false,מחית תפוחי עץ ובננה חטיפטף ללא תוספת סוכר,פרוטה פודיווין,CZ,פרינוק - פאוץ' תפוח בננה 120 גרם,00000,1,00000,false,24.0000,6,6.0000,true,1,
7290015155847,false,מחית סלט פירות חטיפטף ללא תוספת סוכר,פרוטה פודיווין איי.א,CZ,פרינוק - פאוץ' סלט פירות 120 גרם,00000,1,00000,false,24.0000,6,6.0000,true,1,
7290015155878,false,חטיפטף - חטיף אורז אפוי בטעם טבעי 28 גרם,,,חטיפטף - חטיף אורז אפוי בטעם טבעי 28 גרם,00000,1,00000,false,24.0000,8.9,8.9000,false,1,
7290015155885,false,חטיפטף - חטיף אורז אפוי בטעם אוכמניות 28 גרם,,,חטיפטף - חטיף אורז אפוי בטעם אוכמניות 28 גרם,00000,1,00000,false,0.0000,8.9,8.9000,false,1,
7290015155892,false,חטיפטף - חטיף אורז אפוי בטעם בננה 28 גרם,,,חטיפטף - חטיף אורז אפוי בטעם בננה 28 גרם,00000,1,00000,false,24.0000,8.9,8.9000,false,1,
7290015156769,false,מחית פרינוק פאוץ' תפוח ואוכמניות 120 גרם,,,פרינוק - פאוץ' תפוח ואוכמניות 120 גרם,00000,1,00000,false,0.0000,6,6.0000,true,1,
7290015176378,false,מברשת שיניים חשמלית למבוגרים-FJ-TBFJ-APURPLE,פוג'יקום,,מברשת שיניים חשמלית למבוגרים-FJ-TBFJ-APURPLE,00000,1,00000,false,0.0000,29.9,29.9000,false,1,
7290015176392,false,מברשת שיניים חשמלית פוג'יקום לילד ורוד,פוג'יקום,,מברשת שיניים חשמלית פוג'יקום לילד ורוד,00000,1,00000,false,0.0000,29.9,29.9000,false,1,
7290015222594,false,"תחליב הזנה לאחר גילוח 100 סמ""ק",,,"תחליב הזנה לאחר גילוח 100 סמ""ק",00000,1,00000,false,0.0000,10,10.0000,false,1,
7290015223324,false,"וזלין פטרולטום טהור 100 סמ""ק שוורץ",שוורץ Schwartz,,"וזלין פטרולטום טהור 100 סמ""ק שוורץ",00000,1,00000,false,0.0000,10,10.0000,false,1,
7290015223836,false,"תרסיס לכף הרגל 60 מ""ל-מרכז",,,"תרסיסלכף הרגל 60 מ""ל",00000,1,00000,false,0.0000,8.5,8.5000,false,1,
7290015223881,false,"אסותא קרם רגליים 100 מ""ל",,,"אסותא קרם רגליים 100 מ""ל",00000,1,00000,false,24.0000,10,10.0000,true,1,
7290015247726,false,H&B מסכת בוץ טיפולית לשיער ולקרקפת,,,H&B מסכת בוץ טיפולית לשיער ולקרקפת,00000,1,00000,false,36.0000,10,10.0000,false,1,
7290015299503,false,"פלסטר בד בגליל 2.5 ס""מ",,,"פלסטר בד בגליל 2.5 ס""מ",00000,1,00000,false,0.0000,10,10.0000,false,1,
7290015299596,false,מגן מרפק,,,מגן מרפק,00000,1,00000,false,0.0000,10,10.0000,false,1,
7290015299602,false,רפידות הנקה 30 יח',,,רפידות הנקה 30 יח',00000,1,00000,false,0.0000,10,10.0000,false,1,
7290015299619,false,ערכת עזרה ראשונה ספורט,,,ערכת עזרה ראשונה ספורט,00000,1,00000,false,0.0000,11.9,11.9000,false,1,
7290015299688,false,מד לחץ דם שרוול דגם 1351,,,מד לחץ דם שרוול דגם 1351,00000,1,00000,false,0.0000,79.9,79.9000,false,1,
7290015299961,false,פלסטר נחירות,,,פלסטר נחירות,00000,1,00000,false,0.0000,10,10.0000,false,1,
7290015384131,false,NO COUGH MD,,,NO COUGH MD,00000,1,00000,false,1.0000,22.9,22.9000,false,1,
7290015384506,false,"סוכריה לילדים בטעם פטל, מכיל ויטמינים ופרופוליס, ללא סוכר",,,"סוכריה לילדים בטעם פטל, מכיל ויטמינים ופרופוליס, ללא סוכר",00000,1,00000,false,0.0000,3.9,3.9000,false,1,
7290015384841,false,נו כף סירופ לשיעול -ללא אלכוהול בתוספת צמחים,,,נו כף סירופ לשיעול -ללא אלכוהול בתוספת צמחים,00000,1,00000,false,24.0000,25.9,25.9000,false,1,
7290015412131,false,מברשת נסיעות לשיער רגיל,,,מברשת נסיעות לשיער רגיל,00000,1,00000,false,24.0000,29.9,29.9000,false,1,
7290015412148,false,מברשת נסיעות לשיער מלא,,,מברשת נסיעות לשיער מלא,00000,1,00000,false,24.0000,29.9,29.9000,false,1,
7290015424882,false,פמינה - TOGO מגבונים חמוציות חדש,,,פמינה - TOGO מגבונים חמוציות חדש,00000,1,00000,false,24.0000,10,10.0000,false,1,
7290015573504,false,מסיכת KN95,,,מסיכת KN95,00000,1,00000,false,100.0000,10,10.0000,false,1,
7290015596817,false,"ד""ר פישר - אפקטיב קר קרם גוף מועשר בשמן קוקוס 450 מ""ל",,,"ד""ר פישר - אפקטיב קר קרם גוף מועשר בשמן קוקוס 450 מ""ל",00000,1,00000,false,0.0000,22.9,22.9000,true,1,
7290015699730,false,סבון דה מארסיי יעקבי 1.5 ליטר *חדש-,וונדפוט,,סבון דה מארסיי יעקבי 1.5 ליטר *חדש-,00000,1,00000,false,0.0000,10,10.0000,true,1,
7290015733120,false,מטרנה גולד שלב 1 תרכובת מזון על בסיס חלבי,מטרנה,IL,מטרנה - גולד שלב 1 700 גרם,00000,1,00000,false,12.0000,72.9,72.9000,false,1,
7290015733144,false,מטרנה גולד שלב 2 תרכובת מזון על בסיס חלבי,מטרנה,IL,מטרנה - גולד שלב 2 700 גרם,00000,1,00000,false,12.0000,72.9,72.9000,false,1,
7290015765596,false,אלטמן - ספירולינה כמוסות 200 יח',,,אלטמן - ספירולינה כמוסות 200 יח',00000,1,00000,false,1.0000,85.9,85.9000,true,1,
7290015765626,false,אלטמן - ברזל COMFORT אריזות אישיות 30 יח',אלטמן,,אלטמן - ברזל COMFORT אריזות אישיות 30 יח',00000,1,00000,false,0.0000,99.9,99.9000,true,1,
7290015793469,false,"קרם להקלה בגירוי, צריבה ותפרחת חיתולים לעור רגיש",אורה קרם,,אורה קרם 90 גרם חדש,00000,1,00000,false,0.0000,17.9,17.9000,false,1,
7290015793476,false,אורה קרם - משחה לתפרחת חיתולים,אורה קרם,,אורה קרם 200 גרם בשפורפרת,00000,1,00000,false,0.0000,29.9,29.9000,false,1,
7290015793483,false,"קרם להקלה בגירוי, צריבה ותפרחת חיתולים",אורה קרם,,אורה קרם 85 גר' חדש,00000,1,00000,false,0.0000,17.9,17.9000,false,1,
7290015883184,false,"EVEN קרם לחות מרוקאי ארגן לשיער יבש פגום 500 מ""ל",,,"EVEN קרם לחות מרוקאי ארגן לשיער יבש פגום 500 מ""ל",00000,1,00000,false,12.0000,34.9,34.9000,false,1,
7290015883627,false,"EVEN שמפו מרוקאי ארגן עם משאבה 500 מ""ל (זהב)",,,"EVEN שמפו מרוקאי ארגן עם משאבה 500 מ""ל (זהב)",00000,1,00000,false,12.0000,29.9,29.9000,false,1,
7290015883641,false,EVEN שמפו מרוקאי ארגן עם משאבה ליטר (זהב),,,EVEN שמפו מרוקאי ארגן עם משאבה ליטר (זהב),00000,1,00000,false,12.0000,49.9,49.9000,false,1,
7290015883665,false,"EVEN מסכה קונדישנר לשיער מרוקאית ארגן לשיער יבש ופגום 500 מ""ל (זהב)",,,"EVEN מסכה קונדישנר לשיער מרוקאית ארגן לשיער יבש ופגום 500 מ""ל (זהב)",00000,1,00000,false,0.0000,49.9,49.9000,false,1,
7290016070170,false,"מסיר לק בקבוק לחיץ 200 מ""ל אמיליה",,,"מסיר לק בקבוק לחיץ 200 מ""ל אמיליה",00000,1,00000,false,12.0000,14.9,14.9000,false,1,
7290016092042,false,נוזל לניקוי בקבוקים אליסיום 400 מל,,,נוזל לניקוי בקבוקים אליסיום 400 מל,00000,1,00000,false,0.0000,27.9,27.9000,false,1,
7290016117394,false,GOOD PHARM - כריות קרצוף ארוכות,,,GOOD PHARM - כריות קרצוף ארוכות,00000,1,00000,false,24.0000,7.9,7.9000,false,1,
7290016117431,false,GOOD PHARM - כרית מתכת,,,GOOD PHARM - כרית מתכת,00000,1,00000,false,0.0000,7.9,7.9000,false,1,
7290016197600,false,דיפנד - תחבושת לנשים נורמל 12 יח',kimberly clark,,דיפנד - תחבושת לנשים נורמל 12 יח',00000,1,00000,false,0.0000,19.9,19.9000,false,1,
7290016197617,false,דיפנד - תחבושות לנשים אקסטרה 10 יח',kimberly clark,,דיפנד - תחבושות לנשים אקסטרה 10 יח',00000,1,00000,false,0.0000,19.9,19.9000,false,1,
7290016230888,false,סוללה 3V (5 יחידות),,,סוללה 3V (5 יחידות),00000,1,00000,false,10.0000,11.9,11.9000,false,1,
7290016299021,false,"ARGANIA מרכך טיפולי חומצה היאלרונית וקרטין ללא SLS ללא פארבן ללא מלחים ללא רכיבים מן החי 450 מ""ל",,,"ARGANIA מרכך טיפולי חומצה היאלרונית וקרטין ללא SLS ללא פארבן ללא מלחים ללא רכיבים מן החי 450 מ""ל",00000,1,00000,false,1.0000,29.9,29.9000,true,1,
7290016299076,false,"ARGANIA שמפו טיפולי חומצה היאלרונית וקרטין ללא SLS ללא פארבן ללא מלחים ללא רכיבים מן החי 450 מ""ל",,,"ARGANIA שמפו טיפולי חומצה היאלרונית וקרטין ללא SLS ללא פארבן ללא מלחים ללא רכיבים מן החי 450 מ""ל",00000,1,00000,false,6.0000,29.9,29.9000,true,1,
7290016299168,false,"ARGANIA סרום קיק לחיזוק שורש השערה 100 מ""ל",,,"ARGANIA סרום קיק לחיזוק שורש השערה 100 מ""ל",00000,1,00000,false,18.0000,39.9,39.9000,false,1,
7290016299199,false,"ARGANIA סרום חומצה היאלרונית וקרטין 100 מ""ל",,,"ARGANIA סרום חומצה היאלרונית וקרטין 100 מ""ל",00000,1,00000,false,6.0000,39.9,39.9000,false,1,
7290016299359,false,"ARGANIA - מרכך ארגן לכל סוגי השיער ללא ס.ל.ס 450 מ""ל",,,"ARGANIA - מרכך ארגן לכל סוגי השיער ללא ס.ל.ס 450 מ""ל",00000,1,00000,false,6.0000,29.9,29.9000,true,1,
7290016299618,false,"ARGANIA שמפו קיק ללא מלחים ,ללא SLS ,ללא פארבן 450 מ""ל",,,"ARGANIA שמפו קיק ללא מלחים ,ללא SLS ,ללא פארבן 450 מ""ל",00000,1,00000,false,6.0000,29.9,29.9000,true,1,
7290016299625,false,"ARGANIA - מסיכה ללא שטיפה קיק 250 מ""ל",,,"ARGANIA - מסיכה ללא שטיפה קיק 250 מ""ל",00000,1,00000,false,17.0000,34.9,34.9000,false,1,
7290016299663,false,"ARGANIA שמן קיק 100 מ""ל",,,"ARGANIA שמן קיק 100 מ""ל",00000,1,00000,false,12.0000,19.9,19.9000,false,1,
7290016299670,false,"ARGANIA שמן קיק 100% טהור 250 מ""ל",,,"ARGANIA שמן קיק 100% טהור 250 מ""ל",00000,1,00000,false,6.0000,29.9,29.9000,true,1,
7290016299755,false,"ARGANIA מרכך קיק ללא מלחים ,ללא SLS ,ללא פארבן 400 מ""ל",,,"ARGANIA מרכך קיק ללא מלחים ,ללא SLS ,ללא פארבן 400 מ""ל",00000,1,00000,false,6.0000,29.9,29.9000,true,1,
7290016299878,false,"ARGANIA מסיכה טיפולית לשיער מעושר בחומצה האילרונית וקרטין ללא SLS 500 מ""ל",,,"ARGANIA מסיכה טיפולית לשיער מעושר בחומצה האילרונית וקרטין ללא SLS 500 מ""ל",00000,1,00000,false,12.0000,39.9,39.9000,false,1,
7290016299885,false,"ARGANIA מסיכה קיק לחיזוק השורש והשיערה 500 מ""ל",,,"ARGANIA מסיכה קיק לחיזוק השורש והשיערה 500 מ""ל",00000,1,00000,false,12.0000,39.9,39.9000,false,1,
7290016321661,false,מגבונים פרש וואנס סנסיטיב קר רביעיה,עלבד משואות יצחק,IL,פ.ו. רביעיה SENSITIVE CAREללא בישום,00000,1,00000,false,6.0000,15.9,15.9000,false,1,
7290016321678,false,מגבונים לחים בניחוח מרענן עם תמציות קמומיל ואלוורה,עלבד משואות יצחק,IL,פ.ו. רביעיה NATURAL CAREעם בישום,00000,1,00000,false,6.0000,15.9,15.9000,false,1,
7290016321883,false,פ.ו נייר טואלט מתכלה ילדים 40יח- שלישייה,עלבד משואות יצחק בעמ,IL,פ.ו נייר טואלט מתכלה ילדים 40יח- שלישייה,00000,1,00000,false,6.0000,13.9,13.9000,false,1,
7290016329308,false,"ד""ר פישר - סרקל קרם רוזמרין לשיער מתולתל 325 מ""ל",,,"ד""ר פישר - סרקל קרם רוזמרין לשיער מתולתל 325 מ""ל",00000,1,00000,false,0.0000,24.9,24.9000,false,1,
7290016350388,false,"שמפו קרטין ללא מלחים מועשר באבקת פנינים לשיער 750 מ""ל",,,"שמפו קרטין ללא מלחים מועשר באבקת פנינים לשיער 750 מ""ל",00000,1,00000,false,10.0000,19.9,19.9000,false,1,
7290016350395,false,"מסכת קרטין ואבקת פנינים 500 מ""ל",,,"מסכת קרטין ואבקת פנינים 500 מ""ל",00000,1,00000,false,24.0000,24.9,24.9000,false,1,
7290016395747,false,"אקסטרה מינראל קרם א.שייב 150 מ""ל",,,"אקסטרה מינראל קרם א.שייב 150 מ""ל",00000,1,00000,false,24.0000,39.9,39.9000,true,1,
7290016437423,false,דיפנד - גזרה גבוה תחתון לארג' נשים 16 יח',,,דיפנד - גזרה גבוה תחתון לארג' נשים 16 יח',00000,1,00000,false,0.0000,68.9,68.9000,false,1,
7290016437591,false,קוטקס - תחתונים סופגים לנשים לאחר לידה מדיום 8 יח',,,קוטקס - תחתונים סופגים לנשים לאחר לידה מדיום 8 יח',00000,1,00000,false,0.0000,34.9,34.9000,false,1,
7290016437607,false,קוטקס - תחתונים סופגים לנשים לאחר לידה לארג' 8 יח',,,קוטקס - תחתונים סופגים לנשים לאחר לידה לארג' 8 יח',00000,1,00000,false,0.0000,34.9,34.9000,false,1,
7290016509786,false,פרסיל - ג'ל כביסה ירוק 2.50 ליטר,פרסיל Persil,IL,פרסיל - ג'ל כביסה ירוק 2.50 ליטר,00000,1,00000,false,6.0000,29.9,29.9000,true,1,
7290016509809,false,ג'ל מרוכז לכביסה קולור 2.5 ל' פרסיל,פרסיל Persil,IL,פרסיל - ג'ל כביסה קולור 2.50 ליטר,00000,1,00000,false,0.0000,29.9,29.9000,true,1,
7290016509830,false,ג'ל כביסה לבגדי תינוקות ובעלי עור רגיש Sensitive,פרסיל Persil,IL,פרסיל - ג'ל כביסה בייבי 2.50 ליטר,00000,1,00000,false,0.0000,29.9,29.9000,true,1,
7290016621358,false,"ד""ר פישר - קמיל אל סבון ניקיון והזנה ורוד 1 ליטר","ד""ר פישר Dr fischer",,"ד""ר פישר - קמיל אל סבון ניקיון והזנה ורוד 1 ליטר",00000,1,00000,false,0.0000,12.9,12.9000,true,1,
7290016677188,false,GOOD PHARM - מגבונים לניקוי רצפה בניחוח פרחוני עדין,,,GOOD PHARM - מגבונים לניקוי רצפה בניחוח פרחוני עדין,00000,1,00000,false,12.0000,10,10.0000,false,1,
7290016866643,false,משחת שיניים פרודונטקס אקסטרה פרש,פרודונטקס Parodontax,SK,"פרודונטקס - משחת שיניים פרש 75 מ""ל",00000,1,00000,false,12.0000,19.9,19.9000,false,1,
7290016866650,false,"פרודונטקס - משחת שיניים אוריג'ינל 75 מ""ל",פרודונטקס Parodontax,SK,"פרודונטקס - משחת שיניים אוריג'ינל 75 מ""ל",00000,1,00000,false,12.0000,19.9,19.9000,false,1,
7290016866667,false,"פרודונטקס - משחת שיניים ללא פלאוריד 75 מ""ל",פרודונטקס Parodontax,SK,"פרודונטקס - משחת שיניים ללא פלאוריד 75 מ""ל",00000,1,00000,false,12.0000,19.9,19.9000,false,1,
7290016866674,false,"פרודונטקס - משחת שיניים מלבינה 75 מ""ל",פרודונטקס Parodontax,SK,"פרודונטקס - משחת שיניים מלבינה 75 מ""ל",00000,1,00000,false,12.0000,19.9,19.9000,false,1,
7290016866704,false,"סטייל שמפו לאחר החלקה מועשר בויטמין אי, 750 מ""ל",סטייל Style,,"סטייל - שמפו קרטין וויטמין אי 750 מ""ל",00000,1,00000,false,12.0000,24.9,24.9000,false,1,
7290016866711,false,"סטייל מרכך לשיער קרטין פלוס לאחר החלקה, 750 מ""ל",סטייל Style,,"סטייל - מרכך קרטין וויטמין אי 750 מ""ל",00000,1,00000,false,12.0000,24.9,24.9000,false,1,
7290016866728,false,"סטייל - מסכה קרטין אי 750 מ""ל",סטייל Style,,"סטייל - מסכה קרטין אי 750 מ""ל",00000,1,00000,false,12.0000,25.9,25.9000,false,1,
7290016898200,false,נרות חנוכה =צבעוניים= 44 יח' ר. שמאי,,,נרות חנוכה =צבעוניים= 44 יח' ר. שמאי,00000,1,00000,false,50.0000,3.9,3.9000,false,1,
7290016912494,false,"ד""ר פישר - אפקטיב קר תרחיץ פנים לכל סוגי העור 180 מ""ל","ד""ר פישר Dr fischer",,"ד""ר פישר - אפקטיב קר תרחיץ פנים לכל סוגי העור 180 מ""ל",00000,1,00000,false,0.0000,12.9,12.9000,false,1,
7290016912500,false,"ד""ר פישר - אפקטיב קר תרחיץ פנים לעור רגיש 180 מ""ל","ד""ר פישר Dr fischer",,"ד""ר פישר - אפקטיב קר תרחיץ פנים לעור רגיש 180 מ""ל",00000,1,00000,false,0.0000,12.9,12.9000,false,1,
7290017031705,false,"סנסודיין - משחת שיניים קלין&פרש 75 מ""ל",DE MICLEN,SK,"סנסודיין - משחת שיניים קלין&פרש 75 מ""ל",00000,1,00000,false,12.0000,10.9,10.9000,true,1,
7290017031811,false,פרודונטקס - זוג מברשות שיניים,,,פרודונטקס - זוג מברשות שיניים,00000,1,00000,false,12.0000,24.9,24.9000,true,1,
7290017031859,false,"פרודונטקס - משחת שיניים אולטרא קלין 75 מ""ל",סמיתקליין ביצ'ם בעמ,SK,"פרודונטקס - משחת שיניים אולטרא קלין 75 מ""ל",00000,1,00000,false,12.0000,19.9,19.9000,false,1,
7290017088464,false,תחבושות סופגנית מקסי לונג טופ פד 20 יח',D.P.L,IT,טופ פד סופגנית מקסי לונג 20 יח',00000,1,00000,false,12.0000,19.9,19.9000,false,1,
7290017088815,false,BREEZE תחבושות לבריחת שתן נורמל(12 יח),בריז Breeze,,BREEZE תחבושות לבריחת שתן נורמל(12 יח),00000,1,00000,false,12.0000,16.9,16.9000,false,1,
7290017088839,false,BREEZE תחבושות לבריחת שתן אקסטרה פלוס (8 יח'),בריז Breeze,,BREEZE תחבושות לבריחת שתן אקסטרה פלוס (8 יח'),00000,1,00000,false,12.0000,16.9,16.9000,false,1,
7290017197456,false,אסותא מגבוני נייר טואלט*3,,,אסותא מגבוני נייר טואלט*3,00000,1,00000,false,8.0000,10,10.0000,false,1,
7290017218007,false,אלטמן - פרוביוטיק שייפ כמוסות 30 יח',אלטמן,,אלטמן - פרוביוטיק שייפ כמוסות 30 יח',00000,1,00000,false,1.0000,93.9,93.9000,true,1,
7290017218366,false,אלטמן - ויטמין D-1000 כמוסות רכות 100 יח',,,אלטמן - ויטמין D-1000 כמוסות רכות 100 יח',00000,1,00000,false,0.0000,49.9,49.9000,true,1,
7290017218533,false,אלטמן - רוטס HR מארז זוג קפליות 120 יח',אלטמן,,אלטמן - רוטס HR מארז זוג קפליות 120 יח',00000,1,00000,false,0.0000,129.9,129.9000,true,1,
7290017243313,false,סופהרב - קולגן קומפלקס 60 טבליות,,,סופהרב - קולגן קומפלקס 60 טבליות,00000,1,00000,false,0.0000,109.9,109.9000,true,1,
7290017243696,false,"סופהרב - ויטמיניD+C+ אבץ 100 כמוסות בד""ץ",סופהרב,,"סופהרב - ויטמיניD+C+ אבץ 100 כמוסות בד""ץ",00000,1,00000,false,0.0000,79.9,79.9000,true,1,
7290017253206,false,GOOD PHARM - רביעייה מגבונים לחים פרימיום בייבי,,,GOOD PHARM - רביעייה מגבונים לחים פרימיום בייבי,00000,1,00000,false,6.0000,14.9,14.9000,false,1,
7290017253220,false,GOOD PHARM - רביעייה מגבונים לחים בייבי,,,GOOD PHARM - רביעייה מגבונים לחים בייבי,00000,1,00000,false,8.0000,10,10.0000,false,1,
7290017253237,false,GOOD PHARM - מגבונים לחים בייבי אריזת 72 יח' בודד,,,GOOD PHARM - מגבונים לחים בייבי אריזת 72 יח' בודד,00000,1,00000,false,32.0000,3.9,3.9000,false,1,
7290017312149,false,"תמיסה בתרסיס להקלה על מיחושים וגירויים בגרון 16 מ""ל",,,"תמיסה בתרסיס להקלה על מיחושים וגירויים בגרון 16 מ""ל",00000,1,00000,false,0.0000,39.9,39.9000,false,1,
7290017312279,false,אקנה טריט פטץ',,,אקנה טריט פטץ',00000,1,00000,false,112.0000,29.9,29.9000,false,1,
7290017312293,false,פאנגי נייל פטץ'',,,פאנגי נייל פטץ'',00000,1,00000,false,72.0000,69.9,69.9000,false,1,
7290017440279,false,"ד""ר פישר - קידס אל סבון ויטמינים 750 מ""ל",,IL,"ד""ר פישר - קידס אל סבון ויטמינים 750 מ""ל",00000,1,00000,false,0.0000,16.9,16.9000,false,1,
7290017440286,false,"ד""ר פישר - קידס מרכך ויטמינים 750 מ""ל","ד""ר פישר Dr fischer",IL,"ד""ר פישר - קידס מרכך ויטמינים 750 מ""ל",00000,1,00000,false,0.0000,16.9,16.9000,false,1,
7290017440323,false,"ד""ר פישר - קידס שמפו + מרכך ויטמינים 750 מ""ל","ד""ר פישר Dr fischer",,"ד""ר פישר - קידס שמפו + מרכך ויטמינים 750 מ""ל",00000,1,00000,false,0.0000,16.9,16.9000,false,1,
7290017440682,false,שמפו לשיער בהיר-בלונדיני,"ד""ר פישר Dr fischer",,"ד""ר פישר שמפו בלונד 400 מ""ל",00000,1,00000,false,0.0000,29.9,29.9000,false,1,
7290017440699,false,"ד""ר פישר מרכך בלונד 400 מ""ל",,,"ד""ר פישר מרכך בלונד 400 מ""ל",00000,1,00000,false,0.0000,29.9,29.9000,false,1,
7290017440736,false,"ד""ר פישר - אולטרסול ספורט מקס ספריי שקוף 300 מ""ל 30SPF",,,"ד""ר פישר - אולטרסול ספורט מקס ספריי שקוף 300 מ""ל 30SPF",00000,1,00000,false,0.0000,59.9,59.9000,false,1,
7290017440798,false,"ד""ר פישר - מרכך לשיער כסוף 400 מ""ל",,,"ד""ר פישר - מרכך לשיער כסוף 400 מ""ל",00000,1,00000,false,0.0000,29.9,29.9000,true,1,
7290017440804,false,"ד""ר פישר - מסכה לשיער לשיער כסוף 300 מ""ל",,,"ד""ר פישר - מסכה לשיער לשיער כסוף 300 מ""ל",00000,1,00000,false,0.0000,37.9,37.9000,true,1,
7290017457727,false,"סוד - מרכך כביסה מרוכז פרש סקיי 900 מ""ל",הנקל סוד,IL,"סוד - מרכך כביסה מרוכז פרש סקיי 900 מ""ל",00000,1,00000,false,0.0000,10.9,10.9000,false,1,
7290017457734,false,"סוד - מרכך כביסה מרוכז ווילד רוז 900 מ""ל",הנקל סוד,IL,"סוד - מרכך כביסה מרוכז ווילד רוז 900 מ""ל",00000,1,00000,false,0.0000,10.9,10.9000,false,1,
7290017471662,false,GOOD PHARM - קרם חמצן 6%,,,GOOD PHARM - קרם חמצן 6%,00000,1,00000,false,48.0000,4.5,4.5000,true,1,
7290017471679,false,GOOD PHARM - קרם חמצן 9%,,,GOOD PHARM - קרם חמצן 9%,00000,1,00000,false,48.0000,4.5,4.5000,true,1,
7290017472836,false,"GOOD PHARM - קרם חמצן 6% 500 מ""ל",,,"GOOD PHARM - קרם חמצן 6% 500 מ""ל",00000,1,00000,false,20.0000,10,10.0000,false,1,
7290017472843,false,"GOOD PHARM - קרם חמצן 9% 500 מ""ל",,,"GOOD PHARM - קרם חמצן 9% 500 מ""ל",00000,1,00000,false,20.0000,10,10.0000,false,1,
7290017472911,false,"GOOD PHARM - מים מיסלריים 120 מ""ל",,,"GOOD PHARM - מים מיסלריים 120 מ""ל",00000,1,00000,false,28.0000,14.9,14.9000,false,1,
7290017472928,false,"GOOD PHARM - מסיר לק ג'ל 200 מ""ל",,,"GOOD PHARM - מסיר לק ג'ל 200 מ""ל",00000,1,00000,false,0.0000,11.9,11.9000,false,1,
7290017472935,false,"GOOD PHARM - ג'ל אלוורה 250 מ""ל",,,"GOOD PHARM - ג'ל אלוורה 250 מ""ל",00000,1,00000,false,0.0000,10,10.0000,false,1,
7290017472942,false,"GOOD PHARM - מסיר איפור דו פאזי 120 מ""ל",,,"GOOD PHARM - מסיר איפור דו פאזי 120 מ""ל",00000,1,00000,false,28.0000,14.9,14.9000,false,1,
7290017472973,false,GOOD PHARM - שעווה לחימום במיקרוגל,,,GOOD PHARM - שעווה לחימום במיקרוגל,00000,1,00000,false,24.0000,10,10.0000,false,1,
7290017582030,false,GOOD PHARM - פינצטה אלכסונית,,,GOOD PHARM - פינצטה אלכסונית,00000,1,00000,false,50.0000,10,10.0000,false,1,
7290017582047,false,GOOD PHARM - פינצטה ישרה,,,GOOD PHARM - פינצטה ישרה,00000,1,00000,false,50.0000,10,10.0000,false,1,
7290017582054,false,GOOD PHARM - מספרים לציפורניים,,,GOOD PHARM - מספרים לציפורניים,00000,1,00000,false,50.0000,10,10.0000,false,1,
7290017582061,false,GOOD PHARM - מספרים לעור,,,GOOD PHARM - מספרים לעור,00000,1,00000,false,50.0000,10,10.0000,false,1,
7290017582078,false,GOOD PHARM - קוצץ ציפורניים קטן,,,GOOD PHARM - קוצץ ציפורניים קטן,00000,1,00000,false,50.0000,10,10.0000,false,1,
7290017582092,false,GOOD PHARM - צבת לציפורניים,,,GOOD PHARM - צבת לציפורניים,00000,1,00000,false,25.0000,10,10.0000,false,1,
7290017582108,false,GOOD PHARM - צבת לעור,,,GOOD PHARM - צבת לעור,00000,1,00000,false,50.0000,10,10.0000,false,1,
7290017582115,false,GOOD PHARM - ידית סכין פדיקור,,,GOOD PHARM - ידית סכין פדיקור,00000,1,00000,false,50.0000,10,10.0000,false,1,
7290017582122,false,GOOD PHARM - שלישית בלוקי שיוף לציפורניים,,,GOOD PHARM - שלישית בלוקי שיוף לציפורניים,00000,1,00000,false,50.0000,10,10.0000,false,1,
7290017582139,false,GOOD PHARM - בלוק שיוף לציפורניים 4 שלבים,,,GOOD PHARM - בלוק שיוף לציפורניים 4 שלבים,00000,1,00000,false,50.0000,10,10.0000,false,1,
7290017582177,false,"GOOD PHARM - פצירות חד פעמיות 18 ס""מ",,,"GOOD PHARM - פצירות חד פעמיות 18 ס""מ",00000,1,00000,false,50.0000,10,10.0000,false,1,
7290017582405,false,GOOD PHARM - משייפת עור כף הרגל,,,GOOD PHARM - משייפת עור כף הרגל,00000,1,00000,false,10.0000,10,10.0000,false,1,
7290017582412,false,GOOD PHARM - משייף אבן פדיקור,,,GOOD PHARM - משייף אבן פדיקור,00000,1,00000,false,10.0000,10,10.0000,false,1,
7290017619293,false,מפיץ ריח אפור זהב,,,גומא אפור זהב,00000,1,00000,false,0.0000,19.9,19.9000,false,1,
7290017629049,false,תחתון סופג discreet- מידה S/M,,,תחתון סופג discreet- מידה S/M,00000,1,00000,false,12.0000,10,10.0000,false,1,
7290017629063,false,תחתון סופג discreet- מידה XL,,,תחתון סופג discreet- מידה XL,00000,1,00000,false,12.0000,10,10.0000,false,1,
7290017629100,false,FRESH GUMS סילון מים דנטלי לשטיפת הפה,,,FRESH GUMS סילון מים דנטלי לשטיפת הפה,00000,1,00000,false,4.0000,149.9,149.9000,false,1,
7290017629308,false,כרית חימום נטענת חיבוקית - ורוד,,,כרית חימום נטענת חיבוקית - ורוד,00000,1,00000,false,8.0000,89.9,89.9000,true,1,
7290017682532,false,GOOD PHARM - מטליות לניקוי כללי 9 יח,,,GOOD PHARM - מטליות לניקוי כללי 9 יח,00000,1,00000,false,24.0000,10,10.0000,false,1,
7290017700403,false,דיסני מארז אביזרי שיער מיני מאוס,,,דיסני מארז אביזרי שיער מיני מאוס,00000,1,00000,false,48.0000,24.9,24.9000,false,1,
7290017833941,false,ספרינג וולווט אינטנס,,,ספרינג וולווט אינטנס,00000,1,00000,false,0.0000,149,149.0000,true,1,
7290017872070,false,מארז מגבונים לחים בניחוח מרענן פרש וואנס שלישייה,ווטנאפס,IL,פרשוואנס מגבונים מארז שלישייה NATURAL CARE עם בישום,00000,1,00000,false,10.0000,10,10.0000,false,1,
7290017894294,false,GOOD PHARM - שמן קוקוס אורגני,,,GOOD PHARM - שמן קוקוס אורגני,00000,1,00000,false,12.0000,10,10.0000,false,1,
7290017917382,false,אל סבון היגייני לניקוי יסודי ולהרגע העור clean & calm,"ד""ר פישר Dr fischer",,"ד""ר פישר - קמיל אל סבון לידיים משאבה 1 ליטר",00000,1,00000,false,0.0000,12.9,12.9000,true,1,
7290017917535,false,"ד""ר פישר - 
איי קר מגבונים עדינים במיוחד לניקוי העיניים לתינוקות וילדים 40 יח'",,,"ד""ר פישר - 
איי קר מגבונים עדינים במיוחד לניקוי העיניים לתינוקות וילדים 40 יח'",00000,1,00000,false,12.0000,54.9,54.9000,false,1,
7290017917566,false,"ד""ר פישר - שמפו סילבר ללא מלחים 400 מ""ל",,,"ד""ר פישר - שמפו סילבר ללא מלחים 400 מ""ל",00000,1,00000,false,0.0000,37.9,37.9000,true,1,
7290017917764,false,"ד""ר פישר - אפקטיב קר קרם גוף מועשר בשמן ארגן 450 מ""ל",,,"ד""ר פישר - אפקטיב קר קרם גוף מועשר בשמן ארגן 450 מ""ל",00000,1,00000,false,12.0000,22.9,22.9000,true,1,
7290017928012,false,בייגלה גדול עם מלח 250גרם שקוף,,,בייגלה גדול מלח 250גרם,00000,1,00000,false,15.0000,6.9,6.9000,false,1,
7290017928463,false,סמאש- שבורים בטעם דבש חרדל ובצל 300גרם,מאיר בייגל,,סמאש שבורים בטעם דבש חרדל ובצל 300 גרם,00000,1,00000,false,12.0000,11.9,11.9000,false,1,
7290017928661,false,סמאש שבורים בטעם צ'דר ובצל 300 גרם,מאיר בייגל,,סמאש שבורים בטעם צ'דר ובצל 300 גרם,00000,1,00000,false,12.0000,11.9,11.9000,false,1,
7290017946375,false,סוד - סבון אסלה בניחוח לימון אוקיינוס רביעיות,הנקל סוד,IL,סוד - סבון אסלה בניחוח לימון אוקיינוס רביעיות,00000,1,00000,false,18.0000,14.9,14.9000,false,1,
7290017946573,false,סוד - סבון אסלה בניחוח פרחים רביעיות,הנקל סוד,IL,סוד - סבון אסלה בניחוח פרחים רביעיות,00000,1,00000,false,18.0000,14.9,14.9000,false,1,
7290018067802,false,"ספרינג וולווט קריסטל א.ד.פ 75 מ""ל",,,"ספרינג וולווט קריסטל א.ד.פ 75 מ""ל",00000,1,00000,false,0.0000,149,149.0000,true,1,
7290018067819,false,וויט פלאוור 75 מ''ל אדפ ספרינג,,,וויט פלאוור 75 מ''ל אדפ ספרינג,00000,1,00000,false,0.0000,149.9,149.9000,true,1,
7290018156735,false,"ד""ר פישר - יולקטין קרם ידיים משאבה 230 מ""ל",,,"ד""ר פישר - יולקטין קרם ידיים משאבה 230 מ""ל",00000,1,00000,false,0.0000,64.9,64.9000,true,1,
7290018182239,false,GARDEN OASIS- מארז תיק רחצה מבושם לאישה 6 פריטים,,,GARDEN OASIS- מארז תיק רחצה מבושם לאישה 6 פריטים,00000,1,00000,false,6.0000,59.9,59.9000,false,1,
7290018182376,false,GARDEN OASIS מארז מעטפה לבבות,,,GARDEN OASIS מארז מעטפה לבבות,00000,1,00000,false,12.0000,24.9,24.9000,false,1,
7290018182420,false,GARDEN OASIS מארז שלוש פצצות אמבט,,,GARDEN OASIS מארז שלוש פצצות אמבט,00000,1,00000,false,0.0000,20,20.0000,false,1,
7290018182475,false,"GARDEN OASIS מארז מקופלת כוכבים 370 מ""ל",,,"GARDEN OASIS מארז מקופלת כוכבים 370 מ""ל",00000,1,00000,false,0.0000,24.9,24.9000,false,1,
7290018182956,false,GOOD PHARM - מגבת אקולוגית חד פעמית,,,GOOD PHARM - מגבת אקולוגית חד פעמית,00000,1,00000,false,22.0000,12.9,12.9000,true,1,
7290018183007,false,"GOOD PHARM - פד סטרילי דביק 7*5 ס""מ",,,"GOOD PHARM - פד סטרילי דביק 7*5 ס""מ",00000,1,00000,false,0.0000,10,10.0000,false,1,
7290018183014,false,"GOOD PHARM - פד סטרילי 7.5*7.5 ס""מ",,,"GOOD PHARM - פד סטרילי 7.5*7.5 ס""מ",00000,1,00000,false,0.0000,10,10.0000,false,1,
7290018183021,false,GOOD PHARM - רפידות חימום,,,GOOD PHARM - רפידות חימום,00000,1,00000,false,0.0000,10,10.0000,false,1,
7290018183038,false,GOOD PHARM - פלסטר שקוף 100 יח',,,GOOD PHARM - פלסטר שקוף 100 יח',00000,1,00000,false,0.0000,10,10.0000,false,1,
7290018183045,false,GOOD PHARM - פדי אלכוהול 100 יח' בקופסא,,,GOOD PHARM - פדי אלכוהול 100 יח' בקופסא,00000,1,00000,false,0.0000,10,10.0000,false,1,
7290018183069,false,GOOD PHARM - פלסטר חום 100 יח',,,GOOD PHARM - פלסטר חום 100 יח',00000,1,00000,false,0.0000,10,10.0000,false,1,
7290018183076,false,GOOD PHARM - מד חום דיגיטלי מהיר,,,GOOD PHARM - מד חום דיגיטלי מהיר,00000,1,00000,false,0.0000,12.9,12.9000,false,1,
7290018183106,false,GOOD PHARM - מגן מרפק אלסטי מידה XL,,,GOOD PHARM - מגן מרפק אלסטי מידה XL,00000,1,00000,false,0.0000,10,10.0000,false,1,
7290018183113,false,GOOD PHARM - פלסטרים לילדים 25 יח',,,GOOD PHARM - פלסטרים לילדים 25 יח',00000,1,00000,false,0.0000,4.9,4.9000,false,1,
7290018183120,false,GOOD PHARM - מגן ברך אלסטי מידה XL,,,GOOD PHARM - מגן ברך אלסטי מידה XL,00000,1,00000,false,0.0000,10,10.0000,false,1,
7290018183137,false,GOOD PHARM - מסרק כינים,,,GOOD PHARM - מסרק כינים,00000,1,00000,false,0.0000,10,10.0000,false,1,
7290018183168,false,GOOD PHARM - פלסטר מיקס 100 יח',,,GOOD PHARM - פלסטר מיקס 100 יח',00000,1,00000,false,0.0000,10,10.0000,false,1,
7290018183175,false,GOOD PHARM - ערכת ביתית לבדיקת הריון,,,GOOD PHARM - ערכת ביתית לבדיקת הריון,00000,1,00000,false,80.0000,14.9,14.9000,false,1,
7290018183199,false,GOOD PHARM - אטמי אוזניים 8 יח',,,GOOD PHARM - אטמי אוזניים 8 יח',00000,1,00000,false,0.0000,10,10.0000,false,1,
7290018183205,false,GOOD PHARM - מגן קרסול אלסטי מידה L,,,GOOD PHARM - מגן קרסול אלסטי מידה L,00000,1,00000,false,0.0000,10,10.0000,false,1,
7290018183229,false,GOOD PHARM - מגן ברך אלסטי מידה L,,,GOOD PHARM - מגן ברך אלסטי מידה L,00000,1,00000,false,0.0000,10,10.0000,false,1,
7290018183236,false,GOOD PHARM - מגן ברך אלסטי מידה M,,,GOOD PHARM - מגן ברך אלסטי מידה M,00000,1,00000,false,0.0000,10,10.0000,false,1,
7290018183311,false,GOOD PHARM - מגן מרפק אלסטי מידה M,,,GOOD PHARM - מגן מרפק אלסטי מידה M,00000,1,00000,false,0.0000,10,10.0000,false,1,
7290018183755,false,GOOD PHARM - קרסוליות נמוכות גבר (3)שחור כותנה לייקרה 40-46,,,GOOD PHARM - קרסוליות נמוכות גבר (3)שחור כותנה לייקרה 40-46,00000,1,00000,false,0.0000,10,10.0000,false,1,
7290018183762,false,GOOD PHARM - קרסוליות גברים לבן כותנה לייקרה 40-46,,,GOOD PHARM - קרסוליות גברים לבן כותנה לייקרה 40-46,00000,1,00000,false,0.0000,10,10.0000,false,1,
7290018213704,false,"סבון ידיים נוזלי GOLD SHINY 500 מ""ל",,,"סבון ידיים נוזלי GOLD SHINY 500 מ""ל",00000,1,00000,false,12.0000,7.9,7.9000,false,1,
7290018228074,false,כוס תרמית 380 מ”ל מוסקו,,,כוס תרמית 380 מ”ל מוסקו,00000,1,00000,false,24.0000,39.9,39.9000,false,1,
7290018228586,false,מפיץ ריח מיוחד,,,דפיוזר פרחים,00000,1,00000,false,24.0000,24.9,24.9000,false,1,
7290018282991,false,אסותא סבון ידיים קוביה נוסטלגיה,,,אסותא סבון ידיים קוביה נוסטלגיה,00000,1,00000,false,21.0000,7.9,7.9000,true,1,
7290018343296,false,"ד""ר פישר אלכו-ג'ל 100 מ""ל",,,"אלכוג'ל ד""ר פישר, 100 מ""ל",00000,1,00000,false,15.0000,10,10.0000,false,1,
7290018343326,false,"ד""ר פישר מרכך לשיער מתולתל -400 מ""ל PERFECT CURLS",,,"ד""ר פישר PERFECT CURLS מרכך לשיער מתולתל 400 מ""ל",00000,1,00000,false,0.0000,29.9,29.9000,false,1,
7290018343364,false,"ד""ר פישר - מסכת הזנה משקמת לאחר החלקה ללא תוספת מלח 300 מ""ל",,,"ד""ר פישר - מסכת הזנה משקמת לאחר החלקה ללא תוספת מלח 300 מ""ל",00000,1,00000,false,0.0000,39.9,39.9000,true,1,
7290018493052,false,"ד""ר פישר - אפקטיב קר קרם ידיים מועשר בשמן אבוקדו 100 מ""ל",,,"ד""ר פישר - אפקטיב קר קרם ידיים מועשר בשמן אבוקדו 100 מ""ל",00000,1,00000,false,0.0000,15.9,15.9000,true,1,
7290018493076,false,"ד""ר פישר - אפקטיב קר קרם ידיים שמן ארגן 100 מ""ל",,,"ד""ר פישר - אפקטיב קר קרם ידיים שמן ארגן 100 מ""ל",00000,1,00000,false,12.0000,15.9,15.9000,true,1,
7290018493144,false,"ד""ר פישר אל סבון נוזלי לידיים קמיל ש ארגן 1 ל'",,,"ד""ר פישר - קמיל אל סבון סגול 1 ליטר",00000,1,00000,false,8.0000,12.9,12.9000,true,1,
7290018493748,false,"ד""ר פישר - מגבונים להסרת איפור אקסטרה סופט 30 יח' * 3",,,"ד""ר פישר - מגבונים להסרת איפור אקסטרה סופט 30 יח' * 3",00000,1,00000,false,12.0000,29.9,29.9000,true,1,
7290018493878,false,"ד""ר פישר - סרקל שמפו 750 מ""ל",,,"ד""ר פישר - סרקל שמפו 750 מ""ל",00000,1,00000,false,12.0000,19.9,19.9000,false,1,
7290018493885,false,"ד""ר פישר - סרקל מרכך 750 מ""ל",,,"ד""ר פישר - סרקל מרכך 750 מ""ל",00000,1,00000,false,12.0000,19.9,19.9000,false,1,
7290018493915,false,"ד""ר פישר - שמן גוף לתינוק מעושר בשמן שקדים 200 מ""ל",,,"ד""ר פישר - שמן גוף לתינוק מעושר בשמן שקדים 200 מ""ל",00000,1,00000,false,12.0000,17.9,17.9000,true,1,
7290018781005,false,GOOD PHARM - דלי 250 יח' מטליות לניקוי וחיטוי משטחים,,,GOOD PHARM - דלי 250 יח' מטליות לניקוי וחיטוי משטחים,00000,1,00000,false,6.0000,15.9,15.9000,false,1,
7290018781401,false,GOOD PHARM - סט קופסת מזון + בקבוק,,,GOOD PHARM - סט קופסת מזון + בקבוק,00000,1,00000,false,12.0000,14.9,14.9000,false,1,
7290018781807,false,GOOD PHARM - מארז מיכלים למילוי לנסיעות,,,GOOD PHARM - מארז מיכלים למילוי לנסיעות,00000,1,00000,false,12.0000,12.9,12.9000,false,1,
7290018893005,false,"חטיפי בייגלה אפוי בטעם חרדל ודבש, 160 גרם",צ'וקטה Chocketa,RO,"חטיפי בייגלה אפוי בטעם חרדל ודבש, 160 גרם",00000,1,00000,false,15.0000,6.9,6.9000,false,1,
7290018894248,false,צ'וקטה - שוקולד חלב שלישייה 3 * 100 גרם,צ'וקטה Chocketa,FR,צ'וקטה - שוקולד חלב שלישייה 3 * 100 גרם,00000,1,00000,false,12.0000,12.9,12.9000,true,1,
7290018921029,false,"ד""ר פישר - קמיל בלו מגבוני סנסיטיב 64 יח' * 4",,,"ד""ר פישר - קמיל בלו מגבוני סנסיטיב 64 יח' * 4",00000,1,00000,false,12.0000,21.9,21.9000,true,1,
7290018921067,false,"ד""ר פישר - אפקטיב קר תחליב רחצה שמן שקדים 700 מ""ל","ד""ר פישר Dr fischer",,"ד""ר פישר - אפקטיב קר תחליב רחצה שמן שקדים 700 מ""ל",00000,1,00000,false,12.0000,16.9,16.9000,true,1,
7290018921456,false,"ד""ר פישר - אפקטיב קר תחליב רחצה שמן כותנה 700 מ""ל","ד""ר פישר Dr fischer",,"ד""ר פישר - אפקטיב קר תחליב רחצה שמן כותנה 700 מ""ל",00000,1,00000,false,12.0000,16.9,16.9000,true,1,
7290018921654,false,"ד""ר פישר - אפקטיב קר תחליב רחצה תמצית לוונדר 700 מ""ל","ד""ר פישר Dr fischer",,"ד""ר פישר - אפקטיב קר תחליב רחצה תמצית לוונדר 700 מ""ל",00000,1,00000,false,12.0000,16.9,16.9000,true,1,
7290018921807,false,"קמיל בלו משחת החתלה צמחי מרפא 120 ג' ד""ר פישר",,,"ד""ר פישר - קמיל צמחי מרפא פסטה 120 גרם",00000,1,00000,false,12.0000,21.9,21.9000,true,1,
7290018935811,false,כוסות פלסטיק איכותי 75 יחידות 180cc,,,כוסות פלסטיק איכותי 75 יחידות 180cc,00000,1,00000,false,30.0000,6.9,6.9000,false,1,
7290019015185,false,"דפיוזר בוהו 200 מ""ל",,,"דפיוזר בוהו 200 מ""ל",00000,1,00000,false,0.0000,49.9,49.9000,false,1,
7290019015659,false,"בקבוק טריטן 700 מ""ל",,,"בקבוק טריטן 700 מ""ל",00000,1,00000,false,1.0000,34.9,34.9000,false,1,
7290019015703,false,כפפת רחצה הידרופילית,,,כפפת רחצה הידרופילית,00000,1,00000,false,0.0000,19.9,19.9000,false,1,
7290019015741,false,מברשת רחצה דו צדדית,,,מברשת רחצה דו צדדית,00000,1,00000,false,0.0000,29.9,29.9000,false,1,
7290019019671,false,"ספרינג וולווט רוז וולוט א.ד.פ 75 מ""ל",,,"ספרינג וולווט רוז וולוט א.ד.פ 75 מ""ל",00000,1,00000,false,0.0000,149,149.0000,true,1,
7290019047544,false,GARDEN OASIS - מלח אמבט ורדים 400 גרם,,,GARDEN OASIS - מלח אמבט ורדים 400 גרם,00000,1,00000,false,20.0000,12.9,12.9000,false,1,
7290019047612,false,GARDEN OASIS - מארז מקופלת פרחים פראיים,,,GARDEN OASIS - מארז מקופלת פרחים פראיים,00000,1,00000,false,12.0000,24.9,24.9000,false,1,
7290019074298,false,"ד""ר פישר - קמיל בלו אקסטרה סופט שמפו לתינוק 500 מ""ל",,,"ד""ר פישר - קמיל בלו אקסטרה סופט שמפו לתינוק 500 מ""ל",00000,1,00000,false,12.0000,22.9,22.9000,false,1,
7290019075295,false,"ד""ר פישר - אפקטיב קר תחליב רחצה עדין לידיים מועשר בש""ש 350 מ""ל",,,"ד""ר פישר - אפקטיב קר תחליב רחצה עדין לידיים מועשר בש""ש 350 מ""ל",00000,1,00000,false,12.0000,11.9,11.9000,true,1,
7290019075479,false,"ד""ר פישר - קמיל בלו קלאסיק שמפו לתינוק 1 ליטר",,,"ד""ר פישר - קמיל בלו קלאסיק שמפו לתינוק 1 ליטר",00000,1,00000,false,16.0000,29.9,29.9000,true,1,
7290019075691,false,"ד""ר פישר - אפקטיב קר תחליב רחצה עדין לידיים מועשר בלבנדר 350 מ""ל",,,"ד""ר פישר - אפקטיב קר תחליב רחצה עדין לידיים מועשר בלבנדר 350 מ""ל",00000,1,00000,false,12.0000,11.9,11.9000,true,1,
7290019105206,false,GOOD PHARM - מגבונים להסרת איפור שלישייה,,,GOOD PHARM - מגבונים להסרת איפור שלישייה,00000,1,00000,false,12.0000,14.9,14.9000,false,1,
7290019105275,false,GOOD PHARM - מארז רביעיית מגבוני רענון 4X15 יח',,,GOOD PHARM - מארז רביעיית מגבוני רענון 4X15 יח',00000,1,00000,false,10.0000,10,10.0000,false,1,
7290019440369,false,GOOD PHARM - מברשת ספרים עם שיער,,,GOOD PHARM - מברשת ספרים עם שיער,00000,1,00000,false,12.0000,24.9,24.9000,false,1,
7290019440376,false,GOOD PHARM - מברשת ספרים,,,GOOD PHARM - מברשת ספרים,00000,1,00000,false,12.0000,19.9,19.9000,false,1,
7290100240137,false,"תרסיס למייבש כביסה כחול 500 מ""ל בדין","זוהר דליה, קיבוץ דלי",IL,"בדין - כחול למייבש כביסה 500 מ""ל",00000,1,00000,false,12.0000,13.9,13.9000,false,1,
7290100243671,false,מרכך כביסה אקסטרא בניחוח יסמין מרענן,יוניליוור סנאיי וי ט,TR,"בדין - מרכך כביסה אקסטרא כחול 960 מ""ל",00000,1,00000,false,16.0000,14.9,14.9000,false,1,
7290100410516,false,PIGMENT-OR סרום טיפולי לפיגמנטציה,"ד""ר עור DOCTOR OR",,DR OR ANTI PIGMENTATION SERUM 50 ML,00000,1,00000,false,0.0000,179.9,179.9000,false,1,
7290100412732,false,תחליב גוף לעור יבש פרחי בר 400 מל DR OR,"ד""ר עור DOCTOR OR",,תחליב גוף לעור יבש פרחי בר 400 מל DR OR,00000,1,00000,false,0.0000,21.9,21.9000,false,1,
7290100412749,false,"תרחיץ פנים לעור יבש וילד פלאור דר עור 150 מ""ל",אמיליה קוסמטיקס בעמ,IL,ג'ל ניקוי פנים לעור יבש פרחי בר 150 מל DR OR,00000,1,00000,false,12.0000,14.9,14.9000,false,1,
7290100412770,false,"ד""ר עור - תחליב רחצה קלאסי בניחוח מאסק 700 מ""ל","ד""ר עור DOCTOR OR",,"ד""ר עור - תחליב רחצה קלאסי בניחוח מאסק 700 מ""ל",00000,1,00000,false,0.0000,13.9,13.9000,false,1,
7290100412787,false,"ד""ר עור - תחליב רחצה קלאסי בניחוח פריחת הכותנה 700 מ""ל","ד""ר עור DOCTOR OR",,"ד""ר עור - תחליב רחצה קלאסי בניחוח פריחת הכותנה 700 מ""ל",00000,1,00000,false,0.0000,13.9,13.9000,false,1,
7290100412817,false,קרם רגליים לעור יבש פרחי בר 100 מל DR OR,,,קרם רגליים לעור יבש פרחי בר 100 מל DR OR,00000,1,00000,false,0.0000,10,10.0000,false,1,
7290100413548,false,CLASSIC-OR קרם לחות עם מקדם הגנה SPF30,"ד""ר עור DOCTOR OR",,DR OR SOFT & SUN 50 ML,00000,1,00000,false,0.0000,84.9,84.9000,false,1,
7290100413586,false,RETIN-OR קרם יום אנטי אייג'ינג לעור בוגר +45,"ד""ר עור DOCTOR OR",,DR OR RETINEW PLUS ANTI AGEING DAY CREAM 50 ML,00000,1,00000,false,0.0000,174.9,174.9000,false,1,
7290100653463,false,"פלמוליב - ארומה ג'ל רחצה מסאז' 500 מ""ל",קולגייט פלמוליב,IT,"פלמוליב - ארומה ג'ל רחצה מסאז' 500 מ""ל",00000,1,00000,false,12.0000,12.9,12.9000,true,1,
7290100680650,false,מנה חמה נודלס-אטריות ירקות טעם תאילנדי אסם 76 ג',THAI PRESIDENT FOODS,TH,אוסם - מנה חמה נודלס בטעם תאילנדי 76 גרם,00000,1,00000,false,6.0000,6,6.0000,false,1,
7290100680667,false,מנה חמה נודלס-אטריות+ירקות טעם סצ'ואן,THAI PRESIDENT FOODS,TH,אוסם - מנה חמה נודלס בטעם סצ'ואן 76 גרם,00000,1,00000,false,6.0000,6,6.0000,false,1,
7290100820063,false,בסט אלכוהול 70%,קרמן,,בסט אלכוהול 70%,00000,1,00000,false,0.0000,10,10.0000,false,1,
7290100824948,false,בסט אבקת הבהרה לשיער 10גר',,,בסט אבקת הבהרה לשיער 10גר',00000,1,00000,false,0.0000,6,6.0000,false,1,
7290100826058,false,בסט חמצן 500 9%גרם,,,בסט חמצן 500 9%גרם,00000,1,00000,false,0.0000,10,10.0000,false,1,
7290100924464,false,כדוריות סבון נתלה לאסלה עם אקונומיקה - 3 יח',הנקל סוד,HU,סוד - סבון אסלה אקונומיקה שלשות,00000,1,00000,false,18.0000,12.9,12.9000,false,1,
7290100924631,false,מרכך כביסה מרוכז לבגדי תינוקות ובעלי עור רגיש,"הנקל סוד בע""מ",IL,"סוד - מרכך כביסה מרוכז בייבי סנסטיב 900 מ""ל",00000,1,00000,false,12.0000,10.9,10.9000,false,1,
7290100925669,false,קולור קאצ'ר - דפים למכונת כביסה 10 יח',הנקל Henkel,,קולור קאצ'ר - דפים למכונת כביסה 10 יח',00000,1,00000,false,12.0000,10,10.0000,true,1,
7290100928516,false,סוד - ג'ל לכביסה ביד 1 ליטר,"הנקל סוד בע""מ",IL,סוד - ג'ל לכביסה ביד 1 ליטר,00000,1,00000,false,0.0000,12.9,12.9000,false,1,
7290101486688,false,פרי חטיפי בריאות מארז 5 דגנים עם שוקולד,טבעית מוצרים מן הטבע,IL,פרי חטיפי בריאות מארז 5 דגנים עם שוקולד,00000,1,00000,false,0.0000,14.9,14.9000,false,1,
7290101488248,false,"ליידי ספיד סטיק - דאודורנט רול און לאישה ורוד פרש פיושן 50 מ""ל",ליידי ספיד סטיק Lady Speed Stick,IT,"ליידי ספיד סטיק - דאודורנט רול און לאישה ורוד פרש פיושן 50 מ""ל",00000,1,00000,false,0.0000,13.9,13.9000,false,1,
7290101488286,false,"ליידי ספיד סטיק - דאודורנט ספריי לאישה 24/7 פרש פיוזן ורוד 150 מ""ל",ליידי ספיד סטיק Lady Speed Stick,RU,"ליידי ספיד סטיק - דאודורנט ספריי לאישה 24/7 פרש פיוזן ורוד 150 מ""ל",00000,1,00000,false,12.0000,14.9,14.9000,false,1,
7290101488323,false,ליידי ספיד סטיק - דאודורנט סטיק לאישה ללא סימן ירוק סטיק 65 גרם,ליידי ספיד סטיק Lady Speed Stick,BY,ליידי ספיד סטיק - דאודורנט סטיק לאישה ללא סימן ירוק סטיק 65 גרם,00000,1,00000,false,12.0000,14.9,14.9000,false,1,
7290101551300,false,סילאן טבעי ללא תוספת סוכר בקבוק לחיץ,"פוליבה בע""מ",IL,סילאן טבעי טהור לחיץ יד מרדכי 380 גר,00000,1,00000,false,12.0000,13.9,13.9000,false,1,
7290101826491,false,כפפות ניטריל L שחורות רפואיות הרקולס,,,כפפות ניטריל L שחורות רפואיות הרקולס,00000,1,00000,false,10.0000,29.9,29.9000,false,1,
7290101828815,false,כפפות נטריל כחולות ללא אבקה L,,,כפפות נטריל כחולות ללא אבקה L,00000,1,00000,false,10.0000,27.9,27.9000,false,1,
7290101829362,false,כפפות ניטריל S שחורות רפואיות הרקולס,,,כפפות ניטריל S שחורות רפואיות הרקולס,00000,1,00000,false,10.0000,29.9,29.9000,false,1,
7290101829379,false,כפפות ניטריל M שחורות רפואיות הרקולס,,,כפפות ניטריל M שחורות רפואיות הרקולס,00000,1,00000,false,10.0000,29.9,29.9000,false,1,
7290101829386,false,כפפות ניטריל L שחורות רפואיות הרקולס,,,כפפות ניטריל L שחורות רפואיות הרקולס,00000,1,00000,false,10.0000,29.9,29.9000,false,1,
7290101861386,false,"נורופן לילדים בטעם תות 100 מ""ל",רקיט בנקיזר,,"נורופן לילדים בטעם תות 100 מ""ל",00000,1,00000,false,0.0000,23.9,23.9000,false,1,
7290101863410,false,"סיליט ניקוי עוצמתי מכיל אקונומיקה 750 מ""ל",סיליט באנג Cillit Bang,PL,"סיליט ניקוי עוצמתי מכיל אקונומיקה 750 מ""ל",00000,1,00000,false,12.0000,11.9,11.9000,false,1,
7290101864127,false,"ספריי להסרת כתמים 750 מ""ל וניש קליה",קליה וניש Kalia Vanish,IL,"קליה - מרסס 750 מ""ל",00000,1,00000,false,12.0000,12.9,12.9000,false,1,
7290101866633,false,ווניש קליה ג`ל להסרת כתמים 3 ל',קליה וניש Kalia Vanish,IL,וניש קליה 3 ליטר ורוד,00000,1,00000,false,6.0000,26.9,26.9000,false,1,
7290101866787,false,מסיר כתמים ומלבין לכביסה לבנה 3 ל וניש קליה,קליה וניש Kalia Vanish,PL,וניש קליה 3 ליטר לבן,00000,1,00000,false,6.0000,26.9,26.9000,false,1,
7290101868446,false,נורופן ג'ל 16 כמוסות,רקיט בנקיזר,,נורופן ג'ל 16 כמוסות,00000,1,00000,false,0.0000,29.9,29.9000,false,1,
7290101868507,false,נורופן כאבי מחזור,רקיט בנקיזר,,נורופן כאבי מחזור,00000,1,00000,false,0.0000,18.9,18.9000,false,1,
7290101868958,false,"פיניש נוזל הברקה למדיח בניחוח לימון 500 מ""ל",רקיט בנקיזר,PL,"פיניש נוזל הברקה למדיח בניחוח לימון 500 מ""ל",00000,1,00000,false,0.0000,19.9,19.9000,false,1,
7290101869719,false,ג'ל מרוכז למדיח פיניש all in one max בניחוח לימון,פיניש רקיט בנקיזר,PL,"פיניש AIO ג'ל 600 מ""ל לימון",00000,1,00000,false,0.0000,29.9,29.9000,false,1,
7290101869757,false,מבשם אויר מכשיר אוטמטי חלום אואזיס,רקיט בנקיזר,PL,מבשם אויר מכשיר אוטמטי חלום אואזיס,00000,1,00000,false,0.0000,39.9,39.9000,false,1,
7290101869764,false,אירוויק מבשם אוויר מכשיר אוטומטי חלום ליל קיץ,רקיט בנקיזר,PL,מבשם אויר מכשיר אוטמטי חלום ליל קיץ,00000,1,00000,false,20.0000,39.9,39.9000,false,1,
7290101869788,false,מילוי למכשיר ספריי אוטומטי אואזיס,איירוויק Air Wick,GB,מילוי מבשם אויר אטומטי אואזיס,00000,1,00000,false,0.0000,13.9,13.9000,false,1,
7290101869795,false,מילוי למכשיר ספריי אוטומטי חלום ליל קיץ,איירוויק Air Wick,GB,מילוי מבשם אויר אטומטי חלום ליל קיץ,00000,1,00000,false,0.0000,13.9,13.9000,false,1,
7290101869818,false,אירוויק מכשיר חשמלי מבשם חלום ליל קיץ,איירוויק Air Wick,GB,מבשם אויר חשמלי מכשיר חלום ליל קיץ,00000,1,00000,false,0.0000,24.9,24.9000,false,1,
7290101869825,false,מילוי למכשיר מבשם אויר חשמלי אואזיס,איירוויק Air Wick,PL,מילוי מבשם אויר חשמלי אואזיס בודד,00000,1,00000,false,0.0000,14.9,14.9000,false,1,
7290101869832,false,מילוי למכשיר מבשם אויר חשמלי חלום ליל קיץ,איירוויק Air Wick,PL,מילוי מבשם אויר חשמלי חלום ליל קיץ בודד,00000,1,00000,false,0.0000,14.9,14.9000,false,1,
7290101869917,false,מילוי למכשיר ספריי אוטומטי היער הקסום,איירוויק Air Wick,GB,מילוי מבשם אויר אטומטי היער הקסום,00000,1,00000,false,0.0000,13.9,13.9000,false,1,
7290101869962,false,איירוויק מקלות ריחניים ליל קיץ,איירוויק Air Wick,HU,מקלות ריחניים חלום ליל קיץ,00000,1,00000,false,0.0000,14.9,14.9000,false,1,
7290101928218,false,GOOD PHARM - כוסות נייר לשתייה חמה/קרה - 50 יח',,,GOOD PHARM - כוסות נייר לשתייה חמה/קרה - 50 יח',00000,1,00000,false,20.0000,12.9,12.9000,true,1,
7290101930044,false,GOOD PHARM - חמישייה ממחטות טישו,,,GOOD PHARM - חמישייה ממחטות טישו,00000,1,00000,false,10.0000,10,10.0000,false,1,
7290101932277,false,"סכין גילוח דו להבי ח""פ 10 יח'",,,"סכין גילוח דו להבי ח""פ 10 יח'",00000,1,00000,false,200.0000,10,10.0000,true,1,
7290101932666,false,GOOD PHARM - מגבת נייר ג'מבו 6 ב1,,,GOOD PHARM - מגבת נייר ג'מבו 6 ב1,00000,1,00000,false,6.0000,10.9,10.9000,false,1,
7290102060764,false,מארז זוג מברשות שיניים מרידול,יבואן ומשווק: ש. שסט,CH,מרידול מברשת שיניים זוג,00000,1,00000,false,0.0000,32.9,32.9000,false,1,
7290103124588,false,פלמוליב סבון נוזלי סגול משאבה 750 מל,הנסיך- מפעל לייצור ט,TR,"פלמוליב - ג'ל רחצה ארומה לבנדר 750 מ""ל",00000,1,00000,false,0.0000,18.9,18.9000,false,1,
7290103124601,false,"תחליב רחצה נוזל חלב ודבש משאבה 750מ""ל פלמוליב",הנסיך- מפעל לייצור ט,TR,"פלמוליב - תחליב רחצה נטורלס חלב ודבש 750 מ""ל",00000,1,00000,false,0.0000,18.9,18.9000,false,1,
7290104068546,false,גומי מאסט בטעם לימון קולה ללא סוכר 28 ג' עלית,"שטראוס גרופ בע""מ",IL,"מאסט קולה לימון לל""ס 28 גרם",00000,1,00000,false,16.0000,4,4.0000,false,1,
7290104228292,false,בקבוק מים חמים 2 ליטר SLIDER,,,בקבוק מים חמים 2 ליטר SLIDER,00000,1,00000,false,0.0000,14.9,14.9000,false,1,
7290104260254,false,GOOD PHARM - מברשת להתרת קשרים ורוד,,,GOOD PHARM - מברשת להתרת קשרים ורוד,00000,1,00000,false,12.0000,19.9,19.9000,false,1,
7290104281440,false,מספרים ספרים ידית שחורה,,,מספרים ספרים ידית שחורה,00000,1,00000,false,24.0000,8,8.0000,false,1,
7290104281587,false,מספרי תינוקות,,,מספרי תינוקות,00000,1,00000,false,0.0000,10,10.0000,false,1,
7290104283758,false,GOOD PHARM - מטריה חזקה במיוחד,,,GOOD PHARM - מטריה חזקה במיוחד,00000,1,00000,false,36.0000,24.9,24.9000,true,1,
7290104285677,false,סליידר מנקה לשון,,,סליידר מנקה לשון,00000,1,00000,false,12.0000,8,8.0000,false,1,
7290104360084,false,ספא פארמה מי פנים לעור רגיל/יבש 250מ'ל,,,ספא פארמה מי פנים לעור רגיל/יבש 250מ'ל,00000,1,00000,false,0.0000,10,10.0000,false,1,
7290104360121,false,"פיור אמור שמן קיק 100מ""ל",,,"פיור אמור שמן קיק 100מ""ל",00000,1,00000,false,24.0000,10,10.0000,false,1,
7290104360169,false,פיור אמור שמן שקדים,,,פיור אמור שמן שקדים,00000,1,00000,false,24.0000,10,10.0000,false,1,
7290104360855,false,ספא פארמה קרם לחות לעור שמן 50מ'ל,,,ספא פארמה קרם לחות לעור שמן 50מ'ל,00000,1,00000,false,0.0000,24.9,24.9000,true,1,
7290104363962,false,ספא פארמה קרם קולגן למיצוק העור 50מ'ל,,,ספא פארמה קרם קולגן למיצוק העור 50מ'ל,00000,1,00000,false,0.0000,24.9,24.9000,true,1,
7290104364631,false,ספא פארמה קרם לחות רימונים 50 SPF15מ'ל,,,ספא פארמה קרם לחות רימונים 50 SPF15מ'ל,00000,1,00000,false,0.0000,24.9,24.9000,true,1,
7290104364648,false,ספא פארמה קרם זית אינטנסיבי נגד קמטים 50מ,,,ספא פארמה קרם זית אינטנסיבי נגד קמטים 50מ,00000,1,00000,false,12.0000,24.9,24.9000,true,1,
7290104364778,false,ספא פארמה סרום מולטי ויטמין אינטנסיבי 50מ,,,ספא פארמה סרום מולטי ויטמין אינטנסיבי 50מ,00000,1,00000,false,0.0000,24.9,24.9000,true,1,
7290104366949,false,אוליב ק.לחות לשיער שמן זית 500מ'ל,,,אוליב ק.לחות לשיער שמן זית 500מ'ל,00000,1,00000,false,0.0000,17.9,17.9000,false,1,
7290104367632,false,אוליב קרם עיניים 30מ'ל,,,אוליב קרם עיניים 30מ'ל,00000,1,00000,false,0.0000,24.9,24.9000,false,1,
7290104367649,false,אוליב קרם אנטי אייג'ינג 50מ'ל,,,אוליב קרם אנטי אייג'ינג 50מ'ל,00000,1,00000,false,0.0000,24.9,24.9000,false,1,
7290104367656,false,אוליב קרם לחות לעור רגיל מעורב 50מ'ל,,,אוליב קרם לחות לעור רגיל מעורב 50מ'ל,00000,1,00000,false,0.0000,24.9,24.9000,false,1,
7290104367663,false,אוליב סרום ליפטינג לפנים 30מ'ל,,,אוליב סרום ליפטינג לפנים 30מ'ל,00000,1,00000,false,0.0000,24.9,24.9000,false,1,
7290104367670,false,אוליב סרום ממצק לפנים 30מ'ל,,,אוליב סרום ממצק לפנים 30מ'ל,00000,1,00000,false,0.0000,24.9,24.9000,false,1,
7290104368974,false,אוליב קרם ידיים 100מ'ל,,,אוליב קרם ידיים 100מ'ל,00000,1,00000,false,0.0000,6.9,6.9000,false,1,
7290104695568,false,פחית ריח אורגנית,Unknown,,פחית בריח QUEST,00000,1,00000,false,0.0000,10,10.0000,false,1,
7290104960239,false,"תחליב רחצה נקה 7 ארומה לבן 750 מ""ל",טרופיקל דגיל תעשיות,IL,"נקה 7 - תחליב רחצה קמומיל 750 מ""ל",00000,1,00000,false,0.0000,9.9,9.9000,false,1,
7290104960246,false,"נקה 7 - תחליב רחצה ורד ויסמין 750 מ""ל",אמיליה קוסמטיקס,IL,"נקה 7 - תחליב רחצה ורד ויסמין 750 מ""ל",00000,1,00000,false,0.0000,9.9,9.9000,false,1,
7290104960253,false,"תחליב רחצה נקה 7 לבנדר סגול 750מ""ל",טרופיקל דגיל תעשיות,IL,"נקה 7 - תחליב רחצה לבנדר 750 מ""ל",00000,1,00000,false,0.0000,9.9,9.9000,false,1,
7290104960888,false,קרליין - שפתון ליפ קולור 714,,,קרליין - שפתון ליפ קולור 714,00000,1,00000,false,0.0000,49.9,49.9000,false,1,
7290104961229,false,"מי פנים לניקוי, הסרה ורענון הפנים לעור רגיל או יבש",קרליין Careline,,קרליין - מי פנים לעור רגיל / יבש,00000,1,00000,false,0.0000,29.9,29.9000,false,1,
7290104961250,false,"נקה 7 תחליב רחצה מגע קטיפה וניל מאסק 750 מ""ל",טרופיקל דגיל תעשיות,IL,"נקה 7 - תחליב רחצה וניל מאסק 750 מ""ל",00000,1,00000,false,0.0000,9.9,9.9000,false,1,
7290104961526,false,דאודורנט ספריי גוף טיטניום קלאסיק Titanium Classic,אמיליה קוסמטיקס,IL,"טיטניום - דאודורנט ספריי לגבר קלאסיק 150 מ""ל",00000,1,00000,false,0.0000,11.9,11.9000,false,1,
7290104961557,false,"טיטניום - דאודורנט ספריי לגבר בלו 150 מ""ל",אמיליה קוסמטיקס,IL,"טיטניום - דאודורנט ספריי לגבר בלו 150 מ""ל",00000,1,00000,false,0.0000,11.9,11.9000,false,1,
7290104961649,false,קרליין - מברשת דו צדדית 06,,,קרליין - מברשת דו צדדית 06,00000,1,00000,false,0.0000,19.9,19.9000,false,1,
7290104961670,false,קרליין - מברשת סומק והצללה 03,,,קרליין - מברשת סומק והצללה 03,00000,1,00000,false,0.0000,19.9,19.9000,false,1,
7290104961878,false,"שמפו לשיער קרטין אינטנס פורמולה 400 מ""ל נטורל",נטורל פורמולה Natural Formula,IL,"נטורל - שמפו לשיער קרטין אינטנס 400 מ""ל",00000,1,00000,false,0.0000,29.9,29.9000,false,1,
7290104961885,false,מרכך קרטין טהור לשיער שעבר החלקה או עיצוב בחום,נטורל פורמולה Natural Formula,IL,"נטורל - מרכך לשיער קרטין אינטנס 400 מ""ל",00000,1,00000,false,0.0000,29.9,29.9000,false,1,
7290104961892,false,מסכת קרטין טהור לשיער שעבר החלקה או עיצוב בחום,נטורל פורמולה Natural Formula,IL,"נטורל - מסכת קרטין אינטנס 350 מ""ל",00000,1,00000,false,0.0000,39.9,39.9000,false,1,
7290104961908,false,"נטורל - סרום לשיער קרטין אינטנס 145 מ""ל",נטורל פורמולה Natural Formula,IL,"נטורל - סרום לשיער קרטין אינטנס 145 מ""ל",00000,1,00000,false,0.0000,44.9,44.9000,false,1,
7290104961915,false,קרליין - מסקרה בולד שחור,,,קרליין - מסקרה בולד שחור,00000,1,00000,false,0.0000,49.9,49.9000,true,1,
7290104962134,false,דאודורנט רול און נושם+ For Girls ללא אלומיניום,אמיליה קוסמטיקס,IL,"קרליין - נושם דאודורנט רול און לבנות 75 מ""ל",00000,1,00000,false,12.0000,9.9,9.9000,false,1,
7290104962684,false,"קרליין - נושם דאודורנט רול און לאישה ללא אלומיניום 75 מ""ל",אמיליה קוסמטיקס,IL,"קרליין - נושם דאודורנט רול און לאישה ללא אלומיניום 75 מ""ל",00000,1,00000,false,12.0000,9.9,9.9000,false,1,
7290104962844,false,"שמפו אמפולה לטיפול אינטנסיבי לשיער יבש, צבוע ופגום",נטורל פורמולה Natural Formula,,"נטורל - שמפו לשיער אמפולה אינטנס 400 מ""ל",00000,1,00000,false,0.0000,29.9,29.9000,false,1,
7290104962851,false,"מרכך אמפולה לטיפול אינטנסיבי לשיער יבש, צבוע ופגום",נטורל פורמולה Natural Formula,,"נטורל - מרכך לשיער אמפולה אינטנס 400 מ""ל",00000,1,00000,false,0.0000,29.9,29.9000,false,1,
7290104962868,false,"מסכת אמפולה לטיפול אינטנסיבי לשיער יבש, צבוע ופגום",נטורל פורמולה Natural Formula,IL,"נטורל - מסכת אמפולה לשיער 350 מ""ל",00000,1,00000,false,0.0000,39.9,39.9000,false,1,
7290104963216,false,סופטקר - אל סבון עדין לתינוק לעור רגיש 1 ליטר,קוסמופארם בע''מ,IL,סופטקר - אל סבון עדין לתינוק לעור רגיש 1 ליטר,00000,1,00000,false,0.0000,18.9,18.9000,false,1,
7290104963445,false,"קרליין - פריימר שמן 30 מ""ל",,,"קרליין - פריימר שמן 30 מ""ל",00000,1,00000,false,0.0000,79.9,79.9000,false,1,
7290104963452,false,קרליין - עפרון גבות 01 ASH BEIGE,,,קרליין - עפרון גבות 01 ASH BEIGE,00000,1,00000,false,0.0000,24.9,24.9000,false,1,
7290104963469,false,קרליין - עפרון גבות ASH BROWN 02,,,קרליין - עפרון גבות ASH BROWN 02,00000,1,00000,false,0.0000,24.9,24.9000,false,1,
7290104963490,false,קרליין - שפתון קולור מאט 29,,,קרליין - שפתון קולור מאט 29,00000,1,00000,false,0.0000,39.9,39.9000,false,1,
7290104963537,false,"קרליין - פריימר מצמצם נקבוביות 30 מ""ל",,,"קרליין - פריימר מצמצם נקבוביות 30 מ""ל",00000,1,00000,false,0.0000,79.9,79.9000,false,1,
7290104963650,false,סופטקר - שמפו אל דמע 1 ליטר,סופטקר Softcare,,סופטקר - שמפו אל דמע 1 ליטר,00000,1,00000,false,0.0000,18.9,18.9000,false,1,
7290104963674,false,"קרליין - תרחיץ גרגרים יאנג 150 מ""ל",,,"קרליין - תרחיץ גרגרים יאנג 150 מ""ל",00000,1,00000,false,0.0000,29.9,29.9000,false,1,
7290104963902,false,"קרליין - קרם יום אורבן 50 מ""ל",,,"קרליין - קרם יום אורבן 50 מ""ל",00000,1,00000,false,4.0000,49.9,49.9000,false,1,
7290104963919,false,"קרליין - קרם לילה אורבן 50 מ""ל",קרליין Careline,,"קרליין - קרם לילה אורבן 50 מ""ל",00000,1,00000,false,4.0000,49.9,49.9000,false,1,
7290104963940,false,מגבוני פחם שחורים להסרת איפור פנים ועיניים,קרליין Careline,,קרליין - מגבונים להסרת איפור פחם 25 יח',00000,1,00000,false,0.0000,10,10.0000,false,1,
7290104963964,false,"קרליין - תרחיץ פנים יאנג 300 מ""ל",,,"קרליין - תרחיץ פנים יאנג 300 מ""ל",00000,1,00000,false,0.0000,29.9,29.9000,false,1,
7290104964084,false,"קרליין - מולטי אפקט קרם יום 50 מ""ל 25SPF",,,"קרליין - מולטי אפקט קרם יום 50 מ""ל 25SPF",00000,1,00000,false,0.0000,29.9,29.9000,false,1,
7290104964091,false,"קרליין מולטי אפקט - קרם לילה 50 מ""ל",,,"קרליין - מולטי אפקט קרם לילה 50 מ""ל",00000,1,00000,false,0.0000,29.9,29.9000,false,1,
7290104964107,false,"קרליין - מולטי אפקט קרם עיניים 30 מ""ל",,,"קרליין - מולטי אפקט קרם עיניים 30 מ""ל",00000,1,00000,false,0.0000,29.9,29.9000,false,1,
7290104964183,false,"קרליין - ג'ל שקוף ליבוש פצעים אויל פרי 10 מ""ל",,,"קרליין - ג'ל שקוף ליבוש פצעים אויל פרי 10 מ""ל",00000,1,00000,false,0.0000,39.9,39.9000,false,1,
7290104964220,false,"קרליין - ג'ל מרענן לניקוי הפנים 300 מ""ל",,,"קרליין - ג'ל מרענן לניקוי הפנים 300 מ""ל",00000,1,00000,false,0.0000,29.9,29.9000,false,1,
7290104964251,false,"תרחיץ פנים פעולה משולשת מסכה, פילינג וניקוי",קרליין Careline,,"קרליין - תרחיץ פנים אול אין וואן 150 מ""ל",00000,1,00000,false,0.0000,24.9,24.9000,false,1,
7290104964404,false,קרליין - פרו ערכת שימרים,,,קרליין - פרו ערכת שימרים,00000,1,00000,false,0.0000,59.9,59.9000,false,1,
7290104964428,false,קרליין - קונסילר כיסוי גבוה 01,,,קרליין - קונסילר כיסוי גבוה 01,00000,1,00000,false,0.0000,39.9,39.9000,false,1,
7290104964435,false,קרליין - קונסילר כיסוי גבוה 02,,,קרליין - קונסילר כיסוי גבוה 02,00000,1,00000,false,0.0000,39.9,39.9000,false,1,
7290104964473,false,קרליין - מסקרה בולד סטיי לונג שחור,,,קרליין - מסקרה בולד סטיי לונג שחור,00000,1,00000,false,0.0000,49.9,49.9000,false,1,
7290104964565,false,קרליין - מסכה מתקלפת שחור,,,קרליין - מסכה מתקלפת שחור,00000,1,00000,false,0.0000,39.9,39.9000,false,1,
7290104964770,false,"קרליין - ספלאש קרם לילה 50 מ""ל",קרליין Careline,,"קרליין - ספלאש קרם לילה 50 מ""ל",00000,1,00000,false,0.0000,59.9,59.9000,false,1,
7290104964787,false,"קרליין - ספלאש קרם עיניים 30 מ""ל",,,"קרליין - ספלאש קרם עיניים 30 מ""ל",00000,1,00000,false,0.0000,59.9,59.9000,false,1,
7290104964824,false,"קרליין - שמן לפנים המפ 30 מ""ל",,,"קרליין - שמן לפנים המפ 30 מ""ל",00000,1,00000,false,0.0000,59.9,59.9000,false,1,
7290104964916,false,קרליין - מגבונים להסרת איפור דו פאזי 25 יח',,,קרליין - מגבונים להסרת איפור דו פאזי 25 יח',00000,1,00000,false,16.0000,10,10.0000,false,1,
7290104969911,false,"קרליין - סי פאוור קרם עיניים 30 מ""ל",,,"קרליין - סי פאוור קרם עיניים 30 מ""ל",00000,1,00000,false,0.0000,49.9,49.9000,false,1,
7290104969935,false,"קרליין - סי פאוור קרם יום 50 מ""ל",,,"קרליין - סי פאוור קרם יום 50 מ""ל",00000,1,00000,false,0.0000,49.9,49.9000,false,1,
7290105363602,false,כיף כף - מקלות קלאסי 40 גרם,"איי, בי, אינבוו",TR,כיף כף - מקלות קלאסי 40 גרם,00000,1,00000,false,0.0000,4.9,4.9000,true,1,
7290105364289,false,כיף כף - מקלות פצפוצים 40 גרם,"איי, בי, אינבוו",TR,כיף כף - מקלות פצפוצים 40 גרם,00000,1,00000,false,0.0000,4.9,4.9000,true,1,
7290105364302,false,"עלית חטיף שוקולד כיף כף מקלות אגוזים, 40 גרם","איי, בי, אינבוו",TR,כיף כף - מקלות אגוזים 40 גרם,00000,1,00000,false,0.0000,4.9,4.9000,true,1,
7290105430458,false,תחליב רחצה מועשר בשקדים וקרם לחות Naturals משאבה,הנסיך- מפעל לייצור ט,TR,"פלמוליב - תחליב רחצה נטורלס שקדים 750 מ""ל",00000,1,00000,false,0.0000,18.9,18.9000,false,1,
7290105431516,false,פרי חטיפי בריאות מארז 5 תמרים בוטנים,טבעית מוצרים מן הטבע,IL,פרי חטיפי בריאות מארז 5 תמרים בוטנים,00000,1,00000,false,0.0000,14.9,14.9000,false,1,
7290106263413,false,פרוהייר - שמפו חמאת שיאה וקרטין צבוע ופגום ללא מלח 1 ליטר,,,פרוהייר - שמפו חמאת שיאה וקרטין צבוע ופגום ללא מלח 1 ליטר,00000,1,00000,false,0.0000,39.9,39.9000,false,1,
7290106263666,false,"פרוהייר - שמפו טיפולי שמן מרוקאי ללא מלח 400 מ""ל",,,"פרוהייר - שמפו טיפולי שמן מרוקאי ללא מלח 400 מ""ל",00000,1,00000,false,0.0000,19.9,19.9000,false,1,
7290106263673,false,פרוהייר - שמפו טיפולי שמן מרוקאי ללא מלח 1 ליטר,,,פרוהייר - שמפו טיפולי שמן מרוקאי ללא מלח 1 ליטר,00000,1,00000,false,0.0000,39.9,39.9000,false,1,
7290106263697,false,PRO HAIRמסיכה שמן מרוקאי לרגיל/יבש ללא מל,,,PRO HAIRמסיכה שמן מרוקאי לרגיל/יבש ללא מל,00000,1,00000,false,12.0000,29.9,29.9000,false,1,
7290106263758,false,לסרה מגבונים להסרת איפור25יח,,,לסרה מגבונים להסרת איפור25יח,00000,1,00000,false,0.0000,6,6.0000,true,1,
7290106263918,false,"פרוהייר - מרכך חמאת שיאה וקרטין צבוע ופגום ללא מלח 400 מ""ל",גויה מעבדות לקוסמטיק,,"פרוהייר - מרכך חמאת שיאה וקרטין צבוע ופגום ללא מלח 400 מ""ל",00000,1,00000,false,0.0000,19.9,19.9000,false,1,
7290106263925,false,"פרוהייר - מרכך שמן מרוקאי ללא מלח 400 מ""ל",,,"פרוהייר - מרכך שמן מרוקאי ללא מלח 400 מ""ל",00000,1,00000,false,0.0000,19.9,19.9000,false,1,
7290106263932,false,בסט ק.לחות לשיער שמן מרוקאי ליבש מאוד,,,בסט ק.לחות לשיער שמן מרוקאי ליבש מאוד,00000,1,00000,false,0.0000,10,10.0000,false,1,
7290106264250,false,טלק לכף הרגל מועשר בשמן זית,WORLD CART,,טלק לכף הרגל מועשר בשמן זית,00000,1,00000,false,0.0000,10,10.0000,false,1,
7290106264731,false,PRO HAIRמסיכה חמ.שיאה וקרטין לשיער צבוע ו,,,PRO HAIRמסיכה חמ.שיאה וקרטין לשיער צבוע ו,00000,1,00000,false,0.0000,10,10.0000,false,1,
7290106264960,false,פארמה קר בקבוק מים חמים מכוסה בד פליז,,,פארמה קר בקבוק מים חמים מכוסה בד פליז,00000,1,00000,false,0.0000,14.9,14.9000,false,1,
7290106264977,false,פארמה קר בקבוק מים חמים מכוסה בד פליז מפנק ע,,,פארמה קר בקבוק מים חמים מכוסה בד פליז מפנק ע,00000,1,00000,false,12.0000,19.9,19.9000,false,1,
7290106266247,false,לסרה מגבונים להסרת איפור עור שמן25יח,,,לסרה מגבונים להסרת איפור עור שמן25יח,00000,1,00000,false,0.0000,6,6.0000,true,1,
7290106266261,false,PRO HAIRק.לחות שמן מרוקאי לשיער רגיל/יבש,,,PRO HAIRק.לחות שמן מרוקאי לשיער רגיל/יבש,00000,1,00000,false,0.0000,19.9,19.9000,false,1,
7290106266520,false,בייבי ליין מחלק מנות ( 3תאים),,,בייבי ליין מחלק מנות ( 3תאים),00000,1,00000,false,12.0000,10,10.0000,false,1,
7290106267640,false,פרוהייר - שמפו שמן קוקוס ללא מלח 1 ליטר,,,פרוהייר - שמפו שמן קוקוס ללא מלח 1 ליטר,00000,1,00000,false,0.0000,39.9,39.9000,false,1,
7290106267657,false,"פרוהייר - שמפו שמן קוקוס ללא מלח 400 מ""ל",,,"פרוהייר - שמפו שמן קוקוס ללא מלח 400 מ""ל",00000,1,00000,false,0.0000,19.9,19.9000,false,1,
7290106267671,false,PRO HAIRמסיכה קוקוס לשיער יבש מאוד/פגום ל,,,PRO HAIRמסיכה קוקוס לשיער יבש מאוד/פגום ל,00000,1,00000,false,12.0000,29.9,29.9000,false,1,
7290106267688,false,PRO HAIRסרום קוקוס לשיער יבש מאוד/פגום לל,,,PRO HAIRסרום קוקוס לשיער יבש מאוד/פגום לל,00000,1,00000,false,0.0000,39.9,39.9000,false,1,
7290106267770,false,בייבי ליין סט מברשת ומסרק לתינוק,,,בייבי ליין סט מברשת ומסרק לתינוק,00000,1,00000,false,48.0000,11.9,11.9000,false,1,
7290106268265,false,"קלאסיק - דה סיסו (א) אדט 100 מ""ל",,,"קלאסיק - דה סיסו (א) אדט 100 מ""ל",00000,1,00000,false,48.0000,59.9,59.9000,false,1,
7290106269446,false,סט נסיעות ירוק 3מוצרים,,,סט נסיעות ירוק 3מוצרים,00000,1,00000,false,18.0000,14.9,14.9000,false,1,
7290106269682,false,לסרה מי פנים לרגיל/שמן מועשר בתה ירוק ומלפ,,,לסרה מי פנים לרגיל/שמן מועשר בתה ירוק ומלפ,00000,1,00000,false,0.0000,14.9,14.9000,false,1,
7290106269705,false,לסרה חלב פנים מועשר בתה ירוק ומלפפונים250מ,,,לסרה חלב פנים מועשר בתה ירוק ומלפפונים250מ,00000,1,00000,false,0.0000,14.9,14.9000,false,1,
7290106269712,false,לסרה מים מיסלריים מועשר בתה ירוק ומלפפונים,,,לסרה מים מיסלריים מועשר בתה ירוק ומלפפונים,00000,1,00000,false,6.0000,17.9,17.9000,false,1,
7290106269743,false,לסרה סבון עדין לפנים מועשר בתה ירוק ומלפפו,,,לסרה סבון עדין לפנים מועשר בתה ירוק ומלפפו,00000,1,00000,false,0.0000,14.9,14.9000,false,1,
7290106269750,false,לסרה פילינג לניקוי וחידוש מועשר בתה ירוק ו,,,לסרה פילינג לניקוי וחידוש מועשר בתה ירוק ו,00000,1,00000,false,0.0000,14.9,14.9000,false,1,
7290106269767,false,בייבי ליין מארז מתנה - בנות,,,בייבי ליין מארז מתנה - בנות,00000,1,00000,false,0.0000,100,100.0000,false,1,
7290106269989,false,PRO HAIRק.לחות קוקוס לשיער יבש מאוד/פגום,,,PRO HAIRק.לחות קוקוס לשיער יבש מאוד/פגום,00000,1,00000,false,0.0000,19.9,19.9000,false,1,
7290106525382,false,קפה טורקי עלית 125 גר,,,קפה טורקי עלית 125 גר,00000,1,00000,false,40.0000,10,10.0000,false,1,
7290106571921,false,עוגיות פיטנס עוגיות חמוציות 180 גר',מיוצר עי קונדיטוריית,IL,פיטנס - עוגיות חמוציות 180 גרם,00000,1,00000,false,12.0000,10,10.0000,false,1,
7290106578692,false,אוסם - במבה ביסלי מיקס 80 גרם,פרו מן יו פתרונות אר,IL,אוסם - במבה ביסלי מיקס 80 גרם,00000,1,00000,false,36.0000,4.5,4.5000,false,1,
7290106652996,false,כיף כף מקלות קוקוס חלבי 40 גר',SOLEN CIKOLATA GIDA,TR,כיף כף - מקלות קוקוס 40 גרם,00000,1,00000,false,8.0000,4.9,4.9000,true,1,
7290106658479,false,עלית וופל בטעם טורטית אגוזים 360גר,"שטראוס גרופ בע""מ",IL,טורטית מגדים 40ג,00000,1,00000,false,0.0000,3.9,3.9000,false,1,
7290106721913,false,מסטיק מאסט MUST ללא סוכר בטעם מנטה מרעננת,"שטראוס גרופ בע""מ",IL,"עלית - צנצנת מנטה מרעננת לל""ס 66 גרם",00000,1,00000,false,0.0000,10,10.0000,true,1,
7290106721920,false,צנצנת מסטיק מאסט בטעם ספירמינט עדין 66 ג' עלית,"שטראוס גרופ בע""מ.",IL,"עלית - צנצנת מנטה עדינה לל""ס 66 גרם",00000,1,00000,false,0.0000,10,10.0000,true,1,
7290106820296,false,BYNETA ספריי מייקאפ לפנים- גוון לייט,,,BYNETA ספריי מייקאפ לפנים- גוון לייט,00000,1,00000,false,0.0000,119,119.0000,false,1,
7290107280549,false,"סנו - K400 קוטל זבובים ויתושים 300 מ""ל","סנו מפעלי ברונוס בע""",IL,"סנו - K400 קוטל זבובים ויתושים 300 מ""ל",00000,1,00000,false,0.0000,11.9,11.9000,false,1,
7290107280570,false,סנו - מקסימה ג'ל כביסה מרוכז לכביסה צבעונית 3 ליטר,מיוצר עי קונדיטוריית,IL,סנו - מקסימה ג'ל כביסה מרוכז לכביסה צבעונית 3 ליטר,00000,1,00000,false,0.0000,28.9,28.9000,false,1,
7290107280594,false,סנובון סבון לאסלה דאבל אקשן בניחוח לבנדר,סנו,,סנו - סנובון דאבל אקשן לבנדר 3 יחידות,00000,1,00000,false,0.0000,10,10.0000,false,1,
7290107280662,false,"סנו מקסימה בייבי אבקת לכביסה 1.25 ק""ג",,,"סנו - מקסימה אבקת כביסה בייבי 1.25 ק""ג",00000,1,00000,false,0.0000,12.9,12.9000,false,1,
7290107280761,false,נוזל לניקוי כלים בניחוח לימון רענן סנו ספארק Spark,מיוצר עי קונדיטוריית,IL,סנו - ספארק משאבה לימון 1 ליטר,00000,1,00000,false,0.0000,11.9,11.9000,false,1,
7290107544481,false,קרם להסרת שיער אורנה 19 80 ג',אורנה 19 Orna,,דפילטור רגיל אורנה 19,00000,1,00000,false,0.0000,14.9,14.9000,false,1,
7290107544498,false,קרם להסרת שיער לקו ביקיני אורנה 19 80 ג',,,דפילטור לקו הביקיני,00000,1,00000,false,0.0000,14.9,14.9000,false,1,
7290107876889,false,אוסם - במבה במילוי קרם נוגט 45 גרם,"אסם השקעות בע""מ",IL,אוסם - במבה במילוי קרם נוגט 45 גרם,00000,1,00000,false,48.0000,4,4.0000,true,1,
7290107931397,false,כיף כף פצפוצים ביסקוויט 40ג',שולן צ'יקולטה גידה ס,TR,כיף כף - פצפצים 40 גרם,00000,1,00000,false,12.0000,4.9,4.9000,true,1,
7290107937627,false,מסטיק מאסט Must קוביות ללא סוכר בטעם מנטה עדינה,אסקום קונפקשיין,DE,צנצנת קוביות מנטה עדינה 58 גרם,00000,1,00000,false,0.0000,10,10.0000,true,1,
7290107937634,false,צנצנית מסטיק מאסט קוביות פפירמינט 58 ג' עלית,אסקום קונפקשיין,DE,צנצנת קוביות מנטה 58 גרם,00000,1,00000,false,0.0000,10,10.0000,true,1,
7290107937641,false,מסטיק בצנצנת קוביות בזוקה 58 ג',אסקום קונפקשיין,DE,צנצנת קוביות בזוקה 58 גרם,00000,1,00000,false,0.0000,10,10.0000,true,1,
7290107951715,false,צנצנת מסטיק מאסט קוביות בטעם ענבים 58 ג' עלית,אסקום קונפקשיין,IL,עלית - צנצנת קוביות ענבים 58 גרם,00000,1,00000,false,0.0000,10,10.0000,true,1,
7290107970129,false,"ליידי ספיד סטיק - דאודורנט רול און לאישה פרש אסנס סחלב שחור 50 מ""ל",הנסיך- מפעל לייצור ט,IT,"ליידי ספיד סטיק - דאודורנט רול און לאישה פרש אסנס סחלב שחור 50 מ""ל",00000,1,00000,false,0.0000,13.9,13.9000,false,1,
7290107973014,false,פלמוליב סבון ידיים חלב ודבש 300 מ'ל,הנסיך- מפעל לייצור ט,TR,"פלמוליב סבון ידיים חלב ודבש 300 מ""ל",00000,1,00000,false,0.0000,9.9,9.9000,false,1,
7290107973038,false,"פלמוליב סבון ידיים אקווריום 300 מ""ל",הנסיך- מפעל לייצור ט,IT,"פלמוליב סבון ידיים אקווריום 300 מ""ל",00000,1,00000,false,0.0000,9.9,9.9000,false,1,
7290107977456,false,"פלמוליב - ג'ל רחצה ושמפו ספורט לגבר 750 מ""ל",קולגייט פלמוליב,TR,"פלמוליב - ג'ל רחצה ושמפו ספורט לגבר 750 מ""ל",00000,1,00000,false,0.0000,18.9,18.9000,false,1,
7290107977753,false,"משחת שיניים פרודונט אקספרט מרידול , 75 מ""ל",קולגייט פלמוליב,,"מרידול - משחת שיניים פרודונט אקספרט 75 מ""ל",00000,1,00000,false,12.0000,21.9,21.9000,false,1,
7290108070309,false,שקית בלונים פסטל מעורב צבעים-100 יח,,,שקית בלונים פסטל מעורב צבעים-100 יח,00000,1,00000,false,0.0000,19.9,19.9000,false,1,
7290108070354,false,שקית בלונים סטנדרט מעורב צבעים-50 יח,,,שקית בלונים סטנדרט מעורב צבעים-50 יח,00000,1,00000,false,0.0000,10,10.0000,false,1,
7290108201864,false,קולון קפסולות ג'ל כביסה 28 יח,קולון Colon,,קולון קפסולות לכביסה 28 יח,00000,1,00000,false,8.0000,19.9,19.9000,false,1,
7290108331585,false,"מספריים לשיער קייזר ""1990/6",,,"מספריים לשיער קייזר ""1990/6",00000,1,00000,false,0.0000,39.9,39.9000,false,1,
7290108338133,false,GOOD PHARM - זוג סיכות אטב,,,GOOD PHARM - זוג סיכות אטב,00000,1,00000,false,12.0000,9.9,9.9000,false,1,
7290108338140,false,GOOD PHARM - קשת ורודה עם פפיון,,,GOOD PHARM - קשת ורודה עם פפיון,00000,1,00000,false,12.0000,9.9,9.9000,false,1,
7290108338157,false,GOOD PHARM - גומיות מסולסלות צבעוניות 4 יח',,,GOOD PHARM - גומיות מסולסלות צבעוניות 4 יח',00000,1,00000,false,12.0000,9.9,9.9000,false,1,
7290108338164,false,GOOD PHARM - סיכות קטנות צבעוניות,,,GOOD PHARM - סיכות קטנות צבעוניות,00000,1,00000,false,12.0000,9.9,9.9000,false,1,
7290108350548,false,סנו ספארק נוזל כלים בניחוח לבנדר עם משאבה 1 ל',מיוצר עי קונדיטוריית,IL,סנו - ספארק משאבה לבנדר 1 ליטר,00000,1,00000,false,0.0000,11.9,11.9000,false,1,
7290108350616,false,סנו - מקסימה מרכך כביסה מרוכז פריחה כחולה 1 ליטר,"סנו מפעלי ברונוס בע""",IL,סנו - מקסימה מרכך כביסה מרוכז פריחה כחולה 1 ליטר,00000,1,00000,false,0.0000,17.9,17.9000,false,1,
7290108350722,false,אורביטול - משחת שיניים 6+ בוב ספוג 70 גרם,טרופיקל דגיל תעשיות,IL,אורביטול - משחת שיניים 6+ בוב ספוג 70 גרם,00000,1,00000,false,24.0000,8,8.0000,false,1,
7290108350753,false,"אורביטול משחת שיניים פרוטקט פרש, 145 גרם",גוד פוד פרודקטס S.p,IL,"אורביטול משחת שיניים פרוטקט פרש, 145 גרם",00000,1,00000,false,24.0000,9.9,9.9000,true,1,
7290108351149,false,סנו - ג'ט לניקוי כללי ורצפות בתוספת אבקת סודה 1.5 ליטר,"סנו מפעלי ברונוס בע""",IL,סנו - ג'ט לניקוי כללי ורצפות בתוספת אבקת סודה 1.5 ליטר,00000,1,00000,false,0.0000,11.9,11.9000,false,1,
7290108351156,false,סנו - ג'ט לניקוי כללי ורצפות בתוספת חומץ 1.5 ליטר,"סנו מפעלי ברונוס בע""",IL,סנו - ג'ט לניקוי כללי ורצפות בתוספת חומץ 1.5 ליטר,00000,1,00000,false,0.0000,11.9,11.9000,false,1,
7290108351491,false,סנו - אוקסיג'ן פאוור אבקה להסרת כתמים קשים 720 גרם,הורביץ סחר,IL,סנו - אוקסיג'ן פאוור אבקה להסרת כתמים קשים 720 גרם,00000,1,00000,false,0.0000,15.9,15.9000,false,1,
7290108351552,false,"סנו - ג'ט לניקוי כללי בתוספת חומץ בניחוח לבנדר 750 מ""ל","סנו מפעלי ברונוס בע""",IL,"סנו - ג'ט לניקוי כללי בתוספת חומץ בניחוח לבנדר 750 מ""ל",00000,1,00000,false,0.0000,11.9,11.9000,false,1,
7290108351569,false,מבשם ומרכך למייבש כביסה Baby לתינוקות ולעור רגיש,"איי, בי, אינבוו",IL,"סנו - מקסימה מרסס למייבש כביסה בייבי 750 מ""ל",00000,1,00000,false,0.0000,17.9,17.9000,false,1,
7290108351583,false,"סנו - ג'ט פלוס חומץ ג'ל לניקוי אסלות לבנדר 750 מ""ל",טרופיקל דגיל תעשיות,IL,"סנו - ג'ט פלוס חומץ ג'ל לניקוי אסלות לבנדר 750 מ""ל",00000,1,00000,false,0.0000,10,10.0000,false,1,
7290108351613,false,סנו ריצפז פרש הום 2 ליטר בניחוח מלון חלומי,"סנו מפעלי ברונוס בע""",IL,סנו - ריצפז פרש הום מלון חלומי 2 ליטר,00000,1,00000,false,0.0000,19.9,19.9000,false,1,
7290108351699,false,סנו - ג'ט מטליות לחות לניקוי כללי בתוספת חומץ לבנדר שלישיה,סנו מפעלי ברונוס על,IL,סנו - ג'ט מטליות לחות לניקוי כללי בתוספת חומץ לבנדר שלישיה,00000,1,00000,false,0.0000,19.9,19.9000,false,1,
7290108351804,false,סנו - מקסימה מרכך כביסה מרוכז ג'נטל בריז 1 ליטר,מיוצר עי קונדיטוריית,IL,סנו - מקסימה מרכך כביסה מרוכז ג'נטל בריז 1 ליטר,00000,1,00000,false,0.0000,17.9,17.9000,false,1,
7290108351972,false,"סנו פרש הום פרש הום מלון בוטיק 200 מ""ל",מיוצר עי קונדיטוריית,IL,"סנו - פרש הום ספריי מלון בוטיק 200 מ""ל",00000,1,00000,false,0.0000,12.9,12.9000,false,1,
7290108352047,false,אורביטול - צמד מברשות שיניים 808 + חוט דנטלי במתנה,סנו,IL,אורביטול - צמד מברשות שיניים 808 + חוט דנטלי במתנה,00000,1,00000,false,12.0000,19.9,19.9000,false,1,
7290108352078,false,"שטיפת פה protective salt אורביטול 500 מ""ל",טרופיקל דגיל תעשיות,IL,"אורביטול - מי פה מלח 500 מ""ל",00000,1,00000,false,12.0000,19.9,19.9000,false,1,
7290108352214,false,סנו - מקסימה קפסולות כביסה בניחוח בריזה מרעננת 40 יח',טרופיקל דגיל תעשיות,IL,סנו - מקסימה קפסולות כביסה בניחוח בריזה מרעננת 40 יח',00000,1,00000,false,12.0000,31.9,31.9000,false,1,
7290108352221,false,"סנו פרש הום פרש הום מלון מפנק 350 מ""ל",סנו מפעלי ברונוס בעמ,IL,סנו - פרש הום מלון מפנק,00000,1,00000,false,0.0000,11.9,11.9000,false,1,
7290108352269,false,דלי מטליות לחיטוי ולניקוי 99.9 % 400 יח' סנו,הורביץ סחר,IL,סנו - 400 מטליות לחיטוי וניקוי,00000,1,00000,false,0.0000,29.9,29.9000,false,1,
7290108352337,false,"סנו - פרש מילוי למטהר אוויר מלון מפנק 250 מ""ל",מיוצר עי קונדיטוריית,IL,"סנו - פרש מילוי למטהר אוויר מלון מפנק 250 מ""ל",00000,1,00000,false,0.0000,13.9,13.9000,false,1,
7290108352535,false,סנו - מקסימה דפי בישום לחים למייבש הכביסה בניחוח מרכך כביסה,סנו מקסימה,IL,סנו - מקסימה דפי בישום לחים למייבש הכביסה בניחוח מרכך כביסה,00000,1,00000,false,12.0000,12.9,12.9000,false,1,
7290108352788,false,סנו סושי שקיות זיפר 20יח' L,פיין ונטג,CN,סנו - שקיות זיפר 20 יח' L,00000,1,00000,false,0.0000,12.9,12.9000,false,1,
7290108352801,false,"שקיות אשפה S לפחים קטנים 56*45 ס""מ בניחוח עדין","סנו מפעלי ברונוס בע""",IL,סנו - סושי שקיות אשפה לפח קטן 100 יחידות,00000,1,00000,false,0.0000,18.9,18.9000,false,1,
7290108352818,false,מטלית במבוק לניקוי דוחה ריחות רעים,טרופיקל דגיל תעשיות,CN,סנו - מטלית במבוק לניקוי,00000,1,00000,false,0.0000,10,10.0000,false,1,
7290108353389,false,"אורביטול - מי פה ג'וניור לגילאי 8+ 250 מ""ל",,,"אורביטול - מי פה ג'וניור לגילאי 8+ 250 מ""ל",00000,1,00000,false,12.0000,10.9,10.9000,false,1,
7290108353440,false,"אורביטול - מברשת שיניים 12,000 סיבים","ב.א מזון בע""מ",CN,"אורביטול - מברשת שיניים 12,000 סיבים",00000,1,00000,false,12.0000,29.9,29.9000,false,1,
7290108353495,false,אורביטול - חוט דנטאלי 50 מטר בתוספת שעווה ופלואוריד,,,אורביטול - חוט דנטאלי 50 מטר בתוספת שעווה ופלואוריד,00000,1,00000,false,12.0000,10,10.0000,false,1,
7290108353891,false,"קרמה - דאודורנט רול און לאישה קרמה מאסק 75 מ""ל","קוסמופארם בע""מ",IL,"קרמה - דאודורנט רול און לאישה קרמה מאסק 75 מ""ל",00000,1,00000,false,12.0000,9.9,9.9000,false,1,
7290108353907,false,"קרמה - דאודורנט רול און לאישה קרמה קלאסי 75 מ""ל","קוסמופארם בע""מ",IL,"קרמה - דאודורנט רול און לאישה קרמה קלאסי 75 מ""ל",00000,1,00000,false,12.0000,9.9,9.9000,false,1,
7290108353952,false,"קרמה - דאודורנט ספריי לאישה קרמה קלאסי 150 מ""ל",קרמה Crema,IL,"קרמה - דאודורנט ספריי לאישה קרמה קלאסי 150 מ""ל",00000,1,00000,false,12.0000,9.9,9.9000,false,1,
7290108353969,false,"קרמה - דאודורנט ספריי לאישה קרמה מאסק 150 מ""ל",קרמה Crema,IL,"קרמה - דאודורנט ספריי לאישה קרמה מאסק 150 מ""ל",00000,1,00000,false,12.0000,9.9,9.9000,false,1,
7290108353983,false,"קרמה - קרם גוף קרמה קלאסי 500 מ""ל",טרופיקל דגיל תעשיות,IL,"קרמה - קרם גוף קרמה קלאסי 500 מ""ל",00000,1,00000,false,12.0000,24.9,24.9000,false,1,
7290108353990,false,"קרמה - קרם גוף קרמה מאסק 500 מ""ל",טרופיקל דגיל תעשיות,IL,"קרמה - קרם גוף קרמה מאסק 500 מ""ל",00000,1,00000,false,12.0000,24.9,24.9000,false,1,
7290108354140,false,קרליין - נושם מגבוני דיאורדורנט פיור ורוד,,,קרליין - נושם מגבוני דיאורדורנט פיור ורוד,00000,1,00000,false,12.0000,10,10.0000,false,1,
7290108354157,false,קרליין - נושם מגבוני דיאורדורנט סאן רייס כתום,,,קרליין - נושם מגבוני דיאורדורנט סאן רייס כתום,00000,1,00000,false,12.0000,10,10.0000,false,1,
7290108354263,false,אורביטול - משחת שיניים 6+ חד קרן 70 גרם,טרופיקל דגיל תעשיות,IL,אורביטול - משחת שיניים 6+ חד קרן 70 גרם,00000,1,00000,false,24.0000,8,8.0000,false,1,
7290108354355,false,סנו מגבוני היגיינים לניקוי הידיים 70 % אלכוהול 20 יח',דן - מור חומרי טבע ו,IL,סנו - מדיק מגבונים היגיינים לניקוי הידיים,00000,1,00000,false,12.0000,10,10.0000,false,1,
7290108354430,false,"שמפו כיף לשיקום והזנה שמן קוקוס וקרטין 700 מ""ל",קוסמופארם בעמ,IL,"כיף - שמפו שמן קוקוס+קרטין 700 מ""ל",00000,1,00000,false,12.0000,9.9,9.9000,false,1,
7290108354447,false,"מרכך כיף לשיקום והזנה שמן קוקוס וקרטין 700 מ""ל",גוד פוד פרודקטס S.p,IL,כיף - מרכך שמן קוקוס וקרטין 700 מ''ל,00000,1,00000,false,12.0000,9.9,9.9000,false,1,
7290108354492,false,"קרליין - שמפו 10 שמן ארגן 700 מ""ל",קרליין Careline,IL,"קרליין - שמפו 10 שמן ארגן 700 מ""ל",00000,1,00000,false,0.0000,10,10.0000,false,1,
7290108354591,false,"תחליב רחצה בניחוח מי קקטוס ושמן באבאסו 750 מ""ל נקה 7",סנו,IL,"נקה 7 - תחליב רחצה מי קקטוס ושמן באבאסו 750 מ""ל",00000,1,00000,false,12.0000,9.9,9.9000,false,1,
7290108354607,false,"שמפו בניחוח מי קקטוס ושמן באבאסו 750 מ""ל נקה 7",אמיליה קוסמטיקס,IL,"נקה 7 - מי קקטוס ושמן באבאסו 750 מ""ל",00000,1,00000,false,12.0000,9.9,9.9000,false,1,
7290108354614,false,"מרכך בניחוח מי קקטוס ושמן באבאסו 750 מ""ל נקה 7",אמיליה קוסמטיקס,IL,"נקה 7 - מרכך מי קקטוס ושמן באבאסו 750 מ""ל",00000,1,00000,false,12.0000,9.9,9.9000,false,1,
7290108354706,false,"קרמה - תחליב רחצה מאסק 500 מ""ל",קוסמופארם,IL,"קרמה - תחליב רחצה מאסק 500 מ""ל",00000,1,00000,false,0.0000,10,10.0000,false,1,
7290108354713,false,"קרמה - תחליב רחצה קלאסי 500 מ""ל",קוסמופארם,IL,"קרמה - תחליב רחצה קלאסי 500 מ""ל",00000,1,00000,false,0.0000,10,10.0000,false,1,
7290108354911,false,"שמפו, ג'ל רחצה וגילוח מועשר בתמצית אלוורה",טרופיקל דגיל תעשיות,IL,"קרמה - תחליב רחצה 3 ב-1 לגבר 700 מ""ל",00000,1,00000,false,12.0000,14.9,14.9000,false,1,
7290108355000,false,"שמפו מיניונים לילדים נקה 7 750 מ""ל",נקה 7,,"נקה 7 - שמפו לשיער מיניונים 750 מ""ל",00000,1,00000,false,0.0000,9.9,9.9000,false,1,
7290108355024,false,"שמפו ומרכך מיניונים קידס נקה 7 750 מ""ל",קוסמופארם בע''מ,IL,"נקה 7 - מיניונים שמפו 2 ב-1 750 מ""ל",00000,1,00000,false,0.0000,9.9,9.9000,false,1,
7290108355031,false,"נקה 7 אלסבון קידס מיניונים 750 מ""ל",נקה 7,,"נקה 7 - אל סבון מניונים 750 מ""ל",00000,1,00000,false,0.0000,9.9,9.9000,false,1,
7290108355079,false,"נטורל - לחות לשיער עם שמן קוקוס 400 מ""ל",,,"נטורל - לחות לשיער עם שמן קוקוס 400 מ""ל",00000,1,00000,false,0.0000,29.9,29.9000,false,1,
7290108355178,false,"קרמה - קרם ידיים חמאת שיאה וקוקוי 100 מ""ל",קוסמופארם,IL,"קרמה - קרם ידיים חמאת שיאה וקוקוי 100 מ""ל",00000,1,00000,false,0.0000,10,10.0000,false,1,
7290108355185,false,"נטורל מסיכת קרטין אינטנס למניעת קשקשים 350 מ""ל",נטורל פורמולה Natural Formula,IL,"נטורל - מסכת קרטין למניעת קשקשים 350 מ""ל",00000,1,00000,false,0.0000,39.9,39.9000,false,1,
7290108355192,false,"נטורל מרכך קרטין אינטנס למניעת קשקשים 400 מ""ל",נטורל פורמולה Natural Formula,IL,"נטורל - מרכך קשקשים קרטין 400 מ""ל",00000,1,00000,false,0.0000,29.9,29.9000,false,1,
7290108355208,false,"שמפו קרטין אינטנס למניעת קשקשים נטורל 400 מ""ל",נטורל פורמולה Natural Formula,IL,"נטורל - שמפו קשקשים קרטין 400 מ""ל",00000,1,00000,false,0.0000,29.9,29.9000,false,1,
7290108355215,false,"מסיכת קרטין איטנס נטורל 450 מ""ל משאבה",,,"נטורל - מסכת קרטין אינטנס 450 מ""ל",00000,1,00000,false,6.0000,42.9,42.9000,false,1,
7290108355307,false,"נקה 7 - שמפו סירוק קל רוזמרין 750 מ""ל",גוד פוד פרודקטס S.p,IL,"נקה 7 - שמפו סירוק קל רוזמרין 750 מ""ל",00000,1,00000,false,0.0000,9.9,9.9000,false,1,
7290108355314,false,מרכך לסירוק קל בתוספת רוזמרין,גוד פוד פרודקטס S.p,IL,"נקה 7 - מרכך סירוק קל 750 מ""ל",00000,1,00000,false,12.0000,9.9,9.9000,false,1,
7290108355451,false,"קרמה - דאודורנט רול און לאישה קרמה ורד ווניל 75 מ""ל",קרמה Crema,IL,"קרמה - דאודורנט רול און לאישה קרמה ורד ווניל 75 מ""ל",00000,1,00000,false,12.0000,9.9,9.9000,false,1,
7290108355482,false,"קרמה - דאודורנט רול און לאישה קרמה לבנדר ואקליפטוס 75 מ""ל",קרמה Crema,,"קרמה - דאודורנט רול און לאישה קרמה לבנדר ואקליפטוס 75 מ""ל",00000,1,00000,false,12.0000,9.9,9.9000,false,1,
7290108355536,false,"קרמה - דאודורנט ספריי לאישה קרמה ורד וניל 150 מ""ל",קרמה Crema,,"קרמה - דאודורנט ספריי לאישה קרמה ורד וניל 150 מ""ל",00000,1,00000,false,12.0000,9.9,9.9000,false,1,
7290108355666,false,"קרליין - מסכה פיור אסנס שיער צבוע 300 מ""ל",,,"קרליין - מסכה פיור אסנס שיער צבוע 300 מ""ל",00000,1,00000,false,12.0000,24.9,24.9000,true,1,
7290108356113,false,"כיף תחליב רחצה דבש 700 מ""ל-מרכז",קוסמופארם בעמ,IL,"כיף - תחליב רחצה דבש 700 מ""ל",00000,1,00000,false,0.0000,9.9,9.9000,false,1,
7290108356137,false,"כיף - תחליב רחצה לבנדר 700 מ""ל",קריות זול,IL,"כיף - תחליב רחצה לבנדר 700 מ""ל",00000,1,00000,false,0.0000,9.9,9.9000,false,1,
7290108356168,false,"כיף - תחליב רחצה אוקיינוס 700 מ""ל",גוד פוד פרודקטס S.p,IL,"כיף - תחליב רחצה אוקיינוס 700 מ""ל",00000,1,00000,false,0.0000,9.9,9.9000,false,1,
7290108356175,false,כיף אל סבון אבטיח ומנטה 1 ליטר,טרופיקל דגיל תעשיות,IL,כיף - סבון ידיים אבטיח 1 ליטר,00000,1,00000,false,12.0000,10,10.0000,false,1,
7290108356229,false,ג'ל גילוח לכל סוגי העור מועשר בפחם פעיל,טרופיקל דגיל תעשיות,TR,"קרמה - ג'ל גילוח קרבון 200 מ""ל",00000,1,00000,false,12.0000,12.9,12.9000,false,1,
7290108356274,false,"כיף - מוס רחצה בניחוח תותים ושמנת 150 מ""ל",כיף,,"כיף - מוס רחצה בניחוח תותים ושמנת 150 מ""ל",00000,1,00000,false,12.0000,9.9,9.9000,false,1,
7290108356298,false,"כיף - מוס רחצה בניחוח קרם עוגיות 150 מ""ל",כיף,,"כיף - מוס רחצה בניחוח קרם עוגיות 150 מ""ל",00000,1,00000,false,12.0000,9.9,9.9000,false,1,
7290108356519,false,קרליין שמפו 10למניעת קשקשים 700מל,קרליין Careline,IL,"קרליין - שמפו 10 לשיער רגיל 700 מ""ל",00000,1,00000,false,0.0000,10,10.0000,false,1,
7290108356526,false,"קרליין - שמפו 10 לשיער יבש 700 מ""ל",קרליין Careline,IL,"קרליין - שמפו 10 לשיער יבש 700 מ""ל",00000,1,00000,false,0.0000,10,10.0000,false,1,
7290108356564,false,"קרליין - מרכך 10 לשיער רגיל 700 מ""ל",קרליין Careline,IL,"קרליין - מרכך 10 לשיער רגיל 700 מ""ל",00000,1,00000,false,0.0000,10,10.0000,false,1,
7290108356571,false,"קרליין - מרכך 10 לשיער יבש 700 מ""ל",קרליין Careline,IL,"קרליין - מרכך 10 לשיער יבש 700 מ""ל",00000,1,00000,false,0.0000,10,10.0000,false,1,
7290108357042,false,"קרליין - נושם ביו דאודורנט רול און 75 מ""ל Citrus Blossoms לאישה",קרליין Careline,IL,"קרליין - נושם ביו דאודורנט רול און 75 מ""ל Citrus Blossoms לאישה",00000,1,00000,false,12.0000,9.9,9.9000,false,1,
7290108357059,false,"קרליין - נושם ביו דאודורנט רול און 75 מ""ל Secret Garden לאישה",קרליין Careline,IL,"קרליין - נושם ביו דאודורנט רול און 75 מ""ל Secret Garden לאישה",00000,1,00000,false,12.0000,9.9,9.9000,false,1,
7290108357073,false,"קרליין - נושם ביו דאודורנט ספריי 150 מ""ל Blossoms Citrus לאישה",קרליין Careline,IL,"קרליין - נושם ביו דאודורנט ספריי 150 מ""ל Blossoms Citrus לאישה",00000,1,00000,false,12.0000,9.9,9.9000,false,1,
7290108357080,false,"קרליין - נושם ביו דאודורנט ספריי 150 מ""ל Secret Garden לאישה",קרליין Careline,IL,"קרליין - נושם ביו דאודורנט ספריי 150 מ""ל Secret Garden לאישה",00000,1,00000,false,12.0000,9.9,9.9000,false,1,
7290108357097,false,"קרליין - נושם ביו דאודורנט ספריי 150 מ""ל Velvet Rose לאישה",קרליין Careline,,"קרליין - נושם ביו דאודורנט ספריי 150 מ""ל Velvet Rose לאישה",00000,1,00000,false,12.0000,9.9,9.9000,false,1,
7290108357110,false,"קרליין - נושם ביו דאודורנט רול און 75 מ""ל Valvet Rose לאישה",קרליין Careline,,"קרליין - נושם ביו דאודורנט רול און 75 מ""ל Valvet Rose לאישה",00000,1,00000,false,12.0000,9.9,9.9000,false,1,
7290108357233,false,סנוקליר מטליות לחות לניקוי והברקה 50יח,סנו קליר,IL,סנו - מטליות לחות לניקוי והברקה,00000,1,00000,false,24.0000,11.9,11.9000,false,1,
7290108357257,false,סנו - פרש מכשיר אוטומטי לבישום אוויר בתוספת מילוי אולטרא פרש,סנו,IL,סנו - פרש מכשיר אוטומטי לבישום אוויר בתוספת מילוי אולטרא פרש,00000,1,00000,false,6.0000,39.9,39.9000,false,1,
7290108357264,false,"פרש אוטומטי מילוי בניחוח מרכך הכביסה אולטרה 375 מ""ל סנו",סנו,IL,"סנו - פרש מילוי למטהר אוויר אולטרא פרש 250 מ""ל",00000,1,00000,false,12.0000,13.9,13.9000,false,1,
7290108357271,false,סנובון ג'ל לניקוי אסלות עם חמצן פעיל לניקוי עוצמתי,סנו,IL,"סנו - סנובון עם חמצן פעיל 750 מ""ל",00000,1,00000,false,12.0000,10,10.0000,false,1,
7290108357295,false,"סנו - אוקסיג'ן פאוור מרסס להסרת כתמים 750 מ""ל",סנו,IL,"סנו - אוקסיג'ן פאוור מרסס להסרת כתמים 750 מ""ל",00000,1,00000,false,12.0000,17.9,17.9000,false,1,
7290108357301,false,"סנו - K300 קוטל חרקים תיקנים ונמלים 300 מ""ל","סנו מפעלי ברונוס בע""",IL,"סנו - K300 קוטל חרקים תיקנים ונמלים 300 מ""ל",00000,1,00000,false,12.0000,11.9,11.9000,false,1,
7290108357417,false,"קרמה - קרם גוף קרמה ורד ווניל 500 מ""ל",טרופיקל דגיל תעשיות,IL,"קרמה - קרם גוף קרמה ורד ווניל 500 מ""ל",00000,1,00000,false,12.0000,24.9,24.9000,false,1,
7290108357714,false,"כיף שמפו לשיער יבש -רימונים ושמן ארגן 700 מ""ל",גוד פוד פרודקטס S.p,IL,"כיף - שמפו יבש רימונים ושמן ארגן 700 מ""ל",00000,1,00000,false,0.0000,9.9,9.9000,false,1,
7290108357776,false,"כיף מרכך לשיער יבש -רימונים ושמן ארגן 700 מ""ל",גוד פוד פרודקטס S.p,IL,"כיף - מרכך יבש רימונים ושמן ארגן 700 מ""ל",00000,1,00000,false,12.0000,9.9,9.9000,false,1,
7290108357875,false,"כיף - שמפו לחות מוגברת עם אפרסק וחמאת מורומורו 700 מ""ל",קוסמופארם,IL,"כיף - שמפו לחות מוגברת עם אפרסק וחמאת מורומורו 700 מ""ל",00000,1,00000,false,12.0000,9.9,9.9000,false,1,
7290108357882,false,"כיף - מרכך לחות מוגברת עם אפרסק וחמאת מורומורו 700 מ""ל",קוסמופארם,IL,"כיף - מרכך לחות מוגברת עם אפרסק וחמאת מורומורו 700 מ""ל",00000,1,00000,false,12.0000,9.9,9.9000,false,1,
7290108358094,false,"קרמה - תחליב רחצה חמאת שיאה וקוקוי 500 מ""ל",,,"קרמה - תחליב רחצה חמאת שיאה וקוקוי 500 מ""ל",00000,1,00000,false,0.0000,10,10.0000,false,1,
7290108359824,false,"כיף - בייבי כיף קרם 500 מ""ל",קוסמופארם בעמ,IL,"כיף - בייבי כיף קרם 500 מ""ל",00000,1,00000,false,0.0000,24.9,24.9000,false,1,
7290108359831,false,"כיף - בייבי כיף שמן 500 מ""ל","מיוצר ומשווק ע""י קוס",IL,"כיף - בייבי כיף שמן 500 מ""ל",00000,1,00000,false,0.0000,24.9,24.9000,false,1,
7290108359985,false,סנו - ז'אוול מרסס קצף לניקוי וחינו בניחוח פריחה לבנה 1 ליטר,סנו ז'אוול Javel,IL,סנו - ז'אוול מרסס קצף לניקוי וחינו בניחוח פריחה לבנה 1 ליטר,00000,1,00000,false,12.0000,17.9,17.9000,false,1,
7290109200606,false,מראה עם ידית לבנה,,,מראה עם ידית לבנה,00000,1,00000,false,24.0000,10,10.0000,false,1,
7290109200620,false,קופסא למברשת שיניים,,,קופסא למברשת שיניים,00000,1,00000,false,12.0000,6,6.0000,false,1,
7290109200637,false,קופסא לסבון BF0105,,,קופסא לסבון BF0105,00000,1,00000,false,12.0000,6,6.0000,false,1,
7290109200699,false,קופסת תרופות-21תאים מתפרקים,,,קופסת תרופות-21תאים מתפרקים,00000,1,00000,false,0.0000,10,10.0000,false,1,
7290109201894,false,מסרק כיס,,,מסרק כיס,00000,1,00000,false,60.0000,1.5,1.5000,false,1,
7290109202372,false,בקבוק שפריצר גדול,,,בקבוק שפריצר גדול,00000,1,00000,false,0.0000,10,10.0000,false,1,
7290109203362,false,סט בקבוקים וצנצנות,,,סט בקבוקים וצנצנות,00000,1,00000,false,12.0000,14.9,14.9000,false,1,
7290109203379,false,סט בקבוקים לטיול 3757,,,סט בקבוקים לטיול 3757,00000,1,00000,false,12.0000,10,10.0000,false,1,
7290109203522,false,"זוג בקבוקים למילוי 210 מ""ל",,,"זוג בקבוקים למילוי 210 מ""ל",00000,1,00000,false,12.0000,10.9,10.9000,false,1,
7290109204116,false,בקבוק שפריצר,,,בקבוק שפריצר,00000,1,00000,false,0.0000,8,8.0000,false,1,
7290109204772,false,כובע רחצה סליידר,,,כובע רחצה סליידר,00000,1,00000,false,0.0000,7.9,7.9000,false,1,
7290109205335,false,GOOD PHARM - משקפי קריאה 1.0,,,GOOD PHARM - משקפי קריאה 1.0,00000,1,00000,false,10.0000,10.9,10.9000,false,1,
7290109205427,false,GOOD PHARM - מטריה מתהפכת,,,GOOD PHARM - מטריה מתהפכת,00000,1,00000,false,36.0000,24.9,24.9000,false,1,
7290109207186,false,אוזניות EM6250,,,אוזניות EM6250,00000,1,00000,false,12.0000,10,10.0000,false,1,
7290109207216,false,אוזניות EM440,,,אוזניות EM440,00000,1,00000,false,24.0000,10,10.0000,false,1,
7290109207797,false,מסרק לשיער גדול,,,מסרק לשיער גדול,00000,1,00000,false,0.0000,6,6.0000,false,1,
7290109207827,false,מברשת צבע לשיער,,,מברשת צבע לשיער,00000,1,00000,false,0.0000,4.9,4.9000,false,1,
7290109920146,false,"דורגול מסיר אבנית מקומקומים 750 מ""ל",דורינג,,"דורגול מסיר אבנית מקומקומים 750 מ""ל",00000,1,00000,false,0.0000,16.9,16.9000,false,1,
7290109920153,false,"מלבין לכביסה לבנה לובן צח, 790 גרם יעקבי",יעקבי,,"מלבין לכביסה לבנה לובן צח, 790 גרם יעקבי",00000,1,00000,false,0.0000,29.9,29.9000,false,1,
7290109920313,false,"אסטוניש מרסס לניקוי חלונות 750 מ""ל",יעקבי- אסטוניש Astonish,,"אסטוניש מרסס לניקוי חלונות 750 מ""ל",00000,1,00000,false,0.0000,10.9,10.9000,false,1,
7290109920597,false,"אסטוניש - מרסס לניקוי המקלחון 750 מ""ל",יעקבי- אסטוניש Astonish,,"אסטוניש - מרסס לניקוי המקלחון 750 מ""ל",00000,1,00000,false,0.0000,10.9,10.9000,false,1,
7290109920603,false,"אסטוניש קרם לניקוי במטבח 500מ""ל",אסטוניש,GB,"אסטוניש קרם מטבח 500מ""ל",00000,1,00000,false,0.0000,10,10.0000,true,1,
7290109920627,false,"אסטוניש קרם ואקונומיקה לניקוי אמבטיות 500 מ""ל",אסטוניש,GB,"אסטוניש לחדר האמבט עם אקונומיקה 500מ""ל",00000,1,00000,false,0.0000,10,10.0000,false,1,
7290109920658,false,"אסטוניש - מרסס אנטי בקטריאלי למטבח 750 מ""ל",אסטוניש,,"אסטוניש - מרסס אנטי בקטריאלי למטבח 750 מ""ל",00000,1,00000,false,12.0000,10.9,10.9000,true,1,
7290109920849,false,"אסטוניש - מרסס לניקוי כללי בניחוח תפוז 750 מ""ל",יעקבי- אסטוניש Astonish,,"אסטוניש - מרסס לניקוי כללי בניחוח תפוז 750 מ""ל",00000,1,00000,false,0.0000,10.9,10.9000,false,1,
7290109920917,false,"הפי ג'ל אסלות עם כלור 750 מ""ל",אורו,,הפי ג'ל לאסלה עם כלור,00000,1,00000,false,0.0000,10,10.0000,true,1,
7290109921334,false,יעקבי דפי כביסה אידא,מרקה,ES,אידאל - דפי כביסה,00000,1,00000,false,0.0000,12.9,12.9000,true,1,
7290109921488,false,"דורגול לניקוי וחיטוי מכונת הכביסה 500 מ""ל",דורינג,DE,"דורגול לניקוי וחיטוי מכונת הכביסה 500 מ""ל",00000,1,00000,false,0.0000,29.9,29.9000,false,1,
7290109921570,false,יעקבי רצפות לניקוי פרקט 1.25 ליטר,וונדפוט,BE,מיוחד לרצפות פרקט 1.25 ליטר,00000,1,00000,false,0.0000,12.9,12.9000,false,1,
7290109921587,false,מיוחד לרצפות גרניט פורצלן 1.25 ליטר,וונדפוט,BE,מיוחד לרצפות גרניט פורצלן 1.25 ליטר,00000,1,00000,false,0.0000,12.9,12.9000,false,1,
7290109921853,false,אסטוניש המשחה המקורית לניקוי עם עוצמה,יעקבי- אסטוניש Astonish,GB,אסטוניש משחה מקורית עם עוצמה,00000,1,00000,false,0.0000,17.9,17.9000,false,1,
7290109922010,false,"אטאק ספריי מחטא אוויר משמיד חיידקים 500 מ""ל",,,"אטאק ספריי מחטא אוויר משמיד חיידקים 500 מ""ל",00000,1,00000,false,0.0000,12.9,12.9000,false,1,
7290109922843,false,האקונומיקה המובילה באירופה נוסחה ייחודית מרוכז 2 ל,,,האקונומיקה המובילה באירופה נוסחה ייחודית מרוכז 2 ל,00000,1,00000,false,0.0000,10,10.0000,false,1,
7290109922867,false,2 in 1 - סופרו - ג'ל כביסה מרוכז עם מרכך יעקבי,,,2 in 1 - סופרו - ג'ל כביסה מרוכז עם מרכך יעקבי,00000,1,00000,false,0.0000,21.9,21.9000,false,1,
7290109922911,false,דזיטול חיטוי נעליים מפטריות חיידקים וריחות 150מל,,,דזיטול חיטוי נעליים מפטריות חיידקים וריחות 150מל,00000,1,00000,false,12.0000,19.9,19.9000,false,1,
7290109923024,false,"אסטוניש - מרסס פרמיום ארומטיק למטבח 750 מ""ל",,,"אסטוניש - מרסס פרמיום ארומטיק למטבח 750 מ""ל",00000,1,00000,false,12.0000,14.9,14.9000,false,1,
7290109923031,false,"מרסס פרמיום ארומטיק למקלחון 750 מ""ל אסטוניש",,,"אסטוניש מרסס פרמיום ארומטיק למקלחון 750 מ""ל",00000,1,00000,false,12.0000,14.9,14.9000,false,1,
7290109923048,false,"אסטוניש - מרסס פרמיום ארומטיק לכל הבית 750 מ""ל",,,"אסטוניש - מרסס פרמיום ארומטיק לכל הבית 750 מ""ל",00000,1,00000,false,12.0000,14.9,14.9000,false,1,
7290109923079,false,דזיטול נוזל מרוכז לחיטוי כללי ולרצפות 2 ליטר,,,דזיטול נוזל מרוכז לחיטוי כללי ולרצפות 2 ליטר,00000,1,00000,false,12.0000,19.9,19.9000,false,1,
7290110211165,false,"EVEN שמן קרטין לשיער עבה, יבש צבוע ופגום 125 מ""ל",,,"EVEN שמן קרטין לשיער עבה, יבש צבוע ופגום 125 מ""ל",00000,1,00000,false,0.0000,54.9,54.9000,false,1,
7290110327804,false,חטיף חלבון GO - עוגיות 60 ג' חלב נוכרי - רבנות,"בלמונט קונפקציות בע""",US,חטיף חלבון GO בטעם בצק עוגיות 20 גרם חלבון,00000,1,00000,false,0.0000,11.9,11.9000,false,1,
7290110327811,false,חטיף חלבון GO - קוקוס 60 ג' חלב נוכרי - רבנות,"בלמונט קונפקציות בע""",US,חטיף חלבון GO בטעם קוקוס 20 גרם חלבון,00000,1,00000,false,0.0000,11.9,11.9000,false,1,
7290110465568,false,קוצץ ירקות ידני איכותי מבית FOOD APPEAL,,,קוצץ ירקות ידני איכותי מבית FOOD APPEAL,00000,1,00000,false,6.0000,59.9,59.9000,false,1,
7290110465827,false,פותחן כנפיים מקצועי ליין SIGNATURE מבית Food appeal,,,פותחן כנפיים מקצועי ליין SIGNATURE מבית Food appeal,00000,1,00000,false,0.0000,19.9,19.9000,false,1,
7290110465834,false,פותחן מלצרים מקצועי ליין SIGNATURE מבית Food appeal,,,פותחן מלצרים מקצועי ליין SIGNATURE מבית Food appeal,00000,1,00000,false,0.0000,19.9,19.9000,false,1,
7290110465933,false,תרבד מחורר עץ BOTANIC מבית food appeal,,,תרבד מחורר עץ BOTANIC מבית food appeal,00000,1,00000,false,0.0000,20,20.0000,false,1,
7290110466107,false,מלקחיים מסיליקון שחור ELEMENTAL מבית FOOD APPEAL,,,מלקחיים מסיליקון שחור ELEMENTAL מבית FOOD APPEAL,00000,1,00000,false,0.0000,19.9,19.9000,false,1,
7290110553173,false,אנרג'י - פריכיות בטעם קרמל 40 גרם,סאנורייס בלגיום,IL,אנרג'י - פריכיות בטעם קרמל 40 גרם,00000,1,00000,false,8.0000,5.9,5.9000,true,1,
7290110553180,false,אנרג'י - פריכיות בטעם תפוח קינמון 40 גרם,סאנורייס בלגיום,IL,אנרג'י - פריכיות בטעם תפוח קינמון 40 גרם,00000,1,00000,false,8.0000,5.9,5.9000,true,1,
7290110555603,false,ספלנדיד אבקה להכנת משקה בטעם שוקולטה,"ג'אלוסיס י. בע""מ",GR,שוקולוטה ספלנדיד 360 גרם,00000,1,00000,false,12.0000,19.9,19.9000,false,1,
7290110560300,false,"הפריכיות הטעימות חומוס, עדשים שחורות, קינואה ופלפל שחור",אנרג'י Energy - שטראוס,IL,פריכיות משולשות- פלפל שחור,00000,1,00000,false,0.0000,5,5.0000,false,1,
7290110560317,false,"הפריכיות הטעימות חומוס, עדשים שחורות, קינואה ומלח ים","פרח תעשיו מזון בע""מ",IL,פריכיות משולשות- מלח ים,00000,1,00000,false,0.0000,5,5.0000,false,1,
7290110560324,false,"הפריכיות הטעימות תפו""א, אורז, אפונה ומלח ים","פרח תעשיו מזון בע""מ",IL,פריכיות משולשות- אפונה ירוקה,00000,1,00000,false,0.0000,5,5.0000,false,1,
7290110568627,false,עלית - פסק זמן רול שוקולד חלב עם קרם אגוזים 26 גרם,STRAUSS-ISRAEL,,עלית - פסק זמן רול שוקולד חלב עם קרם אגוזים 26 גרם,00000,1,00000,false,48.0000,3.9,3.9000,false,1,
7290110568924,false,עלית - פסק זמן רול שוקולד חלב עם קרם חלב וקוקוס 26 גרם,STRAUSS-ISRAEL,,עלית - פסק זמן רול שוקולד חלב עם קרם חלב וקוקוס 26 גרם,00000,1,00000,false,48.0000,3.9,3.9000,false,1,
7290110571399,false,עלית - צנצנת מאסט בטעם גלידה תות,STRAUSS-ISRAEL,,עלית - צנצנת מאסט בטעם גלידה תות,00000,1,00000,false,12.0000,10,10.0000,true,1,
7290110572129,false,כיף כף מקלות שוקולד לבן 40 ג' עלית,עלית,,כיף כף - מקלות שוקולד לבן 40 גרם,00000,1,00000,false,8.0000,4.9,4.9000,true,1,
7290110572969,false,כיף כף פצפצים עקרם לבן 40ג' עלית,שולן צ'יקולטה גידה ס,TR,כיף כף - פצפצים קרם לבן 40 גרם,00000,1,00000,false,12.0000,4.9,4.9000,true,1,
7290110572976,false,כיף כף פצפצים בגביע במילוי קרם בטעם שוקולד לבן,שולן צ'יקולטה גידה ס,TR,כיף כף - פצפצים קרם לבן 135 גרם,00000,1,00000,false,24.0000,10,10.0000,false,1,
7290110576752,false,טבלאות שוקולד ספלנדיד מריר 70% 100 ג' עלית,קימ'ס גריפלנן,BE,ספלנדיד מריר 70% 100 גרם,00000,1,00000,false,12.0000,10,10.0000,false,1,
7290110731960,false,ליינקס תרסיס מדוד לאף,,,ליינקס תרסיס מדוד לאף,00000,1,00000,false,0.0000,29.9,29.9000,false,1,
7290110800758,false,ספא פארמה שטיפה אינטימית 250מל,,,ספא פארמה שטיפה אינטימית 250מל,00000,1,00000,false,0.0000,10,10.0000,false,1,
7290110804206,false,אוליב סרום לשיער 60מ'ל,,,אוליב סרום לשיער 60מ'ל,00000,1,00000,false,0.0000,24.9,24.9000,false,1,
7290110805241,false,ספא פארמה סרום עיניים נגד קמטים 30מ'ל לכל,,,ספא פארמה סרום עיניים נגד קמטים 30מ'ל לכל,00000,1,00000,false,12.0000,24.9,24.9000,true,1,
7290110805258,false,ספא פארמה סרום לחות לעור יבש 30מ'ל,,,ספא פארמה סרום לחות לעור יבש 30מ'ל,00000,1,00000,false,12.0000,24.9,24.9000,true,1,
7290110805265,false,ספא פארמה סרום ויטמין 30 Cמ'ל לכל סוגי הע,,,ספא פארמה סרום ויטמין 30 Cמ'ל לכל סוגי הע,00000,1,00000,false,12.0000,24.9,24.9000,true,1,
7290110806859,false,ספא פארמה מסיכת בד אנטי אייג'ינג,,,ספא פארמה מסיכת בד אנטי אייג'ינג,00000,1,00000,false,0.0000,10,10.0000,false,1,
7290110806873,false,ספא פארמה מסיכת בד מבהירה עם ויטמין C,,,ספא פארמה מסיכת בד מבהירה עם ויטמין C,00000,1,00000,false,0.0000,10,10.0000,false,1,
7290110807122,false,"מדיסקין ג'ל סיכה 100 מ""ל",,,"מדיסקין ג'ל סיכה 100 מ""ל",00000,1,00000,false,24.0000,10,10.0000,false,1,
7290110809034,false,"GOOD PHARM - קרם הגנה 50SPF לפנים 50 מ""ל",,,"GOOD PHARM - קרם הגנה 50SPF לפנים 50 מ""ל",00000,1,00000,false,35.0000,10,10.0000,false,1,
7290111094132,false,טיפול נקודתי ללילה נערות DR OR YOUNG,"ד""ר עור DOCTOR OR",,טיפול נקודתי ללילה נערות DR OR YOUNG,00000,1,00000,false,0.0000,39.9,39.9000,false,1,
7290111094422,false,YOUNG קצף לניקוי הפנים לעור מעורב עד שמן,"ד""ר עור DOCTOR OR",,קצף לניקוי הפנים נערות DR OR YOUNG,00000,1,00000,false,0.0000,49.9,49.9000,false,1,
7290111094538,false,"סרום חומצה היאלורונית 30 מ""ל FILLER OR","ד""ר עור DOCTOR OR",,"סרום חומצה היאלורונית 30 מ""ל FILLER OR",00000,1,00000,false,0.0000,199.9,199.9000,false,1,
7290111094613,false,מגבונים לניקוי משקפיים 10 יח' I-CARE,,,"I-CARE מגבון לניקוי משקפיים, 24 יח'",00000,1,00000,false,24.0000,8.9,8.9000,false,1,
7290111095122,false,YOUNG טיפול יום נקודתי ג'ל בגוון שקוף,"ד""ר עור DOCTOR OR",,טיפול נקודתי ליום נערות DR OR YOUNG,00000,1,00000,false,0.0000,39.9,39.9000,false,1,
7290111095412,false,YOUNG סבון פחם פילינג לניקוי פנים לעור מעורב עד שמן,"ד""ר עור DOCTOR OR",,סבון פחם פילינג נערות DR OR YOUNG,00000,1,00000,false,0.0000,49.9,49.9000,false,1,
7290111096112,false,YOUNG קרם לחות מאזן לעור מעורב עד שמן,"ד""ר עור DOCTOR OR",,קרם לחות מאזן DR OR YOUNG,00000,1,00000,false,0.0000,59.9,59.9000,false,1,
7290111097720,false,"ד""ר עור - BB YOUNG קרם לחות עם גוון עדין 30 מ""ל",,,"ד""ר עור - BB YOUNG קרם לחות עם גוון עדין 30 מ""ל",00000,1,00000,false,0.0000,89.9,89.9000,false,1,
7290111098208,false,קרם יום אנטי אייג'ינג SUPREME OR +55,"ד""ר עור DOCTOR OR",,קרם יום אנטי אייג'ינג DR OR +55,00000,1,00000,false,0.0000,179.9,179.9000,false,1,
7290111170263,false,מסיר שיער גברים-FJ-MANGROOM1,,,מסיר שיער גברים-FJ-MANGROOM1,00000,1,00000,false,0.0000,79.9,79.9000,false,1,
7290111170911,false,מייבש שיער פוג'יקום 2000W,,,מייבש שיער פוג'יקום 2000W,00000,1,00000,false,0.0000,99.9,99.9000,false,1,
7290111283321,false,קופסת אוכל מחולקת כוח פי ג'יי,,,קופסת אוכל מחולקת כוח פי ג'יי,00000,1,00000,false,12.0000,19.9,19.9000,false,1,
7290111340178,false,מטליות לחות ניקול לניקוי כללי בניחוח מרכך כביסה 50 יח',ניקול,,ניקול - מטליות בניחוח מרכך 50 יח',00000,1,00000,false,0.0000,10,10.0000,false,1,
7290111342073,false,מטליות מקרופייבר למשטחים אנטיבקטריאלי ניקול,סנו,CN,ניקול - מטליות מיקרופייבר למשטחים אנטיבקטר,00000,1,00000,false,0.0000,11.9,11.9000,false,1,
7290111344503,false,חיתולי האגיס אקסטרה קייר מידה +4 36 יח',חוגלה קימברלי,IL,האגיס - אקסטרה קייר מידה +4 36 יח',00000,1,00000,false,0.0000,49.9,49.9000,false,1,
7290111344619,false,"ניקול מטליות לחות לניקוי סביבת התינוק צעצועים, 50 יחידות",,,"ניקול מטליות לחות לניקוי סביבת התינוק צעצועים, 50 יחידות",00000,1,00000,false,0.0000,12.9,12.9000,false,1,
7290111344831,false,קוטקס - מגיני יום אקסטרא פרוטקט נורמל ביג 60 יח',חוגלה קימברלי,CN,קוטקס - מגיני יום אקסטרא פרוטקט נורמל ביג 60 יח',00000,1,00000,false,12.0000,16.9,16.9000,false,1,
7290111352966,false,יוגטה סוכריות ממולאות בטעם פירות 250 גרם ללא ג'לטין,סאדאט,TR,יוגטה סוכריות ממולאות בטעם פירות 250 גרם ללא ג'לטין,00000,1,00000,false,30.0000,7.9,7.9000,true,1,
7290111352973,false,יוגוטה קוביות חמוצות ממולאות בטעם פירות,יוגטה yogueta,TR,יוגטה קוביות חמוצות 220 גרם ללא ג'לטין,00000,1,00000,false,30.0000,7.9,7.9000,true,1,
7290111564277,false,פריכיות דקות ונימוחות 3 דגנים פיטנס Fitness,פרח תעשיות,IL,פיטנס - פריכיות דקות 3 דגנים 120 גרם,00000,1,00000,false,12.0000,10,10.0000,false,1,
7290111564291,false,פריכיות דקות ונימוחות 3 דגנים וקינואה פיטנס Fitness,פרח תעשיות,IL,פיטנס - פריכיות דקות וקינואה 120 גרם,00000,1,00000,false,12.0000,10,10.0000,false,1,
7290111870897,false,מרשמלו מסולסל ארוך בשקית 18 גר'-LOL,,,מרשמלו מסולסל ארוך בשקית 18 גר'-LOL,00000,1,00000,false,0.0000,19.9,19.9000,false,1,
7290111870934,false,מרשמלו מסולסל ארוך 18 גר'-מפרץ הרפתקאות,,,מרשמלו מסולסל ארוך 18 גר'-מפרץ הרפתקאות,00000,1,00000,false,0.0000,19.9,19.9000,false,1,
7290111931321,false,"קולגייט מיניונים משחת שיניים ילדים 6+ 50 מ""ל",קולגייט Colgate,,קולגייט משחת ילדים 6+ מיניונים 50 מל חדש,00000,1,00000,false,0.0000,11.9,11.9000,false,1,
7290111932380,false,"מרידול משחת שיניים מארז 75X2מ""ל כשל""פ",,,"מרידול משחת שיניים 75 מ""ל מארז זוג",00000,1,00000,false,24.0000,29.9,29.9000,false,1,
7290111932700,false,מסכה לפנים רימונים ב,,,בלונס מסיכת רימונים,00000,1,00000,false,12.0000,10,10.0000,false,1,
7290111932717,false,בלונס מסיכת אשכוליות,,,בלונס מסיכת אשכוליות,00000,1,00000,false,12.0000,10,10.0000,false,1,
7290111932724,false,בלונס מסיכת פטל שחור,,,בלונס מסיכת פטל שחור,00000,1,00000,false,12.0000,10,10.0000,false,1,
7290111932755,false,"בלונס - קרם ג'ל לחות לפנים 50 מ""ל",,,"בלונס - קרם ג'ל לחות לפנים 50 מ""ל",00000,1,00000,false,12.0000,29.9,29.9000,true,1,
7290111932762,false,בלונס - ספוג סבון ונילה,,,בלונס - ספוג סבון ונילה,00000,1,00000,false,12.0000,19.9,19.9000,false,1,
7290111934018,false,"בלונס - קרם עיניים קלוגן 30 מ""ל",,,"בלונס - קרם עיניים קלוגן 30 מ""ל",00000,1,00000,false,12.0000,19.9,19.9000,false,1,
7290111937644,false,פצצת אמבט קוקוס לכל סוגי העור,בלונס Balloons,,בלונס פצצת אמבט קוקוס 100 גרם,00000,1,00000,false,0.0000,10,10.0000,false,1,
7290111937651,false,פצצת אמבט מנגו לכל סוגי העור,בלונס Balloons,,בלונס פצצת אמבט מנגו 100 גרם,00000,1,00000,false,30.0000,10,10.0000,false,1,
7290111937668,false,פצצת אמבט תפוח לכל סוגי העור,בלונס Balloons,,בלונס פצצת אמבט תפוח 100 גרם,00000,1,00000,false,30.0000,10,10.0000,false,1,
7290111939174,false,קוקי כיסוי ניילון עם גומי מידה L,קוקי,,קוקי כיסוי ניילון עם גומי מידה L,00000,1,00000,false,0.0000,9.9,9.9000,false,1,
7290112000408,false,מנקה ומחטא עוצמתי לניקוי כללי בניחוח לימון,רקיט בנקיזר,PL,"דטול - תרסיס לניקוי כללי 750 מ""ל",00000,1,00000,false,0.0000,11.9,11.9000,false,1,
7290112000712,false,קרם להסרת שיער לגבר לשימוש במקלחת,ויט Veet,,veet-ויט לגבר קרם למקלחת 150,00000,1,00000,false,5.0000,29.9,29.9000,false,1,
7290112000729,false,"veet ויט לגבר קרם 200 מ""ל",,,"veet ויט לגבר קרם 200 מ""ל",00000,1,00000,false,6.0000,39.9,39.9000,false,1,
7290112000842,false,דטול מגבונים לניקוי כללי בניחות לימון 60 יח',דטול Dettol,,דטול - מגבונים לניקוי כללי 60 יח,00000,1,00000,false,0.0000,10,10.0000,false,1,
7290112001221,false,מנקה מכונת כביסה בניחוח נקי ורענן,קולון Colon,,קולון מנקה מכונה רגיל,00000,1,00000,false,12.0000,14.9,14.9000,false,1,
7290112001238,false,מנקה מכונת כביסה בניחוח לימון,קולון Colon,,קולון מנקה מכונה לימון,00000,1,00000,false,0.0000,14.9,14.9000,false,1,
7290112002099,false,ג'ל כביסה מרוכז קולון 101 קלאסי,רקיט בנקיזר,IL,קולון גל 2.5 ל רגיל כחול,00000,1,00000,false,0.0000,21.9,21.9000,false,1,
7290112002105,false,ג'ל כביסה מרוכז קולון 101 בניחוח לילך,זוהר דליה,IL,קולון ג'ל 2.5 ל' כביסה מרוכז סגול,00000,1,00000,false,0.0000,21.9,21.9000,false,1,
7290112003140,false,"אירוויק ספרי אוטמטי מילוי מנגו מרענן 250 מ""ל",,,איירוויק פרשמטיק מילוי פיור מנגו,00000,1,00000,false,12.0000,13.9,13.9000,false,1,
7290112003478,false,"איירוויק ספריי נטול גז אננס ורוזמרין 236 מ""ל",,,"איירוויק ספריי נטול גז אננס ורוזמרין 236 מ""ל",00000,1,00000,false,0.0000,14.9,14.9000,true,1,
7290112003508,false,"איירוויק ספריי נטול גז יער ועשבי בר 236 מ""ל",,,"איירוויק ספריי נטול גז יער ועשבי בר 236 מ""ל",00000,1,00000,false,8.0000,14.9,14.9000,true,1,
7290112003515,false,איירוויק ספריי בוטינקה בניחוח ורדים וגרניום 236 מל,,,איירוויק ספריי בוטינקה בניחוח ורדים וגרניום 236 מל,00000,1,00000,false,8.0000,14.9,14.9000,true,1,
7290112003553,false,איירוויק נר ריחני יער ועשבי בר 205 גר',,,איירוויק נר ריחני יער ועשבי בר 205 גר',00000,1,00000,false,0.0000,29.9,29.9000,false,1,
7290112003737,false,DUREX ORIGINAL FEEL 250ML,דורקס Durex,,DUREX ORIGINAL FEEL 250ML,00000,1,00000,false,0.0000,89.9,89.9000,false,1,
7290112003959,false,וניש מסיר כתמים אבקה לכביסה צבעונית 470 גרם,רקיט בנקיזר,IT,וניש מסיר כתמים אבקה לכביסה צבעונית 470 גרם,00000,1,00000,false,12.0000,12.9,12.9000,false,1,
7290112003966,false,וניש מסיר כתמים אבקה לכביסה לבנה 470 גרם,רקיט בנקיזר,IT,וניש מסיר כתמים אבקה לכביסה לבנה 470 גרם,00000,1,00000,false,12.0000,12.9,12.9000,false,1,
7290112004208,false,טבליות למדיח בניחוח לימון 50 יח' פיניש,,,פיניש 50 טבליות AIO MAX לימון,00000,1,00000,false,10.0000,34.9,34.9000,false,1,
7290112004253,false,"קרם בספריי להסרת שיער לעור רגיש 150 מ""ל ויט",,,"ויט קרם בספריי שפריץ לעור רגיש 150 מ""ל",00000,1,00000,false,0.0000,39.9,39.9000,false,1,
7290112004413,false,"אבקה מסיר כתמים לכביסה לבנה 750 מ""ל וניש",רקיט בנקיזר,PL,"קליה - מרסס לבן 750 מ""ל",00000,1,00000,false,12.0000,12.9,12.9000,false,1,
7290112004710,false,"ג'ל וניש שקוף לכביסה לבנה ועדינה 750 מ""ל",,,וניש ג'ליסימו לבן 750 מל,00000,1,00000,false,12.0000,19.9,19.9000,false,1,
7290112004772,false,"מילוי למכשיר חשמל ניחוח כביסה, 19 מ""ל",,,"מילוי למכשיר חשמל ניחוח כביסה, 19 מ""ל",00000,1,00000,false,0.0000,14.9,14.9000,false,1,
7290112004963,false,"פיניש אולטימייט קפסולות לניקוי כלים במדיח, 25 יחידות",רקיט בנקיזר,PL,"פיניש אולטימייט קפסולות לניקוי כלים במדיח, 25 יחידות",00000,1,00000,false,8.0000,39.9,39.9000,false,1,
7290112004994,false,איירוויק מילוי אוטומטי יסמין מבשם אויר אטומטי,,,איירוויק מילוי אוטומטי יסמין מבשם אויר אטומטי,00000,1,00000,false,0.0000,13.9,13.9000,false,1,
7290112005045,false,וניש תוסף כביסה רב תכליתי לבגדים לבנים,קליה וניש Kalia Vanish,IT,וניש מסיר כתמים אבקה לכביסה לבנה 480 גרם,00000,1,00000,false,12.0000,12.9,12.9000,false,1,
7290112005076,false,וניש תוסף כביסה רב תכליתי לכביסה צבעונית,קליה וניש Kalia Vanish,IT,וניש אבקה לכביסה צבעונית 480 גרם,00000,1,00000,false,12.0000,12.9,12.9000,false,1,
7290112192981,false,"סטייל - קרם לחות לשיער גלי 400 מ""ל",,,"סטייל - קרם לחות לשיער גלי 400 מ""ל",00000,1,00000,false,12.0000,34.9,34.9000,false,1,
7290112193308,false,"סטייל - מתולתלות גלייז מעצב ומאיץ ברק לשיער 400 מ""ל",,,"סטייל - מתולתלות גלייז מעצב ומאיץ ברק לשיער 400 מ""ל",00000,1,00000,false,12.0000,39.9,39.9000,false,1,
7290112193339,false,"סטייל - ספריי מתותלות 150 מ""ל",,,"סטייל - ספריי מתותלות 150 מ""ל",00000,1,00000,false,12.0000,34.9,34.9000,false,1,
7290112195395,false,GOOD PHARM - שלישייה אל סבון נוזלי לידיים אוקיינוס,,,GOOD PHARM - שלישייה אל סבון נוזלי לידיים אוקיינוס,00000,1,00000,false,8.0000,10,10.0000,false,1,
7290112195401,false,GOOD PHARM - שלישייה אל סבון נוזלי לידיים לבנדר,,,GOOD PHARM - שלישייה אל סבון נוזלי לידיים לבנדר,00000,1,00000,false,8.0000,10,10.0000,false,1,
7290112195418,false,GOOD PHARM - שלישייה אל סבון נוזלי לידיים וניל,,,GOOD PHARM - שלישייה אל סבון נוזלי לידיים וניל,00000,1,00000,false,8.0000,10,10.0000,false,1,
7290112197054,false,בארון - כדורי אנרגיה עם תמרים קשיו חמוציות ואסאי 100 גרם,,,בארון - כדורי אנרגיה עם תמרים קשיו חמוציות ואסאי 100 גרם,00000,1,00000,false,12.0000,19.9,19.9000,true,1,
7290112332585,false,"פריכיות תפו""א, אורז בתיבול סלק ומלח חי 30 גר'","פרח תעשיו מזון בע""מ",IL,פריכיות משולשות-סלק,00000,1,00000,false,0.0000,5,5.0000,false,1,
7290112336644,false,סוכריות מאסט ללא סוכר לימון 80 ג' עלית,MIESZKO S.A - MS. JO,PL,כשלפ סוכריות MUST לימון,00000,1,00000,false,0.0000,10,10.0000,false,1,
7290112346537,false,עוגיות פינוקיות בטעם טורטית 200 ג' עלית,הגביע מוצרי ופלים בע,IL,פינוקיות בטעם טורטית,00000,1,00000,false,0.0000,10,10.0000,false,1,
7290112348616,false,עלית - קפה נמס אגוזי לוז 100 גרם,עלית,,עלית - קפה נמס אגוזי לוז 100 גרם,00000,1,00000,false,8.0000,14.9,14.9000,true,1,
7290112351128,false,שוקולד פרה סוכריות קופצות 100 ג' עלית,"שטראוס גרופ בע""מ",IL,שוקולד פרה סוכריות קופצות רבנות,00000,1,00000,false,0.0000,6,6.0000,false,1,
7290112358004,false,חטיף שוקולד פסק זמן,שולן צ'יקולטה גידה ס,TR,פסק זמן קראנץ' 32 גר,00000,1,00000,false,0.0000,4.9,4.9000,false,1,
7290112358561,false,קפה נמס פלטינום קלאסי 47 ג' עלית,Unknown,,"קפה פלטינום קלאסיק עלית, 47 גרם",00000,1,00000,false,12.0000,7.9,7.9000,false,1,
7290112359384,false,עלית - קפה נמס אלפחורס ריבת חלב 100 גרם,שטראוס,IL,עלית - קפה נמס אלפחורס ריבת חלב 100 גרם,00000,1,00000,false,8.0000,14.9,14.9000,true,1,
7290112490230,false,נמס בכוס אפונה רכיבים טבעיים 50 ג' קנור,יוניליוור,,קנור - נמס בכוס אפונה זוג ר.טבעי 50 גרם,00000,1,00000,false,12.0000,6.9,6.9000,false,1,
7290112492579,false,"פינוק - מרכך שמן קוקוס 700 מ""ל",יוניליוור,IL,"פינוק - מרכך שמן קוקוס 700 מ""ל",00000,1,00000,false,12.0000,10,10.0000,false,1,
7290112492593,false,"פינוק - תחליב רחצה ניחוח פינוק 700 מ""ל",יוניליוור,IL,"פינוק - תחליב רחצה ניחוח פינוק 700 מ""ל",00000,1,00000,false,12.0000,10,10.0000,false,1,
7290112492609,false,"פינוק - תחליב רחצה לבנדר וניל 700 מ""ל",יוניליוור,IL,"פינוק - תחליב רחצה לבנדר וניל 700 מ""ל",00000,1,00000,false,12.0000,10,10.0000,false,1,
7290112492678,false,"פינוק - שפורפרת שמפו קלאסי 100 מ""ל",יוניליוור ישראל טיפו,IL,"פינוק - שפורפרת שמפו קלאסי 100 מ""ל",00000,1,00000,false,12.0000,5,5.0000,false,1,
7290112492722,false,"2ב-1 שמפו ומרכך פינוק אל דמע לסירוק קל לילדים 700 מ""ל",יוניליוור,IL,"פינוק - לילדים שמפו ומרכך 2 ב-1 לסירוק קל 700 מ""ל",00000,1,00000,false,12.0000,12.9,12.9000,false,1,
7290112492746,false,"פינוק מרכך ללא דמעות לסירוק קל לילדים 700 מ""ל",יוניליוור,IL,"פינוק - לילדים מרכך לסירוק קל 700 מ""ל",00000,1,00000,false,12.0000,12.9,12.9000,false,1,
7290112492753,false,"פינוק לילדים אל סבון לרחצה 700 מ""ל",יוניליוור,IL,"פינוק - לילדים אל סבון 700 מ""ל",00000,1,00000,false,12.0000,12.9,12.9000,false,1,
7290112493293,false,קנור - נמס ירקות וקרוטונים ר.טבעי 44 גרם,יוניליוור,IL,קנור - נמס ירקות וקרוטונים ר.טבעי 44 גרם,00000,1,00000,false,12.0000,6.9,6.9000,false,1,
7290112494825,false,תרחיץ פנים לעור רגיש מכיל 25% קרם לחות,דאב Dove,IL,"דאב - תרחיץ פנים לעור רגיש 180 מ""ל",00000,1,00000,false,12.0000,11.9,11.9000,false,1,
7290112497505,false,"תחליב גוף אלוורה וזלין 600 מ""ל",וזלין Vaseline,US,ואזלין אלוורה ת.גוף600מל,00000,1,00000,false,4.0000,19.9,19.9000,false,1,
7290112497710,false,"פינוק - שמפו אל דמע בייבי 700 מ""ל",יוניליוור,IL,"פינוק - שמפו אל דמע בייבי 700 מ""ל",00000,1,00000,false,12.0000,14.9,14.9000,false,1,
7290112497727,false,"פינוק - אל סבון בייבי 700 מ""ל",אתר ליוור,,"פינוק - אל סבון בייבי 700 מ""ל",00000,1,00000,false,12.0000,14.9,14.9000,false,1,
7290112499493,false,"רקסונה - דאודורנט ספריי לאישה אלוורה 150 מ""ל",יוניליוור,IL,"רקסונה - דאודורנט ספריי לאישה אלוורה 150 מ""ל",00000,1,00000,false,12.0000,10,10.0000,false,1,
7290112707246,false,שלישיית ביצי שוקולד(חלב נוכרי)-כוח פי גיי,,,שלישיית ביצי שוקולד(חלב נוכרי)-כוח פי גיי,00000,1,00000,false,0.0000,12.9,12.9000,false,1,
7290112963918,false,חטיפי קרקר דק רוזמרין 140 ג' פיטנס,נסטלה Nestle,IL,פיטנס - קרקר דק רוזמרין 140 גרם,00000,1,00000,false,12.0000,10,10.0000,false,1,
7290112965660,false,פיטנס - חטיף מולטיגריין מלח פלפל 25 גרם,מיוצר עי קונדיטוריית,IL,פיטנס - חטיף מולטיגריין מלח פלפל 25 גרם,00000,1,00000,false,24.0000,5,5.0000,false,1,
7290112965684,false,פיטנס - חטיף מולטיגריין עשבי תיבול 25 גרם,מיוצר עי קונדיטוריית,IL,פיטנס - חטיף מולטיגריין עשבי תיבול 25 גרם,00000,1,00000,false,24.0000,5,5.0000,false,1,
7290112965707,false,פיטנס - חטיף מולטיגריין צילי מעודן 25 גרם,"אסם השקעות בע""מ",IL,פיטנס - חטיף מולטיגריין צילי מעודן 25 גרם,00000,1,00000,false,24.0000,5,5.0000,false,1,
7290112968807,false,פיטנס - קרקר דק סלק 140 גרם,מפעל אסם יקנעם,IL,פיטנס - קרקר דק סלק 140 גרם,00000,1,00000,false,12.0000,10,10.0000,false,1,
7290113560062,false,"סנסודיין - משחת שיניים להלבנה עדינה משאבה 100 מ""ל",סנסודיין Sensodyne,,"סנסודיין - משחת שיניים להלבנה עדינה משאבה 100 מ""ל",00000,1,00000,false,12.0000,24.9,24.9000,true,1,
7290113594579,false,שלישיית ביצי שוקולד(חלב נוכרי)-מפרץ הרפתקאות,Unknown,,שלישיית ביצי שוקולד(חלב נוכרי)-מפרץ הרפתקאות,00000,1,00000,false,0.0000,12.9,12.9000,false,1,
7290114142458,false,ספא פארמה שטיפה אינטימית אלוורה 250מל,,,ספא פארמה שטיפה אינטימית אלוורה 250מל,00000,1,00000,false,0.0000,10,10.0000,false,1,
7290114142465,false,ספא פארמה שטיפה אינטימית חמוציות להריון 50,,,ספא פארמה שטיפה אינטימית חמוציות להריון 50,00000,1,00000,false,0.0000,10,10.0000,false,1,
7290114145848,false,אוליב - מרכך לשיער יבש ופגום מועשר בשמן זית,אוליב Olive,,"אוליב - מרכך שמן זית 800 מ""ל",00000,1,00000,false,0.0000,17.9,17.9000,false,1,
7290114146289,false,"אוליב - תחליב רחצה שמן זית 800 מ""ל",,,"אוליב - תחליב רחצה שמן זית 800 מ""ל",00000,1,00000,false,0.0000,19.9,19.9000,false,1,
7290114147569,false,אוליב ק.גוף שמן זית 500מ'ל,,,אוליב ק.גוף שמן זית 500מ'ל,00000,1,00000,false,0.0000,17.9,17.9000,false,1,
7290114400770,false,GOOD PHARM - משקפי קריאה 1.25,,,GOOD PHARM - משקפי קריאה 1.25,00000,1,00000,false,10.0000,10.9,10.9000,false,1,
7290114400787,false,GOOD PHARM - משקפי קריאה 1.5,,,GOOD PHARM - משקפי קריאה 1.5,00000,1,00000,false,10.0000,10.9,10.9000,false,1,
7290114400794,false,GOOD PHARM - משקפי קריאה 1.75,,,GOOD PHARM - משקפי קריאה 1.75,00000,1,00000,false,10.0000,10.9,10.9000,false,1,
7290114400800,false,GOOD PHARM - משקפי קריאה 2+,,,GOOD PHARM - משקפי קריאה 2+,00000,1,00000,false,10.0000,10.9,10.9000,false,1,
7290114400817,false,GOOD PHARM - משקפי קריאה 2.25 +,,,GOOD PHARM - משקפי קריאה 2.25 +,00000,1,00000,false,10.0000,10.9,10.9000,false,1,
7290114400824,false,GOOD PHARM - משקפי קריאה 2.5+,,,GOOD PHARM - משקפי קריאה 2.5+,00000,1,00000,false,10.0000,10.9,10.9000,false,1,
7290114400831,false,GOOD PHARM - משקפי קריאה 2.75+,,,GOOD PHARM - משקפי קריאה 2.75+,00000,1,00000,false,10.0000,10.9,10.9000,false,1,
7290114400848,false,GOOD PHARM - משקפי קריאה 3.0,,,GOOD PHARM - משקפי קריאה 3.0,00000,1,00000,false,10.0000,10.9,10.9000,false,1,
7290114400855,false,GOOD PHARM - משקפי קריאה 3.5+,,,GOOD PHARM - משקפי קריאה 3.5+,00000,1,00000,false,10.0000,10.9,10.9000,false,1,
7290114400862,false,GOOD PHARM - משקפי קריאה 4+,,,GOOD PHARM - משקפי קריאה 4+,00000,1,00000,false,10.0000,10.9,10.9000,false,1,
7290114401197,false,כבל MICRO,,,כבל MICRO,00000,1,00000,false,0.0000,10,10.0000,false,1,
7290114401203,false,כבל IPH,,,כבל IPH,00000,1,00000,false,0.0000,10,10.0000,false,1,
7290114401210,false,כבל TYPE-C,,,כבל TYPE-C,00000,1,00000,false,0.0000,10,10.0000,false,1,
7290114401630,false,"מראה דו צדדית מתקפלת קוטר ""9",,,"מראה דו צדדית מתקפלת קוטר ""9",00000,1,00000,false,24.0000,10.9,10.9000,false,1,
7290114401647,false,"מראה דו צדדית מתקפלת קוטר ""15",,,"מראה דו צדדית מתקפלת קוטר ""15",00000,1,00000,false,12.0000,16.9,16.9000,false,1,
7290114402675,false,ספוגית לפילינג וניקוי,,,ספוגית לפילינג וניקוי,00000,1,00000,false,0.0000,10,10.0000,false,1,
7290114402682,false,ספוגית לניקוי פנים,,,ספוגית לניקוי פנים,00000,1,00000,false,0.0000,10,10.0000,false,1,
7290114402699,false,ספוגית איפור ומריחה,,,ספוגית איפור ומריחה,00000,1,00000,false,0.0000,10,10.0000,false,1,
7290114402859,false,GOOD PHARM - מטרייה שחורה 8 צלעות,,,GOOD PHARM - מטרייה שחורה 8 צלעות,00000,1,00000,false,48.0000,10,10.0000,false,1,
7290114404259,false,מסרק בצבעי מטאל לתלתלים ופתיחת קשרים,,,מסרק בצבעי מטאל לתלתלים ופתיחת קשרים,00000,1,00000,false,36.0000,10.9,10.9000,false,1,
7290114404679,false,מסרק קילשון פינים ממתכת,,,מסרק קילשון פינים ממתכת,00000,1,00000,false,24.0000,10.9,10.9000,false,1,
7290114405447,false,"בקבוק מים חמים 750 מ""ל לילדים",,,"בקבוק מים חמים 750 מ""ל לילדים",00000,1,00000,false,1.0000,29.9,29.9000,false,1,
7290114605359,false,"פירסט סמייל רפידות הנקה לארג`, 50 יחידות",,,"פירסט סמייל רפידות הנקה לארג`, 50 יחידות",00000,1,00000,false,12.0000,23.9,23.9000,false,1,
7290114607315,false,"מקס וויט מארז זוג 125 מ""ל",קולגייט פלמוליב,PL,"מקס וויט מארז זוג 125 מ""ל",00000,1,00000,false,24.0000,26.9,26.9000,false,1,
7290114659529,false,מיני פופ סוכריה על מקל(5 יח) 40 גר' - LOL,Unknown,,מיני פופ סוכריה על מקל(5 יח) 40 גר' - LOL,00000,1,00000,false,0.0000,10,10.0000,false,1,
7290114720670,false,פוג'יקום מחליק שיער FUJICOM דגם HS700FJ,,,פוג'יקום מחליק שיער FUJICOM דגם HS700FJ,00000,1,00000,false,0.0000,149.9,149.9000,false,1,
7290114720724,false,מארז זוגי של ראשי מברשת אוניברסליים פוג'יקום,,,מארז זוגי של ראשי מברשת אוניברסליים פוג'יקום,00000,1,00000,false,12.0000,24.9,24.9000,false,1,
7290114720861,false,טרימר לאף ולאזניים פוג'יקום,,,טרימר לאף ולאזניים פוג'יקום,00000,1,00000,false,0.0000,49.9,49.9000,false,1,
7290114721301,false,זוג ראשי מברשות תואם אורל בי Sensitive,,,זוג ראשי מברשות תואם אורל בי Sensitive,00000,1,00000,false,0.0000,24.9,24.9000,false,1,
7290114721318,false,מסכת בד חומצה הילרואנית HYALURONIZER,,,מסכת בד חומצה הילרואנית HYALURONIZER,00000,1,00000,false,30.0000,19.9,19.9000,false,1,
7290114721325,false,פוג'יקום - מברשת פן חשמלית,Unknown,,פוג'יקום - מברשת פן חשמלית,00000,1,00000,false,0.0000,249.9,249.9000,false,1,
7290114721400,false,זוג ראשי פחם Soft תואם אורל בי,,,זוג ראשי פחם Soft תואם אורל בי,00000,1,00000,false,0.0000,24.9,24.9000,false,1,
7290114721561,false,ערכת ציחצוח לילדים דינוזאור פוג'יקום,,,ערכת ציחצוח לילדים דינוזאור פוג'יקום,00000,1,00000,false,12.0000,59.9,59.9000,false,1,
7290114721578,false,ערכת ציחצוח לילדים חד קרן פוג'יקום,,,ערכת ציחצוח לילדים חד קרן פוג'יקום,00000,1,00000,false,12.0000,59.9,59.9000,false,1,
7290114721608,false,מברשת שיניים חשמלית פוג'יקום חד קרן,,,מברשת שיניים חשמלית פוג'יקום חד קרן,00000,1,00000,false,0.0000,29.9,29.9000,false,1,
7290114721615,false,פוג'יקום מברשת שיניים חשמלית 4 מצבים סנסטיב,,,פוג'יקום מברשת שיניים חשמלית 4 מצבים סנסטיב,00000,1,00000,false,1.0000,99.9,99.9000,false,1,
7290114721882,false,פוג'יקום אקדח עיסוי,,,פוג'יקום אקדח עיסוי,00000,1,00000,false,5.0000,99.9,99.9000,false,1,
7290114750820,false,גילט קליר דאורדורנט גל ארטיק אייס 2יח,,,דאו גילט קליר גל Arctic Ice מארז זוג לגבר,00000,1,00000,false,3.0000,28.9,28.9000,false,1,
7290115040111,false,בייבי ליין קופסא למוצצים - בנות,,,בייבי ליין קופסא למוצצים - בנות,00000,1,00000,false,0.0000,10,10.0000,false,1,
7290115040142,false,PRO HAIRמסלסל שיער מקצועי קוטר 25,,,PRO HAIRמסלסל שיער מקצועי קוטר 25,00000,1,00000,false,3.0000,100,100.0000,false,1,
7290115040395,false,"פרוהייר - שמפו סילבר ללא מלח 400 מ""ל",,,"פרוהייר - שמפו סילבר ללא מלח 400 מ""ל",00000,1,00000,false,0.0000,24.9,24.9000,false,1,
7290115040401,false,"פרוהייר - מרכך סילבר ללא מלח 400 מ""ל",,,"פרוהייר - מרכך סילבר ללא מלח 400 מ""ל",00000,1,00000,false,0.0000,24.9,24.9000,false,1,
7290115040418,false,PRO HAIRמסיכה מקצועית סילבר ללא מלח 400מ,,,PRO HAIRמסיכה מקצועית סילבר ללא מלח 400מ,00000,1,00000,false,0.0000,39.9,39.9000,false,1,
7290115040470,false,לסרה גל ניקוי אקטיב בראש מועשר בתה ירוק ומ,,,לסרה גל ניקוי אקטיב בראש מועשר בתה ירוק ומ,00000,1,00000,false,6.0000,19.9,19.9000,false,1,
7290115040753,false,פארמה קר בק' מים חמים מכוסה פרווה,,,פארמה קר בק' מים חמים מכוסה פרווה,00000,1,00000,false,12.0000,19.9,19.9000,false,1,
7290115040999,false,"סט קלאסיק DE SISO(א) אדט 100מ'ל+תחליב גוף 200 מ""ל",,,"סט קלאסיק DE SISO(א) אדט 100מ'ל+תחליב גוף 200 מ""ל",00000,1,00000,false,0.0000,79.9,79.9000,false,1,
7290115041002,false,"קלאסיק - דאודורנט ספריי לאישה דה סיסו 200 מ""ל",,,"קלאסיק - דאודורנט ספריי לאישה דה סיסו 200 מ""ל",00000,1,00000,false,12.0000,10,10.0000,false,1,
7290115041019,false,"קלאסיק - דאודורנט ספריי לגבר וויאג' 200 מ""ל",,,"קלאסיק - דאודורנט ספריי לגבר וויאג' 200 מ""ל",00000,1,00000,false,12.0000,10,10.0000,false,1,
7290115041415,false,"פרוהייר - שמפו מקצועי מועשר בחומצה היאלרונית 400 מ""ל",,,"פרוהייר - שמפו מקצועי מועשר בחומצה היאלרונית 400 מ""ל",00000,1,00000,false,0.0000,19.9,19.9000,false,1,
7290115041439,false,מסיכה מקצועית מועשרת בחומצה היאלרונית 400,,,מסיכה מקצועית מועשרת בחומצה היאלרונית 400,00000,1,00000,false,12.0000,29.9,29.9000,false,1,
7290115041446,false,סרום טיפולי מועשר בחומצה היאלרונית 125מ'ל,,,סרום טיפולי מועשר בחומצה היאלרונית 125מ'ל,00000,1,00000,false,0.0000,39.9,39.9000,false,1,
7290115041538,false,בסט - סכין גילוח אקסלנט 5 להבים רב פעמי לגבר מכשיר + 5 סכינים,,,בסט - סכין גילוח אקסלנט 5 להבים רב פעמי לגבר מכשיר + 5 סכינים,00000,1,00000,false,12.0000,14.9,14.9000,false,1,
7290115041842,false,PRO HAIRמב' קרמית מקצועית לפן 43ממ,,,PRO HAIRמב' קרמית מקצועית לפן 43ממ,00000,1,00000,false,12.0000,19.9,19.9000,false,1,
7290115042078,false,"בלומפילד - מארז קרם ידיים 65 מ""ל * 3",,,"בלומפילד - מארז קרם ידיים 65 מ""ל * 3",00000,1,00000,false,24.0000,19.9,19.9000,false,1,
7290115042245,false,פרוהייר - שמפו מקצועי מועשר בחומצה היאלרונית 1 ליטר,,,פרוהייר - שמפו מקצועי מועשר בחומצה היאלרונית 1 ליטר,00000,1,00000,false,0.0000,39.9,39.9000,false,1,
7290115042252,false,משקל אדם פארמה דיגיטלי זכוכית,,,משקל אדם פארמה דיגיטלי זכוכית,00000,1,00000,false,0.0000,49.9,49.9000,false,1,
7290115042610,false,סט פרולטה פירות יער ק.גוף+ק.ידיים+ק.רגליים,,,סט פרולטה פירות יער ק.גוף+ק.ידיים+ק.רגליים,00000,1,00000,false,0.0000,69.9,69.9000,false,1,
7290115042795,false,"קלאסיק - דה סיסו ניוד (א) אדט 100 מ""ל",,,"קלאסיק - דה סיסו ניוד (א) אדט 100 מ""ל",00000,1,00000,false,48.0000,59.9,59.9000,false,1,
7290115042801,false,"קלאסיק - די סיסו אדום (א) אדט 100 מ""ל",,,"קלאסיק - די סיסו אדום (א) אדט 100 מ""ל",00000,1,00000,false,48.0000,59.9,59.9000,false,1,
7290115042887,false,לסרה משולבת 4 ב-1,,,לסרה משולבת 4 ב-1,00000,1,00000,false,0.0000,29.9,29.9000,false,1,
7290115042900,false,לסרה - מברשת לניקוי הפנים,,,לסרה - מברשת לניקוי הפנים,00000,1,00000,false,5.0000,19.9,19.9000,false,1,
7290115042917,false,לסרה - אבן ג'ייד לפנים,,,לסרה - אבן ג'ייד לפנים,00000,1,00000,false,6.0000,19.9,19.9000,false,1,
7290115042924,false,לסרה - זוג ספוגיות למייק אפ,,,לסרה - זוג ספוגיות למייק אפ,00000,1,00000,false,20.0000,10,10.0000,false,1,
7290115042962,false,לסרה - זוג ספוגיות מעוצבות,,,לסרה - זוג ספוגיות מעוצבות,00000,1,00000,false,10.0000,10,10.0000,false,1,
7290115043372,false,בסט מגבונים TO GOלרענון 15יח'4X מעוצבים,,,בסט מגבונים TO GOלרענון 15יח'4X מעוצבים,00000,1,00000,false,0.0000,10,10.0000,false,1,
7290115043518,false,פארמה קאר - חוט דנטלי עם ידית אורגנית 50 יח',,,פארמה קאר - חוט דנטלי עם ידית אורגנית 50 יח',00000,1,00000,false,12.0000,10,10.0000,false,1,
7290115043587,false,"לסרה - ניקוי מקציף לרגיל עד מעורב מועשר בתה ירוק ומלפפונים 225מ""ל",,,"לסרה - ניקוי מקציף לרגיל עד מעורב מועשר בתה ירוק ומלפפונים 225מ""ל",00000,1,00000,false,20.0000,19.9,19.9000,false,1,
7290115043594,false,"לסרה - ניקוי מקציף לעור עדין מועשר בתה ירוק ומלפפונים 225מ""ל",,,"לסרה - ניקוי מקציף לעור עדין מועשר בתה ירוק ומלפפונים 225מ""ל",00000,1,00000,false,20.0000,19.9,19.9000,false,1,
7290115073713,false,שלישיית ביצי שוקולד(חלב נוכרי)-טום וג'רי,Unknown,,שלישיית ביצי שוקולד(חלב נוכרי)-טום וג'רי,00000,1,00000,false,0.0000,12.9,12.9000,false,1,
7290115075878,false,גביע וופל ממולא קרם שוקולד 25 גר(12 יח),,,גביע וופל ממולא קרם שוקולד 25 גר(12 יח),00000,1,00000,false,0.0000,4.9,4.9000,false,1,
7290115076127,false,בקבוק נירוסטה 450 מל עם קש מתקפל- LOL,,,בקבוק נירוסטה 450 מל עם קש מתקפל- LOL,00000,1,00000,false,0.0000,24.9,24.9000,false,1,
7290115076189,false,קופסת אוכל מחולקת הפוני הקטן שלי,,,קופסת אוכל מחולקת הפוני הקטן שלי,00000,1,00000,false,12.0000,19.9,19.9000,false,1,
7290115077131,false,מסכות פנים ילדים 40 יח',מ.פאנג,CN,מסכות פנים ילדים 40 יח',00000,1,00000,false,100.0000,10,10.0000,false,1,
7290115079425,false,בקבוק 350 מל נצנצים דופן כפולה - נסיכות,,,בקבוק 350 מל נצנצים דופן כפולה - נסיכות,00000,1,00000,false,0.0000,24.9,24.9000,false,1,
7290115205176,false,פיטנס - קרקר דק כפרי פיטנס 140 גרם,נסטלה Nestle,IL,פיטנס - קרקר דק כפרי פיטנס 140 גרם,00000,1,00000,false,12.0000,10,10.0000,false,1,
7290115205312,false,קרקר פיטנס דק עם זיתי קלמטה ועשבי תיבול,"אסם השקעות בע""מ",IL,פיטנס - קרקר דק זיתי קלמטה 140 גרם,00000,1,00000,false,12.0000,10,10.0000,false,1,
7290115208009,false,סירופ ענבים 1ל' ויטמינצ'יק,בית-השיטה עסיס תעשיו,IL,ויטמינצ'יק - ענבים 1 ליטר,00000,1,00000,false,12.0000,18.9,18.9000,false,1,
7290115208597,false,אסם קרמוגית מיניס קרמל מלוח 200 גרם,"אסם השקעות בע""מ",IL,אסם - קרמוגית מיניס קרמל 200 גרם,00000,1,00000,false,12.0000,9.9,9.9000,false,1,
7290115291469,false,שמן עץ התה PURE AMORE,,,שמן עץ התה PURE AMORE,00000,1,00000,false,35.0000,14.9,14.9000,false,1,
7290115291476,false,שמן אקליפטוס PURE AMORE,,,שמן אקליפטוס PURE AMORE,00000,1,00000,false,35.0000,14.9,14.9000,false,1,
7290115291506,false,PURE AMORE סבון מקציף לניקוי הפנים לעור יבש ועדין,,,PURE AMORE סבון מקציף לניקוי הפנים לעור יבש ועדין,00000,1,00000,false,24.0000,29.9,29.9000,false,1,
7290115291513,false,PURE AMORE סבון מקציף לניקוי הפנים לעור מעורב עד שמן,,,PURE AMORE סבון מקציף לניקוי הפנים לעור מעורב עד שמן,00000,1,00000,false,24.0000,29.9,29.9000,false,1,
7290115292268,false,"אוליב - שמפו קרטין 800 מ""ל",,,"אוליב - שמפו קרטין 800 מ""ל",00000,1,00000,false,0.0000,17.9,17.9000,false,1,
7290115292275,false,אוליב מסיכה קרטין לשיער 500מל,,,אוליב מסיכה קרטין לשיער 500מל,00000,1,00000,false,0.0000,24.9,24.9000,false,1,
7290115292466,false,"LA BELLE KERATINשמפו לשיער רגיל עד יבש 750מ""ל",,,"LA BELLE KERATINשמפו לשיער רגיל עד יבש 750מ""ל",00000,1,00000,false,0.0000,22.9,22.9000,false,1,
7290115292503,false,"LA BELLE KERATINמסכה לשיער צבוע ופגום 500מ""ל",,,"LA BELLE KERATINמסכה לשיער צבוע ופגום 500מ""ל",00000,1,00000,false,0.0000,34.9,34.9000,false,1,
7290115292626,false,פרולטה פירות יער קרם רגליים אינטנסיבי 100,,,פרולטה פירות יער קרם רגליים אינטנסיבי 100,00000,1,00000,false,35.0000,10,10.0000,false,1,
7290115292640,false,פרולטה פירות יער קרם גוף אינטנסיבי 400מ'ל,,,פרולטה פירות יער קרם גוף אינטנסיבי 400מ'ל,00000,1,00000,false,12.0000,19.9,19.9000,false,1,
7290115292657,false,פרולטה פירות יער קרם רב שימושי 300מ'ל,,,פרולטה פירות יער קרם רב שימושי 300מ'ל,00000,1,00000,false,0.0000,19.9,19.9000,false,1,
7290115292695,false,"קרם ידיים 100 מ""ל PURE AMORE JNT חמאת שיאה",,,"קרם ידיים 100 מ""ל PURE AMORE JNT חמאת שיאה",00000,1,00000,false,10.0000,10,10.0000,false,1,
7290115292701,false,"קרם ידיים 100 מ""ל PURE AMORE אבוקדו",,,"קרם ידיים 100 מ""ל PURE AMORE אבוקדו",00000,1,00000,false,10.0000,10,10.0000,false,1,
7290115292756,false,"LA BELLE KERATINמרכך לשיער צבוע ופגום 750מ""ל",,,"LA BELLE KERATINמרכך לשיער צבוע ופגום 750מ""ל",00000,1,00000,false,0.0000,22.9,22.9000,false,1,
7290115292787,false,"לסרה היאלרואניק פלוס סרום 30מ""ל",,,"לסרה היאלרואניק פלוס סרום 30מ""ל",00000,1,00000,false,0.0000,59.9,59.9000,true,1,
7290115292794,false,"לסרה היאלרואניק פלוס ק.עיניים 30מ""ל",,,"לסרה היאלרואניק פלוס ק.עיניים 30מ""ל",00000,1,00000,false,0.0000,59.9,59.9000,true,1,
7290115292800,false,"לסרה היאלרואניק פלוס ק.יום 50 מ""ל",,,"לסרה היאלרואניק פלוס ק.יום 50 מ""ל",00000,1,00000,false,0.0000,59.9,59.9000,true,1,
7290115292817,false,"לסרה היאלרואניק פלוס ק.לילה 50 מ""ל",,,"לסרה היאלרואניק פלוס ק.לילה 50 מ""ל",00000,1,00000,false,0.0000,59.9,59.9000,true,1,
7290115294736,false,"לסרה - פילינג גרגירים לניקוי יסודי מועשר במלפפונים לעור עדין 200 מ""ל",,,"לסרה - פילינג גרגירים לניקוי יסודי מועשר במלפפונים לעור עדין 200 מ""ל",00000,1,00000,false,6.0000,14.9,14.9000,false,1,
7290115295085,false,לסרה לניקוי יסודי 3ב- 1מועשר בתה ירוק ומל,,,לסרה לניקוי יסודי 3ב- 1מועשר בתה ירוק ומל,00000,1,00000,false,6.0000,14.9,14.9000,false,1,
7290115295092,false,GOOD PHARM - מרכך קרטין,,,GOOD PHARM - מרכך קרטין,00000,1,00000,false,20.0000,10,10.0000,false,1,
7290115295108,false,GOOD PHARM - שמפו קרטין,,,GOOD PHARM - שמפו קרטין,00000,1,00000,false,20.0000,10,10.0000,true,1,
7290115295122,false,GOOD PHARM - מסיכת קרטין,,,GOOD PHARM - מסיכת קרטין,00000,1,00000,false,12.0000,10,10.0000,false,1,
7290115295139,false,GOOD PHARM - סרום קרטין,,,GOOD PHARM - סרום קרטין,00000,1,00000,false,12.0000,15.9,15.9000,false,1,
7290115620276,false,"תבנית קפיצית עם בסיס כפול 26 ס""מ DOLCE ITALIANO מבית Food appeal",,,"תבנית קפיצית עם בסיס כפול 26 ס""מ DOLCE ITALIANO מבית Food appeal",00000,1,00000,false,0.0000,74.9,74.9000,false,1,
7290115620719,false,"סכין חיתוך משוננת 14 ס""מ FOOD APPEAL",,,"סכין חיתוך משוננת 14 ס""מ FOOD APPEAL",00000,1,00000,false,50.0000,14.9,14.9000,false,1,
7290115621198,false,מארז 6 סכיני ירקות שחור\כחול CLASSIC מבית Food appeal,,,מארז 6 סכיני ירקות שחור\כחול CLASSIC מבית Food appeal,00000,1,00000,false,6.0000,39.9,39.9000,false,1,
7290115621204,false,מארז 6 סכיני ירקות שחור\ירוק CLASSIC מבית Food appeal,,,מארז 6 סכיני ירקות שחור\ירוק CLASSIC מבית Food appeal,00000,1,00000,false,24.0000,39.9,39.9000,false,1,
7290115621518,false,מצקת מנירוסטה איכותית EDGE מבית Food appeal,,,מצקת מנירוסטה איכותית EDGE מבית Food appeal,00000,1,00000,false,0.0000,34.9,34.9000,false,1,
7290115621549,false,תרבד מנירוסטה איכותית EDGE מבית Food appeal,,,תרבד מנירוסטה איכותית EDGE מבית Food appeal,00000,1,00000,false,0.0000,34.9,34.9000,false,1,
7290115622676,false,3 כפיות ארוכות ARIA מבית Food appeal,,,3 כפיות ארוכות ARIA מבית Food appeal,00000,1,00000,false,0.0000,16.9,16.9000,false,1,
7290115623215,false,מרסס שמן האוסטרלי המקורי decor,,,מרסס שמן האוסטרלי המקורי decor,00000,1,00000,false,12.0000,49.9,49.9000,true,1,
7290115623611,false,"זוג מחבתות אישיות 16 ס""מ FOODAPPEAL ירוק",,,"זוג מחבתות אישיות 16 ס""מ FOODAPPEAL ירוק",00000,1,00000,false,8.0000,59.9,59.9000,false,1,
7290115671223,false,מסטיק מאסט פאן בצנצנת אבטיח מנגו,אסקום קונפקשיין,DE,מאסט פאן אבטיח מנגו 58 גרם,00000,1,00000,false,12.0000,10,10.0000,true,1,
7290115671308,false,מסטיק מאסט פאן בצנצנת תות דובדבן,אסקום קונפשטיין,DE,מאסט פאן תות דובדבן 58 גרם,00000,1,00000,false,12.0000,10,10.0000,true,1,
7290115671339,false,מיני פינוקיות בראוניז בייגל בוטן עלית 180 ג' עלית,הגביע מוצרי ופלים בע,IL,מיני פינוקיות בראוניז בייגל בוטן 180 ג',00000,1,00000,false,0.0000,10,10.0000,false,1,
7290115671346,false,מיני פינוקיות טופי קרמל מלוח 180 ג' עלית,הגביע מוצרי ופלים בע,IL,מיני פינוקיות טופי קרמל מלוח 180 ג',00000,1,00000,false,0.0000,10,10.0000,false,1,
7290115675559,false,מארז קפה טורקי לדרך 70ג' עלית,שטראוס קפה בי.וי.,IL,קפה טורקי עלית לדרך 10 יח',00000,1,00000,false,30.0000,10,10.0000,false,1,
7290115676341,false,אריזות דבש אישיות טו גו 18 * 162 ג' יד מרדכי,קריות זול,IL,יד מרדכי - דבש טהור בסשאטים 18 יח' 9 גרם,00000,1,00000,false,12.0000,19.9,19.9000,false,1,
7290116242392,false,מיני פופ סוכריה על מקל(5 יח) 40 גר' - כוח פי ג'יי,Unknown,,מיני פופ סוכריה על מקל(5 יח) 40 גר' - כוח פי ג'יי,00000,1,00000,false,0.0000,10,10.0000,false,1,
7290116244020,false,אצבעות שוקולד חלב 84 גר'-ליגת הצדק,,,אצבעות שוקולד חלב 84 גר'-ליגת הצדק,00000,1,00000,false,0.0000,7.9,7.9000,false,1,
7290116244037,false,אצבעות שוקולד חלב 84 גר'-חד קרן,,,אצבעות שוקולד חלב 84 גר'-חד קרן,00000,1,00000,false,0.0000,7.9,7.9000,false,1,
7290116244051,false,אצבעות שוקולד חלב 84 גר'- LOL,,,אצבעות שוקולד חלב 84 גר'- LOL,00000,1,00000,false,0.0000,7.9,7.9000,false,1,
7290116244082,false,אצבעות שוקולד חלב 84 גר'-מפרץ הרפתקאות,,,אצבעות שוקולד חלב 84 גר'-מפרץ הרפתקאות,00000,1,00000,false,0.0000,7.9,7.9000,false,1,
7290116531762,false,בדין - דפים למייבש כביסה ורוד 40 יחידות,קריות זול,US,בדין - דפים למייבש כביסה ורוד 40 יחידות,00000,1,00000,false,12.0000,13.9,13.9000,false,1,
7290116531779,false,בדין - דפים למייבש כביסה כחול 40 יחידות,קריות זול,US,בדין - דפים למייבש כביסה כחול 40 יחידות,00000,1,00000,false,12.0000,13.9,13.9000,false,1,
7290116533100,false,"פינוק מרכך שיער בניחוח ורדים לבנים 700 מ""ל",יוניליוור,IL,"פינוק - מרכך בניחוח ורדים לבנים 700 מ""ל",00000,1,00000,false,12.0000,10,10.0000,false,1,
7290116911779,false,מסכה לפנים לילדים חד פעמית ממותגת 10 יח' חד קרן ורוד,,,מסכה לפנים לילדים חד פעמית ממותגת 10 יח' חד קרן ורוד,00000,1,00000,false,60.0000,6.9,6.9000,false,1,
7290116914442,false,מארז סוכריות על מקל 12 גרם בטעמי פירות הפוני הקטן שלי 50 יח',,,מארז סוכריות על מקל 12 גרם בטעמי פירות הפוני הקטן שלי 50 יח',00000,1,00000,false,0.0000,19.9,19.9000,false,1,
7290116914466,false,מארז סוכריות על מקל 12 גרם בטעמי פירות בארבי 50 יח',,,מארז סוכריות על מקל 12 גרם בטעמי פירות בארבי 50 יח',00000,1,00000,false,0.0000,19.9,19.9000,false,1,
7290116914480,false,מארז סוכריות על מקל 12 גרם בטעמי פירות לוני טונס 50 יח',,,מארז סוכריות על מקל 12 גרם בטעמי פירות לוני טונס 50 יח',00000,1,00000,false,0.0000,19.9,19.9000,false,1,
7290116914497,false,מארז סוכריות על מקל 12 גרם בטעמי פירות ליגת הצדק 50 יח',,,מארז סוכריות על מקל 12 גרם בטעמי פירות ליגת הצדק 50 יח',00000,1,00000,false,0.0000,19.9,19.9000,false,1,
7290116930022,false,חטיף חלבון GO קרם עוגיות ציפוי קריספי 20 גרם,תנובה,IL,חטיף חלבון GO קרם עוגיות ציפוי קריספי 20 גרם,00000,1,00000,false,12.0000,11.9,11.9000,false,1,
7290117382318,false,סלים דליס - חטיף חלבון מצופה שוקולד מריר 60 גרם,"י. מרבה ישראל בע""מ",IT,סלים דליס - חטיף חלבון מצופה שוקולד מריר 60 גרם,00000,1,00000,false,25.0000,11.9,11.9000,false,1,
7290117382325,false,סלים דליס - פרו 33 חטיף חלבון מצופה שוקולד חלב 60 גרם,"י. מרבה ישראל בע""מ",IT,סלים דליס - פרו 33 חטיף חלבון מצופה שוקולד חלב 60 גרם,00000,1,00000,false,25.0000,11.9,11.9000,false,1,
7290117382332,false,סלים דליס - חטיף חלבון מצופה שוקולד בטעם עוגיות 60 גרם,"י. מרבה ישראל בע""מ",IT,סלים דליס - חטיף חלבון מצופה שוקולד בטעם עוגיות 60 גרם,00000,1,00000,false,25.0000,11.9,11.9000,false,1,
7290117821367,false,ביצת הפתעה פלסטיק עם סוכריות קשות 10 גרם טרקטור,שמחה,IL,ביצת הפתעה פלסטיק עם סוכריות קשות 10 גרם טרקטור,00000,1,00000,false,12.0000,5.9,5.9000,false,1,
7290117821374,false,ביצת הפתעה פלסטיק עם סוכריות קשות 10 גרם פוני,שמחה,IL,ביצת הפתעה פלסטיק עם סוכריות קשות 10 גרם פוני,00000,1,00000,false,12.0000,5.9,5.9000,false,1,
7290117821381,false,ביצת הפתעה פלסטיק עם סוכריות קשות 10 גרם קפיץ,שמחה,IL,ביצת הפתעה פלסטיק עם סוכריות קשות 10 גרם קפיץ,00000,1,00000,false,12.0000,5.9,5.9000,false,1,
7290117821404,false,ביצת הפתעה פלסטיק עם סוכריות קשות 10 גרם בצק,שמחה,IL,ביצת הפתעה פלסטיק עם סוכריות קשות 10 גרם בצק,00000,1,00000,false,12.0000,5.9,5.9000,false,1,
7290117860038,false,"הוואי - תחליב רחצה יוגורט בניחוח אוכמניות 700 מ""ל",הוואי,,"הוואי - תחליב רחצה יוגורט בניחוח אוכמניות 700 מ""ל",00000,1,00000,false,12.0000,14.9,14.9000,true,1,
7290117860045,false,שמפו תמציות אלוורה ותה ירוק לשיער רגיל,קריות זול,,"הוואי - שמפו מטפח לשיער רגיל 700 מ""ל",00000,1,00000,false,12.0000,14.9,14.9000,true,1,
7290117860090,false,מרכך תמציות אלוורה ותה ירוק לשיער רגיל,קריות זול,,"הוואי - מרכך מטפח לשיער רגיל 700 מ""ל",00000,1,00000,false,12.0000,14.9,14.9000,true,1,
7290117860144,false,שמפו למניעת קשקשים לשימוש יומיומי,קריות זול,,"הוואי - שמפו למניעת קשקשים 700 מ""ל",00000,1,00000,false,12.0000,14.9,14.9000,true,1,
7290117860182,false,"הוואי - תחליב רחצה בניחוח מגנוליה ושמן שקדים 700 מ""ל",הוואי,,"הוואי - תחליב רחצה בניחוח מגנוליה ושמן שקדים 700 מ""ל",00000,1,00000,false,12.0000,14.9,14.9000,true,1,
7290117860199,false,שמפו שמן ורד הבר ושמן מקדמיה לשיער יבש,קריות זול,,"הוואי - שמפו מעניק לחות לשיער יבש 700 מ""ל",00000,1,00000,false,12.0000,14.9,14.9000,true,1,
7290117860236,false,"הוואי - קרם רחצה בניחוח ויולה ורודה 700 מ""ל",הוואי,,"הוואי - קרם רחצה בניחוח ויולה ורודה 700 מ""ל",00000,1,00000,false,12.0000,14.9,14.9000,true,1,
7290117860243,false,"הוואי - מרכך מעניק לחות לשיער יבש 700 מ""ל",קריות זול,,"הוואי - מרכך מעניק לחות לשיער יבש 700 מ""ל",00000,1,00000,false,12.0000,14.9,14.9000,true,1,
7290117860281,false,"הוואי - ג'ל רחצה לגבר בניחוח עוצמתי 700 מ""ל",הוואי,,"הוואי - ג'ל רחצה לגבר בניחוח עוצמתי 700 מ""ל",00000,1,00000,false,12.0000,14.9,14.9000,true,1,
7290117860298,false,שמפו קומפלקס קרטין לשיער עדין או חלש,הוואי,,"הוואי - שמפו קרטין מחזק 700 מ""ל",00000,1,00000,false,12.0000,14.9,14.9000,true,1,
7290117860342,false,מרכך קומפלקס קרטין לשיער עדין או חלש,הוואי,,"הוואי - מרכך קרטין מחזק 700 מ""ל",00000,1,00000,false,12.0000,14.9,14.9000,true,1,
7290117860496,false,שמפו + מרכך 2 ב 1 לגבר תמצית ג'ינג'ר,קריות זול,,"הוואי - שמפו + מרכך 2 ב-1 לגבר 700 מ""ל",00000,1,00000,false,12.0000,14.9,14.9000,true,1,
7290117860892,false,"הוואי - תחליב רחצה יוגורט בניחוח וניל ודבש 700 מ""ל",הוואי,,"הוואי - תחליב רחצה יוגורט בניחוח וניל ודבש 700 מ""ל",00000,1,00000,false,12.0000,14.9,14.9000,true,1,
7291044055641,false,GOOD PHARM - אטבי כביסה צבעוניים 50 יח' חדש,,,GOOD PHARM - אטבי כביסה צבעוניים 50 יח' חדש,00000,1,00000,false,0.0000,11.9,11.9000,false,1,
7294413915782,false,פצירת קריסטל גדולה,,,פצירת קריסטל גדולה,00000,1,00000,false,0.0000,10,10.0000,false,1,
7296073448150,false,מברשת לבקבוק מוסקו,,,מברשת לבקבוק מוסקו,00000,1,00000,false,24.0000,10.9,10.9000,false,1,
7296077010018,false,"ספריי אלוורה 150 מ""ל",,,"ספריי אלוורה 150 מ""ל",00000,1,00000,false,0.0000,10,10.0000,false,1,
7296089000298,false,"ALOACTIVE - משחת שיניים סנסטיב אלוורה 100 מ""ל",,,"ALOACTIVE - משחת שיניים סנסטיב אלוורה 100 מ""ל",00000,1,00000,false,6.0000,24.9,24.9000,false,1,
7296089001646,false,BLANX WHITE SHOCK מארז ערכה+משחה,,,BLANX WHITE SHOCK מארז ערכה+משחה,00000,1,00000,false,0.0000,119.9,119.9000,false,1,
7296089001677,false,"ALOACTIVE - משחת שיניים פחם אלוורה 100 מ""ל",,,"ALOACTIVE - משחת שיניים פחם אלוורה 100 מ""ל",00000,1,00000,false,6.0000,24.9,24.9000,false,1,
7296089001752,false,בדיקת קורונה 5 יח' ORIENT/ECOTEST,,,בדיקת קורונה 5 יח' ORIENT/ECOTEST,00000,1,00000,false,120.0000,49.9,49.9000,true,1,
7296089001776,false,אנטיגן 20 יח' COVID19 GENSURE ביתי-,,,אנטיגן 20 יח' COVID19 GENSURE ביתי-,00000,1,00000,false,30.0000,89.9,89.9000,true,1,
7296167020156,false,GOOD PHARM - אצטון,,,GOOD PHARM - אצטון,00000,1,00000,false,40.0000,4.9,4.9000,true,1,
7296168011122,false,כובעי רחצה שקופים 10יח' טופמד,,,כובעי רחצה שקופים 10יח' טופמד,00000,1,00000,false,0.0000,9,9.0000,false,1,
7296168020117,false,GOOD PHARM - מקלוני אוזניים 500 יח,,,GOOD PHARM - מקלוני אוזניים 500 יח,00000,1,00000,false,60.0000,10,10.0000,false,1,
7296168020124,false,GOOD PHARM - מקלוני אוזניים 200 יח,,,GOOD PHARM - מקלוני אוזניים 200 יח,00000,1,00000,false,120.0000,4.9,4.9000,true,1,
7296168020131,false,GOOD PHARM - צמר גפן בודד רגיל,,,GOOD PHARM - צמר גפן בודד רגיל,00000,1,00000,false,150.0000,6,6.0000,true,1,
7296168020148,false,GOOD PHARM - מקלוני אוזניים 200 יח עץ,,,GOOD PHARM - מקלוני אוזניים 200 יח עץ,00000,1,00000,false,288.0000,4.5,4.5000,true,1,
7296168201226,false,GOOD PHARM - מקלוני אוזניים לתינוקות,,,GOOD PHARM - מקלוני אוזניים לתינוקות,00000,1,00000,false,24.0000,5,5.0000,false,1,
7296168201233,false,GOOD PHARM - רצועות להסרת שיער בשעווה,,,GOOD PHARM - רצועות להסרת שיער בשעווה,00000,1,00000,false,25.0000,10,10.0000,false,1,
7296168210334,false,GOOD PHARM - מארז זוג צמר גפן תליש,,,GOOD PHARM - מארז זוג צמר גפן תליש,00000,1,00000,false,15.0000,10.9,10.9000,false,1,
7296168891779,false,משטחי החתלה 10 יח' SWEETIE,,,משטחי החתלה 10 יח' SWEETIE,00000,1,00000,false,0.0000,15.9,15.9000,false,1,
7296169000620,false,פינצטה קצה מוזהב מכופפת קייזר,,,פינצטה קצה מוזהב מכופפת קייזר,00000,1,00000,false,0.0000,19.9,19.9000,false,1,
7296169000644,false,פינצטה קצה מוזהב אלכסון רחב קייזר,,,פינצטה קצה מוזהב אלכסון רחב קייזר,00000,1,00000,false,0.0000,19.9,19.9000,false,1,
7296169000712,false,"פצירה ""7 כרום קייזר",,,"פצירה ""7 כרום קייזר",00000,1,00000,false,0.0000,14.9,14.9000,false,1,
7296169004246,false,מספריים לציפורניים כרום אל-חלד קייזר,,,מספריים לציפורניים כרום אל-חלד קייזר,00000,1,00000,false,0.0000,39.9,39.9000,false,1,
7296169004260,false,מספריים עור דק כרום אל-חלד קייזר,,,מספריים עור דק כרום אל-חלד קייזר,00000,1,00000,false,0.0000,39.9,39.9000,false,1,
7296169009166,false,קוצץ ציפורניים קטן קייזר,,,קוצץ ציפורניים קטן קייזר,00000,1,00000,false,0.0000,9.9,9.9000,false,1,
7296169009173,false,קוצץ ציפורניים גדול קייזר,,,קוצץ ציפורניים גדול קייזר,00000,1,00000,false,0.0000,12.9,12.9000,false,1,
7296169500090,false,קוצץ ציפורניים בינוני אל-חלד קייזר,,,קוצץ ציפורניים בינוני אל-חלד קייזר,00000,1,00000,false,0.0000,24.9,24.9000,false,1,
7296169500106,false,קוצץ ציפורניים גדול אל-חלד קייזר,,,קוצץ ציפורניים גדול אל-חלד קייזר,00000,1,00000,false,0.0000,29.9,29.9000,false,1,
7297028024351,false,תח. נשים (5) כות/לייק,,,תח. נשים (5) כות/לייק,00000,1,00000,false,0.0000,25,25.0000,false,1,
7297028131004,false,גרביון נשים 20D צבע גוף,,,גרביון נשים 20D צבע גוף,00000,1,00000,false,0.0000,10,10.0000,false,1,
7297028151934,false,גרביון נשים 20D צבע שחור,,,גרביון נשים 20D צבע שחור,00000,1,00000,false,0.0000,10,10.0000,false,1,
7297028167294,false,BASIC IS GOOD קרסוליות גבר לבן,,,BASIC IS GOOD קרסוליות גבר לבן,00000,1,00000,false,48.0000,10,10.0000,false,1,
7297028167317,false,קרסוליות נמוכות (6) נשים 1/2 מגבת לבן,,,קרסוליות נמוכות (6) נשים 1/2 מגבת לבן,00000,1,00000,false,48.0000,19.9,19.9000,false,1,
7297028167355,false,GOOD PHARM - ברכונים 20D צבע גוף,,,GOOD PHARM - ברכונים 20D צבע גוף,00000,1,00000,false,48.0000,10,10.0000,false,1,
7297028168604,false,ת.בנות 100% כותנה (5) חד קרן קשת בענן,,,ת.בנות 100% כותנה (5) חד קרן קשת בענן,00000,1,00000,false,0.0000,19.9,19.9000,false,1,
7297028173202,false,GOOD PHARM - קרסוליות נשים (10) פולי לייקרה 36-41,,,GOOD PHARM - קרסוליות נשים (10) פולי לייקרה 36-41,00000,1,00000,false,48.0000,19.9,19.9000,false,1,
7297028178344,false,סליפ גבר (3) ג.חיצוני 100% כותנה הייק,,,סליפ גבר (3) ג.חיצוני 100% כותנה הייק,00000,1,00000,false,84.0000,20,20.0000,false,1,
7297028178900,false,ביקיני כ/ל (4) צבעוני גומי חיצוני,,,ביקיני כ/ל (4) צבעוני גומי חיצוני,00000,1,00000,false,84.0000,25,25.0000,false,1,
7297028182426,false,GOOD PHARM - עקביות גבר (3) לבן עם פס סיליקון כותנה לייקרה 40-46,,,GOOD PHARM - עקביות גבר (3) לבן עם פס סיליקון כותנה לייקרה 40-46,00000,1,00000,false,48.0000,14.9,14.9000,false,1,
7297028182433,false,GOOD PHARM - עקביות גבר (3) שחור עם פס סיליקון כותנה לייקרה 40-46,,,GOOD PHARM - עקביות גבר (3) שחור עם פס סיליקון כותנה לייקרה 40-46,00000,1,00000,false,48.0000,14.9,14.9000,false,1,
7297028182457,false,GOOD PHARM - קרסוליות נמוכות גבר (4) שחור כותנה לייקרה 40-46,,,GOOD PHARM - קרסוליות נמוכות גבר (4) שחור כותנה לייקרה 40-46,00000,1,00000,false,48.0000,14.9,14.9000,false,1,
7297028182532,false,GOOD PHARM - קרסוליות גבר (4)שחור כ/ל 40-46,,,GOOD PHARM - קרסוליות גבר (4)שחור כ/ל 40-46,00000,1,00000,false,48.0000,14.9,14.9000,false,1,
7297028182563,false,GOOD PHARM - קרסוליות נמוכות (6) גבר 1/2 מגבת לבן 40-46,,,GOOD PHARM - קרסוליות נמוכות (6) גבר 1/2 מגבת לבן 40-46,00000,1,00000,false,48.0000,20,20.0000,false,1,
7297028182587,false,GOOD PHARM - ברכונים 20D (5) ססקייה 36-41,,,GOOD PHARM - ברכונים 20D (5) ססקייה 36-41,00000,1,00000,false,48.0000,10,10.0000,false,1,
7297028182600,false,GOOD PHARM - בוקסר גבר (3) כותנה לייקרה S-XXL,,,GOOD PHARM - בוקסר גבר (3) כותנה לייקרה S-XXL,00000,1,00000,false,48.0000,39.9,39.9000,false,1,
7297028182624,false,GOOD PHARM - קרסוליות נשים (10) פולי לייקרה 36-41,,,GOOD PHARM - קרסוליות נשים (10) פולי לייקרה 36-41,00000,1,00000,false,48.0000,24.9,24.9000,false,1,
7297028182655,false,GOOD PHARM - גרבי ילדים (3) כ/ל 23-26 27-30 31-34 35-39,,,GOOD PHARM - גרבי ילדים (3) כ/ל 23-26 27-30 31-34 35-39,00000,1,00000,false,48.0000,10,10.0000,false,1,
7297028182662,false,GOOD PHARM - גרבי תינוקות (3) כ/ל 0-9 9-18 18-22,,,GOOD PHARM - גרבי תינוקות (3) כ/ל 0-9 9-18 18-22,00000,1,00000,false,48.0000,10,10.0000,false,1,
7297028183058,false,גוזיות נשים סנטוני עם כיווצים וכתפיות דקות (160244),,,גוזיות נשים סנטוני עם כיווצים וכתפיות דקות (160244),00000,1,00000,false,72.0000,20,20.0000,false,1,
7297028185434,false,גוזיות נשים סנטוני עם T מאחור (160243),,,גוזיות נשים סנטוני עם T מאחור (160243),00000,1,00000,false,72.0000,20,20.0000,false,1,
7297028186776,false,גופיית נשים כ/ל שחור/לבן/גוף עם כתפיית ספגטי ותחרה,,,גופיית נשים כ/ל שחור/לבן/גוף עם כתפיית ספגטי ותחרה,00000,1,00000,false,96.0000,20,20.0000,false,1,
7297028189470,false,GOOD PHARM - קרסוליות גבר(4) לבן כ/ל,,,GOOD PHARM - קרסוליות גבר(4) לבן כ/ל,00000,1,00000,false,48.0000,14.9,14.9000,false,1,
7297028189494,false,GOOD PHARM - עקביות נשים (3) לבן עם פס סיליקון כותנה לייקרה,,,GOOD PHARM - עקביות נשים (3) לבן עם פס סיליקון כותנה לייקרה,00000,1,00000,false,48.0000,14.9,14.9000,false,1,
7297028189500,false,GOOD PHARM - עקביות נשים (3) שחור עם פס סיליקון כותנה לייקרה,,,GOOD PHARM - עקביות נשים (3) שחור עם פס סיליקון כותנה לייקרה,00000,1,00000,false,48.0000,14.9,14.9000,false,1,
7297028189524,false,GOOD PHARM - קרסוליות נמוכות נשים (4) שחור כותנה לייקרה,,,GOOD PHARM - קרסוליות נמוכות נשים (4) שחור כותנה לייקרה,00000,1,00000,false,48.0000,14.9,14.9000,false,1,
7297028189548,false,GOOD PHARM - קרסוליות נשים (4)שחור כ/ל,,,GOOD PHARM - קרסוליות נשים (4)שחור כ/ל,00000,1,00000,false,48.0000,14.9,14.9000,false,1,
7297028189555,false,GOOD PHARM - קרסוליות נמוכות (6) נשים 1/2 מגבת לבן,,,GOOD PHARM - קרסוליות נמוכות (6) נשים 1/2 מגבת לבן,00000,1,00000,false,48.0000,20,20.0000,false,1,
7297028189562,false,GOOD PHARM - קרסוליות נמוכות (6) נשים 1/2 מגבת שחור,,,GOOD PHARM - קרסוליות נמוכות (6) נשים 1/2 מגבת שחור,00000,1,00000,false,48.0000,20,20.0000,false,1,
7297028189593,false,GOOD PHARM - ברכונים 20D (5) ססקייה,,,GOOD PHARM - ברכונים 20D (5) ססקייה,00000,1,00000,false,48.0000,10,10.0000,false,1,
7297028189609,false,גוד פארם - גרבי ברך 5 זוגות,,,גוד פארם - גרבי ברך 5 זוגות,00000,1,00000,false,1.0000,10,10.0000,false,1,
7297028189616,false,GOOD PHARM - בוקסר גבר (3) כותנה לייקרה,,,GOOD PHARM - בוקסר גבר (3) כותנה לייקרה,00000,1,00000,false,48.0000,39.9,39.9000,false,1,
7297028189623,false,GOOD PHARM - בוקסר גבר (2) כותנה לייקרה,,,GOOD PHARM - בוקסר גבר (2) כותנה לייקרה,00000,1,00000,false,48.0000,29.9,29.9000,false,1,
7297028189630,false,GOOD PHARM - קרסוליות גבר (10) פולי לייקרה,,,GOOD PHARM - קרסוליות גבר (10) פולי לייקרה,00000,1,00000,false,48.0000,24.9,24.9000,false,1,
7297028189647,false,GOOD PHARM - קרסוליות נשים (10) פולי לייקרה,,,GOOD PHARM - קרסוליות נשים (10) פולי לייקרה,00000,1,00000,false,48.0000,24.9,24.9000,false,1,
7297028189661,false,GOOD PHARM - גרבי בריאות גבר (3) כ/ל,,,GOOD PHARM - גרבי בריאות גבר (3) כ/ל,00000,1,00000,false,48.0000,14.9,14.9000,false,1,
7297028189678,false,GOOD PHARM - גרבי נשים (3) כ/ל,,,GOOD PHARM - גרבי נשים (3) כ/ל,00000,1,00000,false,48.0000,12.9,12.9000,false,1,
7297028189692,false,GOOD PHARM - קרסוליות ילדים (3),,,GOOD PHARM - קרסוליות ילדים (3),00000,1,00000,false,48.0000,10,10.0000,false,1,
7297028189708,false,GOOD PHARM - גרבי תינוקות (3) כ/ל,,,GOOD PHARM - גרבי תינוקות (3) כ/ל,00000,1,00000,false,48.0000,10,10.0000,false,1,
7297028190360,false,"חולצת גבר טרמית ש""א ""O"" צבעוני SB",,,"חולצת גבר טרמית ש""א ""O"" צבעוני SB",00000,1,00000,false,69.0000,25,25.0000,false,1,
7297028192609,false,גוזיות נשים סנטוני V עמוק כתפיות דקות עם קאפים,,,גוזיות נשים סנטוני V עמוק כתפיות דקות עם קאפים,00000,1,00000,false,96.0000,20,20.0000,false,1,
7297028193064,false,גרבי נשים שניל (3) חלק,,,גרבי נשים שניל (3) חלק,00000,1,00000,false,120.0000,20,20.0000,false,1,
7297028193194,false,גרבי נשים (2) סופר סופט,,,גרבי נשים (2) סופר סופט,00000,1,00000,false,72.0000,19.9,19.9000,false,1,
7297028193699,false,גרביון בנות צבעוני חלק,,,גרביון בנות צבעוני חלק,00000,1,00000,false,72.0000,10,10.0000,false,1,
7297028194047,false,פיג'מת נשים כותנה לבבות וכוכבים,,,פיג'מת נשים כותנה לבבות וכוכבים,00000,1,00000,false,36.0000,49.9,49.9000,false,1,
7297028194061,false,פיג'מת נשים כותנה ארנב,,,פיג'מת נשים כותנה ארנב,00000,1,00000,false,36.0000,49.9,49.9000,false,1,
7297028194566,false,גרבי גבר (3) כ/ל SB שחור מדוגם,,,גרבי גבר (3) כ/ל SB שחור מדוגם,00000,1,00000,false,72.0000,14.9,14.9000,false,1,
7297028194887,false,נעלי בית גבר קטיפה SB,,,נעלי בית גבר קטיפה SB,00000,1,00000,false,56.0000,25,25.0000,false,1,
7297028194924,false,נעלי בית נשים פרווה,,,נעלי בית נשים פרווה,00000,1,00000,false,54.0000,25,25.0000,false,1,
7297028196256,false,אוברול תינוקות דפוס AO,,,אוברול תינוקות דפוס AO,00000,1,00000,false,42.0000,20,20.0000,false,1,
7297028197178,false,שמיכת תינוקות 3D משבצות עם שארפה,,,שמיכת תינוקות 3D משבצות עם שארפה,00000,1,00000,false,54.0000,25,25.0000,false,1,
7297028197512,false,גופיות גבר (2) סופר ריב 2X2 SB לבן שקית מודפסת,,,גופיות גבר (2) סופר ריב 2X2 SB לבן שקית מודפסת,00000,1,00000,false,78.0000,20,20.0000,false,1,
7297373004404,false,רב מגבת לבן 800 גרם,,,רב מגבת 800 גרם,00000,1,00000,false,0.0000,18.5,18.5000,false,1,
7297579006851,false,מגן מזרון איכותי יחיד,,,מגן מזרון איכותי יחיד,00000,1,00000,false,20.0000,29.9,29.9000,false,1,
7297579006868,false,מגן מזרון איכותי מיטה וחצי,,,מגן מזרון איכותי מיטה וחצי,00000,1,00000,false,20.0000,39.9,39.9000,false,1,
7297579006875,false,מגן מזרון איכותי זוגי,,,מגן מזרון איכותי זוגי,00000,1,00000,false,20.0000,49.9,49.9000,false,1,
7297579010742,false,שלישיית מגבות מטבח לימון ויה,,,שלישיית מגבות מטבח לימון ויה,00000,1,00000,false,96.0000,12.9,12.9000,false,1,
7298087000959,false,וולטרן אמולגל שפורפר,נוברטיס,,וולטרן 50 גרם שפורפרת,00000,1,00000,false,0.0000,44.9,44.9000,false,1,
7298171187726,false,תח.בנים כותנה (4) ג.פנימי מיקי מאוס,,,תח.בנים כותנה (4) ג.פנימי מיקי מאוס,00000,1,00000,false,84.0000,20,20.0000,false,1,
7298171187795,false,בוקסר בנים (2) ספיידרמן,,,בוקסר בנים (2) ספיידרמן,00000,1,00000,false,84.0000,25,25.0000,false,1,
7298171187801,false,תח.בנות כותנה (4) ג.תלתל נסיכות,,,תח.בנות כותנה (4) ג.תלתל נסיכות,00000,1,00000,false,84.0000,20,20.0000,false,1,
7350075690013,false,THE HUMBLE - מברשת שיניים במבוק למבוגר סיבים - תכלת,,,THE HUMBLE - מברשת שיניים במבוק למבוגר סיבים - תכלת,00000,1,00000,false,20.0000,14.9,14.9000,false,1,
7350075690037,false,THE HUMBLE - מברשת שיניים במבוק למבוגר סיבים - סגול,,,THE HUMBLE - מברשת שיניים במבוק למבוגר סיבים - סגול,00000,1,00000,false,20.0000,14.9,14.9000,false,1,
7350075691409,false,THE HUMBLE - קיסם חוט דנטלי כפול 36 יח' תירס,,,THE HUMBLE - קיסם חוט דנטלי כפול 36 יח' תירס,00000,1,00000,false,12.0000,14.9,14.9000,false,1,
7350075692109,false,THE HUMBLE - קיסם במבוק אינטרדנטלי 100,,,THE HUMBLE - קיסם במבוק אינטרדנטלי 100,00000,1,00000,false,10.0000,14.9,14.9000,false,1,
7350075692680,false,THE HUMBLE - חוט דנטלי לימון 50 מטר,,,THE HUMBLE - חוט דנטלי לימון 50 מטר,00000,1,00000,false,12.0000,14.9,14.9000,false,1,
7350075693564,false,מברשת שיניים HUMBLE גאווה,,,מברשת שיניים HUMBLE גאווה,00000,1,00000,false,20.0000,14.9,14.9000,false,1,
7500435141536,false,מאך 3 -ידית וסכין גילוח,,,מאך 3 -ידית וסכין גילוח,00000,1,00000,false,24.0000,10.9,10.9000,false,1,
7509546029139,false,ספיד סטיק - דאודורנט ג'ל לגבר קול נייט 85 גרם,,,ספיד סטיק - דאודורנט ג'ל לגבר קול נייט 85 גרם,00000,1,00000,false,12.0000,13.9,13.9000,false,1,
7509546063515,false,ליידי ספיד סטיק -סטיק פרו 5 ספריי 150 מל,קולגייט פלמוליב,BY,ליידי ספיד סטיק -סטיק פרו 5 ספריי 150 מל,00000,1,00000,false,12.0000,14.9,14.9000,false,1,
7509546663265,false,קולגייט זירו משחת שיניים מנטה עדינה 98 מ,CP UK,MX,"קולגייט משחת שיניים זירו נענע, 98 מ""ל",00000,1,00000,false,24.0000,10,10.0000,false,1,
7509546678702,false,קולגייט משחת שיניים טוטל אנטי טרטר 100 מ,קולגייט-פלמוליב,BR,"משחת שיניים קולגייט אנטי טרטר 100מ""ל",00000,1,00000,false,48.0000,14.9,14.9000,true,1,
7610108006878,false,"אלמקס מי פה 400 מ""ל",,,"אלמקס מי פה 400 מ""ל",00000,1,00000,false,12.0000,24.9,24.9000,false,1,
7610243004463,false,"דורגול - מרסס להסרת אבנית במקלחון 600 מ""ל",יעקבי- דורגול Durgol,CH,"דורגול - מרסס להסרת אבנית במקלחון 600 מ""ל",00000,1,00000,false,0.0000,19.9,19.9000,false,1,
7610700002681,false,ריקולה סוכריות ללא סוכר בטעם צמחים 50 גר',,,ריקולה סוכריות ללא סוכר בטעם צמחים 50 גר',00000,1,00000,false,20.0000,10.9,10.9000,false,1,
7610700012642,false,ריקולה לימון מנטה שקית 70,ריקולה,CH,ריקולה לימון מנטה שקית 70,00000,1,00000,false,24.0000,10,10.0000,false,1,
7610700607046,false,סוכריות צמחים לימון ומנטה ללא תוספת סוכר,ריקולה Ricola,,ריקולה ס.לל'ס לימון מנטה,00000,1,00000,false,20.0000,10.9,10.9000,false,1,
7613035622623,false,פיטנס - גרנולה שקדים ודבש 300 גרם,שוורצקוף& הנקל דיסלד,LT,פיטנס - גרנולה שקדים ודבש 300 גרם,00000,1,00000,false,14.0000,11.9,11.9000,false,1,
7613035635845,false,פיטנס גרנולה שוקולד 14*300 גרם,שוורצקוף& הנקל דיסלד,LT,פיטנס - גרנולה שוקולד 300 גרם,00000,1,00000,false,14.0000,11.9,11.9000,false,1,
7613036880534,false,גרבר מחית ירקות מעורבים מטרנה 190 גר',נסטלה פולסקה אס.איי,PL,גרבר - מחית מרק ירקות 190 גרם,00000,1,00000,false,6.0000,5.9,5.9000,false,1,
7613037276091,false,נסטלה מיקס מיני אריזות דגני בוקר 200 ג',נסטלה Nestle,FR,נסטלה - דגני בוקר אישיים מיקס 34 גרם * 6,גרם,1,גרם,false,12.0000,14.9,14.9000,false,1,
7613039879382,false,גרבר - מחית תפוחי עץ 190 גרם,מטרנה,PL,גרבר - מחית תפוחי עץ 190 גרם,00000,1,00000,false,6.0000,5.9,5.9000,false,1,
7613287182326,false,מחית בננה תפוח ויטמינצ'יק 110 ג',"נסטלה ספרד ס.א, מפעל",ES,ויטמינצ'יק - בננה תפוח 110 גרם,00000,1,00000,false,8.0000,5,5.0000,false,1,
7614500010310,false,שוקולד בר לבן 100 ג' טובלרון,,,טובלרון - לבן 100 גרם,00000,1,00000,false,20.0000,9.9,9.9000,false,1,
7614500035788,false,טובלרון שוקולד חלב 200 גרם,טובלרון,,טובלרון שוקולד חלב 200 גרם,00000,1,00000,false,0.0000,14.9,14.9000,false,1,
7622201098452,false,מילקה - שוקולד חום לבן 100 גרם,מונדלייז,DE,מילקה - שוקולד חום לבן 100 גרם,00000,1,00000,false,23.0000,6.9,6.9000,true,1,
7622201137052,false,אוראו מיני קוקיס - עוגיות שוקולד צ'יפס ותחתית מצופה שוקולד חלב,מונדלז אספנה גלטאס פ,ES,אוראו מיני קוקיס - עוגיות שוקולד צ'יפס ותחתית מצופה שוקולד חלב,00000,1,00000,false,8.0000,8.9,8.9000,false,1,
7622201502515,false,מילקה - עוגיות קוקי לופ 132 גרם,גיורי קייקס קייאפטי,HU,מילקה - עוגיות קוקי לופ 132 גרם,00000,1,00000,false,12.0000,10.9,10.9000,true,1,
7622201808631,false,מיני עוגיות אוראו במילוי קרם בטעם וניל,פי.טי. מונדלז אינדונ,ID,אוראו מיני כוסות בטעם וניל 67 גרם,00000,1,00000,false,0.0000,6.9,6.9000,false,1,
7622210030597,false,מילקה - שוקולד במילוי קרמל 100 גרם,,,מילקה - שוקולד במילוי קרמל 100 גרם,00000,1,00000,false,18.0000,6.9,6.9000,true,1,
7622210117762,false,"קוטדור בונבונירה בושה, 200 גרם כשל""פ",קראפט,,"קוטדור בונבונירה בושה, 200 גרם כשל""פ",00000,1,00000,false,0.0000,19.9,19.9000,false,1,
7622210194046,false,מילקה - שוקולד עם אוראו 100 גרם,,,מילקה - שוקולד עם אוראו 100 גרם,00000,1,00000,false,22.0000,6.9,6.9000,true,1,
7622210240200,false,שוקולד מילקה אוראו 300 גרם,,,שוקולד מילקה אוראו 300 גרם,00000,1,00000,false,0.0000,13.9,13.9000,false,1,
7622210544179,false,מילקה - שוקולד לבן עם עוגיות אוראו 100 גרם,,,מילקה - שוקולד לבן עם עוגיות אוראו 100 גרם,00000,1,00000,false,22.0000,6.9,6.9000,true,1,
7622210597915,false,פרלינים לבבות שוקולד חלב ממולא קרם נוגט,מונדלז בולגריה פרודק,BG,"מילקה לבבות פרלינים, 110 גרם",00000,1,00000,false,10.0000,12.9,12.9000,false,1,
7622210637994,false,מיני עוגיות אוראו קראנצ'י בייטס אורגינל,מונדלז אספניה ג'לאטס,ES,"אוראו ביס קראנצי אורגינל, 110 גרם",00000,1,00000,false,8.0000,8.9,8.9000,false,1,
7622210664150,false,"עוגיות אוראו וניל, 396 גרם",מונדלייז,CZ,"עוגיות אוראו וניל, 396 גרם",00000,1,00000,false,0.0000,14.9,14.9000,false,1,
7622210818553,false,מילקה - עוגיות וופל מצופה שוקולד 150 גרם,,,מילקה - עוגיות וופל מצופה שוקולד 150 גרם,00000,1,00000,false,14.0000,10.9,10.9000,true,1,
7622210999221,false,מילקה - שוקולד חלב 100 גרם,מונדלייז,DE,מילקה - שוקולד חלב 100 גרם,00000,1,00000,false,24.0000,6.9,6.9000,true,1,
7622300200237,false,מילקה שוקולד חלב 250 גרם,מונדליז אוסטרייך פרו,AT,מילקה שוקולד חלב 250 גרם,00000,1,00000,false,0.0000,11.9,11.9000,true,1,
7622300761363,false,עוגיות אוראו מיני כוסות בטעם שוקו 67 ג',פי.טי. מונדלז אינדונ,ID,אוראו מיני כוסות בטעם שוקו 67 גרם,00000,1,00000,false,0.0000,6.9,6.9000,false,1,
7640111493693,false,יגואר קלאסיק רד (ג) אדט 100מל,,,יגואר קלאסיק רד (ג) אדט 100מל,00000,1,00000,false,0.0000,59,59.0000,false,1,
7640111494027,false,CABOTINE 3.4 EDT L,,,CABOTINE 3.4 EDT L,00000,1,00000,false,0.0000,59.9,59.9000,false,1,
7640167726455,false,PERSKINDOL THERMO HOT ROL,,,PERSKINDOL THERMO HOT ROL,00000,1,00000,false,0.0000,69.9,69.9000,false,1,
7640171190587,false,"יגואר פרייב אדט 100 מ""ל",,,"יגואר פרייב אדט 100 מ""ל",00000,1,00000,false,0.0000,89.9,89.9000,false,1,
7640171190792,false,יגואר גולד אין בלאק 100מל אדט מבית יגואר,,,יגואר גולד אין בלאק 100מל אדט מבית יגואר,00000,1,00000,false,0.0000,69.9,69.9000,false,1,
7702018313327,false,"גילט סירייס ג'ל גילוח סנסטיב 200 מ""ל מארז צמד",,,"גילט סירייס ג'ל גילוח סנסטיב 200 מ""ל מארז צמד",00000,1,00000,false,6.0000,19.9,19.9000,false,1,
7702018323531,false,ג'ילט - ונוס סמווט' ידית ו2 סכינים,,,ג'ילט - ונוס סמווט' ידית ו2 סכינים,00000,1,00000,false,12.0000,29.9,29.9000,false,1,
7702018457342,false,סכיני גילוח גילט בלו 3 שמינייה,,,סכיני גילוח גילט בלו 3 שמינייה,00000,1,00000,false,3.0000,21.9,21.9000,false,1,
7702018465675,false,רבעיית חד פעמי סימפלי ונוס 3 ג'ילט,,,גילט ונוס בייסיק רביעייה,00000,1,00000,false,6.0000,11.9,11.9000,false,1,
7702018469383,false,גילט סכיני גילוח פיוזן -12 יח',,,גילט סכיני גילוח פיוזן -12 יח',00000,1,00000,false,6.0000,99,99.0000,true,1,
7702018469802,false,ג'ילט - ונוס סווירל ידית ו3 סכינים 5 להבים,,,ג'ילט - ונוס סווירל ידית ו3 סכינים 5 להבים,00000,1,00000,false,6.0000,34.9,34.9000,false,1,
7702018482740,false,סכיני גילוח ג'ילט ונוס סימפלי 5 יחידות,,,ג'ילט ונוס סימפלי 5ידיות ( 2להבים),00000,1,00000,false,24.0000,10,10.0000,false,1,
7702018489756,false,סכיני גילוח גילט בלו 3 רביעייה,,,סכיני גילוח גילט בלו 3 רביעייה,00000,1,00000,false,12.0000,12.9,12.9000,false,1,
7702018539468,false,גילט ונוס תות- ידית ושלושה סכינים 5להבים מארז,,,גילט ונוס תות- ידית ושלושה סכינים 5להבים מארז,00000,1,00000,false,6.0000,34.9,34.9000,false,1,
7702018980819,false,"גילט ג'ל גילוח 200 מ""ל- רגיש",,,"גילט ג'ל גילוח 200 מ""ל- רגיש",00000,1,00000,false,6.0000,12.9,12.9000,false,1,
7702018980826,false,"גילט ג'ל גילוח טורקיז 200 מ""ל- להגנה",,,"גילט ג'ל גילוח טורקיז 200 מ""ל- להגנה",00000,1,00000,false,6.0000,12.9,12.9000,false,1,
7702018980925,false,"קצף גילוח לעור רגיל 200 מ""ל ג'ילט",קימברלי,GB,גילט קצף גילוח-אדום,00000,1,00000,false,6.0000,10,10.0000,false,1,
7702018980932,false,"קצף גילוח לעור רגיש 200 מ""ל ג'ילט",קימברלי,GB,גילט קצף גילוח-רגיש,00000,1,00000,false,6.0000,10,10.0000,false,1,
7777555510799,false,זוג דבק 3 שניות חזק במיוחד כ-3 גרם ליחידה (פ=24),,,זוג דבק 3 שניות חזק במיוחד כ-3 גרם ליחידה (פ=24),00000,1,00000,false,24.0000,5.9,5.9000,false,1,
8000380153442,false,ופל לואקר קרם אגוזים,לואקר,IT,לואקר 90 גר'אגוז,00000,1,00000,false,0.0000,7.9,7.9000,true,1,
8000380153466,false,וופל לואקר שוקולד 90,קריניציה ויטמינה אס,IT,לואקר 90 גר'קקאו,00000,1,00000,false,0.0000,7.9,7.9000,true,1,
8000380187775,false,לואקר - גרדנה אגוז 136 גרם,Unknown,,לואקר - גרדנה אגוז 136 גרם,00000,1,00000,false,20.0000,14.9,14.9000,false,1,
8000500023624,false,חטיפי הפי היפו Happy Hippo במילוי קרם חלב וקקאו,קינדר Kinder,DE,קינדר הפי היפו חמישייה,00000,1,00000,false,0.0000,10,10.0000,true,1,
8000500023976,false,בונבוניירת רפאלו Raffaello,קריות זול,PL,רפאלו 150 גרם,00000,1,00000,false,0.0000,13.9,13.9000,false,1,
8000500026731,false,שוקולד ביצי הפתעה קינדר שלישייה,קריות זול,IT,קינדר ביצת הפתעה שלשה,00000,1,00000,false,0.0000,13.9,13.9000,false,1,
8000500028124,false,"קינדר ג'וי, שלישיה 3 * 20 גרם",קריות זול,,קינדר גוי שלשה חדש,00000,1,00000,false,0.0000,13.9,13.9000,false,1,
8000500029350,false,מארז וופל מצופה 3יח' *43 גרם קינדר בואנו,קינדר Kinder,PL,קינדר בואנו שלשה,00000,1,00000,false,40.0000,10,10.0000,false,1,
8000500037874,false,בונבוניירה פררו רושה 200ג',קריות זול,IT,פררו רושה 200 גרם,00000,1,00000,false,0.0000,24.9,24.9000,true,1,
8000500071083,false,אצבעות שוקולד קינדר Kinder שש עשרה יחידות,קינדר Kinder,IT,קינדר שוקולד 200 גרם,00000,1,00000,false,0.0000,11.9,11.9000,false,1,
8000500094976,false,"בונבוניירה פררו רושר רושה קונוס, 212 גרם T17X4",פררו,IT,"בונבוניירה פררו רושר רושה קונוס, 212 גרם T17X4",00000,1,00000,false,0.0000,36.9,36.9000,false,1,
8000500121436,false,מארז קינדר בואנו Kinder Bueno לבן שלוש יחידות,קינדר Kinder,PL,קינדר בואנו לבן שלשה,00000,1,00000,false,40.0000,10,10.0000,false,1,
8000500227848,false,נוטלה - בי רדי אצבעות ביסקוויט במילוי שוקולד 6 יח' * 22 גרם,Unknown,,נוטלה - בי רדי אצבעות ביסקוויט במילוי שוקולד 6 יח' * 22 גרם,00000,1,00000,false,16.0000,10,10.0000,false,1,
8000500247150,false,פררו רושה קולקשיין קוקוס מילוי קרם ושקד שלם 172ג',Unknown,,פררו קולקשיון 172 גרם,00000,1,00000,false,12.0000,24.9,24.9000,true,1,
8000500249352,false,קינדר בואנו מיני מיקס שקית 205 ג',קינדר Kinder,PL,קינדר בואנו מיני מיקס,00000,1,00000,false,15.0000,17.9,17.9000,false,1,
8000500267103,false,קינדר דליס שוקול' אישי מארז 10 יח' 420 גר',קינדר Kinder,,קינדר דליס אריזת עשירייה,00000,1,00000,false,14.0000,18.9,18.9000,false,1,
8000500269169,false,קינדר קארדס Kinder Cards - חמישייה,קריות זול,IT,קינדר קלפים חמישיה 128 גר',00000,1,00000,false,20.0000,12.9,12.9000,false,1,
8000500294345,false,שוקולד איש שלג פררו,,,פררו סנו-מן 98 ג',00000,1,00000,false,0.0000,14.9,14.9000,false,1,
8000500310397,false,נוטלה עוגיות נוטלה בגליל 12יח' - NUTELLA BISCUITTS,קריות זול,,נוטלה עוגיות נוטלה בגליל 12יח' - NUTELLA BISCUITTS,00000,1,00000,false,20.0000,14.9,14.9000,false,1,
8000500328750,false,כדור וופל פריך מצופה שוקולד פררו רושר 141 ג',,,"פררו רונדנואר, 138גרם",00000,1,00000,false,12.0000,24.9,24.9000,true,1,
8000500359358,false,מארז שלישיית עוגיות נוטלה באריזה אישית - NUTELLA BISCUITTS,,,מארז שלישיית עוגיות נוטלה באריזה אישית - NUTELLA BISCUITTS,00000,1,00000,false,28.0000,4.9,4.9000,false,1,
8000500359488,false,פררו רושה שוקולד חלב 90 גרם,,,פררו רושה שוקולד חלב 90 גרם,00000,1,00000,false,12.0000,14.9,14.9000,false,1,
8000500359556,false,פררו רפאלו שוקולד קוקוס ושקדים 90 גרם,,,פררו רפאלו שוקולד קוקוס ושקדים 90 גרם,00000,1,00000,false,12.0000,14.9,14.9000,false,1,
8000500359884,false,שוקולד לבן ממולא קרם אגוזים 90 ג' פררו רושר,,,פררו רושה שוקולד לבן 90 גרם,00000,1,00000,false,12.0000,14.9,14.9000,false,1,
8000500360262,false,שוקולד קינדר חנוכיה.,,,קינדר חנוכיה 135ג',00000,1,00000,false,0.0000,16.9,16.9000,true,1,
8000500366073,false,נוטלה עוגיות נוטלה בשקית 20 יח'- NUTELLA BISCUITTS,נוטלה Nutella,,נוטלה עוגיות נוטלה בשקית 20 יח'- NUTELLA BISCUITTS,00000,1,00000,false,12.0000,19.9,19.9000,true,1,
8000500386941,false,"ממרח קקאו עם אגוזי לוז, 900 גרם",קדבורי,IT,"ממרח שוקולד נוטלה, 900 גר'",00000,1,00000,false,6.0000,29.9,29.9000,false,1,
8000630040843,false,"דאב - דאודורנט ספריי אוריג'ינל לאישה 150 מ""ל",,,"דאב - דאודורנט ספריי אוריג'ינל לאישה 150 מ""ל",00000,1,00000,false,6.0000,11.9,11.9000,false,1,
8000700000012,false,דאב סבון מוצק זוג,,,דאב סבון מוצק זוג,00000,1,00000,false,24.0000,6.9,6.9000,false,1,
8000700000050,false,דאב סבון מוצק אורגינל רביעייה,יוניליוור גרמניה (מנ,DE,דאב סבון מוצק אורגינל רביעייה,00000,1,00000,false,12.0000,10,10.0000,false,1,
8001090131232,false,אולוויז - תחבושת (ס) יומית נורמל 30 יח',,,אולוויז - תחבושת (ס) יומית נורמל 30 יח',00000,1,00000,false,51.0000,7,7.0000,true,1,
8001090206930,false,לנור מרכך כביסה מרוכז לבן לתינוק-930,,,לנור מרכך כביסה מרוכז לבן לתינוק-930,00000,1,00000,false,12.0000,10,10.0000,false,1,
8001090222428,false,"הרבל אסנסס - שמפו חלב קוקוס 400 מ""ל",הרבל אסנס Herbal Essences,,"הרבל אסנסס - שמפו חלב קוקוס 400 מ""ל",00000,1,00000,false,6.0000,14.9,14.9000,false,1,
8001090222725,false,"הרבל אסנסס - שמפו שמן מורינגה 400 מ""ל",הרבל אסנס Herbal Essences,,"הרבל אסנסס - שמפו שמן מורינגה 400 מ""ל",00000,1,00000,false,6.0000,14.9,14.9000,false,1,
8001090222756,false,"הרבל אסנסס - מרכך שמן מורינגה 400 מ""ל",הרבל אסנס Herbal Essences,,"הרבל אסנסס - מרכך שמן מורינגה 400 מ""ל",00000,1,00000,false,6.0000,14.9,14.9000,false,1,
8001090222879,false,"הרבל אסנסס - מרכך שיקום שמן ארגן 400 מ""ל",הרבל אסנס Herbal Essences,,"הרבל אסנסס - מרכך שיקום שמן ארגן 400 מ""ל",00000,1,00000,false,6.0000,14.9,14.9000,false,1,
8001090290830,false,"משחת שיניים אורל בי 3D white פנינה בוהקת 75 מ""ל",פרוקטר & גמבל,DE,אורל בי משחת שיניים 3D WHITE פנינה בוהקת,00000,1,00000,false,12.0000,29.9,29.9000,false,1,
8001090302106,false,אורל בי ערכת צחצוח הלבנה 3D,,,אורל בי ערכת צחצוח הלבנה 3D,00000,1,00000,false,12.0000,59.9,59.9000,false,1,
8001090336354,false,טיטולי פמפרס בייבי דריי מידה 2 46 יח',פרוקטר אנד גמבל,DE,פמפרס בייבי דריי מידה 2 46 יחידות,00000,1,00000,false,0.0000,29.9,29.9000,false,1,
8001090344090,false,קוקידנט משחת הצמדה,,,קוקידנט משחת הצמדה,00000,1,00000,false,0.0000,34.9,34.9000,false,1,
8001090375230,false,"מרכך מרוכז לחות מוגברת 200 מ""ל פנטן",פנטן Pantene,,"פנטן מרכך הקסם 200 מ""ל לחות מוגברת",00000,1,00000,false,6.0000,17.9,17.9000,false,1,
8001090379337,false,פמפרס פרימיום חיתולי VP מידה 3 40 יח',פרוקטר אנד גמבל,DE,פמפרס פרימיום VP מידה 3,00000,1,00000,false,4.0000,29.9,29.9000,true,1,
8001090379368,false,פמפרס פרימיום חיתולי VP מידה 4 34 יח',פרוקטר אנד גמבל,TR,פמפרס פרימיום VP מידה 4,00000,1,00000,false,4.0000,29.9,29.9000,true,1,
8001090379399,false,פמפרס פרימיום חיתולי VP מידה 5 30 יח',פרוקטר אנד גמבל,TR,פמפרס פרימיום VP מידה 5,00000,1,00000,false,0.0000,29.9,29.9000,true,1,
8001090477453,false,"שולדרס שמפו קלאסי 250 מ""ל",פרוקטר & גמבל,RO,"שולדרס שמפו קלאסי 250 מ""ל",00000,1,00000,false,6.0000,10,10.0000,true,1,
8001090560117,false,"פנטן - מרכך מיסלר 675 מ""ל",,,"פנטן - מרכך מיסלר 675 מ""ל",00000,1,00000,false,6.0000,17.9,17.9000,false,1,
8001090580122,false,"הד אנד שולדרס שמפו סופרים משקם 400 מ""ל",הד אנד שולדרס H&S,,"שולדרס שמפו סופרים משקם 400 מ""ל",00000,1,00000,false,6.0000,17.9,17.9000,true,1,
8001090678195,false,"שולדרס מרכך סופרים לחות 275 מ""ל",הד אנד שולדרס H&S,,"שולדרס מרכך סופרים לחות 275 מ""ל",00000,1,00000,false,6.0000,14.9,14.9000,false,1,
8001090678614,false,"שמפו סופרים לחות הד אנד שולדרס 400 מ""ל",הד אנד שולדרס H&S,,"שולדרס שמפו סופרים לחות 400 מ""ל",00000,1,00000,false,6.0000,17.9,17.9000,true,1,
8001090718464,false,אולוויז - תחבושת (ס) יומית לארג' 26 יח',,,אולוויז - תחבושת (ס) יומית לארג' 26 יח',00000,1,00000,false,48.0000,7,7.0000,true,1,
8001090729378,false,אולוויז תחבושת מקסי נייט 16 יח,,,אולוויז תחבושת מקסי נייט 16 יח,00000,1,00000,false,16.0000,12.9,12.9000,false,1,
8001090737809,false,אולוויז מגן תחתון סינגל טנגה 36 יחידות,אולוויז Always,DE,אולוויז מגן תחתון סינגל טנגה 36 יחידות,00000,1,00000,false,8.0000,12.9,12.9000,false,1,
8001090737847,false,אולוויז מגן תחתון סלים מולטיפורם 74 יח,,,אולוויז מגן תחתון סלים מולטיפורם 74 יח,00000,1,00000,false,10.0000,12.9,12.9000,true,1,
8001090745903,false,"טייד אלפיין פרש 4 ק""ג אבקה",פרוקטר אנד גמבל,,"טייד אלפיין פרש 4 ק""ג אבקה",00000,1,00000,false,3.0000,34.9,34.9000,false,1,
8001090802385,false,טייד קפסולות ג'ל בניחוח לנור 26 יחידות,פרוקטר & גמבל,FR,טייד קפסולות ג'ל בניחוח לנור 26 יחידות,00000,1,00000,false,3.0000,29.9,29.9000,false,1,
8001090832450,false,"שמפו פנטן נוסחה קלאסית 660 מ""ל",פרוקטר & גמבל,RO,"פנטן שמפו נוסחה קלאסית 660 מ""ל",00000,1,00000,false,6.0000,18.9,18.9000,true,1,
8001090832535,false,"שמפו פנטן שמן מרוקאי משקם 660 מ""ל",פרוקטר & גמבל,RO,"פנטן שמפו שמן מרוקאי משקם 660 מ""ל",00000,1,00000,false,6.0000,18.9,18.9000,true,1,
8001090832573,false,"שמפו פנטן לחות מוגברת 660 מ""ל",פרוקטר & גמבל,RO,"פנטן שמפו לחות מוגברת 660 מ""ל",00000,1,00000,false,6.0000,18.9,18.9000,true,1,
8001090832610,false,"שמפו פנטן למגע רך כמשי 660 מ""ל",פנטן Pantene,,"פנטן שמפו למגע רך כמשי 660 מ""ל",00000,1,00000,false,6.0000,18.9,18.9000,true,1,
8001090832696,false,"פנטן שמפו לתלתלים מושלמים 660 מ""ל",פנטן Pantene,,"פנטן שמפו לתלתלים מושלמים 660 מ""ל",00000,1,00000,false,6.0000,18.9,18.9000,true,1,
8001090832771,false,"שמפו פנטן הזנת קרטין 660 מ""ל",פנטן Pantene,,"פנטן שמפו הזנת קרטין 660 מ""ל",00000,1,00000,false,6.0000,18.9,18.9000,true,1,
8001090832818,false,מרכך פנטן הנוסחה הקלאסית לשיער רגיל ומעורב,פרוקטר & גמבל,RO,"פנטן מרכך נוסחה קלאסית 660 מ""ל",00000,1,00000,false,6.0000,18.9,18.9000,true,1,
8001090832856,false,"פנטן קונדישנר מרוקאי משקם 660 מ""ל",פרוקטר & גמבל,RO,"פנטן מרכך מרוקאי משקם 660 מ""ל",00000,1,00000,false,6.0000,18.9,18.9000,true,1,
8001090832894,false,"פנטן קונדישנר לחות מוגברת 660 מ""ל",פרוקטר & גמבל,RO,"פנטן מרכך לחות מוגברת 660 מ""ל",00000,1,00000,false,6.0000,18.9,18.9000,true,1,
8001090832931,false,"פנטן קונדישנר למגע רך כמשי 660 מ""ל",פנטן Pantene,,"פנטן מרכך למגע רך כמשי 660 מ""ל",00000,1,00000,false,6.0000,18.9,18.9000,true,1,
8001090832979,false,"פנטן מרכך לתלתלים מושלמים 660 מ""ל",פנטן Pantene,,"פנטן מרכך לתלתלים מושלמים 660 מ""ל",00000,1,00000,false,6.0000,18.9,18.9000,true,1,
8001090833051,false,"פנטן מרכך הזנת קרטין 660 מ""ל",פנטן Pantene,,"פנטן מרכך הזנת קרטין 660 מ""ל",00000,1,00000,false,6.0000,18.9,18.9000,true,1,
8001090833136,false,אריאל ג'ל כביסה בייבי 2.255 ליטר,אריאל Ariel,FR,אריאל ג'ל כביסה בייבי 2.255 ליטר,00000,1,00000,false,4.0000,27.9,27.9000,false,1,
8001090886385,false,לנור כדוריות הבושם בניחוח רענן 140 גר,פרוקטר אנד גמבל,GB,לנור כדוריות הבושם בניחוח רענן 140 גר,00000,1,00000,false,6.0000,14.9,14.9000,false,1,
8001090886460,false,לנור כדוריות הבושם בניחוח אביבי 140 גר,פרוקטר אנד גמבל,GB,לנור כדוריות הבושם בניחוח אביבי 140 גר,00000,1,00000,false,6.0000,14.9,14.9000,false,1,
8001090993465,false,טמפקס קוטון קומפורט 16 יח נורמל,,,טמפקס קוטון קומפורט 16 יח נורמל,00000,1,00000,false,6.0000,19.9,19.9000,false,1,
8001090993502,false,טמפקס סופר 16 יח קוטון,,,טמפקס סופר 16 יח קוטון,00000,1,00000,false,6.0000,19.9,19.9000,false,1,
8001160000888,false,"גטורייד משקה ספורט תפוז 500 מ""ל",,,גטורייד ספורט תפוז,00000,1,00000,false,12.0000,10,9.7000,false,1,
8001359108319,false,ספא פארמה קרם יום 50 SPF25מ'ל,,,ספא פארמה קרם יום 50 SPF25מ'ל,00000,1,00000,false,0.0000,24.9,24.9000,true,1,
8001359108333,false,ספא פארמה קרם לחות אנטי אייג'ינג 50מ'ל,,,ספא פארמה קרם לחות אנטי אייג'ינג 50מ'ל,00000,1,00000,false,12.0000,24.9,24.9000,true,1,
8001359108340,false,ספא פארמה קרם לילה למיצוק 50מ'ל,,,ספא פארמה קרם לילה למיצוק 50מ'ל,00000,1,00000,false,0.0000,24.9,24.9000,true,1,
8001359108579,false,ספא פארמה סרום אנטי אייג'ינג 30מ'ל,,,ספא פארמה סרום אנטי אייג'ינג 30מ'ל,00000,1,00000,false,12.0000,24.9,24.9000,true,1,
8001620019160,false,"סן בנדטו אפרסק 400 מ""ל 12 יח'",אקווה מינרלה סאן בנד,IT,"סן בנדטו אפרסק 400 מ""ל 12 יח'",00000,1,00000,false,24.0000,5.9,5.6000,false,1,
8001620019177,false,"סן בנדטו ענבים 400 מ""ל 12 יח'",אקווה מינרלה סאן בנד,IT,"סן בנדטו ענבים 400 מ""ל 12 יח'",00000,1,00000,false,24.0000,5.9,5.6000,false,1,
8001673100181,false,אומגה מברשת גילוח מהודרת,,,אומגה מברשת גילוח מהודרת,00000,1,00000,false,0.0000,19.9,19.9000,false,1,
8001841053646,false,אולוויז תחבושות עבה נורמל פלוס 14 יח',,HU,אולוויז תחבושת נורמל פלוס 14יח מקסי,00000,1,00000,false,8.0000,12.9,12.9000,false,1,
8001841053684,false,אולוויז תחבושת מקסי לונג 12יח,פרוקטר & גמבל,HU,אולוויז תחבושת מקסי לונג 12יח,00000,1,00000,false,8.0000,12.9,12.9000,false,1,
8001841053806,false,תחבושות היגייניות אולוויז מקסי עבה לילה,פרוקטר & גמבל,DE,אולוויז תחבושת מקסי עבה לילה 9 יחידות,00000,1,00000,false,10.0000,12.9,12.9000,false,1,
8001841077949,false,מארז מגבוני פמפרס בניחוח מרענן - רביעייה,פרוקטר אנד גמבל,DE,מגבוני פמפרס פרש 4*52 יח,00000,1,00000,false,3.0000,16.9,16.9000,false,1,
8001841104751,false,"חיתולי פמפרס פרימיום קר שלב 1, 2-5 ק""ג",פרוקטר אנד גמבל,TR,פמפרס פרימיום VP חיתולים מידה 1,00000,1,00000,false,4.0000,29.9,29.9000,true,1,
8001841104799,false,"חיתולי פמפרס פרימיום קר שלב 2, 4-8 ק""ג",פרוקטר אנד גמבל,TR,פמפרס פרימיום VP חיתולים מידה 2,00000,1,00000,false,4.0000,29.9,29.9000,true,1,
8001841105093,false,"חיתולי פמפרס פרימיום קר שלב 6, +13 ק""ג",פרוקטר & גמבל,PL,פמפרס פרימיום VP מידה 6,00000,1,00000,false,0.0000,29.9,29.9000,true,1,
8001841370675,false,אולוויז תחבושת (ס) אולטרה נורמל 24 יח',,,אולוויז תחבושת (ס) אולטרה נורמל 24 יח',00000,1,00000,false,5.0000,13.9,13.9000,false,1,
8001841375762,false,לנור מרכך כביסה מרוכז זהב -750,,,לנור מרכך כביסה מרוכז זהב -750,00000,1,00000,false,12.0000,10,10.0000,false,1,
8001841375809,false,לנור מרכך כביסה מרוכז סגול -750,,,לנור מרכך כביסה מרוכז סגול -750,00000,1,00000,false,12.0000,10,10.0000,false,1,
8001841376042,false,לנור מרכך כביסה מרוכז שחור-750,,,לנור מרכך כביסה מרוכז שחור-750,00000,1,00000,false,12.0000,10,10.0000,false,1,
8001841376080,false,לנור מרכך כביסה מרוכז ירוק-750,,,לנור מרכך כביסה מרוכז ירוק-750,00000,1,00000,false,12.0000,10,10.0000,false,1,
8001841500799,false,"הרבל אסנסס - שמפו ללא סולפטים אלוורה ומנגו 380 מ""ל",הרבל אסנס Herbal Essences,FR,"הרבל אסנסס - שמפו ללא סולפטים אלוורה ומנגו 380 מ""ל",00000,1,00000,false,6.0000,14.9,14.9000,false,1,
8001841500942,false,"הרבל אסנסס - שמפו ללא סולפטים אלוורה ובמבוק 380 מ""ל",הרבל אסנס Herbal Essences,FR,"הרבל אסנסס - שמפו ללא סולפטים אלוורה ובמבוק 380 מ""ל",00000,1,00000,false,6.0000,14.9,14.9000,false,1,
8001841502298,false,"הרבל אסנסס - מרכך ללא סולפטים אלוורה ומנגו 275 מ""ל",הרבל אסנס Herbal Essences,FR,"הרבל אסנסס - מרכך ללא סולפטים אלוורה ומנגו 275 מ""ל",00000,1,00000,false,6.0000,14.9,14.9000,false,1,
8001841502601,false,"הרבל אסנסס - מרכך ללא סולפטים אלוורה ובמבוק 275 מ""ל",הרבל אסנס Herbal Essences,FR,"הרבל אסנסס - מרכך ללא סולפטים אלוורה ובמבוק 275 מ""ל",00000,1,00000,false,6.0000,14.9,14.9000,false,1,
8001841622439,false,אולוויז תחבושת (ס) דיסקריט תחתוני בוטיק M 9 יח',,,אולוויז תחבושת (ס) דיסקריט תחתוני בוטיק M 9 יח',00000,1,00000,false,8.0000,24.9,24.9000,false,1,
8001841625188,false,סבון כלים פלטינום לימון X3 פעולות להסרת שומנים,פרוקטר אנד גמבל,GB,"פיירי 515 מ""ל פלטיניום לימון",00000,1,00000,false,16.0000,8.9,8.9000,false,1,
8001841625287,false,סבון כלים פלטינום לימון X3 פעולות להסרת שומנים,פרוקטר אנד גמבל,TR,"פיירי פלטינום לימון החדש 1.015 מ""ל",00000,1,00000,false,8.0000,11.9,11.9000,false,1,
8001841625461,false,סבון כלים פלטינום X3 פעולות להסרת שומנים,פרוקטר אנד גמבל,GB,"פיירי 515 מ""ל פלטיניום אורגינל ירוק",00000,1,00000,false,16.0000,8.9,8.9000,false,1,
8001841625508,false,סבון כלים פלטינום X3 פעולות להסרת שומנים,פרוקטר אנד גמבל,TR,"פיירי פלטינום אורגינל החדש 1.015 מ""ל",00000,1,00000,false,8.0000,11.9,11.9000,false,1,
8001841660257,false,מסכת מינרלס במבוק לשיער חזק וארוך,פנטן Pantene,,"פנטן מיראקלס במבוק מסכה 160 מ""ל",00000,1,00000,false,6.0000,17.9,17.9000,false,1,
8001841660530,false,קרם לחות מינרלס במבוק + חלבון משקם לשיער ארוך,פנטן Pantene,FR,"פנטן מיראקלס במבוק קרם לחות 270 מ""ל",00000,1,00000,false,6.0000,19.9,19.9000,false,1,
8001841664866,false,"פנטן - שמפו סופר פוד 400 מ""ל",,,"פנטן - שמפו סופר פוד 400 מ""ל",00000,1,00000,false,24.0000,10.9,10.9000,false,1,
8001841665290,false,"פנטן - שמפו קלאסי 400 מ""ל",,,"פנטן - שמפו קלאסי 400 מ""ל",00000,1,00000,false,24.0000,10.9,10.9000,false,1,
8001841669465,false,אריאל קפסולות לכביסהבניחוח לנור 24 יח',פרוקטר אנד גמבל,FR,אריאל קפסולות 24 יח' בניחוח לנור,00000,1,00000,false,3.0000,29.9,29.9000,false,1,
8001841780818,false,פיירי - לימון 1.50 ליטר,פרוקטר & גמבל,TR,פיירי - לימון 1.50 ליטר,00000,1,00000,false,9.0000,12.9,12.9000,true,1,
8001841953540,false,אולוויז תחבושת (ס) אולטרה נורמל 26 יח' (חדש),,,אולוויז תחבושת (ס) אולטרה נורמל 26 יח' (חדש),00000,1,00000,false,5.0000,13.9,13.9000,false,1,
8001841953663,false,אולוויז תחבושת נורמל פלוס 38 יח',,,אולוויז תחבושת נורמל פלוס 38 יח',00000,1,00000,false,6.0000,19.9,19.9000,false,1,
8001841953793,false,אולוויז תחבושת (ס) אולטרה לונג 22 יח' (חדש),,,אולוויז תחבושת (ס) אולטרה לונג 22 יח' (חדש),00000,1,00000,false,3.0000,13.9,13.9000,false,1,
8001841953830,false,אולוויז תחבושת לונג פלוס 32 יח',,,אולוויז תחבושת לונג פלוס 32 יח',00000,1,00000,false,6.0000,19.9,19.9000,false,1,
8001841953991,false,אולוויז תחבושת לילה 28 יח',,,אולוויז תחבושת לילה 28 יח',00000,1,00000,false,6.0000,19.9,19.9000,false,1,
8001841958460,false,פיירי טבליות למדיח אורגינל הכל באחד - מארז 48 יח',פרוקטר אנד גמבל,BE,פיירי למדיח 48 יח',00000,1,00000,false,4.0000,32.9,32.9000,false,1,
8001841960081,false,פיירי טבליות למדיח פלטינום הכל באחד - מארז 37 יח',פרוקטר אנד גמבל,BE,פיירי פלטינום 37 יח',00000,1,00000,false,4.0000,32.9,32.9000,false,1,
8001841965987,false,אריאל גל כביסה 1 ליטר,,,אריאל גל כביסה 1 ליטר,00000,1,00000,false,4.0000,13.9,13.9000,false,1,
8001841971865,false,אולוויז תחבושת לילה בטוח 24 יח',,,אולוויז תחבושת לילה בטוח 24 יח',00000,1,00000,false,4.0000,19.9,19.9000,false,1,
8002910043476,false,Veet רצועות שעווה לקו ביקיני (16 יח'),,,Veet רצועות שעווה לקו ביקיני (16 יח'),00000,1,00000,false,12.0000,19.9,19.9000,false,1,
8004030344938,false,טונה בשמן זית ריו מרה שלישיה * 80 ג',"בולטון אלימנטרי בע""מ",IT,ריו מרה טונה בשמן זית 3X80 גרם חדש,00000,1,00000,false,0.0000,24.9,24.9000,false,1,
8005610328256,false,גוצי אוד אינטנס,,,גוצי אוד אינטנס,00000,1,00000,false,0.0000,479,479.0000,false,1,
8006540088692,false,הרבל אסנס מסיכה ארגן 450מל,,,הרבל אסנס מסיכה ארגן 450מל,00000,1,00000,false,6.0000,39.9,39.9000,false,1,
8006540091906,false,כדוריות הבושם בניחוח אריאל 140 ג' לנור,פרוקטר אנד גמבל,GB,לנור כדוריות בניחוח אריאל 140 גרם,00000,1,00000,false,6.0000,14.9,14.9000,false,1,
8006540110317,false,שמפו מינרלס ביוטין + במבוק לשיער חזק וארוך,פנטן Pantene,RO,"פנטן מיראקלס במבוק שמפו 400 מ""ל",00000,1,00000,false,6.0000,17.9,17.9000,false,1,
8006540115374,false,אריאל - קפסולות ג'ל למכונת כביסה 26 יח',,,אריאל - קפסולות ג'ל למכונת כביסה 26 יח',00000,1,00000,false,3.0000,29.9,29.9000,false,1,
8006540157374,false,מרכך מינרלס ביוטין + במבוק לשיער חזק וארוך,פנטן Pantene,FR,"פנטן מיראקלס במבוק מרכך 275 מ""ל",00000,1,00000,false,6.0000,17.9,17.9000,false,1,
8006540221068,false,מגן תחתון אלוויז וליופק לונג פלוס 40 יחי',פרוקטר,DE,אולוויז מגן תחתון וליופק לונג פלוס 40 יח,00000,1,00000,false,4.0000,12.9,12.9000,true,1,
8006540221341,false,אולוויז מגן תחתון וליופק לארג' 48 יחידות,,DE,אולוויז מגן תחתון וליופק לארג' 48 יחידות,00000,1,00000,false,4.0000,12.9,12.9000,true,1,
8006540221464,false,אולוויז מגן תחתון וליופק נורמל 56 יחידות,,,אולוויז מגן תחתון וליופק נורמל 56 יחידות,00000,1,00000,false,4.0000,12.9,12.9000,true,1,
8006540425930,false,קפסולות לכתמים קשים 24 יח' אריאל,פרוקטר אנד גמבל,FR,אריאל קפסולות 24 יח' לכתמים קשים,00000,1,00000,false,3.0000,29.9,29.9000,false,1,
8006540566701,false,אריאל ג'ל כביסה להסרת כתמים קשים 1.925 ליטר,,IT,אריאל ג'ל כביסה להסרת כתמים קשים 1.925 ליטר,00000,1,00000,false,4.0000,27.9,27.9000,false,1,
8006540592434,false,אולוויז תחבושות נורמל 28 יח,,,אולוויז תחבושות נורמל 28 יח,00000,1,00000,false,12.0000,13.9,13.9000,false,1,
8006540592465,false,אולוויז תחבושות לונג 24 יח,פרוקטר,DE,אולוויז תחבושות לונג 24 יח,00000,1,00000,false,6.0000,13.9,13.9000,false,1,
8006540592496,false,תחבושות אולוויז כפול לילה 20,פרוקטר,DE,אולוויז תחבושת נייט 20 יח,00000,1,00000,false,8.0000,13.9,13.9000,false,1,
8011003809219,false,VERSACE EROS EDT 100 ML,,,VERSACE EROS EDT 100 ML,00000,1,00000,false,0.0000,159.9,159.9000,false,1,
8011003813858,false,EROS EDT 200 ML,,,EROS EDT 200 ML,00000,1,00000,false,0.0000,239.9,239.9000,false,1,
8011003818112,false,BRIGHT CRYSTAL ABSOLU EDP 90 ML,,,BRIGHT CRYSTAL ABSOLU EDP 90 ML,00000,1,00000,false,0.0000,189.9,189.9000,false,1,
8011003826490,false,"ורסצ'ה פור הום דילאן בלו א.ד.ט 200 מ""ל",,,"ורסצ'ה פור הום דילאן בלו א.ד.ט 200 מ""ל",00000,1,00000,false,0.0000,239,239.0000,false,1,
8011003864089,false,MOSCHINO TOY BUBBLE GUM EDT 100,,,MOSCHINO TOY BUBBLE GUM EDT 100,00000,1,00000,false,0.0000,169.9,169.9000,false,1,
8011003993819,false,"ורסצ'ה ברייט קריסטל א.ד.ט 50 מ""ל",,,"ורסצ'ה ברייט קריסטל א.ד.ט 50 מ""ל",00000,1,00000,false,0.0000,155,155.0000,false,1,
8011003993826,false,RSACE BRIGHT CRYSTAL EDT VAPO 90ML,,,RSACE BRIGHT CRYSTAL EDT VAPO 90ML,00000,1,00000,false,0.0000,199,199.0000,false,1,
8011003995967,false,VER.POUR HOMME EDT 100ML,,,VER.POUR HOMME EDT 100ML,00000,1,00000,false,0.0000,169.9,169.9000,false,1,
8011530820022,false,TRUSSARDI DONNA EDP 100,,,TRUSSARDI DONNA EDP 100,00000,1,00000,false,0.0000,159.9,159.9000,false,1,
8017331031407,false,"BIOREPAIR - משחת שיניים להגנה מלאה 75 מ""ל",,,"BIOREPAIR - משחת שיניים להגנה מלאה 75 מ""ל",00000,1,00000,false,0.0000,10,10.0000,false,1,
8017331031421,false,"BIOREPAIR - משחה לשיניים רגישות 75 מ""ל",,,"BIOREPAIR - משחה לשיניים רגישות 75 מ""ל",00000,1,00000,false,0.0000,10,10.0000,false,1,
8017331039731,false,BLANX WHITE SHOCK 50 ML+LED,,,BLANX WHITE SHOCK 50 ML+LED,00000,1,00000,false,0.0000,39.9,39.9000,false,1,
8017331051573,false,משחת שיניים וויט שוק להלבנה White Shock,בלנקס Blanx,,BLANX WHITE SHOCK 75 ML,00000,1,00000,false,0.0000,29.9,29.9000,false,1,
8017331054215,false,BIOREPAIR - משחת שיניים להלבנה,,,BIOREPAIR - משחת שיניים להלבנה,00000,1,00000,false,0.0000,10,10.0000,false,1,
8017331055427,false,וויט שוק White Shock ערכת טיפול להלבנת שיניים,בלנקס Blanx,,BLANX WHITE SHOCK KIT,00000,1,00000,false,0.0000,79.9,79.9000,false,1,
8017331057582,false,FILA - Deo Spray LONG TERM ACT 150ml לגבר,,,FILA - Deo Spray LONG TERM ACT 150ml לגבר,00000,1,00000,false,12.0000,10,10.0000,false,1,
8017331057605,false,FILA - Deo Spray extra FRESH 150ml לגבר,,,FILA - Deo Spray extra FRESH 150ml לגבר,00000,1,00000,false,12.0000,10,10.0000,false,1,
8017331057629,false,FILA - Deo Spray NATURAL 150ml לגבר,,,FILA - Deo Spray NATURAL 150ml לגבר,00000,1,00000,false,12.0000,10,10.0000,false,1,
8017331057643,false,FILA Deo - Spray extra delicate 150ml לגבר,,,FILA Deo - Spray extra delicate 150ml לגבר,00000,1,00000,false,12.0000,10,10.0000,false,1,
8017331058329,false,BIOREPAIR - ראש קונוס גומי מרענן 40 סופט,,,BIOREPAIR - ראש קונוס גומי מרענן 40 סופט,00000,1,00000,false,12.0000,24.9,24.9000,false,1,
8017331060056,false,BIOREPAIR - קיסם + חוט מרענן 36,,,BIOREPAIR - קיסם + חוט מרענן 36,00000,1,00000,false,0.0000,14.9,14.9000,false,1,
8017331060070,false,BIOREPAIR - ראש קונוס גומי מרענן 40,,,BIOREPAIR - ראש קונוס גומי מרענן 40,00000,1,00000,false,12.0000,24.9,24.9000,false,1,
8017331060131,false,BIOREPAIR - מברשת שיניים סופר סופט,,,BIOREPAIR - מברשת שיניים סופר סופט,00000,1,00000,false,12.0000,14.9,14.9000,false,1,
8017331073490,false,"BLANX - מי פה שחור 500 מ""ל",,,"BLANX - מי פה שחור 500 מ""ל",00000,1,00000,false,12.0000,19.9,19.9000,false,1,
8017331074039,false,BLANX - משחת שיניים פחם להלבנה שפורפרת,,,BLANX - משחת שיניים פחם להלבנה שפורפרת,00000,1,00000,false,0.0000,27.9,27.9000,false,1,
8018080426926,false,אוזניות TWS יוקרתיות - לבן פוג'יקום,,,אוזניות TWS יוקרתיות - לבן פוג'יקום,00000,1,00000,false,1.0000,99.9,99.9000,false,1,
8018365070264,false,VERSACE CRYSTAL NOIR EDP VAPO 50ML,,,VERSACE CRYSTAL NOIR EDP VAPO 50ML,00000,1,00000,false,0.0000,170,170.0000,false,1,
8018365071469,false,VERSACE CRYSTAL NOIR EDT VAPO 90ML,,,VERSACE CRYSTAL NOIR EDT VAPO 90ML,00000,1,00000,false,0.0000,199,199.0000,false,1,
8018365500037,false,VERSACE MAN EAU FRAICHE EDT VAPO 100ML,,,VERSACE MAN EAU FRAICHE EDT VAPO 100ML,00000,1,00000,false,0.0000,239,239.0000,false,1,
8033488156329,false,XERJOFF ERBA PURA EDP 100ML,,,XERJOFF ERBA PURA EDP 100ML,00000,1,00000,false,0.0000,749,749.0000,false,1,
8076800000139,false,ברילה פרפלה (פרפר) 265 - 500 גרם,,,ברילה פרפלה (פרפר) 265 - 500 גרם,00000,1,00000,false,30.0000,6.9,6.9000,true,1,
8076800195033,false,ברילה - צ.א ספגטיני מס3 חדש 500 גרם,ברילה גי.אי.אר פרטלי,IT,ברילה - צ.א ספגטיני מס3 חדש 500 גרם,00000,1,00000,false,35.0000,6.9,6.9000,true,1,
8076800195071,false,ספגטי מס 7 ברילה 500,,,ברילה ספגטי מס 7,00000,1,00000,false,35.0000,6.9,6.9000,true,1,
8076802085738,false,ברילה - צ.ק פנה רגטה חדש 500 גרם,ברילה גי.אי.אר פרטלי,IT,ברילה - צ.ק פנה רגטה חדש 500 גרם,00000,1,00000,false,30.0000,6.9,6.9000,true,1,
8076809513388,false,ברילה - רוטב ארביאטה 400 גרם,ברילה גי.אי.אר פרטלי,IT,ברילה - רוטב ארביאטה 400 גרם,00000,1,00000,false,6.0000,12.9,12.9000,true,1,
8076809513654,false,בסיס רוטב עגבניות לבולונז 400 ג' ברילה,ברילה גי.אי.אר פרטלי,IT,ברילה - רוטב לבולונז 400 גרם,00000,1,00000,false,6.0000,12.9,12.9000,true,1,
8076809513692,false,רוטב פסטה ברילה נפוליטנה 400ג',ברילה גי.אי.אר פרטלי,IT,ברילה - רוטב נפולטנה 400 גרם,00000,1,00000,false,6.0000,12.9,12.9000,true,1,
8076809513739,false,רוטב פסטה ברילה בזיליקום 400 ג',ברילה גי.אי.אר פרטלי,IT,ברילה - רוטב בזיליקום 400 גרם,00000,1,00000,false,6.0000,12.9,12.9000,true,1,
8121300206946,false,ממתיק סיטיביה טרוביה 80 שקיות אישיות,טרוביה Truvia,,טרוביה - סטיביה ממתיק 80 שקיקים 80 גרם,00000,1,00000,false,0.0000,24.9,24.9000,false,1,
8121300208780,false,תחליף סוכר לכל מטרה 360 ג' טרוביה,טרוביה Truvia,,טרוביה תחליף סוכר לכל מטרה 360ג,00000,1,00000,false,6.0000,34.9,34.9000,false,1,
8410076600479,false,נ.וואלי קראנצ'י שבבי שוקולד,גנרל מילס,ES,נ.וואלי קראנצ'י שבבי שוקולד,00000,1,00000,false,5.0000,10,10.0000,false,1,
8410076600790,false,נייצ'ר ואלי - חטיף שיבולת שועל עם דבש 210 גרם 1/5,גנרל מילס,ES,נייצ'ר ואלי - חטיף שיבולת שועל עם דבש 210 גרם 1/5,00000,1,00000,false,5.0000,10,10.0000,false,1,
8410076600806,false,נייצ'ר וואלי - חטיף שיבולת שועל סירוף מייפל 210 גרם 1/5,גנרל מילס,ES,נייצ'ר וואלי - חטיף שיבולת שועל סירוף מייפל 210 גרם 1/5,00000,1,00000,false,5.0000,10,10.0000,false,1,
8410076610492,false,סוויט אנד סולטי שוקולד מריר בציפוי חמאת בוטנים,יבואן ומשווק: ש. שסט,,"נייטשר וואלי צ'ואי בוטנים, חמישיה 5 * 30 גרם",00000,1,00000,false,0.0000,13.9,13.9000,false,1,
8410076610508,false,"נייטשר וואלי צ'ואי שוקולד מריר בוטנים ושקדים, חמישיה 5 * 30 גרם",נייצ'ר ואלי Nature Valley,,"נייטשר וואלי צ'ואי שוקולד מריר בוטנים ושקדים, חמישיה 5 * 30 גרם",00000,1,00000,false,0.0000,13.9,13.9000,false,1,
8410076621009,false,עוגות אישיות בטעם קרמל עם חתיכות בטעם קרמל מלוח,"גלאטס סירו בע""מ",ES,פייבר וואן - קרמל מלוח 5 * 24 גרם,00000,1,00000,false,12.0000,10,10.0000,false,1,
8410076621047,false,עוגות אישיות בטעם שוקולד עם חתיכות בטעם שוקולד,"גלאטס סירו בע""מ",ES,פייבר וואן - שוקולד בראוניז פאדג' 5 * 24 גרם,00000,1,00000,false,12.0000,10,10.0000,false,1,
8410104039134,false,"פיניש מנקה ומחדש מדיח 250מ""ל",הדקלאים אגודת שיתופי,PL,פיניש מנקה ומחדש,00000,1,00000,false,0.0000,11.9,11.9000,false,1,
8410104045111,false,"פיניש מלח למדיח כלים 2ק""ג",פ.פ.ח. שאביט,IL,"פיניש מלח למדיח כלים 2ק""ג",00000,1,00000,false,0.0000,11.9,11.9000,false,1,
8410104425906,false,שעווה חמה בניחוח יסמין,רקיט בנקיזר,FR,Veet שעווה חמה,00000,1,00000,false,12.0000,19.9,19.9000,false,1,
8410104511340,false,רצועות שעווה מוכנות לעור יבש עם אלוורה,רקיט בנקיזר,FR,Veet רצועות שעווה לעור יבש (12 יח'),00000,1,00000,false,6.0000,19.9,19.9000,false,1,
8410104882877,false,איירויק מכשיר שחור + מילוי WHITE ROSE,,,איירויק מכשיר שחור + מילוי WHITE ROSE,00000,1,00000,false,4.0000,39.9,39.9000,false,1,
8410104882884,false,איירויק מכשיר לבן + מילוי FLOWERS,,,איירויק מכשיר לבן + מילוי FLOWERS,00000,1,00000,false,4.0000,39.9,39.9000,false,1,
8411061026342,false,CH GOOD GIRL EDP 80ML,,,CH GOOD GIRL EDP 80ML,00000,1,00000,false,0.0000,359.9,359.9000,false,1,
8411061043844,false,212VIP BLACK EDP 100ML חדש,,,212VIP BLACK EDP 100ML חדש,00000,1,00000,false,0.0000,219,219.0000,false,1,
8411061043868,false,CAROLINA HERRERA MEN E.D.T SP. 100ML,,,CAROLINA HERRERA MEN E.D.T SP. 100ML,00000,1,00000,false,0.0000,169.9,169.9000,false,1,
8411061777176,false,VIP ROSE EDP 80ML,,,VIP ROSE EDP 80ML,00000,1,00000,false,0.0000,225,225.0000,false,1,
8411061777183,false,212VIP ROSE EDP 50ML,,,212VIP ROSE EDP 50ML,00000,1,00000,false,0.0000,209.9,209.9000,false,1,
8411061865439,false,.CA HERREAR 212 SEXY E.D.P NS 100ML,,,.CA HERREAR 212 SEXY E.D.P NS 100ML,00000,1,00000,false,0.0000,225,225.0000,false,1,
8411061865583,false,"קרולינה הררה 212 סקסי א.ד.ט 100 מ""ל",,,"קרולינה הררה 212 סקסי א.ד.ט 100 מ""ל",00000,1,00000,false,0.0000,169.9,169.9000,false,1,
8411061923245,false,CH BAD BOY EDT 100ML,,,CH BAD BOY EDT 100ML,00000,1,00000,false,0.0000,339,339.0000,false,1,
8411061972656,false,212HEROES MEN EDT 90ML,,,212HEROES MEN EDT 90ML,00000,1,00000,false,0.0000,299,299.0000,false,1,
8414719407036,false,בודי נאטור רצועות שעווה ביקיני ובית שחי עם,,,בודי נאטור רצועות שעווה ביקיני ובית שחי עם,00000,1,00000,false,12.0000,10,10.0000,false,1,
8414719407272,false,בודי נאטור עט שעווה לחיץ להסרת שיער פנים,,,בודי נאטור עט שעווה לחיץ להסרת שיער פנים,00000,1,00000,false,0.0000,19.9,19.9000,false,1,
8420822130600,false,"ספריי סופר מסיר שומנים 750מ""ל יעקבי",יעקבי,,KH-7 סופר מסיר שומנים 750מל,00000,1,00000,false,0.0000,17.9,17.9000,false,1,
8420822130624,false,"ספריי סופר מסיר כתמים 750מ""ל יעקבי",יעקבי,,KH-7 סופר מסיר כתמים 750מל,00000,1,00000,false,0.0000,19.9,19.9000,false,1,
8423207206488,false,מרבה סלים דליס שוקולד חלב 120 גרם,אף.סי תבליני בגליל ב,ES,מרבה סלים דליס שוקולד חלב חדש,00000,1,00000,false,0.0000,10,10.0000,false,1,
8426617371630,false,הריבו - פסטה בסטה 175 גרם,,,הריבו - פסטה בסטה 175 גרם,00000,1,00000,false,18.0000,9.9,9.9000,false,1,
8430340053084,false,"לייסר - קידס משחת שיניים ג'ל תות (2-6) 50 מ""ל",,,"לייסר - קידס משחת שיניים ג'ל תות (2-6) 50 מ""ל",00000,1,00000,false,60.0000,11.9,11.9000,false,1,
8431754342016,false,"הלווין אדט לאישה 100 מ""ל - חיסוס דל פוזו",,,"הלווין אדט לאישה 100 מ""ל - חיסוס דל פוזו",00000,1,00000,false,0.0000,109.9,109.9000,false,1,
8431754462516,false,"הלווין ג.אדט 125 מ""ל",,,"הלווין ג.אדט 125 מ""ל",00000,1,00000,false,0.0000,189.9,189.9000,false,1,
8435054646096,false,"צבע לגבות חום EYEBROW BLACK 15 מ""ל",,,"צבע לגבות חום EYEBROW BLACK 15 מ""ל",00000,1,00000,false,48.0000,24.9,24.9000,false,1,
8435137729180,false,"פראדה לונה רוסה א.ד.ט 100 מ""ל",,,"פראדה לונה רוסה א.ד.ט 100 מ""ל",00000,1,00000,false,0.0000,260,260.0000,false,1,
8435137743155,false,אינפיוזן איריס 100,,,אינפיוזן איריס 100,00000,1,00000,false,0.0000,349,349.0000,false,1,
8435415030885,false,JPG SCANDAL PH EDT 100ML,,,JPG SCANDAL PH EDT 100ML,00000,1,00000,false,0.0000,400,400.0000,false,1,
8435415058346,false,"סו סקנדל אדפ 80 מ""ל חדש",,,"סו סקנדל אדפ 80 מ""ל חדש",00000,1,00000,false,0.0000,249.9,249.9000,false,1,
8435495805168,false,"תינוקלין לכביסה לעור רגיש אולימפיק 1.25ק""ג",מולינו ניקולי s.p.a,TR,"תינוקלין - אבקת כביסה 1.25 ק""ג",00000,1,00000,false,0.0000,19.9,19.9000,false,1,
8435495807605,false,תינוקלין - מרכך כביסה היפואלרגני 1 ליטר,מולינו ניקולי s.p.a,TR,תינוקלין - מרכך כביסה היפואלרגני 1 ליטר,00000,1,00000,false,0.0000,14.9,14.9000,false,1,
8435495819363,false,תינוקלין - מרכך כביסה פרש & ג'נטל 1 ליטר,תינוקלין,,תינוקלין - מרכך כביסה פרש & ג'נטל 1 ליטר,00000,1,00000,false,0.0000,14.9,14.9000,false,1,
8436048962697,false,פיליפינוס שוקולד לבן 128 גרם,,,פיליפינוס שוקולד לבן 128 גרם,00000,1,00000,false,12.0000,6.9,6.9000,false,1,
8470002636651,false,ג'ינג'י - שטיפת פה להגנת החניכיים (ללא אלכוהול),לאסר LACER,,"לייסר - ג'ינג'י שטיפת פה 500 מ""ל",00000,1,00000,false,15.0000,23.9,23.9000,true,1,
8681124614452,false,"לילאס באיראק א.ד.פ 100 מ""ל",,,"לילאס באיראק א.ד.פ 100 מ""ל",00000,1,00000,false,0.0000,299,299.0000,true,1,
8681124614469,false,"לילס בורדו א.ד.פ 100 מ""ל",,,"לילס בורדו א.ד.פ 100 מ""ל",00000,1,00000,false,0.0000,299,299.0000,true,1,
8681124614476,false,"לילס נייבי א.ד.פ 100 מ""ל",,,"לילס נייבי א.ד.פ 100 מ""ל",00000,1,00000,false,0.0000,299,299.0000,true,1,
8681124614483,false,"לילס PINKY א.ד.פ 100 מ""ל",,,"לילס PINKY א.ד.פ 100 מ""ל",00000,1,00000,false,0.0000,299,299.0000,true,1,
8681124617026,false,"לילס BABYLON אוד א.ד.פ 100 מ""ל",,,"לילס BABYLON אוד א.ד.פ 100 מ""ל",00000,1,00000,false,0.0000,299,299.0000,true,1,
8681823032380,false,"GOOD PHARM - אלכוג'ל 100 מ""ל",,,"GOOD PHARM - אלכוג'ל 100 מ""ל",00000,1,00000,false,48.0000,8.9,8.9000,true,1,
8683130025581,false,"בדין - מרכך כביסה אקסטרא ענבר 960 מ""ל",יונילוור - תורכיה,TR,"בדין - מרכך כביסה אקסטרא ענבר 960 מ""ל",00000,1,00000,false,16.0000,14.9,14.9000,false,1,
8683323063024,false,ממתק בטעם תותי פרוטי בצורת שטיח,מוטקה החולב,TR,יוגטה שטיחים תותי פרוטי 220 גרם,00000,1,00000,false,30.0000,7.9,7.9000,true,1,
8690530015043,false,סלפאק מגבות מטבח שישיה 3 שכבות,איפק,,סלפאק מגבות מטבח שישיה 3 שכבות,00000,1,00000,false,0.0000,16.9,16.9000,false,1,
8690530016514,false,מפיות סלפאק 2 שכבות 75 יח',,,מפיות סלפאק 2 שכבות 75 יח',00000,1,00000,false,20.0000,8.9,8.9000,false,1,
8690530029330,false,מפיות קולקשן מודפס 20 יח' סלפק,,,מפיות סלפאק 20 יחידות מעוצבות,00000,1,00000,false,20.0000,7.9,7.9000,false,1,
8690530032866,false,מפיות סלפאק קומפורט חד שכבתיות 100,,,מפיות סלפאק קומפורט חד שכבתיות 100,00000,1,00000,false,24.0000,6.9,6.9000,false,1,
8690530032880,false,מפיות סלפאק קומפורט חד שכבתיות 200,,,מפיות סלפאק קומפורט חד שכבתיות 200,00000,1,00000,false,10.0000,10,10.0000,false,1,
8690530036444,false,נייר מגבות ג'מבו סלפאק קומפורט 2 שכבות 1=6,,TR,נייר מגבות ג'מבו סלפאק קומפורט 2 שכבות 1=6,00000,1,00000,false,1.0000,12.9,12.9000,false,1,
8690530036727,false,ממחטות סלפאק 100 יח,,,ממחטות סלפאק 100,00000,1,00000,false,15.0000,8.9,8.9000,true,1,
8690530036741,false,ממחטות בוטיק סלפאק,,,ממחטות בוטיק SELPAK,00000,1,00000,false,20.0000,7.9,7.9000,true,1,
8690530044791,false,נייר מגבות סלפאק 3 שכבות במבוק 12 -חדש,,,נייר מגבות סלפאק 3 שכבות במבוק 12 -חדש,00000,1,00000,false,0.0000,24.9,24.9000,false,1,
8690530151338,false,"סלפאק קלאסי ממחטות אף אריזת כיס, 10 יח'",,,ממחטות סלפאק פרמיום עשריות קלאסי,00000,1,00000,false,0.0000,9.9,9.9000,true,1,
8690530151345,false,ממחטות סלפאק פרמיום עשריות מנטול,,,ממחטות סלפאק פרמיום עשריות מנטול,00000,1,00000,false,0.0000,9.9,9.9000,true,1,
8690530151352,false,ממחטות סלפאק פרמיום עשריות פרחים,,,ממחטות סלפאק פרמיום עשריות פרחים,00000,1,00000,false,0.0000,9.9,9.9000,true,1,
8690530161320,false,ממחטות סלפאק פרמיום עשריות לושיין,,,ממחטות סלפאק פרמיום עשריות לושיין,00000,1,00000,false,0.0000,9.9,9.9000,true,1,
8690530212220,false,ממחטות בוטיק 3 שכבות 48 יח' סלפק,,,ממחטות בוטיק SELPAK,00000,1,00000,false,20.0000,7.9,7.9000,true,1,
8690530274471,false,נייר טואלט סלפאק קומפורט 2 שכבות 32,,TR,נייר טואלט סלפאק קומפורט 2 שכבות 32,00000,1,00000,false,3.0000,37.9,37.9000,false,1,
8690530284463,false,נייר טואלט 3 שכבות 32 גלילים סלפאק,,TR,נייר.ט.סלפאק 3 שכבות,00000,1,00000,false,3.0000,49.9,49.9000,true,1,
8690530324824,false,נייר טואלט סלפאק 3 שכבות 32 גלילים ריחני,,,נייר טואלט סלפאק 3 שכבות 32 גלילים ריחני,00000,1,00000,false,3.0000,49.9,49.9000,true,1,
8690530324930,false,נייר טואלט דו שכבתי 32 גליל SILEN,איפק,,נייר טואלט סילאן 2 שכבות 32,00000,1,00000,false,3.0000,29.9,29.9000,false,1,
8690530615120,false,שישיית מגבות מטבח סילין,,,מגבות סילאן 2 שכבות 6,00000,1,00000,false,4.0000,11.9,11.9000,false,1,
8690570538809,false,טבליות למדיח קלאסיק 60 יח' פיניש,,,פיניש טבליות קלאסי 60 יח',00000,1,00000,false,6.0000,29.9,29.9000,false,1,
8690572783931,false,"פה - דאודורנט ספריי לגבר אינוויזיבל פאוואר 200 מ""ל",,,"פה - דאודורנט ספריי לגבר אינוויזיבל פאוואר 200 מ""ל",00000,1,00000,false,0.0000,10,10.0000,false,1,
8690572784303,false,שמפו גליס Gliss לשיער ארוך Supreme Length,שוורצקוף Schwarzkopf,,"גליס - שמפו לאורך מושלם 400 מ""ל",00000,1,00000,false,0.0000,11.9,11.9000,false,1,
8690572786222,false,מרכך גליס Gliss לשיער ארוך Supreme Length,שוורצקוף Schwarzkopf,,"גליס - מרכך לאורך מושלם 400 מ""ל",00000,1,00000,false,0.0000,11.9,11.9000,false,1,
8690572788851,false,"גליס - שמפו ביו טק 400 מ""ל",,,"גליס - שמפו ביו טק 400 מ""ל",00000,1,00000,false,0.0000,11.9,11.9000,false,1,
8690572788912,false,"גליס - ביו טק מרכך 400 מ""ל",,,"גליס - ביו טק מרכך 400 מ""ל",00000,1,00000,false,0.0000,11.9,11.9000,false,1,
8690572799482,false,"מרכך לשיער גלי ומתולתל סאיוס 500מ""ל",,,"סאיוס - מרכך קרטין 500 מ""ל",00000,1,00000,false,0.0000,10,10.0000,false,1,
8690572799505,false,"סאיוס - מרכך לשיער דליל 500 מ""ל",,,"סאיוס - מרכך לשיער דליל 500 מ""ל",00000,1,00000,false,0.0000,10,10.0000,false,1,
8690572799512,false,"מרכך לחיזוק שורשי סיב השערה סאיוס 500מ""ל",,,"סאיוס - מרכך תלתלים 500 מ""ל",00000,1,00000,false,0.0000,10,10.0000,false,1,
8690572799529,false,"סאיוס - שמפו קרטין 500 מ""ל",,,"סאיוס - שמפו קרטין 500 מ""ל",00000,1,00000,false,0.0000,10,10.0000,false,1,
8690572799543,false,"שמפו לחזיק שורשי סיב השערה סאיוס 500מ""ל",,,"סאיוס - שמפו לשיער דליל 500 מ""ל",00000,1,00000,false,0.0000,10,10.0000,false,1,
8690572799550,false,"שמפו לשיער גלי ומתולתל סאיוס 500מ""ל",,,"סאיוס - שמפו תלתלים 500 מ""ל",00000,1,00000,false,0.0000,10,10.0000,false,1,
8690637505935,false,"תרחיץ ידיים שמן אבוקדו ותמצית קלנדולה 500 מ""ל דאב",דאב Dove,,"דאב - סבון ידיים אבוקדו 500 מ""ל",00000,1,00000,false,12.0000,12.9,12.9000,false,1,
8690637506956,false,"דאב שמפו נגד קשקשים אלוורה 600 מ""ל",,,"דאב - שמפו למניעת קשקשים 600 מ""ל",00000,1,00000,false,16.0000,14.9,14.9000,false,1,
8690637555084,false,"בדין - מרכך כביסה אקסטרה לבן 960 מ""ל",יוניליוור סנאיי וי ט,TR,"בדין - מרכך כביסה אקסטרה לבן 960 מ""ל",00000,1,00000,false,0.0000,14.9,14.9000,false,1,
8690637704277,false,"שמפו ומרכך לשיער רגיל 600 מ""ל דאב",יונילוור - תורכיה,TR,"דאב - שמפו יום יומי 2ב1 600 מ""ל",00000,1,00000,false,16.0000,14.9,14.9000,false,1,
8690637704376,false,שמפו יום יומי לשיער רגיל,יוניליוור טורקיה. אז,TR,"דאב - שמפו יום יומי 600 מ""ל",00000,1,00000,false,16.0000,14.9,14.9000,false,1,
8690637704390,false,"מרכך לשיער רגיל 600 מ""ל דאב",יוניליוור טורקיה. אז,TR,"דאב - מרכך יום יומי 600 מ""ל",00000,1,00000,false,16.0000,14.9,14.9000,false,1,
8690637704451,false,מרכך עם שמני הזנה לטיפוח לשיער יבש,יוניליוור טורקיה. אז,TR,"דאב - מרכך שמני הזנה 600 מ""ל",00000,1,00000,false,16.0000,14.9,14.9000,false,1,
8690637865589,false,"דאב תרחיץ ידיים בניחוח מלפפונים 500 מ""ל",,,"דאב - סבון ידיים מלפפון 500 מ""ל",00000,1,00000,false,12.0000,12.9,12.9000,false,1,
8690637865596,false,"סבון ידיים דאב הזנה עמוקה 500 מ""ל",קוסטר אירוסול ולף סנ,TR,"דאב - סבון ידיים הזנה 500 מ""ל",00000,1,00000,false,12.0000,12.9,12.9000,false,1,
8690637946301,false,"בדין - מרכך כביסה אקסטרא בייביי כחול 960 מ""ל",יוניליוור סנאיי וי ט,TR,"בדין - מרכך כביסה אקסטרא בייביי כחול 960 מ""ל",00000,1,00000,false,16.0000,14.9,14.9000,false,1,
8690784516440,false,"דאק נוזל ג'ל לניקוי מתקדם בניחות לבנדר 750 מ""ל",SC Jonson,,"דאק נוזל לבנדר 750מ""ל",00000,1,00000,false,12.0000,10,10.0000,false,1,
8691900172731,false,קוטקס מגן תחתון קוטון 56 יח',,,קוטקס מגן תחתון קוטון 56 יח',00000,1,00000,false,16.0000,15.9,15.9000,false,1,
8691900174032,false,קוטקס תחבושות נורמל 24 יח,,,קוטקס תחבושות נורמל 24 יח,00000,1,00000,false,12.0000,16.9,16.9000,false,1,
8691900174049,false,קוטקס תחבושות אולטרה לונג 18 יח',,,קוטקס תחבושות לונג 18 יח,00000,1,00000,false,12.0000,16.9,16.9000,false,1,
8691900174056,false,קוטקס תחבושות אולטרה לילה 16 י',,,קוטקס תחבושות לילה 16 יח,00000,1,00000,false,12.0000,16.9,16.9000,false,1,
8692229002075,false,CREATION NO3562 CRED 30 ML MEN,,,CREATION NO3562 CRED 30 ML MEN,00000,1,00000,false,0.0000,29.9,29.9000,false,1,
8692229003256,false,CREATION NO2855 BLACK OPTIMUM 30 ML WOMEN,,,CREATION NO2855 BLACK OPTIMUM 30 ML WOMEN,00000,1,00000,false,0.0000,29.9,29.9000,false,1,
8692229004512,false,CREATION NO2170 ADORE 30 ML WOMEN,,,CREATION NO2170 ADORE 30 ML WOMEN,00000,1,00000,false,0.0000,29.9,29.9000,false,1,
8692229004529,false,"CREATIONלאישה תואם 30 212 VIPמ""ל",,,"CREATIONלאישה תואם 30 212 VIPמ""ל",00000,1,00000,false,0.0000,29.9,29.9000,false,1,
8692229004703,false,"CREATIONלאישה תואם מיס דיור שרי 30מ""ל",,,"CREATIONלאישה תואם מיס דיור שרי 30מ""ל",00000,1,00000,false,0.0000,29.9,29.9000,false,1,
8692229004758,false,"CREATION INVICTYUS25 מ""ל גברים",,,"CREATION INVICTYUS25 מ""ל גברים",00000,1,00000,false,12.0000,29.9,29.9000,false,1,
8692229004772,false,CREATION NO3519 ALLORE SPORT 30 ML MEN,,,CREATION NO3519 ALLORE SPORT 30 ML MEN,00000,1,00000,false,0.0000,29.9,29.9000,false,1,
8692229062390,false,"CREATION OLIMPIA30 מ""ל נשים",,,"CREATION OLIMPIA30 מ""ל נשים",00000,1,00000,false,12.0000,29.9,29.9000,false,1,
8692229063090,false,"CREATIONלאישה תואם ג'וצי פלורה 30מ""ל",,,"CREATIONלאישה תואם ג'וצי פלורה 30מ""ל",00000,1,00000,false,0.0000,29.9,29.9000,false,1,
8692229063137,false,"CREATIONלגבר תואם 30 212 VIPמ""ל",,,"CREATIONלגבר תואם 30 212 VIPמ""ל",00000,1,00000,false,0.0000,29.9,29.9000,false,1,
8692229063182,false,CREATION OFORIA 25 ML WOMEN,,,CREATION OFORIA 25 ML WOMEN,00000,1,00000,false,0.0000,29.9,29.9000,false,1,
8693495050333,false,"פלמוליב סבון נוזלי לגבר לימון ירוק 500 מ""ל",פלמוליב Palmolive,,"פלמוליב - לגבר ג'ל רחצה ושמפו לימון 500 מ""ל",00000,1,00000,false,12.0000,12.9,12.9000,true,1,
8693495053792,false,סבון פלמוליב זית 4*90 גר',,,פלמוליב ס.מוצק 4X ירוק,00000,1,00000,false,18.0000,10,10.0000,false,1,
8696814032324,false,GOOD&GLOW נאון מספר N02,,,GOOD&GLOW נאון מספר N02,00000,1,00000,false,0.0000,7.9,7.9000,true,1,
8696814032454,false,GOOD&GLOWלק מספר N15,,,GOOD&GLOWלק מספר N15,00000,1,00000,false,0.0000,7.9,7.9000,true,1,
8696814062154,false,GOOD&GLOWלק נאון מספר n 15,,,GOOD&GLOWלק נאון מספר n 15,00000,1,00000,false,0.0000,7.9,7.9000,true,1,
8696814062192,false,GOOD&GLOW לק נאון מספר n 19,,,GOOD&GLOW לק נאון מספר n 19,00000,1,00000,false,0.0000,7.9,7.9000,true,1,
8696814065049,false,GOOD&GLOWלק 3D - מספר 04,,,GOOD&GLOWלק 3D - מספר 04,00000,1,00000,false,0.0000,7.9,7.9000,true,1,
8696814065117,false,GOOD&GLOW לק 3D - מספר 11,,,GOOD&GLOW לק 3D - מספר 11,00000,1,00000,false,0.0000,7.9,7.9000,true,1,
8696814065124,false,GOOD&GLOW לק 3D - מספר 12,,,GOOD&GLOW לק 3D - מספר 12,00000,1,00000,false,0.0000,7.9,7.9000,true,1,
8696814065193,false,GOOD&GLOW לק 3D - מספר 19,,,GOOD&GLOW לק 3D - מספר 19,00000,1,00000,false,0.0000,7.9,7.9000,true,1,
8696814065278,false,GOOD&GLOWלק 3D - מספר 27,,,GOOD&GLOWלק 3D - מספר 27,00000,1,00000,false,0.0000,7.9,7.9000,true,1,
8696814065315,false,GOOD&GLOW לק 3D - מספר 31,,,GOOD&GLOW לק 3D - מספר 31,00000,1,00000,false,0.0000,7.9,7.9000,true,1,
8696814065391,false,GOOD&GLOW לק 3D - מספר 39,,,GOOD&GLOW לק 3D - מספר 39,00000,1,00000,false,0.0000,7.9,7.9000,true,1,
8696814065483,false,GOOD&GLOW לק 3D- מספר 48,,,GOOD&GLOW לק 3D- מספר 48,00000,1,00000,false,0.0000,7.9,7.9000,true,1,
8696814065568,false,GOOD&GLOW לק 3D -מספר 56,,,GOOD&GLOW לק 3D -מספר 56,00000,1,00000,false,0.0000,7.9,7.9000,true,1,
8696814065575,false,GOOD&GLOW לק 3D - מספר 57,,,GOOD&GLOW לק 3D - מספר 57,00000,1,00000,false,0.0000,7.9,7.9000,true,1,
8696814065582,false,GOOD&GLOW לק 3D - מספר 58,,,GOOD&GLOW לק 3D - מספר 58,00000,1,00000,false,0.0000,7.9,7.9000,true,1,
8696814065612,false,GOOD&GLOW לק 3D מ-ספר 61,,,GOOD&GLOW לק 3D מ-ספר 61,00000,1,00000,false,0.0000,7.9,7.9000,true,1,
8696814065636,false,GOOD&GLOW לק 3D- מספר 63,,,GOOD&GLOW לק 3D- מספר 63,00000,1,00000,false,0.0000,7.9,7.9000,true,1,
8696814065667,false,GOOD&GLOW לק 3D- מספר 66,,,GOOD&GLOW לק 3D- מספר 66,00000,1,00000,false,0.0000,7.9,7.9000,true,1,
8696814067067,false,GOOD&GLOW לק מט-מספר m 06,,,GOOD&GLOW לק מט-מספר m 06,00000,1,00000,false,0.0000,7.9,7.9000,true,1,
8696814067128,false,GOOD&GLOW לק מט - מספר m 12,,,GOOD&GLOW לק מט - מספר m 12,00000,1,00000,false,0.0000,7.9,7.9000,true,1,
8696814067159,false,לק מט מספר m 15,,,לק מט מספר m 15,00000,1,00000,false,0.0000,7.9,7.9000,true,1,
8696814067173,false,GOOD&GLOW לק מט-מספר m 17,,,GOOD&GLOW לק מט-מספר m 17,00000,1,00000,false,0.0000,7.9,7.9000,true,1,
8696814067180,false,GOOD&GLOW לק מט מספר m 18,,,GOOD&GLOW לק מט מספר m 18,00000,1,00000,false,0.0000,7.9,7.9000,true,1,
8696814067203,false,GOOD&GLOW לק מט -מספר m 20,,,GOOD&GLOW לק מט -מספר m 20,00000,1,00000,false,0.0000,7.9,7.9000,true,1,
8696814067258,false,GOOD&GLOW לק מט- מספר 25 m,,,GOOD&GLOW לק מט- מספר 25 m,00000,1,00000,false,0.0000,7.9,7.9000,true,1,
8696814067272,false,GOOD&GLOW לק מט מספר m 27,,,GOOD&GLOW לק מט מספר m 27,00000,1,00000,false,0.0000,7.9,7.9000,true,1,
8696814067296,false,GOOD&GLOW לק מט -מספר m 29,,,GOOD&GLOW לק מט -מספר m 29,00000,1,00000,false,0.0000,7.9,7.9000,true,1,
8696814078094,false,GOOD&GLOW לק ניוד מספר 09,,,GOOD&GLOW לק ניוד מספר 09,00000,1,00000,false,0.0000,7.9,7.9000,true,1,
8696814079015,false,GOOD&GLOW לק ניוד מט מספר 01,,,GOOD&GLOW לק ניוד מט מספר 01,00000,1,00000,false,0.0000,7.9,7.9000,true,1,
8696814079046,false,GOOD&GLOW לק ניוד מט מספר 04,,,GOOD&GLOW לק ניוד מט מספר 04,00000,1,00000,false,0.0000,7.9,7.9000,true,1,
8696814079091,false,GOOD&GLOW לק ניוד מט מספר 09,,,GOOD&GLOW לק ניוד מט מספר 09,00000,1,00000,false,0.0000,7.9,7.9000,true,1,
8697040108982,false,אסותא סבון נוזלי לש.אינטמ,,,אסותא סבון נוזלי לש.אינטמ,00000,1,00000,false,12.0000,10,10.0000,false,1,
8697545905635,false,סט איפור בבליסטר 2 פלטה בצורת פרח,,,סט איפור בבליסטר 2 פלטה בצורת פרח,00000,1,00000,false,6.0000,29.9,29.9000,false,1,
8697924593934,false,קונפי - חיתולי פרימיום שלב 2 / 40 יח',,,קונפי - חיתולי פרימיום שלב 2 / 40 יח',00000,1,00000,false,0.0000,27.9,27.9000,true,1,
8697924593958,false,קונפי - חיתולי פרימיום שלב 4 / 32 יח',,,קונפי - חיתולי פרימיום שלב 4 / 32 יח',00000,1,00000,false,0.0000,27.9,27.9000,true,1,
8697924593965,false,קונפי - חיתולי פרימיום שלב 5 / 26 יח',,,קונפי - חיתולי פרימיום שלב 5 / 26 יח',00000,1,00000,false,0.0000,27.9,27.9000,true,1,
8697924594849,false,קונפי - חיתולי פרימיום שלב 6 / 24 יח',,,קונפי - חיתולי פרימיום שלב 6 / 24 יח',00000,1,00000,false,0.0000,27.9,27.9000,true,1,
8697924597482,false,קונפי - חיתולי מבוגרים פרימיום אקסטרה לארג' / 30 יח',,,קונפי - חיתולי מבוגרים פרימיום אקסטרה לארג' / 30 יח',00000,1,00000,false,0.0000,95,95.0000,false,1,
8698996006612,false,סופיה - טישו 3 שכבות 100 יח',,,סופיה - טישו 3 שכבות 100 יח',00000,1,00000,false,24.0000,10,10.0000,false,1,
8698996006803,false,NUA ממחטות טישו חמישייה,,,NUA ממחטות טישו חמישייה,00000,1,00000,false,0.0000,10.9,10.9000,false,1,
8699568532003,false,וולה פלקס ספריי לעיצוב שיער מגה עמיד 250,,,וולה פלקס ספריי לעיצוב שיער מגה עמיד 250,00000,1,00000,false,6.0000,29.9,29.9000,false,1,
8699568548950,false,צבע לשיער קולסטון קיט 55/46 - אדום אקזוטי,וולה Wella,,קולסטון קיט 55/46 אדום אקזוטי,00000,1,00000,false,3.0000,32.9,32.9000,false,1,
8710103803805,false,6-18 סגול טורקיזULT.SOFT מוצצי,,,6-18 סגול טורקיזULT.SOFT מוצצי,00000,1,00000,false,0.0000,39.9,39.9000,false,1,
8710103803973,false,6-18פרפרים ולבבוULT.SOFT מוצצי,,,6-18פרפרים ולבבוULT.SOFT מוצצי,00000,1,00000,false,0.0000,39.9,39.9000,false,1,
8710103804086,false,0-6ינשופים בנוULTRA.SOFT מוצצי,,,0-6ינשופים בנוULTRA.SOFT מוצצי,00000,1,00000,false,0.0000,39.9,39.9000,false,1,
8710103811220,false,זוג מוצצים קלאסיק 0-6 בנות,,,זוג מוצצים קלאסיק 0-6 בנות,00000,1,00000,false,0.0000,34.9,34.9000,false,1,
8710103868750,false,אוונט בקבוק קלאסיק אנטי קוליק330ורוד,,,אוונט בקבוק קלאסיק אנטי קוליק330ורוד,00000,1,00000,false,0.0000,34.9,34.9000,false,1,
8710103875666,false,אוונט בקבוק נטורל 2 125 מל,,,אוונט בקבוק נטורל 2 125 מל,00000,1,00000,false,0.0000,39.9,39.9000,false,1,
8710398502919,false,לייס - חטיפי תפוח אדמה בטעם טבעי 170 גרם,,,לייס - חטיפי תפוח אדמה בטעם טבעי 170 גרם,00000,1,00000,false,15.0000,13.9,13.9000,false,1,
8710398502957,false,לייס - חטיפי תפוח אדמה בטעם שמנת חמוצה ובצל 170 גרם,,,לייס - חטיפי תפוח אדמה בטעם שמנת חמוצה ובצל 170 גרם,00000,1,00000,false,15.0000,13.9,13.9000,false,1,
8710447224311,false,מרכך בוטניק בתוספת שמן קוקוס ואלוורה,יוניליוור פולין,PL,"טרזמה - מרכך בוטניק 400 מ""ל",00000,1,00000,false,6.0000,11.9,11.9000,false,1,
8710447224366,false,"טרזמה - מרכך קרטיןן 400 מ""ל",יוניליוור,PL,"טרזמה - מרכך קרטיןן 400 מ""ל",00000,1,00000,false,6.0000,11.9,11.9000,false,1,
8710447240915,false,"טרזמה - מסכה משקמת ביוטין 300 מ""ל",,,"טרזמה - מסכה משקמת ביוטין 300 מ""ל",00000,1,00000,false,6.0000,21.9,21.9000,false,1,
8710447275306,false,"דאב - קרם ידיים אבוקדו 75 מ""ל",,,"דאב - קרם ידיים אבוקדו 75 מ""ל",00000,1,00000,false,6.0000,10,10.0000,false,1,
8710502194825,false,מרבה - עוגיות שוקוצ'יפס כשר למהדרין 150 גרם,מרבה הולנד,NL,מרבה - עוגיות שוקוצ'יפס כשר למהדרין 150 גרם,00000,1,00000,false,22.0000,6.9,6.9000,false,1,
8710522584200,false,"דאב - תחליב רחצה ורדים ואלוורה 500 מ""ל",דאב Dove,,"דאב - תחליב רחצה ורדים ואלוורה 500 מ""ל",00000,1,00000,false,12.0000,10,10.0000,false,1,
8710847860829,false,"רקסונה - דאודורנט רול און לאישה כותנה 50 מ""ל",יוניליוור,,"רקסונה - דאודורנט רול און לאישה כותנה 50 מ""ל",00000,1,00000,false,12.0000,10,10.0000,false,1,
8710847942679,false,"טרזמה - שמפו שמן המפ 400 מ""ל",יוניליוור,PL,"טרזמה - שמפו שמן המפ 400 מ""ל",00000,1,00000,false,6.0000,11.9,11.9000,false,1,
8712400802499,false,תרכובת מזון המשך לפעוטות על בסיס חלב שלב 1,פרוטרופיק סיה.,NL,נוטרילון 1- 800 גרם,00000,1,00000,false,12.0000,64.9,64.9000,true,1,
8712400802512,false,תרכובת מזון המשך לפעוטות על בסיס חלב שלב 2,פרוטרופיק סיה.,NL,נוטרילון 2- 800 גרם,00000,1,00000,false,0.0000,64.9,64.9000,true,1,
8712400802536,false,תרכובת מזון המשך לפעוטות על בסיס חלב שלב 3,פרוטרופיק סיה.,NL,נוטרילון 3- 800 גרם,00000,1,00000,false,12.0000,64.9,64.9000,true,1,
8712561539166,false,דאב סבון מוצק מלפפון רביעייה,,,דאב סבון מוצק מלפפון רביעייה,00000,1,00000,false,12.0000,10,10.0000,false,1,
8714599104330,false,ג'ייקובס קפה שחור קלוי וטחון טורקי 85 ג',ג'ייקובס Jacobs,,גיקובס קפה שחור 85 גר,00000,1,00000,false,16.0000,6.9,6.9000,true,1,
8714599410578,false,ג'ייקובס גולד צנצנת 47.5 ג',קראפט,,גייקובס גולד 47.5 ג'ר,00000,1,00000,false,12.0000,10,10.0000,false,1,
8714599512159,false,קפה נמס ג'ייקובס 190 גר',"אל.אל.סי ""גייקובס דא",RU,קפה ג'ייקובס 190 גרם,00000,1,00000,false,6.0000,24.9,24.9000,true,1,
8714789177229,false,מברשת שיניים אקסטרה קלין מדיום - מארז רביעיה,הנסיך- מפעל לייצור ט,CN,קולגייט אקסטרה קלין רביעייה,00000,1,00000,false,0.0000,10,10.0000,false,1,
8714789260532,false,מברשת שיניים חשמלית קולגייט ברבי (סוללות)##,,,מברשת שיניים חשמלית קולגייט ברבי (סוללות)##,00000,1,00000,false,0.0000,29.9,29.9000,false,1,
8714789394534,false,"משחת שיניים קולגייט משפחתי אדומה 100 מ""ל",,,"קולגייט אדומה 100 מ""ל",00000,1,00000,false,48.0000,10,10.0000,false,1,
8714789732671,false,"מי פה קולגייט כחול 500 מ""ל",,,"קולגייט קול מינט 500 מ""ל",00000,1,00000,false,12.0000,14.9,14.9000,false,1,
8714789732701,false,"קולגייט סופט מינט 500 מ""ל",,,"קולגייט סופט מינט 500 מ""ל",00000,1,00000,false,12.0000,14.9,14.9000,false,1,
8714789812151,false,מרסס אג'קס חלונות פעולה משולשת 750מל,,,מרסס אג'קס חלונות פעולה משולשת 750מל,00000,1,00000,false,12.0000,10,10.0000,false,1,
8714789930848,false,"משחת שיניים אופטיק וויט אינסטנט 75 מ""ל קולגייט",הנסיך- מפעל לייצור ט,PL,קולגייט משחת אופטיק וייט הלבנה מיידית 75,00000,1,00000,false,48.0000,18.9,18.9000,true,1,
8715700120874,false,מתבל עגבניות היינץ בתוספת שום,היינץ Heinz,,"היינץ קטשופ בתוספת שום, 460 גרם",00000,1,00000,false,10.0000,10,10.0000,false,1,
8717163655764,false,"רקסונה - דאודורנט ספריי לאישה שוואר פרש 150 מ""ל",,,"רקסונה - דאודורנט ספריי לאישה שוואר פרש 150 מ""ל",00000,1,00000,false,12.0000,10,10.0000,false,1,
8717163655825,false,"רקסונה דאו' ספריי לנשים בניחוח כותנה, 150 מ""ל",יוניליוור,,"רקסונה - דאודורנט ספריי לאישה כותנה 150 מ""ל",00000,1,00000,false,12.0000,10,10.0000,false,1,
8717163658314,false,תחליב רחצה מים מיסלריים היפואלרגני לעור רגיש,יוניליוור,DE,"דאב - תחליב רחצה מיסלרי לעור רגיש 500 מ""ל",00000,1,00000,false,12.0000,10,10.0000,false,1,
8717163842676,false,"דאב - תחליב רחצה חימר ורוד 500 מ""ל",יוניליוור גרמניה Gmb,DE,"דאב - תחליב רחצה חימר ורוד 500 מ""ל",00000,1,00000,false,12.0000,10,10.0000,false,1,
8717163994252,false,"דאב - דאודורנט ספריי לאישה אינביזיבל דריי 150 מ""ל",,,"דאב - דאודורנט ספריי לאישה אינביזיבל דריי 150 מ""ל",00000,1,00000,false,6.0000,11.9,11.9000,false,1,
8717344390026,false,ריזאלטס סטופ - משמיד כינים וביצי כינים,אלקון Alcon,,"ריזאלטס - סטופ 100 מ""ל",00000,1,00000,false,24.0000,79.9,79.9000,false,1,
8717677336593,false,טוניס שוקולד חלב 180 גרם רבנות - נוכרי,טוניס Tony's,,"שוקולד חלב טוניס, 180 גרם",00000,1,00000,false,15.0000,17.9,17.9000,true,1,
8717677336630,false,שוקולד חלב מעולה שקדים ודבש 180 גרם,אלפרד ריטר,NL,"שוקולד עם שקדים ודבש טוניס, 180 גרם",00000,1,00000,false,15.0000,17.9,17.9000,true,1,
8717677336654,false,טוניס - שוקולד חלב מעולה עם שברי קרמל מלוח,קימס שוקולאטס,NL,טוניס - שוקולד חלב מעולה עם שברי קרמל מלוח,00000,1,00000,false,15.0000,17.9,17.9000,true,1,
8717677336661,false,טוניס שוקולד מריר מעולה 70% 180 גרם רבנות - נוכרי,אלפרד ריטר,NL,"שוקולד מריר 70% טוניס, 180 גרם",00000,1,00000,false,15.0000,17.9,17.9000,true,1,
8717677338436,false,טוניס שוקולד חלב+אגוזי לוז 180 גרם רבנות - נוכרי,אלפרד ריטר,NL,"שוקולד עם אגוזי לוז קצוצים טוניס, 180 גרם",00000,1,00000,false,15.0000,17.9,17.9000,true,1,
8718951006188,false,"קולגייט מי פה תה לימון 500 מ""ל",,,"קולגייט מי פה תה לימון 500 מ""ל",00000,1,00000,false,12.0000,14.9,14.9000,false,1,
8718951030169,false,משחת שיניים Sensifoam לשיניים רגישות ולהלבנה,קולגייט Colgate,,"קולגייט סנסיטיב + הלבנה 75 מ""ל",00000,1,00000,false,24.0000,16.9,16.9000,false,1,
8718951052109,false,מברשת שיניים חשמלית קולגייט מיניונים (סוללות)##,,,מברשת שיניים חשמלית קולגייט מיניונים (סוללות)##,00000,1,00000,false,0.0000,29.9,29.9000,false,1,
8718951076372,false,"קולגייט משחת שיניים תמציות צמחים לשיניים 100 מ""ל",קולגייט פלמוליב,PL,קולגייט משחת הרבל אוריגינל 100 מל,00000,1,00000,false,48.0000,6.9,6.9000,false,1,
8718951076402,false,"קולגייט משחת שיניים הרבל להלבנה 100 מ""ל",קולגייט פלמוליב,,קולגייט משחת הרבל להלבנה 100 מל,00000,1,00000,false,48.0000,6.9,6.9000,false,1,
8718951093331,false,מרידול מברשת שיניים אקסטרה סופט זוג,קולגייט פלמוליב,,מרידול מברשת שיניים אקסטרה סופט זוג,00000,1,00000,false,0.0000,32.9,32.9000,false,1,
8718951144064,false,מרידול מברשת שיניים פרודונט אקספרט זוג,מרידול Meridol,,מרידול מברשת שיניים פרודונט אקספרט זוג,00000,1,00000,false,0.0000,32.9,32.9000,false,1,
8718951147737,false,ליידי ספיד סטיק - דאודורנט ג'ל לאישה 24/7 פיור פרשנס 65 גרם,,,ליידי ספיד סטיק - דאודורנט ג'ל לאישה 24/7 פיור פרשנס 65 גרם,00000,1,00000,false,12.0000,13.9,13.9000,false,1,
8718951148536,false,קולגייט פלקס שטיפת מי פה 500 מל,קולגייט פלמוליב,BR,"קולגייט מי פה מינט פשתן 500 מ""ל",00000,1,00000,false,12.0000,14.9,14.9000,false,1,
8718951159402,false,"קולגייט משחת שיניים אופטיק וויט - אקסטרה פאוור 75 מ""ל",,,"קולגייט משחת שיניים אופטיק וויט - אקסטרה פאוור 75 מ""ל",00000,1,00000,false,48.0000,18.9,18.9000,true,1,
8718951176874,false,"קולגייט מי פה מיניון 250 מ""ל",קולגייט-פלמוליב,PL,"קולגייט מי פה מיניון 250 מ""ל",00000,1,00000,false,6.0000,13.9,13.9000,false,1,
8718951187122,false,זוג מברשות שיניים אלמקס לילדים גילאי 0-3,אלמקס,,אלמקס מב.שיניים*2 ילדים,00000,1,00000,false,0.0000,19.9,19.9000,false,1,
8718951231504,false,מברשת שיניים חשמלית טרולים (סוללות) קולגיט,,,מב.שיניים חשמלית קולגייט טרולים (סוללות)##,00000,1,00000,false,6.0000,29.9,29.9000,false,1,
8718951236790,false,"קולגייט טוטאל משחת שיניים קלין מינט לפה בריא 100 מ""ל",קולגייט Colgate,PL,קולגייט משחת טוטל קלין מינט 100 מל,00000,1,00000,false,0.0000,14.9,14.9000,true,1,
8718951236806,false,"קולגייט טוטאל הלבנה להסרת כתמים מהשן 100 מ""ל",קולגייט Colgate,PL,קולגייט משחת טוטל הלבנה מתקדמת 100 מל,00000,1,00000,false,0.0000,14.9,14.9000,true,1,
8718951236813,false,"קולגייט טוטאל משחת שיניים ניקוי מתקדם לפה בריא יותר 100 מ""ל",קולגייט Colgate,PL,קולגייט משחת טוטל אדוונס קלין100 מל,00000,1,00000,false,0.0000,14.9,14.9000,true,1,
8718951240742,false,"קולגייט טוטאל משחת שיניים פסים מרעננים 100 מ""ל",קולגייט Colgate,PL,קולגייט טוטל משחת פרש סטריפ 100 מל,00000,1,00000,false,48.0000,14.9,14.9000,true,1,
8718951264618,false,"קולגייט אופטיק וייט פחם צ'רקול משחת שיניים, 75 מ""ל",קולגייט-פלמוליב,PL,"קולגייט אופטיק וייט פחם צ'רקול משחת שיניים, 75 מ""ל",00000,1,00000,false,48.0000,24.9,24.9000,false,1,
8718951278851,false,"קולגייט הלבנה פחם 100 מ""ל",,,"קולגייט הלבנה פחם 100 מ""ל",00000,1,00000,false,48.0000,11.9,11.9000,false,1,
8718951286733,false,"קולגייט אופטיק וייט לסטינג וויט 75 מ""ל",קולגייט Colgate,PL,"קולגייט אופטיק וייט לסטינג וויט 75 מ""ל",00000,1,00000,false,48.0000,18.9,18.9000,true,1,
8718951312722,false,"קולגייט מקס פרש וויט קריסטל משחת שיניים 100 מ""ל",קולגייט פלמוליב,PL,"קולגייט מקס וויט משחת שיניים 100 מ""ל",00000,1,00000,false,48.0000,11.9,11.9000,true,1,
8718951313576,false,קולגייט משחת שיניים מקס פרש קול קריסטל 100 מל,קולגייט פלמוליב,PL,קולגייט משחת שיניים מקס פרש קול קריסטל 100 מל,00000,1,00000,false,48.0000,11.9,11.9000,true,1,
8718951378100,false,"קולגייט - משחת שיניים מקס פרש דיטוקס 125 מ""ל",,,"קולגייט - משחת שיניים מקס פרש דיטוקס 125 מ""ל",00000,1,00000,false,12.0000,14.9,14.9000,false,1,
8718951380981,false,"קולגייט מי פה פחם 500 מ""ל",,,"קולגייט מי פה פחם 500 מ""ל",00000,1,00000,false,6.0000,14.9,14.9000,false,1,
8718951392618,false,"קולגייט אופטיק וייט פחם צ'רקול משחת שיניים, 50 מ""ל",,,"קולגייט אופטיק וייט פחם צ'רקול משחת שיניים, 50 מ""ל",00000,1,00000,false,12.0000,16.9,16.9000,false,1,
8718951428522,false,"פלמוליב סבון רחצה לגבר 4 ב-1 המפ 750 מ""ל",CP - Turkey+60,TR,"פלמוליב - ג'ל רחצה 4 ב-1 המפ לגבר 750 מ""ל",00000,1,00000,false,12.0000,18.9,18.9000,false,1,
8718951470538,false,קולגייט משחת שיניים מקס פרש ביטיוב 125*2 כשלפ,קולגייט פלמוליב,PL,קולגייט משחת שיניים מקס פרש ביטיוב 125*2 כשלפ,00000,1,00000,false,24.0000,26.9,26.9000,false,1,
8718951509627,false,"משחת שיניים אופטיק וויט לאוהבי קפה 75 מ""ל קולגייט",קולגייט פלמוליב,PL,"קולגייט אופטיק וויט לאוהבי קפה 75 מ""ל",00000,1,00000,false,48.0000,28.9,28.9000,false,1,
8719128117249,false,"סירופ פפסי מקס – 440 מ""ל",סודה סטרים,IL,"סירופ פפסי מקס – 440 מ""ל",00000,1,00000,false,0.0000,22.9,22.9000,true,1,
8720181046605,false,דאב - דאודורנט ספריי לאישה אורגינל כחול 150מל,Unknown,,דאב - דאודורנט ספריי לאישה אורגינל כחול 150מל,00000,1,00000,false,12.0000,11.9,11.9000,false,1,
8720181046612,false,"דאב - דאודורנט רול און לאישה אורגינל 50 מ""ל",יוניליוור,,"דאב - דאודורנט רול און לאישה אורגינל 50 מ""ל",00000,1,00000,false,12.0000,11.9,11.9000,false,1,
8720181114458,false,"אקס - דאודורנט ספריי לגבר לבן 150 מ""ל",,,"אקס - דאודורנט ספריי לגבר לבן 150 מ""ל",00000,1,00000,false,6.0000,10,10.0000,false,1,
8720181114465,false,"אקס - דאודורנט ספריי לגבר אנרכי 150 מ""ל",,,"אקס - דאודורנט ספריי לגבר אנרכי 150 מ""ל",00000,1,00000,false,6.0000,10,10.0000,false,1,
8720181114472,false,"אקס - דאודורנט ספריי לגבר אפולו 150 מ""ל",,,"אקס - דאודורנט ספריי לגבר אפולו 150 מ""ל",00000,1,00000,false,6.0000,10,10.0000,false,1,
8720181114489,false,"אקס - דאודורנט ספריי לגבר בלק 150 מ""ל",יוניליוור,GB,"אקס - דאודורנט ספריי לגבר בלק 150 מ""ל",00000,1,00000,false,6.0000,10,10.0000,false,1,
8720181114496,false,"אקס - דאודורנט ספריי לגבר שוקולד 150 מ""ל",יוניליוור,GB,"אקס - דאודורנט ספריי לגבר שוקולד 150 מ""ל",00000,1,00000,false,6.0000,10,10.0000,false,1,
8720181114502,false,"אקס - דאודורנט ספריי לגבר אנסייט 150 מ""ל",,,"אקס - דאודורנט ספריי לגבר אנסייט 150 מ""ל",00000,1,00000,false,6.0000,10,10.0000,false,1,
8720181114519,false,"אקס - דאודורנט ספריי לגבר דארק ונילה 150 מ""ל",,,"אקס - דאודורנט ספריי לגבר דארק ונילה 150 מ""ל",00000,1,00000,false,6.0000,10,10.0000,false,1,
8720181114526,false,"אקס - דאודורנט ספריי לגבר גולד 150 מ""ל",,,"אקס - דאודורנט ספריי לגבר גולד 150 מ""ל",00000,1,00000,false,6.0000,10,10.0000,false,1,
8801055709434,false,קפה נמס טייסטר צ'ויס קולומביה 100 גר',לוטה נסטלה קוריאה,KR,טסטר צ'ויס - נס קפה קולומביה 100 גרם,00000,1,00000,false,12.0000,24.9,24.9000,false,1,
8801055709458,false,אבקה להכנת משקה קפה בטעם קפוצ'ינו קרמל,נסטלה קוריאה - קפה,,נסטלה - נסקפה קפוצינו קרמל 17 גרם * 10,00000,1,00000,false,6.0000,16.9,16.9000,false,1,
8801055709465,false,אבקה להכנת משקה קפה בטעם קפוצ'ינו וניל,נסטלה קוריאה - קפה,DE,נסטלה - נסקפה קפוצינו וניל 18.50 גרם * 10,00000,1,00000,false,6.0000,16.9,16.9000,false,1,
8801055709472,false,נסטלה - נסקפה קפוצ'ינו קלאסי 12.50 גרם * 10,נסטלה קוריאה - קפה,DE,נסטלה - נסקפה קפוצ'ינו קלאסי 12.50 גרם * 10,00000,1,00000,false,12.0000,16.9,16.9000,false,1,
8801055709489,false,אבקה להכנת משקה קפה בטעם קפוצ'ינו אגוזים,נסטלה קוריאה - קפה,,נסטלה - נסקפה קפוצינו אגוזים 18 גרם * 10,00000,1,00000,false,6.0000,16.9,16.9000,false,1,
8809738320112,false,מסכת פנים סלט אבוקדו PUREDERM,,,מסכת פנים סלט אבוקדו PUREDERM,00000,1,00000,false,0.0000,10,10.0000,true,1,
8809738320129,false,מסכת פנים סלט קוקוס PUREDERM,,,מסכת פנים סלט קוקוס PUREDERM,00000,1,00000,false,0.0000,10,10.0000,true,1,
8809738320136,false,מסכת פנים סלט לימון PUREDERM,,,מסכת פנים סלט לימון PUREDERM,00000,1,00000,false,0.0000,10,10.0000,true,1,
8809738320143,false,מסכת פנים סלט שמן זית PUREDERM,,,מסכת פנים סלט שמן זית PUREDERM,00000,1,00000,false,0.0000,10,10.0000,true,1,
8809738320150,false,מסכת פנים סלט אפרסק PUREDERM,,,מסכת פנים סלט אפרסק PUREDERM,00000,1,00000,false,0.0000,10,10.0000,true,1,
8809738320167,false,מסכת פנים סלט רימון PUREDERM,,,מסכת פנים סלט רימון PUREDERM,00000,1,00000,false,0.0000,10,10.0000,true,1,
8809738320174,false,מסכת פנים סלט עגבניות ן PUREDERM,,,מסכת פנים סלט עגבניות ן PUREDERM,00000,1,00000,false,0.0000,10,10.0000,true,1,
8809738320181,false,מסכת פנים סלט אלוורה PUREDERM,,,מסכת פנים סלט אלוורה PUREDERM,00000,1,00000,false,0.0000,10,10.0000,true,1,
8809738320198,false,מסכת פנים סלט סלק PUREDERM,,,מסכת פנים סלט סלק PUREDERM,00000,1,00000,false,0.0000,10,10.0000,true,1,
8809738320204,false,מסכת פנים סלט אוכמניות PUREDERM,,,מסכת פנים סלט אוכמניות PUREDERM,00000,1,00000,false,0.0000,10,10.0000,true,1,
8809738320211,false,מסכת פנים סלט גזר PUREDERM,,,מסכת פנים סלט גזר PUREDERM,00000,1,00000,false,0.0000,10,10.0000,true,1,
8809738320228,false,מסכת פנים סלט חציל PUREDERM,,,מסכת פנים סלט חציל PUREDERM,00000,1,00000,false,0.0000,10,10.0000,true,1,
8809738320235,false,מסכת פנים סלט אננס PUREDERM,,,מסכת פנים סלט אננס PUREDERM,00000,1,00000,false,0.0000,10,10.0000,true,1,
8850389103111,false,"סאפה אלוורה ענבים 300מ""ל",סאפה פובליק קומפני ל,TH,"סאפה ענבים(24) 300 מ""ל",00000,1,00000,false,24.0000,7.9,7.6000,false,1,
8850389103159,false,"משקה ליצ'י עם חתיכות גלי קוקוס 320 מ""ל מוגו מוגו",סאפה פובליק קומפני ל,TH,"מוגו מוגו - ליצ'י עם חתיכות ג'לי קוקוס 320 מ""ל",00000,1,00000,false,24.0000,7.9,7.6000,false,1,
8850389104637,false,"סאפה אלוורה בטעם אפרסק 300 מ""ל",סאפה פובליק קומפני ל,TH,"סאפה אפרסק (24) 300 מ""ל",00000,1,00000,false,24.0000,7.9,7.6000,false,1,
8850389111352,false,"משקה מלון עם חתיכות גלי קוקוס 320 מ""ל מוגו מוגו",סאפה פובליק קומפני ל,TH,"מוגו מוגו - מלון עם חתיכות ג'לי קוקוס 320 מ""ל",00000,1,00000,false,24.0000,7.9,7.6000,false,1,
8850999133003,false,"סודה סינגה, 325 מ""ל",,,"סודה סינגה, 325 מ""ל",00000,1,00000,false,24.0000,4.9,4.6000,false,1,
8886467010095,false,"אקס - בושם גוף טיקט לגבר צמפיון 17 מ""ל",,,"אקס - בושם גוף טיקט לגבר צמפיון 17 מ""ל",00000,1,00000,false,48.0000,17.9,17.9000,true,1,
8888826016564,false,אורל בי מברשת שיניים קלאסיק אולטרא-קלין,,,אורל בי מברשת שיניים קלאסיק אולטרא-קלין,00000,1,00000,false,96.0000,5,5.0000,false,1,
8901138500306,false,משחת שיניים איורודית עם פלואוריד מן הטבע,הימלאיה Himalaya,IN,הימלאיה משחת שיניים 100 גר,00000,1,00000,false,0.0000,14.9,14.9000,false,1,
8901138825577,false,"משחת שיניים הימלאיה להגנה מושלמת 75 מ""ל",הימלאיה Himalaya,IN,"הימלאיה משחת שיניים להגנה מושלמת 75 מ""ל",00000,1,00000,false,0.0000,14.9,14.9000,false,1,
8901138825591,false,"משחת שיניים הימלאיה מלבינה 75 מ""ל",הימלאיה Himalaya,IN,"הימלאיה משחת שיניים מלבינה 75 מ""ל",00000,1,00000,false,0.0000,14.9,14.9000,false,1,
8901314009746,false,COLGATE KIDS 2+ BUY 3,,,COLGATE KIDS 2+ BUY 3,00000,1,00000,false,60.0000,10,10.0000,false,1,
8901314116079,false,COLGATE KIDS BARBIE,,,COLGATE KIDS BARBIE,00000,1,00000,false,72.0000,7.9,7.9000,true,1,
8901314116086,false,מברשת שיניים קולגייט ילדים באטמן,,,מברשת שיניים קולגייט ילדים באטמן,00000,1,00000,false,72.0000,10,10.0000,true,1,
8901314116420,false,COLGATE ZIG ZAG ANTIBACTERIAL BUY 3PCS,,,COLGATE ZIG ZAG ANTIBACTERIAL BUY 3PCS,00000,1,00000,false,60.0000,10,10.0000,false,1,
8901314308436,false,קולגייט - מברשת שיניים זיג זג 6 יחידות,,,קולגייט - מברשת שיניים זיג זג 6 יחידות,00000,1,00000,false,36.0000,14.9,14.9000,false,1,
8901314517463,false,קולגייט מברשת שיניים,,,COLGATE 360 WHOLEMOUTH CLEAN B2G2,00000,1,00000,false,60.0000,19.9,19.9000,false,1,
8901314517487,false,קולגייט מברשת 4יח 3,,,COLGATE 360 VISIBLE WHITE B2G2,00000,1,00000,false,60.0000,19.9,19.9000,false,1,
8901314517944,false,COLGATE SLIMSOFT SENSITIVE B2G2,,,COLGATE SLIMSOFT SENSITIVE B2G2,00000,1,00000,false,60.0000,19.9,19.9000,false,1,
8901314517999,false,COLGATE SLIMSOFT CHARCOAL BUY 2 GET 2,,,COLGATE SLIMSOFT CHARCOAL BUY 2 GET 2,00000,1,00000,false,60.0000,19.9,19.9000,false,1,
8901314525055,false,רביעיית מברשת שיניים,,,COLGATE ZIGZAG CHARCOAL BUY4,00000,1,00000,false,60.0000,19.9,19.9000,false,1,
8901314532022,false,קולגייט זיז זג שרקול רבעייה סופט,,,קולגייט זיז זג שרקול רבעייה סופט,00000,1,00000,false,60.0000,19.9,19.9000,false,1,
8901571011018,false,סנסודיין שלישייה מב.שיניים סנסטיב סופט,הנקל,DE,סנסודיין שלישייה מב.שיניים סנסטיב סופט,00000,1,00000,false,12.0000,18.9,18.9000,false,1,
8906008231304,false,FRIENDS חיתולים למבוגרים (10 טיפות) XL,,,FRIENDS חיתולים למבוגרים (10 טיפות) XL,00000,1,00000,false,0.0000,39.9,39.9000,false,1,
8992812805114,false,תחבושות קוטקס סלים מקסי 16 יח,,,תחבושות קוטקס סלים מקסי 16 יח,00000,1,00000,false,24.0000,16.9,16.9000,false,1,
9000100590693,false,"סאיוס - מוס לשיער לייצוב מקסימלי 250 מ""ל",,,"סאיוס - מוס לשיער לייצוב מקסימלי 250 מ""ל",00000,1,00000,false,6.0000,19.9,19.9000,false,1,
9000100590938,false,"סאיוס - מוס לשיער ליצירת נפח 250 מ""ל",הנקל סוד,DE,"סאיוס - מוס לשיער ליצירת נפח 250 מ""ל",00000,1,00000,false,6.0000,19.9,19.9000,false,1,
9000100591058,false,"סאיוס - ג'ל לשיער לייצוב מקסימלי 250 מ""ל",הנקל סוד,DE,"סאיוס - ג'ל לשיער לייצוב מקסימלי 250 מ""ל",00000,1,00000,false,6.0000,19.9,19.9000,false,1,
9000100760591,false,"פה - דאודורנט רול און לגבר אינוויזיבל פאוואר 50 מ""ל",,,"פה - דאודורנט רול און לגבר אינוויזיבל פאוואר 50 מ""ל",00000,1,00000,false,0.0000,10,10.0000,false,1,
9000101509069,false,ברף - סבון אסלה ג'ל גשם אביב שלשות,,,ברף - סבון אסלה ג'ל גשם אביב שלשות,00000,1,00000,false,18.0000,14.9,14.9000,true,1,
9000101509151,false,ברף - סבון אסלה ג'ל אוקיינוס הקרח הצפוני שלשות,,,ברף - סבון אסלה ג'ל אוקיינוס הקרח הצפוני שלשות,00000,1,00000,false,18.0000,14.9,14.9000,true,1,
9000101512526,false,פרסיל - פאוור קאפס קפסולות ג'ל מרוכזות לכביסה 26 יח',קריות זול,,פרסיל - פאוור קאפס קפסולות ג'ל מרוכזות לכביסה 26 יח',00000,1,00000,false,6.0000,27.9,27.9000,false,1,
9000101537550,false,פרסיל קאפסולות לכביסה לבנה וצבעונית 52 יח',הנקל סוד,HU,פרסיל - פאוור קאפס יוניברסל 52 יח',00000,1,00000,false,4.0000,44.9,44.9000,true,1,
9000101537581,false,פרסיל קאפסולות לכביסה צבעונית 52 יחידו,הנקל סוד,HU,פרסיל - פאוור קאפס קולור 52 יח',00000,1,00000,false,4.0000,44.9,44.9000,true,1,
9001616202360,false,זוג מוצצי סיליקון זוהר בחושך 6+ חודשים Original Night,מאם Mam,,לילה זוהרים 6+ BOY,00000,1,00000,false,0.0000,34.9,34.9000,false,1,
9001616203305,false,זוג פטמות X לבקבוק 6+ חודשים,מאם Mam,,זוג פטמות X,00000,1,00000,false,0.0000,29.9,29.9000,false,1,
9001616203350,false,פטמה מס' 1 זרימה איטית,,,זוג פטמות 1,00000,1,00000,false,0.0000,29.9,29.9000,false,1,
9001616203367,false,פטמה מס' 2 זרימה בינונית,,,זוג פטמות 2,00000,1,00000,false,0.0000,29.9,29.9000,false,1,
9001616203626,false,פטמה מס' 3 זרימה מהירה,,,זוג פטמות 3,00000,1,00000,false,0.0000,29.9,29.9000,false,1,
9001616209727,false,מאמ פוד BOY (נרתיק למוצץ),,,מאמ פוד BOY (נרתיק למוצץ),00000,1,00000,false,0.0000,19.9,19.9000,false,1,
9001616702679,false,סיליקון 0-6 זמן לאהבה GIRL,,,סיליקון 0-6 זמן לאהבה GIRL,00000,1,00000,false,0.0000,34.9,34.9000,false,1,
9001616702716,false,זוג מוצצים סיליקון 6,,,לילה זוהרים 6+ GIRL,00000,1,00000,false,0.0000,34.9,34.9000,false,1,
9001616712432,false,מאמ בודד מוצצים ננו סיליקון ורוד 0-2,,,מאמ בודד מוצצים ננו סיליקון ורוד 0-2,00000,1,00000,false,0.0000,11.9,11.9000,false,1,
9001616721458,false,מאמ בקבוק אנטי קוליק 160 תכלת 0+,,,מאמ בקבוק אנטי קוליק 160 תכלת 0+,00000,1,00000,false,0.0000,24.9,24.9000,false,1,
9001616721533,false,מאמ בקבוק אנטי קוליק 260 ורוד 2+,,,מאמ בקבוק אנטי קוליק 260 ורוד 2+,00000,1,00000,false,0.0000,24.9,24.9000,false,1,
9001616806872,false,מאמ בקבוק אימון+ידיות 220 כחול 4+,,,מאמ בקבוק אימון+ידיות 220 כחול 4+,00000,1,00000,false,0.0000,24.9,24.9000,false,1,
9001616813856,false,מוצצי +6 יום לילה מארז שלישיה,,,מוצצי +6 יום לילה מארז שלישיה,00000,1,00000,false,0.0000,34.9,34.9000,false,1,
9005800317007,false,ניוואה סקראב אורז עור רגיל אוכמניות 75מל,,,ניוואה סקראב אורז עור רגיל אוכמניות 75מל,00000,1,00000,false,12.0000,27.9,27.9000,true,1,
9005800317014,false,"ניוואה סקראב אורז עור עדין פטל 75 מ""ל",,,"ניוואה סקראב אורז עור עדין פטל 75 מ""ל",00000,1,00000,false,12.0000,27.9,27.9000,true,1,
9005800343143,false,"ניוואה מן אפטר-שייב קול קיק פרש 100 מ""ל",,,"ניוואה מן אפטר-שייב קול קיק פרש 100 מ""ל",00000,1,00000,false,6.0000,29.9,29.9000,false,1,
9005835312732,false,"קלרו נוזל הברקה למדיח כלים 500 מ""ל CLARO",יעקבי,AT,"קלרו נוזל הברקה למדיח כלים 500 מ""ל CLARO",00000,1,00000,false,0.0000,10,10.0000,false,1,
9005835312756,false,"קלרו ניקוי יסודי למדיח כלים 250 מ""ל CLARO",יעקבי,AT,"קלרו ניקוי יסודי למדיח כלים 250 מ""ל CLARO",00000,1,00000,false,0.0000,10,10.0000,false,1,
9005835313609,false,קלרו טבליות למדיח כלים 15 יחידות CLARO,,,קלרו טבליות למדיח כלים 15 יחידות CLARO,00000,1,00000,false,5.0000,10,10.0000,true,1,
9012010024106,false,משקל אדם,,,משקל אדם,00000,1,00000,false,0.0000,39.9,39.9000,false,1,
9317129040314,false,פלקסיטול משחה לכף הרגל לטיפול בעור יבש,פלקסיטול,,פלקסיטול - משחה לכף הרגל 56 גרם,00000,1,00000,false,1.0000,42.9,42.9000,true,1,
9317129040352,false,פלקסיטול - קרם ידיים 56 גרם,,,פלקסיטול - קרם ידיים 56 גרם,00000,1,00000,false,1.0000,35.9,35.9000,true,1,
9317129040529,false,פלקסיטול - משחה לשפתיים 10 גרם,פלקסיטול,,פלקסיטול - משחה לשפתיים 10 גרם,00000,1,00000,false,1.0000,26.9,26.9000,true,1,
9324054906394,false,כלורוקס - מגבוני אקספרט פלופאק 30 יח',,,כלורוקס - מגבוני אקספרט פלופאק 30 יח',00000,1,00000,false,0.0000,10,10.0000,true,1,
9555038900439,false,כיסוי פיל ומברשת שיניים,,,כיסוי פיל ומברשת שיניים,00000,1,00000,false,1.0000,29.9,29.9000,false,1,
9555038900477,false,כיסוי פינגווין ומברשת שיניים,,,כיסוי פינגווין ומברשת שיניים,00000,1,00000,false,1.0000,29.9,29.9000,false,1,
9555038904802,false,כיסוי ינשוף למברשת ושעון חול כחול,,,כיסוי ינשוף למברשת ושעון חול כחול,00000,1,00000,false,1.0000,34.9,34.9000,false,1,
