code,internal_code,name,manufacturer_name,manufacture_country,manufacturer_item_description,unit_qty,quantity,unit_of_measure,weighted,qty_in_package,price,unit_of_measure_price,allow_discount,status,item_id
55,true,משלוחים לבית,,,משלוחים לבית,יחידה,0.00,יחידה,false,,29.90,0.0000,true,1,39231
301,true,בקבוק ריק חוזר בירה,,,בקבוק ריק חוזר בירה,יחידה,0.00,יחידה,false,,1.20,0.0000,true,1,8465
374,true,פטריות שמפניון,,,פטריות שמפניון,יח',1.00,יח',false,,9.90,9.9000,true,1,1783
1058,true,חלה רגילה/חלה ציפורי,,,חלה רגילה/חלה ציפורי,גרמים,500.00,100 גרם,false,,5.17,1.0340,true,1,6310
1073,true,סופגניה גדולה בודדת,,,סופגניה גדולה בודדת,יחידה,0.00,יחידה,false,,4.30,0.0000,true,1,105662
1494,true,תפו`א לבן תפזורת,,,תפו`א לבן תפזורת,קילוגרמים,1.00,"ק""ג",true,,5.90,5.9000,true,1,1837
1501,true,עגבניות,,,עגבניות,קילוגרמים,1.00,"ק""ג",true,,7.90,7.9000,true,1,1844
1502,true,מלפפונים,,,מלפפונים,קילוגרמים,1.00,"ק""ג",true,,7.90,7.9000,true,1,1845
1503,true,גזר ארוז,,,גזר ארוז,קילוגרמים,1.00,"ק""ג",true,,5.90,5.9000,true,1,1846
1504,true,סלק,,,סלק,קילוגרמים,1.00,"ק""ג",true,,5.90,5.9000,true,1,1847
1505,true,כרוב לבן,,,כרוב לבן,קילוגרמים,1.00,"ק""ג",true,,5.90,5.9000,true,1,1848
1506,true,כרוב אדום,,,כרוב אדום,קילוגרמים,1.00,"ק""ג",true,,5.90,5.9000,true,1,1849
1507,true,כרובית,,,כרובית,קילוגרמים,1.00,"ק""ג",true,,11.90,11.9000,true,1,1850
1510,true,קישואים,,,קישואים,קילוגרמים,1.00,"ק""ג",true,,8.90,8.9000,true,1,1852
1511,true,חצילים,,,חצילים,קילוגרמים,1.00,"ק""ג",true,,8.90,8.9000,true,1,1853
1513,true,פלפל ירוק,,,פלפל ירוק,קילוגרמים,1.00,"ק""ג",true,,9.90,9.9000,true,1,1854
1515,true,פלפל חריף,,,פלפל חריף,קילוגרמים,1.00,"ק""ג",true,,9.90,9.9000,true,1,1856
1516,true,פלפל אדום,,,פלפל אדום,קילוגרמים,1.00,"ק""ג",true,,10.90,10.9000,true,1,1857
1519,true,בצל יבש,,,בצל יבש,קילוגרמים,1.00,"ק""ג",true,,5.90,5.9000,true,1,1860
1521,true,קולורבי,,,קולורבי,קילוגרמים,1.00,"ק""ג",true,,7.90,7.9000,true,1,1861
1522,true,חסה ערבית,,,חסה ערבית,יח',1.00,יח',false,,4.90,4.9000,true,1,1862
1531,true,לפת,,,לפת,קילוגרמים,1.00,"ק""ג",true,,8.90,8.9000,true,1,1870
1535,true,תפו`א אדום ארוז,,,תפו`א אדום ארוז,קילוגרמים,1.00,"ק""ג",true,,5.90,5.9000,true,1,1874
1541,true,ארטישוק,,,ארטישוק,קילוגרמים,1.00,"ק""ג",true,,18.90,18.9000,true,1,102642
1545,true,שום ארוז ייבוא יח',,,שום ארוז ייבוא יח',יח',1.00,יח',false,,5.90,5.9000,true,1,1884
1547,true,שומר,,,שומר,קילוגרמים,1.00,"ק""ג",true,,7.90,7.9000,true,1,1886
1548,true,תות שדה ביח',,,תות שדה ביח',יח',1.00,יח',false,,21.90,21.9000,true,1,101316
1550,true,תפו`א לבן ארוז,,,תפו`א לבן ארוז,קילוגרמים,1.00,"ק""ג",true,,4.90,4.9000,true,1,1889
1551,true,לימון,,,לימון,קילוגרמים,1.00,"ק""ג",true,,8.90,8.9000,true,1,1890
1552,true,תפוז,,,תפוז,קילוגרמים,1.00,"ק""ג",true,,6.90,6.9000,true,1,1891
1553,true,ענב לבן,,,ענב לבן,קילוגרמים,1.00,"ק""ג",true,,29.90,29.9000,true,1,1892
1556,true,בננה מובחרת,,,בננה מובחרת,קילוגרמים,1.00,"ק""ג",true,,6.90,6.9000,true,1,1895
1560,true,דלעת ארוזה,,,דלעת ארוזה,קילוגרמים,1.00,"ק""ג",true,,10.90,10.9000,true,1,1899
1561,true,תפוח עץ זהוב,,,תפוח עץ זהוב,קילוגרמים,1.00,"ק""ג",true,,10.90,10.9000,true,1,1900
1563,true,תפוח עץ חרמון,,,תפוח עץ חרמון,קילוגרמים,1.00,"ק""ג",true,,10.90,10.9000,true,1,1902
1564,true,תפוח עץ סמיט,,,תפוח עץ סמיט,קילוגרמים,1.00,"ק""ג",true,,10.90,10.9000,true,1,1903
1570,true,קלמנטינה,,,קלמנטינה,קילוגרמים,1.00,"ק""ג",true,,6.90,6.9000,true,1,1908
1572,true,אבוקדו מובחר,,,אבוקדו מובחר,קילוגרמים,1.00,"ק""ג",true,,9.90,9.9000,true,1,1910
1574,true,בטטה מתוקה,,,בטטה מתוקה,קילוגרמים,1.00,"ק""ג",true,,10.90,10.9000,true,1,1912
1576,true,אגס,,,אגס,קילוגרמים,1.00,"ק""ג",true,,13.90,13.9000,true,1,1913
1581,true,פלפל צהוב,,,פלפל צהוב,קילוגרמים,1.00,"ק""ג",true,,10.90,10.9000,true,1,1917
1588,true,תירס ארוז,,,תירס ארוז,קילוגרמים,1.00,"ק""ג",true,,9.90,9.9000,true,1,1922
1591,true,ענב אדום,,,ענב אדום,קילוגרמים,1.00,"ק""ג",true,,29.90,29.9000,true,1,1924
1604,true,אפרסמון,,,אפרסמון,קילוגרמים,1.00,"ק""ג",true,,15.90,15.9000,true,1,1935
1615,true,בצל אדום,,,בצל אדום,קילוגרמים,1.00,"ק""ג",true,,7.90,7.9000,true,1,1945
1619,true,פומלית,,,פומלית,קילוגרמים,1.00,"ק""ג",true,,6.90,6.9000,true,1,1948
1683,true,תפוח עץ פינק קריפס,,,תפוח עץ פינק קריפס,קילוגרמים,1.00,"ק""ג",true,,14.90,14.9000,true,1,1989
1941,true,ענב שחור,,,ענב שחור,קילוגרמים,1.00,"ק""ג",true,,29.90,29.9000,true,1,81901
3501,true,כרעיים עוף טרי,,,כרעיים עוף טרי,קילוגרמים,1.00,"ק""ג",true,,29.90,29.9000,true,1,29296
3502,true,חזה עוף טרי,,,חזה עוף טרי,קילוגרמים,1.00,"ק""ג",true,,34.90,34.9000,true,1,29297
3507,true,שניצל עוף פרוס טרי,,,שניצל עוף פרוס טרי,קילוגרמים,1.00,"ק""ג",true,,38.90,38.9000,true,1,21542
3517,true,שוקיים פטם טרי,,,שוקיים פטם טרי,קילוגרמים,1.00,"ק""ג",true,,34.90,34.9000,true,1,29309
8888,true,פיקדון זיכוי לקוח,,,פיקדון זיכוי לקוח,יחידה,0.00,יחידה,false,,0.30,0.0000,true,1,40790
9999,true,פיקדון בקבוקים,,,פיקדון בקבוקים,יחידה,0.00,יחידה,false,,0.30,0.0000,true,1,17
5678585,true,ענב סקרלוטה,,,ענב סקרלוטה,קילוגרמים,1.00,"ק""ג",true,,29.90,29.9000,true,1,131501
72917367,false,טעמי חטיף במילוי קרם נוגט וקרמל,"שטראוס גרופ בע""מ",IL,טעמי 40 גר',גרמים,40.00,100 גרם,false,,4.90,12.2500,true,1,25285
72940754,false,מעדן מילקי בטעם וניל עם קצפת,"שטראוס גרופ בע""מ",IL,"מילקי וניל 170 מ""ל",מיליליטרים,170.00,"100 מ""ל",false,,3.10,1.8235,true,1,26018
72940761,false,מעדן מילקי בטעם שוקולד עם קצפת,מיוצר עי קונדיטוריית,IL,מילקי שוקולד מהדרין,מיליליטרים,170.00,"100 מ""ל",false,,3.10,1.8235,true,1,26019
72940952,false,מעדן מילקי בטעם שוקולד עם אקסטרה קצפת,"שטראוס גרופ בע""מ",IL,מילקי אקסטראה קצפת מ,מיליליטרים,110.00,"100 מ""ל",false,,4.10,3.7273,true,1,26020
72940983,false,חומוס אחלה 250 גרם,אחלה - שטראוס,IL,אחלה חומוס 250ג,גרמים,250.00,100 גרם,false,,7.90,3.1600,true,1,26022
72961506,false,יוגורט עם תות 1.5% שומן 125 ג' פרילי,מיוצר עי קונדיטוריית,IL,פרילי תות 1.5% 125מל,מיליליטרים,125.00,"100 מ""ל",false,,4.10,3.2800,true,1,28388
72961544,false,באדי יוגורט בטעם תות שדה 3%,מחלבת אלון תבור,IL,באדי תות 125מל,מיליליטרים,125.00,"100 מ""ל",false,,3.50,2.8000,true,1,28391
72963753,false,שמנת אורגינל של פעם 27% שומן 200 ג' תנובה,תנובה מרכז שיתופי לש,IL,תנובה שמנת של פעם 27,מיליליטרים,200.00,"100 מ""ל",false,,4.20,2.1000,true,1,28397
72964132,false,פרילי טבע עם גרנולה 1.5% 200מל,מיוצר עי קונדיטוריית,IL,פרילי טבע עם גרנולה,מיליליטרים,200.00,"100 מ""ל",false,,5.50,2.7500,true,1,28399
72964422,false,תנובה יוגורט פרחים 4.5% 200מל,מחלבת תנובה,IL,תנובה יוגורט פרחים 4,מיליליטרים,200.00,"100 מ""ל",false,,3.50,1.7500,true,1,28401
72986424,false,"גלידת בן & ג'ריס פיינטים קרם עוגיות 500מ""ל",מוצרי איכות אמריקאיי,IL,גלידת פיינטים קרם עו,מיליליטרים,420.00,"100 מ""ל",false,,26.90,6.4048,true,1,16360
72986479,false,"צ'אנקי מנקי גלידת וניל, בננות, חתיכות פאדג' ואגוזים",מוצרי איכות אמריקאיי,IL,גלידת פיינטים צאנקי,מיליליטרים,420.00,"100 מ""ל",false,,26.90,6.4048,true,1,16363
72989425,false,"גלידת בן & ג'ריס פיינטים שוקולד בראוניז 500מ""ל",מוצרי איכות אמריקאיי,IL,גלידת פיינטים שוקולד,מיליליטרים,500.00,"100 מ""ל",false,,26.90,5.3800,true,1,16365
72993637,false,מעדן חלב בטעם שוקולד 125 ג' דני,מחלבת אחיהוד,IL,דני מהדרין שוקו בודד,מיליליטרים,125.00,"100 מ""ל",false,,3.10,2.4800,true,1,26027
80052760,false,קינדר בואנו Kinder Bueno עם חלב ואגוזי לוז,קינדר Kinder,PL,חטיף קינדר בואנו שוק,גרמים,43.00,100 גרם,false,,5.90,13.7209,true,1,50021
80176800,false,נוטלה ממרח שוקולד 750 גרם,פררו תעשיות איטליה ס,IT,ממרח שוקולד נוטלה 75,גרמים,750.00,100 גרם,false,,29.00,3.8667,true,1,50023
80177173,false,ממרח אגוזי לוז עם קקאו,נוטלה Nutella,IT,ממרח נוטלה קקאו עם א,גרמים,350.00,100 גרם,false,,17.90,5.1143,true,1,50024
80177609,false,אצבעות שוקולד קינדר Kinder ארבע יחידות,קינדר Kinder,IT,קינדר אצבעות שוק.חלב,גרמים,50.00,100 גרם,false,,5.50,11.0000,true,1,50025
80177616,false,אצבעות שוקולד קינדר Kinder שמונה יחידות,קינדר Kinder,IT,אצבעות שוקולד קינדר,גרמים,100.00,100 גרם,false,,9.40,9.4000,true,1,50026
80761761,false,קינדר בואנו לבן בודד 39 גרם,קדבורי,PL,קינדר בואנו לבן 39ג,גרמים,43.00,100 גרם,false,,5.90,13.7209,true,1,50027
80773429,false,מסטיק מנטוס פיור פרש בבקבוק בינוני בטעם תות 60 ג',"פרפטי ואן מלה ג'ידה,",TR,מסטיק מנטוס בקבוק בט,גרמים,60.00,100 גרם,false,,10.90,18.1667,true,1,114234
80794233,false,מסטיק מנטוס ביג בבקבוק מעוגל טעם מנטה 90 ג',פרפטי ואן מלה,TR,מסטיק מנטוס ביג בבקב,גרמים,90.00,100 גרם,false,,19.90,22.1111,true,1,81946
80804697,false,מסטיק וויט White בטעם מנטה מתוקה ללא סוכר,"אינסטנטה בע""מ",TR,מסטיק מנטוס וויט מנט,גרמים,105.00,100 גרם,false,,19.90,18.9524,true,1,15021
80874652,false,קינדר קארדס 120 גרם - בודד,פררו,IT,קינדר קארדס חטיף בוד,גרמים,25.60,100 גרם,false,,4.50,17.5781,true,1,139946
87108538,false,סוכריות מנטוס Mentos תות שדה,הדקלאים אגודת שיתופי,NL,מנטוס תות בגליל 37.5,גרמים,37.50,100 גרם,false,,4.50,12.0000,true,1,15038
87108651,false,מארז סוכריות מנטוס Mentos מנטה,הדקלאים אגודת שיתופי,NL,סוכריות מנטוס מנטה 1,גרמים,150.00,100 גרם,false,,12.90,8.6000,true,1,15039
87221503,false,מיונז גאודס הולנדי אמיתי 650 גר,,NL,מיונז הולנדי אמיתי 6,גרמים,650.00,100 גרם,false,,34.90,5.3692,true,1,457599
90087974,false,"חומץ תפוחים 5% 750 מֿֿֿֿ""ל 12X",ראוך פרוכטסאפה,AT,חומץ תפוחים 5% תומר,מיליליטרים,750.00,"100 מ""ל",false,,16.90,2.2533,true,1,27558
198888886,false,עיגול אגורות,,,עיגול אגורות,יחידה,0.00,יחידה,false,,1.00,0.0000,true,1,57831
515061602,false,מפת שולחן יוקרתית אי,,,מפת שולחן יוקרתית אי,יחידה,0.00,יחידה,false,,79.90,0.0000,true,1,91391
9800800056,false,חטיף שוקולד עם מקלות לחם אנד גו,נוטלה Nutella,DE,ממרח נוטלה & GO,גרמים,52.00,100 גרם,false,,6.90,13.2692,true,1,50031
10900678148,false,דיאמונד רדיד אלומיניום נון סטיק,דיימונד,CN,רדיד אלומיניום נון ס,יחידה,0.00,יחידה,false,,15.90,0.0000,true,1,374052
11182700954,false,קינג קול שעועית שחורה 439 גרם,קינג קול,,שעועית שחורה 232 גרם,גרמים,439.00,100 גרם,false,,10.90,2.4829,true,1,64504
11210000094,false,"רוטב ""טבסקו"" על בסיס פלפל אדום 60 מ""ל",מקאילהייני אייבורי,US,טבסקו,מיליליטרים,60.00,"100 מ""ל",false,,13.90,23.1667,true,1,52911
11210002500,false,"רוטב טבסקו בפאלו 150 מ""ל","ניצן מותגי מזון בע""מ",US,טבסקו רוטב כנפי באפא,מיליליטרים,150.00,"100 מ""ל",false,,24.90,16.6000,true,1,42758
13300555392,false,פילסברי מיקס בראוניז שוקולד חלב 521 ג',,US,תערובת עוגה מיקס ברא,גרמים,432.00,100 גרם,false,,19.90,4.6065,true,1,445103
13628609388,false,חומץ בלסמי מובחר 500מל,MONARI FEDERZONI,IT,חומץ בלסמי כשר ירוק,מיליליטרים,500.00,"100 מ""ל",false,,25.00,5.0000,true,1,7364
16000185517,false,דגני בוקר פייבר וואן עתירי סובין FIBRE1,בטר אנד דיפרנט,US,פייבר1- דגני בוקר עת,גרמים,555.00,100 גרם,false,,26.90,4.8468,true,1,372427
16229924263,false,"קרם קוקוס 250 מ""ל.",ויט ורלד קומפני,VN,"קרם קוקוס 250 מ""ל.",מיליליטרים,250.00,"100 מ""ל",false,,10.90,4.3600,true,1,110199
18000703494,false,תערובת עוגת וניל פיסברי 500 גר',הדקלאים אגודת שיתופי,IL,תערובת לעוגת וניל פר,גרמים,517.00,100 גרם,false,,19.90,3.8491,true,1,118640
25675120068,false,סאוור סטיקס Sour Sticks בטעם קולה,פשקז Paskesz,NL,חמצוצים מקלות קולה 1,גרמים,100.00,100 גרם,false,,10.90,10.9000,true,1,5655
30000315989,false,קוואקר פרוטאין חמוציות ושקדים 372 גר,קוואקר אוטס קומפני,US,פרוטאין חמוציות ושקד,גרמים,372.00,100 גרם,false,,24.90,6.6935,true,1,143026
31290140176,false,שוקולוד מריר בתוספת שקדים שוקולד גודייבה פינגרס,גודייבה,TR,שוקולד מריר בתוספת ש,גרמים,90.00,100 גרם,false,,16.90,18.7778,true,1,264194
34000148301,false,הרשי נטיפי שוקולד מריר לאפייה 340 גר,ליימן מותגים,,הרשי נטיפי אפייה שוק,גרמים,340.00,100 גרם,false,,19.90,5.8529,true,1,91138
36000516876,false,ממחטות נייר קלינקס לושן 3 שכבות 75 דף,חוגלה קימברלי,GB,קלינקס לושן תלת שכבת,יחידה,0.00,יחידה,false,,14.90,0.0000,true,1,204481
37600207256,false,חמאת בוטנים סקיפי עם שברי בוטנים 462 גר',חברת המזון אלגוד,US,סקיפי חמאת בוטנים עם,גרמים,462.00,100 גרם,false,,21.90,4.7403,true,1,7119
38000232152,false,פרינגלס ברביקיו 158 גרם – חדש,פרינגלס מניופקצ'ורינ,US,פרינגלס ביג ברביקיו,גרמים,158.00,100 גרם,false,,10.90,6.8987,true,1,214778
38000232176,false,חטיף צ'יפס שמנת חמוצה ובצל,פרינגלס מניופקצ'ורינ,US,פרינגלס ביג שמנת בצל,גרמים,158.00,100 גרם,false,,10.90,6.8987,true,1,214779
38000232183,false,פרינגלס אוריגינל 149 גרם,פרינגלס מניופקצ'ורינ,US,פרינגלס ביג אורגינל,גרמים,158.00,100 גרם,false,,10.90,6.8987,true,1,214764
40000514510,false,M&M אריזה קטנה's בוטנים אריזה קטנה 49 גרם,M&M אם אנד אם,US,בוטנים 49 גרם M&M עד,גרמים,49.00,100 גרם,false,,5.90,12.0408,true,1,15975
46214382259,false,עוגיות בראוניס שוקולד 225 ג',בנקטבקריי מרבה בי.וי,NL,מרבה עוגיות בראוניס,גרמים,225.00,100 גרם,false,,11.90,5.2889,true,1,119663
46214731552,false,עוגיות שוקולד ציפס מובחרות 225 ג',קריניציה ויטמינה אס,NL,מרבה עוגיות שוקולד צ,גרמים,225.00,100 גרם,false,,11.90,5.2889,true,1,24554
50000015474,false,פריסקיז מעדני הים 4*,פורינה,US,פריסקיז מעדני הים 4*,קילוגרמים,1.40,"ק""ג",false,,39.90,28.5000,true,1,307743
50000084500,false,מזון יבש לחתול בטעם נתחי ברביקיו פריסקיז Friskies,נסטלה פורינה,US,פריסקיז מעדני השף מנ,קילוגרמים,1.43,"ק""ג",false,,39.90,27.9021,true,1,22264
52100002453,false,תערובת תיבול לסטייק 96 גר,,US,תערובת תיבול לסטייק,גרמים,96.00,100 גרם,false,,21.90,22.8125,true,1,451741
52100005966,false,גבישי שום 85 גרם McC,מקרומיק,US,גבישי שום 85 גרם McC,גרמים,85.00,100 גרם,false,,27.90,32.8235,true,1,451999
52100070780,false,"תמצית תפוז טהורה 29 מ""ל",מקורמיק,US,תמצית תפוז טהורה 29,מיליליטרים,29.00,"100 מ""ל",false,,19.90,68.6207,true,1,447902
72600062306,false,הרס חטיף במבה בטעם גבינה 198 גרם,הר פודס,,הר חטיף גבינת 198 גר,גרמים,198.00,100 גרם,false,,21.90,11.0606,true,1,78477
76840002542,false,"גלידת בן & ג'ריס פיינט נטפליקס וצ'ילד 500מ""ל",מוצרי איכות אמריקאים,IL,גלידת פיינטים נטפליק,מיליליטרים,420.00,"100 מ""ל",false,,26.90,6.4048,true,1,238460
76840100156,false,"בן אנד גריס גלידת צרי גרסיה 500 מ""ל",מוצרי איכות אמריקאיי,IL,בן&גרי גלידה צרי גרס,גרמים,473.00,100 גרם,false,,26.90,5.6871,true,1,16374
77245110610,false,סוכריות מאסט ללא סוכר בטעם מנטה 80 ג'עלית,MIESZKO S.A - MS. JO,PL,סוכריות מאסט ללא סוכ,גרמים,80.00,100 גרם,false,,8.90,11.1250,true,1,25299
77975094761,false,שברי בייגלה סניידרס בטעם צידר 340 גרם,סניידרס Snyder's,US,סניידרס צ'דר 340 גרם,גרמים,340.00,100 גרם,false,,17.90,5.2647,true,1,299992
608614256808,false,ירק שטוף דרלן,,,ירק שטוף דרלן,קילוגרמים,1.00,"ק""ג",true,,29.90,29.9000,true,1,250396
611745285685,true,אבוקדו בשל יח,,,אבוקדו בשל יח,גרמים,470.00,100 גרם,false,,9.90,2.1064,true,1,109952
645173911038,false,קורנישון מלפפוןן מיני 720 גרם - תומר,קלמן אינדיה,IN,מלפפונים קורנישון מי,גרמים,720.00,100 גרם,false,,11.90,1.6528,true,1,27561
649660432020,false,היל ויו שזיפים מיובשים מגולענים 567 גרם,"היל ויו בע""מ",,הייל ויו שזיפים מיוב,גרמים,567.00,100 גרם,false,,29.90,5.2734,true,1,327346
728229123811,false,חטיף על בסיס ירקות שורש בתיבול ים תיכוני,הונדורס צ'יפס יצור א,HN,טרה צ'יפס חטיף ים ת,גרמים,110.00,100 גרם,false,,16.90,15.3636,true,1,7390
728229130154,false,חטיף על בסיס בטטה וסלק בטעם טבעי,הונדורס צ'יפס יצור א,HN,טרה צ'יפס חטיף בטטה,גרמים,110.00,100 גרם,false,,16.90,15.3636,true,1,7392
768404001640,false,"גלידה בן&ג'ריס קפה משפחתית 500מ""ל",מוצרי איכות אמריקאיי,IL,גלידה פיינטס קפה 473,מיליליטרים,473.00,"100 מ""ל",false,,26.90,5.6871,true,1,16398
859547004466,false,קירצוף וספוג ניקוי SCRUB DADDY,סקארקיסט,US,ספוג ניקוי דו צדדי ס,גרמים,34.00,100 גרם,false,,18.90,55.5882,true,1,406467
884912359155,false,דגני בוקר האני באנצס רוסטד 340 ג' POST,פוסט לקיוויל,US,דגני בוקר שיבולת שוע,גרמים,340.00,100 גרם,false,,27.90,8.2059,true,1,413609
884912359162,false,דגני בוקר האני באנצס שקדים 340 ג' POST,פוסט לקיוויל,US,דגני בוקר שיבולת שוע,גרמים,340.00,100 גרם,false,,27.90,8.2059,true,1,413594
884912365200,false,דגני בוקר אוראו 311 גרם מתכון חדש,פוסט לקיוויל,US,דגני בוקר עם פירורי,גרמים,311.00,100 גרם,false,,27.90,8.9711,true,1,476890
3010470155299,false,פריסקיז Friskies פטה בקר וירקות,ניו פטפוד איטליה,IT,פריסקיז פטה בקר וירק,גרמים,400.00,100 גרם,false,,10.90,2.7250,true,1,84331
3046920028363,false,שוקולד מריר אקסלנס 85%,לינדט ושפרונגלי,FR,לינדט אקסלנס 85% 100,גרמים,100.00,100 גרם,false,,18.90,18.9000,true,1,15995
3046920029674,false,שוקולד מריר אקסלנס עם מלח ים,לינדט ושפרונגלי,DE,לינדט אקסלנס עם שבבי,גרמים,100.00,100 גרם,false,,18.90,18.9000,true,1,15998
3068320055008,false,מים מינרלים אוויאן 500 מל,קריניציה ויטמינה אס,FR,מים מינרלים טבעיים מ,מיליליטרים,500.00,"100 מ""ל",false,,7.90,1.5800,true,1,33017
3161911229199,false,חמאה רכה אלוויר 250 גרם,אלל אה וויר,FR,אלוויר חמאה רכה 250ג,גרמים,250.00,100 גרם,false,,23.90,9.5600,true,1,19534
3161911366429,false,חמאה רכה מלוחה אלוויר 250 גרם,ארזינא,FR,אלוויר חמאה רכה מלוח,גרמים,250.00,100 גרם,false,,23.90,9.5600,true,1,19536
3161911393210,false,אלוויר חמאה נורמנדי מלוחה 200 גרם,אלוויר,FR,חמאת נורמנדי מלוחה 2,גרמים,200.00,100 גרם,false,,23.90,11.9500,true,1,430937
3162330060479,false,בירה SAER BRAU 6*250,,,בירה SAER BRAU 6*250,ליטרים,1.50,ליטר,false,,15.90,10.6000,true,1,504927
3178530402353,false,עוגיות ספוג קטנות מיני מדלן,סן מישל St Michel,FR,עוגיות רכות מיני מדל,גרמים,175.00,100 גרם,false,,13.90,7.9429,true,1,121515
3178530407938,false,עוגיות מיני מדלן עם פצפוצי שוקולד,סן מישל St Michel,FR,עוגיות שוקולד צ'יפס,גרמים,175.00,100 גרם,false,,13.90,7.9429,true,1,121516
3245412211393,false,שוקולד חלב מעולה קרפ,,FR,שוקולד חלב מעולה קרפ,גרמים,300.00,100 גרם,false,,8.90,2.9667,true,1,447283
3245412211409,false,שוקולד חלב מעולה עם,,FR,שוקולד חלב מעולה עם,גרמים,300.00,100 גרם,false,,16.90,5.6333,true,1,447098
3270190111108,false,קרפור מוזלי פירות 7,,,קרפור מוזלי פירות 7,גרמים,750.00,100 גרם,false,,16.90,2.2533,true,1,485456
3270190128151,false,קרפור שוקולד חלב אור,,FR,קרפור שוקולד חלב אור,גרמים,100.00,100 גרם,false,,7.90,7.9000,true,1,520684
3270190151654,false,שוקולד מריר מעולה עם,,FR,שוקולד מריר מעולה עם,גרמים,100.00,100 גרם,false,,6.90,6.9000,true,1,447115
3270190174936,false,שוקולד חלב עם תכולת,,FR,שוקולד חלב עם תכולת,גרמים,100.00,100 גרם,false,,6.90,6.9000,true,1,447132
3523230025638,false,מיני בושה עיזים טבעי 125 גר,אוריאל,FR,גבינת עיזים בושה טבע,גרמים,125.00,100 גרם,false,,26.90,21.5200,true,1,19560
3560070230778,false,קרפור-תה אנגלי שחור,,,קרפור-תה אנגלי שחור,גרמים,50.00,100 גרם,false,,7.90,15.8000,true,1,505199
3560070249343,false,קרפור- שוקולד חלב עם,,FR,קרפור- שוקולד חלב עם,גרמים,100.00,100 גרם,false,,6.90,6.9000,true,1,520575
3560070415755,false,קרפור-תה ירוק 25 יחי,,,קרפור-תה ירוק 25 יחי,גרמים,32.50,100 גרם,false,,8.90,27.3846,true,1,505023
3560070582884,false,קרפור סטייליס עם שוק,,,קרפור סטייליס עם שוק,גרמים,300.00,100 גרם,false,,9.90,3.3000,true,1,485424
3560070659517,false,קרפור-תה ארל גריי 20,,,קרפור-תה ארל גריי 20,גרמים,36.00,100 גרם,false,,10.90,30.2778,true,1,505007
3560070669981,false,שוקולד מריר מעולה 80,,FR,שוקולד מריר מעולה 80,גרמים,80.00,100 גרם,false,,5.90,7.3750,true,1,447083
3560070701407,false,שוקולד מריר מעולה עם,,FR,שוקולד מריר מעולה עם,גרמים,100.00,100 גרם,false,,6.90,6.9000,true,1,447116
3560070720859,false,שוקולד מריר מעולה 72,,FR,שוקולד מריר מעולה 72,גרמים,80.00,100 גרם,false,,5.90,7.3750,true,1,447100
3560070800230,false,קרפור שוקו קרלס 375,,,קרפור שוקו קרלס 375,גרמים,375.00,100 גרם,false,,7.90,2.1067,true,1,485475
3560070800353,false,קרפור הוני בולז 375,,,קרפור הוני בולז 375,גרמים,375.00,100 גרם,false,,7.90,2.1067,true,1,485493
3560070820221,false,קרפור-חטיף דגנים אגו,,,קרפור-חטיף דגנים אגו,גרמים,125.00,100 גרם,false,,6.90,5.5200,true,1,505311
3560070826186,false,קרפור מוזלי שוקולד ו,,,קרפור מוזלי שוקולד ו,גרמים,750.00,100 גרם,false,,15.90,2.1200,true,1,485458
3560071005191,false,קרפור -שוקולד לבן עם,,FR,קרפור -שוקולד לבן עם,גרמים,100.00,100 גרם,false,,6.90,6.9000,true,1,520591
3560071006327,false,שוקולד מריר מעולה קר,,FR,שוקולד מריר מעולה קר,גרמים,200.00,100 גרם,false,,6.90,3.4500,true,1,447117
3560071013196,false,קרפור סטייליס בטעם ט,,,קרפור סטייליס בטעם ט,גרמים,500.00,100 גרם,false,,10.90,2.1800,true,1,485440
3560071018566,false,קרפור-חטיף דגנים בוט,,,קרפור-חטיף דגנים בוט,גרמים,125.00,100 גרם,false,,6.90,5.5200,true,1,505295
3560071081263,false,קרפור-תה ירוק סיני 2,,,קרפור-תה ירוק סיני 2,גרמים,36.00,100 גרם,false,,10.90,30.2778,true,1,504991
3560071081270,false,קרפור-תה ירוק נענע 2,,,קרפור-תה ירוק נענע 2,גרמים,36.00,100 גרם,false,,10.90,30.2778,true,1,504975
3560071090821,false,קרפור שוקו בולז 375,,,קרפור שוקו בולז 375,גרמים,375.00,100 גרם,false,,7.90,2.1067,true,1,485477
3560071095598,false,קרפור-חטיף דגנים חמו,,,קרפור-חטיף דגנים חמו,גרמים,125.00,100 גרם,false,,6.90,5.5200,true,1,505312
3560071095659,false,קרפור-חטיף דגנים קוק,,,קרפור-חטיף דגנים קוק,גרמים,125.00,100 גרם,false,,6.90,5.5200,true,1,505313
3560071188689,false,בירה Walberg 6*250 מ,,,בירה Walberg 6*250 מ,ליטרים,1.50,ליטר,false,,19.90,13.2667,true,1,504896
3560071431914,false,קפסולות קפה קרפור עו,,FR,קפסולות קפה קרפור עו,גרמים,52.00,100 גרם,false,,7.90,15.1923,true,1,486499
3560071432003,false,קפסולות קפה קרפור עו,,FR,קפסולות קפה קרפור עו,גרמים,52.00,100 גרם,false,,7.90,15.1923,true,1,486531
3560071432065,false,קפסולות קפה קרפור עו,,FR,קפסולות קפה קרפור עו,גרמים,52.00,100 גרם,false,,7.90,15.1923,true,1,486533
3560071432188,false,קפסולות קפה קרמל קרפ,,FR,קפסולות קפה קרמל קרפ,גרמים,52.00,100 גרם,false,,7.90,15.1923,true,1,486536
3560071432249,false,קפסולות קפה ברזיל קר,,FR,קפסולות קפה ברזיל קר,גרמים,52.00,100 גרם,false,,7.90,15.1923,true,1,486538
3560071432270,false,קפסולות קפה קולומביה,,FR,קפסולות קפה קולומביה,גרמים,52.00,100 גרם,false,,7.90,15.1923,true,1,486539
3560071432300,false,קפסולות קפה אתיופיה,,FR,קפסולות קפה אתיופיה,גרמים,52.00,100 גרם,false,,7.90,15.1923,true,1,486540
3560071432331,false,קפסולות קפה לאוס קרפ,,FR,קפסולות קפה לאוס קרפ,גרמים,52.00,100 גרם,false,,7.90,15.1923,true,1,486541
3560071432362,false,קפסולות קפה קניה קרפ,,FR,קפסולות קפה קניה קרפ,גרמים,52.00,100 גרם,false,,7.90,15.1923,true,1,486542
3560071432690,false,קפסולות קפה קרפור עו,,FR,קפסולות קפה קרפור עו,גרמים,52.00,100 גרם,false,,7.90,15.1923,true,1,486545
3560071442545,false,בירה SAER BRAU 6*250,,,בירה SAER BRAU 6*250,ליטרים,1.50,ליטר,false,,15.90,10.6000,true,1,504943
3574661359885,false,טמפונים אובה סופר 32 יח' פרוקומפורט,,,אובה פרוקומפורט סופר,יחידה,0.00,יחידה,false,,22.90,0.0000,true,1,124996
3574669907880,false,שמפו גונסון צהוב 300 מל,,,ג'ונסון בייבי שמפו,מיליליטרים,330.00,"100 מ""ל",false,,7.90,2.3939,true,1,342746
3600523651870,false,שמפו לחיזוק סיב השערה לכל סוגי השיער,לוריאל - אלביב Elvive,TR,שמפו ארגנין אלביב 55,מיליליטרים,550.00,"100 מ""ל",false,,17.90,3.2545,true,1,125207
3608580730248,false,קונפיטורה דובדובן 370 ג' בוני מאמן,אנדרוס,FR,קונפיטורה דובדבן 370,גרמים,370.00,100 גרם,false,,21.90,5.9189,true,1,23892
3608580730279,false,קונפיטורה בון ממאן מרמלדת תפוזים 370 גר',,,מרמלדת תפוזים 370 גר,גרמים,370.00,100 גרם,false,,21.90,5.9189,true,1,449450
3616180424948,false,קרפור הום -30 מפיות,,,קרפור הום -30 מפיות,יחידה,0.00,יחידה,false,,6.90,0.0000,true,1,513129
3616180425150,false,קרפור הום -30 מפיות,,,קרפור הום -30 מפיות,יחידה,0.00,יחידה,false,,6.90,0.0000,true,1,513134
3616180425198,false,קרפור הום -30 מפיות,,,קרפור הום -30 מפיות,יחידה,0.00,יחידה,false,,6.90,0.0000,true,1,513137
3800034954150,false,מארז 3 יחידות פריש דריי,,,עץ ריח איירון שלישיה,יחידה,0.00,יחידה,false,,10.50,0.0000,true,1,35510
4000417026002,false,שוקולד ריטר ספורט פרלין 100 גרם חלב נוכרי,ריטר ספורט Ritter sport,DE,שוקולד חלב ממולא קרם,גרמים,100.00,100 גרם,false,,10.90,10.9000,true,1,15109
4000539280726,false,שוקולד לינדט אקסלנס מילד 70% 100 גר,לינדט ושפרונגלי,DE,לינדט אקסלנס 70% 100,גרמים,100.00,100 גרם,false,,18.90,18.9000,true,1,463779
4000539280740,false,שוקולד לינדט אקסלנס 78% 100 גר,לינדט,DE,לינדט אקסלנס 78% 100,גרמים,100.00,100 גרם,false,,18.90,18.9000,true,1,463780
4008400230726,false,ביצת שוקולד הפתעה קינדר ענקית 100ג' בנים,קינדר Kinder,BE,ביצת הפתעה קינדר מקס,גרמים,100.00,100 גרם,false,,27.90,27.9000,true,1,87998
4009300524588,false,תה פומפדור חליטת צמחים פירות יער 20 יח',פומפדור Pompadour,DE,פומפדור חליטת פירות,גרמים,60.00,100 גרם,false,,17.90,29.8333,true,1,24631
4009300525684,false,תה חליטת פומפדור לימון וגינגיר 20 יח,פומפדור Pompadour,DE,פומפדור חליטת לימוןג,גרמים,35.00,100 גרם,false,,17.90,51.1429,true,1,24634
4009900402965,false,מסטיק אורביט וויט בטעם פירות ללא סוכר,ריגלי פולין,PL,אורביט וויט פירות בק,גרמים,64.00,100 גרם,false,,12.90,20.1563,true,1,49656
4009900403023,false,מסטיק אורביט בקבוקון דאבל white קלאסי 64ג',"ב.א מזון בע""מ",PL,אורביט וויט מנטה בקב,גרמים,64.00,100 גרם,false,,12.90,20.1563,true,1,49657
4009900420129,false,מסטיק אורביט פרופשנל פפרמינט בקבוקון 64 גר',מרס נדרלנד,PL,אורביט פרופשייונל פפ,גרמים,64.00,100 גרם,false,,12.90,20.1563,true,1,137485
4009900479998,false,מסטיק אורביט בטעם אוכמניות ללא סוכר,ריגלי פולין,PL,אורביט מסטיק בקבוקון,גרמים,64.00,100 גרם,false,,12.90,20.1563,true,1,49683
4009900531122,false,"מסטיק בטעם מנטה ספירמינט, 64 ג' פרופשיונל אורפיט",מרס נדרלנד,PL,אורביט פרופשייונל ספ,גרמים,64.00,100 גרם,false,,12.90,20.1563,true,1,137486
4009900531573,false,סוכריות סקיטלס סמודיס בטעמי יוגורט ופירות,סקיטלס Skittles,CZ,סקיטלס סמודיס 174 גר,גרמים,174.00,100 גרם,false,,9.90,5.6897,true,1,141181
4009900539685,false,"מסטיק פייב באונס בטעם מנטה בקבוקון, 61.8 גרם",ריגלי בעמ רוסיה,PL,מסטיק בטעם מנטה ללא,גרמים,61.80,100 גרם,false,,13.90,22.4919,true,1,410613
4014400901191,false,בונבונירה מרסי קלאסי 250 גרם חלב נוכרי,ליימן מותגים,DE,בונבונירה מרסי 250 ג,גרמים,250.00,100 גרם,false,,29.90,11.9600,true,1,15138
4014400901405,false,בונבוניירה שוקולד מרסי חלב 250 ג',קריניציה ויטמינה אס,DE,מרסי חלב כחול 250 גר,גרמים,250.00,100 גרם,false,,29.90,11.9600,true,1,15139
4014400910063,false,סוכריות וורטר אורגינל שקית 135 גרם,ליימן מותגים,DE,סוכריות חמאה וורטר 1,גרמים,135.00,100 גרם,false,,10.90,8.0741,true,1,15150
4014400914696,false,סוכריות חמאה וורטר אור ללא סוכר 80 גרם,ליימן מותגים,DE,80 סוכריות חמאה וורט,גרמים,80.00,100 גרם,false,,9.90,12.3750,true,1,15156
4014400923711,false,טופיפי 125 גר' - חלב נוכרי,ליימן מותגים,DE,טופיפי בונבונירה שוק,גרמים,125.00,100 גרם,false,,14.90,11.9200,true,1,15161
4014600204061,false,רגולדס סוכריות בפח בטעם אפרסק 150 גר,,,סוכריות בפח בטעם אפר,גרמים,150.00,100 גרם,false,,10.90,7.2667,true,1,461304
4015400564034,false,מגני תחתון אולוויז לונג פלוס עם ניחוח,פרוקטר אנד גמבל,DE,מגן תחתון לונג פלוס,יחידה,0.00,יחידה,false,,18.90,0.0000,true,1,29984
4015400564454,false,מגני תחתון אולוויז לארג' עם ניחוח מגה פק,פרוקטר אנד גמבל,DE,מגן תחתון לארג מגה פ,יחידה,0.00,יחידה,false,,18.90,0.0000,true,1,29988
4017100290008,false,ביסקוויט בלזן ליבניץ שוקולד חלב 125 ג',הדקלאים אגודת שיתופי,DE,בלזן ביסקוויט מצופה,גרמים,125.00,100 גרם,false,,15.90,12.7200,true,1,121099
4017100364112,false,עוגיות היט Hit במילוי קרם בטעם שוקולד,הדקלאים אגודת שיתופי,PL,היט עוגיות סנדביץ בט,גרמים,220.00,100 גרם,false,,9.90,4.5000,true,1,121102
4022025001905,false,יין בלו ווין מבעבע זהב כשר 750 מל,היי סישל סוהן טראבן,DE,בלו וויין מבעבע זהב,מיליליטרים,750.00,"100 מ""ל",false,,55.90,7.4533,true,1,138925
4025700001962,false,שוקולד מילקה לבן 100 גרם,פי אר ג'יי אס סי מונ,DE,מילקה שוקולד לבן 100,גרמים,100.00,100 גרם,false,,7.90,7.9000,true,1,233934
4079400330129,false,"בירה פילסנר וולטרס 4.9% 500 מ""ל בפחית",,,בירה וולטרס פחית 4.9,מיליליטרים,500.00,"100 מ""ל",false,,7.90,1.5800,true,1,121388
4710068001692,false,"מאסטר קפה לאטה פחית 240מ""ל",תאיט מרקטינג אנד דיס,TW,מאסטר קפה לאטה פחית,מיליליטרים,240.00,"100 מ""ל",false,,6.90,2.8750,true,1,11403
4800888150080,false,"דאב - דאודורנט רול און לאישה פרש טאצ' מלפפונים 50 מ""ל",יוניליוור פיליפינים,PH,דאו' רולאון מלפפונים,מיליליטרים,50.00,"100 מ""ל",false,,19.90,39.8000,true,1,12413
4903001904192,false,"רוטב סויה יאמסה פרימיום 500 מ""ל",הדקלאים אגודת שיתופי,JP,רוטב סויה יאמאסה פרמ,מיליליטרים,500.00,"100 מ""ל",false,,19.90,3.9800,true,1,15178
4903001925784,false,"רוטב סויה יאמאסה פרמיום דל מלח 500 מ""ל",הדקלאים אגודת שיתופי,JP,רוטב סויה יאמאסה דל,מיליליטרים,500.00,"100 מ""ל",false,,19.90,3.9800,true,1,15180
5000157143365,false,מתבל בטעם מיונז וקטשופ היינץ 425 ג',היינץ Heinz,PL,מתבל בטעם מיונז וקטש,מיליליטרים,425.00,"100 מ""ל",false,,16.90,3.9765,true,1,209232
5000159461122,false,חטיף שוקולד סניקרס 50 ג',"נארז ע""י : א.ג. גילר",NL,חטיף סניקרס שוקולד 5,גרמים,50.00,100 גרם,false,,4.90,9.8000,true,1,16033
5000189974579,false,מארז מיני חטיפי קיט קט Kit Kat,ליימן מותגים,DE,קיט קט מיני 200 גרם,גרמים,200.00,100 גרם,false,,10.90,5.4500,true,1,128679
5010026519368,false,מורנפלייק שיבולת שועל 500 גרם שקית,,,פתיתי שיבולת שועל -,גרמים,500.00,100 גרם,false,,9.90,1.9800,true,1,310699
5014271310428,false,סן דלפו מעדן דבדבן שחור ללא סוכ 284 ג',המאפיה של הרמן,FR,סאן דלפור מעדן דובדב,גרמים,284.00,100 גרם,false,,22.90,8.0634,true,1,19577
5014271350424,false,מעדן סאנט דלפור ארבע פירות 284 גר,המאפיה של הרמן,FR,סאן דלפור מעדן ארבע,גרמים,284.00,100 גרם,false,,22.90,8.0634,true,1,19579
5014271400426,false,סן דלפו מעדן תות שדה ללא סוכר 284 ג',המאפיה של הרמן,FR,סאן דלפור מעדן תות ש,גרמים,284.00,100 גרם,false,,22.90,8.0634,true,1,19584
5029053002408,false,נייר טואלט קלינקס פרימיום לבן - מארז 9 גלילים,קימברלי קלארק ישראל,IL,נייר טואלט קליניקס ל,מטרים,275.00,מטר,false,,38.90,0.1415,true,1,10846
5029053002439,false,נייר טואלט קלינקס פרימיום צהוב - מארז 9 גלילים,חוגלה קימברלי,GB,נייר טואלט קליניקס צ,מטרים,243.00,מטר,false,,38.90,0.1601,true,1,10847
5029053523446,false,קוטקס - תחבושות אולטרה נייט + כנפיים 20 יח',קימברלי קלארק,GB,תחבושות אולטרה נייט+,יחידה,0.00,יחידה,false,,21.90,0.0000,true,1,10853
5029053535227,false,קוטקס טמפון עם מוליך נורמל 16 יח',KC Czech,CZ,טמפון עם מוליך נורמל,יחידה,0.00,יחידה,false,,28.90,0.0000,true,1,10866
5053827215862,false,קלוגס קוקו פופס שוקו 500ג',קלוגס Kellogg's,DE,דגני בוקר קוקו פופס,גרמים,500.00,100 גרם,false,,20.90,4.1800,true,1,246084
5059001003713,false,איירוויק - מקלות ריחניים בניחוח תאנה ופירות יער,רקיט בנקיזר,HU,איירוויק מקלות תאנה,מיליליטרים,30.00,"100 מ""ל",false,,15.90,53.0000,true,1,512038
5060751219033,false,"משקה אנרגיה מונסטר ULTRA PARADISE פח 500 מ""ל",מונסטר אנרג'י לימטד,IE,מונסטר אולטרה פרדייז,מיליליטרים,500.00,"100 מ""ל",false,,7.90,1.5800,true,1,429880
5201347175030,false,פיניש קוואנטום 32 יח,,,פיניש קוואנטום 32 יח,יחידה,0.00,יחידה,false,,39.90,0.0000,true,1,467357
5203064007625,false,תומר עוגיות שוקו צ'י,,,תומר עוגיות שוקו צ'י,גרמים,180.00,100 גרם,false,,11.90,6.6111,true,1,379188
5400265032993,false,המלט- נשיקות מרנג לבן 100 גרם,,,נשיקות מרנג לבן 100,גרמים,100.00,100 גרם,false,,13.90,13.9000,true,1,457533
5400265033006,false,המלט- נשיקות מרנג צבעוני 100 גרם,,,נשיקות מרנג צבעוני 1,גרמים,100.00,100 גרם,false,,13.90,13.9000,true,1,457534
5410076933129,false,אריאל שושן צחור שקית,פרוקטר אנד גמבל,TR,אריאל שושן צחור שקית,קילוגרמים,3.00,"ק""ג",false,,39.90,13.3000,true,1,30439
5410103161518,false,קרם יום עם פעולה משולשת לעור רגיל ומעורב,לוריאל Loreal,DE,דרמו פעולה משולשת רג,מיליליטרים,50.00,"100 מ""ל",false,,49.90,99.8000,true,1,14912
5410126106183,false,ביסקויט לוטוס קרמל 312 גר 50 יח ארוז,כלורוקס אוקלנד,BE,ביסקוויט קרמל 312גרם,גרמים,312.00,100 גרם,false,,20.90,6.6987,true,1,7223
5410126716016,false,"ביסקוויט בטעם קרמל לוטוס בד""צ 250 ג'",לוטוס ביקרי בלגיה,BE,ביסקוויט בטעם קרמל ל,גרמים,250.00,100 גרם,false,,12.90,5.1600,true,1,30446
5410126726947,false,ממרח עוגיות לוטוס קראנץ' 380 גרם,לוטוס בייקרי בלגיה נ,BE,לוטוס קראנץ ממרח עוג,גרמים,380.00,100 גרם,false,,25.20,6.6316,true,1,7225
5411081008192,false,"בירה קסטיל רוז 330 מ""ל פחית",,,בירה קסטיל רוז' 300,מיליליטרים,330.00,"100 מ""ל",false,,12.90,3.9091,true,1,503841
5411081008420,false,"בירה בירה שושנע קסטיל 330 מ""ל",,,בירה שושנע (פחית) 33,מיליליטרים,330.00,"100 מ""ל",false,,12.90,3.9091,true,1,503842
5411188096108,false,"שמנת לבישול ע""ב סויה 250 מ""ל אלפרו",אלפרו C.V.A,BE,אלפרו סויה לבישול 25,מיליליטרים,250.00,"100 מ""ל",false,,10.90,4.3600,true,1,24670
5411188112709,false,"משקה קוקוס אלפרו 1 ליטר משקה שקדים לל""ס",הנסיך- מפעל לייצור ט,BE,אלפרו משקה שקדים ללא,יחידה,0.00,יחידה,false,,19.50,0.0000,true,1,24678
5411188115366,false,משקה קוקוס אלפרו 1 ליטר משקה שיבולת שועל 1 ליטר,הנסיך- מפעל לייצור ט,BE,אלפרו משקה שיבולת שו,יחידה,0.00,יחידה,false,,19.50,0.0000,true,1,24681
5411188115472,false,אלפרו משקה סויה 1 ליטר,הנסיך- מפעל לייצור ט,BE,אלפרו משקה סויה 1 לי,ליטרים,1.00,ליטר,false,,17.30,17.3000,true,1,255230
5411188134985,false,אלפרו 3.5% NOT M*LK שיבולת שועל 1 ליטר בית יוסף,הנסיך- מפעל לייצור ט,BE,אלפרו 3.5% שומן NOT,ליטרים,1.00,ליטר,false,,16.20,16.2000,true,1,336222
5413121363513,false,שוקולד מריר דובדבן בלגיאן 100 גרם,,,שוקולד מריר דובדבן ב,גרמים,100.00,100 גרם,false,,12.90,12.9000,true,1,460318
5413548280189,false,קינדר שוקובון 16 יחידות,פררו,BE,קינדר שוקו בון 125ג,גרמים,125.00,100 גרם,false,,16.90,13.5200,true,1,50034
5420066370049,false,טראפל בלגי תפוז 150 גרם,,,טראפל שוקולד בלגי תפ,גרמים,150.00,100 גרם,false,,15.90,10.6000,true,1,461416
5601010111035,false,סרדין בשמן זית 125 גר רמירז,רמירז קונסרב,PT,סרדינים בשמן זית רמי,גרמים,100.00,100 גרם,false,,13.90,13.9000,true,1,74607
5701932026995,false,פופקורן להכנה במיקרוגל בטעם טבעי מופחת שומן 6 שקיות,קריניציה ויטמינה אס,US,הוט פופ פופקורן לייט,גרמים,510.00,100 גרם,false,,17.90,3.5098,true,1,15191
5711953106606,false,גבינת שמנת עם תבלינים ועשבי תיבול 23.5%,ארלה פודס אמבה,DK,ארלה גבינת שמנת עשבי,גרמים,200.00,100 גרם,false,,18.70,9.3500,true,1,190407
5740900403215,false,ממרח מחמאת לורפק עם מלח 250 ג',לורפאק Lurpak,DK,ממרח לורפק עם מלח 25,גרמים,250.00,100 גרם,false,,18.90,7.5600,true,1,134435
5740900403222,false,ממרח לורפק חמאה עם מלח מופחת שומן 250 ג,לורפאק Lurpak,DK,ממרח לורפק עם מלח מו,גרמים,250.00,100 גרם,false,,18.90,7.5600,true,1,134436
5740900403239,false,ממרח מחמאת לורפק ללא מלח 250 ג',לורפאק Lurpak,DK,ממרח לורפק ללא מלח 2,גרמים,250.00,100 גרם,false,,18.90,7.5600,true,1,134437
5740900403253,false,ממרח מחמאת לורפק עם מלח 500 ג',לורפאק Lurpak,DK,ממרח לורפק עם מלח 50,גרמים,500.00,100 גרם,false,,33.40,6.6800,true,1,134439
5740900403260,false,ממרח מחמאת לורפק ללא מלח 27% פחות שומן,ארלה פודס אמבה,DK,ממרח לורפק ללא מלח מ,גרמים,250.00,100 גרם,false,,18.90,7.5600,true,1,134440
5900020012814,false,דגנים נסקוויק מלחמת הכוכבים 500 גרם,מיוצר עי קונדיטוריית,PL,דגני בוקר נסקוויק נס,גרמים,500.00,100 גרם,false,,28.90,5.7800,true,1,22296
5900020020710,false,נסטלה - קראנץ' שוקו וניל חטיף דגנים 25 גרם * 6,נסטלה פולין ברים,PL,חטיף דגנים קראנץ בר,גרמים,150.00,100 גרם,false,,18.90,12.6000,true,1,22304
5900020024770,false,פיטנס - דליס חטיף דגנים שוקולד אגוז 22.50 גרם * 6,סי. פי. פולין,PL,פיטנס בר דליס שוקולד,גרמים,135.00,100 גרם,false,,18.90,14.0000,true,1,68336
5900020026552,false,דגני בוקר האני נאט צ'יריוס בטעם דבש ושקדים,נסטלה צרפת איטנקורט,FR,האני נאט ציריוס נסטל,גרמים,625.00,100 גרם,false,,28.90,4.6240,true,1,22319
5900020034991,false,דגני בוקר צדפים בטעם שוקולד 450 ג' קראנץ',סי. פי. פולין,IL,קראנץ' צדפים בטעם שו,גרמים,450.00,100 גרם,false,,28.90,6.4222,true,1,204405
5900020036407,false,דגני בוקר ליון Lion בטעם שוקולד וקרמל,ג.נרל מילס,US,דגני בוקר שוקולד וקר,גרמים,480.00,100 גרם,false,,28.90,6.0208,true,1,228777
5900020037916,false,דגני בוקר שיבולת שועל צ'ריוס 375ג',ג'נרל מילס סאן אדריא,US,צ'יריוס שיבולת שועל,גרמים,375.00,100 גרם,false,,18.90,5.0400,true,1,319546
5900020039132,false,שיבולת שועל בטעם תפוח קינמון צ'יריוס 320 ג',סי. פי. פולין,IL,צ'יריוס שיבולת שועל,גרמים,320.00,100 גרם,false,,18.90,5.9062,true,1,312196
5900020041142,false,קורנפלקס פיטנס 500 ג' אסם,סי.פי.פולין,PL,קורנפלקס פיטנס 500גר,גרמים,500.00,100 גרם,false,,14.90,2.9800,true,1,512633
5900627063233,false,טבליות למדיח AIO 50 יח פיניש,רקיט בנקיזר,PL,50 יח AIO טבליות פינ,גרמים,800.00,100 גרם,false,,41.90,5.2375,true,1,24146
5902198160403,false,"משקה אנרגיה XL TEN פחית לל""ס 250מ""ל","טמפו משקאות בע""מ",IL,אקס אל משקה אנרגיה ט,מיליליטרים,250.00,"100 מ""ל",false,,4.90,1.9600,true,1,83066
5902768862553,true,עוגיות בוגטי שוקולד,,,עוגיות בוגטי שוקולד,גרמים,155.00,100 גרם,false,,6.90,4.4516,true,1,153043
5902768865677,true,עוגיות שוקולד צ'יפס,,,עוגיות שוקולד צ'יפס,גרמים,150.00,100 גרם,false,,6.90,4.6000,true,1,153046
5904941750312,false,"משקה אנרגיה BLU מוחיטו בודד 250 מ""ל",אקו - ביט,PL,בלו בודד מוחיטו 250,מיליליטרים,250.00,"100 מ""ל",false,,4.90,1.9600,true,1,3507
5904941751302,false,"משקה אנרגיה בלו 250 מ""ל- בודד",אקו - ביט,PL,בלו משקה אנרגיה 250,מיליליטרים,250.00,"100 מ""ל",false,,4.90,1.9600,true,1,3511
5906485301012,false,"משקה אנרגיה XL פחית 250 מ""ל","טמפו משקאות בע""מ",IL,אקס אל משקה אנרגיה 2,מיליליטרים,250.00,"100 מ""ל",false,,4.90,1.9600,true,1,11422
5941021002190,false,טבלת שוקולד לבן אגוז היידי גראנדור 100 ג',,,טבלת היידי גראנדור ל,גרמים,100.00,100 גרם,false,,12.90,12.9000,true,1,440143
5941021004309,false,"שוקולד היידי גראנדור פלורנטין, 100 ג'",,,טבלת היידי גראנדור פ,גרמים,100.00,100 גרם,false,,12.90,12.9000,true,1,440177
5941021011147,false,טבלת שוקולד פלורנטין מריר היידי גראנדור 100 ג',,,טבלת היידי גראנדור פ,גרמים,100.00,100 גרם,false,,12.90,12.9000,true,1,440178
6102017501939,false,מצית לגז ארוך קבוע,,,מצת מהודר,יחידה,0.00,יחידה,false,,9.90,0.0000,true,1,124521
6111094000259,false,קוסקוס דארי בינוני 500ג'18X,דארי Dari,MA,קוסקוס בינוני דארי 5,גרמים,500.00,100 גרם,false,,10.90,2.1800,true,1,119891
6910191800287,false,אצות נורי בלו 10 דף (ננגטונג),ננטונג היידה אקווטוק,CN,אצות נורי לסושי מזרח,גרמים,25.00,100 גרם,false,,12.90,51.6000,true,1,16433
6912977000140,false,אטריות שעועית 250 גר' ( Yantai)ללא גלוטן,יאנטאי ינסידה לנוגקא,CN,אטריות שעועית ללא גל,גרמים,250.00,100 גרם,false,,9.90,3.9600,true,1,59542
6936745600783,false,"חומץ אורז 500 מ""ל (דאניינג)",דאנינג יוה פודס קו,CN,"חומץ אורז 500 מ""ל (ד",גרמים,500.00,100 גרם,false,,17.90,3.5800,true,1,16447
7271730901261,false,ווקי מאק ארוחת אטריות עם גבינה 156 גרם,ניו וורלד פסטה קומפנ,US,ארוחת אטריות וואקי מ,גרמים,156.00,100 גרם,false,,11.90,7.6282,true,1,70560
7290000000626,false,ברוקולי ארוז במגשית,,,ברוקולי ארוז במגשית,יח',1.00,יח',false,,9.90,9.9000,true,1,382561
7290000004444,false,שקיות גופיה 20 מקרו,,,שקיות גופיה 20 מקרו,יחידה,0.00,יחידה,false,,0.10,0.0000,true,1,458705
7290000011593,false,שזיף,,,שזיף,קילוגרמים,1.00,"ק""ג",true,,19.90,19.9000,true,1,2082
7290000014510,false,חסה עגולה,,,חסה עגולה,יח',1.00,יח',false,,7.90,7.9000,true,1,2085
7290000023083,false,ערק אשקלון 40% בקבוק,"יקבי ברקן בע""מ",IL,"ערק אשקלון 700 מ""ל כ",מיליליטרים,700.00,"100 מ""ל",false,,55.90,7.9857,true,1,11433
7290000024240,false,יין רזרב שרדונה 750 מל שביעית,ביבקבי ברקן שיווק וה,IL,"שרדונה רזרבד 750 מ""ל",מיליליטרים,750.00,"100 מ""ל",false,,46.90,6.2533,true,1,11460
7290000040042,false,יוגורט תות %3 גביע 150 ג' יופלה,תנובה בעמ,IL,יופלה תות שובב 3% 15,מיליליטרים,150.00,"100 מ""ל",false,,5.70,3.8000,true,1,28406
7290000040066,false,יוגורט דובדבן 3% שומן 150 ג' יופלה,תנובה מרכז שיתופי לש,IL,יופלה דובדבן פראי 3%,מיליליטרים,150.00,"100 מ""ל",false,,5.70,3.8000,true,1,28408
7290000040974,false,חלב תנובה קרטון דל לקטוז 2% 1ל,תנובה מרכז שיתופי לש,IL,חלב תנובה קרטון דל ל,ליטרים,1.00,ליטר,false,,7.90,7.9000,true,1,28416
7290000041445,false,גבינת קוטג מהדרין 5% 250 גרם,מיוצר עי קונדיטוריית,IL,"קוטג' 5% תנובה בד""צ",גרמים,250.00,100 גרם,false,,5.80,2.3200,true,1,28418
7290000041858,false,"שמנת חמוצה 15% יטבתה 200 מ""ל מהדרין",שטראוס גרופ,IL,יטבתה שמנת חמוצה 15%,מיליליטרים,200.00,"100 מ""ל",false,,2.70,1.3500,true,1,26028
7290000042435,false,חלב דל שומן בקרטון+פקק 1 ליטר 1%,תנובה מרכז שיתופי לש,IL,חלב תנובה בקרטון 1%,ליטרים,1.00,ליטר,false,,5.86,5.8600,true,1,28430
7290000042442,false,חלב הומוגני 3% בקרטון 1ל' תנובה,תנובה,IL,חלב תנובה בקרטון רבנ,ליטרים,1.00,ליטר,false,,6.23,6.2300,true,1,28431
7290000042640,false,"חלב תנובה עמיד 3% קרטון 250 מ""ל",תנובה מרכז שיתופי לש,IL,חלב תנובה עמיד 3% מה,מיליליטרים,250.00,"100 מ""ל",false,,2.90,1.1600,true,1,28437
7290000042855,false,יוטבתה שוקו שקית 225מל,שטראוס גרופ,IL,יטבתה שוקו שקית 225,מיליליטרים,225.00,"100 מ""ל",false,,2.90,1.2889,true,1,26033
7290000043814,false,"שמנת מתוקה להקצפה 38% 250 מ""ל תנובה",תנובה מרכז שיתופי לש,IL,שף לבן שמנת לקצפת עמ,מיליליטרים,250.00,"100 מ""ל",false,,6.47,2.5880,true,1,28443
7290000043890,false,רוויון קרטון 1 ליטר %1.5,תנובה מרכז שיתופי לש,IL,ריויון 1.5% 1ל,ליטרים,1.00,ליטר,false,,12.50,12.5000,true,1,28446
7290000043944,false,כד יוגורט תנובה 4% שומן 1.5 ליטר,מיוצר עי קונדיטוריית,IL,יוגורט כדים תנובה 1.,ליטרים,1.50,ליטר,false,,18.70,12.4667,true,1,28447
7290000044712,false,יוגורט עם תות 1.5% שומן 500 ג' פרילי,מיוצר עי קונדיטוריית,IL,פרילי תות 1.5% 500מל,מיליליטרים,500.00,"100 מ""ל",false,,10.90,2.1800,true,1,28453
7290000044880,false,באדי יוגורט תות 3% שומן 500 ג' תנובה,מיוצר עי קונדיטוריית,IL,באדי תות 3% 500מל,מיליליטרים,500.00,"100 מ""ל",false,,9.90,1.9800,true,1,28455
7290000045573,false,גבינת מותכת משולשים 25% שומן 200 ג' נעמה,תנובה,IL,נעמה גבינת מותכת 25%,גרמים,200.00,100 גרם,false,,16.90,8.4500,true,1,28457
7290000045580,false,"גבינת מותכת נעמה חורש 25%, 240 ג'",תנובה מרכז שיתופי לש,IL,נעמה גבינת מותכת 25%,גרמים,240.00,100 גרם,false,,19.90,8.2917,true,1,28458
7290000045917,false,תנובה גבינת פרומעז 23% גלילית 200ג,תנובה,IL,תנובה גבינת פרומעז 2,גרמים,200.00,100 גרם,false,,29.90,14.9500,true,1,28460
7290000046327,false,"גבינת גלבוע פרוס 22%, 200 ג' תנובה",תנובה מרכז שיתופי לש,IL,גלבוע גבינה פרוסה 22,גרמים,200.00,100 גרם,false,,13.90,6.9500,true,1,28463
7290000047546,false,כנען גבינה לבנה 5% 500 גרם ללא מלח,תנובה מרכז שיתופי לש,IL,שף לבן כנען 5% 500ג,גרמים,500.00,100 גרם,false,,28.20,5.6400,true,1,28466
7290000047942,false,**תנובה גבינה לבנה מהדרין 9% 250ג,תנובה מרכז שיתופי לש,IL,תנובה גבינה לבנה 9%,גרמים,250.00,100 גרם,false,,5.10,2.0400,true,1,28470
7290000048185,false,גבינה לבנה 5% שומן 250 ג' תנובה,מיוצר עי קונדיטוריית,IL,גבינה לבנה רכה 5% תנ,גרמים,250.00,100 גרם,false,,4.98,1.9920,true,1,28471
7290000048192,false,גבינה לבנה 9% שומן 250 ג' תנובה,מחלבת אלון תבור,IL,גבינה לבנה רכה 9% בד,גרמים,250.00,100 גרם,false,,5.10,2.0400,true,1,28472
7290000048307,false,גבינת קוטג 5% עם זיתים 250ירוקים גרם,מיוצר עי קונדיטוריית,IL,קוטג תנובה עם זיתים,גרמים,250.00,100 גרם,false,,5.90,2.3600,true,1,28474
7290000048413,false,גבינה חמד %16 שקית 250 ג' פיראוס,תנובה מרכז שיתופי לש,IL,פיראוס חמד 16% 250ג,גרמים,250.00,100 גרם,false,,20.90,8.3600,true,1,28476
7290000049458,false,גבינת פטה עיזים 16% גביע פיראוס 250 ג',תנובה מרכז שיתופי לש,IL,פיראוס בולגרית עיזים,גרמים,250.00,100 גרם,false,,32.90,13.1600,true,1,28482
7290000050447,false,יוגורט תות 500 ג' יופלה,מיוצר עי קונדיטוריית,IL,יופלהYYY תות 3% 500מ,מיליליטרים,500.00,"100 מ""ל",false,,14.90,2.9800,true,1,28489
7290000050454,false,יוגורט אפרסק 500 ג' יופלה,מיוצר עי קונדיטוריית,IL,יופלהYYY אפרסק 3% 50,מיליליטרים,500.00,"100 מ""ל",false,,14.90,2.9800,true,1,28490
7290000051352,false,חלב מלא בטעם של פעם 3.4% תנובה קרטון 1 ל',תנובה מרכז שיתופי לש,IL,חלב תנובה של פעם בקר,ליטרים,1.00,ליטר,false,,7.90,7.9000,true,1,28509
7290000051376,false,יופלה דיאט אננס ספורטיבי 0% 150גר,תנובה מרכז שיתופי לש,IL,יופלה דיאט אננס ספור,מיליליטרים,150.00,"100 מ""ל",false,,5.60,3.7333,true,1,28510
7290000052311,false,עמק פרוס בקופסא 200 גר 15% שומן,תנובה מרכז שיתופי לש,IL,עמק מהדרין 15% 200 ג,גרמים,200.00,100 גרם,false,,17.90,8.9500,true,1,28526
7290000052717,false,קוטג' 5%עם שום שמיר 250 ג' תנובה,מיוצר עי קונדיטוריית,IL,קוטג תנובה עם שום שמ,גרמים,250.00,100 גרם,false,,5.90,2.3600,true,1,28536
7290000055329,false,משקה יוגורט יופלה בטעם תות-מלון 250 גר,תנובה מרכז שיתופי לש,IL,יופלה משקה יוגורט תו,מיליליטרים,250.00,"100 מ""ל",false,,6.50,2.6000,true,1,28582
7290000055336,false,משקה יוגורט יופלה בטעם בננה אפרסק 250 גר,תנובה מרכז שיתופי לש,IL,יופלה משקה יוגורט בנ,מיליליטרים,250.00,"100 מ""ל",false,,6.50,2.6000,true,1,28583
7290000055893,false,חמאה משמנת מפוסטרת 200ג' כ.מהדרין,תנובה מרכז שיתופי לש,IL,חמאה מהדרין תנובה 20,גרמים,200.00,100 גרם,false,,8.20,4.1000,true,1,28590
7290000056883,false,יופלה מאגדת פרי 3% 8 יח' * 150 ג',תנובה מרכז שיתופי לש,IL,יופלה טעמים משתנים 3,קילוגרמים,1.20,"ק""ג",false,,35.90,29.9167,true,1,28610
7290000056890,false,דיאט יופלה שמינייה טעמים שונים,מיוצר עי קונדיטוריית,IL,יופלה דיאט טעמים שונ,קילוגרמים,1.20,"ק""ג",false,,35.90,29.9167,true,1,28611
7290000056906,false,מאגדת לבן טבעי 1.5% שומן 8 יח' * 150 ג' יופלה,מחלבת אלון תבור,IL,יופלה לבן 1.5% 8*150,ליטרים,1.20,ליטר,false,,19.90,16.5833,true,1,28612
7290000057088,false,עמק פרוס דק דק 200 גרם 28%,תנובה מרכז שיתופי לש,IL,עמק דק דק 28% 200גר,גרמים,200.00,100 גרם,false,,17.90,8.9500,true,1,28619
7290000058030,false,"יופלה שטוזים משקה יוגורט תות 8 יח' * 100 מ""ל",מיוצר עי קונדיטוריית,IL,יופלה שטוזים משקה יו,מיליליטרים,800.00,"100 מ""ל",false,,22.90,2.8625,true,1,28643
7290000058047,false,**שף לבן שמנת מתוקה מהדרין 38% פקק 500מ,תנובה מרכז שיתופי לש,IL,שף לבן שמנת מתוקה מה,מיליליטרים,500.00,"100 מ""ל",false,,12.94,2.5880,true,1,28644
7290000060163,false,פסטה אסם אטריות דקות 400גר,"אסם השקעות בע""מ",IL,אטריות דקות אסם 400,גרמים,400.00,100 גרם,false,,7.90,1.9750,true,1,22328
7290000060200,false,פסטה אסם פתיתים אפויים קוסקוס 500גר,"אסם השקעות בע""מ",IL,פתיתים אפויים קוסקוס,גרמים,500.00,100 גרם,false,,7.90,1.5800,true,1,22329
7290000060217,false,פסטה אסם מקרוני 7 500 גר,פסטה זארה,IT,פסטה מקרוני אסם 500,גרמים,500.00,100 גרם,false,,6.90,1.3800,true,1,22330
7290000060248,false,פסטה אסם פתיתים תלתלים 500 גר',פסטה זארה,IT,פסטה תלתלים אסם 500,גרמים,500.00,100 גרם,false,,6.90,1.3800,true,1,22331
7290000060316,false,פסטה פרפקטו ספגטי 500ג' אסם,פסטה זארה,IT,פסטה ספגטי פרפקטו 50,גרמים,500.00,100 גרם,false,,7.90,1.5800,true,1,22333
7290000060323,false,פסטה פרפקטו ספגטיני (2) 500 גרם,פסטה זארה,UG,פסטה ספגטיני פרפקטו,גרמים,500.00,100 גרם,false,,7.90,1.5800,true,1,22334
7290000060408,false,פסטה אסם פתיתים אפויים טבעות 500 גר,"אסם השקעות בע""מ",IL,פתיתים אפויים טבעות,גרמים,500.00,100 גרם,false,,7.90,1.5800,true,1,22337
7290000060576,false,פסטה אסם פתיתים אפוי כוכב 500גר,"אסם השקעות בע""מ",IL,פתיתים אפויים כוכבים,גרמים,500.00,100 גרם,false,,7.90,1.5800,true,1,22343
7290000060781,false,פסטה אסם פתיתים מסולסלים 500גר,פסטה זארה,IT,פסטה מסולסלים אסם 50,גרמים,500.00,100 גרם,false,,6.90,1.3800,true,1,22344
7290000060828,false,פסטה קרניים בינוניות (55) 500 גרם,פסטה זארה,IT,פסטה קרניים בינוניות,גרמים,500.00,100 גרם,false,,6.90,1.3800,true,1,22345
7290000060880,false,פסטה מס' 8 ספגטי אסם 500ג',פסטה זארה,IT,ספגטי אסם 500 גרם,גרמים,500.00,100 גרם,false,,6.90,1.3800,true,1,22348
7290000060958,false,פסטה אסם אטריות בינוניות 400 גרם,"אסם השקעות בע""מ",IL,אטריות בינוניות אסם,גרמים,400.00,100 גרם,false,,7.90,1.9750,true,1,22351
7290000060965,false,פסטה אסם אטריות רחבות 400גר,"אסם השקעות בע""מ",IL,אטריות רחבות אסם 400,גרמים,400.00,100 גרם,false,,7.90,1.9750,true,1,22352
7290000061061,false,קרקר בצל אסם 250 גרם,"אסם השקעות בע""מ",IL,אסם קרקר בצל 250גרם,גרמים,250.00,100 גרם,false,,11.90,4.7600,true,1,68354
7290000061214,false,פתיתים אפויים קוסקוס עם בצל אסם 500 גר',"אסם השקעות בע""מ",IL,פתיתים קוסקוס בצל אס,גרמים,500.00,100 גרם,false,,7.90,1.5800,true,1,22357
7290000061245,false,עוגיות שוקוציפס ממולאות שוקולד 220 גרם,מיוצר עי קונדיטוריית,IL,אסם עוגיות שוקוצ'יפס,גרמים,220.00,100 גרם,false,,12.90,5.8636,true,1,22358
7290000062952,false,אוסם - מיני קרוטונים למרק ולסלט 250 גרם,עינת תעשיות מזון אגו,IL,מיני קרוטונים למרק ו,גרמים,250.00,100 גרם,false,,16.90,6.7600,true,1,68358
7290000063102,false,קמח עוגה אסם תופח מאליו 350ג',"אסם השקעות בע""מ",IL,קמח תופח קטן אסם 350,גרמים,350.00,100 גרם,false,,5.90,1.6857,true,1,22370
7290000063140,false,שקדי מרק רכיבים טבעיים בשקית 400 ג' אסם,"אסם השקעות בע""מ",IL,שקדי מרק רכיבים טבעי,גרמים,400.00,100 גרם,false,,14.90,3.7250,true,1,22372
7290000063157,false,"קמח עוגה תופח מאליו 1 ק""ג","אסם השקעות בע""מ",IL,קמח עוגה תופח מאליו,קילוגרמים,1.00,"ק""ג",false,,10.90,10.9000,true,1,22373
7290000064758,false,קוסקוס בינוני אמיתי אסם 350 ג',"מיוצר ע""י קוד יצרן K",IL,קוסקוס אמיתי אסם 350,גרמים,350.00,100 גרם,false,,8.90,2.5429,true,1,22383
7290000065063,false,פילה סלמון 1400-100,,,פילה סלמון 1400-100,קילוגרמים,1.00,"ק""ג",true,,79.90,79.9000,true,1,154956
7290000065090,false,מיני קרוטונים למרק ולסלט 400 ג' אסם,עינת תעשיות מזון אגו,IL,מיני קרוטונים למרק ו,גרמים,400.00,100 גרם,false,,28.90,7.2250,true,1,22385
7290000066134,false,ביסלי בטעם פלאפל 70 גרם,"אסם השקעות בע""מ",IL,ביסלי פלאפל 70גרם,גרמים,70.00,100 גרם,false,,4.90,7.0000,true,1,22396
7290000066141,false,ביסלי בטעם גריל 70 גרם,"אסם השקעות בע""מ",IL,ביסלי גריל 70 גר'.,גרמים,70.00,100 גרם,false,,4.90,7.0000,true,1,68362
7290000066172,false,ביסלי בטעם פיצה 70 גרם,"אסם השקעות בע""מ",IL,ביסלי פיצה 70גרם,גרמים,70.00,100 גרם,false,,4.90,7.0000,true,1,22400
7290000066196,false,ביסלי גדול בטעם גריל 200 ג' אסם,מיוצר עי קונדיטוריית,IL,ביסלי גריל 200גרם,גרמים,200.00,100 גרם,false,,7.90,3.9500,true,1,22402
7290000066264,false,אוסם - חטיף דובונים 40 גרם,"אסם השקעות בע""מ",IL,דובונים 40גרם,גרמים,40.00,100 גרם,false,,5.00,12.5000,true,1,22406
7290000066295,false,אסם במבה תות מחומרים טבעיים 30גר,מיוצר עי קונדיטוריית,IL,במבה מתוקה מחומרים ט,גרמים,30.00,100 גרם,false,,2.90,9.6667,true,1,22407
7290000066349,false,אפרופו גדול אסם 100ג',מיוצר עי קונדיטוריית,IL,אפרופו 100גרם,גרמים,100.00,100 גרם,false,,9.90,9.9000,true,1,22411
7290000066431,false,פופקו חטיף תירס בטעם חמאה ודבש 80 גרם,מיוצר עי קונדיטוריית,IL,פופקו חמאה ודבש 80גר,גרמים,80.00,100 גרם,false,,5.90,7.3750,true,1,22412
7290000067544,false,פירורית זהב שקית 200גר,עינת תעשיות מזון אגו,IL,אסם פירורית פירורי ל,גרמים,200.00,100 גרם,false,,7.90,3.9500,true,1,22420
7290000067599,false,אוסם - מנה חמה ספגטי רוטב בולנז 65 גרם,"אסם השקעות בע""מ",IL,מנה חמה ספגטי בולונז,גרמים,65.00,100 גרם,false,,6.90,10.6154,true,1,22424
7290000068138,false,אסם פודינג אינסטנט וניל 80 גרם,מיוצר עי קונדיטוריית,IL,אסם פודינג אינסטנט ו,גרמים,80.00,100 גרם,false,,6.50,8.1250,true,1,22430
7290000068206,false,ג'לי משמש אסם צבע טבעי 85 ג',מיוצר עי קונדיטוריית,IL,אסם ג'לי משמש צבעים,גרמים,85.00,100 גרם,false,,7.90,9.2941,true,1,22435
7290000068237,false,ג'לי פטל צבע טבעי 85ג' אסם,מיוצר עי קונדיטוריית,IL,אסם ג'לי פטל צבעים ט,גרמים,85.00,100 גרם,false,,7.90,9.2941,true,1,22436
7290000068251,false,ג'לי אננס אסם צבע טבעי 85 ג',מיוצר עי קונדיטוריית,IL,אסם ג'לי אננס צבעים,גרמים,85.00,100 גרם,false,,7.90,9.2941,true,1,22437
7290000068343,false,אוסם - פירכונים מאורז מלא 140 גרם,"מיוצר ע""י PT, משווק",IL,פריכונים מאורז מלא א,גרמים,140.00,100 גרם,false,,9.50,6.7857,true,1,22440
7290000068701,false,שקדי מרק רכיבים טבעיים 400 גרם-מיכל,"אסם השקעות בע""מ",IL,שקדי מרק במיכל אסם 4,גרמים,400.00,100 גרם,false,,17.90,4.4750,true,1,68369
7290000068770,false,במבה יום הולדת 80 גרם,"אסם השקעות בע""מ",IL,במבה יום הולדת 80גרם,גרמים,80.00,100 גרם,false,,4.90,6.1250,true,1,22442
7290000068787,false,במבה יום הולדת 25 גרם,מיוצר עי קונדיטוריית,IL,במבה יום הולדת 25גרם,גרמים,25.00,100 גרם,false,,2.90,11.6000,true,1,22443
7290000069258,false,פסטה פרפקטו פנה ריגאטה 500ג' אסם,פסטה זארה,IT,פנה ריגאטה פרפקטו 50,גרמים,500.00,100 גרם,false,,7.90,1.5800,true,1,22449
7290000070322,false,אבקת מרק פטריות רכיבים טבעיים אוסם 400 ג',"אסם השקעות בע""מ",IL,אבקת מרק פטריות רכיב,גרמים,400.00,100 גרם,false,,30.90,7.7250,true,1,22462
7290000070919,false,בייגלה אסם רשתות מלח 400 גרם,מיוצר עי קונדיטוריית,IL,בייגלה אסם רשתות מלח,גרמים,400.00,100 גרם,false,,15.90,3.9750,true,1,119253
7290000072623,false,קטשופ אסם בקבוק לחיץ 750 גרם,"אסם השקעות בע""מ",IL,אסם קטשופ בקבוק לחיץ,גרמים,750.00,100 גרם,false,,12.50,1.6667,true,1,22484
7290000072630,false,קטשופ אסם חריף 750 גרם-בקבוק,"אסם השקעות בע""מ",IL,אסם קטשופ חריף 750 ג,גרמים,750.00,100 גרם,false,,16.90,2.2533,true,1,22485
7290000072753,false,קפה טייסטר צ'ויס קפה מגורען 200ג',נסטלה קוריאה - קפה,IL,נס קפה טייסטרס צ'ויס,גרמים,200.00,100 גרם,false,,33.90,16.9500,true,1,22487
7290000072760,false,נסקפה טייסטרס צויס 100 גר אוריגנל,נסטלה,KR,טייסטרס צ'וייס 100גר,גרמים,100.00,100 גרם,false,,30.90,30.9000,true,1,22488
7290000072784,false,קפה טייסטר צויס נטול קופאין 100 גר',לוטה נסטלה קוריאה,KR,טייסטרס צוייס נטול ק,גרמים,100.00,100 גרם,false,,31.90,31.9000,true,1,22490
7290000072968,false,דגנים סיני מיניס מלחמת הכוכבים 500 גרם,נסטלה פולין דגני בוק,PL,סיני מיניס דגני נסטל,גרמים,500.00,100 גרם,false,,28.90,5.7800,true,1,22495
7290000073750,false,מנה חמה נודלס אטר+ירקות טעם עוף 70 גרם,טאי רזידנט,TH,מנה חמה נודלס בטעם ע,גרמים,70.00,100 גרם,false,,6.90,9.8571,true,1,68377
7290000073767,false,מנה חמה נודלס אטר.+ירקות טעם בקר 70 גרם,טאי רזידנט,TH,מנה חמה נודלס בטעם ב,גרמים,70.00,100 גרם,false,,6.90,9.8571,true,1,22500
7290000073774,false,מנה חמה נודלס אטר+ירקות טעם צילי 70 גרם,טאי רזידנט,TH,מנה חמה נודלס בטעם פ,גרמים,70.00,100 גרם,false,,6.90,9.8571,true,1,22501
7290000074153,false,ביסקוויט פתיבר שוקו,מיוצר עי קונדיטוריית,IL,אסם פתי בר שוקו 500ג,גרמים,500.00,100 גרם,false,,15.50,3.1000,true,1,22506
7290000074184,false,אוסם - פתי בר בינוני 500 גרם,"אסם השקעות בע""מ",IL,אסם פתי בר 500גרם.,גרמים,500.00,100 גרם,false,,12.00,2.4000,true,1,22508
7290000074245,false,אוסם - קרם קרקר אסם 250 גרם,"אסם השקעות בע""מ",IL,אסם קרם קרקר 250גרם,גרמים,250.00,100 גרם,false,,11.90,4.7600,true,1,22509
7290000074276,false,קרקר פיקנטי טבעון 250 ג' אסם,"אסם השקעות בע""מ",IL,טבעון קרקר פיקנטי 25,גרמים,250.00,100 גרם,false,,11.90,4.7600,true,1,22511
7290000074375,false,אוסם - קרקר זהב 150 גרם,"אסם השקעות בע""מ",IL,אסם קרקר זהב 150גרם,גרמים,150.00,100 גרם,false,,8.90,5.9333,true,1,22514
7290000074481,false,לחמית אגוזים אסם 160 ג',"אסם השקעות בע""מ",IL,לחמית אגוזים 160גרם,גרמים,160.00,100 גרם,false,,11.90,7.4375,true,1,22516
7290000075204,false,אוסם - לחמית חיטה מלאה 250 גרם,"אסם השקעות בע""מ",IL,לחמית חיטה מלאה 250ג,גרמים,250.00,100 גרם,false,,9.90,3.9600,true,1,22525
7290000075693,false,עוגת הבית שמרים בריוש שוקולד 360ג',מיוצר עי קונדיטוריית,IL,עוגת שמרים בריוש שוק,גרמים,360.00,100 גרם,false,,18.90,5.2500,true,1,68388
7290000076133,false,בייגלה שמיניות קטנות 400 גרם אסם,"אסם השקעות בע""מ",IL,בייגלה אסם שמיניות ק,גרמים,400.00,100 גרם,false,,12.90,3.2250,true,1,22529
7290000076645,false,אוסם - טוסטעים חיטה מלאה 100 גרם,ון דר מולן האלום,NL,טוסטעים חיטה מלאה אס,גרמים,100.00,100 גרם,false,,11.90,11.9000,true,1,68390
7290000077253,false,אוסם - לחמית כפרית עם דגנים מלאים 190 גרם,"אסם השקעות בע""מ",IL,לחמית כפרית 190גרם,גרמים,190.00,100 גרם,false,,11.90,6.2632,true,1,22533
7290000078212,false,קרוטונים מתובלים 250 ג' אסם,עינת תעשיות מזון אגו,IL,קרוטונים מתובלים אסם,גרמים,250.00,100 גרם,false,,16.90,6.7600,true,1,68391
7290000078762,false,אוסם - חטיפי פריכונים מאורז מלא בטעם דבש 80גר,סנורייס בלגיום אן. ו,BE,חטיפי פריכונים אורז,גרמים,80.00,100 גרם,false,,8.90,11.1250,true,1,22538
7290000080758,false,אוסם - טוסטעים פת קלוי 100 גרם,ון דר מולן האלום,NL,טוסטעים פת קלוי אסם,גרמים,100.00,100 גרם,false,,11.90,11.9000,true,1,22541
7290000081663,false,בייגלה אסם טבעות שומשום 300 גרם,מיוצר עי קונדיטוריית,IL,בייגלה אסם טבעות שומ,גרמים,300.00,100 גרם,false,,12.90,4.3000,true,1,22544
7290000085180,false,גטניו פתי בר וניל 470 גרם,"אחים גטניו בע""מ",,גטניו - פתיבר וניל 4,גרמים,470.00,100 גרם,false,,9.90,2.1064,true,1,121254
7290000101934,false,מיקס פירות יער מוקפאות 300 ג' סנפרוסט,"סנפרוסט בע""מ",IL,מיקס פירות יער 300 ג,גרמים,300.00,100 גרם,false,,19.90,6.6333,true,1,79345
7290000101958,false,מנגו חתוך מוקפא סנפרוסט 300ג',"סנפרוסט בע""מ",IL,מנגו מוקפא 300 גרם,גרמים,300.00,100 גרם,false,,19.90,6.6333,true,1,79346
7290000104072,false,עדשים ירוקות מבושלות מוקפאות 800 ג' סנפרוסט,"איי, בי, אינבוו",IL,סנפרוסט עדשים ירוקות,גרמים,800.00,100 גרם,false,,22.90,2.8625,true,1,28133
7290000104218,false,סנפרוסט במיה 600 גרם,"איי, בי, אינבוו",IL,סנפרוסט במיה 600גר,גרמים,600.00,100 גרם,false,,18.90,3.1500,true,1,28137
7290000104676,false,אפונה קפואה סנפרוסט 800 גרם,"איי, בי, אינבוו",IL,אפונת גינה סנפרוסט 8,גרמים,800.00,100 גרם,false,,20.90,2.6125,true,1,28140
7290000104690,false,תירס גרעינים 800 גרם סנפרוסט,"איי, בי, אינבוו",IL,תירס גרעינים 800גר,גרמים,800.00,100 גרם,false,,20.90,2.6125,true,1,28142
7290000104720,false,שעועית ירוקה חתוכה 800גר סנפרוסט,"סנפרוסט בע""מ",IL,שעועית ירוקה חתוכה ס,גרמים,800.00,100 גרם,false,,21.90,2.7375,true,1,28145
7290000104737,false,שעועית צהובה חתוכה סנפרוסט 800גר,"סנפרוסט בע""מ",IL,שעועית צהובה חתוכה ס,גרמים,800.00,100 גרם,false,,21.90,2.7375,true,1,28146
7290000104744,false,כרובית 800 גר סנפרוסט,"סנפרוסט בע""מ",IL,כרובית 800גר,גרמים,800.00,100 גרם,false,,27.90,3.4875,true,1,28147
7290000104768,false,תרד עלים סנפרוסט 800 ג ',"איי, בי, אינבוו",IL,תרד עלים 800 גרם,גרמים,800.00,100 גרם,false,,30.90,3.8625,true,1,28149
7290000104775,false,מדליוני תרד 800 גר סנפרוסט,"איי, בי, אינבוו",IL,תרד מדליונים 800גר,גרמים,800.00,100 גרם,false,,29.90,3.7375,true,1,28150
7290000106526,false,ירקות מעורבים מוקפאים חגיגה ירוקה להקפצה,"איי, בי, אינבוו",IL,סנפרוסט חגיגה ירוקה,גרמים,800.00,100 גרם,false,,28.90,3.6125,true,1,144750
7290000107165,false,פולי סויה אדממה סנפרוסט 400 ג',"איי, בי, אינבוו",IL,פולי סויה אדממה קפוא,גרמים,400.00,100 גרם,false,,15.90,3.9750,true,1,28163
7290000107189,false,תחתיות ארטישוק 400 גרם סנפרוסט,"איי, בי, אינבוו",IL,תחתיות ארטישוק 400גר,גרמים,400.00,100 גרם,false,,26.90,6.7250,true,1,28164
7290000111384,false,חרדל אמיתי בצנצנת 550 ג' תלמה,יוניליוור ישראל מזו,IL,חרדל אמיתי תלמה 550,גרמים,550.00,100 גרם,false,,9.10,1.6545,true,1,12440
7290000112220,false,בארכה טחינה 100% שומשום 500 גרם,רושדי תעשיות מזון בע,IL,בארכה טחינה 100% שומ,גרמים,500.00,100 גרם,false,,15.90,3.1800,true,1,22545
7290000112619,false,מרק עוף לתיבול והעשרה קנור 400 גרם,יוניליוור ישראל מזון,IL,מרק עוף אמיתי לתיבול,גרמים,400.00,100 גרם,false,,20.90,5.2250,true,1,12445
7290000116884,false,רוטב קנור ברביקיו 300 גר,יוניליוור ישראל מזון,IL,רוטב ברביקיו קנור 20,מיליליטרים,200.00,"100 מ""ל",false,,14.90,7.4500,true,1,12458
7290000116921,false,רוטב צ'ילי מתוק 370ג'12x קנור,יוניליוור ישראל מזון,IL,רוטב צילי מתוק קנור,מיליליטרים,300.00,"100 מ""ל",false,,14.90,4.9667,true,1,12459
7290000121154,false,"גבינת מון בלאן סלמון, 120 ג'",האי נאם סי או אל.טי.,IL,מון בלאן סלמון 7% 12,גרמים,120.00,100 גרם,false,,13.90,11.5833,true,1,19601
7290000134352,false,תבלין קינמון טחון 90 גר',"תבליני טעם וריח בע""מ",IL,טעם וריח קימנון טחון,גרמים,80.00,100 גרם,false,,11.80,14.7500,true,1,50887
7290000134376,false,תבלין פפריקה בשמן 90 גר',"תבליני טעם וריח בע""מ",IL,טעם וריח פפריקה בשמן,גרמים,90.00,100 גרם,false,,11.80,13.1111,true,1,50888
7290000134550,false,טעם וריח עלי דפנה שק,"תבליני טעם וריח בע""מ",IL,טעם וריח עלי דפנה שק,גרמים,20.00,100 גרם,false,,6.90,34.5000,true,1,50892
7290000134833,false,תבלין כמון טחון 100 גר',"תבליני טעם וריח בע""מ",IL,טעם וריח ת.כמון במיכ,גרמים,100.00,100 גרם,false,,12.80,12.8000,true,1,50898
7290000134857,false,תבלין פפריקה מתוקה 100 גר',"תבליני טעם וריח בע""מ",IL,טעם וריח ת.פפריקה מת,גרמים,100.00,100 גרם,false,,11.80,11.8000,true,1,50900
7290000135113,false,משקה אנרגיה XL TEN ללא סוכר בטעם נענע ליים,טמפו 7.5%,IL,פחית XL TEN נענע ליי,מיליליטרים,250.00,"100 מ""ל",false,,4.90,1.9600,true,1,207856
7290000135151,false,"טמפו סודה למון ליים בקבוק 250 מ""ל",טמפו משקאות בעמ,IL,סודה נגיעות לימון 27,מיליליטרים,275.00,"100 מ""ל",false,,3.50,1.2727,true,1,282003
7290000135595,false,פפסי מקס בטעם דובדבן 1.5 ליטר,"איי, בי, אינבוו",IL,פפסי מקס בטעם דובדבן,ליטרים,1.50,ליטר,false,,8.50,5.6667,true,1,306842
7290000136172,false,סבן אפ בקבוק 1.5 ליט,סבן אפ 7up,IL,סבן אפ 1.5 ליטר,ליטרים,1.50,ליטר,false,,8.50,5.6667,true,1,368587
7290000136189,false,דיאט סבן אפ 1.5 ליטר FREE,סבן אפ 7up,IL,סבן אפ דיאט 1.5 ליטר,ליטרים,1.50,ליטר,false,,8.50,5.6667,true,1,368553
7290000136523,false,משקה בטעם ענבים תריסר 1.5 ל' ג'אמפ,טמפו 7.5%,IL,ג`אמפ ענבים 1.5 ליטר,ליטרים,1.50,ליטר,false,,8.90,5.9333,true,1,368352
7290000136561,false,משקה בטעם תות בננה תריסר 1.5 ל' ג'אמפ,טמפו 7.5%,IL,ג`אמפ תות בננה 1.5 ל,ליטרים,1.50,ליטר,false,,8.90,5.9333,true,1,368353
7290000136585,false,משקה בטעם תפוזים תריסר 1.5 ל' ג'אמפ,טמפו 7.5%,IL,ג`אמפ תפוז 1.5 ליטר,ליטרים,1.50,ליטר,false,,8.90,5.9333,true,1,368335
7290000136646,false,משקה מאלט תריסר 1.5 ל' נשר,טמפו 7.5%,IL,נשר מאלט 1.5 ליטר,ליטרים,1.50,ליטר,false,,9.90,6.6000,true,1,368224
7290000136660,false,סודה רגיל 1.5 ליטר,טמפו,IL,טמפו סודה 1.5 ליטר,ליטרים,1.50,ליטר,false,,4.50,3.0000,true,1,368478
7290000136677,false,פפסי קולה פיקדון 1.5 ליטר,טמפו,IL,פפסי קולה 1.5 ליטר,ליטרים,1.50,ליטר,false,,8.50,5.6667,true,1,368619
7290000136684,false,פפסי מקס פיקדון 1.5 ליטר,טמפו,IL,פפסי מקס 1.5 ליטר,ליטרים,1.50,ליטר,false,,8.50,5.6667,true,1,368651
7290000136844,false,מארז מים מזוככים אקווה נובה שישיית 2 ליטר,אקווה נובה Aqua Nova,IL,אקווה נובה 6*2 ליטר,ליטרים,12.00,ליטר,false,,12.90,1.0750,true,1,368269
7290000136868,false,שישיית מים מינרלים סאן בנדטו,סאן בנדטו San Benedetto,IL,מים סאן בנדטו 6* 1.5,ליטרים,9.00,ליטר,false,,20.70,2.3000,true,1,368286
7290000137513,false,גלידונית גלידה וניל בציפוי שוקולד 60 יח' קרמיסימו,"גלידת שטראוס בע""מ, ר",IL,קרמיסימו גלידונית ש.,גרמים,700.00,100 גרם,false,,52.90,7.5571,true,1,6055
7290000143217,false,"הוואי שמפו יבש מסולסל 700 מ""ל",שוורצקוף& הנקל דיסלד,IL,שמפו לשיער יבש הוואי,מיליליטרים,700.00,"100 מ""ל",false,,10.90,1.5571,true,1,9964
7290000143279,false,"שמפו הוואי נגד קשקשים 700 מ""ל-אדום",שוורצקוף& הנקל דיסלד,IL,שמפו נגד קשקשים הווא,מיליליטרים,700.00,"100 מ""ל",false,,10.90,1.5571,true,1,9967
7290000144160,false,"שמן זית כתית מעולה מודגש""עץ-הזית"" 750 מ""ל","מרקאולאו, ספרד.אבסה,",IL,שמן זית כתית מעולה א,מיליליטרים,750.00,"100 מ""ל",false,,37.90,5.0533,true,1,32766
7290000144467,false,שמן חמניות מועשר בנוגדי חמצון 1 ל' עץ הזית,"נארז ע""י : א.ג. גילר",GR,שמן חמניות בריאות מה,ליטרים,1.00,ליטר,false,,18.40,18.4000,true,1,32770
7290000144474,false,שמן עץ הזית קנולה 1 ליטר בריאות מהטבע,שמן תעשיות,EE,שמן קנולה בריאות עץ,ליטרים,1.00,ליטר,false,,18.40,18.4000,true,1,32771
7290000146645,false,הוואי - סבון מוצק שחור מסתורי 100 גרם רביעייה,טרופיקל דגיל קוסמטיק,IL,סבון מוצק שחור מסתור,גרמים,400.00,100 גרם,false,,12.90,3.2250,true,1,9970
7290000146683,false,הוואי - סבון מוצק אפקט דאודורנט 100 גרם רביעייה,טרופיקל דגיל קוסמטיק,IL,סבון מוצק אפקט דאודו,גרמים,400.00,100 גרם,false,,12.90,3.2250,true,1,102355
7290000146928,false,"טום וגרי משחת שיניים בטעם ענבים 50 מ""ל",טרופיקל דגיל קוסמטיק,IL,משחת שיניים טעם ענבי,מיליליטרים,50.00,"100 מ""ל",false,,7.90,15.8000,true,1,9978
7290000149851,false,סינטבון סבון מארז 460X2ג',יבואן ומשווק: ש. שסט,IL,סינטבון כפול 460גר,גרמים,460.00,100 גרם,false,,11.90,2.5870,true,1,33039
7290000149943,false,טקסטיל שמפו לכביסה ביד שקית 1 ליטר,סנו,IL,טקסטיל שמפו-שקית 1 ק,קילוגרמים,1.00,"ק""ג",false,,15.90,15.9000,true,1,33041
7290000151885,false,נקניק הודו יחידה עוף טוב 700ג',עוף טוב,IL,נקניק הודו יחידה 700,גרמים,700.00,100 גרם,false,,19.90,2.8429,true,1,23307
7290000153469,false,עוף טוב קציצות עוף קלאסיות 600 גר',מוצרי עוף טוב (2001),IL,עוף טוב קציצות עוף ק,גרמים,600.00,100 גרם,false,,36.90,6.1500,true,1,23318
7290000170053,false,שוקולד פרה חלב 100 גרם,"תופינית בע""מ",IL,שוקולד חלב פרה 100 ג,גרמים,100.00,100 גרם,false,,6.30,6.3000,true,1,25303
7290000174723,false,שוקולית אבקה להכנת משקה שוקו 500 גרם,הנסיך- מפעל לייצור ט,IL,שוקולית 500 גרם,גרמים,500.00,100 גרם,false,,15.90,3.1800,true,1,25311
7290000176079,false,קפה עלית טורקי עם הל 100 גרם,הנסיך- מפעל לייצור ט,IL,טורקי עלית קפה עם הל,גרמים,100.00,100 גרם,false,,10.90,10.9000,true,1,25314
7290000176413,false,קפה נמס עלית 50 גרם,הנסיך- מפעל לייצור ט,IL,עלית נמס 50 גר',גרמים,50.00,100 גרם,false,,10.90,21.8000,true,1,25319
7290000176420,false,קפה נמס אבקתי 200ג עלית,שטראוס קפה בי.וי,IL,קפה נמס עלית פחית 20,גרמים,200.00,100 גרם,false,,22.90,11.4500,true,1,25320
7290000176468,false,קפה נמס נטול קפאין 50 ג' קפה האג,"איי, בי, אינבוו",IL,האג קפה נטול קפאין 5,גרמים,50.00,100 גרם,false,,10.90,21.8000,true,1,25321
7290000178707,false,תפוצ'יפס טבעי 50 גרם,"שטראוס פריטו ליי בע""",IL,תפוציפס טבעי 50 גרם,גרמים,50.00,100 גרם,false,,4.90,9.8000,true,1,26614
7290000178721,false,תפוציפס מלוח 200 גרם,"שטראוס פריטו ליי בע""",IL,תפוציפס טבעי 200 גרם,גרמים,200.00,100 גרם,false,,11.90,5.9500,true,1,26616
7290000185590,false,סילאן טבעי בבקבוק לחיץ 650 גרם,חצר כינרת מוצרי תמר,IL,סילאן 100% תמרים טבע,גרמים,635.00,100 גרם,false,,21.90,3.4488,true,1,488670
7290000187921,false,נייר טואלט לבן 32 גלילים לילי,קימברלי קלארק ישראל,IL,"נייר טואלט ""לילי"" לב",מטרים,588.00,מטר,false,,44.90,0.0764,true,1,10892
7290000187938,false,לילי - נייר טואולט נייר טואלט פסטל 32 יח',קימברלי קלארק,IL,"נייר טואלט ""לילי"" פס",מטרים,588.00,מטר,false,,45.90,0.0781,true,1,10893
7290000187952,false,נייר טואלט טריו לילי פרימיום 32גליל,קימברלי קלארק,IL,נייר טאולט לילי טריו,מטרים,537.00,מטר,false,,48.90,0.0911,true,1,10894
7290000188591,false,קוטקס - מגן תחתון סילק יאנג 60 יח',קימברלי קלארק,CN,מגן תחתון סילק יאנג,יחידה,0.00,יחידה,false,,19.90,0.0000,true,1,10905
7290000189116,false,ניקול תבניות אלומניום עגולות 5 יח',בראבו,CN,ניקול תבניות עגולות,יחידה,0.00,יחידה,false,,14.90,0.0000,true,1,114395
7290000189192,false,מגבת רב שימושית סופר ניקול 64 דף,קימברלי קולומביה,CO,ניקול מטלית חכמה יומ,יח',64.00,יח',false,,21.90,0.3422,true,1,10912
7290000189277,false,תבניות מלבניות גדולות ועמוקות 3 יח,בראבו,CN,ניקול תבניות מלבניות,יחידה,0.00,יחידה,false,,14.90,0.0000,true,1,10919
7290000189659,false,מטליות לחות לרצפה ניקול 10 יח'-מרכז,עלבד משואות יצחק בעמ,IL,ניקול מטליות לחות לר,יחידה,0.00,יחידה,false,,12.90,0.0000,true,1,10928
7290000189871,false,ניקול שקיות אשפה L עם שרוך 55 יח',אשפלסט,IL,אשפתון 55 שקיות,יחידה,0.00,יחידה,false,,26.90,0.0000,true,1,10935
7290000190068,false,מפיות אירוח לבן 100 יחי' ניקול,חוגלה קימברלי,IL,מפיות לבן ניקול 100,יחידה,0.00,יחידה,false,,9.90,0.0000,true,1,10938
7290000191652,false,קלינקס ממחטות טישו אולטרא סופט מארז 90X3יח',חוגלה קימברלי,IL,קלינקס קלאסיק ניילון,יחידה,0.00,יחידה,false,,14.90,0.0000,true,1,10964
7290000192581,false,מגבת נייר גליל כפול ניקול 12=6 גליל,,IL,מגבת כפולה ניקול 6=1,מטרים,129.70,מטר,false,,23.90,0.1843,true,1,126650
7290000193083,false,לילי - תחבושות נובה לי 28 יח',חוגלה קימברלי,CZ,תחבושות נובה לי לילי,יחידה,0.00,יחידה,false,,11.90,0.0000,true,1,10971
7290000195216,false,נייר אפייה בשקית ניקול 50 יח',אופל,IL,ניקול נייר אפייה בשק,יחידה,0.00,יחידה,false,,13.90,0.0000,true,1,10994
7290000197432,false,שקיות אוכל סנדביצ'ון ניקול מארז 150X2יח',אשלפסט תעשיות בעמ,IL,ניקול שקיות אוכל זוג,יחידה,0.00,יחידה,false,,15.90,0.0000,true,1,11028
7290000197678,false,האגיס פרידום דריי שלב 6 34 יחידות,קימברלי קלארק ישראל,IL,האגיס פרידום דריי ש,יחידה,0.00,יחידה,false,,49.90,0.0000,true,1,11037
7290000197982,false,רדיד אלומיניום עבה 45 ניקול 7.5 מ' זוגי,אופל,IL,ניקול רדיד אלומיניום,מטרים,15.00,מטר,false,,24.90,1.6600,true,1,11043
7290000204086,false,ניקול כרית קרצוף מארז שלישייה,חוגלה קימברלי,US,ניקול כרית קרצוף,יחידה,0.00,יחידה,false,,13.90,0.0000,true,1,11078
7290000204215,false,ניקול כריות יפניות 6 יח',פלסטו פוליש (ברקן),IL,ניקול כריות יפניות 6,יחידה,0.00,יחידה,false,,13.90,0.0000,true,1,11080
7290000204512,false,מטליות לחות לרצפה בניחוח לימון 10 יח' ניקול,עלבד משואות יצחק בעמ,IL,מטליות לחות לרצפה בר,יחידה,0.00,יחידה,false,,12.90,0.0000,true,1,11084
7290000207063,false,רסק עגבניות פריכוז 28% 240 גרם יכין,היינץ צפון אמריקה מק,IL,רוטב עגבניות פריכוז,גרמים,240.00,100 גרם,false,,4.90,2.0417,true,1,10624
7290000207162,false,רוטב עגבניות מרכיב טבעי 100 ג' יכין,"זנלכל בע""מ",IL,רוטב עגבניות 100 גרם,גרמים,100.00,100 גרם,false,,2.50,2.5000,true,1,10627
7290000208022,false,עגבניות מרוסקות פריכוז 800 ג' יכין,"זנלכל בע""מ",IL,עגבניות מרוסקות יכין,גרמים,800.00,100 גרם,false,,10.90,1.3625,true,1,10631
7290000208077,false,אפונת גינה רגילה 550 גרם יכין,"זנלכל בע""מ",IL,אפונת גינה גדולה L י,גרמים,335.00,100 גרם,false,,9.90,2.9552,true,1,10633
7290000208114,false,"אפונה וגזר יכין A2 פ""ק בית יוסף","זנלכל בע""מ",IL,אפונת גינה וגזר יכין,גרמים,330.00,100 גרם,false,,9.90,3.0000,true,1,10636
7290000208213,false,שעועית לבנה אפויה A2 ברוטב עגבניות יכין 560ג',היינץ צפון אמריקה מק,IL,שעועית לבנה ברוטב עג,גרמים,355.00,100 גרם,false,,9.90,2.7887,true,1,10641
7290000208220,false,"שעועית צ'לי יכין פ""ק A2 בית יוסף",היינץ צפון אמריקה מק,IL,שעועית צילי חריף יכי,גרמים,355.00,100 גרם,false,,10.90,3.0704,true,1,10642
7290000208244,false,"בסיס לשקשוקה יכין A2 פ""ק בית יוסף","זנלכל בע""מ",IL,A2 בסיס עגבניות לשקש,גרמים,570.00,100 גרם,false,,11.90,2.0877,true,1,10643
7290000208329,false,גרעיני תירס מתוק 550 גרם יכין,"זנלכל בע""מ",IL,גרעיני תירס מתוק יכי,גרמים,335.00,100 גרם,false,,9.90,2.9552,true,1,10647
7290000208336,false,רסק יכין 240גר 22% יכין בית יוסף,"זנלכל בע""מ",IL,רוטב עגבניות יכין 24,גרמים,240.00,100 גרם,false,,5.50,2.2917,true,1,10648
7290000208428,false,גרגרי חומוס שלם 550 גרם יכין,"זנלכל בע""מ",IL,חומוס שלם יכין 550 ג,גרמים,290.00,100 גרם,false,,9.90,3.4138,true,1,10653
7290000208534,false,גרעיני תירס מתוק לילדים 550 גרם יכין,"זנלכל בע""מ",IL,גרעיני תירס קיד מתוק,גרמים,335.00,100 גרם,false,,11.90,3.5522,true,1,10658
7290000208800,false,גרעיני תירס מתוק לילדים 400 גרם יכין,זנלכל,IL,תירס קיד מתוק יכין 4,גרמים,400.00,100 גרם,false,,6.90,1.7250,true,1,10660
7290000208855,false,רוטב לפסטה קלאסי 240 גרם יכין,"זנלכל בע""מ",IL,רוטב לפסטה קלאסי יכי,גרמים,260.00,100 גרם,false,,6.50,2.5000,true,1,10661
7290000208893,false,גרעיני תירס מתוק לייט 400 גרם יכין,היינץ צפון אמריקה מק,IL,תירס לייט יכין 400 ג,גרמים,400.00,100 גרם,false,,6.90,1.7250,true,1,10662
7290000208930,false,עגבניות מרוסקות בתוספת שום 240 גרם יכין,"זנלכל בע""מ",IL,עגבניות מרוסקות עם ש,גרמים,260.00,100 גרם,false,,6.50,2.5000,true,1,10663
7290000208978,false,פריכוז 100 גרם יכין בית יוסף,היינץ צפון אמריקה מק,IL,רוטב עגבניות פריכוז,גרמים,100.00,100 גרם,false,,3.90,3.9000,true,1,10665
7290000209012,false,חומץ הדרים 5% יכין 1,"זנלכל בע""מ",IL,חומץ הדרים 5% יכין 1,ליטרים,1.00,ליטר,false,,7.90,7.9000,true,1,10667
7290000209371,false,שלישיית תירס יכין 165 גר OZ 6,היינץ צפון אמריקה מק,IL,תירס שלישיה יכין 3*1,גרמים,495.00,100 גרם,false,,15.90,3.2121,true,1,10680
7290000209388,false,תירס גרגרים לייט וואקום מארז 60X3ג',זנלכל,IL,תירס לייט שלישיה יכי,גרמים,420.00,100 גרם,false,,15.90,3.7857,true,1,10681
7290000209524,false,ססירופ דיאט פטל יכין 1 ליטר,זנלכל,IL,סירופ דייאט פטל יכין,ליטרים,1.00,ליטר,false,,17.90,17.9000,true,1,10684
7290000209722,false,רסק עגבניות 28% פריכוז 580 גרם יכין,"זנלכל בע""מ",IL,רוטב עגבניות מרוכז מ,גרמים,580.00,100 גרם,false,,10.90,1.8793,true,1,10692
7290000209944,false,רוטב לעגבניות בסיס לשקשוקה 240 ג' יכין,"זנלכל בע""מ",IL,רוטב לעגבניות לשקשוק,גרמים,260.00,100 גרם,false,,6.50,2.5000,true,1,10695
7290000210896,false,רוטב לפסטה בולונז 240 גרם יכין,"זנלכל בע""מ",IL,רוטב לפסטה בולונז יכ,גרמים,260.00,100 גרם,false,,6.50,2.5000,true,1,10702
7290000211442,false,"סוגת אורז פרסי קלאסי שקית 1 ק""ג",האי נאם סי או אל.טי.,IL,סוגת אורז פרסי קלאסי,קילוגרמים,1.00,"ק""ג",false,,12.50,12.5000,true,1,20666
7290000211503,false,סוכר לבן ארוז בשקית,"סוגת תעשיות בע""מ",IL,"סוכר סוגת לבן 1 ק""ג",קילוגרמים,1.00,"ק""ג",false,,4.90,4.9000,true,1,20667
7290000211985,false,"אורז ריזוטו עגול סוגת 1 ק""ג","סוגת תעשיות בע""מ",IL,סוגת אורז עגול 1קג,קילוגרמים,1.00,"ק""ג",false,,12.90,12.9000,true,1,20670
7290000238029,false,"בצק עלים צרפתי מרודד מעדנות 1ק""ג",מיוצר עי קונדיטוריית,IL,"בצק עלים 1ק""ג",קילוגרמים,1.00,"ק""ג",false,,26.90,26.9000,true,1,40263
7290000238036,false,מלווח עגול מעדנות 700 ג',מיוצר עי קונדיטוריית,IL,מעדנות מלווח 700גר,גרמים,700.00,100 גרם,false,,19.90,2.8429,true,1,40264
7290000238173,false,מעדנות בורקס גבינה 800גר,מיוצר עי קונדיטוריית,IL,בורקס גבינה מעדנות 8,גרמים,800.00,100 גרם,false,,23.90,2.9875,true,1,40265
7290000238180,false,בורקס תפוחי אדמה מעדנות 800ג',מיוצר עי קונדיטוריית,IL,"בורקס תפו""א 800גר",גרמים,800.00,100 גרם,false,,22.90,2.8625,true,1,40266
7290000243566,false,"שמן קנולה בריאות 750 מ""ל",סקנולה,EE,שמן קנולה בריאות עץ,מיליליטרים,750.00,"100 מ""ל",false,,12.90,1.7200,true,1,32778
7290000267500,false,קליפות הדר מצופות בשוקולד 200 גרם,"דין שיווק וקלייה בע""",IL,קליפות הדר בציפוי שו,גרמים,200.00,100 גרם,false,,11.90,5.9500,true,1,6538
7290000272443,false,סירופ עסיס דיאט תפוזים צ.טבעי 1 ל',בית-השיטה עסיס תעשיו,IL,סירופ דיאט תפוז עסיס,יחידה,0.00,יחידה,false,,16.90,0.0000,true,1,22553
7290000272467,false,סירופ עסיס דיאט פטל 1 ליטר,בית-השיטה עסיס תעשיו,IL,סירופ דיאט פטל עסיס,ליטרים,1.00,ליטר,false,,16.90,16.9000,true,1,22554
7290000272696,false,עסיס מיץ לימון טבעי משומר 1 ל' אסם,בית-השיטה עסיס תעשיו,IL,מיץ לימון משומר עסיס,ליטרים,1.00,ליטר,false,,12.90,12.9000,true,1,22555
7290000272726,false,חומץ טבעי 5% עסיס 1 ל' אסם,בית השיטה עסיס תעשיו,IL,חומץ טבעי 5% עסיס 1,ליטרים,1.00,ליטר,false,,7.90,7.9000,true,1,22556
7290000286298,false,פילה דג סלמון נורווג,,,פילה דג סלמון נורווג,קילוגרמים,1.00,"ק""ג",true,,79.90,79.9000,true,1,489445
7290000287195,false,"סנו רהיט ספריי עשיר בווקס להברקה 305 מ""ל",מיוצר עי קונדיטוריית,IL,סנו רהיט ספריי עשיר,מיליליטרים,305.00,"100 מ""ל",false,,16.90,5.5410,true,1,33065
7290000287492,false,"סנו - סנובון נוזלי לימון 750 מ""ל","איי, בי, אינבוו",IL,סנובון נוזלי בניחוח,מיליליטרים,750.00,"100 מ""ל",false,,10.90,1.4533,true,1,33070
7290000288086,false,"סנו ז'אוול אבקת ואקונומיקה לימון 600 מ""ל",מיוצר עי קונדיטוריית,IL,אבקת ניקוי ג'אוול לי,גרמים,600.00,100 גרם,false,,12.90,2.1500,true,1,33085
7290000288253,false,משמיד מעופפים K400 ס,מיוצר עי קונדיטוריית,IL,400-K,מיליליטרים,630.00,"100 מ""ל",false,,26.90,4.2698,true,1,33087
7290000288840,false,סנו - מים מזוקקים 2 ליטר,סנו,IL,מים מזוקקים 2 ליטר,ליטרים,2.00,ליטר,false,,14.90,7.4500,true,1,33100
7290000289748,false,"סנו פורטה פלוס מסיר שומנים לתנור 750מ""ל","סנו מפעלי ברונוס בע""",IL,סנו פורטה פלוס לתנור,מיליליטרים,750.00,"100 מ""ל",false,,16.90,2.2533,true,1,33110
7290000289885,false,"סנו פרש ענק אושן כחול 375 מ""ל",סנו,IL,סנו פרש ענק אושן כחו,מיליליטרים,375.00,"100 מ""ל",false,,11.90,3.1733,true,1,33111
7290000292915,false,"סנו רסס ונגב אקדח 750מ""ל","סנו מפעלי ברונוס בע""",IL,סנו רסס ונגב אקדח 75,מיליליטרים,750.00,"100 מ""ל",false,,17.90,2.3867,true,1,33127
7290000293820,false,"קרמה מן שמפו וג'ל גל רחצה אקטיב בלוק 700מ""ל",קוסמופארם בעמ,IL,שמפו וג'ל רחצה קרבון,מיליליטרים,700.00,"100 מ""ל",false,,19.90,2.8429,true,1,125491
7290000293943,false,סנו אנטי קאלק מסיר אבנית וחלודה 1ל',מיוצר עי קונדיטוריית,IL,סנו אנטי קאלק+מתז 1,ליטרים,1.00,ליטר,false,,20.90,20.9000,true,1,33135
7290000294780,false,סנו - ז'אוול אקונומיקה סמיכה מבושמת 4 ליטר,"סנו מפעלי ברונוס בע""",IL,סנו ז'אוול סמיכה 4 ל,ליטרים,4.00,ליטר,false,,17.90,4.4750,true,1,33142
7290000295404,false,סנו סושי שקית אשפה חזקות 70*50 60 יח',מיוצר עי קונדיטוריית,IL,שקיות אשפה נשלפות סנ,יחידה,0.00,יחידה,false,,24.90,0.0000,true,1,33149
7290000295541,false,סנו רב מגבת גמבו 75 דפים בגליל,מיוצר עי קונדיטוריית,IL,סנו רב מגבת גמבו,יחידה,0.00,יחידה,false,,21.90,0.0000,true,1,33151
7290000295558,false,רדיד אלומיניום סנו סושי זוגי 30X7.5מ',מולינו ניקולי s.p.a,TR,צמד רדיד אלומיניום ק,מטרים,15.00,מטר,false,,12.90,0.8600,true,1,33152
7290000295565,false,רדיד אלומיניום סנו סושי זוגי 45X7.5מ',בורסה פזרי,TR,רדיד אלומיניום רחב ב,מטרים,15.00,מטר,false,,18.90,1.2600,true,1,33153
7290000295824,false,רדיד אלומיניום סנו סושי 100X0.30מטר,מולינו ניקולי s.p.a,IL,סנו סושי רדיד אלומינ,מטרים,100.00,מטר,false,,60.90,0.6090,true,1,33158
7290000313160,false,עוגיות חברים זהבה ו-3 הדובים שוקו' אסם 250 גר',היינץ צפון אמריקה מק,IL,חברים זהבה ושלושת הד,גרמים,250.00,100 גרם,false,,9.50,3.8000,true,1,68393
7290000313184,false,עוגיות חברים גן חיות וניל אסם 250 גר',הגביע מוצרי וופלים ב,IL,חברים ביסקויט גן חיו,גרמים,250.00,100 גרם,false,,9.50,3.8000,true,1,22558
7290000313290,false,אסם נודלס נודלס אטריות מסולסלות 200גר,תאי פרזידנט פוד בנגק,TH,נודלס אטריות מסולסלו,יחידה,200.00,יחידה,false,,10.90,0.0545,true,1,22560
7290000334684,false,טבעות בצל 700 גרם תפוגן,"תעשיות תפוגן בע""מ",IL,טבעות בצל 700 גרם,גרמים,700.00,100 גרם,false,,20.90,2.9857,true,1,23371
7290000334745,false,"אמריקאן צ'יפס תפוגן 1.5 ק""ג","תעשיות תפוגן בע""מ",IL,"אמריקאן ציפס 1.5 ק""ג",קילוגרמים,1.50,"ק""ג",false,,30.90,20.6000,true,1,114442
7290000345215,false,תה ויסוצקי קלאסיק 100/1 כחול מעודן,מולינו ניקולי s.p.a,IL,תה ויסוצקי קלאסיק 10,גרמים,100.00,100 גרם,false,,20.90,20.9000,true,1,27324
7290000345260,false,תה ויסוצקי 25 שקיקים 1.5 גרם,מולינו ניקולי s.p.a,IL,תה ויסוצקי קלאסיק 25,גרמים,37.50,100 גרם,false,,8.80,23.4667,true,1,27325
7290000345284,false,תה ויסוצקי קלאסיק טעם עשיר 100/1.5יח',מולינו ניקולי s.p.a,IL,תה ויסוצקי 1.5 קלאסי,גרמים,150.00,100 גרם,false,,20.90,13.9333,true,1,27327
7290000345291,false,תה ארל גריי 25 שקיקים ויסוצקי,ויסוצקי,IL,תה ארל גריי 1.5/25,גרמים,37.50,100 גרם,false,,18.50,49.3333,true,1,27328
7290000345307,false,תה ארל גריי 50 שקיקים ויסוצקי,מולינו ניקולי s.p.a,IL,תה ארל גריי 1.5/50,גרמים,75.00,100 גרם,false,,33.90,45.2000,true,1,27329
7290000345536,false,תה נענע 25 שקיקים 1.5 גרם,מולינו ניקולי s.p.a,IL,תה נענע 25 שקיות 1.5,גרמים,37.50,100 גרם,false,,19.90,53.0667,true,1,27330
7290000346120,false,חליטת קסם הקינמון 25 שקיקים גן קסום,HIQ FOOD PRODUCTS,IL,תה קסם הקנמון 25 שקי,גרמים,62.50,100 גרם,false,,19.90,31.8400,true,1,27337
7290000346137,false,חליטת הילולי פירות 25 שקיקים גן קסום,HIQ FOOD PRODUCTS,IL,תה הילולי פירות 25 ש,גרמים,62.50,100 גרם,false,,19.90,31.8400,true,1,27338
7290000346199,false,חליטת פירות היער 25 שקיקים גן קסום,HIQ FOOD PRODUCTS,IL,תה פירות יער 25 שקיק,גרמים,67.50,100 גרם,false,,19.90,29.4815,true,1,27342
7290000346205,false,חליטת קמומיל 25 שקיקים הגן קסום,HIQ FOOD PRODUCTS,IL,תה קמומיל 25 שקיקים,גרמים,37.50,100 גרם,false,,19.90,53.0667,true,1,27343
7290000347752,false,תה ירוק לימונית ולואיזה 25 שקיקים *1.5 ג'' ויסוצקי,HIQ FOOD PRODUCTS,IL,תה ירוק לימונית ולוא,גרמים,37.50,100 גרם,false,,26.90,71.7333,true,1,27353
7290000363899,false,נקניקיות פיקנטיות טירת צבי 400 גר',טירת- צבי,IL,נקניקיות פיקנטיות 40,גרמים,400.00,100 גרם,false,,12.90,3.2250,true,1,28007
7290000364261,false,דקניקים סלסולי כתף בקר 120 ג' טירת צבי,הנסיך- מפעל לייצור ט,IL,סלסולי כתף בקר 120 ג,גרמים,120.00,100 גרם,false,,16.90,14.0833,true,1,28010
7290000364278,false,דקניקים סילסולי סלמי איטלקי 120 ג' טירת צבי,הנסיך- מפעל לייצור ט,IL,סלסולי סלמי איטלקי מ,גרמים,120.00,100 גרם,false,,16.90,14.0833,true,1,28011
7290000364285,false,דקניקים סלסולי פסטרמה הודו 120 ג' טירת צבי,הנסיך- מפעל לייצור ט,IL,טירת צבי סלסולי פסטר,גרמים,120.00,100 גרם,false,,16.90,14.0833,true,1,28012
7290000364292,false,דקניקים סלסולי פסטרמה הודו על גחלים 120 ג' טירת צבי,הנסיך- מפעל לייצור ט,IL,סלסולי פסטרמה גחלים,גרמים,120.00,100 גרם,false,,16.90,14.0833,true,1,28013
7290000364803,false,נקניקיות קרנץ אמריקאי טירת צבי 500 ג',הנסיך- מפעל לייצור ט,IL,נקניקיות קרנץ אמריקא,גרמים,500.00,100 גרם,false,,34.90,6.9800,true,1,28016
7290000364858,false,"נקניקיות עוף טרי 1 ק""ג טירת צבי",הנסיך- מפעל לייצור ט,IL,נקניקיות עוף טרי 1 ק,קילוגרמים,1.00,"ק""ג",false,,30.90,30.9000,true,1,28018
7290000364872,false,נקניקיות עוף 400 גרםטירת צבי,טיב טירת צבי 2000,IL,נקניקיות עוף 400 גרם,גרמים,400.00,100 גרם,false,,14.90,3.7250,true,1,28019
7290000364957,false,נקניקיות מיני מיני עוף 700 גרםטירת צבי,הנסיך- מפעל לייצור ט,IL,נקנקיות מיני - מיני,גרמים,700.00,100 גרם,false,,28.90,4.1286,true,1,28020
7290000367590,false,צמד כפרי סלמי+פסטרמה 800 גרם טירת צבי,טיב טירת צבי 2000,IL,צמד כפרי נק.סלמי+פסט,גרמים,800.00,100 גרם,false,,30.90,3.8625,true,1,28022
7290000382210,false,שקיות גופיה ינות בית,,,שקיות גופיה ינות בית,יחידה,0.00,יחידה,false,,0.10,0.0000,true,1,44823
7290000408316,false,יוגורט דנונה דל לקטוז 200 גרם,מיוצר עי קונדיטוריית,IL,דנונה טבעי 3% 200מל,מיליליטרים,200.00,"100 מ""ל",false,,4.10,2.0500,true,1,26037
7290000408354,false,יוגורט עם אורז מצופה שוקולד קקאו 175 ג' דנונה,"שטראוס בריאות בע""מ",IL,דנונה קראנצ' פצפוצים,מיליליטרים,175.00,"100 מ""ל",false,,5.20,2.9714,true,1,26038
7290000416021,false,ממרח שוקולד השחר חלבי 500 גר',השחר העולה,IL,ממרח שוקולד השחר 500,גרמים,500.00,100 גרם,false,,15.90,3.1800,true,1,32315
7290000416045,false,ממרח שוקולד השחר דלי,השחר העולה תעשייות מ,IL,ממרח שוקולד השחר 1 ק,קילוגרמים,1.00,"ק""ג",false,,27.90,27.9000,true,1,32317
7290000416618,false,"ממרח שוקולד השחר פרווה בד""צ 400 גר'",השחר העולה תעשייות מ,IL,ממרח שוקולד פרווה הש,גרמים,400.00,100 גרם,false,,13.90,3.4750,true,1,32327
7290000418131,false,תחבושות טופ פד מקופלת 18 יח',מוצרי נייר עמיר,IL,תחבושות סופר מקופלת,יחידה,0.00,יחידה,false,,5.90,0.0000,true,1,32846
7290000419220,false,לנדוור כחול המקורי קפה טחון טורקי 3*100 גרם 16 יח',קפה לנדוור,IL,לנדוור כחול המקורי ק,גרמים,300.00,100 גרם,false,,19.90,6.6333,true,1,22563
7290000419374,false,לנדוור לבוקר קפה טחון טורקי 3*100 גרם 16 יח',קפה לנדוור,IL,לנדוור לבוקר קפה טחו,גרמים,300.00,100 גרם,false,,19.90,6.6333,true,1,22564
7290000420325,false,פופ קורן טבעי למיקרוגל 5 יח',Preston farms,US,פופסטאר פופקורן טבעי,גרמים,500.00,100 גרם,false,,17.90,3.5800,true,1,7658
7290000420332,false,פופ קורן חמאה למיקרוגל 5יח',Preston farms,US,פופסטאר פופקורן חמאה,גרמים,500.00,100 גרם,false,,17.90,3.5800,true,1,7659
7290000420417,false,גלילונית שקיות אשפה 50*70 - 60 יח',"איטיליאן פוד, אס.פי.",IL,גלילונית שקיות אשפה,יחידה,0.00,יחידה,false,,24.90,0.0000,true,1,7660
7290000449128,false,סיף פנטסטיק לימון ניקוי רב תכליתי 4ל',יוניליוור ישראל טיפו,IL,סיף ניקוי כללי 4 ליט,ליטרים,4.00,ליטר,false,,26.90,6.7250,true,1,12670
7290000453019,false,שמרים טריים לאפייה שקית שמרית 50 ג',"פאקא תעשיות בע""מ",IL,שמרית שמרים טריים לא,גרמים,50.00,100 גרם,false,,4.90,9.8000,true,1,26039
7290000453125,false,שמרית שמרים טריים לאפייה +משפר אפייה 100ג,"פאקא תעשיות בע""מ",IL,שמרית שמרים טריים לא,גרמים,100.00,100 גרם,false,,8.50,8.5000,true,1,26040
7290000453385,false,שמרים יבשים פארא אינסטנט 500 גרם עלית,"פאקא תעשיות בע""מ",IL,פאקא שמרים יבשים 500,גרמים,500.00,100 גרם,false,,14.90,2.9800,true,1,25336
7290000453415,false,בצק עלים מצונן ומוכן לאפייה שמרית,"פאקא תעשיות בע""מ",FR,שמרית בצק עלים מצונן,גרמים,300.00,100 גרם,false,,16.90,5.6333,true,1,196775
7290000453798,false,שמרית שמרים יבשים אקטיביים 500 גר',"גי' בי' רכיבים בע""מ",IL,שמרים יבשים אקטיביים,גרמים,500.00,100 גרם,false,,13.90,2.7800,true,1,25337
7290000453866,false,נטורינה קוקוס לאפייה שמרית 200ג',גרונבאנג- גרונדנסק א,IL,נטורינה קוקוס שטראוס,גרמים,200.00,100 גרם,false,,8.50,4.2500,true,1,105880
7290000462141,false,סחוג אדום חריף מאוד (מכסה אדום) 150 גרם,קריניסה ויטמין אס אי,IL,סחוג אדום חריף מאוד,גרמים,150.00,100 גרם,false,,8.90,5.9333,true,1,26044
7290000474090,false,חלב הומוגני 1% קרטון טרה 1ל',מילקו תעשיות בעמ,IL,טרה חלב בקרטון 1% 1ל,ליטרים,1.00,ליטר,false,,5.86,5.8600,true,1,8380
7290000474502,false,גבינה לבנה 5% 250ג' טרה מהדרין,טרה,IL,טרה גבינה לבנה 5% 25,גרמים,250.00,100 גרם,false,,4.98,1.9920,true,1,8389
7290000480107,false,קוואקר שיבולת שועל פחית 500 גר',וולקרס סנקס לימיטד,GB,"קוואקר מהיר אטוס לל""",גרמים,500.00,100 גרם,false,,15.90,3.1800,true,1,26619
7290000480442,false,קוואקר שיבולת שועל שקית 500 גר',פריטו ליי FRITO-LAY,IL,שיבולת שועל בשקית קו,גרמים,500.00,100 גרם,false,,15.90,3.1800,true,1,26620
7290000481197,false,לחם מחמצת גרעינים וש,דגנית עין בר,IL,לחם מחמצת גרעינים וש,גרמים,550.00,100 גרם,false,,19.90,3.6182,true,1,522377
7290000481517,false,שתי פוקצ'ות עם שמן ז,דגנית עין בר,IL,שתי פוקאצ'ות עם שמן,גרמים,320.00,100 גרם,false,,13.90,4.3438,true,1,526119
7290000481883,false,דגנית עין בר מארז לחמניות 10 יח'*75 ג',יוניליוור גרמניה Gm,IL,10 לחמניות דגנית,גרמים,750.00,100 גרם,false,,14.90,1.9867,true,1,66660
7290000484747,false,עראק עלית 700 מל 40% כהל,יקב הגליל שווק בעמ,IL,"עלית הארק 40% 700 מ""",מיליליטרים,700.00,"100 מ""ל",false,,60.90,8.7000,true,1,32405
7290000490311,false,קרמבו מנבו וניל 144 ג',,,מנבו וניל 6 יחידות,גרמים,144.00,100 גרם,false,,12.90,8.9583,true,1,40926
7290000490601,false,מאגדת גלידל וניל 8 יח דיאט,הגלידות של פלדמן,IL,גלידל מאגדת בטעם וני,גרמים,400.00,100 גרם,false,,34.90,8.7250,true,1,123804
7290000490762,false,מאגדת גלידל שוקו 8 יח דיאט,הגלידות של פלדמן,IL,גלידל מאגדת בטעם שוק,גרמים,400.00,100 גרם,false,,34.90,8.7250,true,1,142036
7290000493176,false,אבקת רוטב צלי לבשר 22ג' אסם,"אסם השקעות בע""מ",IL,אסם אבקת רוטב צלי לב,גרמים,22.00,100 גרם,false,,4.00,18.1818,true,1,22596
7290000493183,false,אבקת רוטב פטריות לבשר-30 גרם,"אסם השקעות בע""מ",IL,אסם אבקת רוטב פטריות,גרמים,30.00,100 גרם,false,,4.00,13.3333,true,1,22597
7290000504049,false,סוכרזית קנקן 1200 טבליות,אף.סי תבליני בגליל ב,IL,סוכרזית קנקן 1200 טב,גרמים,984.00,100 גרם,false,,22.90,2.3272,true,1,25344
7290000504278,false,סוכרזית - קלאסי פטנט 700 טבליות,אף.סי תבליני בגליל ב,IL,סוכרזית פטנט 700 טבל,גרמים,574.00,100 גרם,false,,17.90,3.1185,true,1,25347
7290000521022,false,סגל לבן חצי יבש 750 מל פקדון,"מיוצר ע""י כרמי צבי-",IL,סגל לבן חצי יבש 750,מיליליטרים,750.00,"100 מ""ל",false,,22.90,3.0533,true,1,11515
7290000521404,false,"יין מרום גליל קברנה סוביניון סינגל 750 מ""ל",כרמי צבי אחים סגל בע,IL,מרום גליל סינגל קברנ,מיליליטרים,750.00,"100 מ""ל",false,,42.90,5.7200,true,1,11524
7290000523125,false,מלח הארץ הים האדום 250 ג' עדין,חברת מלח הארץ אילת ב,IL,מלח ים יבש הארץ 250,גרמים,250.00,100 גרם,false,,6.90,2.7600,true,1,27355
7290000523224,false,מלח הארץ הים האדום 500 ג' עדין,חברת מלח הארץ אילת ב,IL,מלח ים יבש הארץ 500,גרמים,500.00,100 גרם,false,,8.90,1.7800,true,1,27356
7290000523804,false,"מלח עדין צנצנת 1 ק""ג מלח הארץ",חברת מלח הארץ אילת ב,IL,מלח עדין בצנצנת הארץ,קילוגרמים,1.00,"ק""ג",false,,7.90,7.9000,true,1,27359
7290000523811,false,"צנצנת מלח גס 1 ק""ג מלח הארץ",חברת מלח הארץ אילת ב,IL,מלח גס בצנצנת הארץ 1,קילוגרמים,1.00,"ק""ג",false,,7.90,7.9000,true,1,27360
7290000530291,false,נקניק מבשר הודו קטן 800 ג' זוגלובק,זוגלובק,IL,זוגלובק נקניק מבשר ה,גרמים,800.00,100 גרם,false,,23.90,2.9875,true,1,43962
7290000530468,false,נקניקיות וינר זוגלוב,זוגלובק,IL,נקניקיות וינר טרי 1ק,קילוגרמים,1.00,"ק""ג",false,,34.90,34.9000,true,1,43964
7290000530598,false,נקניקיות וינר 500 ג' טרי זוגלובק,זוגלובק,IL,נקניקיות וינר טרי זו,גרמים,500.00,100 גרם,false,,17.90,3.5800,true,1,43967
7290000530703,false,זוג במארז חרמון הודו + סלמי תה זוגלובק 800 גר',זוגלובק,IL,זוג תה 400 + חרמון 4,גרמים,800.00,100 גרם,false,,36.90,4.6125,true,1,43969
7290000533353,false,"בצק עלים צרפתי 1 ק""ג זוגלובק",מאפיית אריאל וגידרון,IL,זוגלובק בצק עלים 1קג,קילוגרמים,1.00,"ק""ג",false,,17.90,17.9000,true,1,70294
7290000537566,false,נקניקיות עוף טרי 400 ג' זוגלובק,זוגלובק,IL,נקניקיות עוף טרי 400,גרמים,400.00,100 גרם,false,,14.90,3.7250,true,1,43993
7290000552118,false,נקניקיות מרגז טיבון ויל 400 ג',טיבון ויל אחזקות בעמ,IL,נקנקיות מרגז 400 גרם,גרמים,400.00,100 גרם,false,,24.90,6.2250,true,1,114434
7290000552194,false,קישקע קפוא 500 גרם,טיבון ויל אחזקות בעמ,IL,קישקע קפוא 500 גרם,גרמים,500.00,100 גרם,false,,17.90,3.5800,true,1,19612
7290000552927,false,טחון עוף 500 גרם,"טיבון ויל אחזקות בע""",IL,טחון עוף 500 גרם,גרמים,500.00,100 גרם,false,,16.90,3.3800,true,1,19616
7290000554457,false,גבינה צפתית מיני 5% גד 350ג',"מחלבות גד בע""מ",IL,גד צפתית מיני 5% 350,גרמים,350.00,100 גרם,false,,25.30,7.2286,true,1,16745
7290000554532,false,גבינה צפתית מעודנת במלח ים 5% 200 ג' גד,הנסיך- מפעל לייצור ט,IL,גד צפתית מעודנת במלח,גרמים,200.00,100 גרם,false,,17.90,8.9500,true,1,16747
7290000554600,false,מוצרלה מגורדת 18% 300 גרם - רובין,מחלבות גד בעמ,IL,גד מוצרלה מגורדת %18,גרמים,300.00,100 גרם,false,,29.90,9.9667,true,1,16748
7290000554686,false,לאבנה שמן זית וזעתר 5% 250 גרם - רבנות,מחלבות גד בעמ,IL,גד לאבנה בשמן זית וז,גרמים,250.00,100 גרם,false,,17.20,6.8800,true,1,16750
7290000554822,false,גבינת ריקוטה טבעי 5% שומן 250 ג' גד,מחלבות גד בעמ,IL,גד ריקוטה טבעי 5% 25,גרמים,250.00,100 גרם,false,,17.40,6.9600,true,1,16751
7290000554839,false,שמנת מתוקה קשה בסגנון איטלקי 40% שומן 250 ג' גד,מחלבות גד בעמ,IL,גד מסקרפונה 40% 250ג,גרמים,250.00,100 גרם,false,,24.50,9.8000,true,1,16752
7290000561578,false,בוטן אמריקאי 200ג,,,בוטן אמריקאי 200ג,גרמים,200.00,100 גרם,false,,6.90,3.4500,true,1,117413
7290000574028,false,לחם שחור מועשר פלוס 750 גר'.,יוניליוור גרמניה Gm,IL,לחם אחיד פרוס מועשר,גרמים,750.00,100 גרם,false,,8.90,1.1867,true,1,196673
7290000574035,false,לחם אחיד פרוס 750ג' דגנית עין בר,יוניליוור גרמניה Gm,IL,לחם אחיד פרוס דגנית,גרמים,750.00,100 גרם,false,,7.11,0.9480,true,1,6359
7290000574141,false,לחם חיטה מלא 750ג' דגנית עין בר,דגנית עין בר תעשיות,IL,לחם חיטה מלאה דגנית,גרמים,750.00,100 גרם,false,,15.90,2.1200,true,1,6366
7290000574172,false,לחם קל מחיטה מלאה 750 ג' דגנית עין בר,יוניליוור גרמניה Gm,IL,לחם קל חיטה מלאה דגנ,גרמים,750.00,100 גרם,false,,16.90,2.2533,true,1,6368
7290000574370,false,לחם שיפון אמיתי קל 750 ג' דגנית עין בר,יוניליוור גרמניה Gm,IL,לחם שיפון אמיתי קל ד,גרמים,750.00,100 גרם,false,,16.90,2.2533,true,1,66676
7290000574455,false,לחם חיטה מלא פלוס כוסמין 750 ג' דגנית עין בר,דגנית עין בר,IL,לחם חיטה מלא+כוסמין,גרמים,750.00,100 גרם,false,,15.90,2.1200,true,1,66680
7290000611884,false,כבד עוף טרי ארוז ע.עוז,,,כבד עוף טרי ארוז,קילוגרמים,1.00,"ק""ג",true,,23.90,23.9000,true,1,42814
7290000611983,false,שניצל פרוס טרי ארוז ע.עוז,,,חזה עוף פרוס טרי ארו,קילוגרמים,1.00,"ק""ג",true,,38.90,38.9000,true,1,42818
7290000628170,false,צלי כתף מס' 5 חלק בר,,,צלי כתף מס' 5 חלק בר,קילוגרמים,1.00,"ק""ג",true,,69.90,69.9000,true,1,420518
7290000654546,false,פילה אמנון קפוא 100% דג,תנובה,IL,פילה אמנון 7-9 100%,קילוגרמים,1.00,"ק""ג",true,,39.90,39.9000,true,1,254099
7290000659312,false,דגי תנובה פילה סלומון קפוא בוואקום,PEQUERA DEL,IL,דגי תנובה פילה סלמון,קילוגרמים,1.00,"ק""ג",true,,79.90,79.9000,true,1,29282
7290000662817,false,סלמון מעושן 100 גרם נורבגי,,צ'ילה (TDE),סלמון מעושן פרוס 100,גרמים,100.00,100 גרם,false,,21.90,21.9000,true,1,294661
7290000663036,false,פילה אמנון קפוא ללא עור 100% דג תנובה,תנובה,IL,פילה אמנון ללא עור 1,קילוגרמים,1.00,"ק""ג",true,,44.90,44.9000,true,1,319029
7290000663135,false,קוביות סלמון 100% דג קפוא 300 גרם,commercial mares de,IL,קוביות סלמון 300 גרם,גרמים,300.00,100 גרם,false,,32.90,10.9667,true,1,340462
7290000688374,false,"שישיית מי עדן קטקטים 250 מ""ל","מי עדן בע""מ",IL,"מי עדן בייבי 330 מ""ל",ליטרים,1.98,ליטר,false,,16.90,8.5354,true,1,13507
7290000688381,false,שישיית מי עדן פקק ספורט 0.5 ליטר,"מי עדן בע""מ",IL,מי עדן פקק ספורט 6*5,ליטרים,3.00,ליטר,false,,15.90,5.3000,true,1,13508
7290000688466,false,מי עדן GYM בקבוק ספו,מופק ממקור בזלתי עדן,IL,מי עדן ג'ים 750מל,מיליליטרים,750.00,"100 מ""ל",false,,3.90,0.5200,true,1,13509
7290000688503,false,"שישיית מי עדן ג'ים 750 מ""ל","מי עדן בע""מ",IL,מי עדן ג'ים 6*750מל,ליטרים,4.50,ליטר,false,,18.90,4.2000,true,1,13510
7290000692210,false,אג'קס ניקוי כללי לוונדר 2ל',הנסיך- מפעל לייצור ט,GR,אג'קס ניקוי כללי ורצ,ליטרים,2.00,ליטר,false,,24.90,12.4500,true,1,24717
7290000692227,false,נוזל כלים פלמוליב צילינדר קלאסי 1 ליטר,יבואן ומשווק: ש. שסט,GR,פלמוליב לכלים קלאסי-,יחידה,0.00,יחידה,false,,14.90,0.0000,true,1,24718
7290000803067,false,"אלמקס משחת שיניים לילדים 75 מ""ל",הנסיך- מפעל לייצור ט,PL,משחת שיניים לילדים א,מיליליטרים,75.00,"100 מ""ל",false,,16.90,22.5333,true,1,24725
7290000909387,false,"אבאל ניוקי תפו""א 1 ק",Ciemme Alimentari SR,IT,"ניוקי אבאל 1 ק""ג",קילוגרמים,1.00,"ק""ג",false,,12.90,12.9000,true,1,121390
7290001041154,false,גריסים 1 ק`ג,,,גריסים 1 ק'ג,קילוגרמים,1.00,"ק""ג",false,,9.90,9.9000,true,1,53869
7290001041192,false,"עדשים אדומים יבשים מיה 1 ק""ג","מיה תעשיות מזון בע""מ",IL,עדשים אדומות 1 ק'ג,קילוגרמים,1.00,"ק""ג",false,,13.90,13.9000,true,1,53873
7290001041994,false,"סוכר חום דמררה מיה 1 ק""ג",מיה תעשיות מזון,IL,סוכר זהב דמררה צנצנת,קילוגרמים,1.00,"ק""ג",false,,11.90,11.9000,true,1,16965
7290001045169,false,פרימור סחוט תפוחי עץ צלול 1 ל',"גניר (1992) בע""מ",IL,פרימור מיץ תפוחים צל,ליטרים,1.00,ליטר,false,,17.20,17.2000,true,1,26051
7290001201589,false,ביצים אריזון 12 גדול,"מ.לסר בע""מ",IL,12 ביצים L מ.לסר,יחידה,0.00,יחידה,false,,12.05,0.0000,true,1,15935
7290001201596,false,ביצים אריזון 12 בינוני,לסר,IL,12 ביצים M מ.לסר,יחידה,0.00,יחידה,false,,11.15,0.0000,true,1,15936
7290001201824,false,תבנית ביצים 12 יח' לארג' אורגני,לסר,IL,12 ביצים L אורגני מ,יחידה,0.00,יחידה,false,,24.90,0.0000,true,1,15943
7290001201855,false,ביצים לארג' אומגה 12 יח',לסר,IL,12ביצים L אומגה 3 מ,יחידה,0.00,יחידה,false,,23.90,0.0000,true,1,96405
7290001201862,false,ביצי חופש לארג' 12 יחידות,לסר,IL,12 ביצים חופש L מ. ל,יחידה,0.00,יחידה,false,,21.90,0.0000,true,1,15945
7290001201893,false,ביצים אומגה M 12 יח,,,12 ביצים M אומגה 3,יחידה,0.00,יחידה,false,,18.90,0.0000,true,1,96406
7290001247099,false,קרטונית נקטר ספרינג מנגו 1 ליטר,"יפאורה תבורי בע""מ",IL,ספרינג מנגו קרטונית,ליטרים,1.00,ליטר,false,,7.90,7.9000,true,1,13516
7290001247105,false,קרטונית נקטר ספרינג אפרסק 1 ליטר,"יפאורה תבורי בע""מ",IL,ספרינג נקטר אפרסק 1ל,ליטרים,1.00,ליטר,false,,7.90,7.9000,true,1,13517
7290001247112,false,קרטונית נקטר ספרינג לימונענע 1 ליטר,"יפאורה תבורי בע""מ",IL,ספרינג לימונענע קרטו,ליטרים,1.00,ליטר,false,,7.90,7.9000,true,1,13518
7290001247129,false,נקטר ספרינג תפוזים קרטונית 1 ל',"יפאורה תבורי בע""מ",IL,ספרינג תפוז קרטונית,ליטרים,1.00,ליטר,false,,7.90,7.9000,true,1,13519
7290001247143,false,נקטר ספרינג תפוחים קרטונית 1 ל',"יפאורה תבורי בע""מ",IL,ספרינג תפוח קרטונית,ליטרים,1.00,ליטר,false,,7.90,7.9000,true,1,13521
7290001305188,false,פלמוליב כלים שקוף לימון 750 בקבוק חדש,יבואן ומשווק: ש. שסט,GR,פלמוליב לכלים פריחת,מיליליטרים,750.00,"100 מ""ל",false,,12.90,1.7200,true,1,24730
7290001343845,false,"גרנולה פירות 1 ק""ג - 845 - ורוד שקדיה",הנסיך- מפעל לייצור ט,IL,גרנולה שיבולת שועל ע,קילוגרמים,1.00,"ק""ג",false,,19.90,19.9000,true,1,117921
7290001407769,false,טחינה גולמית שומשום מלא בארכה 500ג',רושדי תעשיות מזון בע,IL,בארכה טחינה עם שומשו,גרמים,500.00,100 גרם,false,,19.90,3.9800,true,1,22611
7290001407936,false,בארכה-טחינה גולמית מעודנת בקבוק לחיץ 310 ג',רושדי תעשיות מזון בע,IL,בארכה טחינה מעודנת 3,גרמים,310.00,100 גרם,false,,14.90,4.8065,true,1,22616
7290001419618,false,וופל בלגי עלמה שחור לבן וניל 200ג',"גילרו בע""מ",IL,וופל עלמה בלגי שוקו,גרמים,200.00,100 גרם,false,,4.90,2.4500,true,1,70579
7290001419779,false,וופל שוקו' עלמה קלאסי 200 גר,"גילרו בע""מ",IL,וופל עלמה קלאסי 200,גרמים,200.00,100 גרם,false,,4.90,2.4500,true,1,70580
7290001427033,false,מיץ תפוחים סחוט טבעי,"פריניב בע""מ",IL,קשת מיץ תפוחים טבעי,ליטרים,1.00,ליטר,false,,17.90,17.9000,true,1,50731
7290001482094,false,גבינה פרמז'נו משולשים ויליפוד 200ג',זנטי אס. אי לאלין,IT,וילי פוד פרמזן משולש,גרמים,200.00,100 גרם,false,,27.90,13.9500,true,1,4825
7290001485019,false,גבינת שמנת 5% טעם טבעי 200 ג' טרה,טרה,IL,טרה גבינת שמנת טבעי,גרמים,200.00,100 גרם,false,,12.60,6.3000,true,1,8404
7290001491010,false,תה ירוק יסמין 25 שקיקים 1.5 גרם,HIQ FOOD PRODUCTS,IL,תה ירוק עם יסמין T.T,גרמים,37.50,100 גרם,false,,26.90,71.7333,true,1,27362
7290001491096,false,תה ירוק בתוספת לימונית ולואיזה 50 שקיקים ויסוצקי,ויסוצקי,IL,תה ירוק בתוספת לימונ,גרמים,75.00,100 גרם,false,,49.50,66.0000,true,1,27363
7290001591710,false,המבורגר אנגוס 600 ג' טיבון ויל,טיבון ויל,IL,המבורגר אנגוס טיבון,גרמים,600.00,100 גרם,false,,24.90,4.1500,true,1,415088
7290001594025,false,"קוקה קולה זכוכית 350 מ""ל",החברה המרכזית לייצור,IL,קוקה קולה קלאסי 350,מיליליטרים,350.00,"100 מ""ל",false,,7.50,2.1429,true,1,8877
7290001594155,false,קוקה קולה בקבוק 500,החברה המרכזית לייצור,IL,קוקה קולה 500מל,מיליליטרים,500.00,"100 מ""ל",false,,7.90,1.5800,true,1,8415
7290001594377,false,פריגת משקה קל תפוזים,מבשלות בירה בינלאומי,IL,פריגת משקה תפוזים 50,מיליליטרים,500.00,"100 מ""ל",false,,7.90,1.5800,true,1,8890
7290001594865,false,"קרלסברג בירה בקבוק 6* 330 מ""ל",קרלסברג ישראל,IL,קרלסברג בירה בקבוק 6,ליטרים,1.98,ליטר,false,,44.90,22.6768,true,1,8903
7290001648643,false,מארז קפה טורקי כתר 100X3 גרם,רוני רג'ואן,IL,כתר קפה טורקי 3*100ג,גרמים,300.00,100 גרם,false,,13.90,4.6333,true,1,135871
7290001696620,false,מיקס פיצוחים 350 גר',,,מיקס פיצוחים 350 גר',גרמים,350.00,100 גרם,false,,12.90,3.6857,true,1,117001
7290001696729,false,פקאן טבעי 100 גרם,,,פקאן טבעי 100 גרם,גרמים,100.00,100 גרם,false,,16.90,16.9000,true,1,1651
7290001791349,false,אקונומיקה פסגה ריחנית 4ליטר,"סנו מפעלי ברונוס בע""",IL,אקונומיקה ריחנית פסג,ליטרים,4.00,ליטר,false,,12.90,3.2250,true,1,33236
7290001817377,false,צ'יטוס חטיף איקס עיגול פיצה 60 גרם,"שטראוס פריטו ליי בע""",IL,ציטוס איקס עיגול 60ג,גרמים,60.00,100 גרם,false,,3.90,6.5000,true,1,26622
7290001817728,false,צ'יטוס חטיף כאפה קטשופ 55 גרם,"שטראוס פריטו ליי בע""",IL,ציטוס כאפה 55 גרם,גרמים,55.00,100 גרם,false,,3.90,7.0909,true,1,26624
7290001873441,false,המבורגר בלאק אנגוס 3,טיבון ויל אחזקות בעמ,IL,המבורגר בלאק אנגוס 3,גרמים,320.00,100 גרם,false,,24.90,7.7812,true,1,218634
7290001990148,false,"סוכר גולדן קלאסי צנצנת 1ק""ג סוגת",האי נאם סי או אל.טי.,IL,סוכר גולדן קלאסי בצנ,קילוגרמים,1.00,"ק""ג",false,,14.50,14.5000,true,1,20675
7290001990407,false,"עדשים ירוקים 1 ק""ג סוגת","סוגת תעשיות בע""מ",IL,עדשים ירוקים 1 קג,קילוגרמים,1.00,"ק""ג",false,,17.90,17.9000,true,1,20680
7290001990414,false,"עדשים אדומים 1 ק""ג סוגת","סוגת תעשיות בע""מ",IL,סוגת עדשים אדומים 1,קילוגרמים,1.00,"ק""ג",false,,17.90,17.9000,true,1,114435
7290002057123,false,זיתים ירוקים חרוזית מנזנילו A-2,קבוצת יבנה,IL,זיתים חרוזית ירוק קב,גרמים,275.00,100 גרם,false,,10.90,3.9636,true,1,56104
7290002057376,false,מלפפון במלח ‏17‏-‏13‏ 560 ג' יבנה,קבוצת יבנה,IL,מלפפון במלח 13-17 קב,גרמים,560.00,100 גרם,false,,10.90,1.9464,true,1,56115
7290002057451,false,מלפפון בחומץ ‏9‏-‏7‏ %‏20‏ 560 ג' יבנה,אף.סי תבליני בגליל ב,IL,מלפפון בחומץ 7-9 קבו,גרמים,560.00,100 גרם,false,,7.90,1.4107,true,1,56118
7290002057482,false,מלפפון חומץ ‏25‏-‏18‏ 560 ג' יבנה,קבוצת יבנה,IL,מלפפון בחומץ 18-25 ק,גרמים,560.00,100 גרם,false,,13.90,2.4821,true,1,56121
7290002065555,false,לחמניה אנג'ל ארוכה שקית 6יח,מאפיית שלמה א. אנג'ל,IL,6 לחמניות רכות אנגל,גרמים,450.00,100 גרם,false,,11.90,2.6444,true,1,69811
7290002107965,false,טבורוג גבינה לאפייה 5% צוריאל 500 ג',מחלבת משק צוריאל,IL,צוריאל טבורוג גבינה,גרמים,500.00,100 גרם,false,,29.90,5.9800,true,1,8431
7290002111085,false,"רוטב עגבניות 22% ""פרי מבורך"" 100 גרם",זנלכל,IL,רוטב עגבניות 22% פרי,גרמים,100.00,100 גרם,false,,2.50,2.5000,true,1,10708
7290002111139,false,"רסק תפו""ע לל""ס A2 פרי מבורך 550 גר'",זנלכל,IL,"רסק תפו""ע דיאט פרי מ",גרמים,560.00,100 גרם,false,,10.90,1.9464,true,1,10710
7290002111764,false,"שעועית לבנה ברוטב עגבניות A2 פ""מ עד""ח",זנלכל,IL,שעועית לבנה ברוטב עג,גרמים,580.00,100 גרם,false,,9.90,1.7069,true,1,10721
7290002130581,false,"דבש טהור יד מרדכי 1 ק""ג",שטראוס גרופ,IL,דבש טהור מפרחי בר בצ,קילוגרמים,1.00,"ק""ג",false,,50.90,50.9000,true,1,25362
7290002253006,false,שום כתוש בצנצנת 200 גר דורות,עיצובים 2020 (3.8),IL,דורות שום כתוש טרי 2,גרמים,200.00,100 גרם,false,,18.90,9.4500,true,1,23386
7290002253105,false,מגשית קוביות שום טרי דורות 80 ג',עיצובים 2020 (3.8),IL,דורות מגשית קוביות ש,גרמים,80.00,100 גרם,false,,15.90,19.8750,true,1,23389
7290002253167,false,מגשית פטרוזיליה דורות 70 גר,עיצובים 2020 (3.8),IL,פטרוזליה טרייה קצוצה,גרמים,70.00,100 גרם,false,,12.90,18.4286,true,1,114443
7290002255048,false,קובה למרק במילוי בשר,חטיפי אלקיים בעמ,IL,קובה למרק במילוי בשר,גרמים,800.00,100 גרם,false,,23.90,2.9875,true,1,118280
7290002255215,false,עלי סיגר מרובע 500גר,חטיפי אלקיים בעמ,IL,עלים לסיגר 500ג,גרמים,500.00,100 גרם,false,,11.90,2.3800,true,1,118287
7290002291046,false,המבורגר מסעדות קצבייה 4 יח'-480 ג',יוליניבר,IL,בלדי המבורגר מסעדות,גרמים,480.00,100 גרם,false,,30.90,6.4375,true,1,113860
7290002317081,false,זיתים נטולי גלעין +20% 670ג A2 מטולה,שימורי מוטולה,IL,זיתים נטולי גלעין 20,גרמים,670.00,100 גרם,false,,12.50,1.8657,true,1,26955
7290002317128,false,מלפפון 560ג במלח 10-12 A2 מטולה,שימורי מוטולה,IL,מלפפון במלח 10-12 מו,גרמים,560.00,100 גרם,false,,12.80,2.2857,true,1,26957
7290002317265,false,מלפפון 650ג במלח +20% 7-9 A2 מטולה,שימורי מוטולה,IL,מלפפון במלח 20% 7-9,גרמים,670.00,100 גרם,false,,11.40,1.7015,true,1,26967
7290002317371,false,זיתים מושחר נטול גלעין 560ג A2 מטולה,שימורי מוטולה,IL,זיתים מושחרים נטולי,גרמים,560.00,100 גרם,false,,12.50,2.2321,true,1,26977
7290002317388,false,צנצנת ירקות בתיבול מ,,,צנצנת ירקות בתיבול מ,קילוגרמים,1.65,"100 ק""ג",false,,33.00,2000.0000,true,1,441347
7290002317579,false,זיתים טבעות ירוק 560ג A2 מטולה,שימורי מוטולה,IL,טבעות זיתים ירוקים מ,גרמים,560.00,100 גרם,false,,12.50,2.2321,true,1,26989
7290002317609,false,כרוב כבוש 560ג A2 מטולה,שימורי מוטולה,IL,כרוב כבוש מוטולה 560,גרמים,560.00,100 גרם,false,,7.50,1.3393,true,1,26991
7290002317661,false,זיתים מנזלינו גדול מ,שימורי מוטולה,IL,זיתים מנזלינו גדול מ,גרמים,560.00,100 גרם,false,,12.50,2.2321,true,1,26995
7290002319016,false,אבקת אפיה מיה מארז 10X10 ג',"מיה תעשיות מזון בע""מ",IL,אבקת אפיה 10 יח' מיה,גרמים,100.00,100 גרם,false,,2.90,2.9000,true,1,53889
7290002319122,false,גריסים יבשים מיה 500 גר',"מיה תעשיות מזון בע""מ",IL,גריסים מיה 500 גרם,גרמים,500.00,100 גרם,false,,5.90,1.1800,true,1,16972
7290002319160,false,אפונה ירוקה יבשה מיה 500 ג',"מיה תעשיות מזון בע""מ",IL,אפונה יבשה מיה 500 ג,גרמים,500.00,100 גרם,false,,5.90,1.1800,true,1,53899
7290002319184,false,עדשים אדומים יבשים מיה 500 גר',"מיה תעשיות מזון בע""מ",IL,עדשים אדומים מיה 500,גרמים,500.00,100 גרם,false,,9.90,1.9800,true,1,53901
7290002319191,false,עדשים ירוקים יבשים מיה 500 גר',"מיה תעשיות מזון בע""מ",IL,עדשים ירוקים מיה 500,גרמים,500.00,100 גרם,false,,7.90,1.5800,true,1,53902
7290002319221,false,מיה חיטה 500 גרם,"מיה תעשיות מזון בע""מ",IL,חיטה מיה 500 גרם,גרמים,500.00,100 גרם,false,,6.50,1.3000,true,1,53905
7290002319375,false,"קורנפלור 200 ג' בד""ץ מיה","מיה תעשיות מזון בע""מ",IL,קורנפלור 250 גר בד`ץ,גרמים,200.00,100 גרם,false,,3.90,1.9500,true,1,16973
7290002319689,false,סודה לשתייה בקופסא 150 גר' מיה,מיה תעשיות מזון בעמ,IL,סודה לשתיה 150 ג,גרמים,150.00,100 גרם,false,,6.50,4.3333,true,1,53926
7290002319740,false,אגוזים טחונים 100 גר' מיה,מיה תעשיות מזון,IL,אגוז טחון 100 גרם,גרמים,100.00,100 גרם,false,,15.80,15.8000,true,1,53929
7290002319771,false,"תמצית אפיה וניל 50מ""ל מיה","מיה תעשיות מזון בע""מ",IL,תמצית אפיה וניל,מיליליטרים,50.00,"100 מ""ל",false,,2.90,5.8000,true,1,53931
7290002319788,false,"תמצית אפיה רום 50 מ""ל מיה","מיה תעשיות מזון בע""מ",IL,תמצית אפיה רום,מיליליטרים,60.00,"100 מ""ל",false,,2.90,4.8333,true,1,16977
7290002319825,false,אבקת סוכר 100 גר' מיה,"מיה תעשיות מזון בע""מ",IL,.אבקת סוכר 100 גר. ב,גרמים,100.00,100 גרם,false,,2.90,2.9000,true,1,53933
7290002331025,false,"מים מינרלים נביעות ספורט 500 מ""ל פקדון",נביעות טבע הגליל בעמ,IL,נביעות 1/2 ליטר ספור,מיליליטרים,500.00,"100 מ""ל",false,,4.90,0.9800,true,1,8434
7290002331094,false,"נביעות+ מים טעם ענבים 755מ""ל",נביעות טבע הגליל בעמ,IL,755מל מים מינרלים TO,מיליליטרים,755.00,"100 מ""ל",false,,5.90,0.7815,true,1,8435
7290002331360,false,"נביעות מים מינרליים טו גו מארז 500X6מ""ל",נביעות,IL,נביעות TO GO שישייה,ליטרים,3.00,ליטר,false,,19.90,6.6333,true,1,8920
7290002331421,false,"מים אישי נביעות מארז שישייה* 755 מ""ל",נביעות,IL,נביעות 6*755מל,ליטרים,4.53,ליטר,false,,20.90,4.6137,true,1,8439
7290002331490,false,מים מינרלים נביעות 1 ליטר,נביעות טבע הגליל בעמ,IL,נביעות 1 ליטר,ליטרים,1.00,ליטר,false,,3.90,3.9000,true,1,8922
7290002360285,false,תה פומפדור חליטת צמחים קמומיל 20 שק,TEEKANNE- POMPADOU,DE,פומפדור חליטת קמומיל,גרמים,30.00,100 גרם,false,,17.90,59.6667,true,1,24736
7290002371540,false,דקניקים קורנדביף 120 ג' טירת צבי,הנסיך- מפעל לייצור ט,IL,טירת צבי קורנדביף דק,גרמים,120.00,100 גרם,false,,16.90,14.0833,true,1,28027
7290002371939,false,סרוולד בסגנון צרפתי דליקטיב 120 גרם,הנסיך- מפעל לייצור ט,IL,טירת צבי סרוולד צרפת,גרמים,120.00,100 גרם,false,,31.90,26.5833,true,1,28030
7290002374312,false,"שמן קנולה מילומור 1 ל' עד""ח","נארז ע""י : א.ג. גילר",IL,שמן קנולה מילומור 1,ליטרים,1.00,ליטר,false,,12.90,12.9000,true,1,32785
7290002374640,false,שמן קנולה פלוס אומגה 3 1 ליטר עץ הזית,שמן תעשיות,IL,שמן קנולה פלוס אומגה,ליטרים,1.00,ליטר,false,,19.40,19.4000,true,1,32787
7290002512011,false,צנעני גחנון 900 גרם,צנעני מוצרי בצק,IL,צנעני גחנון 900 גרם,גרמים,900.00,100 גרם,false,,21.90,2.4333,true,1,66007
7290002512257,false,מלוואח מופחת שומן רו,צנעני,IL,מלווח מופחת שומן 700,גרמים,700.00,100 גרם,false,,19.90,2.8429,true,1,3919
7290002692393,false,שמן קנולה מועשר1 ליטר-עץ הזית,שמן תעשיות,IL,שמן קנולה מועשר עץ ה,ליטרים,1.00,ליטר,false,,18.40,18.4000,true,1,32790
7290002692478,false,"שמן זית כתית מעולה קלאסי מעודן 750 מ""ל עץ הזית","מרקאולאו, ספרד.אבסה,",IT,שמן זית כתית מעולה מ,מיליליטרים,750.00,"100 מ""ל",false,,37.90,5.0533,true,1,32792
7290002692782,false,"תרסיס שמן זית כתית מעולה עץ הזית 150 מ""ל",י.ב טכנולוגיות אריזה,IL,תרסיס שמן זית עץ הזי,מיליליטרים,200.00,"100 מ""ל",false,,20.90,10.4500,true,1,32801
7290002703068,false,צנצנת דבש עין חרוד 1,עין חרוד,IL,צנצנת דבש עין חרוד 1,קילוגרמים,1.00,"ק""ג",false,,47.90,47.9000,true,1,40521
7290002703310,false,צנצנת דבש עין חרוד 5,,,צנצנת דבש עין חרוד 5,גרמים,500.00,100 גרם,false,,24.90,4.9800,true,1,40527
7290002703402,false,דבש עין חרוד 400 גרם,,,דבש עין חרוד 400 גרם,גרמים,400.00,100 גרם,false,,20.90,5.2250,true,1,40529
7290002703426,false,דבש לחיץ מכוורת 250,,,דבש לחיץ מכוורת 250,גרמים,250.00,100 גרם,false,,14.90,5.9600,true,1,40530
7290002703655,false,סילאן 100% טבעי עין,,,סילאן 100% טבעי עין,גרמים,385.00,100 גרם,false,,14.90,3.8701,true,1,154394
7290002730262,false,פלמוליב כלים שקוף קלאסי 750 בקבוק חדש,יבואן ומשווק: ש. שסט,GR,פלמוליב לכלים קלאסי,מיליליטרים,750.00,"100 מ""ל",false,,12.90,1.7200,true,1,24740
7290002735014,false,מלוואח ארוז ינון 800 גר',ג'נרל מילס סאן אדריא,IL,ינון מלווח ארוז 800,גרמים,800.00,100 גרם,false,,14.90,1.8625,true,1,68696
7290002735021,false,ינון גחנון ארוז 750גר,ג'נרל מילס סאן אדריא,IL,ינון גחנון ארוז 750,גרמים,750.00,100 גרם,false,,14.90,1.9867,true,1,68697
7290002735120,false,"בורקס תפו""א ינון 800 גר",,,"בורקס תפו""א ינון 800",גרמים,800.00,100 גרם,false,,14.90,1.8625,true,1,68699
7290002752493,false,רביעיה סוכריות מנטה 4* 16 ג' טיק טק,פררו,EC,טיק טק 1/4,גרמים,64.00,100 גרם,false,,12.90,20.1563,true,1,50035
7290002753223,false,רביעייה סוכריות תפוז 4*16 ג' טיק טק,פררו,EC,טיק טק תפוז 4/1,גרמים,64.00,100 גרם,false,,12.90,20.1563,true,1,50036
7290002757665,false,קבב מזרחי טיבון ויל 400 ג',,,קבב מזרחי 400 גרם,גרמים,400.00,100 גרם,false,,14.90,3.7250,true,1,19755
7290002768159,false,"בת אורן סבון קצף לאמבט 500 מ""ל",פארק תעשיות עמק חפרמ,IL,קצף אמבט בת אורן 500,מיליליטרים,500.00,"100 מ""ל",false,,17.90,3.5800,true,1,33259
7290002787884,false,מקלות בורקס פילו תפוח אדמה,שגמור,IL,שלושת האופים מקלות פ,גרמים,600.00,100 גרם,false,,21.90,3.6500,true,1,119027
7290002787891,false,בורקס מקלות פילו תרד 3.האופים 600 ג',שלושת האופים,IL,שלושת האופים מקלות ב,גרמים,600.00,100 גרם,false,,21.90,3.6500,true,1,119028
7290002793311,false,שירות והחלפה מילוי גז 60 סודהסטרים,סודה סטרים,IL,מילוי למכשיר 50,יחידה,0.00,יחידה,false,,60.00,0.0000,true,1,20852
7290002814054,false,סנט מוריץ מתז אנטרטיק מתז 1 ליטר,"קומפלקס כימיקלים בע""",IL,אנטרקטיק במתז 1 ליטר,ליטרים,1.00,ליטר,false,,14.90,14.9000,true,1,142978
7290002814160,false,מסיר שומנים קר סנט מ,,,מסיר שומנים קר סנט מ,יחידה,0.00,יחידה,false,,19.90,0.0000,true,1,135972
7290002824183,false,גבינה לבנה 5% שומן 500 ג' שטראוס,מיוצר עי קונדיטוריית,IL,גבינה לבנה 5% סקי 50,גרמים,500.00,100 גרם,false,,9.50,1.9000,true,1,26058
7290002824466,false,יוגורט דנונה ביו 0% 200 גרם,"שטראוס בריאות בע""מ",IL,דנונה יוגורט ביו 0%,מיליליטרים,200.00,"100 מ""ל",false,,4.10,2.0500,true,1,26059
7290002824640,false,גבינה שטראוס 5% 250 ג',מיוצר עי קונדיטוריית,IL,גבינה 5% סקי 250 גרם,גרמים,250.00,100 גרם,false,,4.98,1.9920,true,1,26060
7290002825722,false,סלט כרוב אדום אחלה 5,מיוצר עי קונדיטוריית,IL,אחלה כרוב אדום 500ג,גרמים,500.00,100 גרם,false,,18.40,3.6800,true,1,26062
7290002868996,false,קוטג' 5% מועשר טרה 250ג' מהדרין,טרה,IL,טרה קוטג מועשר 5% 25,גרמים,250.00,100 גרם,false,,5.90,2.3600,true,1,8445
7290002881254,false,קוקטייל פירות טרופי תומר 820 ג',סאן רייז,TH,קוקטייל טרופי תומר 8,גרמים,850.00,100 גרם,false,,10.90,1.2824,true,1,27620
7290002881261,false,"ליצ'י שלם 565 גרם ""תומר""",זהנגזהו אנגבה,CN,ליצי שלם תומר 565 גר,גרמים,565.00,100 גרם,false,,11.80,2.0885,true,1,27621
7290002881278,false,אפרסק חצאים תומר 820,,,אפרסק חצאים תומר 820,גרמים,820.00,100 גרם,false,,10.90,1.3293,true,1,27622
7290002881612,false,לפתן דובדבנים חמוצים 680 גרם,Fructo sliven jsc,BG,לפתן דובדבנים חמוצים,גרמים,700.00,100 גרם,false,,9.90,1.4143,true,1,27640
7290002881940,false,סרדינים מרוקאי בשמן חמניות 125ג' תומר,,,סרדין מרוקאי בשמן תו,גרמים,125.00,100 גרם,false,,6.90,5.5200,true,1,27653
7290002900566,false,פסטרמה ברביקיו דל שומן טירת צבי 360 ג',הנסיך- מפעל לייצור ט,IL,פסטרמה ברביקיו דל שו,גרמים,360.00,100 גרם,false,,35.90,9.9722,true,1,28031
7290002909989,false,"שעועית ירוקה חתוכה 800 גר' בד""ץ (ממותג)",,,שעועית ירוקה חתוכה ב,גרמים,800.00,100 גרם,false,,12.90,1.6125,true,1,481607
7290002921240,false,"שמפוזר מסיר כתים משטיחים קרבונה, 650 מ""ל",קרבונה Carbona,MX,שמפוזר מסיר כתים משט,מיליליטרים,650.00,"100 מ""ל",false,,35.90,5.5231,true,1,13382
7290002921349,false,דבק סופר גלו מארז זוגי,הנקל סוד,TR,סופר גלו 3 זוגי,יחידה,0.00,יחידה,false,,15.90,0.0000,true,1,13384
7290002923466,false,טחון בקר 1 ק`ג,,,טחון בקר 1 ק`ג,קילוגרמים,1.00,"ק""ג",false,,24.90,24.9000,true,1,19800
7290002971955,false,קמח שטיבל חיטה לבן מנופה 1קג,טחנת קמח דגן-שטיבל,IL,קמח לבן 650 ללא צורך,קילוגרמים,1.00,"ק""ג",false,,9.90,9.9000,true,1,118325
7290002971962,false,"קמח שטיבל חיטה מלא ללא ניפוי 1 ק""ג",טחנת קמח דגן-שטיבל,IL,קמח מלא 100% ללא צור,קילוגרמים,1.00,"ק""ג",false,,9.90,9.9000,true,1,380665
7290002971986,false,קמח שיפון מלא 1 קג שטיבל ללא צורך בניפוי,טחנת קמח דגן-שטיבל,IL,קמח שיפון ללא צורך ב,קילוגרמים,1.00,"ק""ג",false,,9.90,9.9000,true,1,84781
7290002972006,false,"קמח שטיבל 405 ללא ניפוי 1 ק""ג",טחנת קמח דגן-שטיבל,IL,קמח בהיר 405 ללא צור,קילוגרמים,1.00,"ק""ג",false,,9.90,9.9000,true,1,118326
7290002972365,false,קמח תופח שטיבל 13 ללא צורך בניפוי 1 קג,מיוצר עי קונדיטוריית,IL,קמח תופח ללא צורך בנ,קילוגרמים,1.00,"ק""ג",false,,9.90,9.9000,true,1,118327
7290002986652,false,גטניו פתי בר שוקו 470 גרם,"אחים גטניו בע""מ",,גטניו - פתיבר שוקו 4,גרמים,470.00,100 גרם,false,,9.90,2.1064,true,1,134843
7290002987963,false,"סלט חומוס אחלה 1 ק""ג",מיוצר עי קונדיטוריית,IL,אחלה חומוס 1קג,קילוגרמים,1.00,"ק""ג",false,,15.90,15.9000,true,1,26063
7290003009183,false,"סירופ דיאט תפוחים פריגת 750 מ""ל",סירופ - גבעת חיים,IL,סירופ דיאט תפוחים פר,מיליליטרים,750.00,"100 מ""ל",false,,23.90,3.1867,true,1,8452
7290003009312,false,בוטן קלוי קלית גת 200 ג',הדקלאים אגודת שיתופי,IL,בוטן קלוי 200 גרם,גרמים,200.00,100 גרם,false,,8.90,4.4500,true,1,15213
7290003009329,false,בוטן אמריקאי קלית גת 200 ג',הדקלאים אגודת שיתופי,IL,בוטן אמריקאי מצופה 2,גרמים,200.00,100 גרם,false,,6.90,3.4500,true,1,15214
7290003029372,false,משקה חלב בננה בקבוק 1ל' יוטבתה,שטראוס גרופ,IL,יטבתה משקה חלב בננה,ליטרים,1.00,ליטר,false,,12.90,12.9000,true,1,26070
7290003029532,false,מוקה בקבוק 1 ל' יוטבתה,שטראוס גרופ,IL,יטבתה מוקה 1ל,ליטרים,1.00,ליטר,false,,12.90,12.9000,true,1,26074
7290003029792,false,"משקה יטבתה שוקו שקיות מהדרין מארז 225X8מ""ל",שטראוס גרופ,IL,יטבתה מהדרין שוקו שק,ליטרים,1.80,ליטר,false,,22.90,12.7222,true,1,26076
7290003029815,false,חלב יוטבתה מועשר 3% בכד 2ל',שטראוס גרופ,IL,חלב מועשר בכד2 ליטר,ליטרים,2.00,ליטר,false,,16.90,8.4500,true,1,26077
7290003054657,false,חרדל דיזון אקסטרה פורטה 370 גרם,מרום את קונפינו,FR,חרדל דיג'ון אקסטרא פ,גרמים,370.00,100 גרם,false,,13.90,3.7568,true,1,30500
7290003072859,false,רוסטביף טירת צבי 120 ג',הנסיך- מפעל לייצור ט,IL,רוסטביף טירת צבי 120,גרמים,120.00,100 גרם,false,,23.90,19.9167,true,1,217995
7290003072972,false,קבנוס בתיבול מעושן טירת צבי 120 גרם,טירת- צבי,IL,קבנוס בתיבול שום 120,גרמים,120.00,100 גרם,false,,12.90,10.7500,true,1,292715
7290003107223,false,"סולת לנדא ארוז 1 ק""ג",טחנות קמח דגן בעמ,IL,"סולת חיטה דגן 1 ק""ג",קילוגרמים,1.00,"ק""ג",false,,6.90,6.9000,true,1,67163
7290003107247,false,שטיבל שמרים יבשים 33 גרם,,,שטיבל שמרים יבשים 33,גרמים,33.00,100 גרם,false,,5.90,17.8788,true,1,56140
7290003107315,false,"סולת בד""צ ארוז 1 ק""ג",,,"סולת דגן 1 ק""ג",קילוגרמים,1.00,"ק""ג",false,,4.90,4.9000,true,1,11340
7290003107346,false,טחנת קמח דגן קמח 1 קג,,,קמח חיטה לבן דגן 1 ק,קילוגרמים,1.00,"ק""ג",false,,4.90,4.9000,true,1,11342
7290003142422,false,גרעיני חמניה בשקית ללא מלח קליית גת 180 גרם,"ג'י אנד ג'י בע""מ",IL,גרעיני חמניה ללא מלח,גרמים,180.00,100 גרם,false,,6.90,3.8333,true,1,15225
7290003143146,false,ממרח תמרים קליית גת 450 גרם,הדקלאים אגודת שיתופי,IL,ממרח תמרים 450 גרם,גרמים,450.00,100 גרם,false,,6.90,1.5333,true,1,15237
7290003145751,false,קשיו קלוי קליית גת 200 גר,הדקלאים אגודת שיתופי,IL,קשיו קלוי 200 גרם,גרמים,200.00,100 גרם,false,,21.90,10.9500,true,1,15297
7290003145959,false,פקאן טבעי 150 גרם קליית גת,ליימן מותגים,IL,אגוז פקאן טבעי 150 ג,גרמים,150.00,100 גרם,false,,21.90,14.6000,true,1,15300
7290003187843,false,טחון עגל 100% בשר 50,טיבון ויל אחזקות בעמ,IL,טחון עגל 100% בשר 50,גרמים,500.00,100 גרם,false,,29.90,5.9800,true,1,19835
7290003220588,false,"רוטה צ'ילי מתוק ללא סוכר 700 מ""ל WOK",תאי פרידה אינדסטרי ב,TH,ווק רוטב צ'ילי מתוק,מיליליטרים,700.00,"100 מ""ל",false,,19.90,2.8429,true,1,380324
7290003220595,false,"ווק אורז לסושי 1 ק""ג WOK","מיה תעשיות מזון בע""מ",IL,אורז לסושי 1 ק'ג WOK,קילוגרמים,1.00,"ק""ג",false,,14.90,14.9000,true,1,380325
7290003229116,false,פסטרמה בדבש 400 גרםטירת צבי,הנסיך- מפעל לייצור ט,IL,א.מ פסטרמה בדבש 400,גרמים,400.00,100 גרם,false,,31.90,7.9750,true,1,28041
7290003229123,false,פסטרמה על גחלים 400 גרםטירת צבי,הנסיך- מפעל לייצור ט,IL,א.מ. פסטרמה על גחלים,גרמים,400.00,100 גרם,false,,31.90,7.9750,true,1,28042
7290003229147,false,נקניק סלמי איטלקי טירת צבי 300 ג',הנסיך- מפעל לייצור ט,IL,סלמי בסגנון איטלקי 3,גרמים,300.00,100 גרם,false,,35.90,11.9667,true,1,28043
7290003229192,false,כתף בקר מעושן טירת צבי 400 ג' צבי,טיב טירת צבי 2000,IL,א.מ. כתף בקר מעושן 4,גרמים,400.00,100 גרם,false,,34.90,8.7250,true,1,28046
7290003229208,false,פסטרמה ספרדית 2% טירת צבי 360 ג',טירת- צבי,IL,פסטרמה ספרדית 2% 360,גרמים,360.00,100 גרם,false,,35.90,9.9722,true,1,28047
7290003229215,false,פסטרמה איטלקית טירת צבי 360 ג',טירת- צבי,IL,פסטרמה איטלקית 360 ג,גרמים,360.00,100 גרם,false,,35.90,9.9722,true,1,114470
7290003258284,false,"פנינה קרם גוף מס' 3, 350 מ""ל",א.ל ארמן,IL,קרם גוף מס' 3 פנינה,מיליליטרים,350.00,"100 מ""ל",false,,31.90,9.1143,true,1,21702
7290003268252,false,לחם חיטה מלא לילדים 750 ג' דגנית עין בר,יוניליוור גרמניה Gm,IL,לחם חיטה מלא ללא גרע,גרמים,750.00,100 גרם,false,,14.90,1.9867,true,1,66701
7290003318100,false,וופל בטעם שוקולד מנעמים 200 ג',מנעמים תעשיות מזון,IL,ופל שוקו מנעמים 200,גרמים,200.00,100 גרם,false,,4.90,2.4500,true,1,27366
7290003318599,false,וופל וניל 200 גרם מנעמים,מנעמים תעשיות מזון,IL,ופל וניל מנעמים 200,גרמים,200.00,100 גרם,false,,4.90,2.4500,true,1,120528
7290003321155,false,יוגורט בר עם פקאן מצופה שוקולד 183 ג' דנונה,"שטראוס בריאות בע""מ",IL,דנונה קראנצ' ששבי פק,מיליליטרים,183.00,"100 מ""ל",false,,5.20,2.8415,true,1,26080
7290003321292,false,גבינה לבנה 9% שומן 250 ג' שטראוס,מיוצר עי קונדיטוריית,IL,גבינה 9% סקי 250 גרם,גרמים,250.00,100 גרם,false,,5.10,2.0400,true,1,26081
7290003332045,false,קפה נחלה אדום ללא הל 250ג',קפה אל נחלה,,קפה נחלה סובחי 250 ג,גרמים,250.00,100 גרם,false,,15.90,6.3600,true,1,38351
7290003387410,false,בלונס פדים להסרת איפור שלישייה,SEPTONA S.A.,GR,מגבונים להסרת איפור,יחידה,0.00,יחידה,false,,23.90,0.0000,true,1,24755
7290003411993,false,גפרורים הנמל 10 יחיד,"איטיליאן פוד, אס.פי.",SE,גפרורים 10 יחידות,יחידה,0.00,יחידה,false,,3.90,0.0000,true,1,9752
7290003438006,false,ממרח אולביה פסטו וצנובר איטלקי 190ג',מיוצר עי קונדיטוריית,IL,אוליביה ממרח פסטו אי,גרמים,180.00,100 גרם,false,,14.90,8.2778,true,1,5331
7290003438020,false,ממרח עגבניות מיובשות אוליביה 190 גר,מיוצר עי קונדיטוריית,IL,אוליביה ממרח עגבניות,גרמים,190.00,100 גרם,false,,14.90,7.8421,true,1,5333
7290003450602,false,חרדל אמיתי צהוב בקבוק לחיץ 255 גר,היינץ צפון אמריקה מק,US,חרדל אמיתי צהוב בקבו,גרמים,255.00,100 גרם,false,,11.90,4.6667,true,1,30504
7290003514007,false,מנה שקדי מרק מנה 400 גרם,מנה Mana,IL,שקדי מרק מנה 400 גרם,גרמים,400.00,100 גרם,false,,10.90,2.7250,true,1,24757
7290003521081,false,"ד""ר פישר - סרקל שמפו לילדים 1 ליטר","ד""ר פישר Dr fischer",IL,סרקל שמפו לילדים 1 ל,ליטרים,1.00,ליטר,false,,31.90,31.9000,true,1,32549
7290003525898,false,סלט טונה שלישיה * 180 ג' וילגיר,,,סלט טונה ויליגר שליש,גרמים,480.00,100 גרם,false,,18.90,3.9375,true,1,19848
7290003550753,false,טונה פוסידון בשמן רביעיה *108 ג',"מיוצר עי וליגר בעמ,",IL,טונה בהירה בשמן פוסי,גרמים,308.00,100 גרם,false,,23.90,7.7597,true,1,19864
7290003570928,false,קבב בלדי קצביה ארוז קפוא 500ג',בלאדי,IL,קבב בלדי קצביה ארוז,גרמים,500.00,100 גרם,false,,31.90,6.3800,true,1,114123
7290003578108,false,חתיכות אננס בסירופ קל וילי פוד 850 גרם,טקרנג פינאפל אינדסטר,TH,אננס חתוך ויליפוד 85,גרמים,490.00,100 גרם,false,,9.90,2.0204,true,1,4833
7290003578177,false,תירס גמדי שלם ויליפוד 410 ג',מגסטיק פוד אידסטרי ק,TH,תירס גמדי שלם ויליפו,גרמים,210.00,100 גרם,false,,7.90,3.7619,true,1,4835
7290003578313,false,דובדבנים חמוצים ללא חרצנים 680גר,דל מונטה היילס אס.אי,HR,דובדבנים חמוצים ללא,גרמים,350.00,100 גרם,false,,10.90,3.1143,true,1,4838
7290003598311,false,מינוט סטייק חלק ריאה 300 ג',בלדי,IL,מינוט סטייק 300 גר'/,גרמים,300.00,100 גרם,false,,37.90,12.6333,true,1,111934
7290003643004,false,"אורז בסמטי קלאסי 1 ק""ג סוגת",האי נאם סי או אל.טי.,IL,"סוגת אורז בסמטי 1 ק""",קילוגרמים,1.00,"ק""ג",false,,15.90,15.9000,true,1,20684
7290003643134,false,סוגת סוכר וניל 10 יח,גוד פוד פרודקטס S.p,IL,סוגת סוכר וניל 10 יח,גרמים,100.00,100 גרם,false,,2.90,2.9000,true,1,20686
7290003643325,false,קוסקוס בינוני 350 גרם סוגת,"אסיף תעשיות מזון בע""",IL,קוסקוס בינוני סוגת 3,גרמים,350.00,100 גרם,false,,5.90,1.6857,true,1,20693
7290003643387,false,"סוכר לבן בצנצנת 1 ק""ג סוגת",האי נאם סי או אל.טי.,IL,סוכר לבן בצנצנת סוגת,קילוגרמים,1.00,"ק""ג",false,,10.90,10.9000,true,1,20695
7290003643646,false,"סוכר דמררה קלאסי בצנצנת סוגת 1 ק""ג",האי נאם סי או אל.טי.,IL,סוכר דמררה בצנצנת חו,קילוגרמים,1.00,"ק""ג",false,,14.50,14.5000,true,1,20696
7290003643684,false,אפונה יבשה סוגת 500 גר',האי נאם סי או אל.טי.,IL,אפונה יבשה 500 גרם,גרמים,500.00,100 גרם,false,,8.90,1.7800,true,1,20697
7290003643714,false,סוגת חומוס 500 גרם,האי נאם סי או אל.טי.,IL,חומוס 500 גרם,גרמים,500.00,100 גרם,false,,8.90,1.7800,true,1,20699
7290003643738,false,סוגת חיטה 500 גרם,האי נאם סי או אל.טי.,IL,סוגת חיטה 500 גר,גרמים,500.00,100 גרם,false,,5.90,1.1800,true,1,20700
7290003643745,false,סוגת כוסמת 500 גרם,האי נאם סי או אל.טי.,IL,כוסמת 500 גרם,גרמים,500.00,100 גרם,false,,7.90,1.5800,true,1,20701
7290003643752,false,עדשים ירוקים יבש סוגת 500 גר',האי נאם סי או אל.טי.,IL,עדשים ירוקות 500 גרם,גרמים,500.00,100 גרם,false,,10.90,2.1800,true,1,20702
7290003643769,false,עדשים אדומים יבש סוגת 500 גר',"סוגת תעשיות בע""מ",IL,עדשים אדומות 500 גרם,גרמים,500.00,100 גרם,false,,10.90,2.1800,true,1,20703
7290003643776,false,"פופקורן גרעינים סוגת 500 ג' כשל""פ",האי נאם סי או אל.טי.,IL,סוגת פופקורן 500 גרם,גרמים,500.00,100 גרם,false,,5.90,1.1800,true,1,20704
7290003643783,false,קוקוס סוגת 100 גרם,האי נאם סי או אל.טי.,IL,קוקוס 100 גר,גרמים,100.00,100 גרם,false,,3.90,3.9000,true,1,20705
7290003643806,false,שעועית לבנה יבשה סוגת 500 ג',האי נאם סי או אל.טי.,IL,שעועית לבנה 500 גרם,גרמים,500.00,100 גרם,false,,12.90,2.5800,true,1,20706
7290003643813,false,שעועית אדומה יבשה סוגת 500 גר',האי נאם סי או אל.טי.,IL,שעועית אדומה 500 גרם,גרמים,500.00,100 גרם,false,,12.90,2.5800,true,1,20707
7290003681365,false,סוכריות קישוט לעוגה צבעוני 70 גר' מיה,"מיה תעשיות מזון בע""מ",IL,70 סוכריות קישוט לעו,גרמים,70.00,100 גרם,false,,5.90,8.4286,true,1,53951
7290003706167,false,בצל ירוק ארוז,,,בצל ירוק ארוז,יח',1.00,יח',false,,5.90,5.9000,true,1,78398
7290003726141,false,גבינת טופו משק גאיה,ג'נרל מילס סאן אדריא,IL,טופו משק גאיה 300ג,גרמים,300.00,100 גרם,false,,16.30,5.4333,true,1,16754
7290003726776,false,שניצל טופו בטעם עוף,משק ויילר,IL,שניצל טופו בטעם עוף,גרמים,420.00,100 גרם,false,,29.90,7.1190,true,1,477794
7290003781652,false,צלפים במי מלח ויליפוד 350 ג',סוסיטס,TR,צלפים במלח ויליפוד 3,גרמים,350.00,100 גרם,false,,9.90,2.8286,true,1,4845
7290003781850,false,גבינת קשקבל פרוסות 200 גרם,וילי פוד,ES,גבינת קשקבל פרוסות 2,גרמים,200.00,100 גרם,false,,21.90,10.9500,true,1,356626
7290003804382,false,"תיבולית פטריות בד""ץ 72 ג' קנור",יוניליוור ישראל מזון,IL,תיבולית פטריות קנור,גרמים,72.00,100 גרם,false,,10.90,15.1389,true,1,12711
7290003807178,false,"רוטב קנור סויה בסגנון סיני 300 מ""ל",אתר חיפה 778 - Food,IL,רוטב סויה בסגנון סינ,מיליליטרים,300.00,"100 מ""ל",false,,14.90,4.9667,true,1,12763
7290003882922,false,עלי גפן ממולאים באורז ויליפוד 400ג',הזה פלאקספו פוד קו ב,CN,עלי גפן ממולאים באור,גרמים,360.00,100 גרם,false,,9.90,2.7500,true,1,4855
7290003989539,false,לורנצו רביולי במילוי גבינה,מיוצר עי קונדיטוריית,IL,EAT GOOD רביולי גבינ,גרמים,400.00,100 גרם,false,,22.90,5.7250,true,1,26083
7290004011338,false,"קצפת מתוקה מכונה 250 מ""ל ריץ'",האי נאם סי או אל.טי.,IT,ריצ קצפת במיכל 250מל,מיליליטרים,250.00,"100 מ""ל",false,,12.90,5.1600,true,1,19874
7290004011345,false,"קצפת ריצ` פרווה במיכל 250 מ""ל",האי נאם סי או אל.טי.,IT,קצפת ריץ במיכל פרווה,מיליליטרים,238.00,"100 מ""ל",false,,12.90,5.4202,true,1,19875
7290004030018,false,"פריניב מיץ לימון סחוט פרי לתיבול 500 מ""ל",הנסיך- מפעל לייצור ט,IL,מיץ לימון סחוט פרי פ,מיליליטרים,500.00,"100 מ""ל",false,,7.90,1.5800,true,1,44128
7290004030100,false,מיץ תפוזים ולנסיה סחוט 1 ליטר100%,פריניב,IL,מיץ תפוזים סחוט וולנ,ליטרים,1.00,ליטר,false,,16.80,16.8000,true,1,215063
7290004048679,false,"קובה למרק שלושת האופים 1 ק""ג",שלושת האופים,IL,קובה למרק 1 קג שלושת,קילוגרמים,1.00,"ק""ג",false,,17.90,17.9000,true,1,119041
7290004063016,false,מלח שולחן מעולה דק 1,האי נאם סי או אל.טי.,IL,"מלח שולחן סלית 1 ק""ג",קילוגרמים,1.00,"ק""ג",false,,2.07,2.0700,true,1,17656
7290004063115,false,"מלח מטבח עבה להמלחת בשר ובישול 1 ק""ג 1ק""ג",האי נאם סי או אל.טי.,IL,מלח מטבח גס לבישול כ,קילוגרמים,1.00,"ק""ג",false,,2.07,2.0700,true,1,17657
7290004064174,false,"תבלין מלח ההימלאיה דק בצנצנת 1 ק""ג",מלח הארץ אילת,IL,מלח ההימלאיה דק בצנצ,קילוגרמים,1.00,"ק""ג",false,,20.90,20.9000,true,1,96871
7290004068028,false,"ציזיקי יוגורט לשתיה גד 500 מ""ל",מיוצר על ידי קוד יצר,IL,גד משקה צזיקי 2% 500,מיליליטרים,500.00,"100 מ""ל",false,,11.70,2.3400,true,1,114413
7290004068035,false,"איירן יוגורט לשתייה 3% גד 500 מ""ל","מיוצר ע""י קוד יצרן M",IL,גד משקה איירן בסגנון,גרמים,500.00,100 גרם,false,,10.60,2.1200,true,1,114414
7290004068172,false,"יוגורט עיזים בדלי 5% 600 מ""ל רובין",קוד יצרן MKN,IL,גד יוגורט עיזים 5% 6,מיליליטרים,600.00,"100 מ""ל",false,,20.20,3.3667,true,1,16758
7290004078690,false,"אגקס נוזל לניקוי אסלות מרענן 750 מ""ל",הנסיך- מפעל לייצור ט,FR,אגקס כלורון נוזל לני,מיליליטרים,750.00,"100 מ""ל",false,,15.90,2.1200,true,1,114454
7290004119133,false,כד יוגורט תנובה 6.5% שומן 1.5 ליטר,מיוצר עי קונדיטוריית,IL,יוגורט כדים תנובה 7%,ליטרים,1.50,ליטר,false,,19.80,13.2000,true,1,28707
7290004119225,false,יוגורט אננס 3% שומן 150 ג' יופלה,תנובה מרכז שיתופי לש,IL,יופלה אננס 3% 150מל,גרמים,150.00,100 גרם,false,,5.70,3.8000,true,1,28708
7290004120061,false,קרלו שוקולד וניל 125,תנובה מרכז שיתופי לש,IL,קרלו שוניל 3% 125מל,מיליליטרים,125.00,"100 מ""ל",false,,3.50,2.8000,true,1,28715
7290004120566,false,גבינה בולגרית פיראוס 24% 250 גרם,תנובה,IL,פיראוס בולגרית 24% 2,גרמים,250.00,100 גרם,false,,26.90,10.7600,true,1,28736
7290004120573,false,גבינה בולגרית פיראוס 16% 250 גרם,תנובה מרכז שיתופי לש,IL,פיראוס בולגרית בקר 1,גרמים,250.00,100 גרם,false,,26.90,10.7600,true,1,28737
7290004120832,false,חלב תנובה טרי 3% מהדרין כד 2 ל',תנובה מרכז שיתופי לש,IL,"חלב תנובה טרי 3% בד""",ליטרים,2.00,ליטר,false,,12.46,6.2300,true,1,28740
7290004121488,false,יופלה דיאט אפרסק 0% גביע 150 ג',תנובה מרכז שיתופי לש,IL,יופלה דיאט אפרסק 0%,מיליליטרים,150.00,"100 מ""ל",false,,5.60,3.7333,true,1,28745
7290004121525,false,יופלה מאגדת פרי 4 תות 4 אפרסק 3% 8 יח'*150 ג',תנובה מרכז שיתופי לש,IL,יופלה אפרסק תות 3% 8,קילוגרמים,1.20,"ק""ג",false,,35.90,29.9167,true,1,28746
7290004121839,false,גבינת פטה כבשים 20% 250 ג' פיראוס,תנובה מרכז שיתופי לש,IL,פיראוס פטה כבשים 20%,גרמים,250.00,100 גרם,false,,32.90,13.1600,true,1,28751
7290004121853,false,גבינה בולגרית פיראוס 5% קוביות 200 גרם,תנובה מרכז שיתופי לש,IL,פיראוס בולגרית בקובי,גרמים,200.00,100 גרם,false,,23.90,11.9500,true,1,28752
7290004122119,false,פתיתי פרמזן לפסטה %23 100 ג' השף הלבן,פ.פ.ח. שאביט,IL,שף לבן פתיתי פרמזן ל,גרמים,100.00,100 גרם,false,,14.90,14.9000,true,1,28756
7290004122195,false,"גבינת גוש חלב פרוס 28%, כשרות מהדרין, 200 ג'",תנובה,IL,גוש חלב פרוס 28% 200,גרמים,200.00,100 גרם,false,,15.90,7.9500,true,1,28757
7290004122270,false,גבינה צהובה פרוס בקופסא %28 200 ג' עמק,תנובה מרכז שיתופי לש,IL,עמק פרוס סגירה חוזרת,גרמים,200.00,100 גרם,false,,17.90,8.9500,true,1,28758
7290004122348,false,גבינת עמק לייט פרוס בקופסא 200 גרם,תנובה מרכז שיתופי לש,IL,עמק לייט 9% 200ג,גרמים,200.00,100 גרם,false,,18.80,9.4000,true,1,28760
7290004122683,false,חטיף גבינת אצבעות 28% 172 ג' עמק,תנובה מרכז שיתופי לש,IL,עמק אצבעות 172ג,גרמים,172.00,100 גרם,false,,18.80,10.9302,true,1,28765
7290004124205,false,יוגורט דיאט תות %0 שומן 150 ג' יופלה,תנובה מרכז שיתופי לש,IL,יופלה דיאט תות 0% 15,מיליליטרים,150.00,"100 מ""ל",false,,5.60,3.7333,true,1,28780
7290004124847,false,"קצפת צמחית השף הלבן 500 מ""ל תנובה",תנובה מרכז שיתופי לש,IL,שף לבן קצפת צמחית 24,מיליליטרים,500.00,"100 מ""ל",false,,18.50,3.7000,true,1,28787
7290004125370,false,"שמנת חמוצה מופחתת שומן 9% 200 מ""ל",תנובה מרכז שיתופי לש,IL,תנובה שמנת מופחתת 9%,מיליליטרים,200.00,"100 מ""ל",false,,4.10,2.0500,true,1,28791
7290004125400,false,"שלי אשל 4.5% תנובה 200מ""ל מהדרין",פארייפאבה אגרואינדוס,IL,"אשל 4.5% בד""צ מהדרין",מיליליטרים,200.00,"100 מ""ל",false,,1.69,0.8450,true,1,28792
7290004125417,false,"שלי גיל 3% תנובה 200מ""ל מהדרין",תנובה מרכז שיתופי לש,IL,"גיל 3% בד""צ מהדרין",מיליליטרים,200.00,"100 מ""ל",false,,1.51,0.7550,true,1,28793
7290004125455,false,**תנובה שמנת אורגינל מהדרין 15% 200מל,תנובה מרכז שיתופי לש,IL,תנובה שמנת אורגינל מ,מיליליטרים,200.00,"100 מ""ל",false,,2.40,1.2000,true,1,28794
7290004125462,false,"שמנת אורגינל 15% מהדרין 500 מ""ל",תנובה מרכז שיתופי לש,IL,תנובה שמנת חמוצה 15%,מיליליטרים,500.00,"100 מ""ל",false,,6.00,1.2000,true,1,28795
7290004125509,false,"שמנת 15% חצי מנה 100 מ""ל תנובה",תנובה מרכז שיתופי לש,IL,תנובה שמנת חצי מנה 1,מיליליטרים,100.00,"100 מ""ל",false,,1.90,1.9000,true,1,28796
7290004125578,false,משקה סויה מעושר בסידן תנובה 1ל',תנובה מרכז שיתופי לש,IL,משקה סויה תנובה מועש,ליטרים,1.00,ליטר,false,,13.50,13.5000,true,1,28797
7290004125585,false,משקה סויה וניל תנובה E אלטרנטיב,תנובה מרכז שיתופי לש,IL,סויה תנובה משקה סויה,ליטרים,1.00,ליטר,false,,13.50,13.5000,true,1,28798
7290004125721,false,"שמנת לבישול 15% שומן 250 מ""ל תנובה",תנובה מרכז שיתופי לש,IL,שף לבן שמנת לבישול 1,מיליליטרים,250.00,"100 מ""ל",false,,8.90,3.5600,true,1,28801
7290004125738,false,שמנת מתוקה להקצפה32% 250מל עמיד השף הלבן,תנובה מרכז שיתופי לש,IL,שף לבן שמנת להקצפה 3,מיליליטרים,250.00,"100 מ""ל",false,,7.20,2.8800,true,1,28802
7290004125776,false,גבינה צהובה עמק 28% 400 גרם בקופסא,תנובה,IL,עמק גבינה קשה פרוסה,גרמים,400.00,100 גרם,false,,32.90,8.2250,true,1,28805
7290004126674,false,פרוסות גבינה חצי קשה 9% שומן 200 ג' עמק,תנובה מרכז שיתופי לש,IL,עמק טל לייט 9% 200ג,גרמים,200.00,100 גרם,false,,20.90,10.4500,true,1,28813
7290004126759,false,יופלה דיאט פירות יער %0 גביע 150 ג',תנובה בעמ,IL,יופלה דיאט פירות יער,מיליליטרים,150.00,"100 מ""ל",false,,5.60,3.7333,true,1,28814
7290004126872,false,משקאות חלב תנובה שוקו בקבוק 250מל,תנובה,IL,משקאות חלב תנובה שוק,מיליליטרים,250.00,"100 מ""ל",false,,5.90,2.3600,true,1,28815
7290004127077,false,קוטג' 3% שומן 250 ג' תנובה,מיוצר עי קונדיטוריית,IL,קוטג תנובה 3% 250 ג,גרמים,250.00,100 גרם,false,,5.80,2.3200,true,1,28816
7290004127329,false,קוטג' 5% תנובה 250ג' מהדרין,מיוצר עי קונדיטוריית,IL,קוטג' 5% תנובה מהדרי,גרמים,250.00,100 גרם,false,,5.80,2.3200,true,1,28818
7290004127336,false,קוטג' 9% תנובה 250 ג' הדרין,מיוצר עי קונדיטוריית,IL,קוטג' תנובה מהדרין 9,גרמים,250.00,100 גרם,false,,5.80,2.3200,true,1,28819
7290004127800,false,גבינה לבנה 5% שומן 500 ג' תנובה,מיוצר עי קונדיטוריית,IL,תנובה גבינה לבנה 5%,גרמים,500.00,100 גרם,false,,9.96,1.9920,true,1,28823
7290004127817,false,גבינה לבנה 9% שומן 500 ג' תנובה,מיוצר עי קונדיטוריית,IL,תנובה גבינה לבנה 9%,גרמים,500.00,100 גרם,false,,9.70,1.9400,true,1,28824
7290004127862,false,**תנובה גבינה למריחה מהדרין 5% 750ג,תנובה מרכז שיתופי לש,IL,תנובה גבינה למריחה מ,גרמים,750.00,100 גרם,false,,14.90,1.9867,true,1,28825
7290004128340,false,קרם גבינת שמנת %5 בטעם טבעי 200 ג' תנובה,תנובה,IL,תנובה קרם גבינת שמנת,גרמים,200.00,100 גרם,false,,13.40,6.7000,true,1,28836
7290004129101,false,גבינת שמנת 25% בטעם טבעי 225 ג' נפוליאון,תנובה מרכז שיתופי לש,IL,נפוליאון בטעם טבעי 2,גרמים,225.00,100 גרם,false,,16.50,7.3333,true,1,28841
7290004129118,false,גבינת שמנת 24% עם זיתים ירוקים 225 ג' נפוליאון,תנובה מרכז שיתופי לש,IL,נפוליאון בטעם זיתים,גרמים,225.00,100 גרם,false,,16.50,7.3333,true,1,28842
7290004129156,false,גבינת שמנת25% עם שום שמיר 225 ג' נפוליאון,תנובה מרכז שיתופי לש,IL,נפוליאון שום שמיר 25,גרמים,225.00,100 גרם,false,,16.50,7.3333,true,1,28843
7290004129736,false,יוגורט במתיקות מעודנת 1.5% שומן 200 ג' יופלה,תנובה מרכז שיתופי לש,IL,יופלה קרם יוגרט מעוד,מיליליטרים,200.00,"100 מ""ל",false,,4.90,2.4500,true,1,28846
7290004130794,false,משקה סויה טבעי במתיקות מופחתת 1 ליטר,תנובה מרכז שיתופי לש,IL,סויה תנובה טבעי במתי,ליטרים,1.00,ליטר,false,,12.50,12.5000,true,1,28854
7290004130916,false,יוגורט 3% פירות יער בשמנת 150 ג' יופלה,תנובה מרכז שיתופי לש,IL,יופלה בטעם פירות יער,גרמים,150.00,100 גרם,false,,5.70,3.8000,true,1,28856
7290004131074,false,**חלב תנובה טרי מהדרין קרטון 3% 1ל,תנובה מרכז שיתופי לש,IL,חלב תנובה הומוגני מה,ליטרים,1.00,ליטר,false,,6.23,6.2300,true,1,28861
7290004131432,false,יוגורט ביו 3% שומן 200 ג' יופלה,מיוצר עי קונדיטוריית,IL,יופלה לבן 3% 200מל,מיליליטרים,200.00,"100 מ""ל",false,,4.50,2.2500,true,1,28868
7290004132552,false,משקה סויה לייט בטעם טבעי טרי 1 ליטר,תנובה מרכז שיתופי לש,IL,סויה תנובה לייט בטעם,ליטרים,1.00,ליטר,false,,12.50,12.5000,true,1,28888
7290004132712,false,חטיף אצבעות גבינת מוצרלה 20% 172 ג' עמק,תנובה מרכז שיתופי לש,IL,עמק אצבעות מוצרלה 20,גרמים,174.00,100 גרם,false,,18.80,10.8046,true,1,28892
7290004135225,false,מעדן תנובה דיאט שוקולדה 0% 150 גרם,תנובה מרכז שיתופי לש,IL,מעדן תנובה דיאט שוקו,מיליליטרים,150.00,"100 מ""ל",false,,4.50,3.0000,true,1,28931
7290004135614,false,גבינה בולגרית מעודנת 5% 250 ג' פיראוס,תנובה,IL,פיראוס בולגרית מעודנ,גרמים,250.00,100 גרם,false,,25.10,10.0400,true,1,28939
7290004136857,false,גלי פטל תנובה 125 גר,תנובה מרכז שיתופי לש,IL,ג'לי תנובה פטל 125מל,מיליליטרים,125.00,"100 מ""ל",false,,2.90,2.3200,true,1,28957
7290004136864,false,ג'לי תנובה אננס עם חתיכות אננס 125מל,סוי מג'יק,IL,ג'לי תנובה אננס עם ח,מיליליטרים,125.00,"100 מ""ל",false,,2.90,2.3200,true,1,28958
7290004136871,false,ג'לי תנובה אפרסק עם חתיכות אפרסק 125מל,תנובה מרכז שיתופי לש,IL,ג'לי תנובה אפרסק עם,מיליליטרים,125.00,"100 מ""ל",false,,2.90,2.3200,true,1,28959
7290004137021,false,"שמנת לבישול 10% עמיד השף הלבן 250 מ""ל",תנובה מרכז שיתופי לש,IL,שף לבן שמנת לבישול 1,מיליליטרים,250.00,"100 מ""ל",false,,8.90,3.5600,true,1,28961
7290004137311,false,עמק לייט משפחתית 9% 400ג-ועדת מהדרין,תנובה,IL,עמק לייט משפחתית 9%,גרמים,400.00,100 גרם,false,,33.90,8.4750,true,1,28964
7290004230364,false,שגב מקלות בורקס פילו גבינה צרפתי 600 גר,שגמור,IL,שגב מקלות בורקס פילו,גרמים,600.00,100 גרם,false,,21.90,3.6500,true,1,119054
7290004323882,false,טחון הודו אדום 500 גרם,,,טחון הודו אדום 500 ג,גרמים,500.00,100 גרם,false,,13.90,2.7800,true,1,19941
7290004537241,false,אפונת גינה שדה בשקית,בסט מייסטר,IL,אפונת גינה קפואה 800,גרמים,800.00,100 גרם,false,,15.90,1.9875,true,1,106071
7290004537265,false,אפונה עדינה קפואה 60,,,אפונה עדינה קפואה 60,גרמים,600.00,100 גרם,false,,16.90,2.8167,true,1,105168
7290004537333,false,חומוס גרגירים 800 גר,,,חומוס גרגירים 800 גר,גרמים,800.00,100 גרם,false,,15.90,1.9875,true,1,140790
7290004584306,false,רבעיית גמדים בטעם תות בננה * 100 ג' שטראוס,מיוצר עי קונדיטוריית,IL,גמדים תות בננה 4*100,מיליליטרים,400.00,"100 מ""ל",false,,13.50,3.3750,true,1,26085
7290004584351,false,גבינה לבנה סימפוניה עם תוספות 200 ג' חמישית 200,"שטראוס בריאות בע""מ",IL,סימפוניה חמישית 200ג,גרמים,200.00,100 גרם,false,,12.90,6.4500,true,1,26086
7290004585907,false,דני ועדן וניל 1.5% 125ג' שטראוס,מיוצר עי קונדיטוריית,IL,דני וניל מהדרין 130מ,מיליליטרים,130.00,"100 מ""ל",false,,3.10,2.3846,true,1,26088
7290004731076,false,אל סבון אלוורה כיף 1 ל',טרופיקל דגיל תעשיות,IL,אלסבון אלוורה כיף 1,ליטרים,1.00,ליטר,false,,14.90,14.9000,true,1,33293
7290005008184,false,"פלמוליב - תחליב רחצה נטורלס שקדים 500 מ""ל",הנסיך- מפעל לייצור ט,TR,סבון נוזלי חלב שקדים,מיליליטרים,500.00,"100 מ""ל",false,,17.90,3.5800,true,1,24789
7290005174513,false,חציל במיונז 500 ג' אחלה,מיוצר עי קונדיטוריית,IL,חציל במיונז אחלה 500,גרמים,500.00,100 גרם,false,,18.90,3.7800,true,1,26089
7290005174551,false,סלט חומוס עם צנוברים 125 ג' אחלה,מיוצר עי קונדיטוריית,IL,אחלה חומוס 125ג,גרמים,125.00,100 גרם,false,,5.90,4.7200,true,1,26090
7290005174568,false,אחלה סלט חצילים יום 125 ג',"שטראוס גרופ בע""מ",IL,אחלה חציל במיונז 125,גרמים,125.00,100 גרם,false,,5.90,4.7200,true,1,26091
7290005174575,false,טחינה אחלה יום יום משובחת 125ג',מיוצר עי קונדיטוריית,IL,אחלה טחינה 125גר,גרמים,125.00,100 גרם,false,,5.90,4.7200,true,1,26092
7290005197758,false,עוגיות חיוכים שוקו שוקו 150ג',אפיפית נצרת תעשיות ב,IL,חיוכים של שוקו,גרמים,150.00,100 גרם,false,,6.50,4.3333,true,1,68977
7290005199288,false,גומי מאסט בטעם פטל לימון 28 ג' עלית,"שטראוס גרופ בע""מ",IL,מאסט פטל לימון 28 גר,גרמים,28.00,100 גרם,false,,5.20,18.5714,true,1,25378
7290005199738,false,גומי מאסט בטעם פפרמינט ריח פה נעים פליפטופ 28 ג' עלית,"שטראוס גרופ בע""מ",IL,מאסט ריח פה נעים 28ג,גרמים,28.00,100 גרם,false,,5.20,18.5714,true,1,25383
7290005200786,false,תפוצ'יפס שמנת ובצל 50 גרם,"שטראוס פריטו ליי בע""",IL,תפוציפס שמנת ובצל 50,גרמים,50.00,100 גרם,false,,4.90,9.8000,true,1,26628
7290005201882,false,קפה טורקי עלית 200 גרם,הנסיך- מפעל לייצור ט,IL,טורקי עלית 200 גר',גרמים,200.00,100 גרם,false,,18.90,9.4500,true,1,25389
7290005287206,false,טונה סטארקיסט בשמן רביעיות 4*160 גר,"סטארקיסט פודור בע""מ",IL,טונה בשמן סטארקיסט ר,גרמים,640.00,100 גרם,false,,25.90,4.0469,true,1,29734
7290005287251,false,טונה סטארקיסט במים רביעיות 4*160 גר,"סטארקיסט פודור בע""מ",IL,טונה במים סטארקיסט ר,גרמים,640.00,100 גרם,false,,25.90,4.0469,true,1,29737
7290005296246,false,"פותח סתימות דריין אאוט 946 מ""ל יעקבי",יוליניבר,US,יעקבי פותח סתימות אק,מיליליטרים,946.00,"100 מ""ל",false,,31.90,3.3721,true,1,13390
7290005403972,false,תחתיות ארטישוק 400 ג,,,תחתיות ארטישוק 400 ג,גרמים,400.00,100 גרם,false,,17.90,4.4750,true,1,111079
7290005423420,false,משמיד עש מבושם 2 יח,טרופיקל דגיל תעשיות,BG,משמיד עש מבושם,יחידה,0.00,יחידה,false,,23.90,0.0000,true,1,33329
7290005425110,false,"סנו מתז לחיטוי משטיחים 750 מ""ל","סנו מפעלי ברונוס בע""",IL,מתז מחטא ומשמיד 99.9,מיליליטרים,750.00,"100 מ""ל",false,,16.90,2.2533,true,1,139808
7290005430671,false,סנו פוליויקס 2 ליטר +קרמיקה,סנו מפעלי ברונו בעמ,IL,סנו פוליווקס קרמיקה,ליטרים,2.00,ליטר,false,,26.00,13.0000,true,1,33447
7290005431883,false,עדן מלבי חלבי 165 גר,עדן קינוחים Eden,IL,עדן מלבי חלבי 165 גר,גרמים,165.00,100 גרם,false,,8.20,4.9697,true,1,204997
7290005431920,false,עוגת גבינה פירורים ללא תוספת סוכר,עדן קינוחים Eden,IL,עדן עוגת גבינה פירור,גרמים,78.00,100 גרם,false,,8.20,10.5128,true,1,205001
7290005591761,false,דבש טהור מפרחי בר בלחיץ 400 ג' יד מרדכי,מכוורת יד מרדכי שטרא,IL,דבש טהור מפרחי בר בל,גרמים,400.00,100 גרם,false,,27.90,6.9750,true,1,25390
7290005838002,false,מעדן גבינה ויוגורט בטעם וניל 88 ג' דניאלה,"שטראוס בריאות בע""מ",IL,דניאלה מעדן גבינה 15,מיליליטרים,150.00,"100 מ""ל",false,,4.50,3.0000,true,1,26094
7290005838613,false,שטראוס גבינת וניל 3% 125ג,"שטראוס בריאות בע""מ",IL,גבינה וניל 3% סקי 12,גרמים,125.00,100 גרם,false,,4.10,3.2800,true,1,26095
7290005839078,false,"דנונה יוגורט ביו 3% לבן מארז 150X8מ""ל",מיוצר עי קונדיטוריית,IL,דנונה ביו מארז חסכון,קילוגרמים,1.20,"ק""ג",false,,18.90,15.7500,true,1,26097
7290005839108,false,גבינה לבנה סימפוניה עם תוספות 200 ג'+זיתים 5%,"שטראוס בריאות בע""מ",IL,סימפוניה עם זיתים 5%,גרמים,200.00,100 גרם,false,,12.90,6.4500,true,1,26098
7290005839313,false,"מילקי טופ שוקולד מגולגל 170 מ""ל",מיוצר עי קונדיטוריית,IL,מילקי טופ מגולגלת 14,מיליליטרים,142.00,"100 מ""ל",false,,5.20,3.6620,true,1,26099
7290005896460,false,"בירה איגל לאגר חזקה 7.8% 500 מ""ל פחית",טמפו,IL,איגל בירה חזקה 7.8%,מיליליטרים,500.00,"100 מ""ל",false,,6.90,1.3800,true,1,118354
7290005896620,false,מים מוגז ' סאן בנדטו ' יחידה,אקווה מינרלה סאן בנד,IT,סאן בנדטו מים מינרלי,ליטרים,1.50,ליטר,false,,5.50,3.6667,true,1,11532
7290005896637,false,מים סן בנדטו בודד 1.5 ליטר-,אקווה מינרלה סאן בנד,IT,סאן בנדטו 1.5 ליטר,ליטרים,1.50,ליטר,false,,4.50,3.0000,true,1,11533
7290005992575,false,בולגרית למריחה 5% 250 גרם - רבנות,מחלבות גד בעמ,IL,גד בולגרית למריחה 5%,גרמים,250.00,100 גרם,false,,20.20,8.0800,true,1,16765
7290006065599,false,פילה בקלה מרלוזה ארג,,,פילה בקלה מרלוזה ארג,קילוגרמים,1.00,"ק""ג",true,,37.90,37.9000,true,1,333686
7290006185501,false,"פנינה רוזנבלום -אל סבון נוזלי ורוד,1 ליטר",סאסא קוסמטיקס,IL,אל סבון נוזלי ורוד פ,יחידה,0.00,יחידה,false,,10.90,0.0000,true,1,21729
7290006199218,false,מאגדת גלידל אייס מוקה 8 יח דיאט,הגלידות של פלדמן,IL,גלידל מאגדת בטעם איי,גרמים,400.00,100 גרם,false,,34.90,8.7250,true,1,40934
7290006229427,false,שישיית מים מינרלים סאן בנדטו 500 מל,טמפו 7.5%,,"סאן בנדטו 6*500 מ""ל",ליטרים,3.00,ליטר,false,,13.90,4.6333,true,1,11539
7290006229588,false,בירה איגל לאגר פרימיום חזקה 6.3% 500 מל,"טמפו משקאות בע""מ",IL,איגל בירה פחית זהב 5,מיליליטרים,500.00,"100 מ""ל",false,,6.90,1.3800,true,1,124440
7290006241511,false,"פריגת קפוא לימון נענע 280 מ""ל",היינץ צפון אמריקה מק,IL,קפוא לימון נענע 340,גרמים,340.00,100 גרם,false,,14.90,4.3824,true,1,8481
7290006251275,false,תה ירוק סיני 25 שקיקים של 1.5 ג,HIQ FOOD PRODUCTS,IL,תה ירוק סיני,גרמים,37.50,100 גרם,false,,26.90,71.7333,true,1,27395
7290006251589,false,תה ירוק עם עלי נענע 50 שקיקים ויסוצקי,בית ויסוצקי,IL,תה ירוק עם עלי נענע,גרמים,75.00,100 גרם,false,,49.50,66.0000,true,1,27399
7290006256089,false,גאטו נגרו קברנה סובי,יושלם,AR,גאטו נגרו קברנה סובי,מיליליטרים,750.00,"100 מ""ל",false,,42.90,5.7200,true,1,9324
7290006265548,false,נבטים סינים מרינה ארוז 360ג',"מרינה פטריות הגליל בע""מ",IL,נבטים סינים,יח',1.00,יח',false,,7.90,7.9000,true,1,2836
7290006271655,false,מיני בורקס גבינה מוזל מעדנות,מיוצר עי קונדיטוריית,IL,מיני בורקס גבינה 800,גרמים,800.00,100 גרם,false,,28.90,3.6125,true,1,69964
7290006272072,false,חטיפי פיצה בשקית מעדנות 650ג',"מעדנות בע""מ",IL,חטיפי פיצה מעדנות 65,גרמים,650.00,100 גרם,false,,38.90,5.9846,true,1,120480
7290006342065,false,בוטנים קלויים 200 ג ששון הקולה,,,בוטנים קלויים 200 ג,גרמים,200.00,100 גרם,false,,8.90,4.4500,true,1,6561
7290006342072,false,גרעין לבן 200 גרם ששון הקולה,"דין שיווק וקלייה בע""",IL,גרעין לבן 200 גרם,גרמים,200.00,100 גרם,false,,10.90,5.4500,true,1,6562
7290006374738,false,קונפיטורת יד מרדכי תות 340 גרם,אף.סי תבליני בגליל ב,IL,קונפיטורת תות יד מור,גרמים,340.00,100 גרם,false,,14.90,4.3824,true,1,25397
7290006449955,false,מלפפון בייבי מארז,"מרינה פטריות הגליל בע""מ",IL,מלפפון בייבי,יח',1.00,יח',false,,9.90,9.9000,true,1,331458
7290006492432,false,גבינת מוצרלה בייבי 18% 300 ג' גד,מחלבות גד בעמ,IL,גד בייבי מוצרלה 150ג,גרמים,170.00,100 גרם,false,,17.00,10.0000,true,1,16768
7290006511157,false,"פטריות שלמות ויליפוד 400 גרם בד""ץ",אוקצ'מפס אס.איי אויי,PL,פטריות שלמות שמפיניו,גרמים,230.00,100 גרם,false,,8.50,3.6957,true,1,4874
7290006511751,false,פטריות שמפניון חתוך ויליפוד 290X3 ג' בד”צ,לוטס,NL,פטריות חתוכות ויליפו,גרמים,870.00,100 גרם,false,,13.00,1.4943,true,1,4877
7290006652027,false,מארז במבה יום הולדת 15X20 גרם,מיוצר עי קונדיטוריית,IL,במבה יום הולדת מאח.1,גרמים,300.00,100 גרם,false,,26.90,8.9667,true,1,22626
7290006653765,false,פסטה פרפקטו פטוציני 500ג' אסם,פסטה זארה,IL,פטוציני פרפקטו 500 ג,גרמים,500.00,100 גרם,false,,7.90,1.5800,true,1,119269
7290006653819,false,פתיתי קוסקוס דק 350 גרם,"מיוצר ע""י קוד יצרן K",IL,קוסקוס דק בשקית אסם,גרמים,350.00,100 גרם,false,,8.90,2.5429,true,1,22629
7290006664051,false,"אקטימל לבן מארז 100X14 מ""ל",מיוצר עי קונדיטוריית,IL,אקטימל טבעי 14*100מל,ליטרים,1.40,ליטר,false,,33.90,24.2143,true,1,26105
7290006664310,false,גבינה לבנה 3% שומן 250 ג' שטראוס,מיוצר עי קונדיטוריית,IL,גבינה 3% סקי 250 גרם,גרמים,250.00,100 גרם,false,,5.10,2.0400,true,1,26108
7290006664402,false,גבינה 5% שומן 750 ג' שטראוס,מיוצר עי קונדיטוריית,IL,שטראוס גבינה 5% 750ג,גרמים,750.00,100 גרם,false,,14.25,1.9000,true,1,26110
7290006664532,false,יוגורט עם תות 3% שומן 150 ג' דנונה,מיוצר עי קונדיטוריית,IL,דנונה תות 3% 150מל,גרמים,150.00,100 גרם,false,,4.10,2.7333,true,1,26111
7290006664693,false,יוגורט עם אפרסק 3% שומן 150 ג' דנונה,מיוצר עי קונדיטוריית,IL,דנונה אפרסק 3% 150מל,גרמים,150.00,100 גרם,false,,4.10,2.7333,true,1,26114
7290006704511,false,"תפו""א גמדי אדום למיקרו מרינה 750ג'","מרינה פטריות הגליל בע""מ",IL,תפוא ננסי מיקרוגל,גרמים,750.00,100 גרם,false,,7.90,1.0533,true,1,2855
7290006739131,false,בצק גולמי פילו זוגלובק 500ג',מאפיית אריאל,IL,זוגלובק בצק פילו 500,גרמים,500.00,100 גרם,false,,18.90,3.7800,true,1,70304
7290006739292,false,נקניק פסטרמה פרגיות ציפוי תירס,,,פסטרמה תבור 330גר,גרמים,330.00,100 גרם,false,,35.90,10.8788,true,1,44030
7290006739346,false,נקניקיות פרגיות טרי 400 גרם זוגלובק,זוגלובק,IL,נקניקיות פרגיות טרי,גרמים,400.00,100 גרם,false,,20.90,5.2250,true,1,44031
7290006739421,false,סלמי מעושן איטלקי 300 ג' זוגלובק,זוגלובק,IL,סלמי מעושן איטלקי ז,גרמים,300.00,100 גרם,false,,34.90,11.6333,true,1,44035
7290006739445,false,שניצל תירס קלאסי 750 ג' זוגלובק,זוגלובק,IL,שניצל תירס קלאסי 750,גרמים,750.00,100 גרם,false,,29.90,3.9867,true,1,44036
7290006764072,false,"גולדסטאר בירה בק חוזר 500 מ""ל","טמפו משקאות בע""מ",IL,גולדסטאר בירה בק חוז,מיליליטרים,500.00,"100 מ""ל",false,,7.90,1.5800,true,1,11542
7290006764096,false,"בירה איגל 500 מ""ל 3.8% בקבוק חוזר","טמפו משקאות בע""מ",IL,בירה איגל בקבוק 500,מיליליטרים,500.00,"100 מ""ל",false,,8.50,1.7000,true,1,92820
7290006784865,false,סנט מוריץ לניקוי משטחי מטבחים מרוכז ועוצמתי 1ל',קומפלקס כימיקלים,IL,ניקוי משטחי מטבח סנט,ליטרים,1.00,ליטר,false,,12.90,12.9000,true,1,138064
7290006788436,false,"קרליין - נושם פיור דאודורנט רול און לאישה ורוד 75 מ""ל",משווק: קוסמופארם בעמ,IL,דאו' רולאון נושם פיו,גרמים,75.00,100 גרם,false,,14.90,19.8667,true,1,33487
7290006805355,false,תערובת להכנת כדורי שוקולד פילסברי 500ג',הדקלאים אגודת שיתופי,IL,תערובת כדורי שוקולד,גרמים,500.00,100 גרם,false,,19.90,3.9800,true,1,67615
7290006805850,false,תערובת להכנת פנקייק פילסבורי 500 גר,הדקלאים אגודת שיתופי,IL,תערובת להכנת פנקייקס,גרמים,500.00,100 גרם,false,,19.90,3.9800,true,1,118669
7290006866363,false,אשכוליות אדומות טבעי סחוט 1 ל פרימור,"גניר (1992) בע""מ",IL,פרימור מיץ אשכולית א,ליטרים,1.00,ליטר,false,,17.20,17.2000,true,1,26118
7290006908377,false,שקד טבעי 150 גר` פיצ,,,שקד טבעי 150 גר` פיצ,גרמים,150.00,100 גרם,false,,17.90,11.9333,true,1,127939
7290006983176,false,אוסם - לחמית שיפון 250 גרם,"אסם השקעות בע""מ",IL,לחמית שיפון אסם 250,גרמים,230.00,100 גרם,false,,9.90,4.3043,true,1,22633
7290006983763,false,עוגת הבית שוקולד 400 גרם אסם.,מיוצר עי קונדיטוריית,IL,עוגת הבית שוקולד 400,גרמים,400.00,100 גרם,false,,15.90,3.9750,true,1,22637
7290006983794,false,עוגת הבית תפוז 400 ג' אסם,מיוצר עי קונדיטוריית,IL,עוגת הבית תפוז 400גר,גרמים,400.00,100 גרם,false,,15.90,3.9750,true,1,22640
7290008104050,false,"פמינה - שטיפה אינטימית קלאסית 220 מ""ל",כצט נוביס סעמ,IL,סבון שטיפה אינטימית,מיליליטרים,220.00,"100 מ""ל",false,,26.90,12.2273,true,1,5743
7290008175210,false,גבינת פרמזן מגורדת 90ג' ויליפוד,זנטי אס.איי.,IT,וילי פוד פרמזן מגורד,גרמים,90.00,100 גרם,false,,18.90,21.0000,true,1,4879
7290008268288,true,מארז תפוח קריפס פינק,,,מארז תפוח קריפס פינק,גרמים,900.00,100 גרם,false,,13.90,1.5444,true,1,521018
7290008268301,false,אוכמניות יחידה,מרינה,IL,אוכמניות,גרמים,120.00,100 גרם,false,,14.90,12.4167,true,1,143900
7290008268455,false,קיווי ישראלי ארוז 4,חקלאי,IL,קיווי ארוז בראשית,יח',1.00,יח',false,,12.90,12.9000,true,1,372917
7290008333115,false,אבקת ג'לטין טהור נטו 28 גרם,ג'ליק פיניור,IL,.ג'לטין טהור 28 גר,גרמים,28.00,100 גרם,false,,11.50,41.0714,true,1,19963
7290008347211,false,אצבעות דג מצופות נטו,אף.סי תבליני בגליל ב,IL,דלידג אצבעות דג 700,גרמים,700.00,100 גרם,false,,28.90,4.1286,true,1,20005
7290008409100,false,אצבעות שניצל בציפוי שומשום מאמא עוף 700 גרם,תנובה גליל שותפות מו,IL,אצבעות שניצל ציפוי ש,גרמים,700.00,100 גרם,false,,40.90,5.8429,true,1,29602
7290008409216,false,מאמא עוף קפוא שניצל דק פריך 700 גרם,תנובה גליל,IL,מאמא עוף קפוא שניצל,גרמים,700.00,100 גרם,false,,45.90,6.5571,true,1,29604
7290008461221,false,סרדינים רוברט בשמן חמניות 115 גרם,"רמירז, מטוסינוס",PT,סרדינים רוברט שמן חמ,גרמים,115.00,100 גרם,false,,7.90,6.8696,true,1,20010
7290008462204,false,חרדל דיזיון מקורי 380 גרם,יוניליבר צרפת,FR,חרדל דיזון מקורי 380,גרמים,380.00,100 גרם,false,,19.90,5.2368,true,1,20013
7290008464130,false,"שישיית בירה גולדסטאר 330 מ""ל UNFILTERED",טמפו,IL,גולדסטאר לא מסונן 6*,ליטרים,1.98,ליטר,false,,46.90,23.6869,true,1,11559
7290008464468,false,"בירה גולדסטאר פחית 500 מ""ל","טמפו משקות בע""מ",IL,"גולדסטאר פחית 500מ""ל",מיליליטרים,500.00,"100 מ""ל",false,,9.90,1.9800,true,1,11570
7290008464475,false,"בירה מכבי פחית 500 מ""ל","טמפו משקאות בע""מ",IL,"מכבי פחית 500מ""ל",מיליליטרים,500.00,"100 מ""ל",false,,8.80,1.7600,true,1,11571
7290008464703,false,"שישיית בקבוקי מכבי 330 מ""ל",טמפו,IL,בירה מכבי מארז 6 *33,ליטרים,1.98,ליטר,false,,36.90,18.6364,true,1,11579
7290008464796,false,"בירה היינקין ח""פ בקבוק 330X6מ""ל",טמפו,IL,"הייניקן בקבוק ח""פ 6*",ליטרים,1.98,ליטר,false,,47.90,24.1919,true,1,67201
7290008644235,false,עלי בייבי 120 גר' שטראוס,שטראוס בריאות ירקות,IL,עלי בייבי 120 ג ירקו,גרמים,120.00,100 גרם,false,,11.50,9.5833,true,1,55931
7290008644945,false,סלט המושבה שטופים שט,שטראוס בריאות ירקות,IL,סלט המושבה 450 ג ירק,גרמים,450.00,100 גרם,false,,14.60,3.2444,true,1,26122
7290008690713,false,פריגת אושן ספריי חמוציות 1ל',מבשלות בירה בינלאומי,IL,אושן ספרי חמוציות 1ל,ליטרים,1.00,ליטר,false,,13.50,13.5000,true,1,9019
7290008693134,false,מעדן גבינה ויוגורט בטעם תות 5% שומן 88 ג' דניאלה,"שטראוס בריאות בע""מ",IL,דניאלה תות מעדן גבינ,מיליליטרים,150.00,"100 מ""ל",false,,4.50,3.0000,true,1,26124
7290008745239,false,תפוציפס אקסטרא טבעי 50 גרם,"שטראוס פריטו ליי בע""",IL,תפוציפס קראנץ טבעי 5,גרמים,50.00,100 גרם,false,,4.90,9.8000,true,1,26631
7290008752244,false,תפוצ'יפס אקסטרא גריל 50 גרם,"שטראוס פריטו ליי בע""",IL,תפוציפס קראנץ גריל 5,גרמים,50.00,100 גרם,false,,4.90,9.8000,true,1,26639
7290008753111,false,תפוציפס קראנצי מקסיקני 50 גרם,"שטראוס פריטו ליי בע""",IL,תפוציפס מקסיקני 50גר,גרמים,50.00,100 גרם,false,,4.90,9.8000,true,1,26641
7290008757034,false,"שוופס סודה זכוכית 250 מ""ל",יפאורה תבורי בעמ,IL,"סודה שוופס 250 מ""ל ב",מיליליטרים,250.00,"100 מ""ל",false,,4.50,1.8000,true,1,13567
7290008757980,false,נקטר ספרינג רימונים קרטונית 1 ל',"יפאורה תבורי בע""מ",IL,ספרינג רימונים 1ל,ליטרים,1.00,ליטר,false,,7.90,7.9000,true,1,13594
7290008775816,false,ערגליות שוקו חדש12*300גרם 2020,מיוצר עי קונדיטוריית,IL,ערגליות שוקולד 300 ג,גרמים,300.00,100 גרם,false,,11.90,3.9667,true,1,22649
7290008775892,false,פסטה פרפקטו לינגוויני (11) 500 גרם,זארה,IT,ספגטי לינגוויני פרפק,גרמים,500.00,100 גרם,false,,7.90,1.5800,true,1,119270
7290008801157,false,מרלו סלקטד כרמל מזרחי 750 מל,יקבי כרמל,IL,יין סלקטד מרלו 750 מ,מיליליטרים,750.00,"100 מ""ל",false,,32.90,4.3867,true,1,516
7290008801539,false,כרמל קינג דיוויד מתוק כרמל 750 מל,אגודת הכורמים הקואופ,IL,יין קונקורד קינג דיו,מיליליטרים,750.00,"100 מ""ל",false,,23.90,3.1867,true,1,523
7290008805520,false,קברנה מרלו אדום יבש 750 מל סלקטד,"כד בני דרום בע""מ",IL,יין סלקטד קברנה סובנ,מיליליטרים,750.00,"100 מ""ל",false,,32.90,4.3867,true,1,549
7290008849753,false,רוטב טריאקי אוליביה 300 גרם,מיוצר עי קונדיטוריית,IL,רוטב טריאקי עשיר אול,מיליליטרים,300.00,"100 מ""ל",false,,15.90,5.3000,true,1,5411
7290008909853,false,קוקה קולה זירו בקבוק 500מל,החברה המרכזית לייצור,IL,קוקה קולה זירו 500 מ,מיליליטרים,500.00,"100 מ""ל",false,,7.90,1.5800,true,1,8509
7290009018004,false,פיקדון בקבוק/פחית בו,,,פיקדון בקבוק/פחית בו,יחידה,0.00,יחידה,false,,0.30,0.0000,true,1,49
7290009018011,false,פיקדון בקבוק/פחיות ש,,,פיקדון בקבוק/פחיות ש,יחידה,0.00,יחידה,false,,1.80,0.0000,true,1,864
7290009018264,false,פיקדון בקבוק/פחית רב,,,פיקדון בקבוק/פחית רב,יחידה,0.00,יחידה,false,,1.20,0.0000,true,1,635
7290009174397,false,כריך א לעובד-כשר לפס,,,כריך עובד מגה,יחידה,0.00,יחידה,false,,1.50,0.0000,true,1,56003
7290010002030,false,כמון טחון 100גרם יורדן,א.ל ייצור ושיווק תבל,IL,מימון כמון במיכל 100,גרמים,100.00,100 גרם,false,,12.90,12.9000,true,1,171
7290010002139,false,פפריקה הונגרית חריפה 100 גרם,,,מימון פפריקה הונגרית,גרמים,100.00,100 גרם,false,,12.90,12.9000,true,1,181
7290010002207,false,מימון קינמון טחון במ,א.ל ייצור ושיווק תבל,IL,מימון קינמון טחון במ,גרמים,100.00,100 גרם,false,,10.50,10.5000,true,1,185
7290010002498,false,מימון שום גבישי 120,א.ל ייצור ושיווק תבל,IL,מימון שום גבישי 120,גרמים,120.00,100 גרם,false,,15.90,13.2500,true,1,206
7290010003709,false,פלפל שחור טחון 50 גרם שקית,TLV צ'יף,IL,מימון פלפל שחור טחון,גרמים,50.00,100 גרם,false,,8.70,17.4000,true,1,218
7290010003778,false,תיבול לגריל עוף שקית 80 גרם,TLV צ'יף,IL,מימון תיבול לגריל עו,גרמים,80.00,100 גרם,false,,6.50,8.1250,true,1,221
7290010003792,false,מלח לימון שקית 100 גרם,א.ל ייצור ושיווק תבל,IL,מימון מלח לימון שקית,גרמים,100.00,100 גרם,false,,6.50,6.5000,true,1,223
7290010045006,false,עוגיות חמאה פריכות 200 גרם לחמי,קונדטוריות לחמי,IL,עוגיות חמאה פריכות ל,גרמים,200.00,100 גרם,false,,19.90,9.9500,true,1,27421
7290010045051,false,עוגיות מלבן שקדים 200 גרם לחמי,קונדטוריות לחמי,IL,עוגיות מלבן שקדים לח,גרמים,200.00,100 גרם,false,,19.90,9.9500,true,1,27424
7290010065349,false,פרינוק גרבר גוניור סלט פירות 190 גר',פרוטה פודווין איי.אס,CZ,מחית פרינוק גוניור ס,גרמים,190.00,100 גרם,false,,6.90,3.6316,true,1,5432
7290010065745,false,ג`וניור פרינוק מחית לפתן פירות 190ג',פרוטה פודווין איי.אס,CZ,פרינוק ג'וניור לפתן,גרמים,190.00,100 גרם,false,,6.90,3.6316,true,1,5440
7290010066025,false,טונה בשמן פילטונה 158גרם,,,טונה בשמן פילטונה 15,גרמים,170.00,100 גרם,false,,6.90,4.0588,true,1,326650
7290010066513,false,נתחי טונה בשמן צמחי רביעיה *158ג' פילטונה,תעשיות פילטונה,IL,נתחי טונה בשמן צמחי,גרמים,632.00,100 גרם,false,,25.90,4.0981,true,1,29673
7290010066575,false,נתחי טונה במים רביעיה *158ג' פילטונה,תעשיות פילטונה,IL,נתחי טונה במים פילטו,גרמים,632.00,100 גרם,false,,25.90,4.0981,true,1,29675
7290010117864,false,דוריטוס בטעם חריף אש 70 גרם,שטראוס פריטו ליי (מל,IL,דוריטוס חריף אש 70 ג,גרמים,70.00,100 גרם,false,,4.70,6.7143,true,1,26651
7290010118328,false,מארז תפוצ'יפס בטעם טבעי,שטראוס פריטו ליי (מל,IL,תפוצ'יפס טבעי 6*40 ג,גרמים,240.00,100 גרם,false,,14.90,6.2083,true,1,26655
7290010129010,false,עוגיות ריבה 600 גרם,קריניציה ויטמינה אס,IL,עוגיות ריבה 600גר,גרמים,600.00,100 גרם,false,,22.90,3.8167,true,1,119504
7290010129027,false,עוגיות מרוקאיות 600 גרם,שיבולים א.ד.ל,IL,עוגיות מרוקאיות 600,גרמים,600.00,100 גרם,false,,22.90,3.8167,true,1,119505
7290010129300,false,עוגיות רייף מרוקאיות 350 גרם,שיבולים א.ד.ל,IL,עוגיות רייף מרוקאיות,גרמים,350.00,100 גרם,false,,19.90,5.6857,true,1,68669
7290010129652,false,עוגיות לקפה דולצ'ה ו,שיבולים א.ד.ל,IL,עוגיות לקפה דולצ'ה ו,גרמים,350.00,100 גרם,false,,19.90,5.6857,true,1,143074
7290010129720,false,עוגיות שמרים קינמון 400 גרם דולצה ויטה,שיבולים א.ד.ל,IL,עוגיות שמרים שניק קי,גרמים,400.00,100 גרם,false,,14.90,3.7250,true,1,143079
7290010129959,false,עוגיות שמרים 400 גרם דולצה ויטה,שיבולים א.ד.ל,IL,עוגיות שמרים רוגלעך,גרמים,400.00,100 גרם,false,,14.90,3.7250,true,1,68676
7290010153503,false,שעועית בובס יבשה מיה 400 גר',"מיה תעשיות מזון בע""מ",IL,שעועית ענק 400 גרם,גרמים,400.00,100 גרם,false,,12.90,3.2250,true,1,17050
7290010153879,false,ריבת חלב מרוכזת בטעם שמנת מיה 400 גר',מיה תעשיות מזון בעמ,IL,ריבת חלב בטעם שמנת 4,גרמים,400.00,100 גרם,false,,13.90,3.4750,true,1,17077
7290010192007,false,פטרוזיליה,,,פטרוזיליה,יח',1.00,יח',false,,4.90,4.9000,true,1,2882
7290010192014,false,שמיר,,,שמיר,יח',1.00,יח',false,,4.90,4.9000,true,1,2883
7290010192021,false,כוסברה ארוז,,,כוסברה,יח',1.00,יח',false,,4.90,4.9000,true,1,2884
7290010192045,false,נענע יחידה,חקלאי,IL,נענע יחידה,יח',1.00,יח',false,,4.90,4.9000,true,1,2886
7290010192052,false,סלרי עלים (אמריקאי),,,סלרי עלים (אמריקאי),יח',1.00,יח',false,,6.90,6.9000,true,1,2887
7290010192083,false,מנגולד ארוז,,,מנגולד ארוז,יח',1.00,יח',false,,6.90,6.9000,true,1,2889
7290010195268,false,פופקורן פופסטאר חמישייה מופחת שומן טבעי,פופ סטאר,US,פופסטאר פופקורן מופח,גרמים,425.00,100 גרם,false,,17.90,4.2118,true,1,66905
7290010237531,false,"פפסי קולה פלסטיק 500 מ""ל","טמפו משקאות בע""ם.",IL,פפסי קולה 500 מ'ל,מיליליטרים,500.00,"100 מ""ל",false,,5.90,1.1800,true,1,11590
7290010237586,false,סבן אפ דיאט פלסטיק 500מל,"טמפו משקאות בע""מ",IL,דיאט סבן אפ 500 מ'ל,מיליליטרים,500.00,"100 מ""ל",false,,5.90,1.1800,true,1,11594
7290010237685,false,"הייניקן בירה צואר ארוך 330מ""ל",טמפו משקאות בע''מ,IL,היינקן בירה צואר ארו,מיליליטרים,330.00,"100 מ""ל",false,,10.90,3.3030,true,1,11598
7290010259823,false,מנת השף מרק עם נודלס טעם עוף בדץ 70ג,נמצ'או(תאילנד) בעמ,TH,נודלס בטעם עוף מנת ה,גרמים,70.00,100 גרם,false,,5.90,8.4286,true,1,4896
7290010259830,false,מרק עם נודלס סיני פיקנטי מנת השף 70 גר,נמצ'או(תאילנד) בעמ,TH,נודלס בטעם סיני פיקנ,גרמים,70.00,100 גרם,false,,5.90,8.4286,true,1,4897
7290010471669,false,יוגורט תות עם קורנפלקס מצופה שוקולד ללא גלוטן 3.9%,"שטראוס בריאות בע""מ",IL,דנונה קראנצ' יוגורט,מיליליטרים,175.00,"100 מ""ל",false,,5.20,2.9714,true,1,26125
7290010690138,false,ברוקולי ארוז במגשית,חקלאי,IL,ברוקולי ארוז,יח',1.00,יח',false,,9.90,9.9000,true,1,2919
7290010718627,false,פנינה - אל סבון נוזלי ירוק 1 ל',סאסא קוסמטיקס,IL,אל סבון נוזלי ירוק פ,יחידה,0.00,יחידה,false,,10.90,0.0000,true,1,21737
7290010814251,false,שלשות שוקולד חלב 85 גר*3 בלמינט*18 בקרט בדצ,כרמית תעשיות ממתקים,IL,שוקולד חלב אגו 3 יח',גרמים,255.00,100 גרם,false,,11.90,4.6667,true,1,43582
7290010931330,false,מטבוחה אחלה 500 גרם,מיוצר עי קונדיטוריית,IL,אחלה מטבוחה 500ג,גרמים,500.00,100 גרם,false,,17.60,3.5200,true,1,26133
7290010945306,false,חלב 3% בקרטון 2 ל' טרה,טרה,IL,טרה חלב בקרטון 3% 2,ליטרים,2.00,ליטר,false,,12.46,6.2300,true,1,8515
7290010945481,false,גבינה לבנה 5% שומן 500 ג' טרה,טרה,IL,טרה גבינה לבנה 5% 50,גרמים,500.00,100 גרם,false,,9.96,1.9920,true,1,8518
7290011017866,false,קוקה קולה קלאסי בפחית,החברה המרכזית לייצור,IL,קוקה קולה פחית סליק,מיליליטרים,330.00,"100 מ""ל",false,,5.70,1.7273,true,1,9078
7290011017873,false,"קוקה קולה זירו פחית 330 מ""ל",החברה המרכזית לייצור,IL,ZERO קולה פחית סליק,מיליליטרים,330.00,"100 מ""ל",false,,5.50,1.6667,true,1,9079
7290011017880,false,דיאט קוקה קולה פחית סליק 330מל,החברה המרכזית לייצור,IL,קולה דיאט פחית סליק,מיליליטרים,330.00,"100 מ""ל",false,,5.50,1.6667,true,1,9080
7290011018443,false,"פנטה אורנג פחית סליק 330 מ""ל",החברה המרכזית לייצור,IL,פאנטה אורנג פחית סלי,מיליליטרים,330.00,"100 מ""ל",false,,5.70,1.7273,true,1,9102
7290011126209,false,תה הגן הקסום תפוח וקינמון - סיידר 25 שקיקים,HIQ FOOD PRODUCTS,IL,תה הגן הקסום תפוח וק,גרמים,55.00,100 גרם,false,,19.90,36.1818,true,1,27429
7290011126452,false,חליטת קמומיל ונענע 25 שקיקים גן קסום,HIQ FOOD PRODUCTS,IL,תה קמומיל ונענע 1.5ג,גרמים,37.50,100 גרם,false,,19.90,53.0667,true,1,27437
7290011131395,false,"מיזלי קראנץ 30% פירות 1 ק""ג",ויטליאה ניקולה דו,MK,מיזלי קראנצ' 30% פיר,קילוגרמים,1.00,"ק""ג",false,,27.90,27.9000,true,1,67749
7290011132309,false,BLACK ROASTשישיית בירה גולדסטאר 330 מל,,,בירה גולדסטאר Black,ליטרים,1.98,ליטר,false,,46.90,23.6869,true,1,444971
7290011148911,false,פלפלים מתוקים טינקרב,קוליוס,IL,פלפלים מתוקים טינקרב,גרמים,300.00,100 גרם,false,,9.90,3.3000,true,1,2945
7290011194215,false,מעדן גבינה ויוגורט בטעם בננה 5% שומן 88 ג' דניאלה,"שטראוס בריאות בע""מ",IL,"דניאלה בננה 150 מ""ל",מיליליטרים,150.00,"100 מ""ל",false,,4.50,3.0000,true,1,26134
7290011194246,false,קוטג שטראוס 5% עם סידן 250ג,מיוצר עי קונדיטוריית,IL,קוטג שטראוס 5% עם סי,גרמים,250.00,100 גרם,false,,6.20,2.4800,true,1,26135
7290011249748,false,רולים גלילי ופל במילוי קרם שוקולד 100 ג' עלמה,"גילרו בע""מ",IL,גילרו רולים שוקו 100,גרמים,100.00,100 גרם,false,,5.40,5.4000,true,1,121012
7290011254018,false,שעועית מש מיה 500 גר',"מיה תעשיות מזון בע""מ",IL,שעועית מש 500 גרם,גרמים,500.00,100 גרם,false,,10.90,2.1800,true,1,17083
7290011254728,false,ג'לטין טהור 25גרם בקרטונית,"מיה תעשיות מזון בע""מ",IL,ג'לטין טהור 25 גר' ב,גרמים,25.00,100 גרם,false,,11.60,46.4000,true,1,17128
7290011254773,false,שעועית ארגנטינאית יבשה מיה 500 גר',"מיה תעשיות מזון בע""מ",IL,שעועית ארגנטינאית 50,גרמים,500.00,100 גרם,false,,12.90,2.5800,true,1,17132
7290011378028,false,חלבה קלאסית בטעם וניל ללא תוספת סוכר,רושדי תעשיות מזון בע,IL,בארכה חלבה וניל ללא,גרמים,350.00,100 גרם,false,,16.90,4.8286,true,1,22659
7290011379018,false,מארז משפחתי שמפיניון 500 ג' מרינה,מרינה פטריות,IL,פטריות צמד חמד,גרמים,500.00,100 גרם,false,,16.90,3.3800,true,1,2949
7290011438142,false,"משקה יטבתה אייס קפה בבקבוק אישי 350 מ""ל",שטראוס גרופ,IL,יטבתה אייס קפה בבקבו,מיליליטרים,350.00,"100 מ""ל",false,,6.90,1.9714,true,1,26141
7290011499051,false,פטה כבשים מסורתית 20% בגביע 250 גרם - רובין,MKN עבור מחלבות גד ב,IL,גד פטה כבשים גביע 20,גרמים,250.00,100 גרם,false,,31.20,12.4800,true,1,16776
7290011499105,false,בולגרית מסורתית 5% 250 גרם -רבנות,ג'נרל מילס סאן אדריא,IL,גד בולגרית 5% 250ג,גרמים,250.00,100 גרם,false,,25.60,10.2400,true,1,16777
7290011499112,false,בולגרית מסורתית 16% 250 גרם - רבנות,"מיוצר ע""י dsh",IL,גד בולגרית 16% 250ג,גרמים,250.00,100 גרם,false,,25.60,10.2400,true,1,16778
7290011499129,false,בולגרית מעודנת קוביות קטנות 5% 200 גרם - רבנות,קוד יצרן DSH,IL,גד בולגרית מעודנת קו,גרמים,200.00,100 גרם,false,,26.60,13.3000,true,1,16779
7290011499341,false,קשקבל בוואקום 26% 200 גרם - רבנות,הנסיך- מפעל לייצור ט,IL,קשקבל מחלבות גד 200,גרמים,250.00,100 גרם,false,,39.10,15.6400,true,1,16787
7290011499358,false,פטה עיזים מסורתית 20% בגביע 200 גרם - רובין,מיוצר על ידי קוד יצר,IL,גד פטה עיזים 20% 200,גרמים,200.00,100 גרם,false,,32.00,16.0000,true,1,16788
7290011499365,false,גבינה חלומי נענע גד,"מחלבות גד בע""מ",IL,גד חלומי 24% 200ג,גרמים,200.00,100 גרם,false,,24.50,12.2500,true,1,16789
7290011499419,false,גבינה במרקם שמנת בטעם טבעי 5% ניו יורק,מחלבות גד,IL,גבינה במרקם שמנת 5%,גרמים,200.00,100 גרם,false,,12.90,6.4500,true,1,116283
7290011499624,false,שמנת 30% ניו יורק טבעי 200 גרם רבנות,מחלבות גד,IL,גד ניו יורק גבינת שמ,גרמים,200.00,100 גרם,false,,15.20,7.6000,true,1,16795
7290011499846,false,גבינת ריקוטה פרסקה 9% 300 ג' גד,מחלבות גד בעמ,IL,גד ריקוטה פרסקה 5% 3,גרמים,300.00,100 גרם,false,,20.50,6.8333,true,1,16808
7290011515911,false,שלגונים מופחתי קלוריות בטעם ריבת חלב - 6 יח',גלידות נסטלה (נגה גל,IL,מאגדת לייט ריבת חלב,גרמים,312.00,100 גרם,false,,33.90,10.8654,true,1,18321
7290011525712,false,"קמיל בלו סנסיטיב אל סבון לפני השינה, 1 ליטר","ד""ר פישר Dr fischer",IL,קמיל בלו סנסיטיב לפנ,יחידה,0.00,יחידה,false,,34.90,0.0000,true,1,32621
7290011553883,false,פרורים מוזהבים שקית,,,פרורים מוזהבים שקית,גרמים,800.00,100 גרם,false,,12.90,1.6125,true,1,510994
7290011570507,false,"קמח נטול גלוטן כרגיל 1 ק""ג",אשבל -מזון פונקציונל,IL,קמח נטול גלוטן כרגיל,גרמים,450.00,100 גרם,false,,20.90,4.6444,true,1,27697
7290011593087,false,"שמן זית כתית מעולה 750 מ""ל סבא חביב",סאן אויל עיבוד ושיוו,IL,סבא חביב שמן זית כתי,מיליליטרים,750.00,"100 מ""ל",false,,33.90,4.5200,true,1,52953
7290011607180,false,"אבקת כביסה קולון 101 1.25 ק""ג",ריקט בנקיזר ( ניר אי,IL,"קולון 101 1.25 ק""ג",קילוגרמים,1.25,"ק""ג",false,,16.90,13.5200,true,1,24174
7290011615260,false,"טורטייה 20 ס""מ קוטר וילי פוד 540 גר",מוטלוקל גידה סאנאי ט,TR,"עלי טורטיה בד""ץ וילי",גרמים,540.00,100 גרם,false,,8.90,1.6481,true,1,117775
7290011668570,false,גרנולה פירות יבשים ללא תוספת סוכר,בריא מהטבע פנינה רוזנבלום,IL,חגיגת גרנולה פירות י,גרמים,500.00,100 גרם,false,,28.90,5.7800,true,1,119148
7290011723200,false,טחינה הר ברכה 100% שומשום טהור 500 גר,הר ברכה תעשיות,IL,טחינה הר ברכה טחינה,גרמים,500.00,100 גרם,false,,21.90,4.3800,true,1,78876
7290011860271,false,ביסבול כדורי פירה בציפוי פריך,"תעשיות תפוגן בע""מ",IL,תפוגן ביס בול טבעי 7,גרמים,700.00,100 גרם,false,,18.90,2.7000,true,1,23445
7290011877156,false,"מבשם אוויר, בגדים וארונות פרש בניחוח מאסק",מיוצר עי קונדיטוריית,IL,סנו פרש ענק מאסק 375,מיליליטרים,375.00,"100 מ""ל",false,,11.90,3.1733,true,1,114484
7290011931162,false,סוכרלייט ממתיק נוזלי על בסיס סוכרלוז,אף.סי תבליני בגליל ב,IL,סוכרלייט נוזלי 220מל,מיליליטרים,220.00,"100 מ""ל",false,,31.90,14.5000,true,1,25445
7290011947316,false,זיתא זיתי קלמטה בשמן זית כתית מעולה 215ג,זיתא - י.ט.ב תעשיות,IL,זיתי קלמטה זיתא 215,גרמים,215.00,100 גרם,false,,15.90,7.3953,true,1,27454
7290011947798,false,זית קלמטה ללא גלעין עם שמן זית כתית 190 ג',זיתא - י.ט.ב תעשיות,IL,זית קלמטה ללא גלעין,גרמים,190.00,100 גרם,false,,16.90,8.8947,true,1,283353
7290012019258,false,מחית תפוחי עץ רביעיה 4 * 113 ג' תומר,Cherry growers inc,US,"רסק תפו""ע מחית תפוחי",גרמים,452.00,100 גרם,false,,11.90,2.6327,true,1,27747
7290012019265,false,"רסק תפוֿֿֿֿ""ע פלסטיק דיאט 4יח'12X",Cherry growers inc,US,"מחית תפו""ע ללא סוכר",גרמים,452.00,100 גרם,false,,11.90,2.6327,true,1,27748
7290012086113,false,עגבניות שרי צימן קופסא 500ג',מרינה,IL,עגבניות שרי,גרמים,500.00,100 גרם,false,,9.90,1.9800,true,1,2954
7290012117091,false,אבקת -כביסה סנו מקסימה סנסיטיב 6 קג,סנו מקסימה,IL,אבקת כביסה סנו מקסימ,קילוגרמים,6.00,"ק""ג",false,,51.90,8.6500,true,1,33805
7290012117275,false,נוזל רב תכליתי לניקוי ולהברקה מילוי,טרופיקל דגיל תעשיות,IL,סנוקליר שקית מילוי 7,מיליליטרים,750.00,"100 מ""ל",false,,7.90,1.0533,true,1,33806
7290012117534,false,סנו - מקסימה מרכך כביסה מרוכז קול 1 ליטר,"סנו מפעלי ברונוס בע""",IL,סנו מקסימה מרכך קומפ,יחידה,0.00,יחידה,false,,18.90,0.0000,true,1,33816
7290012117558,false,מרכך כביסה קומפקט מאסק ורוד סנו מקסימה 1 ל',"סנו מפעלי ברונוס בע""",IL,סנו מקסימה מרכך קומפ,יחידה,0.00,יחידה,false,,18.90,0.0000,true,1,33818
7290012117565,false,כפפות לטקס 100 יח' - S סנו סושי,סנו סושי,IL,סנו סושי 100 כפפות ל,יחידה,0.00,יחידה,false,,46.90,0.0000,true,1,33819
7290012117572,false,כפפות לטקס 100 יח' - M סנו סושי,סנו סושי,TH,M סנו סושי כפפות לטק,יחידה,0.00,יחידה,false,,46.90,0.0000,true,1,33820
7290012191053,true,המנגליסט גפרור ארוך,,,המנגליסט גפרור ארוך,יחידה,0.00,יחידה,false,,5.90,0.0000,true,1,303411
7290012191084,false,המנגליסט גפרורים עשי,,IN,המנגליסט גפרורים עשי,יחידה,0.00,יחידה,false,,3.90,0.0000,true,1,9756
7290012226120,false,מב זוגלובק קבנוס 135,זוגלובק,IL,זוגלובק קבנוס 135ג.,גרמים,135.00,100 גרם,false,,13.90,10.2963,true,1,44073
7290012227912,false,קבנוס עודן 135 ג' זוגלובק,זוגלובק,IL,קבנוס מעודן זוגלובק,גרמים,135.00,100 גרם,false,,13.90,10.2963,true,1,44124
7290012227981,false,פסטרמה דק דק ברביקיו 120 ג' זוגלובק,זוגלובק,IL,פסטרמה ברביקיו זוגלו,גרמים,120.00,100 גרם,false,,15.90,13.2500,true,1,108383
7290012227998,false,פסטרמה דק דק חזה בקר 120 ג' זוגלובק,זוגלובק,IL,זוגלובק חזה בקר 12,גרמים,120.00,100 גרם,false,,15.90,13.2500,true,1,108390
7290012228261,false,נקנקיות קנקרס הודו ועוף ריינהולד'ס זוגלובק 300 ג',זוגלובק,IL,נקנקיות הודו קנקרס ר,גרמים,300.00,100 גרם,false,,22.90,7.6333,true,1,63341
7290012228278,false,נקנקיות בוקוורסט עוף ובקר ריינהולד'ס 310 ג' זוגלובק,זוגלובק,IL,נקנקיות בוקוורסט הוד,גרמים,300.00,100 גרם,false,,22.90,7.6333,true,1,63337
7290012228704,false,"ריינהולדס נקניקיות סוסג' ספרדית חריפה, 310 ג'",זוגלובק,IL,נקניקיות סוסג' ספרדי,גרמים,310.00,100 גרם,false,,22.90,7.3871,true,1,137375
7290012372209,false,"קמח חיטה לבן 1 ק""ג רובינפלד",,,קמח חיטה לבן מנופה ר,קילוגרמים,1.00,"ק""ג",false,,8.90,8.9000,true,1,421914
7290012404146,false,שוופס פרוטס תפוחים 1,,,שוופס פרוטס תפוחים 1,ליטרים,1.50,ליטר,false,,9.20,6.1333,true,1,13631
7290012404238,false,שוופס ראשן בקבוק 1.5,"כד בני דרום בע""מ",IL,שוופס ראשן 1.5 ליטר,ליטרים,1.50,ליטר,false,,12.60,8.4000,true,1,13637
7290012803055,false,סוכרלוז מרמולייט- 100שקיות אישיות,תות ממתקי איכות,IL,מרמולייט סוכרלוז 100,גרמים,100.00,100 גרם,false,,28.90,28.9000,true,1,7878
7290012803215,false,וופל בלגי בטעם שוקולד ללא תוספת סוכר,בטר אנד דיפרנט,IL,טוסו וופל בלגי שוקול,גרמים,200.00,100 גרם,false,,11.90,5.9500,true,1,7882
7290012803765,false,טבלאת שוקולד מריר 100 גרם -טוסו,אלטינמארקה גידה סאן,TR,טוסו שוקלד מריר 100ג,גרמים,100.00,100 גרם,false,,12.90,12.9000,true,1,7902
7290012803789,false,שוקולד מריר עם אגוזים ללא תוספת סוכר,האי נאם סי או אל.טי.,TR,טוסו שוקלד מריר ואגו,גרמים,100.00,100 גרם,false,,12.90,12.9000,true,1,7904
7290012823251,false,אל סבון כיף יסמין לבנדר 1 ליטר,קוסמופארם,IL,אל סבון יסמין לבנדר,ליטרים,1.00,ליטר,false,,14.90,14.9000,true,1,33862
7290012884986,false,תפוגן ציפס לתנור עד 4% שומן 1.5 קג,"תעשיות תפוגן בע""מ",IL,תפוגן ציפס לתנור עד,קילוגרמים,1.50,"ק""ג",false,,31.90,21.2667,true,1,23462
7290012901355,false,דודלס ארוחת אטריות עם גבינה 206 גרם,האי נאם סי או אל.טי.,US,דודלס ארוחת איטריות,גרמים,206.00,100 גרם,false,,11.90,5.7767,true,1,70161
7290012936944,false,תבלינים אגוז מוסקט טחון 40 גרם,,,מימון אגוז מוסקט טחו,גרמים,40.00,100 גרם,false,,15.90,39.7500,true,1,281
7290013027399,false,לחם קמח מלא קל בתוספת שיפון 750 ג' אנג'ל,מאפיית שלמה א. אנג'ל,IL,לחם 100 בתוספת שיפון,גרמים,750.00,100 גרם,false,,15.90,2.1200,true,1,69903
7290013117229,false,"בורקס פילו במילוי תפו""א מעדנות 600 גר",מיוצר עי קונדיטוריית,IL,בורקס פילו תפוא מעדנ,גרמים,600.00,100 גרם,false,,24.90,4.1500,true,1,40302
7290013144140,false,תערובת להכנת סופגניות מימונס 600 ג',מיוצר עי קונדיטוריית,IL,מימונס תערובת לסופגנ,גרמים,600.00,100 גרם,false,,17.90,2.9833,true,1,118885
7290013144171,false,תערובת עוגת שוקולד מימונס 560 ג',מיוצר עי קונדיטוריית,IL,תערובת עוגת שוקולד 5,גרמים,560.00,100 גרם,false,,17.90,3.1964,true,1,67881
7290013144270,false,קרם פטיסייר מימונס 100 ג',מיוצר עי קונדיטוריית,IL,קרם פטיסייר 100 גרם,גרמים,100.00,100 גרם,false,,10.90,10.9000,true,1,17561
7290013144768,false,סירופ בטעם שוקולד מימונס 500ג',מימונס אפיה,IL,מימונס סירופ בטעם שו,מיליליטרים,500.00,"100 מ""ל",false,,14.90,2.9800,true,1,114426
7290013145178,false,קוקוס טחון לבן מימונס 100 ג',מימונס אפיה,IL,קוקוס טחון לבן 100 ג,גרמים,100.00,100 גרם,false,,5.90,5.9000,true,1,17599
7290013145192,false,שומשום מימונס 100 ג',מימונס אפיה,IL,שומשום 100גר,גרמים,100.00,100 גרם,false,,6.90,6.9000,true,1,17600
7290013145840,false,סוכר וניל מימונס 10* 10 ג',מיוצר עי קונדיטוריית,IL,מימונס סוכר וניל 10*,גרמים,100.00,100 גרם,false,,3.50,3.5000,true,1,114428
7290013145857,false,אבקת אפייה 10 יח' בצלופן,מימונס אפיה,IL,אבקת אפיה 10* 10 גרם,גרמים,100.00,100 גרם,false,,3.50,3.5000,true,1,114429
7290013145864,false,ג'לטין טהור מימונס 28 ג',א.ל ייצור ושיווק תבל,IL,מימונס ג`לטין טהור א,גרמים,28.00,100 גרם,false,,12.90,46.0714,true,1,17633
7290013145901,false,סודה לשתיה מימונס 100 ג',מימונס אפיה,IL,סודה לשתיה 100 גרם,גרמים,100.00,100 גרם,false,,2.90,2.9000,true,1,17635
7290013145970,false,קורנפלור מימונס בשקית 200 ג',א.ל ייצור ושיווק תבל,IL,מימונס קורנפלור 200,גרמים,200.00,100 גרם,false,,4.90,2.4500,true,1,17641
7290013146762,false,מימונס קצפת 24% 200 גרם,,IL,קצפת לזילוף 24% שומן,גרמים,500.00,100 גרם,false,,8.90,1.7800,true,1,355348
7290013153418,false,פריגת סחוט לימונענע 1ל',פריגת מצוננים,IL,פריגת מצונן סחוט לימ,יחידה,0.00,יחידה,false,,16.90,0.0000,true,1,8546
7290013203182,false,שרי מנומר -ליקופן,,,שרי מנומר -ליקופן,גרמים,200.00,100 גרם,false,,10.90,5.4500,true,1,2972
7290013220929,false,אוכמניות כחולות קפוא,א.צלוביץ,PL,אוכמנית כחולות 400,גרמים,400.00,100 גרם,false,,24.90,6.2250,true,1,51898
7290013267665,false,מאגדת מיני סולרו פירות טרופי 6 יח' 354 ג',"מיוצר ע""י גלידת שטרא",IL,סולרו מאגדת מיני *,גרמים,354.00,100 גרם,false,,28.90,8.1638,true,1,6155
7290013268020,false,סנו - מקסימה מרכך כביסה מרוכז אולטרה פרש 1 ליטר,"סנו מפעלי ברונוס בע""",IL,סנו מקסימה אולטרא פר,יחידה,0.00,יחידה,false,,18.90,0.0000,true,1,33891
7290013268884,false,סנו ריצפז פרש 2 ליטר מאסק,מיוצר עי קונדיטוריית,IL,ריצפז פרש מאסק 2 ליט,ליטרים,2.00,ליטר,false,,19.90,9.9500,true,1,33927
7290013268891,false,מסיר כתמים ג'ל אוקסיג'ן ללא אקונומיקה,"סנו מפעלי ברונוס בע""",IL,סנו אוקסיג'ן 3 ליטר,ליטרים,3.00,ליטר,false,,32.90,10.9667,true,1,33928
7290013268990,false,סנו - מקסימה מרכך כביסה מרוכז ביו 1 ליטר,"סנו מפעלי ברונוס בע""",IL,סנו מקסימה מרכך מרוכ,יחידה,0.00,יחידה,false,,18.90,0.0000,true,1,33932
7290013269669,false,ריצפז בניחוח פנטזיה לניקוי הרצפה,"סנו מפעלי ברונוס בע""",IL,ריצפז פנטזיה 3ל,ליטרים,3.00,ליטר,false,,13.90,4.6333,true,1,33953
7290013284310,false,רוטב פסטה לילדים 240 גרם פריניר,פריניר ( הדס 1987) ב,IL,רוטב לפסטה לילדים פר,גרמים,240.00,100 גרם,false,,6.90,2.8750,true,1,20054
7290013358356,false,מאסטר שף - פירורי לחם מוזהבים 320 גרם,מנה י.א בעמ,IL,מאסטר שף פירורי לחם,גרמים,350.00,100 גרם,false,,9.90,2.8286,true,1,24810
7290013358493,false,מנה אסייאתי קרם קוקוס פחית 400 מל מ.שף,תאי קוקונט פבליק קומ,TH,מאסטר שף אסייאתי קרם,מיליליטרים,400.00,"100 מ""ל",false,,9.90,2.4750,true,1,24821
7290013366634,false,כרמל יבולים חסה סלנו,שמיניית מעדן חלב שוק,IL,חסה סלנובה,יח',1.00,יח',false,,11.90,11.9000,true,1,2977
7290013412966,false,טולי רביעיית מגבונים לחים,DPL,IL,תולי מגבונים לחים 4*,יחידה,0.00,יחידה,false,,12.90,0.0000,true,1,32940
7290013440648,false,מאגדת שלגוני אבטיח נסטלה 108X5ג',גלידות נסטלה (נגה גל,IL,אבטיח קרחונים מאגדת,גרמים,540.00,100 גרם,false,,28.90,5.3519,true,1,18342
7290013525253,false,שמיר טחינה מיוחדת 16,"סלטי שמיר 2006 בע""מ",IL,שמיר טחינה מיוחדת 16,גרמים,160.00,100 גרם,false,,6.50,4.0625,true,1,21177
7290013525260,false,שמיר חציל במיונז 160,"סלטי שמיר 2006 בע""מ",IL,שמיר חציל במיונז 160,גרמים,160.00,100 גרם,false,,6.50,4.0625,true,1,21178
7290013531759,false,שעועית אפויה במים 550 ג' יכין,"זנלכל בע""מ",IL,שעועית אפויה במים יכ,גרמים,550.00,100 גרם,false,,10.90,1.9818,true,1,10772
7290013585387,false,קוקה קולה זירו בקבוק,החברה המרכזית לייצור,IL,קולה זירו 1 ליטר,ליטרים,1.00,ליטר,false,,7.90,7.9000,true,1,9144
7290013585394,false,קוקה-קולה 1 ליטר,החברה המרכזית לייצור,IL,קוקה קולה 1 ליטר,ליטרים,1.00,ליטר,false,,7.90,7.9000,true,1,9145
7290013608260,false,פרימור מיץ רימונים 100% סחוט טרי 1ל',"גניר (1992) בע""מ",IL,פרימור מיץ רימונים ס,יחידה,0.00,יחידה,false,,27.70,0.0000,true,1,26169
7290013652157,false,"ד""ר פישר - נטורל קר מגבונים להסרת איפור לעור רגיל יבש 30 יח' * 3","ד""ר פישר Dr fischer",IL,מגב.הסרת איפור ע.רגי,יחידה,0.00,יחידה,false,,26.90,0.0000,true,1,32682
7290013677679,false,סודה לשתייה 80גרם שקית,מיה תעשיות מזון בעמ,IL,סודה לשתיה בשקית 80,גרמים,80.00,100 גרם,false,,4.90,6.1250,true,1,17221
7290013702883,false,"שוופס מוגז פינק למונייד 500 מ""ל",,,משקה פינק למונייד שו,מיליליטרים,500.00,"100 מ""ל",false,,6.50,1.3000,true,1,114410
7290013724946,false,שקדים בשוקולד מריר 140 גר שקדיה,"דין שיווק וקלייה בע""",IL,שקדים בציפוי שוקלד מ,גרמים,140.00,100 גרם,false,,11.90,8.5000,true,1,6616
7290013725820,false,אגוזי לוז בשוקולד מריר 140 גר שקדיה,"דין שיווק וקלייה בע""",IL,אגוזי לוז בציפוי שוק,גרמים,140.00,100 גרם,false,,11.90,8.5000,true,1,6624
7290013793072,false,ערכת נוזלי אור והדר.,,,ערכת נוזלי אור והדר.,יחידה,0.00,יחידה,false,,70.90,0.0000,true,1,108727
7290013793126,false,ערכת מוצק אור והדר,,,ערכת מוצק אור והדר,יחידה,0.00,יחידה,false,,60.90,0.0000,true,1,108730
7290013847867,false,מארז זוג טונה בשמן סויה 140 ג' סטארקיסט,טונה ויטנאם קו. אל.ט,IL,נתחי טונה בהירה בשמן,גרמים,140.00,100 גרם,false,,13.90,9.9286,true,1,506808
7290013906205,false,פסטרמה עם שום וצילי טירת צבי 400 ג',הנסיך- מפעל לייצור ט,IL,טירת צבי פסטרמה שום,גרמים,400.00,100 גרם,false,,31.90,7.9750,true,1,28053
7290013906441,false,קבנוס טירת צבי 120 גר,הנסיך- מפעל לייצור ט,IL,טירת צבי קבנוס 120 ג,גרמים,120.00,100 גרם,false,,12.90,10.7500,true,1,28067
7290013906458,false,קבנוס בטעם פיקנטי טירת צבי 120 גר,הנסיך- מפעל לייצור ט,IL,טירת צבי קבנוס פיקנט,גרמים,120.00,100 גרם,false,,12.90,10.7500,true,1,114471
7290013906694,false,נקניקיות שקית קילו וחצי טירת צבי,הנסיך- מפעל לייצור ט,IL,"נקניקיות עוף 1.5 ק""ג",קילוגרמים,1.50,"100 ק""ג",false,,38.90,2593.3333,true,1,402234
7290014002197,false,חליטת קמומיל ולימונית 25 שק הגן הקסום,ויסוצקי,IL,תה חליטת קמומיל ולימ,גרמים,37.50,100 גרם,false,,19.90,53.0667,true,1,27476
7290014002944,false,גן קסום חליטת פירות וצמחים חמדת שקד 25 שקיקים,HIQ FOOD PRODUCTS,IL,תה גן קסום חליטת חמא,גרמים,62.50,100 גרם,false,,19.90,31.8400,true,1,27492
7290014059436,false,"משחת שיניים סנסודיין 75 מ""ל פרימיום לשיקום והגנה מלבינה 75 מ""ל","סמית קליין ביצ'ם בע""",GB,משחת שיניים לשיקום ס,מיליליטרים,75.00,"100 מ""ל",false,,26.90,35.8667,true,1,5809
7290014079014,false,לבבות קיסר ארוז נספק,"מרינה פטריות הגליל בע""מ",IL,לבבות קיסר,גרמים,300.00,100 גרם,false,,10.90,3.6333,true,1,60480
7290014079847,false,פיטריות פורטבילה צעי,"מרינה פטריות הגליל בע""מ",IL,פטריות בייבי בלה מאר,יח',1.00,יח',false,,15.90,15.9000,true,1,3002
7290014079854,false,לבבות חסה ארץ הגליל מרינה,"מרינה פטריות הגליל בע""מ",IL,זוג לבבות חסה ארץ הג,יח',1.00,יח',false,,10.90,10.9000,true,1,3003
7290014094260,false,שיני שום קלוף קמעונאי,"מרינה פטריות הגליל בע""מ",IL,שום קלוף 200 גרם,גרמים,200.00,100 גרם,false,,10.90,5.4500,true,1,114521
7290014094352,false,אגוזי מלך בקופסא 200 ג',"דין שיווק וקליה בע""מ",,ששון הקולה אגוז מלך,גרמים,200.00,100 גרם,false,,16.90,8.4500,true,1,6640
7290014094383,false,משמש מיובש בקופסא 33,"דין שיווק וקליה בע""מ",,שקדיה משמש מיובש 250,גרמים,250.00,100 גרם,false,,24.90,9.9600,true,1,6643
7290014094390,false,חמוציות מסוכרות בקופ,"דין שיווק וקליה בע""מ",,חמוציות מסוכרות בקופ,גרמים,250.00,100 גרם,false,,15.90,6.3600,true,1,6644
7290014094406,false,צימוק לבן 250 גרם ששון הקולה,"דין שיווק וקלייה בע""",US,צימוק בהיר בקופסא 2,גרמים,250.00,100 גרם,false,,17.90,7.1600,true,1,6645
7290014094864,false,פיסטוק קלוי 170 גר עם קליפה ששון הקולה,דין שיווק,IL,פיסטוק קלוי 170 גרם,גרמים,170.00,100 גרם,false,,17.90,10.5294,true,1,6672
7290014094895,false,אגוזים מלך קלופים 150 גרם ששון הקולה,,,אגוז מלך 150גר ששון,גרמים,150.00,100 גרם,false,,11.90,7.9333,true,1,6675
7290014095861,false,שיבולת שועל דקה 500 גרם קוואקר,"דין שיווק וקלייה בע""",IL,שיבולת שועל דקה קווא,גרמים,500.00,100 גרם,false,,6.90,1.3800,true,1,6680
7290014095946,false,משוקלדים פקאן בשוקולד מריר 140 גרם,"שקדיה גבע תעשיות בע""",IL,פקאן בציפוי שוקולד מ,גרמים,140.00,100 גרם,false,,11.90,8.5000,true,1,6681
7290014095953,false,משוקלדים פקאן בשוקולד חלב 140 ג',שקדיה גבע בתעשיות עמ,IL,שקדיה פקאן בשוקולד ח,גרמים,160.00,100 גרם,false,,11.90,7.4375,true,1,6682
7290014095960,false,שיבולת שועל עבה 500 גרם קוואקר,"דין שיווק וקלייה בע""",IL,שיבולת שועל עבה קווא,גרמים,500.00,100 גרם,false,,6.90,1.3800,true,1,6683
7290014204560,false,"סבון נוזלי שלישייה * 500 מ""ל פנינה",יהודה אריאל,IL,סבון נוזלי פנינה רוז,ליטרים,1.50,ליטר,false,,14.90,9.9333,true,1,21777
7290014217065,false,תבלין אורגנו עלים 30 גר',"תבליני טעם וריח בע""מ",IL,טעם וריח אורגנו מיכל,גרמים,30.00,100 גרם,false,,11.90,39.6667,true,1,50975
7290014217164,false,תבלין פטרוזיליה מיכל גדול 20 ג',"תבליני טעם וריח בע""מ",IL,תבלין פטרויליה טעם ו,גרמים,20.00,100 גרם,false,,11.90,59.5000,true,1,50981
7290014217225,false,תבלין גריל עוף מיכל 120גר,"תבליני טעם וריח בע""מ",IL,טעם וריח גריל עוף מי,גרמים,120.00,100 גרם,false,,11.90,9.9167,true,1,50983
7290014217263,false,תערובת תיבול לפרגיות 100ג',"תבליני טעם וריח בע""מ",IL,תבלין תיבול פרגית טע,גרמים,100.00,100 גרם,false,,11.90,11.9000,true,1,50985
7290014217355,false,תבלין אבקת קרי מיכל 100ג',"תבליני טעם וריח בע""מ",IL,תבלין אבקת קרי טעם ו,גרמים,100.00,100 גרם,false,,9.80,9.8000,true,1,50989
7290014218932,false,חטיפי פיצה בתוספת זיתים 710 ג' מעדנות,מיוצר עי קונדיטוריית,IL,חטיפי פיצה בתוספת זי,גרמים,710.00,100 גרם,false,,38.90,5.4789,true,1,142310
7290014256637,false,"יין מבעבע מוסקטו באזז יקבי כרמל 750 מ""ל",יקבי כרמל Carmel Winery,IL,יין באזז מוסקטו 750מ,מיליליטרים,750.00,"100 מ""ל",false,,31.90,4.2533,true,1,570
7290014325036,false,סוכריות ג'לי עטופות שמחות 600גרם,מיה תעשיות מזון בעמ,IL,ג'לי שמחות 600 גרם,גרמים,600.00,100 גרם,false,,21.90,3.6500,true,1,17238
7290014397514,false,"סנו פרש הום מבשם כותנה מלטפת 350מ""ל","סנו מפעלי ברונוס בע""",IL,סנו פרש הום כותנה מל,מיליליטרים,350.00,"100 מ""ל",false,,12.90,3.6857,true,1,34019
7290014397781,false,סנו ריצפז פרש הום 2 ליטר בניחוח סבון,סנו פרש Fresh,IL,ריצפז פרש הום סבון מ,ליטרים,2.00,ליטר,false,,24.90,12.4500,true,1,34040
7290014435704,false,סלמון מעושן 100גר' שמיר,שבעת הימים - שמיר,IL,סלמון מעושן סלטי שמי,גרמים,100.00,100 גרם,false,,28.90,28.9000,true,1,21196
7290014435803,false,מטיאס הולנדי (פרובנציאל) עם בצל בשמן 180 גרם,שבעת הימים - שמיר,IL,מטיאס הולנדי פרובנצי,גרמים,180.00,100 גרם,false,,21.90,12.1667,true,1,21198
7290014435810,false,הרינג כבוש ובצל במרינת חמוץ מתוק שמיר 180 ג',שבעת הימים - שמיר,IL,הרינג כבוש עם בצל במ,גרמים,180.00,100 גרם,false,,21.90,12.1667,true,1,21199
7290014435827,false,פילה מקרל מעושן בשמן ויטהול 180 גר,שבעת הימים - שמיר,IL,פילה מקרל מעושן בשמן,גרמים,180.00,100 גרם,false,,29.90,16.6111,true,1,21200
7290014435834,false,מקרל מעושן פרוס בשמן 180 גרם,שבעת הימים - שמיר,IL,מקרל מעושן פרוס בשמן,גרמים,180.00,100 גרם,false,,29.90,16.6111,true,1,21201
7290014435841,false,פילה מטיאס הולנדי בשמן שמיר 180ג',סלטי שמיר 2006 בעמ,IL,פילה מטיאס הולנדי  ב,גרמים,180.00,100 גרם,false,,21.90,12.1667,true,1,21202
7290014435896,false,סלט סלומון עם מיונז 180 גר',שבעת הימים - שמיר,IL,סלט סלמון עם מיונז 1,גרמים,180.00,100 גרם,false,,24.90,13.8333,true,1,21205
7290014455245,false,גבינת גרנה פדנו משולש 29% 200 גרם בית יוסף,מחלבת סוציאלה מנטובה,IT,גד גרנה פדנו משולש כ,גרמים,200.00,100 גרם,false,,28.70,14.3500,true,1,114418
7290014455252,false,גבינה קשה מגורדת גרנה פדנו 29% שומן,מחלבות גד,IT,גד גרנה פדנו מגורד כ,גרמים,100.00,100 גרם,false,,13.80,13.8000,true,1,16813
7290014455320,false,גבינה כדורי מוצרלה פרסקה גד 100ג',מחלבות גד בעמ,IL,גד כדור מוצרלה פרסקה,גרמים,100.00,100 גרם,false,,11.70,11.7000,true,1,16816
7290014455467,false,ירח מתוק מעדן חלב 2% ושיבולת שועל גד 150ג',מחלבות גד,IL,גד מעדן שיבולת שועל,מיליליטרים,150.00,"100 מ""ל",false,,7.00,4.6667,true,1,16821
7290014459137,false,"צ'יפס תפוגן סטייק 1.5 ק""ג","תעשיות תפוגן בע""מ",IL,תפוגן סטייק ציפס 1.5,קילוגרמים,1.50,"ק""ג",false,,28.90,19.2667,true,1,23473
7290014459373,false,"צ'יפס קראנצ'י לתנור קפוא תפוגן 1.5ק""ג",עיצובים 2020 (4.5),IL,תפוגן ציפס קראנצי 1.,קילוגרמים,1.50,"ק""ג",false,,29.90,19.9333,true,1,23477
7290014459472,false,"צ'יפס קפוא תפוגן 2 ק""ג כשל""פ","תעשיות תפוגן בע""מ",IL,תפוגן צ`יפס קלאסי 2,קילוגרמים,2.00,"ק""ג",false,,30.90,15.4500,true,1,60146
7290014471443,false,"גרנולה צימוקים אגוזים ושקדים1 ק""ג חדש - 443 כתום שקדיה (כתום)","דין שיווק וקלייה בע""",IL,גרנולה צימוקים אגוזי,קילוגרמים,1.00,"ק""ג",false,,19.90,19.9000,true,1,6687
7290014472136,false,גרעין שחור קלוי ששון הקולה 150 ג',"דין שיווק וקלייה בע""",IL,גרעין שחור קלוי 150,גרמים,150.00,100 גרם,false,,4.90,3.2667,true,1,6696
7290014472501,false,פיסטוק קלוי ענק 250 ג פרימיום ששון הקולה,דין שיווק,IL,פיסטוק קלוי ענק 250,גרמים,250.00,100 גרם,false,,26.90,10.7600,true,1,6709
7290014472518,false,בוטן קלוי ענק 250 גר פרימיום ששון הקולה,דין שיווק,IL,בוטן קלוי פרימיום 25,גרמים,250.00,100 גרם,false,,11.90,4.7600,true,1,6710
7290014472525,false,תערובת מובחרת 250 גר פרימיום ששון הקולה,דין שיווק,IL,תערובת פיצוחים מובחר,גרמים,250.00,100 גרם,false,,21.90,8.7600,true,1,64893
7290014525290,false,חטיף מרבה סלים דליס קריספי תות 125 גר,סלים דליס Slim Delis,NL,חטיף מרבה קריספי תות,גרמים,125.00,100 גרם,false,,13.90,11.1200,true,1,119697
7290014525313,false,חטיף מרבה סלים דליס קריספי שוקולד 125 ג,סלים דליס Slim Delis,NL,חטיף מרבה קריספי שוק,גרמים,125.00,100 גרם,false,,13.90,11.1200,true,1,68886
7290014636545,false,שלישית מגבות מטבח ג'קרד,,,שלישית מגבות מטבח פס,יחידה,0.00,יחידה,false,,19.90,0.0000,true,1,403179
7290014636675,false,מגבת גוף חלקה 550 גר,,,מגבת גוף מנהטן 70*13,יחידה,0.00,יחידה,false,,34.90,0.0000,true,1,124674
7290014636682,false,מגבת פנים חלקה 550 גרם,,,מגבת פנים,יחידה,0.00,יחידה,false,,19.90,0.0000,true,1,126055
7290014673359,false,מלח לימון 400 גרם,TLV צ'יף,IL,מלח לימון 400 גר,גרמים,400.00,100 גרם,false,,24.10,6.0250,true,1,286
7290014673403,false,פלפל שחור טחון 250 גרם,TLV צ'יף,IL,מימון פלפל שחור טחון,גרמים,250.00,100 גרם,false,,33.90,13.5600,true,1,291
7290014673434,false,פלפל שחור גרוס דק שקית 80 גרם,,,פלפל שחור גרוס דק בש,גרמים,80.00,100 גרם,false,,9.80,12.2500,true,1,127310
7290014674004,false,קריספ פירורי לחם שומשום ומלח ים 300 גרם,א.ל ייצור ושיווק תבל,IL,פירורי לחם עם שומשום,גרמים,300.00,100 גרם,false,,9.90,3.3000,true,1,440771
7290014692299,false,גבינת ברי 125 ג' קסטיאלו ויליפוד,יורו צ'יז Euro Cheese,DK,גבינת ברי 125 גרם EU,גרמים,125.00,100 גרם,false,,19.90,15.9200,true,1,4969
7290014692305,false,גבינת קממבר 125ג' CASTELLO ויליפוד,הנסיך- מפעל לייצור ט,DK,גבינת קממבר 125 גרם,גרמים,125.00,100 גרם,false,,19.90,15.9200,true,1,4970
7290014749764,false,שניצל עוף ביתי עדין עוף טוב 700 גרם,מוצרי עוף טוב (2001),IL,שניצל עוף ביתי כזה ע,גרמים,700.00,100 גרם,false,,45.90,6.5571,true,1,228630
7290014758100,false,מאגדת יוגורט ביו 3% שומן 8 יח' *150ג' תנובה,מיוצר עי קונדיטוריית,IL,יוגורט תנובה 3% 8*15,קילוגרמים,1.20,"ק""ג",false,,17.90,14.9167,true,1,29033
7290014758681,false,קוטג' תנובה 1% גביע 250 ג',מיוצר עי קונדיטוריית,IL,קוטג תנובה 1% 250ג,גרמים,250.00,100 גרם,false,,5.80,2.3200,true,1,29055
7290014759084,false,גבינת שמנת 16% בטעם טבעי 225 ג' נפוליאון,תנובה מרכז שיתופי לש,IL,נפוליאון 16% 225גר,גרמים,225.00,100 גרם,false,,16.50,7.3333,true,1,29058
7290014759534,false,גבינה בולגרית למריחה טבעי 5% 200 ג' פיראוס,"תנובה, מחלבת תל יוסף",IL,פיראוס בולגרית למריח,גרמים,200.00,100 גרם,false,,15.90,7.9500,true,1,29065
7290014760134,false,מעדן סויה בטעם וניל אלטרנטיב,תנובה Alternative,IL,גביע מעדן סויה בטעם,גרמים,125.00,100 גרם,false,,5.10,4.0800,true,1,111703
7290014760141,false,משקה שקדים תנובה E אלטרנטיב,תנובה Alternative,IL,תנובה משקה שקדים טרי,יחידה,0.00,יחידה,false,,15.90,0.0000,true,1,29079
7290014760448,false,גבינה צהובה גלבוע 400 גרם 22% שומן תנובה,מחלבת בית יצחק,IL,גלבוע 22% 400 גרם,גרמים,400.00,100 גרם,false,,26.10,6.5250,true,1,29086
7290014760912,false,פרוסות גבינה 28% שומן 400 ג' גוש חלב,תנובה מרכז שיתופי לש,IL,גוש חלב 28% מהדרין 4,גרמים,400.00,100 גרם,false,,27.90,6.9750,true,1,29100
7290014761056,false,מעדן שוקולד חלב מעולה 123 ג' יולו,מיוצר עי קונדיטוריית,IL,יולו שוקולד חלב מעול,גרמים,122.00,100 גרם,false,,5.70,4.6721,true,1,29104
7290014761063,false,מעדן שוקולד מריר מעולה 123 ג' יולו,מיוצר עי קונדיטוריית,IL,יולו שוקולד מריר מעו,גרמים,122.00,100 גרם,false,,5.70,4.6721,true,1,29105
7290014761414,false,יולו מעדן שכבות שוקולד חלב ולבן 123 גר,מיוצר עי קונדיטוריית,IL,יולו מעדן שכבות שוקו,גרמים,122.00,100 גרם,false,,5.70,4.6721,true,1,29123
7290014761612,false,YOLO מעדן שכבות שוקולד מריר ולבן מעולה,מיוצר עי קונדיטוריית,IL,יולו שכבות שוקולד מר,גרמים,122.00,100 גרם,false,,5.70,4.6721,true,1,29130
7290014762800,false,מעדן סויה שוקולד גביע 125 גרם אלטרנטיב,תנובה מרכז שיתופי לש,IL,גביע מעדן סויה בטעם,גרמים,125.00,100 גרם,false,,5.10,4.0800,true,1,92130
7290014762909,false,פתיתי מוצרלה 20% שומן 200 ג' השף הלבן,"תנובה, מחלבת תל יוסף",IL,פתיתי מוצרלה 200 גר`,גרמים,200.00,100 גרם,false,,19.90,9.9500,true,1,29186
7290014763272,false,יוגורט סויה BIO לשתייה תות ובננה אלטרנטיב,תות תעשיות מזון (201,IL,משקה סויה ביו עם תות,מיליליטרים,250.00,"100 מ""ל",false,,7.20,2.8800,true,1,29199
7290014855434,false,מגבונים בייביסיטר פרפורמנס מבושם רביעיה,בייביסיטר Babysitter,IL,בייביסיטר פרפורמנס מ,יחידה,0.00,יחידה,false,,18.90,0.0000,true,1,32954
7290014855458,false,מגבוני בייביסיטר פרפורמנס ללא בישום מארז 72X4יח',בייביסיטר Babysitter,IL,מגבוני בייבי פרפורמנ,יחידה,0.00,יחידה,false,,18.90,0.0000,true,1,32955
7290014905733,false,"הפי פרפקט לניקוי שמשות 750 מ""ל",יוליניבר,TR,הפי מרסס לניקוי חלונ,מיליליטרים,750.00,"100 מ""ל",false,,9.90,1.3200,true,1,13481
7290014910515,false,שימורי שפרוטים מעושנים בשמן צמחי 250 גר,,,שפרוטים מעושנים רויא,גרמים,250.00,100 גרם,false,,14.90,5.9600,true,1,108074
7290014940901,false,לחם פשוט מלא 750 ג' אנג'ל,מאפית אנגל,IL,לחם פשוט מלא אנגל 75,גרמים,750.00,100 גרם,false,,15.90,2.1200,true,1,69918
7290015009324,false,נאצוס סבוריטו ברביקי,אוקי סנקס,DK,חטיף נאצוס ברביקיו כ,גרמים,200.00,100 גרם,false,,14.50,7.2500,true,1,447838
7290015033084,false,קוסקוס חיטה בינוני ד,,,קוסקוס חיטה בינוני ד,גרמים,350.00,100 גרם,false,,6.90,1.9714,true,1,511232
7290015033299,false,פרורי לחם קלאסי שקית,,,פרורי לחם קלאסי שקית,גרמים,400.00,100 גרם,false,,5.90,1.4750,true,1,510978
7290015039246,false,נתחי טונה בשמן צמחי רביעיה * 160 ג' וילי פוד,וילי פוד,TH,טונה בהירה בשמן וילי,גרמים,640.00,100 גרם,false,,24.60,3.8438,true,1,4999
7290015039338,false,נתחי טונה במי מלח רביעיה * 160 ג' וילי פוד,וילי פוד,TH,טונה במי מלח ויליפוד,גרמים,640.00,100 גרם,false,,24.60,3.8438,true,1,5002
7290015080231,false,שרשרת פנינים,,,שרשרת פנינים,יחידה,0.00,יחידה,false,,11.90,0.0000,true,1,55473
7290015150118,false,עגבניות חתוכות דק בלה איטליה 3*400 ג',אמיליאנה קונסרב ס.פ.,IL,עגבניות חתוכות דק בל,גרמים,400.00,100 גרם,false,,20.90,5.2250,true,1,27518
7290015155830,false,מחית תפוחי עץ ובננה חטיפטף ללא תוספת סוכר,פרוטה פודווין איי.אס,CZ,פאוץ' פרינוק מחית תפ,גרמים,120.00,100 גרם,false,,6.50,5.4167,true,1,106802
7290015156776,false,מחית פירות טרופיים חטיפטף ללא תוספת סוכר,פרוטה פודווין איי.אס,CZ,פאוץ' פרינוק פירות ט,גרמים,120.00,100 גרם,false,,6.50,5.4167,true,1,124496
7290015156790,false,מחית לפתן פירות חטיפטף ללא תוספת סוכר,פרוטה פודווין איי.אס,CZ,פאוץ' פרינוק לפתן פי,גרמים,120.00,100 גרם,false,,6.50,5.4167,true,1,124497
7290015178174,false,ממרח אוליביה - פסטו בטעם פרמז'ן 180 גרם,יוניליוור גרמניה Gm,IL,אוליביה פסטו פרמז'ן,גרמים,180.00,100 גרם,false,,13.90,7.7222,true,1,276890
7290015178181,false,ממרח אוליביה - ארטישוק ברוזמרין 180 גרם,יוניליוור גרמניה Gm,IL,אוליביה ארטישוק ברוז,גרמים,180.00,100 גרם,false,,13.90,7.7222,true,1,276874
7290015253321,false,"פחם 2 ק""ג ירוק פרימי",,CN,"פחם 2 ק""ג ירוק פרימי",קילוגרמים,2.00,"ק""ג",false,,14.90,7.4500,true,1,257555
7290015282000,false,איקרא אדומה SEVEN SEAS 200 גרם,שבעת הימים - שמיר,IL,איקרה אדומה סלטי שמי,גרמים,200.00,100 גרם,false,,15.90,7.9500,true,1,21207
7290015282024,false,איקרא לבנה SEVEN SEAS 200 גרם,שבעת הימים - שמיר,IL,איקרה לבנה סלטי שמיר,גרמים,200.00,100 גרם,false,,15.90,7.9500,true,1,21209
7290015282581,false,חומוס שמיר אבו גוש עם חריף 200 גר',"סלטי שמיר 2006 בע""מ",IL,חומוס אבו גוש עם חרי,גרמים,200.00,100 גרם,false,,11.90,5.9500,true,1,79926
7290015282604,false,טחינה שמיר מיוחדת גורמה 200ג',"סלטי שמיר 2006 בע""מ",IL,טחינה מיוחדת,גרמים,200.00,100 גרם,false,,11.90,5.9500,true,1,79928
7290015282628,false,חציל שמיר בטעם כבד 200 גר',"סלטי שמיר 2006 בע""מ",IL,חציל בטעם כבד סלטי ש,גרמים,200.00,100 גרם,false,,13.90,6.9500,true,1,79929
7290015282635,false,חומוס שמיר מסבחה 200 גר',"סלטי שמיר 2006 בע""מ",IL,חומוס מסבחה,גרמים,200.00,100 גרם,false,,11.90,5.9500,true,1,79930
7290015282642,false,חומוס שמיר אבו גוש 200 גר',"סלטי שמיר 2006 בע""מ",IL,חומוס אבו גוש,גרמים,200.00,100 גרם,false,,11.90,5.9500,true,1,79931
7290015282680,false,קישוא בטעם כבד שמיר 200 גר',"סלטי שמיר 2006 בע""מ",IL,קישוא בטעם כבד סלטי,גרמים,200.00,100 גרם,false,,13.90,6.9500,true,1,79933
7290015282710,false,קוביות סלק שמיר 200 גר',"סלטי שמיר 2006 בע""מ",IL,קוביות סלק סלטי שמיר,גרמים,200.00,100 גרם,false,,11.90,5.9500,true,1,79935
7290015282741,false,חציל תאילנדי אסלי שמיר 200 ג',"סלטי שמיר 2006 בע""מ",IL,חציל תילאנדי סלטי שמ,גרמים,200.00,100 גרם,false,,13.90,6.9500,true,1,79938
7290015282772,false,פלפל רצועות קלוי/מטוגן 200 גרם,"סלטי שמיר 2006 בע""מ",IL,פלפל רצועות קלוי/מטו,גרמים,200.00,100 גרם,false,,13.90,6.9500,true,1,79941
7290015282796,false,"סלט תפו""א שמיר במיונז 200ג'","סלטי שמיר 2006 בע""מ",IL,סלט תפוח אדמה 200 ג,גרמים,200.00,100 גרם,false,,13.90,6.9500,true,1,79942
7290015324052,false,תבלין פפריקה מתוקה 80 ג',"תבליני טעם וריח בע""מ",IL,טעם וריח פפריקה מתוק,גרמים,80.00,100 גרם,false,,6.50,8.1250,true,1,50997
7290015324069,false,תערובת תיבול גריל עוף,"תבליני טעם וריח בע""מ",IL,טעם וריח גריל עוף שק,גרמים,80.00,100 גרם,false,,6.50,8.1250,true,1,50998
7290015324090,false,תבלין כמון טחון 80 ג',"תבליני טעם וריח בע""מ",IL,טעם וריח כמון שקית 8,גרמים,80.00,100 גרם,false,,8.90,11.1250,true,1,51001
7290015324106,false,תבלין כורכום טחון 80 גר',"תבליני טעם וריח בע""מ",IL,טעם וריח כורכום שקית,גרמים,80.00,100 גרם,false,,8.90,11.1250,true,1,51002
7290015328807,false,נרות חנוכה דלוקס 24 יח',,,נרות חנוכה לוקס לירו,יחידה,0.00,יחידה,false,,7.90,0.0000,true,1,133051
7290015347488,false,"סוכר דמררה חום שקית מיה 1 ק""ג",מיה תעשיות מזון בעמ,IL,סוכר דמררה בשקית מיה,קילוגרמים,1.00,"ק""ג",false,,11.90,11.9000,true,1,17279
7290015603522,false,נוזל אגוזי קוקוס 5-7% 400 מל,אסי אטיק גרו אינדוסט,TH,נוזל אגוזי קוקוס 5-7,מיליליטרים,400.00,"100 מ""ל",false,,7.90,1.9750,true,1,16567
7290015603560,false,"שימורי קרם קוקוס 20-22% 400 מ""ל",אסי אטיק גרו אינדוסט,TH,שימורי קרם קוקוס 20-,מיליליטרים,400.00,"100 מ""ל",false,,9.90,2.4750,true,1,62957
7290015603638,false,אורז קלרוז מזרח ומער,מינה פונג גרין אגריק,VN,אורז עגול קלרוז לסוש,קילוגרמים,1.00,"ק""ג",false,,12.90,12.9000,true,1,59543
7290015652070,false,קשיו קלוי 150 גרם ששון הקולה,דין שיווק,IL,קשיו קלוי 150 גרם שש,גרמים,150.00,100 גרם,false,,13.90,9.2667,true,1,6500
7290015652087,false,תערובת פיצוחים 150 גרם ששון הקולה,דין שיווק,IL,תערובת פיצוחים 150גר,גרמים,150.00,100 גרם,false,,12.90,8.6000,true,1,6501
7290015652261,false,בוטנים קלויים 300 גרם ששון הקולה,"דין שיווק וקלייה בע""",IL,בוטנים קלויים ששון ה,גרמים,300.00,100 גרם,false,,10.00,3.3333,true,1,114370
7290015652278,false,תערובת פיצוחים 250 גרם ששון הקולה,"דין שיווק וקלייה בע""",IL,תערובת פיצוחים ששון,גרמים,250.00,100 גרם,false,,20.00,8.0000,true,1,64822
7290015652285,false,אגוזים קלופים 250 גרם ששון הקולה,דין שיווק,IL,אגוזים קלופים 250 גר,גרמים,250.00,100 גרם,false,,20.00,8.0000,true,1,6757
7290015652292,false,קבוקים עם שומשום 400 גרם ששון הקלה,"דין שיווק וקלייה בע""",IL,קבוקים עם שומשום ששו,גרמים,400.00,100 גרם,false,,10.00,2.5000,true,1,117957
7290015652308,false,מנצס 300 גרם ששון הקולה,,,מנצ'ס ששון הקולה 300,גרמים,300.00,100 גרם,false,,10.00,3.3333,true,1,117958
7290015766005,false,עגבניות שרי וויטני,אראל תוצרת חקלאית בע,IL,שרי וויטני יחידה,גרמים,500.00,100 גרם,false,,10.90,2.1800,true,1,3039
7290015781008,false,"יין ויז'ן מרלו 750 מ""ל",יקב טפרברג 1870 בעמ,IL,ויז'ן מרלו,מיליליטרים,750.00,"100 מ""ל",false,,42.90,5.7200,true,1,13778
7290015781046,false,יין VISION לבן חצי יבש 750 מל,יקב טפרברג 1870 בעמ,IL,ויז'ן לבן חצי יבש 75,מיליליטרים,750.00,"100 מ""ל",false,,42.90,5.7200,true,1,13780
7290015781091,false,"יין ויז'ן קברנה סובניון 750 מ""ל",יקב טפרברג 1870 בעמ,IL,ויז'ן קברנה סובניון,מיליליטרים,750.00,"100 מ""ל",false,,42.90,5.7200,true,1,13782
7290015781152,false,יין רוזה אימפרשן יקב,יקב טפרברג,IL,אימפרשן יין רוזה,מיליליטרים,750.00,"100 מ""ל",false,,54.90,7.3200,true,1,13788
7290015781169,false,"יין קברנה סוביניון - חצי יבש אימפרשן 750מ""ל",יקב טפרברג 1870 בעמ,IL,אימפרשן אדום חצי יבש,מיליליטרים,750.00,"100 מ""ל",false,,54.90,7.3200,true,1,13789
7290015781282,false,"יין גוורצטמינר אימפרשן 750מ""ל",יקב טפרברג 1870,IL,אימפרשן גוורצטרמינר,מיליליטרים,750.00,"100 מ""ל",false,,54.90,7.3200,true,1,13792
7290015781299,false,יין שיראז אדום טפמבר,יקב טפרברג 1870 בעמ,IL,ויז'ן שיראז,מיליליטרים,750.00,"100 מ""ל",false,,42.90,5.7200,true,1,13793
7290015842631,false,"כוס ברד 330 מ""ל ח""פ 40יח'",,GR,"כוס בירה 330 מ""ל 40",יחידה,0.00,יחידה,false,,10.90,0.0000,true,1,139668
7290015865722,false,קונפיטורת תות שדה ענ,ענבי ציון,IL,קונפיטורה לייט תות ש,גרמים,400.00,100 גרם,false,,22.90,5.7250,true,1,381761
7290015865739,false,קונפיטורת אוכמניות ע,,,קונפיטורה לייט אוכמנ,גרמים,400.00,100 גרם,false,,22.90,5.7250,true,1,381762
7290016096675,false,טונה בשמן זית פילטונ,,,טונה בשמן זית פילטונ,גרמים,240.00,100 גרם,false,,18.90,7.8750,true,1,128190
7290016114300,false,נייר טואלט לילי לבן דאבל 16 גל=32 גל,,,לילי גליל כפול 16 גל,מטרים,588.00,מטר,false,,43.90,0.0747,true,1,11115
7290016144000,false,"קמח חיטה מלאה נפלאות 80% 1 ק""ג","קמח מלכים בע""מ",IL,קמח חיטה 80% נפלאות,קילוגרמים,1.00,"ק""ג",false,,10.90,10.9000,true,1,121303
7290016144024,false,"קמח כוסמין מלא נפלאות 100% 1 ק""ג","קמח מלכים בע""מ",IL,קמח כוסמין מלא 100%,קילוגרמים,1.00,"ק""ג",false,,15.90,15.9000,true,1,121348
7290016144048,false,"קמח כוסמין לבן נפלאות 1 ק""ג","קמח מלכים בע""מ",IL,קמח כוסמין לבן נפלאו,קילוגרמים,1.00,"ק""ג",false,,17.90,17.9000,true,1,139230
7290016150117,false,סלק אדום מבושל 500 ג' בוואקום,חקלאי,IL,מעדן סלק בוואקום 500,גרמים,500.00,100 גרם,false,,6.90,1.3800,true,1,98502
7290016150711,false,AVEL נוזל קוקוס תאיל,,,AVEL נוזל קוקוס תאיל,מיליליטרים,400.00,"100 מ""ל",false,,5.90,1.4750,true,1,134926
7290016197488,false,מטליות מיקרופייבר למשטחים ניקול 3יח',UFO INC,CN,מטלית קסם לשיש מארז,יחידה,0.00,יחידה,false,,12.90,0.0000,true,1,11130
7290016217735,false,חציל על האש סלטי שמי,"סלטי שמיר 2006 בע""מ",IL,חציל על האש סלטי שמי,גרמים,200.00,100 גרם,false,,11.90,5.9500,true,1,79943
7290016217742,false,חציל על אש בטחינה 200 גר,"סלטי שמיר 2006 בע""מ",IL,חציל בטחינה סלטי שמי,גרמים,200.00,100 גרם,false,,11.90,5.9500,true,1,79944
7290016217759,false,חצילים בסגנון מרוקאי,"סלטי שמיר 2006 בע""מ",IL,חצילים בסגנון מרוקאי,גרמים,200.00,100 גרם,false,,13.90,6.9500,true,1,79945
7290016217988,false,גרבדלקס סלמון כבוש 100 גרם,"סלטי שמיר 2006 בע""מ",IL,דגים גרבדלקס 100גר,גרמים,100.00,100 גרם,false,,28.90,28.9000,true,1,79948
7290016233025,false,טונה מונטריי בשמן תו,,,טונה מונטריי בשמן תו,גרמים,140.00,100 גרם,false,,7.00,5.0000,true,1,326783
7290016270907,false,ברוקולי ארוז במגשית,,,ברוקולי,יח',1.00,יח',false,,9.90,9.9000,true,1,138767
7290016273090,false,סוכריה על מקל בטעם תות בננה 31 גרם,אוריגינל גורמה,US,סוכרית לוליפופ על מק,גרמים,31.00,100 גרם,false,,5.50,17.7419,true,1,142149
7290016370959,false,חציל קלוי פירה בצנצנת ‏580‏ ג' יבנה,תאי פרזידנט פוד פאבל,GR,חציל קלוי על האש בצנ,גרמים,580.00,100 גרם,false,,13.90,2.3966,true,1,85888
7290016372342,false,עגבניות חתוך קוביות גראנד איטליה מארז 400X3ג',גרנד איטליה Grand Italia,IT,עגבניות חתוכות לקובי,גרמים,400.00,100 גרם,false,,20.90,5.2250,true,1,96878
7290016440904,false,ירקות חמוצים בטעם טב,,,ירקות חמוצים בטעם טב,גרמים,300.00,100 גרם,false,,19.90,6.6333,true,1,418197
7290016440911,false,מלפפונים ביתיים כבושים,מעדני עופר,,מלפפונים ביתיים כבוש,גרמים,500.00,100 גרם,false,,23.90,4.7800,true,1,355202
7290016440928,false,ירקות כבושים חמוץ מתוק (סיני),מעדני עופר,IL,ירקות כבושים חמוץ מת,גרמים,500.00,100 גרם,false,,23.90,4.7800,true,1,355233
7290016509786,false,פרסיל - ג'ל כביסה ירוק 2.50 ליטר,פרסיל Persil,IL,פרסיל ג'ל 2.5 ליטר י,ליטרים,2.50,ליטר,false,,37.90,15.1600,true,1,125690
7290016509830,false,ג'ל כביסה לבגדי תינוקות ובעלי עור רגיש Sensitive,פרסיל Persil,IL,פרסיל ג'ל 2.5 ליטר ב,ליטרים,2.50,ליטר,false,,37.90,15.1600,true,1,125695
7290016513981,false,קרפלך במילוי תפוח אד,,,קרפלך במילוי תפוח אד,גרמים,0.60,100 גרם,false,,19.90,3316.6667,true,1,467247
7290016564006,false,מבריק הפלא ספוג להסרת כתמים ושומנים 3 יח,,,מבריקל הפלא,יחידה,0.00,יחידה,false,,10.90,0.0000,true,1,59750
7290016584004,false,חטיפוני גזר 130 גרם,"מרינה פטריות הגליל בע""מ",IL,חטיפוני גזר 130 גרם,גרמים,150.00,100 גרם,false,,5.90,3.9333,true,1,3064
7290016584011,false,חטיפוני גזר 350 גרם גיזרונים,"מרינה פטריות הגליל בע""מ",IL,חטיפוני גזר 350 גרם,גרמים,350.00,100 גרם,false,,12.90,3.6857,true,1,114364
7290016682328,false,מיץ תפוזים סחוט פרי ניב 2 ליטר-,פריניב,IL,פרי ניב מיץ תפוזים ט,ליטרים,2.00,ליטר,false,,21.80,10.9000,true,1,367450
7290016717754,false,"יין ישן נושן יקבי כרמל 750 מ""ל ^^^",אגודת הכורמים הקואופ,IL,"ישן נושן 750מ""ל.",מיליליטרים,750.00,"100 מ""ל",false,,20.90,2.7867,true,1,116150
7290016717976,false,"יין BUZZ ספארקלינג אפרסק 750 מ""ל",יקבי כרמל,IL,יין באזז ספארקלינג א,מיליליטרים,750.00,"100 מ""ל",false,,31.90,4.2533,true,1,231630
7290016823004,false,בזיליקום יח freshlid,"מרינה פטריות הגליל בע""מ",IL,בזיליקום יח',יח',1.00,יח',false,,6.90,6.9000,true,1,75190
7290016866650,false,"פרודונטקס - משחת שיניים אוריג'ינל 75 מ""ל",פרודונטקס Parodontax,SK,מש.שיניים אוריגינל פ,מיליליטרים,75.00,"100 מ""ל",false,,33.90,45.2000,true,1,125508
7290016866667,false,"פרודונטקס - משחת שיניים ללא פלאוריד 75 מ""ל",פרודונטקס Parodontax,SK,מש.שיניים פלאוריד פר,מיליליטרים,75.00,"100 מ""ל",false,,33.90,45.2000,true,1,125509
7290016867039,false,פיתות קלות כוסמין בתוספת מחמצת 6 יח',המאפה של דר מרק בריא,IL,פיתות קלות כוסמין בת,גרמים,324.00,100 גרם,false,,17.80,5.4938,true,1,354585
7290016867114,false,לחם כוסמין קל מלא 500 גר',המאפה של דר מרק בריא,IL,לחם כוסמין קל מלא 50,גרמים,500.00,100 גרם,false,,21.00,4.2000,true,1,354518
7290016867152,false,פיתות קלות כוסמין 5 יחידות 330 גר,המאפה של דר מרק בריא,IL,פיתות קלות כוסמין 29,גרמים,292.00,100 גרם,false,,15.70,5.3767,true,1,354569
7290016967074,false,לחם חיטה מלאה עם גרעינים ודגנים,מאפיית שלמה א. אנג'ל,IL,חיטה מלאה אנגל 750 ג,גרמים,750.00,100 גרם,false,,17.90,2.3867,true,1,69757
7290017031705,false,"סנסודיין - משחת שיניים קלין&פרש 75 מ""ל",גלקסוסמיתקליין,GB,משחת שיניים קלין&פרש,מיליליטרים,75.00,"100 מ""ל",false,,22.70,30.2667,true,1,134838
7290017058573,false,תומר פרוסות פלפל חלפיניו בחומץ 340 גרם,אינדיה אגרו אקספורט,IN,פרוסות פלפל חלפיניו,גרמים,340.00,100 גרם,false,,10.90,3.2059,true,1,139850
7290017065007,false,פרוסות גבינה מוצרלה חצי קשה 22% שומן 200 ג' גד,מחלבות גד בעמ,IL,מוצרלה פרוסה חצי קש,גרמים,200.00,100 גרם,false,,21.30,10.6500,true,1,76382
7290017065137,false,ריקוטה למריחה 5% טבעית 200 גרם - רובין,האי נאם סי או אל.טי.,IL,גבינה ריקוטה למריחה,גרמים,200.00,100 גרם,false,,11.50,5.7500,true,1,107652
7290017065236,false,גבינה בולגרית מעודנת 24% גד 250 ג',הנסיך- מפעל לייצור ט,IL,בולגרית מעודנת 24% 2,גרמים,250.00,100 גרם,false,,25.60,10.2400,true,1,122563
7290017065526,false,קוואטרו פורמאג'י 4 גבינות מגוררות 26%,מחלבות גד בעמ,IL,גד קוואטרו פורמאג'י,גרמים,300.00,100 גרם,false,,34.10,11.3667,true,1,142282
7290017065663,false,פטה עיזים מעודנת 16% 250 גרם,ג'נרל מילס סאן אדריא,IL,גבינת פטה עיזים מעוד,גרמים,250.00,100 גרם,false,,35.20,14.0800,true,1,274784
7290017065731,false,גבינת שמנת 30% ניו יורק +כמהין 200 גרם רבנות,פ.פ.ח. שאביט,IL,גבינת שמנת ניו יורק,גרמים,200.00,100 גרם,false,,15.20,7.6000,true,1,303658
7290017088099,false,בייביסיטר - חיתולי סטנדרט מידה 6 - 30 יח',בייביסיטר Babysitter,IL,חיתולי ביייביסיטר סט,יח',34.00,יח',false,,37.90,1.1147,true,1,453547
7290017088112,false,חיתולי בייביסיטר נוחות 4 36 יח,די.פי.אל תעשיות מוצר,IL,ביייביסיטר נוחות מיד,יח',36.00,יח',false,,34.90,0.9694,true,1,123315
7290017088631,false,מגבוני תולי רביעייה ללא בישום 72X4 יח',DPL,IL,מגבון Tooly רביעייה,יחידה,0.00,יחידה,false,,12.90,0.0000,true,1,226069
7290017105062,false,גרגירי חומוס שלם יכין הקטניה הטובה 200 ג,היינץ צפון אמריקה מק,IL,חומוס 6OZ יכין 200 ג,גרמים,200.00,100 גרם,false,,4.90,2.4500,true,1,114394
7290017105116,false,שימורי יכין תורמוס 200 גר,"זנלכל בע""מ",IL,תורמוס 6OZ יכין 200,גרמים,200.00,100 גרם,false,,4.90,2.4500,true,1,103863
7290017105468,false,מארז שלישייה אפונה קטנה יכין 3*200 גר,קשקמט קונסרב הונגריה,IL,אפונה יכין 3*120 גרם,גרמים,360.00,100 גרם,false,,14.90,4.1389,true,1,212536
7290017105550,false,רביעיית רסק עגבניות 100% יכין 4X100 גרם,היינץ צפון אמריקה מק,IL,מאגדת רסק עגבניות יכ,גרמים,400.00,100 גרם,false,,12.90,3.2250,true,1,212111
7290017142128,false,"שמן זית כתית מעולה קלאסי עץ הזית 750 מ""ל",שמן תעשיות,IL,שמן זית כתית מעולה ק,מיליליטרים,750.00,"100 מ""ל",false,,37.90,5.0533,true,1,109466
7290017142159,false,מארז נתחי טונה בהירה בשמן זית 3*80 ג' עץ הזית,הנסיך- מפעל לייצור ט,TH,נתחי טונה בהירה בשמן,גרמים,240.00,100 גרם,false,,26.90,11.2083,true,1,124087
7290017142203,false,פילה טונה בשמן זית בטעם מעושן עץ המוצר 120 ג',"יוניקורד ח.צ בע""מ",IL,פילה טונה פרוס עם בש,גרמים,120.00,100 גרם,false,,16.90,14.0833,true,1,141048
7290017142388,false,שמן חמניות אומגה 3 פלוס 1 ליטר עץ הזית,שמן תעשיות,IL,שמן חמניות פלוס אומג,ליטרים,1.00,ליטר,false,,18.40,18.4000,true,1,154418
7290017142401,false,קינואה לבנה ואדומה עם טונה בשמן זית 160 גרם,ג'נרל מילס סאן אדריא,TH,קינואה לבנה ואדומה ע,גרמים,160.00,100 גרם,false,,15.90,9.9375,true,1,265086
7290017304885,false,לחם שיפון מחיטה מלאה ללא תוספת סוכר 750 ג' אנג'ל,מאפית אנגל,IL,לחם שיפון וחיטה מלאה,גרמים,750.00,100 גרם,false,,17.90,2.3867,true,1,153053
7290017457703,false,"מרכך כביסה סוד מרוכז ארומתרפי זהב 900 מ""ל",הנקל סוד,IL,מרכך כביסה מרוכז סוד,מיליליטרים,900.00,"100 מ""ל",false,,13.90,1.5444,true,1,141029
7290017457727,false,"סוד - מרכך כביסה מרוכז פרש סקיי 900 מ""ל",הנקל סוד,IL,מרכך כביסה מרוכז סוד,מיליליטרים,900.00,"100 מ""ל",false,,13.90,1.5444,true,1,141031
7290017457734,false,"סוד - מרכך כביסה מרוכז ווילד רוז 900 מ""ל",הנקל סוד,IL,מרכך כביסה מרוכז סוד,מיליליטרים,900.00,"100 מ""ל",false,,13.90,1.5444,true,1,141032
7290017457925,false,סוד מרכך כביסה מרוכז פרש קונטרול ורוד,הנקל סוד,IL,מרכך כביסה מרוכז סוד,מיליליטרים,900.00,"100 מ""ל",false,,13.90,1.5444,true,1,269103
7290017477169,false,קשיו קלוי 250 גרם ששון הקולה,ששון,IL,קשיו קלוי ששון הקולה,גרמים,250.00,100 גרם,false,,20.00,8.0000,true,1,124453
7290017599274,false,סוכרזית סטיוויה 120 שקיות,ביסקול בע''מ,IL,סוכרזית סטיוויה ממת,גרמים,120.00,100 גרם,false,,26.90,22.4167,true,1,477386
7290017677804,false,"רוטב סויה קיקומן 444 מ""ל",קיקומן פודז אינק,US,קיקומן רוטב סויה ללא,מיליליטרים,444.00,"100 מ""ל",false,,21.90,4.9324,true,1,143569
7290017715674,false,A2 זית ירוק חרוזית תומר 560 גרם,,IL,זית ירוק חרוזית תומר,גרמים,560.00,100 גרם,false,,9.90,1.7679,true,1,228560
7290017812380,false,תירוש מיץ ענבים אדום,,,תירוש מיץ ענבים אדום,מיליליטרים,750.00,"100 מ""ל",false,,13.90,1.8533,true,1,161234
7290017812861,false,"יין וינו לבן יבש 750 מ""ל",יקבי כרמל,IL,יין וינו לבן יבש יקב,מיליליטרים,750.00,"100 מ""ל",false,,23.90,3.1867,true,1,335332
7290017872193,false,טוסו עוגיות שקדים וקינמון ללא סוכר 200 גרם,היינץ צפון אמריקה מק,IL,עוגיות שקדים וקינמון,גרמים,200.00,100 גרם,false,,19.90,9.9500,true,1,236969
7290017884455,false,ג'חנון 600 גרם מאפית,מאפיית א.ש.ייצור ושי,,ג'חנון 600 גרם מאפית,גרמים,600.00,100 גרם,false,,23.90,3.9833,true,1,139360
7290017888644,false,"משקה אננס בננה כורכום פרות & ווג 350 מ""ל",פרוט אנד וג' Fruit & Veg,IL,פרוט & וג' אננס בננה,גרמים,330.00,100 גרם,false,,8.90,2.6970,true,1,222793
7290017888729,false,שוופס סודה בקבוק 1 ל',"יפאורה תבורי בע""מ",IL,שוופס סודה 1 ליטר,ליטרים,1.00,ליטר,false,,4.90,4.9000,true,1,233127
7290017888972,false,בקבוק מי עדן פקק ספורט 1 ליטר,מופק ממקור בזלתי עדן,IL,מי עדן פקק ספורט 1 ל,ליטרים,1.00,ליטר,false,,4.90,4.9000,true,1,238584
7290017928036,false,מאיר בייגל מקלות גריסיני שומשום 175 ג',מאיר בייגל,IL,מקלות גריסיני שומשום,גרמים,175.00,100 גרם,false,,13.90,7.9429,true,1,210730
7290017928616,false,מאיר בייגל שטוחהלה שומשום 300 גר',מאיר בייגל,IL,שטוחלה שומשום מאיר ב,גרמים,300.00,100 גרם,false,,13.90,4.6333,true,1,210741
7290017928746,false,פירורי בייגלה מאיר בייגל 200 גר,,,פירורי בייגלה מאיר ב,גרמים,200.00,100 גרם,false,,7.90,3.9500,true,1,411134
7290017941219,false,כפות 40 יח' עבה במיו,,,כפות 40 יח' עבה במיו,יחידה,0.00,יחידה,false,,8.90,0.0000,true,1,293178
7290017941226,false,מזלגות 40 יח' עבה במ,,,מזלגות 40 יח' עבה במ,יחידה,0.00,יחידה,false,,8.90,0.0000,true,1,293197
7290017941288,false,נר נשמה 24 שעות,,,נר נשמה 24 שעות,יחידה,0.00,יחידה,false,,2.50,0.0000,true,1,330136
7290017941370,false,להבונים 50 יח' 3 שעו,,,להבונים 50 יח' 3 שעו,יחידה,0.00,יחידה,false,,10.90,0.0000,true,1,330154
7290017941417,false,כוסות 10OZ לשתייה חמ,,,כוסות 10OZ לשתייה חמ,יחידה,0.00,יחידה,false,,19.90,0.0000,true,1,319501
7290017941455,false,כוסות 9oz לשתיה חמה,,,כוסות 9oz לשתיה חמה,יחידה,0.00,יחידה,false,,14.90,0.0000,true,1,307797
7290017941462,false,50 כוסות שתייה חמה 8B,,,כוסות שתיה חמה 8B י,יחידה,0.00,יחידה,false,,10.90,0.0000,true,1,300033
7290017941660,false,מארז תבניות לחלה עבו,,,מארז תבניות לחלה עבו,יחידה,0.00,יחידה,false,,14.90,0.0000,true,1,292617
7290017941790,false,ניילון נצמד 30*30 עם,,,ניילון נצמד 30*30 עם,מטרים,30.00,מטר,false,,9.90,0.3300,true,1,330155
7290017941820,false,כוסות שתיה קרה כחול,,,כוסות שתיה קרה כחול,יחידה,0.00,יחידה,false,,14.90,0.0000,true,1,285271
7290017941905,false,קיסמים במלחיה 300 יח,,,קיסמים במלחיה 300 יח,יחידה,0.00,יחידה,false,,3.90,0.0000,true,1,295305
7290017941929,false,"שיפודי יקטורי 18 ס""מ",,,"שיפודי יקטורי 18 ס""מ",יחידה,0.00,יחידה,false,,7.90,0.0000,true,1,295324
7290017941943,false,שיפודי במבוק עובי 3,,,שיפודי במבוק עובי 3,יחידה,0.00,יחידה,false,,3.90,0.0000,true,1,295307
7290017947105,false,לחם בסגנון אמריקה 500 גר',מאפיית שלמה א. אנג'ל,IL,לחם בסגנון אמריקה אנ,גרמים,500.00,100 גרם,false,,15.90,3.1800,true,1,212551
7290017947464,false,מארז 8 פיתות מקמח כוסמין מלא 400ג',"איטיליאן פוד, אס.פי.",IL,שמיניית פיתות כוסמין,גרמים,400.00,100 גרם,false,,17.90,4.4750,true,1,259917
7290017947891,false,לחם כוסמין וחיטה מלאה 750 ג' אנג'ל,מאפיית שלמה א. אנג'ל,IL,לחם כוסמין וחיטה מלא,גרמים,750.00,100 גרם,false,,17.90,2.3867,true,1,211391
7290017947921,true,מארז לחמניות המבורגר,,,מארז לחמניות המבורגר,גרמים,450.00,100 גרם,false,,15.90,3.5333,true,1,235072
7290017947938,false,מיני לחמניות המבורגר בסגנון אמריקה 400 ג' אנג'ל,מאפיית שלמה א. אנג'ל,IL,8 לחמניות המבורגר בס,גרמים,4000.00,100 גרם,false,,15.90,0.3975,true,1,275439
7290018045312,false,זוג ספוגי ניקוי סקראב דדי,,US,ספוגים SCOUR DADDY,יחידה,0.00,יחידה,false,,18.90,0.0000,true,1,504227
7290018091029,false,מקלות פילו תפוחי אדמה מעדנות 450 ג',"מעדנות בע""מ",IL,מקלות פילו תפוח אדמה,גרמים,450.00,100 גרם,false,,18.90,4.2000,true,1,245103
7290018131855,false,אקסטרים טילון בראוניז מאגדת 6 יח 432 גרם,גלידות נסטלה (נגה גל,IL,אקסטרים מאגדת טילון,גרמים,432.00,100 גרם,false,,39.90,9.2361,true,1,312097
7290018237281,false,עוף טוב נקניק סלמי ירדן 550 גר',עיצובים 2020 (4.9),IL,נקניק סלמי ירדן עוף,גרמים,550.00,100 גרם,false,,25.90,4.7091,true,1,353611
7290018237373,false,עוף טוב פסטרמה צרובה על הגריל נתח שלם 8*300 גרם,"עוף טוב (שאן) בע""מ",IL,פסטרמה צרובה על הגרי,גרמים,300.00,100 גרם,false,,30.90,10.3000,true,1,329229
7290018237397,false,עוף טוב פסטרמה מקורמלת נתח שלם 8*300 גרם,מולינו ניקולי s.p.a,IL,פסטרמה מקורמלת נתח ש,גרמים,300.00,100 גרם,false,,30.90,10.3000,true,1,329230
7290018237960,false,עוף טוב כתף בקר עסיסי 265 גר',עיצובים 2020 (4.9),IL,כתף בקר עסיסי עוף טו,גרמים,265.00,100 גרם,false,,27.90,10.5283,true,1,475092
7290018333624,false,גרנולפלקס חלבה ושקדים 500 גרם כשלפ,,,גרנולפלקס חלבה ושקדי,גרמים,500.00,100 גרם,false,,25.90,5.1800,true,1,409110
7290018344101,false,חטיף חלבון בטעם קקאו וקפה 50 ג' VEG PROTEIN,טבע ירוק,IL,חטיף חלבון קקאו וקפה,גרמים,50.00,100 גרם,false,,12.90,25.8000,true,1,361799
7290018359082,false,מחית תפוחי עץ לאפיה,זנלכל,IL,מחית תפוחי עץ לאפיה,גרמים,550.00,100 גרם,false,,9.90,1.8000,true,1,241159
7290018359129,false,יכין פולפה עגבניות חתוכות מקולפות דק 690 ג',אמיליאנה קונסרב,IT,פאסאטה מחית עגבניות,גרמים,690.00,100 גרם,false,,10.90,1.5797,true,1,291265
7290018359334,false,רכז עגבניות טבעי פריכוז שף יכין 580 גרם,זנלכל,IL,רכז עגבניות טבעי פרי,גרמים,580.00,100 גרם,false,,10.90,1.8793,true,1,264963
7290018359495,false,תירס מהשדה בלי תוספת סוכר יכין 550 גרם,היינץ צפון אמריקה מק,IL,תירס מהשדה בלי תוספת,גרמים,550.00,100 גרם,false,,10.90,1.9818,true,1,265003
7290018359686,false,חומוס ענק יכין 550 גרם,היינץ צפון אמריקה מק,IL,חומוס ענק יכין 550 ג,גרמים,550.00,100 גרם,false,,10.90,1.9818,true,1,345987
7290018359853,false,עדשים שחורות יכין 400 גרם,"זנלכל בע""מ",IL,עדשים שחורות יכין 40,גרמים,400.00,100 גרם,false,,8.90,2.2250,true,1,345972
7290018440230,false,צ'אי ורדים 25 שק' ויסוצקי,ויסוצקי,IL,חווית הצ'אי- ורדים 2,גרמים,50.00,100 גרם,false,,23.90,47.8000,true,1,365329
7290018440247,false,צ'אי שקדים 25 שק' ויסוצקי,ויסוצקי,IL,חווית הצ'אי- שקדים 2,גרמים,50.00,100 גרם,false,,23.90,47.8000,true,1,365330
7290018468432,false,נקניק טבעוני בטעם מעושן 100 גרם טירת צבי,טיב טירת צבי 2000,IL,נקניק טבעוני בטעם פי,גרמים,100.00,100 גרם,false,,16.90,16.9000,true,1,492733
7290018471463,false,תפוזינה נקטר תפוז מנגו קרטונית 1 ליטר,"יפאורה תבורי בע""מ",IL,נקטר תפוזינה ENJOY ב,ליטרים,1.00,ליטר,false,,7.90,7.9000,true,1,311752
7290018471470,false,תפוזינה נקטר תפוז פסיפלורה קרטונית 1 ליטר,"יפאורה תבורי בע""מ",IL,נקטר תפוזינה ENJOY ב,ליטרים,1.00,ליטר,false,,7.90,7.9000,true,1,311753
7290018471487,false,תפוזינה נקטר תפוז אננס קרטונית 1 ליטר,"יפאורה תבורי בע""מ",IL,נקטר תפוזינה ENJOY ב,ליטרים,1.00,ליטר,false,,7.90,7.9000,true,1,311754
7290018471494,false,תפוזינה משקה תפוז גזר קרטונית 1 ליטר,"יפאורה תבורי בע""מ",IL,נקטר תפוזינה ENJOY ב,ליטרים,1.00,ליטר,false,,7.90,7.9000,true,1,311755
7290018471616,false,שוופס אינדיאן טוניק 1 ליטר,"יפאורה תבורי בע""מ",IL,שוופס טוניק קלאסי 1,ליטרים,1.00,ליטר,false,,10.80,10.8000,true,1,314337
7290018471746,false,משקה אלוורה בטעם קיווי תווית 1 ל',"טרופיקל דגיל בע""מ אז",KR,משקה אלוורה קינג בטע,ליטרים,1.00,ליטר,false,,12.40,12.4000,true,1,323698
7290018471906,false,שוופס מוגז פירות לימונדה ורודה 1.5 ליטר פיקדון,"יפאורה תבורי בע""מ",IL,שוופס מוגז לימונדה ו,ליטרים,1.50,ליטר,false,,9.90,6.6000,true,1,368684
7290018471913,false,שוופס מוגז פירות תפוחים 1.5 ליטר-,"יפאורה תבורי בע""מ",IL,שוופס פרוטס תפוחים 1,ליטרים,1.50,ליטר,false,,9.90,6.6000,true,1,368699
7290018471920,false,שוופס מוגז פירות ענבים 1.5 ליטר פיקדון,"יפאורה תבורי בע""מ",IL,שוופס ענבים מוגז 1.5,ליטרים,1.50,ליטר,false,,9.90,6.6000,true,1,368700
7290018471937,false,שוופס מוגז פירות תות ליים 1.5 ליטר פיקדון,"יפאורה תבורי בע""מ",IL,שוופס מוגז פירות תות,ליטרים,1.50,ליטר,false,,9.90,6.6000,true,1,368701
7290018471944,false,שוופס מוגז פירות לימונייד 1.5 ליטר פיקדון,"יפאורה תבורי בע""מ",IL,שוופס מוגז למונייד 1,ליטרים,1.50,ליטר,false,,9.90,6.6000,true,1,368702
7290018471951,false,שוופס מוגז פירות אשכולית אדומה 1.5 ליטר פיקדון,"יפאורה תבורי בע""מ",IL,שוופס פרוטס אשכולית,ליטרים,1.50,ליטר,false,,9.90,6.6000,true,1,368717
7290018500361,false,לחם אנג'ל אחיד פרוס 900 גר',מאפיית שלמה א. אנג'ל,IL,לחם אחיד פרוס מאפיית,גרמים,900.00,100 גרם,false,,8.53,0.9478,true,1,454555
7290018500385,true,חלה רגילה אנגל 650 ג,,,חלה רגילה אנגל 650 ג,גרמים,650.00,100 גרם,false,,6.50,1.0000,true,1,477843
7290018500392,true,חלה קלועה אנגל 650 ג,,,חלה קלועה אנגל 650 ג,גרמים,650.00,100 גרם,false,,6.50,1.0000,true,1,477844
7290018540329,false,שקית פיתה פיתה בלדי 800 ג' אנג'ל,מאפיית שלמה א. אנג'ל,IL,פיתה פיתה אנגל 880 ג,יח',10.00,יח',false,,13.90,1.3900,true,1,289573
7290018540831,false,לחם מחמצת חיטה מלאה וגרעינים 500 ג' ארטיזנל,מאפיית אורנים,IL,לחם מחמצת חיטה מלאה,גרמים,500.00,100 גרם,false,,19.90,3.9800,true,1,419294
7290018571590,false,שמן שקדים מזוכך מיה,,,שמן שקדים מזוכך מיה,ליטרים,1.00,100 ליטר,false,,28.90,2890.0000,true,1,421808
7290018571705,false,"אורז יסמין 1 ק""ג מיה.",,IL,"אורז יסמין 1 ק""ג",קילוגרמים,1.00,"ק""ג",false,,12.90,12.9000,true,1,449593
7290018571736,false,אורז בסמטי הודי 1ק''ג,,IL,"אורז בסמטי 1 ק""ג",קילוגרמים,1.00,"ק""ג",false,,12.90,12.9000,true,1,449623
7290018626023,false,צלחות וינטג' קטנות 1,,,צלחות וינטג' קטנות 1,יחידה,0.00,יחידה,false,,13.90,0.0000,true,1,304167
7290018626108,false,קערות אובליות שקוף 5,,,קערות אובליות שקוף 5,יחידה,0.00,יחידה,false,,11.90,0.0000,true,1,292637
7290018626474,false,כוסות מעוטרות 40 יח',,,כוסות מעוטרות 40 יח',יחידה,0.00,יחידה,false,,9.90,0.0000,true,1,285272
7290018626535,false,שקיות נייר לכריכים 5,,,שקיות נייר לכריכים 5,יחידה,0.00,יחידה,false,,8.90,0.0000,true,1,304215
7290018626610,false,צימרונים לאוזנים מאר,,,צימרונים לאוזנים מאר,יחידה,0.00,יחידה,false,,9.90,0.0000,true,1,335705
7290018626634,false,מארז תבניות רוסטר עמ,,,מארז תבניות רוסטר עמ,יחידה,0.00,יחידה,false,,15.90,0.0000,true,1,387314
7290018652671,false,"לה קרמריה שוקולד וניל 1.4 ליטר [תו אי""ל]",גלידות נסטלה,IL,גלידת שוקו וניל מופח,גרמים,0.00,100 גרם,false,,25.90,0.0000,true,1,404766
7290018720103,false,וופל שוקו ללא סוכר 250 ג' מעדני מלך,"גילרו בע""מ",IL,אפיפיות בטעם שוקו לל,גרמים,250.00,100 גרם,false,,8.90,3.5600,true,1,365360
7290018795842,false,שיני שום קלופות 500 גר',מרינה,IL,שיני שום קלופות 500,גרמים,500.00,100 גרם,false,,18.90,3.7800,true,1,456080
7290018886144,false,מפיות תלת שכבתיות 20,,,מפיות תלת שכבתיות 20,יחידה,0.00,יחידה,false,,5.90,0.0000,true,1,352677
7290018886175,false,כפיות עבות 50 יח' ש,,,כפיות עבות 50 יח' ש,יחידה,0.00,יחידה,false,,10.90,0.0000,true,1,335720
7290018886502,false,כפיות מהודרות זהב 10,,,כפיות מהודרות זהב 10,יחידה,0.00,יחידה,false,,6.90,0.0000,true,1,384509
7290018886809,false,קערת סלט בועות שקוף,,,קערת סלט בועות שקוף,יחידה,0.00,יחידה,false,,8.90,0.0000,true,1,357787
7290018886991,false,שמן קנולה אלומות 1 ל,סקנולה,EE,שמן קנולה אלומות 1 ל,ליטרים,1.00,ליטר,false,,12.90,12.9000,true,1,351192
7290018893340,false,מקלות אפויים בתוספת שומשום Salty,צ'וקטה Chocketa,US,צ'וקטה גריסיני שומשו,גרמים,120.00,100 גרם,false,,10.00,8.3333,true,1,456698
7290018893456,false,צ'וקטה מארז עוגות אישיות במילוי קרם ובציפוי שוקולד 10*30ג,פרדי קונדטוריה אס.פי,IT,צ'וקטה עוגות אישיות,יחידה,300.00,יחידה,false,,14.90,0.0497,true,1,340149
7290018894019,false,עוגות אישיות במילוי קרם חלבי ובציפוי קרם קקאו,בלקוני Balconi,IT,עוגות אישיות מיקס מק,גרמים,350.00,100 גרם,false,,15.90,4.5429,true,1,436695
7290018894200,false,בלקוני וופל קוביות ויל 250 גרם חלבי OU,בלקוני Balconi,IT,בלקוני קוביות וופל ו,גרמים,250.00,100 גרם,false,,13.90,5.5600,true,1,446932
7290018894408,false,קוביות וופל במילוי קרם אגוזי לוז - חלבי,בלקוני Balconi,IT,בלקוני קוביות וופל א,גרמים,250.00,100 גרם,false,,13.90,5.5600,true,1,446933
7290018925089,false,"מיץ פרימור תפו""ע צלול סחוט 2 ליטר-","גניר (1992) בע""מ",IL,פרימור מיץ תפוחים צל,ליטרים,2.00,ליטר,false,,28.90,14.4500,true,1,376175
7290018925409,false,"מיץ לימון ואננס 400 מ""ל פרימור","גניר בע""מ",IL,משקה קל לימון אננס פ,מיליליטרים,400.00,"100 מ""ל",false,,8.50,2.1250,true,1,468268
7290018989005,false,שלישיית פולפה עגבניות טבעי יכין 400X3 גרם,זנלכל,IL,פולפה טבעית יכין 3*,קילוגרמים,1.20,"ק""ג",false,,17.90,14.9167,true,1,393187
7290018989081,false,חומוס הבית להכנת חומוס טרי יכין 400 גר,זנלכל,IL,חומוס הבית יכין 400,גרמים,400.00,100 גרם,false,,9.90,2.4750,true,1,451710
7290019031062,false,תבנית R-2 מלבנית 7 י,,,תבנית R-2 מלבנית 7 י,יחידה,0.00,יחידה,false,,9.90,0.0000,true,1,411085
7290019031086,false,תבנית R-31 גדולה 7 י,,,תבנית R-31 גדולה 7 י,יחידה,0.00,יחידה,false,,9.90,0.0000,true,1,411087
7290019031185,false,כפפות לטקס 100 יח' M,,,כפפות לטקס 100 יח' M,יחידה,0.00,יחידה,false,,32.90,0.0000,true,1,401509
7290019031192,false,כפפות לטקס 100 יח' L,,,כפפות לטקס 100 יח' L,יחידה,0.00,יחידה,false,,32.90,0.0000,true,1,401493
7290019031307,false,לפתניות לבנות 25 יח',,,לפתניות לבנות 25 יח',יחידה,0.00,יחידה,false,,6.90,0.0000,true,1,405641
7290019031338,false,"צלחות קטנות 7"" לבנות",,,"צלחות קטנות 7"" לבנות",יחידה,0.00,יחידה,false,,9.90,0.0000,true,1,405658
7290019031437,false,אשפתון 65X75 XL חזק,,,אשפתון 65X75 XL חזק,יחידה,0.00,יחידה,false,,20.90,0.0000,true,1,430552
7290019031444,false,אשפתון 65X54 XL חזקו,,,אשפתון 65X54 XL חזקו,יחידה,0.00,יחידה,false,,19.90,0.0000,true,1,430553
7290019031581,false,מארז 10 גביעיים + מכ,,,מארז 10 גביעיים + מכ,ליטרים,500.00,ליטר,false,,10.90,0.0218,true,1,411878
7290019031598,false,מארז 5 מכלים + מכסים,,,מארז 5 מכלים + מכסים,ליטרים,0.50,ליטר,false,,10.90,21.8000,true,1,411879
7290019031611,false,מארז 4 מכלים + מכסים,,,מארז 4 מכלים + מכסים,ליטרים,1.00,ליטר,false,,10.90,10.9000,true,1,411926
7290019031666,false,WIZ צלחות קטנות שקופ,,,WIZ צלחות קטנות שקופ,יחידה,0.00,יחידה,false,,10.90,0.0000,true,1,467134
7290019031697,false,WIZ לפתניות שקופות 2,,,WIZ לפתניות שקופות 2,יחידה,0.00,יחידה,false,,6.90,0.0000,true,1,467153
7290019056027,false,שוופס מוגז פירות תפוחים ללא סוכר 1.5 ליטר פיקדון,"יפאורה תבורי בע""מ",IL,שוופס מוגז פירות תפו,ליטרים,1.50,ליטר,false,,8.90,5.9333,true,1,368718
7290019056065,false,שוופס מוגז עדין פירות יער 1.5 ליטר פיקדון,"יפאורה תבורי בע""מ",IL,שוופס מוגז עדין פירו,ליטרים,1.50,ליטר,false,,8.90,5.9333,true,1,368386
7290019056096,false,שוופס מוגז עדין אפרסק 1.5 ליטר פיקדון,"יפאורה תבורי בע""מ",IL,שוופס מוגז עדין אפרס,ליטרים,1.50,ליטר,false,,8.90,5.9333,true,1,368419
7290019056119,false,שוופס סודה 1.5 ליטר פיקדון,"יפאורה תבורי בע""מ",IL,שוופס סודה 1.5ליטר,ליטרים,1.50,ליטר,false,,4.50,3.0000,true,1,368254
7290019056164,false,שוופס סודה 1.5 ליטר רביעייה פיקדון,"יפאורה תבורי בע""מ",IL,שוופס סודה 4*1.5ליטר,ליטרים,6.00,ליטר,false,,13.10,2.1833,true,1,368270
7290019056171,false,שוופס סודה לימון 1.5 ליטר רביעייה פיקדון,"יפאורה תבורי בע""מ",IL,שוופס סודה לימון 4*1,ליטרים,6.00,ליטר,false,,13.10,2.1833,true,1,368287
7290019056256,false,שוופס מים בטעמים תפוחים 1.5 ליטר פיקדון,יפאורה תבורי בעמ,IL,שוופס וואטר בטעם תפו,ליטרים,1.50,ליטר,false,,9.50,6.3333,true,1,368208
7290019056263,false,שוופס מים בטעמים אפרסק 1.5 ליטר פיקדון,יפאורה תבורי בעמ,IL,שוופס וואטר אפרסק 1.,ליטרים,1.50,ליטר,false,,9.50,6.3333,true,1,368209
7290019056300,false,משקה בטעם ביטר לימון 1.5 ל' שוויפס,"יפאורה תבורי בע""מ",IL,שוופס ביטר לימון 1.5,ליטרים,1.50,ליטר,false,,12.90,8.6000,true,1,368781
7290019056324,false,שוופס טוניק 1.5 ליטר פיקדון,"יפאורה תבורי בע""מ",IL,שוופס מי טוניק 1.5 ל,ליטרים,1.50,ליטר,false,,12.90,8.6000,true,1,368783
7290019056331,false,שוופס טוניק ללא סוכר 1.5 ליטר פיקדון,יפאורה תבורי בעמ,IL,שוופס טוניק ללא סוכר,ליטרים,1.50,ליטר,false,,11.90,7.9333,true,1,368784
7290019056362,false,תפוזינה ענבים 1.5 ליטר פיקדון,"יפאורה תבורי בע""מ",IL,תפוזינה ענבים 1.5 לי,ליטרים,1.50,ליטר,false,,9.50,6.3333,true,1,367881
7290019056379,false,תפוזינה תפוזים 1.5 ליטר פיקדון,"יפאורה תבורי בע""מ",IL,תפוזינה תפוזים 1.5 ל,ליטרים,1.50,ליטר,false,,9.50,6.3333,true,1,367932
7290019056423,false,מיץ בטעם תפוח רענן 1.5ל' תפוזינה,"יפאורה תבורי בע""מ",IL,תפוזינה תפוח רענן 1.,ליטרים,1.50,ליטר,false,,9.50,6.3333,true,1,367996
7290019056508,false,פרוט ווטר ענבים 1.5 ליטר פיקדון,"יפאורה תבורי בע""מ",IL,פרוט ווטר ענבים 1.5,ליטרים,1.50,ליטר,false,,9.50,6.3333,true,1,368117
7290019056539,false,פרוט ווטר אפרסק 1.5 ליטר פיקדון,"יפאורה תבורי בע""מ",IL,פרוט ווטר אפרסק 1.5,ליטרים,1.50,ליטר,false,,9.50,6.3333,true,1,368177
7290019056546,false,פרוט ווטר אבטיח 1.5 ליטר פיקדון,"יפאורה תבורי בע""מ",IL,פרוט ווטר אבטיח 1.5,ליטרים,1.50,ליטר,false,,9.50,6.3333,true,1,368178
7290019056553,false,עין גדי מים מינרלים 2 ליטר*6 יח',עין גדי מים מינרליים,IL,עין גדי מים מינרלים,ליטרים,12.00,ליטר,false,,13.80,1.1500,true,1,368944
7290019056560,false,עין גדי 2 ליטר בק' בודד פיקדון,יפאורה תבורי,IL,עין גדי מים מינרלים,ליטרים,2.00,ליטר,false,,4.50,2.2500,true,1,368945
7290019056577,false,ספרינג מנגו 1.5 ליטר פיקדון,"יפאורה תבורי בע""מ",IL,ספרינג מנגו 1.5 ליטר,ליטרים,1.50,ליטר,false,,9.50,6.3333,true,1,367636
7290019056607,false,ספרינג תפוחים 1.5 ליטר פיקדון,"יפאורה תבורי בע""מ",IL,ספרינג תפוחים 1.5 לי,ליטרים,1.50,ליטר,false,,9.50,6.3333,true,1,367698
7290019056621,false,ספרינג פירות טרופיים 1.5 ליטר פיקדון,"יפאורה תבורי בע""מ",IL,ספרינג פירות טרופיים,ליטרים,1.50,ליטר,false,,9.50,6.3333,true,1,367716
7290019056638,false,ספרינג תות בננה 1.5 ליטר פיקדון,"יפאורה תבורי בע""מ",IL,ספרינג תות בננה 1.5,ליטרים,1.50,ליטר,false,,9.50,6.3333,true,1,367717
7290019056652,false,ספרינג אננס בננה 1.5 ליטר פיקדון,"יפאורה תבורי בע""מ",IL,ספרינג אננס בננה 1.5,ליטרים,1.50,ליטר,false,,9.50,6.3333,true,1,367763
7290019056720,false,קריסטל מיץ ענבים 2 ליטר פיקדון,יפאורה תבורי,IL,קריסטל מיץ ענבים 2 ל,ליטרים,2.00,ליטר,false,,8.50,4.2500,true,1,368799
7290019056744,false,קריסטל מיץ תפוזים 2 ליטר פיקדון,יפאורה תבורי,IL,קריסטל מיץ תפוזים 2,ליטרים,2.00,ליטר,false,,8.50,4.2500,true,1,368815
7290019056805,false,קריסטל מוגז תפוחים 2 ליטר פיקדון,יפאורה תבורי,IL,משקה מוגז קריסטל תפו,ליטרים,2.00,ליטר,false,,8.50,4.2500,true,1,368849
7290019056959,false,מי עדן 1.5 ליטר בק' בודד פיקדון,מופק ממקור בזלתי עדן,IL,מי עדן 1.5 ליטר,ליטרים,1.50,ליטר,false,,3.90,2.6000,true,1,380063
7290019056973,false,שישיית מי עדן 1.5 ליטר משפחתי,מופק ממקור בזלתי עדן,IL,מי עדן 6*1.5 ליטר,ליטרים,9.00,ליטר,false,,14.90,1.6556,true,1,368898
7290019153252,false,שוופס סודה תפוח 1.5 ליטר רביעייה פיקדון,יפאורה תבורי,IL,שוופס סודה תפוח 4*1.,ליטרים,6.00,ליטר,false,,13.10,2.1833,true,1,434329
7290019204404,false,קורנביף נתח שלם 220 ג' עוף טוב,עוף טוב,IL,קורנביף בציפוי פלפל,גרמים,220.00,100 גרם,false,,27.90,12.6818,true,1,475110
7290019230007,false,חלה קמח כוסמין ספיישל בייקרי,ספיישל בייקרי,IL,חלה כוסמין ארוזה ביי,גרמים,500.00,100 גרם,false,,17.90,3.5800,true,1,370608
7290019230021,false,חלה גדולה ספיישל ביקרי,ספיישל בייקרי,IL,חלה גדולה ארוזה בייק,גרמים,500.00,100 גרם,false,,15.90,3.1800,true,1,370610
7290019232094,false,חליטת פירות וצמחים בטעם אפרסק 25 שקיקים ויסוצקי,ויסוצקי,IL,חליטת פירות וצמחים ב,גרמים,37.50,100 גרם,false,,19.90,53.0667,true,1,450339
7290019245001,false,שמן קנולה אלומות 1 ל,סקנולה,EE,שמן קנולה אלומות 1 ל,ליטרים,1.00,ליטר,false,,12.90,12.9000,true,1,429088
7290019297239,false,צימוק חום 250 גרם ששון הקולה,"דין שיווק וקליה בע""מ",,צימוק כהה 250 גרם,גרמים,250.00,100 גרם,false,,14.90,5.9600,true,1,6813
7290019297628,false,שקד טבעי 150 גרם ששון הקולה שקית,"דין שיווק וקלייה בע""",IL,שקד טבעי 150 גרם ששו,גרמים,150.00,100 גרם,false,,15.90,10.6000,true,1,6834
7290019303701,false,טבע ירוק פינוקית שומשום מיקס ישראלי 250ג,טבע ירוק,IL,פינוקיות שומשום מיקס,גרמים,220.00,100 גרם,false,,19.90,9.0455,true,1,486673
7290019393061,false,"קמח כוסמין 100% ללא צורך בניפוי 1 ק""ג האופה",,IL,קמח כוסמין מלא מנופה,קילוגרמים,1.00,"ק""ג",false,,18.90,18.9000,true,1,497545
7290100240144,false,"תרסיס למייבש כביסה ורוד 500 מ""ל בדין","זוהר דליה, קיבוץ דלי",IL,בדין תרסיס למייבש כב,מיליליטרים,500.00,"100 מ""ל",false,,22.90,4.5800,true,1,12832
7290100243671,false,מרכך כביסה מרכך כביסה בדין אקסטרה 1 ל',יוניליוור סנאיי וי ט,TR,בדין אקסטרא כחול-960,מיליליטרים,960.00,"100 מ""ל",false,,18.90,1.9687,true,1,12849
7290100412343,false,קוויק מגבונים לניקוי כללי בניחוח לימון 50 יח',DPL,IL,מגבונים לניקוי וחיטו,יחידה,0.00,יחידה,false,,8.90,0.0000,true,1,32987
7290100572368,false,אביזרי מטבח,,,אביזרי מטבח,יחידה,0.00,יחידה,false,,19.90,0.0000,true,1,39074
7290100572702,false,אביזרי מטבח ב-11.00,,,אביזרי מטבח ב-11.00,יחידה,0.00,יחידה,false,,10.90,0.0000,true,1,39078
7290100575086,false,אביזרי מטבח ב-6.99,,,אביזרי מטבח ב-6.99,יחידה,0.00,יחידה,false,,6.90,0.0000,true,1,39087
7290100680650,false,מנה חמה נודלס-אטריות ירקות טעם תאילנדי אסם 76 ג',THAI PRESIDENT FOODS,TH,מנה חמה נודלס תאילנד,גרמים,76.00,100 גרם,false,,6.90,9.0789,true,1,22712
7290100680711,false,פירורית זהב אסם זהב 350ג',עינת תעשיות מזון אגו,IL,אסם פירורית זהב 350,גרמים,350.00,100 גרם,false,,9.90,2.8286,true,1,68408
7290100680728,false,פירורית רגילה שקית 350 גרם,מיוצר עי קונדיטוריית,IL,פירורית רגילה שקית 3,גרמים,350.00,100 גרם,false,,8.90,2.5429,true,1,22715
7290100681138,false,מארז אפרופו חטיף תירס 3 יחידות,"אסם השקעות בע""מ",IL,אפרופו מאח 3*50 גר',גרמים,150.00,100 גרם,false,,13.90,9.2667,true,1,22719
7290100683880,false,תבשילים משפחתיים פירה 260 גרם,"אסם השקעות בע""מ",IL,פירה אסם 260 גרם,גרמים,260.00,100 גרם,false,,16.90,6.5000,true,1,22732
7290100684139,false,פסטה אסם מיני מקרוני 500 גרם,פסטה זארה,IL,מיני מקרוני אסם 500,גרמים,500.00,100 גרם,false,,6.90,1.3800,true,1,22733
7290100685136,false,"מרק טעם עוף 1 ק""ג בשקית","אסם השקעות בע""מ",IL,מרק בטעם עוף אסם 1 ק,קילוגרמים,1.00,"ק""ג",false,,17.90,17.9000,true,1,22741
7290100685334,false,מרק עוף אמיתי מרכיבים טבעיים 400 גרם,"אסם השקעות בע""מ",IL,מרק עוף מרכיבים טבעי,גרמים,400.00,100 גרם,false,,27.90,6.9750,true,1,22743
7290100685341,false,מרק תיבול טעם עוף זך רכיבים טיבעיים 400,"אסם השקעות בע""מ",IL,מרק זך טעם עוף רכיבי,גרמים,400.00,100 גרם,false,,19.90,4.9750,true,1,22744
7290100686171,false,מארז מולטיפק ביסלי גריל 6 יח 35 גר ליח,אסם תעשיות,IL,ביסלי גריל מאח.8 6*3,גרמים,210.00,100 גרם,false,,14.90,7.0952,true,1,22753
7290100687109,false,במבה במילוי קרם נוגט 60ג' אסם,"אסם השקעות בע""מ",IL,במבה במילוי קרם נוגט,גרמים,60.00,100 גרם,false,,5.90,9.8333,true,1,22756
7290100689301,false,אבקת מרק עוף זך עדיף אסם 400 גר',"אסם השקעות בע""מ",IL,מרק בטעם עוף זך אסם,גרמים,400.00,100 גרם,false,,16.90,4.2250,true,1,22763
7290100700242,false,"אורז מלא עגול סוגת 1 ק""ג","סוגת תעשיות בע""מ",IL,סוגת אורז מלא עגול 1,קילוגרמים,1.00,"ק""ג",false,,12.90,12.9000,true,1,20719
7290100700372,false,"סוגת אורז בסמטי מלא 1 ק""ג",האי נאם סי או אל.טי.,IL,אורז בסמטי מלא 1 ק'ג,קילוגרמים,1.00,"ק""ג",false,,14.90,14.9000,true,1,20727
7290100701331,false,קמח רב תכליתי שטיבל קמח חיטה לבן בהיר,"שטיבל בע""מ - טחנות ק",IL,קמח רב תכליתי סוגת,קילוגרמים,1.00,"ק""ג",false,,8.90,8.9000,true,1,20740
7290100701386,false,קמח לחלה קמח חיטה לבן שטיבל,"שטיבל בע""מ - טחנות ק",IL,"קמח לחלה סוגת 1 ק""ג",קילוגרמים,1.00,"ק""ג",false,,8.90,8.9000,true,1,68108
7290100701409,false,קמח תירס סוגת 500 גר,,IL,קמח תירס סוגת 500 גר,גרמים,500.00,100 גרם,false,,7.90,1.5800,true,1,20744
7290100701577,false,קמח לחם קמח חיטה לבן שטיבל,שטיבל טחנות קמח,IL,קמח לחם מועשר בויטמי,קילוגרמים,1.00,"ק""ג",false,,8.90,8.9000,true,1,20747
7290100702260,false,קוסקוס דק סוגת 350 גר',"אסיף תעשיות מזון בע""",IL,קוסקוס דק סוגת 350 ג,גרמים,350.00,100 גרם,false,,5.90,1.6857,true,1,20756
7290100702277,false,קוסקוס עבה סוגת 350 גר',"אסיף תעשיות מזון בע""",IL,קוסקוס עבה סוגת 350,גרמים,350.00,100 גרם,false,,5.90,1.6857,true,1,68113
7290100702284,false,קוסקוס מלא סוגת 350 גרם,סוגת,IL,קוסקוס מלא סוגת 350,גרמים,350.00,100 גרם,false,,5.90,1.6857,true,1,68114
7290100702383,false,"קמח תופח סוגת 1 ק""ג",שטיבל טחנות קמח,IL,"קמח תופח סוגת 1 ק""ג",קילוגרמים,1.00,"ק""ג",false,,8.90,8.9000,true,1,20761
7290100702741,false,"סוכר חום בהיר בצנצנת 1 ק""ג סוגת",סוגת,IL,סוכר חום בהיר בצנצנת,קילוגרמים,1.00,"ק""ג",false,,14.50,14.5000,true,1,20780
7290100702987,false,פתיתי שיבולת שועל דק סוגת 500ג',סוגת תעשיות,,פתיתי שיבולת שועל סו,גרמים,500.00,100 גרם,false,,7.90,1.5800,true,1,68128
7290100702994,false,סוגת סוכר דמררה קלאסי בשקית 500 גרם,"סוגת תעשיות בע""מ",IL,סוכר דמררה בשקית סוג,גרמים,500.00,100 גרם,false,,6.90,1.3800,true,1,20798
7290100703533,false,קמח קסם תערובת קמח עם שמרים,"שטיבל בע""מ",IL,קמח קסם רב תכליתי סו,קילוגרמים,1.00,"ק""ג",false,,8.90,8.9000,true,1,119101
7290100703632,false,קמח חיטה מלא ללא צורך בניפוי,סוגת,,קמח מלא ללא ניפוי סו,קילוגרמים,1.00,"ק""ג",false,,8.90,8.9000,true,1,119108
7290100703649,false,"קמח מלא 80% חיטה ללא ניפוי סוגת 1ק""ג",סוגת,,קמח מלא חיטה 80% ללא,קילוגרמים,1.00,"ק""ג",false,,8.90,8.9000,true,1,119109
7290100703687,false,"קמח חלה ללא ניפוי 1 ק""ג סוגת",סוגת,,קמח חלה ללא ניפוי סו,קילוגרמים,1.00,"ק""ג",false,,8.90,8.9000,true,1,119111
7290100704141,false,סודה לשתייה 100 ג' סוגת,א.ל. ייצור ושיווק תב,IL,סוגת סודה לשתייה 100,גרמים,100.00,100 גרם,false,,2.90,2.9000,true,1,135654
7290100704615,false,סוכר לבן דק דק בצנצנת 500 גרם,סוגת,IL,סוכר לבן דק דק בצנצנ,גרמים,500.00,100 גרם,false,,9.90,1.9800,true,1,365181
7290100704622,false,סוכר דמררה דק דק בצנצנת 500 גרם,סוגת,IL,סוכר דמררה דק דק בצנ,גרמים,500.00,100 גרם,false,,9.90,1.9800,true,1,365182
7290100850909,false,דוריטוס נאצו מקסיקני 70 גרם,שטראוס פריטו ליי (מל,IL,דוריטוס נאצו מקסיקני,גרמים,70.00,100 גרם,false,,4.70,6.7143,true,1,26659
7290100850916,false,דוריטוס חמוץ חריף 70 גרם,"שטראוס פריטו ליי בע""",IL,דוריטוס חמוץ חריף 70,גרמים,70.00,100 גרם,false,,4.70,6.7143,true,1,26660
7290100850923,false,דוריטוס גריל 70 גרם,שטראוס פריטו ליי (מל,IL,דוריטוס גריל 70 גרם,גרמים,70.00,100 גרם,false,,4.70,6.7143,true,1,26661
7290100850930,false,דוריטוס טבעי 70 גרם,שטראוס פריטו ליי (מל,IL,דוריטוס טבעי 70 גרם,גרמים,70.00,100 גרם,false,,4.70,6.7143,true,1,26662
7290100858592,false,אבקת קקאו עלית שקית 150 ג',הנסיך- מפעל לייצור ט,IL,עלית קקאו 150ג,גרמים,150.00,100 גרם,false,,10.90,7.2667,true,1,25486
7290100921418,false,"הוואי - מרכך קרטין מחזק 700 מ""ל",תאי פרזידנט פוד פאבל,IL,מרכך קרטין מחזק הווא,מיליליטרים,700.00,"100 מ""ל",false,,10.90,1.5571,true,1,10023
7290100921593,false,מנקה אסלה סוד 4 כדוריות לאסלה לימון נתלה 50 ג',"הנקל סוד בע""מ",HU,סוד סבון 4 כדוריות ל,גרמים,50.00,100 גרם,false,,10.90,21.8000,true,1,39530
7290100924457,false,כדוריות סבון נתלה לאסלה לימון רענן - 3 יח',הנקל סוד,HU,סוד סבון 4 כדוריות ל,גרמים,150.00,100 גרם,false,,20.90,13.9333,true,1,39552
7290100926147,false,אבקת כביסה פרסיל קולור שקית 2.5 קג,"הנקל סוד בע""מ",IL,אבקת כביסה פרסיל קול,קילוגרמים,2.50,"ק""ג",false,,29.90,11.9600,true,1,39620
7290101110811,false,גלידל שלגון בטעם וניל מצופה סורבה פסיפלורה - 8 יח',הגלידות של פלדמן,IL,גלידל מאגדת בטעם פסי,גרמים,600.00,100 גרם,false,,34.90,5.8167,true,1,40938
7290101112228,false,גלידל פרי קרחון מופחת קלוריות בטעם אננס - 8 יח',הגלידות של פלדמן,IL,פופסיקל בטעם אננס 8,גרמים,640.00,100 גרם,false,,29.90,4.6719,true,1,40948
7290101112600,false,גלידה בלסימו מילקשייק וניל מוקה 1.3 ל' פלדמן,"פלקו בע""מ",IL,בליסימו בטעם מילקשיי,ליטרים,1.30,ליטר,false,,23.90,18.3846,true,1,303234
7290101112921,false,גלידל פרי קרחון מופחת קלוריות פירות טרופיים - 8 יח',הגלידות של פלדמן,IL,פופסיקל בטעם פירות ט,גרמים,640.00,100 גרם,false,,29.90,4.6719,true,1,138042
7290101113393,false,גלידה יופלה פריזי יוגורט פירות יער מאגדת 400 ג',הגלידות של פלדמן,IL,מאגדת יוגורט פירות י,גרמים,400.00,100 גרם,false,,26.90,6.7250,true,1,235542
7290101113447,false,עשירייה גלידל מיני קסטה בטעמי שוקו ווניל 270 ג' פלדמן,הגלידות של פלדמן,IL,גלידל מיני סנדוויץ',גרמים,270.00,100 גרם,false,,34.90,12.9259,true,1,378890
7290101113751,false,מאגדת שלגון קרמל ושוקולד בלונדי רביעיה * 50 ג' יולו,הגלידות של פלדמן,IL,מאגדת רביעייה שלגון,גרמים,200.00,100 גרם,false,,22.90,11.4500,true,1,409142
7290101113768,false,מאגדת שלגון עוגיות ושוקולד חלב רביעיה * 50 ג' יולו,הגלידות של פלדמן,IL,מאגדת רביעייה שלגון,גרמים,200.00,100 גרם,false,,22.90,11.4500,true,1,409143
7290101113911,false,מארז מנבו מוקה 12 יח' פלדמן,הגלידות של פלדמן,IL,מנבו מוקה 12 יח 288,גרמים,288.00,100 גרם,false,,24.90,8.6458,true,1,493758
7290101412946,false,מנגל כפול 30/79 ס`מ,,,מנגל כפול 30/79 ס`מ,יחידה,0.00,יחידה,false,,99.90,0.0000,true,1,46561
7290101551263,false,סילאן טבעי ללא תוספת סוכר,מכוורת יד מרדכי,IL,סילאן טבעי יד מרדכי,גרמים,700.00,100 גרם,false,,25.10,3.5857,true,1,131081
7290101551300,false,סילאן טבעי ללא תוספת סוכר בקבוק לחיץ,מכוורת יד מרדכי,IL,סילאן טבעי לחיץ יד מ,גרמים,380.00,100 גרם,false,,17.70,4.6579,true,1,131082
7290101551584,false,תפוצ'יפס קידס מארז 10 יח' * 20 ג',"שטראוס פריטו ליי בע""",IL,מארז תפוצ'יפס קידס 1,גרמים,200.00,100 גרם,false,,18.50,9.2500,true,1,133053
7290101865261,false,"פיניש נוזל הברקה 800 מ""ל",רקיט בנקיזר,PL,פיניש הברקה 800 מל,מיליליטרים,800.00,"100 מ""ל",false,,21.90,2.7375,true,1,24216
7290101866633,false,וניש קליה ג'ל מסיר כתמים 3 ליטר,קליה וניש Kalia Vanish,IL,וניש קליה ג'ל 3 ליטר,ליטרים,3.00,ליטר,false,,31.90,10.6333,true,1,24230
7290101868958,false,"פיניש נוזל הברקה למדיח בניחוח לימון 500 מ""ל",רקיט בנקיזר,PL,פיניש נוזל הברקה לימ,מיליליטרים,800.00,"100 מ""ל",false,,21.90,2.7375,true,1,24269
7290101869726,false,ג'ל מרוכז למדיח פיניש all in one max,רקיט בנקיזר,PL,ג'ל 1 ליטר AIO פיניש,ליטרים,1.00,ליטר,false,,45.90,45.9000,true,1,107696
7290101869795,false,מילוי למכשיר ספריי אוטומטי חלום ליל קיץ,איירוויק Air Wick,GB,איירוויק מילוי מבשם,מיליליטרים,250.00,"100 מ""ל",false,,15.90,6.3600,true,1,24290
7290102030330,false,תפוציפס קראנצ מקסיקני 200 גרם,"שטראוס פריטו ליי בע""",IL,תפוצ'יפס קראנץ מקסיק,גרמים,200.00,100 גרם,false,,11.90,5.9500,true,1,26670
7290102031276,false,מארז 8 יחידות אקטימל משקה יוגורט בטעם תות בננה,מיוצר עי קונדיטוריית,IL,אקטימל תות בננה 8*10,מיליליטרים,800.00,"100 מ""ל",false,,23.90,2.9875,true,1,26179
7290102300860,false,גבינת צ'דר אנגלי לבן 35%,דאוליי צ'יסמייקרס,GB,שביק גבינת צדר אנגלי,גרמים,200.00,100 גרם,false,,27.90,13.9500,true,1,20082
7290102302246,false,גבינת גאודה הולנדית 200 גרם,מיוצר עי קונדיטוריית,NL,גבינת גאודה 200 גר',גרמים,200.00,100 גרם,false,,24.90,12.4500,true,1,20092
7290102302864,false,גבינה הולנדית עם פסטו ירוק 34%,הנרי ויליך Henri Willig,NL,גבינה הולנדית חצי קש,גרמים,200.00,100 גרם,false,,33.90,16.9500,true,1,430053
7290102390427,false,יוגורט ביו עם קציפת תות 3% שומן 150 ג' מולר,מולר Muller,IL,מולר פרופ תות 3% 150,גרמים,150.00,100 גרם,false,,5.80,3.8667,true,1,8560
7290102390465,false,יוגורט ביו עם קציפת אפרסק ופסיפלורה 3% שומן 150 ג' מולר,מולר Muller,IL,מולר פרופ אפרסק פסיפ,גרמים,150.00,100 גרם,false,,5.80,3.8667,true,1,8561
7290102390489,false,יוגורט ביו עם קציפת לימון 3% שומן 150 ג' מולר,מולר Muller,IL,מולר פרופ לימון 3% 1,גרמים,150.00,100 גרם,false,,5.80,3.8667,true,1,8563
7290102391844,false,יוגורט ביו עם קציפת פירות יער3% שומן 150 ג' מולר,מולר Muller,IL,מולר פרופ לבן+קציפת,גרמים,150.00,100 גרם,false,,5.80,3.8667,true,1,8581
7290102392094,false,חלב עיזים 4.1% צוריאל 1 ל' קרטון,מילקו תעשיות בעמ,IL,צוריאל חלב עיזים 1ל,ליטרים,1.00,ליטר,false,,17.90,17.9000,true,1,8589
7290102393039,false,מולר מיקס יוגורט קרמי בתוספת פצפוצי שוקולד 170 ג',מולר Muller,IL,מולר מיקס בתוספת פצפ,מיליליטרים,170.00,"100 מ""ל",false,,6.20,3.6471,true,1,8618
7290102393169,false,סימפלי פרוט יוגורט תות 3% שומן 150 ג' מולר,מולר Muller,IL,מולר סימפלי פרוט תות,גרמים,150.00,100 גרם,false,,5.80,3.8667,true,1,8626
7290102393176,false,סימפלי פרוט יוגורט אפרסק 3% שומן 150 ג' מולר,מילקו תעשיות בעמ,IL,מולר סימפלי פרוט אפר,גרמים,150.00,100 גרם,false,,5.80,3.8667,true,1,8627
7290102393268,false,**טרה גבינה לבנה אריזת חיסכון 5% 750ג,טרה,IL,טרה גבינה לבנה אריזת,גרמים,750.00,100 גרם,false,,14.90,1.9867,true,1,8630
7290102393299,false,יוגורט עיזים לשתייה 3% שומן 500 ג' צוריאל,מיוצר עי קוד יצרן HG,IL,צוריאל יוגורט עיזים,מיליליטרים,500.00,"100 מ""ל",false,,14.60,2.9200,true,1,8631
7290102393947,false,סימפלי פרוט יוגורט בטעם קיווי 3% שומן 150 ג' מולר,מילקו תעשיות בעמ,IL,מולר סימפלי פרוט קיו,מיליליטרים,150.00,"100 מ""ל",false,,5.80,3.8667,true,1,8645
7290102394081,false,מולר מיקס יוגורט קרמי עם קורנפלקס מצופה שוקולד,מילקו תעשייה בעמ,IL,מולר מיקס קורנפקלס מ,גרמים,170.00,100 גרם,false,,6.20,3.6471,true,1,8651
7290102394463,false,נעם גבינה צהובה וואקום 28% 500 גרם,טרה,IL,נעם גבינה צהובה וואק,גרמים,500.00,100 גרם,false,,30.90,6.1800,true,1,8663
7290102394821,false,"נעם גבינה צהובה דק דק פ""ח 28% 200 גר",מילקו תעשיות בעמ,IL,נעם גבינה צהובה דק ד,גרמים,200.00,100 גרם,false,,17.90,8.9500,true,1,8669
7290102394845,false,פרוסות גבינת נעם מופחתת שומן 9%,מילקו תעשיות בעמ,IL,נעם גבינה צהובה דק ד,גרמים,200.00,100 גרם,false,,18.90,9.4500,true,1,8670
7290102395231,false,מולר נטורל 2.8% ביאנקו מאגדת 8 יח' * 150 ג',מולר Muller,IL,מולר נטורל 2.8% 8*15,קילוגרמים,1.20,"ק""ג",false,,19.90,16.5833,true,1,8683
7290102395378,false,גבינה צהובה נועם 28% וואקום פרוס 360ג',טרה,IL,נעם גבינה צהובה ואקו,גרמים,360.00,100 גרם,false,,22.90,6.3611,true,1,8686
7290102395439,false,מארז 8 גביעים יוגורט בטעם פירות יער וקיווי 3% Simply Fruit,מילקו תעשיות בעמ,IL,מולר סימפלי פירות יע,קילוגרמים,1.20,"ק""ג",false,,34.90,29.0833,true,1,8691
7290102395446,false,מעדן חלב בטעם וניל עם קצפת 123 ג' טרה,טרה,IL,מוו וניל קצפת 123מל,מיליליטרים,123.00,"100 מ""ל",false,,3.70,3.0081,true,1,8692
7290102395477,false,מעדן חלב בטעם שוקולד עם קצפת 123 ג' טרה,טרה,IL,מוו שוקולד קצפת 123מ,מיליליטרים,123.00,"100 מ""ל",false,,3.70,3.0081,true,1,8695
7290102395521,false,"שמנת לבישול 15% שומן 500 מ""ל טרה",מילקו תעשיות בעמ,IL,טרה שמנת לבישול 15%+,מיליליטרים,500.00,"100 מ""ל",false,,17.50,3.5000,true,1,8696
7290102396580,false,מעדן שוקולד ומוס שוקולד 123 ג' טרה,טרה,IL,מוו מעדן שוקולד ומוס,גרמים,118.00,100 גרם,false,,3.70,3.1356,true,1,8743
7290102396665,false,פרוסות גבינת נעם מופחתת שומן 15%,מילקו תעשיות בעמ,IL,גבנ`צ דקדק פתח סגור,גרמים,200.00,100 גרם,false,,17.90,8.9500,true,1,8748
7290102396672,false,זבינה צהובה נעם דק דק 9% 360 גר,טרה,IL,נעם צהובה דק דק 9% 3,גרמים,360.00,100 גרם,false,,31.90,8.8611,true,1,8749
7290102397204,false,פרוסות גבינה 22% שומן 200 ג' נעם,מילקו תעשיות בעמ,IL,נעם צהובה דק דק 22%,גרמים,200.00,100 גרם,false,,17.90,8.9500,true,1,8780
7290102397464,false,יוגורט ביו בתוספת גרעינים אגוזים וחמוציות 170 ג' מולר,מולר Muller,IL,מולר יוגורט נטורל +,גרמים,150.00,100 גרם,false,,6.20,4.1333,true,1,74571
7290102397600,false,מיקס יוגורט בתוספת שקדים ובוטנים מקורמלים 170 ג' מולר,מילקו תעשייה בעמ,IL,מולר מיקס שקדים ובוט,גרמים,168.00,100 גרם,false,,6.20,3.6905,true,1,8805
7290102397891,false,גבינת מותכת 18% צוריאל 100ג',משק צוריאל,IL,רביעייה גבינה מותכת,גרמים,100.00,100 גרם,false,,8.30,8.3000,true,1,74563
7290102398065,false,**חלב בקרטון 2 ליטר 3% מהדרין - טרה,טרה,IL,טרה חלב קרטון 3% מהד,יחידה,0.00,יחידה,false,,12.46,0.0000,true,1,89558
7290102398560,false,שוקו מעושר בבקבוק 1ל' טרה,מילקו תעשיות בעמ,IL,שוקו טרה מועשר בבקבו,ליטרים,1.00,ליטר,false,,13.50,13.5000,true,1,125955
7290102398577,false,משקה חלב בטעם שוקו 2% בבקבוק אישי,מילקו תעשיות בעמ,IL,שוקו טרה מועשר בבקבו,מיליליטרים,250.00,"100 מ""ל",false,,6.10,2.4400,true,1,134434
7290102398782,false,משקה סויה קלאסי משק צוריאל 1 ליטר,משק צוריאל,IT,משקה סויה קלאסי משק,ליטרים,1.00,ליטר,false,,12.90,12.9000,true,1,195806
7290102398805,false,משקה סויה בטעם וניל משק צוריאל 1 ליטר,משק צוריאל,IT,משקה סויה בטעם וניל,ליטרים,1.00,ליטר,false,,12.90,12.9000,true,1,195808
7290102399635,false,"מולר פרופ יוגורט ביו עם קציפת קוקוס ואננס 150 מ""ל",מולר Muller,IL,מעדן מולר פרופ קוקוס,גרמים,150.00,100 גרם,false,,5.80,3.8667,true,1,244000
7290102399796,false,מעדן יוגורט לבן מועשר בחלבון 200 ג' מולר אקטיב,מולר Muller,IL,יוגורט חלבון לבן 250,גרמים,200.00,100 גרם,false,,7.20,3.6000,true,1,237005
7290103128739,false,בלונס צימרוני אוזניים לתינוק 50 יח',הנסיך- מפעל לייצור ט,GR,בלונס צימרוני אוזניי,יחידה,0.00,יחידה,false,,7.90,0.0000,true,1,24926
7290103129378,false,ספיד סטיק - דאודורנט ג'ל לגבר איקס 5 85 גרם,הנסיך- מפעל לייצור ט,US,דאו' ג'ל X5 לגבר ספי,גרמים,51.00,100 גרם,false,,22.90,44.9020,true,1,24931
7290103400194,false,"כרוב לבן 400 גר בד""צ ירקות שטראוס","טרופיקל דגיל בע""מ אז",IL,כרוב לבן 400 ג בדצ י,גרמים,400.00,100 גרם,false,,12.00,3.0000,true,1,26184
7290103404758,false,כרוב אדום במיונז אחל,מיוצר עי קונדיטוריית,IL,אחלה כרוב אדום 120ג,גרמים,120.00,100 גרם,false,,5.90,4.9167,true,1,26189
7290103408206,false,עלי חסה בקופסא 250 גרם ירקות שטראוס,שטראוס בריאות ירקות,IL,עלי חסה ערבית שטופים,גרמים,250.00,100 גרם,false,,12.50,5.0000,true,1,26193
7290103700386,false,טאצ כריות יפניות מארז שישיה,"שניב תעשיות נייר בע""",IL,טאצ' כריות יפניות 6י,יחידה,0.00,יחידה,false,,10.90,0.0000,true,1,27033
7290103700997,false,נייר טואלט לובלי 40 גלילים,,IL,לאבלי נייר טואלט 40,מטרים,716.00,מטר,false,,45.90,0.0641,true,1,27038
7290103701017,false,נייר אפייה נשלף טאצ 50 יחידות כשלפ,"שניב תעשיות נייר בע""",IL,טאצ' נייר אפייה נשלף,יחידה,0.00,יחידה,false,,10.90,0.0000,true,1,27039
7290103701093,false,טאצ' מטליות מיקרופייבר לרצפה 2 יח',"שניב תעשיות נייר בע""",,טאצ מטליות מקרופייבר,יחידה,0.00,יחידה,false,,15.90,0.0000,true,1,27042
7290103702212,false,טאצ' ממחטות כיס עשירייה,"שניב תעשיות נייר בע""",,טאצ ממחטות כיס,יחידה,0.00,יחידה,false,,6.90,0.0000,true,1,27051
7290103702229,false,טאצ מפות שולחן שמינייה עבות במיוחד,"שניב תעשיות נייר בע""",,טאצ מפות עבות במיוחד,יחידה,0.00,יחידה,false,,9.80,0.0000,true,1,27052
7290103702298,false,טאצ' אשפתון עבה בגליל 77*90 50 יח',"שניב תעשיות נייר בע""",,טאצ אשפתון בגליל 50,יחידה,0.00,יחידה,false,,16.90,0.0000,true,1,27058
7290103703370,false,טאצ מגבוני טואלט לחים מארז שלישייה,,,טאצ' מגבוני נייר טוא,יח',3.00,יח',false,,16.90,5.6333,true,1,127719
7290103704162,false,נייר טואלט טאצ' פרימיום 32 גלילים,"שניב תעשיות נייר בע""",IL,נייר טואלט טאצ' 32 ג,יח',0.00,יח',false,,32.90,0.0000,true,1,301235
7290103704186,false,מגבות מטבח כפול טאצ`מהדורת 2021 6 יחידות,,,מגבות טאצ' גליל כפול,יחידה,0.00,יחידה,false,,20.90,0.0000,true,1,389752
7290103704766,false,נייר טואלט 24 גליל כפול מהדורת פרח סגול,,,נייר טואלט 24 גליל,יחידה,0.00,יחידה,false,,43.90,0.0000,true,1,441967
7290103746001,false,ממחטות טאצ' 5*100 צץ רץ (19*195),"שניב תעשיות נייר בע""",IL,ממחטות טאצ' חמישייה,יחידה,0.00,יחידה,false,,13.90,0.0000,true,1,27079
7290104061417,false,חומוס טחינה אחלה 400 ג',"שטראוס גרופ בע""מ",IL,אחלה חומוס טחינה 400,גרמים,400.00,100 גרם,false,,12.90,3.2250,true,1,26196
7290104061431,false,חומוס אחלה עם צנובר 400 ג',"שטראוס גרופ בע""מ",IL,אחלה חומוס צנובר 400,גרמים,400.00,100 גרם,false,,12.90,3.2250,true,1,26198
7290104061448,false,חומוס עם חריף 400 ג' אחלה,מיוצר עי קונדיטוריית,IL,אחלה חומוס חריף 400ג,גרמים,400.00,100 גרם,false,,12.90,3.2250,true,1,26199
7290104065934,false,עלי רוקט 150 גרם שטראוס,שטראוס בריאות ירקות,IL,שטראוס עלי רוקט 150ג,גרמים,150.00,100 גרם,false,,11.50,7.6667,true,1,26202
7290104067693,false,אחלה חומוס עם חריף 150 גרם,מיוצר עי קונדיטוריית,IL,אחלה חומוס עם חריף 1,גרמים,150.00,100 גרם,false,,5.90,3.9333,true,1,26208
7290104500572,false,אפרופו חטיף איטליאנו 50 ג' אסם,מיוצר עי קונדיטוריית,IL,אפרופו איטלקי 36*50ג,גרמים,50.00,100 גרם,false,,5.90,11.8000,true,1,22768
7290104501661,false,פודינג אינסטנט בטעם וניל צרפתי 80 גר,מיוצר עי קונדיטוריית,IL,אסם פודינג בטעם וניל,גרמים,80.00,100 גרם,false,,6.50,8.1250,true,1,22769
7290104508202,false,גביעי גלידה אמריקאים 24 יח' אסם 120 ג',"גילרו בע""מ",IL,גביעי גלידה אמריקאים,גרמים,120.00,100 גרם,false,,13.90,11.5833,true,1,119287
7290104508943,false,במבה אריזת חסכון 200 גרם,"אסם השקעות בע""מ",IL,במבה קלאסי 18*200 גר,גרמים,200.00,100 גרם,false,,9.90,4.9500,true,1,22787
7290104570131,false,"תמר מג'הול שחור 1ק""ג",,,"תמר מג'הול 1 ק""ג",קילוגרמים,1.00,"ק""ג",false,,18.90,18.9000,true,1,61098
7290104721533,false,רצועות פלפלים קלויים אחלה 400 ג',מיוצר עי קונדיטוריית,IL,אחלה פלפלים קלויים 4,גרמים,400.00,100 גרם,false,,18.90,4.7250,true,1,26214
7290104721762,false,מארז קפה טורקי עלית 3*85 גר,שטראוס גרופ,IL,טורקי עלית 3*85 גר'.,גרמים,255.00,100 גרם,false,,20.90,8.1961,true,1,25552
7290104722530,false,תפוצ'יפס שמנת בצל 200 גרם,"שטראוס פריטו ליי בע""",IL,תפוציפס שמנת בצל 200,גרמים,200.00,100 גרם,false,,11.90,5.9500,true,1,26711
7290104726262,false,מארז 4 יחידות דני לשתייה בטעם שוקולד + קשים,מיוצר עי קונדיטוריית,IL,דני שוקולד לשתייה מא,מיליליטרים,500.00,"100 מ""ל",false,,12.50,2.5000,true,1,26224
7290104726712,false,מארז 8 יחידות מעדן מילקי בטעם שוקולד עם קצפת,"שטראוס גרופ בע""מ",IL,מילקי שמינייה מארז 8,קילוגרמים,1.06,"ק""ג",false,,22.90,21.6038,true,1,26226
7290104960338,false,"נקה 7 תחליב רחצה ארומה אלוורה ותה ירוק 750מ""ל","אמיליה קוסמטיקס בע""מ",IL,תחליב רחצה אלוורה ות,מיליליטרים,750.00,"100 מ""ל",false,,12.90,1.7200,true,1,34056
7290104964152,false,"טיטניום - אוורסט בושם לגבר א.ד.ט 100 מ""ל",,,טיטניום לגבר א.ד.ט 1,יחידה,0.00,יחידה,false,,84.90,0.0000,true,1,529630
7290105360250,false,קפסולות 09 עשיר וארומטי למכונת נספרסו עלית 10יח',הנסיך- מפעל לייצור ט,IL,עלית קפסולות מקיאטו,גרמים,50.00,100 גרם,false,,19.90,39.8000,true,1,25573
7290105360755,false,"שמן זית 3 חזק 750 מ""ל יד מרדכי",מכוורת יד מרדכי שטרא,IL,שמן זית 3 חזק כתית י,מיליליטרים,750.00,"100 מ""ל",false,,39.90,5.3200,true,1,25578
7290105362339,false,"שמנת לבישול 15% 250 מ""ל יטבתה מהדרין",שטראוס גרופ,IL,יטבתה שמנת לבישול 15,מיליליטרים,250.00,"100 מ""ל",false,,9.40,3.7600,true,1,26236
7290105363602,false,כיף כף - מקלות קלאסי 40 גרם,"איי, בי, אינבוו",TR,כיף כף מקלות קלאסי 4,גרמים,40.00,100 גרם,false,,6.20,15.5000,true,1,25587
7290105364289,false,כיף כף - מקלות פצפוצים 40 גרם,"איי, בי, אינבוו",TR,כיף כף מקלות פצפוצים,גרמים,40.00,100 גרם,false,,6.20,15.5000,true,1,25589
7290105364302,false,"עלית חטיף שוקולד כיף כף מקלות אגוזים, 40 גרם","איי, בי, אינבוו",TR,כיף כף מקלות אגוזים,גרמים,42.00,100 גרם,false,,6.20,14.7619,true,1,25590
7290105366023,false,חציל אחלה בטעם כבד 400 גר' אחלה,מיוצר עי קונדיטוריית,IL,אחלה חציל בטעם כבד 4,גרמים,400.00,100 גרם,false,,18.90,4.7250,true,1,26239
7290105366993,false,גבינה לבנה סימפוניה עם תוספות 200 ג' פלפל שיפקה,"שטראוס בריאות בע""מ",IL,סימפוניה פלפל שיפקה,גרמים,200.00,100 גרם,false,,12.90,6.4500,true,1,26247
7290105368904,false,"שמנת מתוקה להקצפה 32% שומן 250 מ""ל יוטבתה",שטראוס גרופ,IL,יטבתה שמנת עמידה לקצ,מיליליטרים,250.00,"100 מ""ל",false,,8.30,3.3200,true,1,26269
7290105368928,false,"שמנת 9% שומן 200 מ""ל יוטבתה",שטראוס גרופ,IL,יטבתה שמנת 9% 200מל,מיליליטרים,200.00,"100 מ""ל",false,,3.70,1.8500,true,1,26270
7290105439499,false,מיונז הולנדי 481 ג' מאסטר שף,רמיה סי.וי. הולנד,NL,מיונז הולנדי מאסטר ש,גרמים,480.00,100 גרם,false,,12.90,2.6875,true,1,24979
7290105439505,false,מנה מאסטר שף קרם בטעם מיונז לייט 479 גר,רמיה סי.וי. הולנד,NL,מאסטר שף קרם בטעם מ,גרמים,479.00,100 גרם,false,,13.90,2.9019,true,1,24980
7290105439581,false,מנה מאסטר שף חרדל דיזיון צרפתי 370 גר,סאס קווינור,FR,מאסטר שף מאסטר שף חר,מיליליטרים,370.00,"100 מ""ל",false,,14.90,4.0270,true,1,24981
7290105691248,false,פריכונים חטיפי טורטיה תירס 60 ג' אוסם,"מיוצר ע""י PT, משווק",IL,חטיפי פריכונים טורטי,גרמים,60.00,100 גרם,false,,8.10,13.5000,true,1,22810
7290105694904,false,אבקת מרק פטריות רכיבים טבעיים 220 ג' אסם,"אסם השקעות בע""מ",IL,אבקת מרק פטריות רכיב,גרמים,220.00,100 גרם,false,,20.90,9.5000,true,1,22836
7290105964564,false,אחלה חומוס אחלה 400ג,מיוצר עי קונדיטוריית,IL,אחלה חומוס אחלה 400ג,גרמים,400.00,100 גרם,false,,10.20,2.5500,true,1,26280
7290105968098,false,סלט קולסלאו אחלה 500 ג',שטראוס גרופ סלטים,IL,אחלה קולסלאו 500ג,גרמים,500.00,100 גרם,false,,18.90,3.7800,true,1,26300
7290105968777,false,פריכיות עם תחתית שוקולד מריר 70 ג' אנרגי,"טחנת האבן תעשיות בע""",IL,פריכיות תחתית שוקלד,גרמים,70.00,100 גרם,false,,9.40,13.4286,true,1,25635
7290106520066,false,רבע לשבע במילוי קרם אגוזים ובציפוי שוקולד חלב,הגביע מוצרי וופלים ב,IL,רבע לשבע 160 גרם,גרמים,160.00,100 גרם,false,,13.90,8.6875,true,1,25637
7290106521049,false,אחלה טעמי השוק קוביות סלק 400 גר,מיוצר עי קונדיטוריית,IL,אחלה קוביות סלק 400,גרמים,400.00,100 גרם,false,,18.90,4.7250,true,1,26315
7290106521926,false,שקית קפה טורקי 150 ג' עלית,שטראוס גרופ,IL,קפה טורקי עלית 150 ג,גרמים,150.00,100 גרם,false,,15.90,10.6000,true,1,89376
7290106524439,false,תפוצ'יפס טבעי פופס 60גר',"שטראוס פריטו ליי בע""",IL,תפוציפס פופס 60 גרם,גרמים,60.00,100 גרם,false,,4.90,8.1667,true,1,110539
7290106525405,false,קפסולות למכונת נספרסו נטול קפאין,שטראוס קפה בי.וי,IL,עלית קפסולות נטול למ,גרמים,50.00,100 גרם,false,,19.90,39.8000,true,1,25660
7290106528628,false,חטיף דוריטוס טבעי 185 גרם,"שטראוס פריטו ליי בע""",IL,דוריטוס טבעי 185 גר`,גרמים,185.00,100 גרם,false,,9.70,5.2432,true,1,26756
7290106528949,false,לקט לסלט ערוגות שטרא,שטראוס בריאות ירקות,IL,לקט ערוגות,גרמים,450.00,100 גרם,false,,14.60,3.2444,true,1,26341
7290106571921,false,עוגיות פיטנס עוגיות חמוציות 180 גר',מיוצר עי קונדיטוריית,IL,פיטנס עוגיות חמוציות,גרמים,180.00,100 גרם,false,,12.90,7.1667,true,1,119299
7290106572027,false,אוסם - לחמית חמישה דגנים 190 גרם,"אסם השקעות בע""מ",IL,לחמית חמישה דגנים אס,גרמים,190.00,100 גרם,false,,9.90,5.2105,true,1,22858
7290106572959,false,מארז אפרופו חטיף תירס 5 יחידות,אסם תעשיות,IL,אפרופו קלאסי מאח.8 5,גרמים,75.00,100 גרם,false,,14.90,19.8667,true,1,22866
7290106574793,false,עוגת הבית שוקו שוקוצ''יפס 350 ג' אסם,מיוצר עי קונדיטוריית,IL,עוגת הבית שוקו שוקוצ,גרמים,350.00,100 גרם,false,,15.90,4.5429,true,1,22892
7290106574953,false,בייגלה שטוחים כעכים שטוחים עם שומשום,מיוצר עי קונדיטוריית,IL,אסם בייגלה שטוחים שו,גרמים,300.00,100 גרם,false,,12.90,4.3000,true,1,22893
7290106574977,false,בייגלה שטוחים כעכים שטוחים עם מלח,מיוצר עי קונדיטוריית,IL,אסם בייגלה שטוחים עם,גרמים,300.00,100 גרם,false,,12.90,4.3000,true,1,22894
7290106575431,false,עוגת הבית סופלה בטעם שוקוניל 340 ג' אסם,מיוצר עי קונדיטוריית,IL,עוגת הבית סופלה בטעם,גרמים,340.00,100 גרם,false,,15.90,4.6765,true,1,22902
7290106576797,false,"לה קרמריה גלידת וניל איטלקי כשל""פ 1.4ל'",תות תעשיות מזון (201,IL,לה קרמריה וניל איטלק,ליטרים,1.40,ליטר,false,,25.90,18.5000,true,1,18397
7290106577039,false,גלידה לה קרמריה שוקו וניל פליק 1.4 ל' נסטלה,תות תעשיות מזון (201,IL,לה קרמריה שוקו וניל,ליטרים,1.40,ליטר,false,,25.90,18.5000,true,1,18407
7290106578692,false,אוסם - במבה ביסלי מיקס 80 גרם,פרו מן יו פתרונות אר,IL,במבה ביסלי מיקס 36*8,גרמים,80.00,100 גרם,false,,5.90,7.3750,true,1,22921
7290106652996,false,כיף כף מקלות קוקוס חלבי 40 גר',סולן בעבור שטראוס,TR,כיף כף מקלות קוקוס 4,גרמים,40.00,100 גרם,false,,6.20,15.5000,true,1,502092
7290106658479,false,עלית וופל בטעם טורטית אגוזים 40ג,"שטראוס גרופ בע""מ",IL,עלית וופל בטעם טורטי,גרמים,40.00,100 גרם,false,,4.90,12.2500,true,1,25720
7290106662025,false,תפוציפס טבעי מלח ופלפל 50 גרם,"שטראוס פריטו ליי בע""",IL,תפוציפס טבעי מלח פלפ,גרמים,50.00,100 גרם,false,,4.90,9.8000,true,1,26792
7290106663121,false,מילקי cake עוגה אישית 34 גרם,בובארד איטליה אס.פי.,IT,מילקי קייק עוגה בודד,גרמים,34.00,100 גרם,false,,3.10,9.1176,true,1,26385
7290106663503,false,יד מרדכי קונפיטורת לייט תות 230 גר,אף.סי תבליני בגליל ב,IL,קונפיטורת לייט תות 2,גרמים,230.00,100 גרם,false,,15.90,6.9130,true,1,25759
7290106663558,false,"רוטב טריאקי ורימון יד מרדכי 280מ""ל",אף.סי תבליני בגליל ב,IL,יד מרדכי רוטב טריאקי,מיליליטרים,280.00,"100 מ""ל",false,,15.90,5.6786,true,1,25764
7290106664555,false,"רוטב שמנת עם עגבניות 9% שומן 250 מ""ל יוטבתה",שטראוס גרופ,IL,יטבתה רוטב שמנת עם ע,מיליליטרים,250.00,"100 מ""ל",false,,11.90,4.7600,true,1,26394
7290106667266,false,חטיף דוריטוס חמוץ חריף 185 גרם,שטראוס פריטו ליי (מל,IL,דוריטוס חמוץ חריף 18,גרמים,185.00,100 גרם,false,,9.70,5.2432,true,1,26831
7290106669857,false,קפסולות 06 אספרסו בטעם וניל עלית 10יח',הנסיך- מפעל לייצור ט,IL,עלית קפסולות בטעם ונ,גרמים,50.00,100 גרם,false,,19.90,39.8000,true,1,63301
7290106721913,false,מסטיק מאסט MUST ללא סוכר בטעם מנטה מרעננת,"שטראוס גרופ בע""מ",IL,מאסט צנצנת ריח פה צ',גרמים,66.00,100 גרם,false,,12.90,19.5455,true,1,25826
7290106721920,false,צנצנת מסטיק מאסט בטעם ספירמינט עדין 66 ג' עלית,"שטראוס גרופ בע""מ.",IL,מאסט צנצנת ספירמינט,גרמים,66.00,100 גרם,false,,12.90,19.5455,true,1,25827
7290106723689,false,עלי תרד בייבי שטראוס 200 גרם,שטראוס בריאות ירקות,IL,שטראוס תרד בייבי 200,גרמים,200.00,100 גרם,false,,12.50,6.2500,true,1,26415
7290106725867,false,"סירופ מייפל טהור 189 מ""ל יד מרדכי",קוסלסי פוד,CA,יד מרדכי סירופ מייפל,מיליליטרים,189.00,"100 מ""ל",false,,38.90,20.5820,true,1,25878
7290106729650,false,יוגורט עם תות מאגדת 8 יח' * 150ג' דנונה,דנונה - שטראוס,IL,דנונה יוגורט תות 8יח,קילוגרמים,1.20,"ק""ג",false,,29.20,24.3333,true,1,26446
7290107280112,false,נייר טואלט סופט סילק 24 גליל,סנו,IL,סנו סופט נייר טואלט,מטרים,441.00,מטר,false,,27.90,0.0633,true,1,105860
7290107280341,false,ריצפז מטליות לחות לניקוי הרצפה בניחוח מלון מפנק,"סנו מפעלי ברונוס סע""",IL,ריצפז מטליות לחות לנ,יחידה,0.00,יחידה,false,,12.90,0.0000,true,1,198097
7290107280723,false,נוזל לניקוי כלים סנו ספארק Spark בניחוח לימון רענן,סנו כימיקלים,IL,סנו ספארק נוזל לניקו,מיליליטרים,700.00,"100 מ""ל",false,,11.90,1.7000,true,1,34171
7290107280730,false,נוזל לניקוי כלים סנו ספארק Spark בניחוח לבנדר,מיוצר עי קונדיטוריית,IL,סנו ספארק נוזל לניקו,מיליליטרים,700.00,"100 מ""ל",false,,11.90,1.7000,true,1,34173
7290107280747,false,נוזל לניקוי כלים סנו ספארק Spark קלאסי,סנו כימיקלים,IL,סנו ספארק נוזל לניקו,מיליליטרים,700.00,"100 מ""ל",false,,11.90,1.7000,true,1,34174
7290107341370,false,כבל טפייסי imx,,,כבל טייפ סי,יחידה,0.00,יחידה,false,,19.90,0.0000,true,1,429392
7290107646918,false,רוטב עגבניות ופלפלים לשקשוקה 415 ג' קנור,קונסורזיו קאסאלאסקו,IL,קנור רוטב שקשוקה עגב,מיליליטרים,415.00,"100 מ""ל",false,,13.90,3.3494,true,1,99424
7290107647625,false,מאגדת קורנטו כשלפ ונ,"מיוצר ע""י גלידת שטרא",IL,מאגדת טילון קורנטו 3,גרמים,300.00,100 גרם,false,,37.90,12.6333,true,1,140322
7290107647731,false,קוקומן חום לבן 20% פחות סוכר 375 גרם,אתר שפע - Food,IL,קוקומן חום לבן 20% ת,גרמים,375.00,100 גרם,false,,24.90,6.6400,true,1,99634
7290107819978,false,מגנטים אותיות-קופסת,,,מגנטים אותיות-קופסת,יחידה,0.00,יחידה,false,,50.00,0.0000,true,1,129641
7290107871990,false,פסטה צינורות 500 גר אסם,פסטה זארה,IT,פסטה צינורות אסם 500,גרמים,500.00,100 גרם,false,,6.90,1.3800,true,1,22955
7290107874502,false,ביסלי גריל קדמ. מארז אחיד 10 4*55 גרם,מיוצר עי קונדיטוריית,IL,ביסלי גריל 4*55 גרם,גרמים,220.00,100 גרם,false,,13.90,6.3182,true,1,119334
7290107875004,false,פופקורן חמאה ודבש מארז12*20גר',,,פופקו חמאה ודבש מארז,גרמים,240.00,100 גרם,false,,20.90,8.7083,true,1,131258
7290107875820,false,קרוטונים אפויים בתיבול ביתי אוסם 180 ג',עינת תעשיות מזון,IL,קרוטונים אפויים בתיב,גרמים,180.00,100 גרם,false,,13.90,7.7222,true,1,23002
7290107877619,false,מארז במבה במילוי קרם נוגט 5*30ג' אסם,אסם תעשיות,IL,במבה במילוי קרם נוגט,גרמים,150.00,100 גרם,false,,14.90,9.9333,true,1,23034
7290107879132,false,פריכיות פיטנס מיני פריכיות שוקולד חלב 22 ג',כרמית,IL,מיני פריכיות שוקולד,גרמים,22.00,100 גרם,false,,6.90,31.3636,true,1,119471
7290107879521,false,קרחוני לה פרוטה La Frutta תות שדה - 5 יח',גלידות נסטלה Nestle,IL,לה פרוטה תות 5 יח,גרמים,350.00,100 גרם,false,,29.90,8.5429,true,1,18450
7290107879569,false,קרחון לה פרוטה שרבט מנגו מאגדת 5יח',גלידות נסטלה Nestle,IL,לה פרוטה מנגו 5 יח,גרמים,350.00,100 גרם,false,,29.90,8.5429,true,1,18451
7290107932080,false,חלב מועשר יוטבתה בבקבוק 3% 1 ליטר,מחלבת יטבתה,IL,יטבתה חלב בבקבוק 3%,ליטרים,1.00,ליטר,false,,8.30,8.3000,true,1,26459
7290107932134,false,חלב מועשר יוטבתה בבקבוק 1% 1 ליטר,מחלבת יטבתה,IL,יטבתה חלב בבקבוק 1%,ליטרים,1.00,ליטר,false,,8.30,8.3000,true,1,26461
7290107934473,false,מארז 8 יח' אקטיביה יוגורט קרמי 1.5% שומן,דנונה - שטראוס,IL,אקטיביה מארז מיוחד 1,קילוגרמים,1.20,"ק""ג",false,,23.90,19.9167,true,1,26477
7290107936309,false,דנונה יוגורט 7% יווני לבן 130 ג',"שטראוס בריאות בע""מ",IL,דנונה יווני לבן 130,גרמים,130.00,100 גרם,false,,4.10,3.1538,true,1,26487
7290107937627,false,מסטיק מאסט Must קוביות ללא סוכר בטעם מנטה עדינה,אסקום קונפקשיין,DE,צנצנת קוביות ספירמינ,גרמים,58.00,100 גרם,false,,12.90,22.2414,true,1,25957
7290107937641,false,מסטיק בצנצנת קוביות בזוקה 58 ג',אסקום קונפקשיין,DE,צנצנת קוביות בזוקה 5,גרמים,58.00,100 גרם,false,,12.90,22.2414,true,1,25959
7290107937856,false,קפסולות 11חזק למכונות נספרסו עלית 10יח',הנסיך- מפעל לייצור ט,IL,עלית קפסולות בטעם נס,גרמים,50.00,100 גרם,false,,19.90,39.8000,true,1,25962
7290107939027,false,גזר דק דק שטראוס טעם,שטראוס בריאות ירקות,IL,גזרדק דק 250 גרם בד`,גרמים,250.00,100 גרם,false,,9.30,3.7200,true,1,26507
7290107940030,false,חומוס אחלה 650 גרם,שטראוס גרופ,IL,חומוס אחלה 650 גר,גרמים,650.00,100 גרם,false,,10.90,1.6769,true,1,26520
7290107940467,false,אקטיביה יוגורט 1.5% שומן 200 ג' דנונה,מיוצר עי קונדיטוריית,IL,דנונה אקטיביה יוגורט,גרמים,200.00,100 גרם,false,,4.70,2.3500,true,1,26528
7290107943369,false,קוואקר שיבולת שועל ללא גלוטן 511 גר'.,היידי שוקולד בירונטי,US,שיבולת שועל ללא גלוט,גרמים,511.00,100 גרם,false,,20.90,4.0900,true,1,99880
7290107944243,false,וופלים אפיפיות בטעם שוקולד 200 גר,"שטראוס גרופ בע""מ",IL,"אפיפית ללא גלוטן בד""",גרמים,200.00,100 גרם,false,,7.90,3.9500,true,1,96713
7290107944472,false,סימפוניה גבינה במרקם שמנת 5% שום שמיר,"שטראוס בריאות בע""מ",IL,סימפוניה 5% שום שמיר,גרמים,200.00,100 גרם,false,,12.90,6.4500,true,1,26560
7290107950206,false,מעדן חלב דל קלוריות בטעם שוקולד 0% שומן,מיוצר עי קונדיטוריית,IL,מעדן דיאט שוקולד % 0,גרמים,130.00,100 גרם,false,,4.10,3.1538,true,1,26571
7290107951715,false,צנצנת מסטיק מאסט קוביות בטעם ענבים 58 ג' עלית,אסקום קונפקשיין,IL,מאסט צנצנת קוביות ענ,גרמים,58.00,100 גרם,false,,12.90,22.2414,true,1,61006
7290107953559,false,קפה טורקי עלית לדרך שקיות 24X7ג',הנסיך- מפעל לייצור ט,IL,קפה טורקי לדרך 168 ג,גרמים,168.00,100 גרם,false,,20.90,12.4405,true,1,26011
7290107954976,false,"משקה יטבתה חלבון פרו קפה 350מ""ל",מחלבת יטבתה,IL,משקה פרו בטעם קפה יט,מיליליטרים,350.00,"100 מ""ל",false,,7.30,2.0857,true,1,89969
7290107956901,false,קפסולות בטעם אגוזים למכונות נספרסו 50 גר,שטראוס גרופ,IL,עלית קפסולות אספרסו,גרמים,150.00,100 גרם,false,,19.90,13.2667,true,1,106581
7290107956932,false,קפסולות אספרסו אידונזיה למכונות 50 גר,שטראוס קפה בי.וי,IL,עלית קפסולות אידונזי,גרמים,50.00,100 גרם,false,,19.90,39.8000,true,1,101723
7290107957076,false,"צנצנת עלמה בטעם ספירמינט לל""ס 66 גרם","שטראוס גרופ בע""מ",IL,מסטיק עמלה בטעם ספיר,גרמים,66.00,100 גרם,false,,12.90,19.5455,true,1,101725
7290107957113,false,סימפוניה 5% זיתים פיקנטיים 200 ג' שטראוס,שטראוס גרופ,IL,סימפוניה עם זיתים פי,גרמים,200.00,100 גרם,false,,12.90,6.4500,true,1,134342
7290107957991,false,מילקי CAKE מיניס קרם חלב בציפוי שוקולד חלב שקית 16X9ג',בובארד איטליה אס.פי.,IT,"מילקי מייניס 9*16 מ""",גרמים,144.00,100 גרם,false,,16.50,11.4583,true,1,129643
7290107973014,false,פלמוליב סבון ידיים חלב ודבש 300 מ'ל,הנסיך- מפעל לייצור ט,TR,פלמוליב סבון ידיים ח,מיליליטרים,300.00,"100 מ""ל",false,,10.90,3.6333,true,1,25019
7290107973861,false,מאסטר שף - עגבניות קצוצות דק שלישיה 400 גרם * 3,קונסרזיו קאסאלאסקו ד,IT,עגבניות קצוצות דק מא,קילוגרמים,1.20,"ק""ג",false,,18.90,15.7500,true,1,25031
7290107974073,false,מנה עלי טורטיה קמח לבן מ.שף 20 סמ 320 גר,הנסיך- מפעל לייצור ט,DE,עלי טורטיה קמח לבן מ,גרמים,320.00,100 גרם,false,,12.90,4.0313,true,1,25037
7290107974806,false,"מאסטר שף - אורז בסמטי 1 ק""ג",מאסטר שף,,אורז בסמטי מאסטר שף,קילוגרמים,1.00,"ק""ג",false,,14.90,14.9000,true,1,25045
7290107974820,false,מנה מאסטר שף ממרח מתובל ספייסי 248 גר,מאסטר שף,,מאסטר שף ממרח מתובל,גרמים,252.00,100 גרם,false,,8.90,3.5317,true,1,25047
7290107976916,false,"פלמוליב סבון ידיים חלב זיתים 300 מ""ל",פלמוליב Palmolive,IT,פלמוליב סבון ידיים ח,מיליליטרים,300.00,"100 מ""ל",false,,10.90,3.6333,true,1,89324
7290107978323,false,מאסטר שף איטריות דקיקות 400 גר,הדקלאים אגודת שיתופי,PL,איטריות דקיקות מאסטר,גרמים,400.00,100 גרם,false,,6.90,1.7250,true,1,88109
7290107978330,false,מאסטר שף איטריות דקות 400 גרם,הדקלאים אגודת שיתופי,PL,איטריות דקות מאסטר ש,גרמים,400.00,100 גרם,false,,6.90,1.7250,true,1,92345
7290108070316,false,שקית בלונים פסטל מעו,,,שקית 50 פסטל,יחידה,0.00,יחידה,false,,11.90,0.0000,true,1,37543
7290108079333,false,מארז בלונים על מקל ל,,,מארז בלונים על מקל ל,יחידה,0.00,יחידה,false,,30.90,0.0000,true,1,37785
7290108350258,false,סופט נייר טואלט גליל ארוך 12 גלילים=36,מפעלי ברונוס בעמ,IL,סופט נייר טואלט גליל,מטרים,180.00,מטר,false,,44.90,0.2494,true,1,34194
7290108350548,false,סנו ספארק נוזל כלים בניחוח לבנדר עם משאבה 1 ל',מיוצר עי קונדיטוריית,IL,סנו ספארק משאבה בניח,ליטרים,1.00,ליטר,false,,12.90,12.9000,true,1,34199
7290108350623,false,מרכך כביסה סופר מרוכז סופט סילק מקסימה 1 ל' סנו,"סנו מפעלי ברונוס בע""",IL,מרכך כביסה מקסימה סו,יחידה,0.00,יחידה,false,,18.90,0.0000,true,1,34206
7290108351613,false,סנו ריצפז פרש הום 2 ליטר בניחוח מלון חלומי,"סנו מפעלי ברונוס בע""",IL,ריצפז פרש הום מלון ח,ליטרים,2.00,ליטר,false,,24.90,12.4500,true,1,80069
7290108352207,false,מקסימה קפסולות לכביסה פלורל 40 יחידות,טרופיקל דגיל תעשיות,IL,קפס' כביסה בניחוח פל,גרמים,840.00,100 גרם,false,,44.90,5.3452,true,1,231688
7290108352252,false,נוזל לניקוי כלים מתאים לניקוי ירקות ופירות סנו ספארק,"סנו מפעלי ברונוס בע""",IL,ספארק נוזל לכלים 1,יחידה,0.00,יחידה,false,,12.90,0.0000,true,1,251560
7290108352535,false,סנו - מקסימה דפי בישום לחים למייבש הכביסה בניחוח מרכך כביסה,סנו מקסימה,IL,דפי בישום לחים למייב,יחידה,0.00,יחידה,false,,14.90,0.0000,true,1,363103
7290108352870,false,סנו סושי שקיות צלייה 10יח' מידה XL,מיוצר עי קונדיטוריית,IL,סנו סושי-10 שקיות צל,יחידה,0.00,יחידה,false,,8.90,0.0000,true,1,133553
7290108353006,false,שקיות מזון נקשרות סנו סושי 250 יח',מיוצר עי קונדיטוריית,IL,סנו סושי 250 שקיות א,יחידה,0.00,יחידה,false,,14.90,0.0000,true,1,144183
7290108353099,false,ממחטות אף במארז ניילון סנו סופט 5 יח' * 100 דף,טרופיקל דגיל תעשיות,IL,סנו סופט 500 ממחטות,יחידה,0.00,יחידה,false,,14.90,0.0000,true,1,163588
7290108354430,false,"שמפו כיף לשיקום והזנה שמן קוקוס וקרטין 700 מ""ל",קוסמופארם בעמ,IL,שמפו כיף לשיקום והזנ,מיליליטרים,700.00,"100 מ""ל",false,,13.90,1.9857,true,1,287593
7290108357288,false,אקונומיקה ז'אוול בניחוח פריחה לבנה 4 ל' סנו,סנו ז'אוול Javel,IL,סנו ז'אוול בניחוח פר,ליטרים,4.00,ליטר,false,,17.90,4.4750,true,1,405626
7290108358070,false,"תחליב רחצה קרמה קלאסי 700 מ""ל",גוד פוד פרודקטס S.p,IL,קרמה תחליב רחצה קלאס,מיליליטרים,700.00,"100 מ""ל",false,,17.90,2.5571,true,1,269797
7290108358087,false,"תחליב רחצה קרמה מאסק 700 מ""ל",גוד פוד פרודקטס S.p,IL,קרמה תחליב רחצה מאסק,מיליליטרים,700.00,"100 מ""ל",false,,17.90,2.5571,true,1,265574
7290108359190,false,סושי מגבת הפלא 4 יח' = 12 גליל ארוך פי 3,סנו,IL,סנו סושי מגבות הפלא,יחידה,0.00,יחידה,false,,27.90,0.0000,true,1,508601
7290108359824,false,"כיף - בייבי כיף קרם 500 מ""ל",קוסמופארם בעמ,IL,קרם גוף HYDROMOIST ב,מיליליטרים,500.00,"100 מ""ל",false,,26.90,5.3800,true,1,134891
7290108359985,false,סנו - ז'אוול מרסס קצף לניקוי וחינו בניחוח פריחה לבנה 1 ליטר,סנו ז'אוול Javel,IL,אקונומיקה מרסס עם ממ,ליטרים,1.00,ליטר,false,,19.90,19.9000,true,1,405736
7290108500271,false,שלישית פטריות מהדרין חתוכות 290 ג' ויליפוד,לוטס,NL,פטריות חתוך ויליפוד,גרמים,870.00,100 גרם,false,,13.00,1.4943,true,1,5039
7290108501490,false,גבינה מוצרלה פרוסות ו.פוד 150ג',ליטא,DE,גבינה מוצרלה פרוסות,גרמים,150.00,100 גרם,false,,16.90,11.2667,true,1,107783
7290108502305,false,גבינת גרדה פדנו משולש 150 גר`וילי פוד,וילי פוד,IT,גבינת גרנה פדנו משול,גרמים,150.00,100 גרם,false,,19.90,13.2667,true,1,134323
7290108502763,false,גבינת קממבר 200 גרם,פטוראז',FR,גבינה קממבר 200 גרם,גרמים,200.00,100 גרם,false,,22.90,11.4500,true,1,129545
7290108502862,false,מלפפונים כבושים במלח 18-25קטנים מאוד 600ג',וילי פוד,TR,מלפפונים כבושים במלח,גרמים,600.00,100 גרם,false,,12.90,2.1500,true,1,136943
7290108503999,false,פרוסות גבינה 150גרם בטעם גאודה לכריכים וטוסטים,סנטרל קסרה,ES,פרוסות גבינה בטעם גא,גרמים,150.00,100 גרם,false,,13.90,9.2667,true,1,143153
7290108504699,false,נתחי טונה בשמן קנולה רביעיה * 160 ג' וילי פוד,גולדן פרייז,TH,נתחי טונה בשמן קנולה,גרמים,640.00,100 גרם,false,,24.60,3.8438,true,1,212756
7290108505160,false,יוגורט עם אגסים 4% שומן 150 גרם,Euro יורו מחלבות אירופה,GR,יוגורט יווני עם אגסי,גרמים,150.00,100 גרם,false,,5.90,3.9333,true,1,234975
7290108505207,false,יוגורט ען אוכמניות 0% שומן 150 גרם,Euro יורו מחלבות אירופה,GR,יוגורט יווני עם אוכמ,גרמים,150.00,100 גרם,false,,5.90,3.9333,true,1,234978
7290108505719,false,גבינת מוצרלה מגורדת 25% שומן 200גר,יורו צ'יז Euro Cheese,TR,גבינת מוצרלה מגורדת,גרמים,200.00,100 גרם,false,,17.90,8.9500,true,1,234726
7290108505733,false,צמות - גבינה חצי קשה 25% שומן 200 ג',אונטד גידה,TR,צמות גבינה חצי קשה 2,גרמים,200.00,100 גרם,false,,17.90,8.9500,true,1,234728
7290108505740,false,גבינת קשקבל חצי קשה25% שומן 200גר,Euro יורו מחלבות אירופה,TR,גבינת קשקבל חצי קשה,גרמים,200.00,100 גרם,false,,17.90,8.9500,true,1,234729
7290108507065,false,גבינת פרמג'יאנו רג'יאנו מגורדת 100 גרם,זנאתי,IT,גבינת פרמגיאנו רגיאנ,גרמים,100.00,100 גרם,false,,17.90,17.9000,true,1,299063
7290108508901,false,יוגורט עם דובדבנים ושקדים 0.6 %שומן דלתא 150 ג',Euro יורו מחלבות אירופה,GR,יוגורט עם דובדבנים ו,גרמים,150.00,100 גרם,false,,5.90,3.9333,true,1,317657
7290108509106,false,"גבינה בולגרית מעודנת בקוביות 13% שומן 200 ג' חת""ס פ""ת",קוליוס,TW,גבינה בולגרית מעודנת,גרמים,200.00,100 גרם,false,,13.90,6.9500,true,1,330370
7290108509199,false,גבינת פטה 17% שומן יורו 500 ג',קוליוס,TW,גבינה פטה 500 גרם -,גרמים,500.00,100 גרם,false,,24.90,4.9800,true,1,324072
7290108509250,false,"אנטיפסטי ארטישוק+עגבניות מיובשות וצלפים בשמן חמניות 380 מ""ל",,,אנטיפסטי ארטישוק עג,גרמים,580.00,100 גרם,false,,22.90,3.9483,true,1,316976
7290108509359,false,פופקורן בציפוי בטעם קרמל 90 ג' ויליפוד,סנרו ס.א,UA,פופקורן בציפוי בטעם,גרמים,90.00,100 גרם,false,,8.90,9.8889,true,1,391313
7290108509700,false,"אורז פרסי דוואט 1 ק""",אל טי פוד,IN,"אורז פרסי 1 ק""ג DAAW",קילוגרמים,1.00,"ק""ג",false,,12.90,12.9000,true,1,365913
7290108509960,false,נתחי טונה בהירה בשמן זית כתית מעולה - מארז 3 יח',וילי פוד,,שלישיית נתחי טונה בה,גרמים,240.00,100 גרם,false,,15.90,6.6250,true,1,385391
7290109354101,false,לחמית ללא גלוטן 200 ג' אסם,אסם,IL,לחמית ללא גלוטן 200,גרמים,200.00,100 גרם,false,,11.90,5.9500,true,1,84322
7290109580135,false,קורנדביף פרימיום 180 גרם זוגלובק,זוגלובק,IL,קורנדביף זוגלובק פרמ,גרמים,180.00,100 גרם,false,,27.90,15.5000,true,1,298836
7290109580227,false,נקניקיות עוף ובקר בסגנון ברלינאי קאריוורסט,זוגלובק,IL,נקנקיות ריינהולד'ס ק,גרמים,300.00,100 גרם,false,,22.90,7.6333,true,1,380860
7290109580432,false,פסטרמה חזה הודו מעושן 120 גר' זוגלובק,זוגלובק,IL,פסטרמה אקסטרה מעושנת,גרמים,120.00,100 גרם,false,,14.90,12.4167,true,1,448135
7290109920603,false,"אסטוניש קרם לניקוי המטבח 500 מ""ל",אסטוניש,IL,אסטוניש קרם מטבח 500,מיליליטרים,500.00,"100 מ""ל",false,,14.90,2.9800,true,1,113049
7290109921853,false,אסטוניש המשחה המקורית לניקוי עם עוצמה,יעקבי- אסטוניש Astonish,GB,המשחה המקורית לניקוי,גרמים,150.00,100 גרם,false,,18.90,12.6000,true,1,411010
7290109923147,false,אסטוניש מהדורה פרימיום פלא של אקונומיקה,יעקבי- אסטוניש Astonish,GB,אסטוניש מרסס פלא של,מיליליטרים,750.00,"100 מ""ל",false,,14.90,1.9867,true,1,456359
7290110110574,false,"קוקה קולה זירו לימון פחית 330 מ""ל",החברה המרכזית לייצור,IL,פחית סליק קולה ZERO,מיליליטרים,330.00,"100 מ""ל",false,,5.50,1.6667,true,1,126264
7290110110659,false,"ספרייט לימון ליים פחית 330מ""ל",החברה המרכזית לייצור,IL,סליק ספרייט חדש 330,מיליליטרים,330.00,"100 מ""ל",false,,5.70,1.7273,true,1,115188
7290110114787,false,נביעות + תפוח 1.5 ליטר פיקדון,נביעות טבע הגליל בעמ,IL,נביעות + תפוח 1.5 לי,ליטרים,1.50,ליטר,false,,10.90,7.2667,true,1,367498
7290110114794,false,נביעות + אפרסק 1.5 ליטר פיקדון,"נביעות טבע הגליל בע""",IL,נביעות + אפרסק 1.5 ל,ליטרים,1.50,ליטר,false,,10.90,7.2667,true,1,367499
7290110114800,false,נביעות פלוס בטעם ענבים 1.5 ליטר-,"נביעות טבע הגליל בע""",IL,נביעות + ענבים 1.5 ל,ליטרים,1.50,ליטר,false,,10.90,7.2667,true,1,367500
7290110114855,false,"נביעות מים מינרליים, שישיה 6 * 1.5 ליטר פקדון",נביעות טבע הגליל בעמ,IL,מי נביעות שישייה 1.5,ליטרים,9.00,ליטר,false,,14.90,1.6556,true,1,367544
7290110114886,false,פריגת סחוט טרי קלמנטינה 2 ליטר,גת,IL,פריגת משקה קלמנטינה,ליטרים,2.00,ליטר,false,,30.30,15.1500,true,1,367385
7290110114954,false,מיץ תפוזים מתקתקים 100% 2 ל' פריגת,"גת,גבעת חיים",IL,מיץ תפוזים מתקתק 100,ליטרים,2.00,ליטר,false,,24.20,12.1000,true,1,367432
7290110114961,false,מיץ בטעם תפוזים 1.5ל' פריגת,מבשלות בירה בינלאומי,IL,פריגת תפוזים 1.5 ליט,ליטרים,1.50,ליטר,false,,9.90,6.6000,true,1,367559
7290110115005,false,פריגת ענבים 1.5 ליטר פיקדון,מבשלות בירה בינלאומי,IL,פריגת ענבים 1.5 ליטר,ליטרים,1.50,ליטר,false,,9.90,6.6000,true,1,367591
7290110115012,false,מיץ ענבים בניחוח מרלו 1.5 ל' פריגת,פריגת,IL,פריגת ענבים בניחוח מ,ליטרים,1.50,ליטר,false,,9.90,6.6000,true,1,367606
7290110115029,false,"פריגת משק""ל תפוח 1.5 ליטר פיקדון",מבשלות בירה בינלאומי,IL,פריגת תפוחים 1.5 ליט,ליטרים,1.50,ליטר,false,,9.90,6.6000,true,1,367635
7290110115036,false,פריגת מנגו 1.5 ליטר פיקדון,מבשלות בירה בינלאומי,IL,פריגת מנגו 1.5 ליטר,ליטרים,1.50,ליטר,false,,9.90,6.6000,true,1,367651
7290110115043,false,פריגת לימונענע 1.5 ליטר פיקדון,מבשלות בירה בינלאומי,IL,פריגת לימונענע 1.5 ל,ליטרים,1.50,ליטר,false,,9.90,6.6000,true,1,367666
7290110115050,false,פריגת מיקס תות בננה 1.5 ליטר פיקדון,מבשלות בירה בינלאומי,IL,פריגת מיקס תות בננה,ליטרים,1.50,ליטר,false,,9.90,6.6000,true,1,367667
7290110115081,false,פריגת צלול ענבים 1.5 ליטר פיקדון,מבשלות בירה לישראל ב,IL,פריגת צלול ענבים 1.5,ליטרים,1.50,ליטר,false,,9.90,6.6000,true,1,367735
7290110115111,false,פריגת צלול אננס 1.5 ליטר פיקדון,מבשלות בירה לישראל ב,IL,פריגת צלול אננס 1.5,ליטרים,1.50,ליטר,false,,9.90,6.6000,true,1,367755
7290110115128,false,פריגת צלול בטעם לימונענע 1.5 ליטר פיקדון,מבשלות בירה לישראל ב,IL,פריגת צלול בטעם לימו,ליטרים,1.50,ליטר,false,,9.90,6.6000,true,1,367756
7290110115180,false,מים נביעות בקבוק 1.5,"נביעות טבע הגליל בע""",IL,נביעות 1.5 ליטר,ליטרים,1.50,ליטר,false,,4.20,2.8000,true,1,383348
7290110115203,false,קוקה קולה 1.5 ליטר פיקדון,קוקה קולה Coca Cola,IL,קוקה קולה 1.5 ליטר,ליטרים,1.50,ליטר,false,,9.50,6.3333,true,1,367759
7290110115210,false,דיאט קוקה קולה 1.5 ליטר פיקדון,קוקה קולה Coca Cola,IL,דיאט קוקה קולה 1.5 ל,ליטרים,1.50,ליטר,false,,9.90,6.6000,true,1,367760
7290110115227,false,קוקה קולה זירו 1.5 ליטר -,קוקה קולה Coca Cola,IL,קוקה קולה זירו בקבוק,ליטרים,1.50,ליטר,false,,9.90,6.6000,true,1,367761
7290110115234,false,קוקה קולה זירו נטול 1.5 ליטר -,החברה המרכזית לייצור,IL,קולה ZERO נטול 1.5 ל,ליטרים,1.50,ליטר,false,,9.90,6.6000,true,1,367779
7290110115241,false,קוקה קולה זירו לימון 1.5 ליטר -,החברה המרכזית לייצור,IL,קולה ZERO לימון 1.5,ליטרים,1.50,ליטר,false,,9.90,6.6000,true,1,367780
7290110115265,false,ספרייט לימון ליים 1.5 ליטר-,החברה המרכזית לייצור,IL,ספרייט 1.5 ליטר LIME,ליטרים,1.50,ליטר,false,,9.00,6.0000,true,1,367844
7290110115272,false,ZERO ספרייט זירו 1.5 ליטר פיקדון,החברה המרכזית לייצור,IL,ספרייט זירו 1.5 ליטר,ליטרים,1.50,ליטר,false,,9.90,6.6000,true,1,367845
7290110115289,false,ספרייט 19 קל' לימון-נענע 1.5 ליטר פיקדון,החברה המרכזית לייצור,IL,ספרייט 19 קלוריות לי,ליטרים,1.50,ליטר,false,,9.90,6.6000,true,1,367861
7290110115319,false,פאנטה אקזוטיק 1.5 ליטר פיקדון,החברה המרכזית לייצור,IL,פאנטה אקזוטיק 1.5 לי,ליטרים,1.50,ליטר,false,,10.50,7.0000,true,1,367879
7290110115340,false,פאנטה ענבים 1.5 ליטר פיקדון,קוקה קולה,IL,פאנטה ענבים 1.5 ליטר,ליטרים,1.50,ליטר,false,,10.50,7.0000,true,1,367898
7290110115357,false,קינלי סודה 1.5 ליטר פיקדון,קינלי Kinley,IL,קינלי סודה 1.5 ליטר,ליטרים,1.50,ליטר,false,,5.50,3.6667,true,1,367913
7290110115364,false,קוקה קולה שישיות 1.5 ליטר פיקדון,החברה המרכזית לייצור,IL,קוקה קולה 6*1.5 ליטר,ליטרים,9.00,ליטר,false,,52.90,5.8778,true,1,367782
7290110115388,false,ספרייט ליים שישיות 1.5 ליטר פיקדון,החברה המרכזית לייצור,IL,ספרייט 6*1.5 ליטר L,ליטרים,9.00,ליטר,false,,52.90,5.8778,true,1,367846
7290110115418,false,מארז שישייה קוקה קולה זירו 1.5 ל',החברה המרכזית לייצור,IL,קוקה קולה זירו שישיי,ליטרים,9.00,ליטר,false,,49.90,5.5444,true,1,367799
7290110115449,false,אייס תה בטעם מנגו אננס 1.5ל' FUZE TEA,מבשלות בירה בינלאומי,IL,פיוז טי מנגו אננס 1.,ליטרים,1.50,ליטר,false,,10.50,7.0000,true,1,367930
7290110115456,false,"תה קר בטעם אפרסק 19 קלוריות ב- 100 מ""ל",מבשלות בירה בינלאומי,IL,פיוז טי אפרסק 19 קל,ליטרים,1.50,ליטר,false,,10.50,7.0000,true,1,367931
7290110115463,false,אייס תה בטעם אפרסק 1.5ל' FUZE TEA,מבשלות בירה בינלאומי,IL,פיוז טי אפרסק 1.5 לי,ליטרים,1.50,ליטר,false,,10.50,7.0000,true,1,367948
7290110115494,false,אייס תה בטעם ענבים 1.5ל' FUZE TEA,מבשלות בירה בינלאומי,IL,פיוז טי ענבים 1.5 לי,ליטרים,1.50,ליטר,false,,10.50,7.0000,true,1,367966
7290110115593,false,פריגת אשכוליות 40% פחות סוכר 1.5 ליטר פיקדון,מבשלות בירה בינלאומי,IL,משקה קל בטעם אשכוליו,ליטרים,1.50,ליטר,false,,9.90,6.6000,true,1,367737
7290110115609,false,פריגת ענבים 40% פחות סוכר 1.5 ליטר פיקדון,מבשלות בירה בינלאומי,IL,משקה קל בטעם ענבים 4,ליטרים,1.50,ליטר,false,,9.90,6.6000,true,1,367738
7290110115623,false,משקה פיוז טי זירו ZERO בטעם אפרסק,מבשלות בירה בינלאומי,IL,פיוז טי ZERO בטעם אפ,ליטרים,1.50,ליטר,false,,10.50,7.0000,true,1,394458
7290110115869,false,קוקה קולה זירו 1.5 ליטר פיקדון,תות תעשיות מזון (201,IL,קוקה קולה זירו בקבוק,ליטרים,1.50,ליטר,false,,9.90,6.6000,true,1,495290
7290110116064,false,פאנטה ZERO פירות ירוק 1.5 ליטר פיקדון,החברה המרכזית לייצור,IL,פאנטה זירו 1.5 ליטר,ליטרים,1.50,ליטר,false,,10.50,7.0000,true,1,434282
7290110116156,false,נביעות+רכיבי פרי מנגו-פסיפלורה 1.5 ליטר-,נביעות,IL,נביעות+ פרי בטעם מנג,ליטרים,1.50,ליטר,false,,10.90,7.2667,true,1,465179
7290110116170,false,נביעות+רכיבי פרי אננס-קוקוס 1.5 ליטר-,נביעות,IL,נביעות+ פרי בטעם אננ,ליטרים,1.50,ליטר,false,,10.90,7.2667,true,1,465163
7290110116200,false,מים 0 קלוריות בטעם לימון-ליים 0.5 ל נביעות,"נביעות טבע הגליל בע""",IL,נביעות+ פרי בטעם מנג,מיליליטרים,500.00,"100 מ""ל",false,,7.20,1.4400,true,1,465244
7290110116385,false,"קולה זירו בטעם אבטיח תות, 330 מ""ל",החברה המרכזית למשקאו,IL,סליק זירו מרשמלו 33,מיליליטרים,330.00,"100 מ""ל",false,,5.50,1.6667,true,1,467001
7290110116392,false,סירופ בטעם תפוזים 750 מל פריגת,סירופ - גבעת חיים,IL,סירופ בטעם תפוזים 75,מיליליטרים,750.00,"100 מ""ל",false,,21.90,2.9200,true,1,465261
7290110116507,false,מיץ מיקס אננה בננה אגס 1 ל' פריגת,פריגת מצוננים,IL,פריגת סחוט MIX אננס,ליטרים,1.00,ליטר,false,,15.90,15.9000,true,1,486403
7290110116514,false,"פריגת מיקס תות בננה 400 מ""ל",פריגת,IL,פריגת סחוט MIX תות ב,מיליליטרים,400.00,"100 מ""ל",false,,9.90,2.4750,true,1,503564
7290110116521,false,"פריגת מיקס אפרסק ומשמש 400 מ""ל",פריגת,IL,פריגת סחוט MIX אפרסק,מיליליטרים,400.00,"100 מ""ל",false,,9.90,2.4750,true,1,503548
7290110320850,false,פתיתים גבינה חצי קשה מגורדת 28% שומן,תנובה מרכז שיתופי לש,IL,עמק פתיתים 200 גרם,גרמים,200.00,100 גרם,false,,16.90,8.4500,true,1,102813
7290110320867,false,פתיתים גבינה חצי קשה מגורדת 28% שומן,תנובה מרכז שיתופי לש,IL,עמק פתיתים למאפים 28,גרמים,500.00,100 גרם,false,,38.90,7.7800,true,1,98460
7290110321277,false,קוטג' בקטנה % 5 100 ג' תנובה,פארייפאבה אגרואינדוס,IL,קוטג' תנובה בקטנה 5,גרמים,100.00,100 גרם,false,,2.90,2.9000,true,1,107799
7290110321284,false,קוטג' בקטנה 9% 100 ג' תנובה,פארייפאבה אגרואינדוס,IL,קוטג' תנובה בקטנה 9,גרמים,100.00,100 גרם,false,,2.90,2.9000,true,1,107800
7290110321680,false,יוגורט GO בטעם תות 20 גרם חלבון בגביע,מיוצר עי קונדיטוריית,IL,יופלה גו בטעם תות 20,גרמים,200.00,100 גרם,false,,6.20,3.1000,true,1,111325
7290110321697,false,יוגורט GO בטעם אפרסק 20 גרם חלבון בגביע,מיוצר עי קונדיטוריית,IL,יופלה גו בטעם אפרסק,מיליליטרים,200.00,"100 מ""ל",false,,6.20,3.1000,true,1,111326
7290110321703,false,יוגורט GO בטעם פירות יער 20 גרם חלבון בגביע,מיוצר עי קונדיטוריית,IL,יופלה גו בטעם פרות י,מיליליטרים,200.00,"100 מ""ל",false,,6.20,3.1000,true,1,125019
7290110322014,false,טופו בטעם טבעי תנובה ALTERNATIVE,שוורצקוף& הנקל דיסלד,IL,טופו טבעי 300 גרם,גרמים,300.00,100 גרם,false,,14.50,4.8333,true,1,125026
7290110322038,false,טופו פיקנטי תנובה ALTERNATIVE,תנובה Alternative,IL,טופו פיקנטי 300 גרם,גרמים,300.00,100 גרם,false,,14.50,4.8333,true,1,125028
7290110323714,false,משקה קוקוס שקדים תנובה E אלטרנטיב,מיוצר עי קונדיטוריית,IL,תנובה משקה קוקוס שקד,יחידה,0.00,יחידה,false,,15.90,0.0000,true,1,137873
7290110324551,false,יופלה טיוב יוגורט במרקם חלק בטעם תות 348 ג',יופלה Yoplait,IL,יופלה טיוב יוגורט במ,מיליליטרים,348.00,"100 מ""ל",false,,14.90,4.2816,true,1,142303
7290110324711,false,"ממרח סויה בסגנון גבינה טעם טבעי בד""צ",מיוצר עי קונדיטוריית,IL,ממרח סויה 9% בטעם טב,גרמים,250.00,100 גרם,false,,10.90,4.3600,true,1,144702
7290110324858,false,מעדן שקדים בטעם אגוזי לוז אלטרנטיב,תנובה Alternative,IL,מעדן שקדים בטעם אגוז,גרמים,125.00,100 גרם,false,,4.90,3.9200,true,1,205007
7290110324872,false,גבינה צהובה גלבוע 5% שומן 200 גרם,גלבוע - תנובה,IL,גלבוע גבינה פרוסה 5%,גרמים,200.00,100 גרם,false,,20.90,10.4500,true,1,204639
7290110324926,false,משקה סויה ללא תוספת סוכר E אלטרנטיב,תנובה מרכז שיתופי לש,IL,משקה סויה ללא תוספת,יחידה,0.00,יחידה,false,,13.50,0.0000,true,1,192670
7290110325305,false,מעדן סויה GO מועשר בחלבון במתיקות מעודנת,מיוצר עי קונדיטוריית,IL,יופלה סויה גו 20 גרם,גרמים,200.00,100 גרם,false,,6.20,3.1000,true,1,196916
7290110325312,false,מעדן סויה GO מועשר בחלבון בטעם תות,"תנובה בע""מ",IL,יופלה סויה גו 20 גרם,גרמים,200.00,100 גרם,false,,6.20,3.1000,true,1,196917
7290110325510,false,יופלה טיוב יוגורט במרקם חלק בטעם וניל - 348 ג',"תנובה בע""מ",IL,יופלה טיוב יוגורט במ,מיליליטרים,348.00,"100 מ""ל",false,,14.90,4.2816,true,1,204941
7290110325619,false,משקה שיבולת שועל תנובה E אלטרנטיב,מיוצר עי קונדיטוריית,IL,תנובה משקה שיבולת שו,יחידה,0.00,יחידה,false,,15.90,0.0000,true,1,207840
7290110325893,false,משקה חלב GO מועשר בחלבון בטעם אייס קפה,מיוצר עי קונדיטוריית,IL,משקה תנובה GO אייס ק,גרמים,340.00,100 גרם,false,,7.90,2.3235,true,1,207842
7290110326234,false,יוגורט און טופ כוכבים 157 ג' יופלה,מיוצר עי קונדיטוריית,IL,יופלה און טופ כוכבים,גרמים,157.00,100 גרם,false,,5.90,3.7580,true,1,224164
7290110326241,false,ייופלה און טופ גרנולה 157 גרם,מיוצר עי קונדיטוריית,IL,יופלה און טופ גרנולה,יחידה,157.00,יחידה,false,,5.90,0.0376,true,1,224165
7290110326906,false,חלב טרי נטול לקטוז 3% 1 ליטר,מיוצר עי קונדיטוריית,IL,חלב נטול לקטוז 3% שו,ליטרים,1.00,ליטר,false,,7.90,7.9000,true,1,275480
7290110327514,false,משקה שיבולת שועל בטעם אגוזי לוז 1 ליטר אלטרנטיב,תנובה מרכז שיתופי לש,IL,משקה שיבולת שועל בטע,יחידה,0.00,יחידה,false,,15.90,0.0000,true,1,331473
7290110327545,false,מעדן און טופ תות פצפוצים מצופים שוקולד 157ג' יופלה,מיוצר עי קונדיטוריית,IL,יופלה און טופ בטעם ת,גרמים,157.00,100 גרם,false,,5.90,3.7580,true,1,275541
7290110328016,false,משקה סויה מועשר בחלבון בטעם אגוזי לוז 250 גרם,תנובה מרכז שיתופי לש,IL,משקה סויה מעושר בחלב,גרמים,250.00,100 גרם,false,,6.90,2.7600,true,1,287353
7290110328481,false,פתיתי פרמג'יאנו רג'יאנו מחלב בקר 30%,ברטינלי גיאני א.,IT,פתיתי פרמג'יאנו רג'י,גרמים,100.00,100 גרם,false,,15.60,15.6000,true,1,304275
7290110328627,false,יוגורט יופלה GO במרקם סמיך בטעם בננה קרמל 0%,מיוצר עי קונדיטוריית,IL,יוגורט גו סמיך 0% בנ,גרמים,200.00,100 גרם,false,,6.20,3.1000,true,1,320681
7290110328764,false,יוגורט יופלה GO במרקם סמיך עם תות 0%,מיוצר עי קונדיטוריית,IL,יוגורט גו סמיך 0% תו,גרמים,200.00,100 גרם,false,,6.20,3.1000,true,1,320698
7290110328771,false,יוגורט יופלה GO במרקם סמיך עם פירות יער 0%,מיוצר עי קונדיטוריית,IL,יוגורט גו סמיך 0% פי,גרמים,200.00,100 גרם,false,,6.20,3.1000,true,1,320682
7290110328788,false,יוגורט יופלה GO במרקם סמיך בטעם אפרסק 0%,תנובה מרכז שיתופי לש,IL,יוגורט גו סמיך 0% אפ,גרמים,200.00,100 גרם,false,,6.20,3.1000,true,1,320683
7290110328887,false,"חלב תנובה בקבוק 3%, כשרות מהדרין, 1 ליטר",תנובה מרכז שיתופי לש,IL,חלב תנובה בבקבוק 3%,ליטרים,1.00,ליטר,false,,6.23,6.2300,true,1,400927
7290110329303,false,פרוסות בטעם צהובה קלאסית אלטרנטיב 200 גר,תנובה Alternative,IL,פרוסות צהובה קלאסית,גרמים,200.00,100 גרם,false,,22.90,11.4500,true,1,372198
7290110329709,false,יוגורט תנובה טבעי 0% גביע 200 גרם,מיוצר עי קונדיטוריית,IL,יוגורט טבעי תנובה 0%,גרמים,200.00,100 גרם,false,,3.50,1.7500,true,1,389547
7290110329792,false,יוגורט סויה BIO Alternative אפרסק 150 ג' תנובה,מיוצר עי קונדיטוריית,IL,סויה BIO אפרסק גביע,גרמים,150.00,100 גרם,false,,5.80,3.8667,true,1,395551
7290110329808,false,יוגורט סויה BIO Alternative תות 150 ג' תנובה,מיוצר עי קונדיטוריית,IL,סויה BIO תות גביע 15,גרמים,150.00,100 גרם,false,,5.80,3.8667,true,1,395552
7290110329815,false,סויה BIO מתיקות מעודנת גביע 150 גרם אלטרנטיב,מיוצר עי קונדיטוריית,IL,סויה BIO מתיקות מעוד,גרמים,150.00,100 גרם,false,,5.80,3.8667,true,1,395553
7290110329839,false,פרוסות צהובה בטעם זיתים 200 ג' אלטרנטיב אלטרנטיב,מיוצר עי קונדיטוריית,IL,פרוסות צהובה בטעם זי,גרמים,200.00,100 גרם,false,,22.90,11.4500,true,1,372485
7290110550363,false,פריכיות משולשות קינואה ומלח ים 65 גרם,שטראוס גרופ,IL,משולש קינואה ומלח ים,גרמים,65.00,100 גרם,false,,12.90,19.8462,true,1,392133
7290110550370,false,פריכיות משולשות קינואה ופלפל שחור 65 גרם,שטראוס גרופ,IL,אנרגי פריכיות משולשו,גרמים,65.00,100 גרם,false,,12.90,19.8462,true,1,493726
7290110551254,false,נשנושי תירס 600 גרם,"גילד אנטרפריזס בע""מ",IL,נשנושי תירס 600 גרם,גרמים,600.00,100 גרם,false,,17.00,2.8333,true,1,482109
7290110552121,false,יוגורט בתוספת סידן וויטמין ד 100 ג' דנונה,תנובה מרכז שיתופי לש,IL,היוגורט הראשון שלי 5,גרמים,100.00,100 גרם,false,,2.50,2.5000,true,1,439889
7290110552220,false,יוגורט PRO בטעם תות 0% סוכר לבן 20 גרם חלבון בגביע,"שטראוס בריאות בע""מ",IL,דנונה PRO 20 גרם חלב,גרמים,200.00,100 גרם,false,,7.30,3.6500,true,1,389157
7290110552237,false,יוגורט פרו בטעם אפרסק מנגו ללא סוכר 200 ג' דנונה,"שטראוס בריאות בע""מ",IL,דנונה PRO 20 גרם חלב,גרמים,200.00,100 גרם,false,,7.30,3.6500,true,1,389142
7290110553029,false,"אנרג'י קריספס-פריכיות חומוס, עדשים ואפונה עם קייל וסלק","פרח תעשיו מזון בע""מ",IL,פריכיות חלבון קייל ח,גרמים,60.00,100 גרם,false,,12.90,21.5000,true,1,392134
7290110553036,false,קריספס-פריכיות עם אפונה ובטטה סגולה בטעם בצל מקורמל,"פרח תעשיו מזון בע""מ",IL,פרכית חלבון בטטה סגו,גרמים,60.00,100 גרם,false,,12.90,21.5000,true,1,392135
7290110553098,false,מאגדת חטיפים אנרג'י מיקס צימוקים אגוזים 100X4 גרם,אנרג'י Energy - שטראוס,GB,מיקס מאגדת צימוקים א,גרמים,100.00,100 גרם,false,,18.90,18.9000,true,1,455900
7290110553135,false,נסקפה קפוצ'ינו סטיק וניל 130 ג' עלית,שטראוס,IL,נמס קפוצינו -אבקה לה,גרמים,130.00,100 גרם,false,,17.90,13.7692,true,1,502108
7290110553173,false,אנרג'י - פריכיות בטעם קרמל 40 גרם,סאנורייס בלגיום,IL,פריכיות אורז בטעם קר,גרמים,40.00,100 גרם,false,,8.90,22.2500,true,1,493901
7290110553180,false,אנרג'י - פריכיות בטעם תפוח קינמון 40 גרם,סאנורייס בלגיום,IL,פריכיות עם תפוח וקינ,גרמים,40.00,100 גרם,false,,8.90,22.2500,true,1,493902
7290110553425,false,קפה נמס 200 גרם +20% תוספת עלית,,IL,קפה נמס עלית פחית מו,גרמים,240.00,100 גרם,false,,22.90,9.5417,true,1,393615
7290110554262,false,חלבית מלבין קפה חלבי 350 ג' עלית,עלית,,מלבין קפה חלבי 350 ג,גרמים,350.00,100 גרם,false,,20.80,5.9429,true,1,403813
7290110554514,false,עלית - קפה טורקי אתיופי 100 גרם,שטראוס קפה בי.וי,IL,קפה טורקי אתיופי עלי,גרמים,100.00,100 גרם,false,,9.90,9.9000,true,1,451574
7290110555603,false,ספלנדיד אבקה להכנת משקה בטעם שוקולטה,"ג'אלוסיס י. בע""מ",GR,אבקה להכנת שוקולטה ס,גרמים,360.00,100 גרם,false,,25.10,6.9722,true,1,503671
7290110555665,false,אבקת קקאו דל שומן 220 גרם עלית,גיאלוסיס,GR,אבקת קקאו דל שומן 22,גרמים,220.00,100 גרם,false,,19.90,9.0455,true,1,502268
7290110556242,false,"שוקולד מריר פרווה 100 גר' בד""ץ תוצרת חוץ","שטראוס גרופ בע""מ.",IL,שוקולד מריר מעולה 10,גרמים,100.00,100 גרם,false,,6.30,6.3000,true,1,481731
7290110557645,false,מאגדת חטיפים אנרג'י מיקס צימוקים חמוציות 100X4 גרם,וויטוורטס,GB,מיקס מאגדת צימוקים ח,גרמים,100.00,100 גרם,false,,18.90,18.9000,true,1,455901
7290110558215,false,"דנונה קראנצ`פיסטוק עם פיצפוץ לבן קראנצי פיסטוק, 173 גרם","שטראוס בריאות בע""מ",IL,דנונה קראנצ' בטעם פי,גרמים,173.00,100 גרם,false,,5.20,3.0058,true,1,484047
7290110558284,false,יוגורט ביו מולטי 200 ג' דנונה,"שטראוס בריאות בע""מ",IL,דנונה מולטי 3% שומן,מיליליטרים,200.00,"100 מ""ל",false,,4.70,2.3500,true,1,447949
7290110558307,false,יוגורט דנונה PRO עם שיבולת שועל במתיקות מעודנת,"שטראוס בריאות בע""מ",IL,דנונה פרו עם שיבולת,מיליליטרים,200.00,"100 מ""ל",false,,6.90,3.4500,true,1,437947
7290110558314,false,דנונה פרו 20 ג' חלבון ללא סוכר פיסטוק 200 גרם,"שטראוס בריאות בע""מ",IL,דנונה פרו ללא סוכר 2,גרמים,200.00,100 גרם,false,,7.30,3.6500,true,1,455737
7290110558666,false,מעדן גבינה בטעם תפוח 88 ג' דניאלה,"שטראוס בריאות בע""מ",IL,דניאלה בטעם תפוח 88,גרמים,88.00,100 גרם,false,,4.50,5.1136,true,1,484015
7290110559762,false,"מאגדת אנרג'י ריל אגוזים,תמרים,קוקוס 115 גרם",ואמואליס פודס,GR,מאגדת חטיף Real אנר,גרמים,105.00,100 גרם,false,,16.90,16.0952,true,1,456023
7290110560300,false,"הפריכיות הטעימות חומוס, עדשים שחורות, קינואה ופלפל שחור",אנרג'י Energy - שטראוס,IL,פריכיות משולשות פלפל,גרמים,30.00,100 גרם,false,,6.20,20.6667,true,1,137117
7290110560324,false,"הפריכיות הטעימות תפו""א, אורז, אפונה ומלח ים","פרח תעשיו מזון בע""מ",IL,פריכיות משולשות אפונ,גרמים,30.00,100 גרם,false,,6.20,20.6667,true,1,137119
7290110561352,false,דנונה יוגורט ביו פרוביוטי 3% דל לקטוז 150ג',"שטראוס בריאות בע""מ",IL,דנונה ביו דל לקטוז ב,גרמים,200.00,100 גרם,false,,4.10,2.0500,true,1,124500
7290110563462,false,חלב בבקבוק נטול לקטוז 2% יטבתה 1 ל',מחלבת יטבתה,IL,יטבתה חלב בבקבוק נטו,ליטרים,1.00,ליטר,false,,9.30,9.3000,true,1,140355
7290110564339,false,חומוס אחלה הסידרה המובחר 30% טחינה 400 גר',מיוצר עי קונדיטוריית,IL,חומוס הסדרה המובחרת,גרמים,400.00,100 גרם,false,,15.90,3.9750,true,1,112771
7290110565435,false,ג'לי לימבו פטל חלבי שטראוס 125ג',שטראוס גרופ,IL,לימבו בטעם פטל 0% שו,גרמים,125.00,100 גרם,false,,2.50,2.0000,true,1,110680
7290110566975,false,דנונה פרו יוגורט 0% תות עשיר בחלבון 200ג',"שטראוס בריאות בע""מ",IL,דנונה PRO 20 גרם חלב,גרמים,200.00,100 גרם,false,,7.30,3.6500,true,1,124542
7290110568276,false,משקה וניל פרו Pro מועשר בחלבון 1.5%,מחלבת יטבתה,IL,משקה פרו וניל יטבתה,מיליליטרים,350.00,"100 מ""ל",false,,7.30,2.0857,true,1,125862
7290110568627,false,עלית - פסק זמן רול שוקולד חלב עם קרם אגוזים 26 גרם,עלית,TR,פסק זמן רול ש.חלב עם,גרמים,28.00,100 גרם,false,,4.90,17.5000,true,1,224584
7290110571412,false,מיני פינוקיות - פאדג' שוקולד בגביע 180 גרם,הגביע מוצרי ופלים בע,IL,מיני פינוקיות בגביע,גרמים,180.00,100 גרם,false,,11.90,6.6111,true,1,502060
7290110572969,false,כיף כף פצפצים עקרם לבן 40ג' עלית,שולן צ'יקולטה גידה ס,TR,כיף כף פצפצים קרם לב,גרמים,40.00,100 גרם,false,,6.20,15.5000,true,1,455825
7290110572976,false,כיף כף פצפצים בגביע במילוי קרם בטעם שוקולד לבן,שולן צ'יקולטה גידה ס,TR,כיף כף פצפצים קרם לב,גרמים,135.00,100 גרם,false,,13.60,10.0741,true,1,455753
7290110576752,false,טבלאות שוקולד ספלנדיד מריר 70% 100 ג' עלית,קימ'ס גריפלנן,BE,שוקולד ספלנדיד מריר,גרמים,100.00,100 גרם,false,,12.90,12.9000,true,1,502330
7290110576776,false,טבלאות שוקולד ספלנדיד מריר 85% 100 ג' עלית,קימ'ס גריפלנן,BE,שוקולד ספלנדיד מריר,גרמים,100.00,100 גרם,false,,12.90,12.9000,true,1,502331
7290110576790,false,סקי בטעם מוקה 125 ג' שטראוס,"שטראוס בריאות בע""מ",IL,מעדן גבינה בטעם מוקה,גרמים,125.00,100 גרם,false,,4.10,3.2800,true,1,483984
7290110576851,false,מארז 8 גמדים שתיה סלט פירות 864 גרם,שטראוס גרופ,IL,מארז גמדים לשתייה ס,מיליליטרים,864.00,"100 מ""ל",false,,20.90,2.4190,true,1,485856
7290110577711,false,"משקה שייק חלבון מי גבינה עם אפרסק ומנגו350מ""ל יטבתה",מחלבת יטבתה,IL,שייק חלבון whey אפרס,מיליליטרים,350.00,"100 מ""ל",false,,7.90,2.2571,true,1,502816
7290111090424,false,"I-CARE מגבונים להסרת לק, 10 בקופ'/24 יח' בקרטון",די.פי.אל תעשיות מוצר,IL,מגבונים להסרת לק איי,יחידה,0.00,יחידה,false,,8.90,0.0000,true,1,138047
7290111093470,false,"קוויק מסיר הפלא ספוגית להסרת כתמים, 3 יחידות",,CN,קוויק מבריק פלא להסר,יחידה,0.00,יחידה,false,,11.90,0.0000,true,1,449815
7290111094248,false,"קוויק שקית אשפה חזקה וגדולה במיוחד (90*78), 20 יח'",,TR,שקיות אשפה XL עם שרו,יחידה,0.00,יחידה,false,,21.90,0.0000,true,1,213932
7290111098536,false,מגבונים לחים לתינוק,,,מגבונים לחים לתינוק,יחידה,0.00,יחידה,false,,14.90,0.0000,true,1,421839
7290111340178,false,מטליות לחות ניקול לניקוי כללי בניחוח מרכך כביסה 50 יח',ניקול,IL,מטליות לחות לניקוי כ,יחידה,0.00,יחידה,false,,14.90,0.0000,true,1,86104
7290111340956,false,ניקול מטליות לחות לרצפה בניחוח פריחה לבנה,,IL,מטליות לחות לרצפה מר,יחידה,0.00,יחידה,false,,12.90,0.0000,true,1,113589
7290111342042,false,כריות יפניות ניקול לניקוי אנטיבקטריאלי 4,פלסטו פוליש,IL,כריות יפניות אנטיבקט,יחידה,0.00,יחידה,false,,14.90,0.0000,true,1,211636
7290111342738,false,לילי - מגבוני נייר טואלט לח קידס רביעייה,,IL,לילי טואלט לח KIDS מ,יחידה,0.00,יחידה,false,,22.90,0.0000,true,1,212125
7290111343117,false,ממחטות אף קלינקס לושן סופט פק 140 דף,קימברלי קלארק,IL,טישו לושן סופט קליני,יחידה,0.00,יחידה,false,,15.90,0.0000,true,1,268829
7290111343452,false,מטליות לחות לניקוי כללי בתוספת חומץ 50 יח' ניקול,UFO,IL,ניקול מטליות לחות לנ,יח',50.00,יח',false,,10.90,0.2180,true,1,253016
7290111344459,false,קוטוקס תחבושות נייט אקסטרא לונג 20 יח',,CN,תחבושות נייט אקסטרא,יח',18.00,יח',false,,21.90,1.2167,true,1,357962
7290111345814,false,נייר טואלט לילי נטורל קר 30 גלילים מהדורה,קימברלי קלארק,IL,נייר טואלט נטורל קר,יח',30.00,יח',false,,37.90,1.2633,true,1,382225
7290111345821,false,נייר טואלט נטורל קר - מארז 16 גלילי ג'מבו,קימברלי,IL,נייר טואלט נטורל קר,יח',16.00,יח',false,,38.90,2.4312,true,1,382240
7290111346293,false,מגבות ניקול שישייה מהדורה חגיגית,קימברלי קלארק,IL,מגבות מטבח ניקול לבנ,מטרים,64.80,מטר,false,,13.90,0.2145,true,1,438207
7290111350030,false,רסק תפוחי עץ טבעי בצנצנת 670 גרם קלית גת,"ג'י אנד ג'י בע""מ",IL,רסק תפוחי עץ טבעי קל,גרמים,670.00,100 גרם,false,,12.90,1.9254,true,1,15337
7290111350726,false,חטיף נאצוס הוטפופ בסגנון מקסיקני 322 גר,ליימן מותגים,US,הוטפופ נאצ'וס בסגנון,גרמים,322.00,100 גרם,false,,18.90,5.8696,true,1,141044
7290111352973,false,יוגוטה קוביות חמוצות ממולאות בטעם פירות,יוגטה yogueta,TR,יוגטה קוביות חמוציות,גרמים,220.00,100 גרם,false,,7.90,3.5909,true,1,252843
7290111354748,false,כדורגל קליית גת מתנה,,CN,כדורגל קליית גת מתנה,יחידה,0.00,יחידה,false,,0.01,0.0000,true,1,493300
7290111564277,false,פריכיות דקות ונימוחות 3 דגנים פיטנס Fitness,פרח תעשיות,IL,פריכיות 3 דגנים דקות,גרמים,120.00,100 גרם,false,,12.90,10.7500,true,1,88042
7290111564291,false,פריכיות דקות ונימוחות 3 דגנים וקינואה פיטנס Fitness,פרח תעשיות,IL,פריכיות קינואה דקות,גרמים,120.00,100 גרם,false,,12.90,10.7500,true,1,88043
7290111566226,false,טבעול שניצל ברוקולי 667 גר',עיצובים 2020 (4.8),IL,טבעול שניצל ברוקולי,גרמים,667.00,100 גרם,false,,37.90,5.6822,true,1,119476
7290111566547,false,טבעול חזה בגריל צמחוני 99 קלוריות 560ג',עיצובים 2020 (4.8),IL,חזה בגריל מו הצומח,גרמים,560.00,100 גרם,false,,37.90,6.7679,true,1,112651
7290111566561,false,שניצל ברוקולי 99 קלוריות טבעול 560 גר,עיצובים 2020 (4.8),IL,טבעול שניצל ברוקולי,גרמים,630.00,100 גרם,false,,37.90,6.0159,true,1,112642
7290111568251,false,אטריות נודלס להקפצה אסם אסייתי 350 גר',תאי פרזידנטפוד,TH,נודלס אטריות להקפצה,גרמים,350.00,100 גרם,false,,10.90,3.1143,true,1,126452
7290111568275,false,אטריות נודלס אורז רחבות אסם אסייתי 300גרם,תאי פרזידנט,TH,נודלס אטריות אורז רח,גרמים,300.00,100 גרם,false,,10.90,3.6333,true,1,126287
7290111870897,false,מרשמלו מסולסל ארוך בשקית 18 גר'-LOL,,CN,מרשמלו מסולסל ארוך 1,גרמים,432.00,100 גרם,false,,32.90,7.6157,true,1,362375
7290111870910,false,מרשמלו מסולסל ארוך 18 גר'- כוח פי גיי,,CN,מרשמלו מסולסל ארוך 1,גרמים,432.00,100 גרם,false,,32.90,7.6157,true,1,362357
7290111871061,false,מרשמלו מסולסל ארוך 18 גר'-סמי הכבאי,,CN,מרשמלו מסולסל ארוך 1,גרמים,432.00,100 גרם,false,,32.90,7.6157,true,1,362376
7290111930928,false,חטיף פוף לבבות גריל 40 גרם,פוף POOF,IL,"פוף לבבות גריל 40 ג""",גרמים,40.00,100 גרם,false,,4.90,12.2500,true,1,102021
7290111932502,false,"קולגייט משחת שיניים אופטיק וייט אקספרט 75 מ""ל",קולגייט Colgate,MX,מש.שיניים אופטיק ויי,מיליליטרים,75.00,"100 מ""ל",false,,29.90,39.8667,true,1,131586
7290111933462,false,"רוטב צ'ילי מתוק מאסטר שף 300 מ""ל",סיטי פוד,TH,רוטב צ'ילי מתוק 300,מיליליטרים,300.00,"100 מ""ל",false,,10.90,3.6333,true,1,116290
7290111935527,false,"מ. שיניים קולגייט טוטל קלין מיניט -זוג כשל""פ2*100 גרם",cp,PL,קולגייט טוטל קלין מי,מיליליטרים,200.00,"100 מ""ל",false,,29.90,14.9500,true,1,138791
7290111935961,false,מאסטר שף מחית עגבניות 690 גרם,קליספה,IT,מחית עגבניות מאסטר ש,גרמים,690.00,100 גרם,false,,10.90,1.5797,true,1,143024
7290111936647,false,"משחת שיניים קולגייט מקס כחול 125 מ""ל*2 כשלפ",קולגייט פלמוליב,PL,קולגייט מקס זוג 2*12,מיליליטרים,250.00,"100 מ""ל",false,,30.90,12.3600,true,1,138786
7290111936852,false,פרי מארז חטיפי 5יח תמרים חמוציות ותפוח עץ 125ג'',,IL,פרי מארז חטיפים תמרי,גרמים,125.00,100 גרם,false,,18.90,15.1200,true,1,138802
7290112000385,false,מנקה ומחטא עוצמתי למטבח ללא אקונומיקה,רקיט בנקיזר,PL,תרסיס ניקוי וחיטוי ל,מיליליטרים,750.00,"100 מ""ל",false,,17.90,2.3867,true,1,132861
7290112000798,false,"דיטול תרסיסי חיטוי וניקוי אנטי בקטריאלי 750 מ""ל",רקיט בנקיזר,GB,מחטא משטחים לימון מנ,מיליליטרים,750.00,"100 מ""ל",false,,17.90,2.3867,true,1,132864
7290112000842,false,דטול מגבונים לניקוי כללי בניחות לימון 60 יח',דטול Dettol,PL,מגבונים לניקוי כללי,יח',60.00,יח',false,,12.90,0.2150,true,1,132866
7290112000880,false,מטליות לחות למטבח מנקה ומחטא עוצמתי,דטול Dettol,PL,מגבונים למטבח 60 יח',יח',60.00,יח',false,,12.90,0.2150,true,1,132868
7290112002136,false,ג'ל כביסה מרוכז קולון 101 קלאסי,רקיט בנקיזר,IL,קולון ג'ל 4 ליטר רגי,ליטרים,4.00,ליטר,false,,38.90,9.7250,true,1,189931
7290112002143,false,ג'ל כביסה מרוכז קולון 101 בניחוח לילך,רקיט בנקיזר,IL,קולון ג'ל 4 ליטר ליל,ליטרים,4.00,ליטר,false,,38.90,9.7250,true,1,189932
7290112002150,false,ג'ל כביסה מרוכז קולון 101 בניחוח ורדים,קולון Colon,IL,קולון ג'ל 4 ליטר בני,ליטרים,4.00,ליטר,false,,38.90,9.7250,true,1,189933
7290112003256,false,אבקת כביסה קולון 101 בניחוח לבנדר,זוהר דליה,IL,אבקת כביסה קולון לבנ,קילוגרמים,1.25,"ק""ג",false,,16.90,13.5200,true,1,246517
7290112004611,false,"וניש קליה ג'ל מרוכז לטיפול נקודתי בכתמים 200 מ""ל",רקיט בנקיזר,IT,ג'ל מרוכז מולטי פאוו,מיליליטרים,200.00,"100 מ""ל",false,,18.90,9.4500,true,1,404816
7290112195579,false,שמן זית כתית מעולה 7,אסאס דל סור,ES,שמן זית איטליה 750 מ,מיליליטרים,750.00,"100 מ""ל",false,,35.90,4.7867,true,1,376414
7290112330352,false,"יוגורט PRO בטעם וניל 0% , 20 גרם חלבון בגביע","שטראוס בריאות בע""מ",IL,דנונה פרו 20 גר וניל,גרמים,200.00,100 גרם,false,,7.30,3.6500,true,1,143129
7290112330390,false,יוגורט PRO בטעם פירות יער 0% 20 גרם חלבון בגביע,"שטראוס בריאות בע""מ",IL,דנונה פרו 20 גר פירו,גרמים,200.00,100 גרם,false,,7.30,3.6500,true,1,143130
7290112332585,false,"פריכיות תפו""א, אורז בתיבול סלק ומלח חי 30 גר'","פרח תעשיו מזון בע""מ",IL,"פריכיות הטעימות תפו""",גרמים,30.00,100 גרם,false,,6.20,20.6667,true,1,144772
7290112332691,false,פינוקיות עוגיות קרם פסק זמן אגוזים 200 גרם,הגביע מוצרי ופלים בע,IL,פינוקיות עוגיית קרם,גרמים,200.00,100 גרם,false,,14.70,7.3500,true,1,147034
7290112335487,false,פריכיות הטעימות קצח ודגנים אנרגי 135 גר,אנרג'י Energy - שטראוס,IL,פריכיות הטעימות קצח,גרמים,135.00,100 גרם,false,,13.90,10.2963,true,1,144326
7290112335494,false,הפריכיות הטעימות תפוחי אדמה בטעם פוטטוס,"פרח תעשיות מזון בע""מ",IL,פריכיות הטעימות פוטט,גרמים,135.00,100 גרם,false,,13.90,10.2963,true,1,144327
7290112335500,false,"הפריכיות הטעימות חומוס, אורז, עדשים שחורות וקינואה",אנרג'י Energy - שטראוס,IL,פריכיות הטעימות עשיר,גרמים,135.00,100 גרם,false,,13.90,10.2963,true,1,144328
7290112336613,false,עד חצות עוגיות סנדוויץ שוקולד חלב 135 גר,,FR,עד חצות סנדוויץ' 135,גרמים,135.00,100 גרם,false,,10.90,8.0741,true,1,204065
7290112336637,false,סוכריות מאסט Must ללא סוכר יוגורט תות ואוכניות,שטראוס גרופ,PL,"סוכריות מאסט לל""ס יו",גרמים,80.00,100 גרם,false,,8.90,11.1250,true,1,190785
7290112336644,false,סוכריות מאסט ללא סוכר לימון 80 ג' עלית,שטראוס גרופ,PL,"סוכריות מאסט לל""ס לי",גרמים,80.00,100 גרם,false,,8.90,11.1250,true,1,190786
7290112336651,false,סוכריות מאסט ללא סוכר ריבת חלב 80 ג' עלית,שטראוס גרופ,PL,סוכריות מאסט ללא סוכ,גרמים,80.00,100 גרם,false,,8.90,11.1250,true,1,190793
7290112336712,false,יוגורט PRO לבן 0% 21 גרם חלבון בגביע,"שטראוס בריאות בע""מ",IL,דנונה פרו 21 0% שומן,גרמים,200.00,100 גרם,false,,7.30,3.6500,true,1,140359
7290112337474,false,סוכריות מאסט ללא סוכר פטל לימון 80 ג' עלית,שטראוס גרופ,PL,"סוכריות מאסט לל""ס פט",גרמים,80.00,100 גרם,false,,8.90,11.1250,true,1,190787
7290112338877,false,מעדן גבינה בטעם תות 3% 125ג' סקי,"שטראוס בריאות בע""מ",IL,גבינת סקי תות 3% 125,גרמים,125.00,100 גרם,false,,4.10,3.2800,true,1,137386
7290112339171,false,מילקי מוס עם שוקולד וקצפת,מיוצר עי קונדיטוריית,IL,מילקי מוס 81 גרם.,גרמים,81.00,100 גרם,false,,3.90,4.8148,true,1,137388
7290112339362,false,דנונה לייט אנד פריי בטעם קפוצינו 150 גר',דנונה - שטראוס,IL,דנונה לייט אנד פריי,גרמים,150.00,100 גרם,false,,4.90,3.2667,true,1,196517
7290112339874,false,גמדים לדרך גבינה לבנה עם מחיות תות ובננה,שטראוס,IL,גמדים סקוויז בודד תו,גרמים,100.00,100 גרם,false,,5.90,5.9000,true,1,138980
7290112340245,false,צנצנת מסטיק מאסט בטעם דובדבן 66 ג' עלית,"שטראוס גרופ בע""מ",IL,צנצנת מאסט בטעם דובד,גרמים,66.00,100 גרם,false,,12.90,19.5455,true,1,141151
7290112341556,false,אקטיביה עם צ'יה ותות 150 ג' דנונה,דנונה - שטראוס,IL,אקטיביה עם צ'יה ותות,גרמים,150.00,100 גרם,false,,5.20,3.4667,true,1,189903
7290112341679,false,דנונה אקטיביה 3% שומן 200 גרם,מיוצר עי קונדיטוריית,IL,דנונה אקטיביה 3% 200,גרמים,200.00,100 גרם,false,,4.70,2.3500,true,1,189904
7290112342102,false,סימפוניה גבינה במרקם שמנת בצל מקורמל 5%,"שטראוס בריאות בע""מ",IL,סימפוניה 5% בצל מקור,גרמים,200.00,100 גרם,false,,12.90,6.4500,true,1,211157
7290112342270,false,קפה פלטינום אינטנס מחוזק ב- 10% אספרסו,שטראוס קפה בי.וי,IL,קפה פלטינום אינטנס 1,גרמים,125.00,100 גרם,false,,22.90,18.3200,true,1,192195
7290112343420,false,"משקה חלב עם דגנים מלאים ובננה פרו יטבתה 350מ""ל",מחלבת יטבתה,IL,משקה יטבתה פרו 20 אר,מיליליטרים,350.00,"100 מ""ל",false,,7.90,2.2571,true,1,198650
7290112343499,false,חטיף צ'יטוס פאפס אפוי בטעם גבינה,"שטראוס פריטו ליי בע""",IL,ציטוס Puffs בטעם גבי,גרמים,55.00,100 גרם,false,,3.90,7.0909,true,1,358153
7290112344724,false,מעדן בטעם שוקולד בלונדי 170 ג' מילקי,מיוצר עי קונדיטוריית,IL,מילקי בטעם שוקולד בל,מיליליטרים,170.00,"100 מ""ל",false,,3.90,2.2941,true,1,198636
7290112344755,false,מילקי שוקולד 26% פחות סוכר 135 גרם,מיוצר עי קונדיטוריית,IL,מילקי עם 26% פחות סו,מיליליטרים,135.00,"100 מ""ל",false,,3.10,2.2963,true,1,276373
7290112344786,false,קפה פלטינום קלאסיק 200 ג' עלית,שטראוס קפה בי.וי.,IL,פלטינום קלאסיק עלית,גרמים,200.00,100 גרם,false,,30.90,15.4500,true,1,212182
7290112346537,false,עוגיות פינוקיות בטעם טורטית 200 ג' עלית,הגביע מוצרי ופלים בע,IL,פינוקיות עוגיות בטעם,גרמים,200.00,100 גרם,false,,14.70,7.3500,true,1,203982
7290112346827,false,אקטימל פטל ויטמין C שמינייה,שטראוס גרופ,IL,אקטימל ויטמין C פטל,מיליליטרים,800.00,"100 מ""ל",false,,23.90,2.9875,true,1,270997
7290112348142,false,שעועית לבנה 380 גר' בקופסה טעם הטבע,שטראוס טעם הטבע,IT,שעועית לבנה טעם הטבע,גרמים,380.00,100 גרם,false,,7.90,2.0789,true,1,231347
7290112348999,false,פריכיות טעימות תירס דקות 135 גרם,עלית,IL,פריכיות טעימות תירס,גרמים,135.00,100 גרם,false,,13.90,10.2963,true,1,281646
7290112349606,false,מעדן גבינה ויוגורט תות בננה 88 ג' דניאלה,"שטראוס בריאות בע""מ",IL,דניאלה תות בננה 150,מיליליטרים,150.00,"100 מ""ל",false,,4.50,3.0000,true,1,389172
7290112349743,false,ארביאטה רוטב עגבניות פיקנטי לפסטה 350 ג' יד מרדכי,אמיליאנה קונסרב,IT,רוטב עגבניות ארביאטה,גרמים,350.00,100 גרם,false,,14.10,4.0286,true,1,212347
7290112351067,false,סילאן טבעי 100% תמר מג'הול ללא תוספת סוכר,יד מרדכי,IL,סילאן טבעי לחיץ יד מ,גרמים,630.00,100 גרם,false,,26.90,4.2698,true,1,229160
7290112351104,false,שוקולד פרה ממולא פיצפוצי אורז 100 ג' עלית,שטראוס,IL,שוקולד פרה פיצפוצי א,גרמים,100.00,100 גרם,false,,6.90,6.9000,true,1,236428
7290112351128,false,שוקולד פרה סוכריות קופצות 100 ג' עלית,"שטראוס גרופ בע""מ",IL,שוקולד פרה חלב סוכרי,גרמים,100.00,100 גרם,false,,6.90,6.9000,true,1,322919
7290112351470,false,סוכריות ללא סוכר בטעם תות רימון מאסט פרש,עלית,,שלישיית סוכריות FRES,גרמים,45.00,100 גרם,false,,9.90,22.0000,true,1,261279
7290112353412,false,"פריכיות משולשות תפו""א,תירס.אפונה,סלק ומלח 30 גר","פרח תעשיו מזון בע""מ",IL,"פריכיות משולשות תפו""",גרמים,30.00,100 גרם,false,,6.20,20.6667,true,1,258233
7290112354174,false,פסטה רוזה דלישס 280 גרם,גסטרונומיה פרוסט אס.,IT,פסטה רוזה שטראוס דלי,גרמים,280.00,100 גרם,false,,22.90,8.1786,true,1,364299
7290112354945,false,תפוצ'יפס wavy טבעי 50ג היתר מכירה,שטראוס פריטו ליי בע”,IL,תפוצ'יפס wavy 50 גר,גרמים,50.00,100 גרם,false,,4.90,9.8000,true,1,505832
7290112354952,false,"תפוציפס WAVY בטעם פפריקה , 50 גרם",שטראוס פריטו ליי בע”,IL,תפוצ'יפס wavy פפריקה,גרמים,50.00,100 גרם,false,,4.90,9.8000,true,1,505833
7290112354969,false,"תפוציפס WAVY טבעי , 200 גרם",שטראוס פריטו ליי בע”,IL,תפוצ'יפס וויבי 200 ג,גרמים,200.00,100 גרם,false,,11.90,5.9500,true,1,505735
7290112355027,false,דנונה פרו 20 גרם חלבון קרמל מלוח 200 גרם,"שטראוס בריאות בע""מ",IL,דנונה פרו 20 גר' בטע,גרמים,200.00,100 גרם,false,,7.30,3.6500,true,1,276392
7290112355102,false,גמדים סקוויז 100 גרם פאוץ סלט פירות 100 גרם,"שטראוס בריאות בע""מ",IL,סקוויז גמדים לדרך סל,גרמים,100.00,100 גרם,false,,5.90,5.9000,true,1,283043
7290112355867,false,מילקי קצפת טופ פיצפוץ 86 גרם,"שטראוס גרופ בע""מ",IL,מילקי קצפת עם תוסף פ,גרמים,86.00,100 גרם,false,,4.90,5.6977,true,1,359974
7290112357045,false,עגבניות איטלקיות מרוסקות 390 גר' בקופסה טעם הטבע,שטראוס טעם הטבע,IT,עגבניות איטלקיות מרו,גרמים,390.00,100 גרם,false,,6.90,1.7692,true,1,231348
7290112357069,false,מחית עגבניות איטלקיות בקופסה 500 גר' טעם הטבע,שטראוס טעם הטבע,IT,מחית עגבניות איטלקיו,גרמים,500.00,100 גרם,false,,8.60,1.7200,true,1,231349
7290112357106,false,שעועית אדומה 380 גר' בקופסה טעם הטבע,שטראוס טעם הטבע,IT,שעועית אדומה טעם הטב,גרמים,380.00,100 גרם,false,,7.90,2.0789,true,1,231350
7290112357892,false,סוכריות ללא סוכר בטעם מנטה מאסט פרש,הליקון גידה,TR,שלישיית סוכריות FRES,גרמים,45.00,100 גרם,false,,9.90,22.0000,true,1,261280
7290112358431,false,עד חצות דאבל ביסקוויט עם שוקולד חלב -8 אריזות אישיות,הדקלאים אגודת שיתופי,IL,דאבל ביסקוויט עם שוק,גרמים,200.00,100 גרם,false,,15.90,7.9500,true,1,306460
7290112492456,false,"שמפו פינוק לשיער יבש/פגום 700 מ""ל",יוניליוור ישראל טיפו,IL,פינוק שמפו שיער יבש,מיליליטרים,700.00,"100 מ""ל",false,,11.90,1.7000,true,1,221683
7290112492463,false,"שמפו ומרכך פינוק 2 ב1 לשיער רגיל 700 מ""ל",יוניליוור ישראל טיפו,IL,פינוק 2ב1 לשיער רגיל,מיליליטרים,700.00,"100 מ""ל",false,,11.90,1.7000,true,1,221684
7290112492531,false,"פינוק מרכך לשיער רגיל 700 מ""ל",אתר ליוור - HPC,IL,פינוק מרכך לשיער רגי,מיליליטרים,700.00,"100 מ""ל",false,,11.90,1.7000,true,1,221687
7290112492548,false,"מרכך פינוק עם שמן חוחובה 700 מ""ל",אתר ליוור - HPC,IL,פינוק מרכך לשיער יבש,מיליליטרים,700.00,"100 מ""ל",false,,11.90,1.7000,true,1,221688
7290112493088,false,נמס בכוס עדשים מרק רכיבים טבעיים קנור 54 ג',אתר חיפה אבקות - Foo,IL,נמס בכוס מרק עדשים ח,גרמים,54.00,100 גרם,false,,7.90,14.6296,true,1,158822
7290112493095,false,נמס בכוס מרק עגבניות חריף רכיבים טבעיים קנור 48 ג',אתר חיפה אבקות - Foo,IL,נמס בכוס מרק עגבניות,גרמים,48.00,100 גרם,false,,7.90,16.4583,true,1,158823
7290112494382,false,פירה בטעם ביתי 260 גרם-קופסא,יוניליוור ישראל מזון,IL,פירה בטעם ביתי קנור,גרמים,260.00,100 גרם,false,,14.90,5.7308,true,1,196290
7290112494818,false,"ג'ל לכביסה לבנה וצבעונית בייבי 2.5 ק""ג",היינץ צפון אמריקה מק,IL,ג'ל לכביסה לבנה וצבע,ליטרים,2.50,ליטר,false,,35.90,14.3600,true,1,196566
7290112495006,false,כריות נוגט 686 גרם - קופסא,יוניליוור שפע ישראל,IL,"כריות נוגט תלמה בד""ץ",גרמים,686.00,100 גרם,false,,28.90,4.2128,true,1,196266
7290112495037,false,דגני בוקר בטעם שוקולד כדורים 375 ג' קוקומן,יוניליוור שפע ישראל,IL,קוקומן כדורים תלמה ב,גרמים,375.00,100 גרם,false,,24.90,6.6400,true,1,196267
7290112495044,false,קוקומן פצפוצים בטעם שוקולד,יוניליור שפע ישראל ב,IL,קוקומן פצפוצים תלמה,גרמים,375.00,100 גרם,false,,24.90,6.6400,true,1,196268
7290112495280,false,ריבועי ברנפלקס קינמון 400 גרם,אתר שפע - Food,IL,ריבועי ברנפלקס קינמו,גרמים,400.00,100 גרם,false,,27.90,6.9750,true,1,236345
7290112495822,false,כריות BLAK שוקולד וניל 686 גר',יוניליוור שפע ישראל,IL,"כריות בלאק תלמה בד""ץ",גרמים,686.00,100 גרם,false,,31.90,4.6501,true,1,211421
7290112496034,false,סירופ מייפל אפיכל 580 גרם,יוניליוור ישראל מזון,IL,"סירופ מייפל בד""צ 600",מיליליטרים,600.00,"100 מ""ל",false,,14.90,2.4833,true,1,213385
7290112496287,false,פתית - צ'יפס בטטה בטעם טבעי 21 גרם,JLM גלובל פודס37 דרך,GB,פתית צ'יפס בטטה בטעם,גרמים,21.00,100 גרם,false,,5.90,28.0952,true,1,329136
7290112497994,false,גרנולה פרוטאין בתוספת חלבון ואגוזים תלמה 300 ג',תלמה,IL,גרנולה PROTEIN בתוספ,גרמים,300.00,100 גרם,false,,17.90,5.9667,true,1,338549
7290112498526,false,פתית צ'יפס בטטה סגולה בטעם שמנת בצל 22 גרם,JLM גלובל פודס37 דרך,GB,פתית צ'יפס עם בטטה ס,גרמים,21.00,100 גרם,false,,5.90,28.0952,true,1,329137
7290112961372,false,פיטנס חטיפי פריכיות דקות קינמון 60 גרם,"פרח תעשיות מזון בע""מ",IL,חטיפי פריכיות דקות ק,גרמים,60.00,100 גרם,false,,8.90,14.8333,true,1,138597
7290112961464,false,פיטנס חטיפי פריכיות דגנים וחומוס מתובלות,"פרח תעשיות מזון בע""מ",IL,חטיפי פריכיות דקות מ,גרמים,60.00,100 גרם,false,,8.90,14.8333,true,1,138598
7290112963918,false,פיטנס חטיפי קרקר דק רוזמרין 140 גרם,נסטלה Nestle,IL,פיטנס חטיפי קרקר דק,גרמים,140.00,100 גרם,false,,14.90,10.6429,true,1,154360
7290112964410,false,רוטב אוסם אלף האיים לסלט 290 ג' אסם,אסם,IL,אסם רוטב אלף האיים ל,מיליליטרים,290.00,"100 מ""ל",false,,13.90,4.7931,true,1,147379
7290112964434,false,"רוטב לסלט קיסר 295 מ""ל אסם",אסם,IL,אסם רוטב קיסר לסלט 2,מיליליטרים,295.00,"100 מ""ל",false,,13.90,4.7119,true,1,147369
7290112964472,false,"רוטב שום לסלט 290 מ""ל אסם",אסם,IL,אסם רוטב שום לסלט 29,מיליליטרים,295.00,"100 מ""ל",false,,13.90,4.7119,true,1,147380
7290112964564,false,"רוטב אלף האיים לייט לסלט 290 מ""ל אסם",אסם,IL,אסם רוטב אלף האיים ל,מיליליטרים,295.00,"100 מ""ל",false,,13.90,4.7119,true,1,147371
7290112965264,false,אוסם - מרק נמס אפונה זוג 26 גרם * 2,אסם,IL,זוג מרק נמס אפונה בד,גרמים,30.00,100 גרם,false,,6.90,23.0000,true,1,154352
7290112965660,false,פיטנס - חטיף מולטיגריין מלח פלפל 25 גרם,מיוצר עי קונדיטוריית,IL,פיטנס חטיף מולטיגריי,גרמים,25.00,100 גרם,false,,5.80,23.2000,true,1,276237
7290112965684,false,פיטנס - חטיף מולטיגריין עשבי תיבול 25 גרם,מיוצר עי קונדיטוריית,IL,פיטנס חטיף מולטיגריי,גרמים,25.00,100 גרם,false,,5.80,23.2000,true,1,276238
7290112965707,false,פיטנס - חטיף מולטיגריין צילי מעודן 25 גרם,"אסם השקעות בע""מ",IL,פיטנס חטיף מולטיגריי,גרמים,25.00,100 גרם,false,,5.80,23.2000,true,1,276239
7290112965783,false,אוסם - ביסלי פריסטייל על האש 60 גרם,"אסם השקעות בע""מ",IL,ביסלי פריסטייל על הא,גרמים,60.00,100 גרם,false,,4.90,8.1667,true,1,325300
7290112966001,false,טבעול גורמה ארוחת ירוקים 450 גרם,טבעול (מקבוצת אסם הש,IL,טבעול גורמה ארוחת יר,גרמים,450.00,100 גרם,false,,36.90,8.2000,true,1,457868
7290112966094,false,הבית עוגת תפוז מופחתת סוכר 400 גרם,מיוצר עי קונדיטוריית,IL,עוגת הבית תפוז מופחת,גרמים,400.00,100 גרם,false,,15.90,3.9750,true,1,197910
7290112967220,false,ביסלי מארז ברביקיו 20 גר'*10 יח' אסם,,,ביסלי ברביקיו מארז 1,גרמים,200.00,100 גרם,false,,12.90,6.4500,true,1,236514
7290112968807,false,פיטנס - קרקר דק סלק 140 גרם,מפעל אסם יקנעם,IL,פיטנס קרקר דק סלק 14,גרמים,140.00,100 גרם,false,,14.90,10.6429,true,1,283711
7290112968821,false,פיטנס - קרקר דק בטטה 140 גרם,מפעל אסם יקנעם,IL,פיטנס קרקר דק בטטה 1,גרמים,140.00,100 גרם,false,,14.90,10.6429,true,1,283712
7290113192393,false,קוקטייל זיתים A2 בית השיטה 336 גרם,בית השיטה,IL,קוקטייל זיתים בית הש,גרמים,336.00,100 גרם,false,,12.90,3.8393,true,1,204461
7290113192478,false,בית השיטה מלפפונים במלח בינוני 10-12 320 גרם,בית השיטה,IL,מלפפון במלח 10-12 בי,גרמים,320.00,100 גרם,false,,8.90,2.7813,true,1,204653
7290113192485,false,בית השיטה מלפפונים בחומץ בינוני 10-12 290 גרם,בית השיטה,IL,מלפפון בחומץ 12-10 ב,גרמים,290.00,100 גרם,false,,8.90,3.0690,true,1,204654
7290113192492,false,בית השיטה מלפפונים בחומץ קטנים 1317 290 גרם,בית השיטה,IL,מלפפון בחומץ 13-17 ב,גרמים,290.00,100 גרם,false,,11.90,4.1034,true,1,204655
7290113192508,false,בית השיטה מלפפונים במלח קטן 1317 320 גרם,בית השיטה,IL,מלפפון במלח 13-17 בי,גרמים,320.00,100 גרם,false,,11.90,3.7188,true,1,204656
7290113192515,false,בית השיטה מלפפונים במלח קטן מאוד 1825 320 גרם,בית השיטה,IL,מלפפון במלח 18-25 בי,גרמים,320.00,100 גרם,false,,13.90,4.3438,true,1,204657
7290113192522,false,בית השיטה מלפפונים בחומץ קטן מאוד 1825 290 גרם,בית השיטה,IL,מלפפון בחומץ 18-25 ב,גרמים,290.00,100 גרם,false,,13.90,4.7931,true,1,204658
7290113192546,false,בית השיטה מלפפונים בחומץ גדול 79 290 גרם,בית השיטה,IL,מלפפון בחומץ 7-9 בית,גרמים,560.00,100 גרם,false,,7.90,1.4107,true,1,204674
7290113192553,false,בית השיטה מלפפונים במלח 13-17 בלדי 320 גר',בית השיטה,IL,מלפפון במלח בלדי 13-,גרמים,320.00,100 גרם,false,,12.90,4.0313,true,1,204688
7290113193000,false,פלפל שיפקונית 230 גרם בית השיטה,שוורצקוף& הנקל דיסלד,IL,פלפל שיפקונית בית הש,גרמים,230.00,100 גרם,false,,12.90,5.6087,true,1,269960
7290113198036,false,פקאן מצופה בטעם קרמל,"דין שיווק וקליה בע""מ",IL,פקאן מצופה בטעם קרמל,גרמים,150.00,100 גרם,false,,15.90,10.6000,true,1,347156
7290113198043,false,פקאן מצופה שוקולד וע,דין שיווק,IL,פקאן מצופה שוקולד וע,גרמים,150.00,100 גרם,false,,15.90,10.6000,true,1,347037
7290113284517,false,נייר טואלט בליסימו 3,,,נייר טואלט דו שכבתי,יחידה,0.00,יחידה,false,,29.90,0.0000,true,1,513420
7290113287167,false,כפפות TPE שחורות 10,,,כפפות TPE שחורות 10,יחידה,0.00,יחידה,false,,15.90,0.0000,true,1,316687
7290113288850,false,"כפפות ניטרקס ויטריל-L שחורות 100 יח' =פרפקט=עד""ח",,,כפפות ויטריל 100 יח,יחידה,0.00,יחידה,false,,21.90,0.0000,true,1,347639
7290113289215,false,צלחות מתכלות יהלום ע,,,צלחות מתכלות יהלום ע,יחידה,0.00,יחידה,false,,21.90,0.0000,true,1,376796
7290113289352,false,צלחות דקל מרובעות קט,,,צלחות דקל מרובעות קט,יחידה,0.00,יחידה,false,,12.90,0.0000,true,1,408130
7290113289376,false,קערות דקל מרובעות 10,,,קערות דקל מרובעות 10,יחידה,0.00,יחידה,false,,16.90,0.0000,true,1,408167
7290113289505,false,רדיד אלומיניום כוכבי,,,רדיד אלומיניום כוכבי,יחידה,0.00,יחידה,false,,34.90,0.0000,true,1,387270
7290113289550,false,צלחות מתכלות גדולות,,,צלחות מתכלות גדולות,יחידה,0.00,יחידה,false,,31.90,0.0000,true,1,376763
7290113560055,false,"מי פה פרודונטקס לטיפול יום יומי 500 מ""ל",פרודונטקס Parodontax,GB,פרודונטקס מי פה 500,מיליליטרים,500.00,"100 מ""ל",false,,32.90,6.5800,true,1,262620
7290114310215,false,"**טרה שמנת מתוקה 38% 250 מ""ל בקבוק.",מילקו תעשיות בעמ,IL,שמנת מתוקה 38% בקבוק,מיליליטרים,250.00,"100 מ""ל",false,,6.47,2.5880,true,1,232065
7290114310383,false,Muller Froop מולר יוגורט מוקצף בטעם וניל 90 גרם,מולר Muller,IL,יוגורט מוקצף בטעם ונ,גרמים,97.00,100 גרם,false,,5.80,5.9794,true,1,484397
7290114310390,false,"מולר פרופ קציפת יוגורט בננה לוטי 5% 150 מ""ל",מולר Muller,IL,יוגורט מוקצף בטעם בנ,גרמים,97.00,100 גרם,false,,5.80,5.9794,true,1,484415
7290114310406,false,מולר פרופ יוגורט מוקצף בטעם תות 97 גרם,מולר Muller,IL,יוגורט מוקצף בטעם תו,גרמים,97.00,100 גרם,false,,5.80,5.9794,true,1,484416
7290114310574,false,גבינת קרם שמנת עיזים 5% 200 גרם צוריאל,מחלבת משק צוריאל,IL,גבינת קרם שמנת עיזים,גרמים,200.00,100 גרם,false,,15.90,7.9500,true,1,304624
7290114310611,false,"משקה חלב בננה בבקבוק פקק ספורט טרה 250 מ""ל",טרה,IL,משקה חלב בננה בבקבוק,מיליליטרים,250.00,"100 מ""ל",false,,6.10,2.4400,true,1,322505
7290114311021,false,"משקה חלב וניל עוגיות טרה 250 מ""ל פקק ספו",טרה,IL,משקה חלב וניל עוגיות,מיליליטרים,250.00,"100 מ""ל",false,,6.10,2.4400,true,1,432336
7290114311069,false,יוגורט לבן מועשר בחלבון 0% שומן 200 גרם muller active,מולר Muller,IL,יוגורט בטעם טבעי 25,גרמים,200.00,100 גרם,false,,7.20,3.6000,true,1,411833
7290114311076,false,"חמאת מולר צהובה עם שום, 200 גרם",מולר Muller,IL,חמאה צהובה עם שום מו,גרמים,200.00,100 גרם,false,,13.50,6.7500,true,1,428801
7290114311298,false,יוגורט מולר פרופ בטעם תות בננה מלון 150,מולר Muller,IL,מולר פרופ תות בננה מ,גרמים,150.00,100 גרם,false,,5.80,3.8667,true,1,457642
7290114311328,false,חלב נטול לקטוז 2% שומן מועשר בויטמין D,ג'י.אר.אמ.גרופו אלימ,IL,חלב נטול לקטוז טרה 1,ליטרים,1.00,ליטר,false,,8.30,8.3000,true,1,468397
7290114311434,false,מולר אקטיב יוגורט בטעם קרמל מלוח 200 גרם,מולר Muller,IL,מולר אקטיב בטעם קרמל,גרמים,200.00,100 גרם,false,,6.90,3.4500,true,1,484380
7290114311441,false,"מולר אקטיב בטעם עוגיות חמאה 0% שומן, 200 גרם",מולר Muller,IL,מולר אקטיב בטעם עוגי,גרמים,200.00,100 גרם,false,,6.90,3.4500,true,1,484381
7290114311502,false,"משקה חלב בקבוק בטעם סחלב, 1 ליטר",מילקו תעשיות בעמ,IL,משקה חלב בטעם סחלב 1,ליטרים,1.00,ליטר,false,,13.50,13.5000,true,1,521564
7290114600941,false,מיונז מאסטר שף מיונז לחיץ 435 ג',רמיה סי.וי,NL,מאסטר שף מאסטר שף מ,גרמים,435.00,100 גרם,false,,15.90,3.6552,true,1,248080
7290114600996,false,"רוטב שום מאסטר שף 250 מ""ל",מאסטר שף,NL,מאסטר שף רוטב שום 25,מיליליטרים,250.00,"100 מ""ל",false,,12.90,5.1600,true,1,248108
7290114603539,false,קרוטונים למרק שום בצל מאסטר שף 350 גרם,מאסטר שף,IL,מאסטר שף קרוטונים למ,גרמים,350.00,100 גרם,false,,20.90,5.9714,true,1,351923
7290114604857,false,"דפי אורז מאסטר שף קוטר 22 ס""מ 400 גרם",לוק הונג טריידינג פר,VN,דפי אורז קוטר 22 כשל,גרמים,400.00,100 גרם,false,,10.90,2.7250,true,1,291037
7290114604864,false,מאסטר שף קוסקוס דק 350 גרם,דוידוביץ,IL,קוסקוס דק מאסטר שף 3,גרמים,350.00,100 גרם,false,,6.90,1.9714,true,1,347889
7290114606554,false,מיונז מופחת קלוריות בקבוק לחיץ,מאסטר שף,NL,מאסטר שף מיונז לייט,גרמים,470.00,100 גרם,false,,15.90,3.3830,true,1,306191
7290114651806,false,בקבוק טריטן עם צמידי,,,"בקבוק טריטן 700 מ""ל",יחידה,0.00,יחידה,false,,24.90,0.0000,true,1,331721
7290115073676,true,מארז מסכות 3 שכבות צ,,,מארז מסכות 3 שכבות צ,יחידה,0.00,יחידה,false,,9.90,0.0000,true,1,245663
7290115190083,false,מרלבורו גולד קצר פאקט,פיליפ מוריס,,מרלבורו גולד פאקט 1,יחידה,0.00,יחידה,false,,345.00,0.0000,false,1,266982
7290115190090,false,סיגריות מרלבורו גולד קצר בוקס,פיליפ מוריס,,סיגריות מרלבורו חפי,יחידה,0.00,יחידה,false,,36.50,0.0000,false,1,266952
7290115190335,false,ל.מ.בלו לייבל ארוך בוקס חפיסה,פיליפ מוריס,,אל אם בלו ארוך,יחידה,0.00,יחידה,false,,33.90,0.0000,false,1,310951
7290115190359,false,L&M בלו לייבל קצר-חפיסה,פיליפ מוריס,,אל אם בלו לייבל קצר,יחידה,0.00,יחידה,false,,33.90,0.0000,false,1,260049
7290115190595,false,סיגריות נקסט אוריגינ,פיליפ מוריס,,סיגריות נקסט(בודד),יחידה,0.00,יחידה,false,,31.90,0.0000,false,1,266884
7290115200713,false,במבה קלאסי מארז אחיד 8 50*5 ג',אסם,IL,מארז במבה קלאסי אסם,גרמים,250.00,100 גרם,false,,13.90,5.5600,true,1,278071
7290115201031,false,אסם פתי בר דובי שוקולד 175 גרם,טרופיקל דגיל תעשיות,PL,אסם פתיבר דובי שוקול,גרמים,175.00,100 גרם,false,,12.90,7.3714,true,1,304920
7290115201451,false,טבעול גורמה לביבות בטטה קארי 455 גרם,טבעול (מקבוצת אסם הש,IL,טבעול גורמה לביבות ב,גרמים,455.00,100 גרם,false,,36.90,8.1099,true,1,457848
7290115201680,false,ביסלי ברביקיו 70 גרם,"אסם השקעות בע""מ",IL,ביסלי ברביקיו 70 גרם,גרמים,70.00,100 גרם,false,,4.90,7.0000,true,1,283014
7290115201741,false,ביסלי בטעם בצל 70 גרם,"אסם השקעות בע""מ",IL,ביסלי בצל 70 גרם,גרמים,70.00,100 גרם,false,,4.90,7.0000,true,1,277455
7290115202786,false,מנה חמה פאוצ נדלס.אטר.טעם בקר 70 גרם,אסם,IL,מנה חמה פאוצ' נדלסאט,גרמים,70.00,100 גרם,false,,4.90,7.0000,true,1,304848
7290115202816,false,מנה חמה פאוצ נדלס.אטר.טעם עוף 70 גרם,אסם,IL,מנה חמה פאוצ' נדלסאט,גרמים,70.00,100 גרם,false,,4.90,7.0000,true,1,304849
7290115203172,false,במבה PRO מכיל 18 גרם חלבון בשקית,"אסם השקעות בע""מ",IL,במבה אסם 80 גרם PRO,גרמים,80.00,100 גרם,false,,4.90,6.1250,true,1,455840
7290115204056,false,אסם קטשופ 56% פחות סוכר 690 גרם,אסם,IL,אסם קטשופ מופחת סוכר,גרמים,690.00,100 גרם,false,,11.90,1.7246,true,1,312628
7290115205527,false,חטיף פיטנס מולטיגריין עם עדשים 25 גרם,פיטנס,IL,פיטנס חטיף מולטגריין,גרמים,25.00,100 גרם,false,,5.80,23.2000,true,1,447995
7290115205633,false,טבעול סנסשיונל/גורמה נקנקיות 350 גר',עיצובים 2020 (4.8),IL,טבעול סנסשיונל נקנקי,גרמים,350.00,100 גרם,false,,36.90,10.5429,true,1,457852
7290115205978,false,פתיבר ואצבעות שוקולד 180 גרם - רבנות,"ד""ר ג'רארד בע""מ",PL,פתי בר אצבעות שוקולד,גרמים,180.00,100 גרם,false,,12.90,7.1667,true,1,414207
7290115207682,false,"אסם רוטב בסגנון סויה סיני 290 מ""ל",אסם,IL,אסם רוטב בסגנון סויה,מיליליטרים,330.00,"100 מ""ל",false,,13.90,4.2121,true,1,445768
7290115207965,false,ויטמינצ'יק תרכיז מנגו אפרסק 1 ליטר,בית-השיטה עסיס תעשיו,IL,ויטמינצ'יק מנגו 1 לי,ליטרים,1.00,ליטר,false,,23.50,23.5000,true,1,400548
7290115207989,false,ויטמינצ'יק תרכיז לימון 1 ליטר,בית-השיטה עסיס תעשיו,IL,ויטמינצ'יק לימון 1 ל,ליטרים,1.00,ליטר,false,,23.50,23.5000,true,1,400549
7290115208009,false,ויטמינצ'יק תרכיז ענבים 1 ליטר,בית-השיטה עסיס תעשיו,IL,ויטמינצ'יק ענבים 1 ל,ליטרים,1.00,ליטר,false,,23.50,23.5000,true,1,400550
7290115208047,false,ויטמינצ'יק תרכיז פטל 1 ליטר,בית-השיטה עסיס תעשיו,IL,ויטמינצ'יק פטל 1 ליט,ליטרים,1.00,ליטר,false,,23.50,23.5000,true,1,400551
7290115208061,false,ויטמינצ'יק תרכיז תפוח 1 ליטר,בית השיטה עסיס תעשיו,IL,ויטמינצ'יק תפוח 1 לי,ליטרים,1.00,ליטר,false,,23.50,23.5000,true,1,400552
7290115209358,false,במבה במילוי קרם בטעם בראוניז,"אסם השקעות בע""מ",IL,במבה במילוי בראוניז,גרמים,60.00,100 גרם,false,,5.90,9.8333,true,1,490377
7290115403367,false,עוגיות קוואקר פריכות,,,עוגיות קוואקר פריכות,גרמים,500.00,100 גרם,false,,18.90,3.7800,true,1,434541
7290115403404,false,עוגיות פרפריות שוקו,,,עוגיות פרפריות שוקו,גרמים,450.00,100 גרם,false,,18.90,4.2000,true,1,434545
7290115403435,false,עוגיות מעמול תמר אדל,,,עוגיות מעמול תמר אדל,גרמים,500.00,100 גרם,false,,18.90,3.7800,true,1,434548
7290115403459,false,עוגיות נסיכה בטעם תו,,,עוגיות נסיכה בטעם תו,גרמים,500.00,100 גרם,false,,18.90,3.7800,true,1,434550
7290115403466,false,עוגיות נסיכה מיקס אד,,,עוגיות נסיכה מיקס אד,גרמים,500.00,100 גרם,false,,18.90,3.7800,true,1,434551
7290115403510,false,עוגיות מגולגלות תמרי,,,עוגיות מגולגלות תמרי,גרמים,500.00,100 גרם,false,,18.90,3.7800,true,1,434555
7290115410068,false,סלט חציל במיונז 400 גר',סלטי היום,IL,חציל במיונז 400 גרם,גרמים,400.00,100 גרם,false,,13.90,3.4750,true,1,345807
7290115410075,false,טחינה 400 גרם סלטי ה,סלטי היום,IL,טחינה 400 גרם סלטי ה,גרמים,400.00,100 גרם,false,,13.90,3.4750,true,1,345808
7290115410099,false,מטבוחה סלטי היום 400,סלטי היום,IL,מטבוחה 400 גרם סלטי,גרמים,400.00,100 גרם,false,,13.90,3.4750,true,1,345824
7290115410112,false,חומוס 400 גרם סלטי ה,סלטי היום,IL,חומוס 400 גרם סלטי ה,גרמים,400.00,100 גרם,false,,13.90,3.4750,true,1,345791
7290115410150,false,כרוב אדום סלטי היום,סלטי היום,IL,כרוב אדום 400 גרם סל,גרמים,400.00,100 גרם,false,,13.90,3.4750,true,1,406267
7290115410549,false,המעדניה חומוס ירושלים 250 גר',סלטי היום,IL,חומוס מסעדות המעדניה,גרמים,250.00,100 גרם,false,,11.90,4.7600,true,1,345724
7290115410556,false,המעדניה חומוס מסבחה ירוק 250 גר',סלטי היום,IL,חומוס מסבחה 250 גרם,גרמים,250.00,100 גרם,false,,11.90,4.7600,true,1,345753
7290115410587,false,טחינה לבנה המעדניה 2,סלטי היום,IL,טחינה לבנה 250 גרם -,גרמים,250.00,100 גרם,false,,11.90,4.7600,true,1,345756
7290115410594,false,המעדניה חציל תיאלנדי 250 גר',סלטי היום,IL,חציל תאילנדי 250 גרם,גרמים,250.00,100 גרם,false,,11.90,4.7600,true,1,345757
7290115410600,false,המעדניה חציל במיונז 250 גר',סלטי היום,IL,חציל במיונז 250 גרם-,גרמים,250.00,100 גרם,false,,11.90,4.7600,true,1,345772
7290115410631,false,המעדניה חציל בטעם כבד 250 גר',,,חציל בטעם כבד 250 גר,גרמים,250.00,100 גרם,false,,11.90,4.7600,true,1,345775
7290115671155,false,שלישיית סוכריות FRESH ענבים 45 ג' בזוקה,הליקון גידה,TR,שלישיית סוכריות בזוק,גרמים,45.00,100 גרם,false,,9.90,22.0000,true,1,392221
7290115671421,false,פולי אספרסו עשירים וארומטיים עוצמה 10 250 ג' עלית,שטראוס קפה בי.וי,IL,פולי אספרסו עשירים ו,גרמים,250.00,100 גרם,false,,22.90,9.1600,true,1,414344
7290115675559,false,מארז קפה טורקי לדרך 70ג' עלית,שטראוס קפה בי.וי.,IL,מארז קפה טורקי לדרך,גרמים,70.00,100 גרם,false,,8.90,12.7143,true,1,284003
7290115675696,false,דגני בוקר קראנצ'ים שיבולת שועל עם אגוזים ושקדים,גלידות שטראוס,IL,דגני בוקר קוואקר שיב,גרמים,375.00,100 גרם,false,,23.90,6.3733,true,1,329183
7290115675986,false,יוגורט עם אגוזי לוז ושקדים בקרמל מלוח 4.5%,"שטראוס בריאות בע""מ",IL,דנונה קראנצ' אגוזים,גרמים,173.00,100 גרם,false,,5.20,3.0058,true,1,283425
7290115676273,false,אבקת קקאו 500 גרם +10% עלית,שטראוס גרופ,IL,עלית קקאו 500 גרם +1,גרמים,500.00,100 גרם,false,,26.90,5.3800,true,1,306404
7290115677140,false,תפוצ'יפס WAVY פפריקה 200 גרם,שטראוס פריטו ליי בע”,IL,תפוצ'יפס wavy פפריקה,גרמים,200.00,100 גרם,false,,11.90,5.9500,true,1,505736
7290115678376,false,מעדן הגולן שוקולד 125 גרם,מיוצר עי קונדיטוריית,IL,מעדן הגולן מעדן חלב,גרמים,125.00,100 גרם,false,,3.70,2.9600,true,1,336425
7290115678383,false,מעדן הגולן שוקולד מריר 125 גרם,מיוצר עי קונדיטוריית,IL,מעדן הגולן מעדן חלב,גרמים,125.00,100 גרם,false,,3.70,2.9600,true,1,336440
7290115678598,false,חסה אייסברג חיתוך גס,שטראוס גרופ,IL,חסה אייסברג חיתוך גס,גרמים,300.00,100 גרם,false,,10.90,3.6333,true,1,361725
7290115679762,false,שייק פירות צהוב דליש,סיבהפרוסט,BE,שייק פירות צהוב דליש,גרמים,300.00,100 גרם,false,,23.90,7.9667,true,1,488481
7290115679779,false,שייק פירות אדום דליש,סיבהפרוסט,BE,שייק פירות אדום דליש,גרמים,300.00,100 גרם,false,,23.90,7.9667,true,1,488482
7290116244037,false,חד קרן אצבעות שוקולד חלב 84 גרם,,NL,אצבעות שוקולד חלב חד,גרמים,84.00,100 גרם,false,,8.90,10.5952,true,1,405846
7290116244082,false,מפרץ הרפתקאות אצבעות שוקולד חלב 84 גרם,,NL,אצבעות שוקולד חלב מפ,גרמים,84.00,100 גרם,false,,8.90,10.5952,true,1,405851
7290116531496,false,דגני בוקר קינמונים 375 ג' תלמה,נאוג'אזיס נווזיס UAB,LT,דגני בוקר קינמונים ת,גרמים,375.00,100 גרם,false,,24.90,6.6400,true,1,412882
7290116531557,false,"פריכיות פתית תירס עם מלח 150 גרם כשל""פ",גוד פוד פרודקטס,PL,מאגדת פריכיות דקות ע,גרמים,150.00,100 גרם,false,,16.50,11.0000,true,1,394977
7290116531564,false,מאגדת פתית פריכיות תירס דקות עם קינואה ובזיליקום 150 ג',גוד פוד פרודקטס,PL,מאגדת פריכיות תירס ד,גרמים,150.00,100 גרם,false,,16.50,11.0000,true,1,394978
7290116532479,false,קליק גלידת שמנת בטעמי שוקולד לבן עוגיות 384 ג' שטראוס,"גלידת שטראוס בע""מ, ר",IL,קליק גלידת שמנת בטעם,מיליליטרים,520.00,"100 מ""ל",false,,20.90,4.0192,true,1,451471
7290116532769,false,"גרנולה פרוטאין בתוספת חלבון, תפוח וקינמון",תלמה,IL,גרנולה פרוטאין בתוספ,גרמים,300.00,100 גרם,false,,17.90,5.9667,true,1,448459
7290116930626,false,ארוחה בקטנה ציזיקי עם קרקרים 150ג' תנובה,תנובה,IL,ציזיקי עם קרקרים תנו,גרמים,150.00,100 גרם,false,,8.50,5.6667,true,1,456847
7290116930718,false,מעדן תנובה דיאט בטעם שוקולד וקרמל מלוח 0% 150ג' תנובה,"תנובה בע""מ",IL,מעדן דיאט בטעם שוקו,גרמים,150.00,100 גרם,false,,4.50,3.0000,true,1,458429
7290116931159,false,יופלה דיאט 0% שומן תות בננה 150 גרם,תנובה מרכז שיתופי לש,IL,יופלה דיאט 0% שומן ת,מיליליטרים,150.00,"100 מ""ל",false,,5.60,3.7333,true,1,504818
7290116931289,false,יוגורט GO סמיך 0% אלפחורס 200 גרם,תנובה מרכז שיתופי לש,IL,יוגורט גו סמיך 0% אל,גרמים,200.00,100 גרם,false,,6.20,3.1000,true,1,502672
7290117260227,false,קפה טורקי אמיתי מטורקיה 100 גרם,נאון סאנאי,TR,קפה טורקי אמיתי מטור,גרמים,100.00,100 גרם,false,,6.90,6.9000,true,1,397327
7290117261514,false,סלמון אטלנטי בשמן קנולה ולימון 120 גרם,וילי פוד,,סלמון אטלנטי בשמן קנ,גרמים,120.00,100 גרם,false,,12.90,10.7500,true,1,486348
7290117261538,false,סלמון אטלנטי בשמן קנולה וצ'ילי 120 גרם,וילי פוד,LV,סלמון אטלנטי בשמן קנ,גרמים,120.00,100 גרם,false,,12.90,10.7500,true,1,486350
7290117261569,false,סלמון אטלנטי מעושן קנולה וילי פוד 120 גר,וילי פוד,LV,סלמון אטלנטי מעושן ב,גרמים,120.00,100 גרם,false,,12.90,10.7500,true,1,486353
7290117380154,false,"מאסטר שף רוטב אסיאתי עם סויה 260 מ""ל",Remia CV,NL,רוטב אסיאתי עם סויה,מיליליטרים,264.00,"100 מ""ל",false,,12.90,4.8864,true,1,434007
7290117380888,false,מרבה טייק אווי עוגיות סנדוויץ 140 גרם,,NL,מרבה טייק אווי - עוג,גרמים,140.00,100 גרם,false,,10.90,7.7857,true,1,488528
7290117829592,false,צמר גפן מתוק בדלי 50,,,צמר גפן מתוק בדלי 50,גרמים,50.00,100 גרם,false,,10.00,20.0000,true,1,503444
7290117829608,false,צמר גפן מתוק בדלי 50,,,צמר גפן מתוק בדלי 50,גרמים,50.00,100 גרם,false,,10.00,20.0000,true,1,503445
7290117860090,false,מרכך תמציות אלוורה ותה ירוק לשיער רגיל,"טרופיקל גליל בע""מ",IL,מרכך מטפח לשיער רגיל,מיליליטרים,700.00,"100 מ""ל",false,,15.90,2.2714,true,1,496016
7290117860236,false,"הוואי - קרם רחצה בניחוח ויולה ורודה 700 מ""ל","טרופיקל גליל בע""מ",IL,תחליב רחצה בניחוח וי,מיליליטרים,700.00,"100 מ""ל",false,,15.90,2.2714,true,1,499510
7290117901243,false,ממרח פלפלים אדומים קלויים בתוספת ארטישוק 290 ג' גורמה,,,ממרח ארטישוק ופלפלים,גרמים,290.00,100 גרם,false,,14.90,5.1379,true,1,504407
7290117901250,false,ממרח עגבניות מיובשות בתוספת זיתים ירוקים 290 ג' גורמה,,,ממרח עגבניות מיובשות,גרמים,290.00,100 גרם,false,,14.90,5.1379,true,1,504408
7290117901274,false,ממרח זיתים 290 גר' גורמה,,,ממרח זיתים גורמט 290,גרמים,290.00,100 גרם,false,,14.90,5.1379,true,1,504349
7290118420071,false,במבה ביסלי ברביקיו מיקס 80ג' אסם,"אסם השקעות בע""מ",IL,במבה ביסלי ברביקיו מ,גרמים,80.00,100 גרם,false,,5.90,7.3750,true,1,490424
7290118420477,false,אסם בייגלה שטוחים בטעם ביסלי בצל 300 גר,אסם,IL,בייגלה שטוחים בטעם ב,גרמים,300.00,100 גרם,false,,12.90,4.3000,true,1,490682
7290589856775,false,נייס שבלולים לשיער,,,נייס שבלולים לשיער,יחידה,0.00,יחידה,false,,5.90,0.0000,true,1,38466
7290900010664,false,"אבאל ניוקי בטטה 1 ק""",,,"ניוקי אבאל 1 ק""ג",קילוגרמים,1.00,"ק""ג",false,,12.90,12.9000,true,1,121392
7291008084915,false,תמר מג'הול 500גר,,,תמר מג'הול 500גר,גרמים,500.00,100 גרם,false,,10.00,2.0000,true,1,417026
7296051081676,false,מתקן כביסה מתכת,,,מתקן כביסה מתכת,יחידה,0.00,יחידה,false,,69.90,0.0000,true,1,132784
7296102266113,false,קרש חיתוך פלסטיק ג',,,קרש חיתוך פלסטיק ג',יחידה,0.00,יחידה,false,,16.90,0.0000,true,1,290909
7297621000998,false,מגבונים בדלי 250 יח',,,מגבונים בדלי 250 יח',יחידה,0.00,יחידה,false,,19.90,0.0000,true,1,472574
7380580005255,false,נייס שבלולים לשיער,,,נייס שבלולים לשיער,יחידה,0.00,יחידה,false,,7.90,0.0000,true,1,38472
7394376615825,false,"אוטלי משקה שיבולת שועל בתוספת סידן וויטמינים , 1 ל'",טרנסומס פוד,SE,משקה שיבולת שועל מוע,ליטרים,1.00,ליטר,false,,16.90,16.9000,true,1,244087
7394376616778,false,אוטלי משקה שיבולת שועל להקצפה בריסטה 1 ליטר,טרנסומס פוד,SE,משקה שיבולת שועל להק,ליטרים,1.00,ליטר,false,,18.90,18.9000,true,1,244089
7501013122114,false,"נקטר משקה אננס בקרטונית ג'ומקס, 1 ל'",חומקס קומר קומרסאליז,MX,ג'ומקס נקטר אננס קרט,ליטרים,1.00,ליטר,false,,11.00,11.0000,true,1,190418
7501013122992,false,ג'ומקס מיץ קוקוס אננס קרטונית ליטר תריסר,חומקס קומר קומרסאליז,MX,ג'ומקס משקה קוקוס אנ,ליטרים,1.00,ליטר,false,,11.00,11.0000,true,1,190420
7501064191466,false,"שישיית בירה קורונה 355 מ""ל בקבוק",,,קורונה מארז שישיה 6*,ליטרים,2.13,ליטר,false,,37.90,17.7934,true,1,69401
7509546666846,false,"קולגייט טוטאל משחת שיניים פחם 75 מ""ל",קולגייט פלמוליב,MX,קולגייט טוטאל משחת ש,מיליליטרים,75.00,"100 מ""ל",false,,21.90,29.2000,true,1,316946
7610100034084,false,שפורפרת מיונז טומי 265 גרם,נסטלה שוויץ ס.א,US,מיונז טומי 265 גרם,גרמים,265.00,100 גרם,false,,16.90,6.3774,true,1,77732
7610243004463,false,"דורגול - מרסס להסרת אבנית במקלחון 600 מ""ל",יעקבי- דורגול Durgol,CH,דורגול מסיר אבן מרסס,יחידה,0.00,יחידה,false,,28.90,0.0000,true,1,13497
7610400068505,false,בונבוניירת לינדור Lindor שוקולד חלב,לינדט ושפרונגלי קילש,CH,לינדור בונבוניירה חל,גרמים,200.00,100 גרם,false,,35.90,17.9500,true,1,16116
7610400074155,false,שוקולד מריר במילוי קרם,לינדט ושפרונגלי קילש,CH,לינדט לינדור 60% 100,גרמים,100.00,100 גרם,false,,18.90,18.9000,true,1,16120
7613035807778,false,פרפקטו רוטב עגבניות לבולונז 400 ג' אסם,אסם פרפקטו Perfecto,ES,פרפקטו רוטב עגבניות,גרמים,400.00,100 גרם,false,,10.90,2.7250,true,1,23182
7613036520492,false,פרפקטו רוטב עגבניות לפיצה 400 גרם,אסם פרפקטו Perfecto,ES,פרפקטו רוטב עגבניות,גרמים,400.00,100 גרם,false,,10.90,2.7250,true,1,116590
7613036710879,false,מארז מיני חטיפי קיט קט צ'אנקי Kit Kat Chanky,ליימן מותגים,DE,קיט קט צ'אנקי מיני 1,גרמים,194.00,100 גרם,false,,10.90,5.6186,true,1,133057
7613037204889,false,סטארבקס - פולי קפה אספרסו 450 גרם,סטארבקס,PT,סטארבקס פולי קפה אספ,גרמים,450.00,100 גרם,false,,54.90,12.2000,true,1,314531
7613037276091,false,נסטלה מיקס מיני אריזות דגני בוקר 200 גרם,נסטלה Nestle,FR,מיקס מיני אריזות דגנ,גרמים,200.00,100 גרם,false,,20.90,10.4500,true,1,147426
7613037686906,false,פיטנס - דגני בוקר שקדים ודבש 355 גרם,נסטלה צרפת איטנקורט,FR,פיטנס שקדים ודבש נסט,גרמים,355.00,100 גרם,false,,23.90,6.7324,true,1,197879
7613038451954,false,דגני בוקר שוקולד מופחת סוכר 410 ג' קראנץ',נסטלה צרפת רומילי,FR,קראנץ שוקולד מופחת ס,גרמים,410.00,100 גרם,false,,23.90,5.8293,true,1,204413
7613039881521,false,גרבר - מחית מנגו 190 גרם,ארג'זה - פולין,PL,גרבר מחית מנגו 190,גרמים,190.00,100 גרם,false,,6.90,3.6316,true,1,295690
7613287121783,false,סמארטיס מיני 16*187 גרם,נסטלה Nestle,DE,סמרטיס מיני 187 גרם,גרמים,187.00,100 גרם,false,,15.90,8.5027,true,1,452798
7613287325853,false,אוסם - דיפ אנד ספרד מטבל איולי ספייסי 295 גרם,נסטלה פולין,PL,רוטב ספייסי איולי לח,גרמים,295.00,100 גרם,false,,15.90,5.3898,true,1,369588
7613287394323,false,אסם מולטי צ'יריוס 14*600 גרם 2021,נסטלה Nestle,GB,מולטי צ'יריוס 100% ד,גרמים,600.00,100 גרם,false,,23.90,3.9833,true,1,322211
7613287654151,false,קראנץ' כריות שוקו בננה 385 גרם,סי.פי צרפת,FR,כריות שוקו בננה קראנ,גרמים,385.00,100 גרם,false,,28.90,7.5065,true,1,331182
7613287821348,false,נתחוני עוף טבעוני סנסשיונל טבעול 350 ג',ג'נרל מילס סאן אדריא,CZ,נתחוני עוף טבעוני סנ,גרמים,350.00,100 גרם,false,,33.90,9.6857,true,1,377806
7614500010310,false,שוקולד בר לבן 100 ג' טובלרון,,,בר טובלורון לבן 100,יחידה,0.00,יחידה,false,,11.90,0.0000,true,1,440713
7622010001858,false,אוראו ממולאות קרם וניל באטמן 176 גרם,פי אר ג'יי אס אי מנד,UA,עוגיות אוראו סנדביץ,גרמים,176.00,100 גרם,false,,10.90,6.1932,true,1,7156
7622201801809,false,מילקה- שוק' חלב עם אגוזים 100 גר' חדש,מנדלז דויצ'לנד סנקס,DE,מילקה שוקוד חלב עם א,גרמים,100.00,100 גרם,false,,7.90,7.9000,true,1,336107
7622201802363,false,שוקולד מילקה טבלה חלב צימוקים ואגוזים 100ג',מנדלז דויצ'לנד סנקס,DE,מילקה שוקולד חלב עם,גרמים,100.00,100 גרם,false,,7.90,7.9000,true,1,336108
7622201802394,false,שוקולד מילקה חלב מסרונים 100 גרם,מנדלז דויצ'לנד סנקס,DE,מילקה שוקולד חלב 100,גרמים,100.00,100 גרם,false,,7.90,7.9000,true,1,336092
7622201808631,false,מיני עוגיות אוראו במילוי קרם בטעם וניל,פי.טי. מונדלז אינדונ,ID,אוראו מיני כוסות בטע,גרמים,67.00,100 גרם,false,,10.90,16.2687,true,1,341791
7622201809188,false,עוגיות מילקה ביסקווי,מונדלז פרנס ביסקוויט,FR,מילקה ביסקויט 150 גר,גרמים,150.00,100 גרם,false,,15.90,10.6000,true,1,330340
7622201813390,false,עוגיות מילקה וואפל במילוי קרם קקאו 150 ג,מונדליז סי.אר. ביסקו,PL,מילקה וואפל במילוי ק,גרמים,150.00,100 גרם,false,,15.90,10.6000,true,1,323578
7622210137234,false,עוגיות אוראו עם דאבל קרים וניל 170 גר,מונדלייז,ES,עוגיות סנדביץ אוראו,גרמים,170.00,100 גרם,false,,10.90,6.4118,true,1,7159
7622210453327,false,עוגיות שוקוצ'יפס במילוי שוקולד סנסיישן,מנדלז פולסקה פרודקשן,PL,מילקה סנסיישן 156 גר,גרמים,156.00,100 גרם,false,,15.90,10.1923,true,1,101980
7622300270506,false,מילקה גריינס - עוגיות שיבולת שועל מצופות שוקולד 168 ג',מונדלז פולסקה פרודקש,PL,מילקה גריינס עוגיות,גרמים,168.00,100 גרם,false,,15.90,9.4643,true,1,7168
7622300489434,false,"עוגיות אוראו פאדג' בציפוי שוקולד חלב, 246 גרם",מנדלז אספנה גאלטס פר,ES,אוראו פאג שוקולד חלב,גרמים,246.00,100 גרם,false,,21.90,8.9024,true,1,118021
7622300503079,false,מילקה מוו - ביסקוויט מצופה שוקולד חלב 200 ג',מונדלז פולסקה פרודקש,PL,מילקה מוו - ביסקוויט,גרמים,200.00,100 גרם,false,,15.90,7.9500,true,1,7175
7622300617820,false,שוקלד מילקה טבלת חלב אוראו 100ג',מנדלז דויצ'לנד סנקס,DE,מילקה שוקולד אוראו 1,גרמים,100.00,100 גרם,false,,7.90,7.9000,true,1,7176
7630477891639,false,קפסולות קפה ורונה עוצמה 10 - 10 יח',סטארבקס Starbucks,CH,סטארבקס קפסולות ורונ,גרמים,55.00,100 גרם,false,,23.90,43.4545,true,1,264001
7630477891738,false,סטארבקס - קפסולות אספרסו בלונד 53 גרם * 10,סטארבקס Starbucks,CH,סטארבקס קפסולות אספר,גרמים,53.00,100 גרם,false,,23.90,45.0943,true,1,264003
7638900426663,false,סוללת אדוונס פורמולה,אנרג'ייזר,US,סוללת אדוונס פורמולה,יחידה,0.00,יחידה,false,,27.90,0.0000,true,1,206418
7690589856667,false,נייס שבלולים לשיער,,,נייס שבלולים לשיער,יחידה,0.00,יחידה,false,,12.90,0.0000,true,1,38476
7702024074625,false,פיטנס - חטיפי קרקר חיטה מלאה 234 גרם,קומסטיבלס לה רוזה אס,CO,פיטנס חטיפי קרקר חיט,גרמים,234.00,100 גרם,false,,14.90,6.3675,true,1,130846
7702174068826,false,סוכריות לקקן במילוי טופי בטעמי יוגורט פירות,יוגטה yogueta,CO,יוגטה לקקן חדש 12יח,גרמים,216.00,100 גרם,false,,12.90,5.9722,true,1,15342
7702174068833,false,סוכריות לקקן במילוי טופי בטעמי גלידת פירות,יוגטה yogueta,EC,'לקקן יוגטה אייס קרי,גרמים,216.00,100 גרם,false,,12.90,5.9722,true,1,15343
7798141877836,false,גאטו נגרו סוביניון ב,,AR,גאטו נגרו סוביניון ב,מיליליטרים,750.00,"100 מ""ל",false,,42.90,5.7200,true,1,398051
8000380003723,false,גרנד פטיסרי עוגיות וופל אגוזים 100ג',קריניציה ויטמינה אס,IT,גרנד פטיסרי ופל אגוז,גרמים,100.00,100 גרם,false,,13.90,13.9000,true,1,67620
8000380003761,false,וופל גרנדה פטיסרי קוקוס שוקולד 100ג',קריניציה ויטמינה אס,IT,גרנד פטיסרי ופל קוקו,גרמים,100.00,100 גרם,false,,13.90,13.9000,true,1,67621
8000380004676,false,קוביות וופל סנדוויץ Sandwich עם וניל וחלב,"א. לואקר, קונפקט ג'י",AT,לואקר וופל קרם וניל,גרמים,200.00,100 גרם,false,,14.90,7.4500,true,1,15354
8000380004911,false,קוביות וופל קואדרטיני Quadratini קרם אגוזים,קריניציה ויטמינה אס,AT,וופל קואדרטיני אגוז,גרמים,250.00,100 גרם,false,,15.90,6.3600,true,1,15356
8000380004966,false,וופל קוארדטיני לואקר קוביות שוקולד 250ג',קריניציה ויטמינה אס,AT,וופל קואדרטיני קקאו,גרמים,250.00,100 גרם,false,,15.90,6.3600,true,1,15359
8000380007219,false,וופל לואקר אגוז קלאסי 175ג',ליימן מותגים,AT,וופל לואקר אגוז 175,גרמים,175.00,100 גרם,false,,13.90,7.9429,true,1,67631
8000380007257,false,וופל גרנדה מצופה שוקולד 200ג',קריניציה ויטמינה אס,IT,.וופל מצופה שוקולד ג,גרמים,200.00,100 גרם,false,,15.90,7.9500,true,1,15367
8000380180745,false,קוביות וופל קואדרטיני קקאו במילוי קר חלב,"א. לואקר, קונפקט ג'י",AT,וופל קואדרטיני לואקר,גרמים,250.00,100 גרם,false,,15.90,6.3600,true,1,118694
8000500018828,false,קינדר אצבעות שוקולד חצי מטר 300 גר,קינדר Kinder,IT,שוקולד חצי מטר קינדר,גרמים,300.00,100 גרם,false,,22.90,7.6333,true,1,114224
8000500023624,false,חטיפי הפי היפו Happy Hippo במילוי קרם חלב וקקאו,קינדר Kinder,DE,הפי היפו 5*20ג,גרמים,102.00,100 גרם,false,,14.90,14.6078,true,1,15403
8000500023976,false,בונבוניירה רפאלו 150 גרם,פררו Ferrero,PL,בונבוניירת רפאלו 150,גרמים,150.00,100 גרם,false,,18.90,12.6000,true,1,50038
8000500028124,false,"קינדר ג'וי, שלישיה 3 * 20 גרם",,ZA,קינדר ג'וי 3*20 גרם,גרמים,60.00,100 גרם,false,,16.90,28.1667,true,1,513234
8000500029350,false,מארז וופל מצופה 3יח' *43 גרם קינדר בואנו,קינדר Kinder,PL,קינדר בואנו 3*43 גרם,גרמים,129.00,100 גרם,false,,13.90,10.7752,true,1,50040
8000500032237,false,בונבוניירה פררו רושר 375 גר,פררו Ferrero,IT,רושר 375 גרם,גרמים,375.00,100 גרם,false,,50.90,13.5733,true,1,50041
8000500071083,false,אצבעות שוקולד קינדר Kinder שש עשרה יחידות,קינדר Kinder,IT,קינדר אצבעות שוקולד,גרמים,200.00,100 גרם,false,,15.90,7.9500,true,1,50043
8000500121436,false,מארז קינדר בואנו Kinder Bueno לבן שלוש יחידות,קינדר Kinder,PL,קינדר בואנו לבן 3*43,גרמים,117.00,100 גרם,false,,13.90,11.8803,true,1,50045
8000500227848,false,נוטלה - בי רדי אצבעות ביסקוויט במילוי שוקולד 6 יח' * 22 גרם,פררו,IT,'וופל מלוח במילוי ממ,גרמים,132.00,100 גרם,false,,13.90,10.5303,true,1,124609
8000500247167,false,פררו רושה קולקשיין 269ג',פררו,DE,פררו קולקשיין 249.5,גרמים,249.50,100 גרם,false,,52.90,21.2024,true,1,90737
8000500256213,false,קינדר שוקולד מיני בשקית.,קדבורי,IT,פרר-קינדר שוקולד מינ,גרמים,120.00,100 גרם,false,,11.90,9.9167,true,1,139947
8000500267103,false,קינדר דליס שוקול' אישי מארז 10 יח' 420 גר',קינדר Kinder,IT,פררו-קינדר דליס עשיר,יחידה,0.00,יחידה,false,,22.90,0.0000,true,1,129925
8000500269169,false,קינדר קארדס Kinder Cards - חמישייה,קינדר Kinder,IT,קינדר קארדס 128 גרם,גרמים,128.00,100 גרם,false,,13.90,10.8594,true,1,277812
8000500294345,false,רושר איש שלג שוקולד חלב ואגוזי לוז 90 גר,,PL,פררו איש שלג 90 גרם,גרמים,90.00,100 גרם,false,,15.90,17.6667,true,1,196947
8000500310397,true,ביסקוויטים במילוי נו,,,ביסקוויטים במילוי נו,גרמים,166.00,100 גרם,false,,15.90,9.5783,true,1,515391
8000500366073,true,ביסקוויטים במילוי נו,,,ביסקוויטים במילוי נו,גרמים,276.00,100 גרם,false,,22.90,8.2971,true,1,515374
8000500374429,false,גרנד פררו רושה מעטפת שוקולד חלב עם אגוזי לוז,פררו Ferrero,IT,גרנד פררו רושר 125,גרמים,125.00,100 גרם,false,,17.90,14.3200,true,1,328525
8001090832535,false,"שמפו פנטן שמן מרוקאי משקם 660 מ""ל",פרוקטר אנד גמבל,RO,שמפו שמן מרוקאי משקם,מיליליטרים,660.00,"100 מ""ל",false,,21.90,3.3182,true,1,230749
8001090832818,false,מרכך פנטן הנוסחה הקלאסית לשיער רגיל ומעורב,פרוקטר אנד גמבל,RO,מרכך נוסחה קלאסית פנ,מיליליטרים,660.00,"100 מ""ל",false,,21.90,3.3182,true,1,230751
8001090832894,false,מרכך לשיער חלש ופגום לחות מוגברת,פרוקטר אנד גמבל,RO,מרכך לחות מוגברת פנט,מיליליטרים,660.00,"100 מ""ל",false,,21.90,3.3182,true,1,230753
8001090899286,false,תחבושות אולוויז פלטינום לילה בטוח 14 יח',פרוקטר אנד גמבל,DE,תחבושות פלטינום לילה,יחידה,0.00,יחידה,false,,24.90,0.0000,true,1,181550
8001160001786,false,"משקה אנרגיה גטורייד ספורט כחול 500מ""ל",סאן בנדטו אס פי איי,IT,גטורייד ספורט כחול 5,יחידה,500.00,יחידה,false,,10.90,0.0218,true,1,44492
8001841625461,false,סבון כלים פלטינום X3 פעולות להסרת שומנים,פרוקטר אנד גמבל,GB,פיירי נוזל כלים פלטי,מיליליטרים,515.00,"100 מ""ל",false,,10.90,2.1165,true,1,235371
8001841625508,false,סבון כלים פלטינום X3 פעולות להסרת שומנים,פרוקטר אנד גמבל,TR,פיירי נוזל כלים פלטי,ליטרים,1.01,ליטר,false,,19.90,19.7030,true,1,235372
8001841653624,false,פיירי נוזל כלים 625,,,פיירי נוזל כלים 625,מיליליטרים,625.00,"100 מ""ל",false,,10.90,1.7440,true,1,467358
8001841663654,false,"פיירי נוזל כלים אקסטרה 650 מ""ל - צהוב",פרוקטר אנד גמבל,CZ,פיירי נוזל כלים 650,מיליליטרים,650.00,"100 מ""ל",false,,10.90,1.6769,true,1,471714
8001841663692,false,פיירי אקסטרא נוזל כל,,,פיירי נוזל כלים לימ,מיליליטרים,900.00,"100 מ""ל",false,,12.90,1.4333,true,1,453630
8001841664026,false,פיירי נוזל כלים פיר,,,פיירי נוזל כלים פיר,מיליליטרים,900.00,"100 מ""ל",false,,12.90,1.4333,true,1,453646
8002205319835,false,מזון לחתולים בוגרים בטעם סלמון פורינה ONE,נסטלה פורינה צרפת,FR,פורינה ONE חתול בוגר,גרמים,800.00,100 גרם,false,,46.90,5.8625,true,1,196205
8002270021060,false,סאן פלגרינו מים מוגז,,,סאן פלגרינו מים מוגז,ליטרים,1.50,ליטר,false,,29.90,19.9333,true,1,11673
8003130129544,false,חטיף ציפס 50 גרם,,,חטיף ציפס 50 גרם,גרמים,50.00,100 גרם,false,,6.90,13.8000,true,1,455936
8003477500044,false,"פרימלוצ'י ספגטי מ""ס",,,"פרימלוצ'י ספגטי מ""ס",גרמים,500.00,100 גרם,false,,6.90,1.3800,true,1,485005
8003477500327,false,פרימלוצ'י קורנטי 500,,,פרימלוצ'י קורנטי 500,גרמים,500.00,100 גרם,false,,6.90,1.3800,true,1,485007
8003477500365,false,פרימלוצ'י קונקילייה,,,פרימלוצ'י קונקילייה,גרמים,500.00,100 גרם,false,,6.90,1.3800,true,1,485008
8004030022010,false,ירקות גינה עם טונה ריו מרה אינסלטיסימי 160 ג',"בולטון אלימנטרי בע""מ",IT,טונה וירקות גינה ריו,גרמים,160.00,100 גרם,false,,18.90,11.8125,true,1,25073
8004030044005,false,נתחי טונה בשמן זית ריו מרה 160 ג',"בולטון אלימנטרי בע""מ",IT,נתחי טונה בשמן זית ר,גרמים,160.00,100 גרם,false,,20.90,13.0625,true,1,25075
8004030102033,false,טונה בשמן זית עם מיץ לימון ופלפל שחור - מארז 3 יח',בולטון אלימנטרי,IT,טונה בשמן עם לימון ו,גרמים,240.00,100 גרם,false,,32.90,13.7083,true,1,139841
8004123004893,false,"שמן מתובל בטעם פטריות כמהין 250 מ""ל",,IT,שמן מתובל בטעם פטריו,מיליליטרים,250.00,"100 מ""ל",false,,29.90,11.9600,true,1,439598
8004800005519,false,וופל רול גלילי במילוי קרם אגוזי לוז- 125 ג' לאגו,לגו גרופ ס.פ.א.,IT,לאגו מיני רול- גלילי,גרמים,125.00,100 גרם,false,,10.90,8.7200,true,1,488890
8005110002243,false,רכז עגבניות Doppio Concentr בשפופרת 185 ג' MUTTI,"איי, בי, אינבוו",IT,תרכיז MUTTI עגבניות,גרמים,185.00,100 גרם,false,,8.90,4.8108,true,1,261760
8005110060007,false,עגבניות מקולפות 400 גרם MUTTI,מוטי אס.פי.איי,,עגבניות MUTTI מקולפו,גרמים,400.00,100 גרם,false,,7.90,1.9750,true,1,168128
8005110170300,false,עגבניות מרוסקות חתוכות מוטי MUTTI שלישיה *400,מוטי Mutti,IT,עגבניות MUTTI מרוסקו,קילוגרמים,1.20,"ק""ג",false,,19.90,16.5833,true,1,168129
8005200256587,false,משקה תה בטעם אפרסק 1.5ל' NESTEA,מפעל סאנפלגרינו S.P.,IT,נסטי אפרסק 1.5 ליטר,ליטרים,1.50,ליטר,false,,9.90,6.6000,true,1,368667
8005200316588,false,משקה תה דיאט בטעם אפרסק 1.5ל' NESTEA,מפעל סאנפלגרינו s.p.,IL,נסטי דיאט אפרסק 1.5,ליטרים,1.50,ליטר,false,,11.50,7.6667,true,1,368669
8005469981602,false,פילה אנשובי איטלקי ש.חמניות 80 גר SCALIA,,,פילה אנשובי איטלקי (,גרמים,75.00,100 גרם,false,,14.90,19.8667,true,1,74893
8006540106709,false,אולוויז - מגן תחתון נורמל 58 יח',,,מגן תחתון מגה פק נור,יחידה,0.00,יחידה,false,,18.90,0.0000,true,1,503966
8006540429327,false,פיירי מקס פאוור לימון עם מנגנון למניעת נזילות,פיירי Fairy,CZ,"פיירי לימון 440 מ""ל",מיליליטרים,440.00,"100 מ""ל",false,,11.90,2.7045,true,1,389517
8008660210045,false,מעדן ריבה מנץ אנד גאססר פירות יער 300 גר,שוורצקוף& הנקל דיסלד,IT,מעדן פירות יער 300 ג,גרמים,300.00,100 גרם,false,,18.90,6.3000,true,1,27544
8008660210069,false,מעדן מנץ אנד גאססר אפרסק פסיפלורה 320 גר,מנז אנד גאסר,IT,מעדן פרי אפרסק פסיפל,גרמים,300.00,100 גרם,false,,18.90,6.3000,true,1,143269
8008912010270,false,פסטה קסרצה מספר 27 LIGUORI,פסטה ליגורי,IT,פסטה קסרצ'ה מספר 27,גרמים,500.00,100 גרם,false,,8.90,1.7800,true,1,447792
8008912010300,false,פסטה פרפלה ליגורי 500 גר',פסטה ליגורי,IT,פסטה פרפלה מספר 30 -,גרמים,500.00,100 גרם,false,,8.90,1.7800,true,1,447793
8008912010331,false,פסטה ניוקטי סרדי בצורת קונכיות מס' 33,פסטה ליגורי,IT,פסטה ניוקטי סרדי בצו,גרמים,500.00,100 גרם,false,,8.90,1.7800,true,1,496331
8023788030610,false,שוקולד חלב 300 גרם,,,שוקולד חלב 300 גרם,גרמים,300.00,100 גרם,false,,17.90,5.9667,true,1,465730
8023788030627,false,שוקולד מריר מעולה 3,,,שוקולד מריר מעולה 3,גרמים,300.00,100 גרם,false,,17.90,5.9667,true,1,465714
8023788030634,false,שוקולד חלב עם שברי א,,,שוקולד חלב עם שברי א,גרמים,300.00,100 גרם,false,,17.90,5.9667,true,1,465731
8023788030665,false,עוגיות מלוחות בטעם ב,,,עוגיות מלוחות בטעם ב,גרמים,400.00,100 גרם,false,,14.90,3.7250,true,1,495273
8076800105735,false,"ברילה פנה ריגטה 1 ק""ג קופסה",ברילה,IT,פנה ריגטה בקופסה ברי,קילוגרמים,1.00,"ק""ג",false,,14.90,14.9000,true,1,464864
8076800105988,false,"ברילה פוזילי 1 ק""ג קופסה",ברילה Barilla,IT,פוזלי בקופסה ברילה 1,קילוגרמים,1.00,"ק""ג",false,,14.90,14.9000,true,1,464880
8076800195033,false,ברילה - צ.א ספגטיני מס3 חדש 500 גרם,ברילה גי.אי.אר פרטלי,IT,ספגטי מס' 3 ברילה 50,גרמים,500.00,100 גרם,false,,8.90,1.7800,true,1,25082
8076800195057,false,ברילה - צ.א ספגטי מס5 חדש 500 גרם,ברילה גי.אי.אר פרטלי,IT,ספגטיני מס' 5 ברילה,גרמים,500.00,100 גרם,false,,8.90,1.7800,true,1,25083
8076800195132,false,ברילה - צ.א בבטה מס13 500 גרם,ברילה גי.אי.אר פרטלי,IT,ספגטי בבטה מס' 13 בר,גרמים,500.00,100 גרם,false,,8.90,1.7800,true,1,68911
8076808050440,false,ברילה פסטה מקרוני מס 44 500 גר,ברילה Barilla,IT,פסטה מקרוני מס' 44 ב,גרמים,500.00,100 גרם,false,,8.90,1.7800,true,1,119724
8076808060654,false,ברילה - צ.ק פרפלה חדש 500 גרם,ברילה גי.אי.אר פרטלי,IT,פסטה פרפלה 65 ברילה,גרמים,500.00,100 גרם,false,,8.90,1.7800,true,1,25092
8076808070882,false,פסטה ברילה קנלוני מס'88 250ג',פאסטיפיקו ריגו אס.אר,IT,קנלוני ברילה 250 גרם,גרמים,250.00,100 גרם,false,,15.90,6.3600,true,1,68914
8076808150072,false,ברילה - צ.א ספגטוני מס7 חדש 500 גרם,ברילה גי.אי.אר פרטלי,IT,ספגטי מס' 7 ברילה 50,גרמים,500.00,100 גרם,false,,8.90,1.7800,true,1,25094
8076809513388,false,ברילה - רוטב ארביאטה 400 גרם,ברילה גי.אי.אר פרטלי,IT,ברילה רוטב ארביאטה 4,גרמים,400.00,100 גרם,false,,16.90,4.2250,true,1,25097
8076809513395,false,רוטב פסטה ברילה פורמודרו 400ג',ברילה גי.אי.אר פרטלי,IT,ברילה רוטב פורמודרו,גרמים,400.00,100 גרם,false,,16.90,4.2250,true,1,25098
8076809513692,false,רוטב עגבניות נפולטנה בתוספת ירקות,ברילה גי.אי.אר פרטלי,IT,ברילה רוטב נפוליטנה,גרמים,400.00,100 גרם,false,,16.90,4.2250,true,1,25100
8076809514774,false,ברילה איטריות ביצים פפרדלה 250ג',ברילה גי.אי.אר פרטלי,IT,ברילה פפרדלה ביצים 2,גרמים,250.00,100 גרם,false,,18.90,7.5600,true,1,119726
8410104039134,false,"פיניש מנקה ומחדש מדיח 250מ""ל",הדקלאים אגודת שיתופי,PL,פיניש מנקה ומחדש מדי,מיליליטרים,250.00,"100 מ""ל",false,,18.90,7.5600,true,1,24335
8410104044916,false,פיניש אבקה למדיח 2.7 לימון,רקיט בנקיזר,DE,אבקה למדיח כלים פיני,קילוגרמים,2.70,"ק""ג",false,,56.90,21.0741,true,1,24336
8410104045111,false,"פיניש מלח למדיח כלים 2ק""ג",פ.פ.ח. שאביט,IL,"פיניש מלח למדיח 2 ק""",קילוגרמים,2.00,"ק""ג",false,,17.90,8.9500,true,1,24337
8410376042481,false,גולון ביסקוויט קרם יוגורט ללתס 220 גרם,גלטס גולון,,עוגיות ביסקוויט סנדו,גרמים,220.00,100 גרם,false,,16.40,7.4545,true,1,22106
8413664611956,false,פאפאס ארגנטה-ציפס עם עשבי תיבול 160 ג,,,ARGENTE חטיף תפוח א,גרמים,160.00,100 גרם,false,,21.90,13.6875,true,1,457368
8423207206495,false,חטיף דגנים מלאים מצופה שוקולד מריר 120 ג,אף.סי תבליני בגליל ב,ES,סלים דליס חטיף דגנים,גרמים,120.00,100 גרם,false,,13.90,11.5833,true,1,25118
8423207207362,false,חטיף דגנים סלים דליס שוקולד לבן 120 גר,ביסנצ'ורי אס.אל.יו,ES,סלים דליס חטיף דגנים,גרמים,120.00,100 גרם,false,,13.90,11.5833,true,1,25121
8423207208680,false,מרבה חטיפי סלים דליס לילדים שוקולד חלב,ביסנצ'ורי אס.אל.יו,ES,סלים דליס קידס בציפו,גרמים,121.00,100 גרם,false,,13.90,11.4876,true,1,25129
8423207210928,false,חטיף דגנים מצופה שוקולד חלב ואגוזי לוז - 5 במארז,ביסנצ'ורי אס.אל.יו,ES,סלים דליס טופינג בטע,גרמים,90.00,100 גרם,false,,13.90,15.4444,true,1,248328
8423207210942,false,חטיף דגנים מצופה שוקולד לבן ופירות יער,אף.סי תבליני בגליל ב,ES,סלים דליס טופינג פיר,גרמים,90.00,100 גרם,false,,13.90,15.4444,true,1,248329
8424842050016,false,צ'יפס בטעם כמהין 125 גרם,RUBIO,ES,חטיף צ'יפס בטעם כמהי,גרמים,130.00,100 גרם,false,,13.90,10.6923,true,1,400223
8424842050085,false,צ'יפס בטעם חרדל ודבש 125 גרם,RUBIO,ES,חטיף צ'יפס דבש וחרדל,גרמים,125.00,100 גרם,false,,13.90,11.1200,true,1,400225
8435495805168,false,"תינוקלין לכביסה לעור רגיש אולימפיק 1.25ק""ג",מולינו ניקולי s.p.a,TR,אבקת כביסה תינוקלין,קילוגרמים,1.25,"ק""ג",false,,23.90,19.1200,true,1,123787
8436575292205,false,ארטיק חמשושים מאגדת 15*12 גר',שוורצקוף& הנקל דיסלד,IL,מאגדת חמשושים אננס מ,גרמים,180.00,100 גרם,false,,22.90,12.7222,true,1,140911
8606018615865,false,פיינט מילקה קרמל ליבת שוקולד 480 גרם,פרונרי סרביה,IL,פיינט מילקה קרמל ליב,מיליליטרים,300.00,"100 מ""ל",false,,13.90,4.6333,true,1,509309
8681863065287,false,מלח הימלאיה וילי פוד 350 גר,שף סיזונס גידה סאן,TR,מלח הימלאיה 350 גרם,גרמים,350.00,100 גרם,false,,25.90,7.4000,true,1,451605
8683130008355,false,מיונז עם שום הלמנס לחיץ 400 גרם,יוניליוור ישראל שיוו,TR,מיונז עם שום הלמנס 4,גרמים,400.00,100 גרם,false,,16.90,4.2250,true,1,490457
8683130008935,false,ממרח קטשיונז לחיץ 425 גם,יוניליוור ישראל שיוו,TR,ממרח קטשיונז הלמנס 4,גרמים,425.00,100 גרם,false,,16.90,3.9765,true,1,490458
8683323063024,false,ממתק בטעם תותי פרוטי בצורת שטיח,ליימן מותגים,TR,יוגטה חיספוסים שטיחי,גרמים,220.00,100 גרם,false,,7.90,3.5909,true,1,121120
8690504153740,false,שוקולד מריר במילוי קרם בטעם שוקולד מריר,ביסקוט ביסקווי סילבר,TR,טבלת שוקולד מריר עם,גרמים,86.00,100 גרם,false,,16.90,19.6512,true,1,128160
8690637503856,false,ממרח הלמנס כ- 40% פחות שומן לעומת מיונז,"בסטפוד - 3P ארה""ב Fo",TR,ממרח הלמנ'ס בקבוק לח,גרמים,355.00,100 גרם,false,,16.90,4.7606,true,1,490459
8690637704291,false,שמפו לשיקום אינטנסיבי לשיער פגום,יוניליוור טורקיה. אז,TR,"שמפו משקם דאב 600 מ""",מיליליטרים,600.00,"100 מ""ל",false,,19.90,3.3167,true,1,13073
8690637946301,false,"בדין - מרכך כביסה אקסטרא בייביי כחול 960 מ""ל",יוניליוור סנאיי וי ט,TR,בדין אקסטרה בייבי כ,מיליליטרים,960.00,"100 מ""ל",false,,18.90,1.9687,true,1,217252
8690766156374,false,שוקולד גודייבה מריר 72% מוצרי קקאו 90 גר,"אולקר מקבוצת פלאדיס,",TR,גודייבה שוקולד מריר,גרמים,90.00,100 גרם,false,,17.90,19.8889,true,1,239129
8690766156404,false,שוקולד מריר מעולה גודייבה תפוז אדום 90 גרם,גודייבה,TR,גודייבה שוקולד מריר,גרמים,90.00,100 גרם,false,,17.90,19.8889,true,1,250327
8690946270074,false,פסטה ספגטי 500 גרם B,,,פסטה ספגטי 500 גרם B,גרמים,500.00,100 גרם,false,,4.90,0.9800,true,1,496666
8690946270111,false,פסטה פוזלי 500 גרם B,,,פסטה פוזלי 500 גרם B,גרמים,500.00,100 גרם,false,,4.90,0.9800,true,1,496667
8690946270241,false,פסטה קונכיות גדולות,,,פסטה קונכיות גדולות,גרמים,500.00,100 גרם,false,,4.90,0.9800,true,1,496668
8690946272207,false,פסטה פנה 500 גרם BAH,,,פסטה פנה 500 גרם BAH,גרמים,500.00,100 גרם,false,,4.90,0.9800,true,1,496669
8691058141238,false,ערמונים שלמים קלויים וקלופים 100 ג' Avel,,,AVEL ערמונים שלמים ק,גרמים,100.00,100 גרם,false,,4.90,4.9000,true,1,134929
8697530910958,false,פאל מאל כחול ארוך האוס עשירייה,BAT,,פאל מאל בלו ארוך פאק,יחידה,0.00,יחידה,false,,290.00,0.0000,false,1,6023
8698996000207,false,מגבות נייר 1/6,,,מגבות נייר 1/6,מטרים,0.00,מטר,false,,11.90,0.0000,true,1,499058
8710502064814,false,עוגיות מרבה שוקולד ציפס במרקם רך 175 גר,בנקטבקריי מרבה בי.וי,NL,מרבה עוגיות שוקוציפס,גרמים,175.00,100 גרם,false,,11.90,6.8000,true,1,25158
8710502470035,false,מרבה פטיסרי עוגיות נוגטלי אגוזים 200 גרם,מרבה,NL,מרבה פטיסרי - עוגיות,גרמים,200.00,100 גרם,false,,11.90,5.9500,true,1,467459
8712000051099,false,"שישיית בירה היינקן 0.0% אלכוהול 330 מ""ל",פארייפאבה אגרואינדוס,NL,הייניקן בירה 0% בק',ליטרים,1.98,ליטר,false,,35.60,17.9798,true,1,142854
8712400802512,false,תרכובת מזון המשך לפעוטות על בסיס חלב שלב 2,נוטרישיה קאלק ב. ו.,NL,נוטרילון שלב 2- 800,גרמים,800.00,100 גרם,false,,69.90,8.7375,true,1,7197
8712400802536,false,תרכובת מזון המשך לפעוטות על בסיס חלב שלב 3,נוטרישיה קאלק ב. ו.,NL,נוטרילון שלב 3- 800,גרמים,800.00,100 גרם,false,,69.90,8.7375,true,1,7199
8712561611411,false,תחליב רחצה מזין בניחוח מלפפון ותה ירוק,יוניליוור גרמניה (בו,DE,תחליב רחצה תה ירוק ו,מיליליטרים,750.00,"100 מ""ל",false,,22.90,3.0533,true,1,13127
8714599513781,false,קפה נמס גולד מיובש בהקפאה 200 ג' ג'ייקובס,אל.אל. סי ג''יקובס ד,RU,קפה ג'יקובס גולד 200,גרמים,200.00,100 גרם,false,,31.90,15.9500,true,1,7186
8714599513835,false,קפה ג'יקובס נטול קופאין מיובש בהקפאה 200 ג',ג'ייקובס Jacobs,RU,קפה ג`יקובס נטול קופ,גרמים,200.00,100 גרם,false,,42.90,21.4500,true,1,7187
8714599513866,false,"ג'ייקובס קרוננג מיובש בהקפאה כשל""פ 200 ג'",אל.אל.סי גייקובס דאו,DE,קפה ג'יקובס קרונונג,גרמים,200.00,100 גרם,false,,31.90,15.9500,true,1,7188
8714789450315,false,פלמוליב נוזל כלים לימון 1.5 ליטר,הנסיך- מפעל לייצור ט,GR,פלמוליב שקוף לימון 1,ליטרים,1.50,ליטר,false,,16.90,11.2667,true,1,25184
8714789834467,false,פלמוליב נ.כלים 1.5 ליטר-מרכז,פלמוליב Palmolive,GR,פלמוליב נוזל כלים 1.,ליטרים,1.50,ליטר,false,,16.90,11.2667,true,1,25206
8715700110141,false,מיונז קרמי היינץ צנצנת 460ג',ה.י.היינץ הולדינג בי,NL,מיונז היינץ אמיתי צנ,גרמים,460.00,100 גרם,false,,13.90,3.0217,true,1,101945
8715700110158,false,מיונז לייט בצנצנת היינץ 490 גרם,ה.י.היינץ הולדינג בי,NL,מיונז היינץ לייט צנצ,גרמים,490.00,100 גרם,false,,13.90,2.8367,true,1,101946
8715700419732,false,מתבל עגבניות היינץ 7,ה.י. היינץ,NL,היינץ קטשופ 700 גרם,גרמים,700.00,100 גרם,false,,15.90,2.2714,true,1,7294
8715700423906,false,קטשופ מתובל עגבניות 50% פחות סוכר 555ג' היינץ,היינץ צפון אמריקה מק,NL,מתבל עגבניות היינץ 2,גרמים,555.00,100 גרם,false,,12.90,2.3243,true,1,116033
8717163607305,false,סבון מוצק גרגירים 4 *100 ג' דאב,יוניליוור גרמניה Gm,DE,סבון מוצק גרגירים דא,גרמים,400.00,100 גרם,false,,18.90,4.7250,true,1,13151
8718951001602,false,"אגקס ספריי רב פעולות 600 מ""ל",הנסיך- מפעל לייצור ט,GR,אג'קס ספריי אדום רב,מיליליטרים,600.00,"100 מ""ל",false,,14.90,2.4833,true,1,25219
8718951166561,false,משחת שיניים לרעננות מוגברת max fresh cooling crystals,הנסיך- מפעל לייצור ט,PL,קולגייט משחת שיניים,מיליליטרים,125.00,"100 מ""ל",false,,19.90,15.9200,true,1,134937
8718951175600,false,"משחת שיניים קולגייט אוטאל קליין מינט 75 מ""ל",,,קולגייט משחת שיניים,מיליליטרים,75.00,"100 מ""ל",false,,14.90,19.8667,true,1,271162
8718951264618,false,"קולגייט אופטיק וייט פחם צ'רקול משחת שיניים, 75 מ""ל",קולגייט-פלמוליב,PL,קולגייט אופטיק וייט,מיליליטרים,75.00,"100 מ""ל",false,,29.90,39.8667,true,1,225790
8718951315303,false,משחת שיניים קולגייט הגנה מקסימלית - מארז זוג,קולגייט-פלמוליב,PL,משחת שיניים קולגייט,מיליליטרים,200.00,"100 מ""ל",false,,20.90,10.4500,true,1,246686
8718951431614,false,"סבון רחצה סו פירם מינרלים 750 מ""ל פלמוליב",קולגייט פלמוליב,IL,ג'ל רחצה פלמוליב So,מיליליטרים,750.00,"100 מ""ל",false,,21.90,2.9200,true,1,357918
8718951446564,false,"סבון נוזלי מומנטס עץ אלגום ולבנדר 500 מ""ל פלמוליב",CP - Turkey+60,TR,סבון נוזלי מומנטס עץ,מיליליטרים,500.00,"100 מ""ל",false,,17.90,3.5800,true,1,427552
8719200998001,false,מרגרינה לאפיה ובישול בלי מלח 200 ג' בלו בנד,מיוצר עי קונדיטוריית,IL,בלו בנד ללא מלח 200,גרמים,200.00,100 גרם,false,,4.90,2.4500,true,1,196694
8719200998018,false,מחמאה מרגרינה בטעם חמאה 200 ג' בלו בנד,פארייפאבה אגרואינדוס,IL,מחמאה מרגרינה בטעם ח,גרמים,200.00,100 גרם,false,,5.50,2.7500,true,1,196695
8719200998032,false,מזולה גלורי טעם חמאה 250ג',פארייפאבה אגרואינדוס,IL,מזולה בטעם חמאה 250,גרמים,250.00,100 גרם,false,,10.90,4.3600,true,1,196717
8719200998049,false,מרגרינה מזולה בטעם טבעי,פארייפאבה אגרואינדוס,IL,מזולה בטעם טבעי 250,גרמים,250.00,100 גרם,false,,9.90,3.9600,true,1,196718
8719200998094,false,מרגרינה מזולה בטעם טבעי ללא תוספת מלח,"מיוצר ע""י יוניליוור",IL,מזולה מרגרינה לאפייה,גרמים,200.00,100 גרם,false,,6.90,3.4500,true,1,196702
8720181114458,false,"אקס - דאודורנט ספריי לגבר לבן 150 מ""ל",,,דאורדורנט ספריי אקס,מיליליטרים,150.00,"100 מ""ל",false,,12.90,8.6000,true,1,446565
8720181201332,false,דאב אל סבון מוצק גרגרים 90 גרם *4,,DE,סבון מוצק גרגירים דא,גרמים,400.00,100 גרם,false,,18.90,4.7250,true,1,453599
8720182256850,false,רביעיית מארז דאב סבון מוצק 360 גר',,DE,סבון מוצק לבן דאב 4*,גרמים,400.00,100 גרם,false,,18.90,4.7250,true,1,453615
8801055707966,false,קפה טייסטר צו'יס נס קפה בריסטה 180ג',נסטלה קוריאה - קפה,IL,נס קפה טייסטרס צ'ויס,גרמים,180.00,100 גרם,false,,33.90,18.8333,true,1,23213
8801055709427,false,נסקפה טייסטרס צויס אלטה ריקה 100 גר,נסטלה קוריאה - קפה,KR,נסקפה טייסטרס צ'ויס,גרמים,100.00,100 גרם,false,,25.90,25.9000,true,1,369524
8801055709434,false,קפה נמס טייסטר צ'ויס קולומביה 100 גר',נסטלה קוריאה - קפה,KR,נסקפה טייסטרס צ'ויס,גרמים,100.00,100 גרם,false,,25.90,25.9000,true,1,369525
8801055709458,false,אבקה להכנת משקה קפה בטעם קפוצ'ינו קרמל,נסקפה Nescafe,KR,נסקפה קפוצ'ינו קרמל,גרמים,170.00,100 גרם,false,,20.90,12.2941,true,1,449319
8801055709472,false,נסטלה - נסקפה קפוצ'ינו קלאסי 12.50 גרם * 10,לוטה נסטלה קוריאה,DE,נסקפה קפוצ'ינו קלאסי,גרמים,185.00,100 גרם,false,,20.90,11.2973,true,1,413043
8801055709489,false,אבקה להכנת משקה קפה בטעם קפוצ'ינו אגוזים,נסקפה Nescafe,KR,נסקפה קפוצ'ינו אגוזי,גרמים,185.00,100 גרם,false,,20.90,11.2973,true,1,413044
8850206250592,false,רוטב צ'ילי סריראצ'ה 540 גרם (מזרח ומערב),יאן וואל יון קו.לטד,TH,רוטב צ'ילי סיראצ'ה מ,גרמים,540.00,100 גרם,false,,21.90,4.0556,true,1,425741
8850367992164,false,קרם קוקוס 250 מל 20-22% ללא חומר משמר,טאפ פאד ונגפורן,TH,קרם קוקוס ללא גלוטן,גרמים,250.00,100 גרם,false,,8.90,3.5600,true,1,16585
8850389103111,false,"משקה קל סאפה בטעם ענבים 300 מ""ל",סאפה פובליק קומפני ל,TH,סאפה משקה אלוורה ענב,מיליליטרים,300.00,"100 מ""ל",false,,7.90,2.6333,true,1,44497
8850389105849,false,סאפה אלוורה אפרסק 1 ליטר,סאפה פובליק קומפני ל,TH,סאפה משקה אלוורה אפר,ליטרים,1.00,ליטר,false,,14.50,14.5000,true,1,11687
8850632604372,false,יוגטה מקלות חמוצות שטיח - תות שדה 50 גרם,ג'נרל קנדי בעמ,TH,יוגטה ממתק תות שדה ב,גרמים,50.00,100 גרם,false,,5.90,11.8000,true,1,15493
8851613101378,false,"נוזל קוקוס ארוי די 250 מ""ל",כלורוקס אוקלנד,TH,משקה קוקוס ארוי-די,מיליליטרים,250.00,"100 מ""ל",false,,10.90,4.3600,true,1,5633
8858271004799,false,"רוטב צילי מתוק אל פורפסיס 700 מ""ל",יאן ונזל יון,TH,רוטב צ'ילי מתוק מזרח,מיליליטרים,700.00,"100 מ""ל",false,,13.90,1.9857,true,1,16610
8858271005772,false,"רוטב סויה ללא גלוטן 300 מ""ל",יאן ונזל יון,TH,רוטב סויה ללא גלוטן,מיליליטרים,300.00,"100 מ""ל",false,,17.90,5.9667,true,1,425726
8888021200720,false,סוללות אנרג'יזר MAX AAA שמינייה,יצרן: אנרג'ייזר סינג,SG,AAAאנרג'ייזר סוללות,יחידה,0.00,יחידה,false,,29.90,0.0000,true,1,8055
8901314525055,false,רביעיית מברשת שיניים,,,רביעיית מברשת שיניים,יחידה,0.00,יחידה,false,,14.90,0.0000,true,1,410980
8901537076679,false,"אורז בסמטי חום מלא 1 ק""ג דאוואט",האי נאם סי או אל.טי.,IN,אורז בסמטי חום מלא 1,קילוגרמים,1.00,"ק""ג",false,,17.90,17.9000,true,1,124450
8970907354532,false,משחק דגים + חכות,,,משחק דגים + חכות,יחידה,0.00,יחידה,false,,39.90,0.0000,true,1,394004
9000101380255,false,דיסקס לכביסה ניקיון הגייני 22 יח' פרסיל,פרסיל Persil,HU,פרסיל דיסקס לכביסה ל,יח',22.00,יח',false,,38.90,1.7682,true,1,339353
9002859105630,false,גונץ מרציפן מצופה שוקולד חלב ונוגט 75 גר,,AT,מרציפן מצופה שוקולד,גרמים,75.00,100 גרם,false,,11.90,15.8667,true,1,461464
9008700155458,false,נקטר גויאבה 1 ליטר ראוך,,,נקטר גויאבה 1 ליטר,ליטרים,1.00,ליטר,false,,12.20,12.2000,true,1,139843
9310072028750,false,טים טם Tim Tam וופל שוקולד ציפוי כפול,"ארנוטס ביסקוויטס בע""",AU,טים טם קרם דאבל 200,גרמים,200.00,100 גרם,false,,22.90,11.4500,true,1,67775
9322969000046,false,פריכיות תירס שומשום אורגני ריל פודס 150 ג',אף.סי תבליני בגליל ב,AU,פריכיות תירס אורגניו,גרמים,150.00,100 גרם,false,,14.90,9.9333,true,1,66935
9720188050109,false,טופוטי ממרח טופו בטעם גבינה 227 ג`,טופוטי ברנדס אינק.ג',IL,טופוטי ממרח טופו בטע,גרמים,225.00,100 גרם,false,,24.90,11.0667,true,1,8817
9720188060108,false,טופוטי ממרח על בסיס סויה בסגנון שמנת 340ג',טופוטי ברנדס אינק.ג',IL,טופוטי ממרח טופו בטע,גרמים,340.00,100 גרם,false,,24.90,7.3235,true,1,8819
9770793914006,false,עיתון גירוסלים פוסט יום שישי,,,עיתון ג`רוסלם פוסט,יחידה,0.00,יחידה,false,,22.00,0.0000,true,1,51708
9771565025005,false,עיתון מעריב שישי,,,`מעריב סופהשבוע`,יחידה,0.00,יחידה,false,,20.00,0.0000,true,1,51711
9771565051066,false,ידיעות אחרונות יום ו,,,ידיעות אחרונות יום ו,יחידה,0.00,יחידה,false,,12.00,0.0000,true,1,12352
9921071700037,false,משחק SUPER MEMORY גד,,,משחק SUPER MEMORY גד,יחידה,0.00,יחידה,false,,59.90,0.0000,true,1,393929
