code,internal_code,name,manufacturer_name,manufacture_country,manufacturer_item_description,unit_qty,quantity,unit_of_measure,weighted,qty_in_package,price,unit_of_measure_price,allow_discount,status,item_id
32147230,false,מיץ לימון סיצילייה 2,קריות זול,,מיץ לימון סיצילייה 2,,200.00,100 גרם,false,,8.90,0.0445,true,1,207095
54051140,false,אלפרו מעדן סויה וניל,קריות זול,,אלפרו מעדן סויה וניל,,500.00,100 גרם,false,,16.90,0.0338,true,1,185339
59079811,false,רקסונה רולאון נשים ט,,,רקסונה רולאון נשים ט,,50.00,"100 מ""ל",false,,14.90,0.2980,true,1,224304
72940754,false,"מילקי וניל 170 מ""ל",קריות זול,,"מילקי וניל 170 מ""ל",,170.00,"100 מ""ל",false,,2.90,0.0171,true,1,195404
72940761,false,מילקי שוקולד מהדרין,קריות זול,,מילקי שוקולד מהדרין,,170.00,"100 מ""ל",false,,2.90,0.0171,true,1,195405
72940952,false,מילקי פי 2 קצפת מהדר,קריות זול,,מילקי פי 2 קצפת מהדר,,110.00,"100 מ""ל",false,,3.90,0.0355,true,1,195407
72941041,false,מיני מילקי שוקולד 70,קריות זול,,מיני מילקי שוקולד 70,,70.00,"100 מ""ל",false,,2.30,0.0329,true,1,195411
72961506,false,פרילי תות 1.5% 125גר,קריות זול,,פרילי תות 1.5% 125גר,,125.00,"100 מ""ל",false,,3.40,0.0272,true,1,188727
72961520,false,פרילי אננס 1.5% 125ג,קריות זול,,פרילי אננס 1.5% 125ג,,125.00,"100 מ""ל",false,,3.40,0.0272,true,1,188729
72961544,false,באדי תות 125מל,קריות זול,,באדי תות 125מל,,125.00,"100 מ""ל",false,,2.90,0.0232,true,1,188730
72963753,false,שמנת של פעם 27% 200מ,קריות זול,,שמנת של פעם 27% 200מ,,200.00,100 גרם,false,,4.30,0.0215,true,1,188737
72964132,false,פרילי טבעי עם גרנולה,קריות זול,,פרילי טבעי עם גרנולה,,150.00,100 גרם,false,,5.20,0.0347,true,1,188739
72964422,false,יוגורט פרחים תנובה 4,קריות זול,,יוגורט פרחים תנובה 4,,200.00,100 גרם,false,,3.00,0.0150,true,1,188741
72986370,false,בן&גריס גלידה פיינטי,,,בן&גריס גלידה פיינטי,,420.00,"100 מ""ל",false,,19.90,0.0474,true,1,174022
72986424,false,בן&גריס גלידה פיינטי,,,בן&גריס גלידה פיינטי,יחידה,420.00,יחידה,false,,19.90,0.0474,true,1,174023
72986448,false,בן&גריס גלידה טופי ק,,,בן&גריס גלידה טופי ק,יחידה,420.00,יחידה,false,,19.90,0.0474,true,1,174024
72986455,false,בן&גריס גלידה פיינטי,,,בן&גריס גלידה פיינטי,,420.00,100 גרם,false,,19.90,0.0474,true,1,174025
72986479,false,בן&גריס גלידה צאנקי,,,בן&גריס גלידה צאנקי,,420.00,"100 מ""ל",false,,19.90,0.0474,true,1,174026
72989425,false,בן&גריס גלידה פיינטי,,,בן&גריס גלידה פיינטי,יחידה,500.00,יחידה,false,,19.90,0.0398,true,1,174027
72993637,false,דני מהדרין שוקו בודד,קריות זול,,דני מהדרין שוקו בודד,,125.00,"100 מ""ל",false,,2.70,0.0216,true,1,195429
76106071,false,מיץ לימון משומר 200מ,קריות זול,,מיץ לימון משומר 200מ,,200.00,100 גרם,false,,8.90,0.0445,true,1,234470
80001027,false,וופל טורטינה,קריות זול,,וופל טורטינה,,21.00,100 גרם,false,,3.90,0.1857,true,1,191695
80001287,false,גרדנה חטיף אגוז 38גר,,,גרדנה חטיף אגוז 38גר,,38.00,100 גרם,false,,4.50,0.1184,true,1,191696
80001461,false,גרדנה שוקולד מר 38גר,קריות זול,,גרדנה שוקולד מר 38גר,,38.00,"100 מ""ל",false,,4.50,0.1184,true,1,191701
80042556,false,עגבניות חתוכות מוטי,,,עגבניות חתוכות מוטי,,400.00,"100 מ""ל",false,,15.90,0.0398,true,1,214100
80042563,false,רסק עגבניות 700גר (צ,,,רסק עגבניות 700גר (צ,,700.00,100 גרם,false,,13.90,0.0199,true,1,214631
80050025,false,טיק טק תפוז 16גר,קריות זול,,טיק טק תפוז 16גר,,16.00,"100 מ""ל",false,,3.90,0.2437,true,1,213980
80050124,false,טיק טק מנטה 16גר,קריות זול,,טיק טק מנטה 16גר,,16.00,"100 מ""ל",false,,3.90,0.2437,true,1,213981
80052760,false,קינדר בואנו 43גר,קריות זול,,קינדר בואנו 43גר,,43.00,"100 מ""ל",false,,4.90,0.1140,true,1,213988
80136194,false,הפי היפו אגוזי לוז 5,,,הפי היפו אגוזי לוז 5,יחידה,0.00,יחידה,false,,14.90,0.0000,true,1,235925
80176800,false,נוטלה ממרח 750גר,קריות זול,,נוטלה ממרח 750גר,,750.00,"100 מ""ל",false,,27.90,0.0372,true,1,213991
80177173,false,נוטלה ממרח 350 גרם,קריות זול,,נוטלה ממרח 350 גרם,,350.00,"100 מ""ל",false,,14.90,0.0426,true,1,213993
80177609,false,קינדר אצבעות שוקולד,קריות זול,,קינדר אצבעות שוקולד,,50.00,"100 מ""ל",false,,4.90,0.0980,true,1,213995
80177616,false,קינדר אצבעות שוקולד,קריות זול,,קינדר אצבעות שוקולד,,100.00,"100 מ""ל",false,,8.90,0.0890,true,1,213996
80310891,false,קינדר ג'וי 20 גרם,קריות זול,,קינדר ג'וי 20 גרם,,20.00,"100 מ""ל",false,,6.50,0.3250,true,1,249878
80761761,false,קינדר בואנו לבן 39גר,,,קינדר בואנו לבן 39גר,,39.00,"100 מ""ל",false,,4.90,0.1256,true,1,213999
80773429,false,מסטיק מנטוס פיור פרש,,,מסטיק מנטוס פיור פרש,,60.00,100 גרם,false,,9.90,0.1650,true,1,226219
80773443,false,מסטיק מנטוס בקבוק מע,,,מסטיק מנטוס בקבוק מע,,60.00,100 גרם,false,,9.90,0.1650,true,1,221557
80790990,false,מסטיק מנטוס בקבוק מע,,,מסטיק מנטוס בקבוק מע,,60.00,100 גרם,false,,9.90,0.1650,true,1,221558
80843184,false,מסטיק מנטוס פיור פרש,,,מסטיק מנטוס פיור פרש,,60.00,"100 מ""ל",false,,9.90,0.1650,true,1,246184
80896081,false,מנטוס מסטיק פיור פרש,,,מנטוס מסטיק פיור פרש,,60.00,100 גרם,false,,9.90,0.1650,true,1,226223
80913467,false,מסטיק מנטוס בבקבוק מ,,,מסטיק מנטוס בבקבוק מ,,60.00,100 גרם,false,,9.90,0.1650,true,1,221559
80945468,false,מנטוס פיור וויט מנטה,,,מנטוס פיור וויט מנטה,,60.00,100 גרם,false,,9.90,0.1650,true,1,246610
80979128,false,מסטיק מנטוס פיור פרש,,,מסטיק מנטוס פיור פרש,,60.00,100 גרם,false,,9.90,0.1650,true,1,246183
80995128,false,מנטוס מסטיק בטעם הדר,,,מנטוס מסטיק בטעם הדר,,60.00,100 גרם,false,,9.90,0.1650,true,1,250048
87108019,false,מנטוס גליל מנטה בודד,קריות זול,,מנטוס גליל מנטה בודד,,37.50,"100 מ""ל",false,,3.90,0.1040,true,1,226227
87108538,false,מנטוס תות בגליל בודד,קריות זול,,מנטוס תות בגליל בודד,,37.50,"100 מ""ל",false,,3.90,0.1040,true,1,191750
87108651,false,סוכריות מנטוס מנטה ר,קריות זול,,סוכריות מנטוס מנטה ר,,37.50,"100 מ""ל",false,,12.90,0.3440,true,1,191751
87108712,false,סוכריות מנטוס רביעיי,קריות זול,,סוכריות מנטוס רביעיי,,37.50,"100 מ""ל",false,,12.90,0.3440,true,1,191752
90087974,false,חומץ תפוחים 5% 750מל,,,חומץ תפוחים 5% 750מל,,750.00,100 גרם,false,,13.90,0.0185,true,1,174713
90087998,false,"מיץ לימון 250מ""ל",,,"מיץ לימון 250מ""ל",,250.00,100 גרם,false,,5.90,0.0236,true,1,174714
96130339,false,דאב רולאון 0% אלומינ,,,דאב רולאון 0% אלומינ,,50.00,100 מ'ל,false,,14.90,0.2980,true,1,245896
8112100298,false,שמן שומשום טהור 185מ,,,שמן שומשום טהור 185מ,,185.00,100 גרם,false,,14.90,0.0805,true,1,205347
9800800056,false,נוטלה&גו חטיף 52גר,,,נוטלה&גו חטיף 52גר,,52.00,"100 מ""ל",false,,6.50,0.1250,true,1,214003
11210618503,false,"טבסקו סקורפיון 60 מ""",,,"טבסקו סקורפיון 60 מ""",,60.00,100 מ'ל,false,,14.90,0.2483,true,1,236964
13300604410,false,פילסברי מיקס דוויל'ס,,,פילסברי מיקס דוויל'ס,,432.00,"100 מ""ל",false,,14.90,0.0345,true,1,246593
16000185517,false,*מבצע* דגני פייבר וו,,,*מבצע* דגני פייבר וו,,555.00,100 גרם,false,,20.00,0.0360,true,1,248094
16000423534,false,ניטשר וואלי חטיף שיב,,,ניטשר וואלי חטיף שיב,,210.00,100 גרם,false,,21.90,0.1043,true,1,191775
16000548404,false,ניטשר וואלי חטיף קרא,,,ניטשר וואלי חטיף קרא,,210.00,"100 מ""ל",false,,21.90,0.1043,true,1,191785
16000548503,false,ניטשר וואלי חטיף קרא,,,ניטשר וואלי חטיף קרא,,210.00,100 גרם,false,,21.90,0.1043,true,1,191787
16000548909,false,ניטשר וואלי חטיף קרא,,,ניטשר וואלי חטיף קרא,,210.00,"100 מ""ל",false,,21.90,0.1043,true,1,191791
18000701223,false,תערובת עוגת שוקולד פ,קריות זול,,תערובת עוגת שוקולד פ,,550.00,"100 מ""ל",false,,19.50,0.0355,true,1,191793
18000703494,false,תערובת עוגת וניל 500,קריות זול,,תערובת עוגת וניל 500,,500.00,"100 מ""ל",false,,19.50,0.0390,true,1,191794
18000703517,false,תערובת עוגת שיש 550ג,,,תערובת עוגת שיש 550ג,,550.00,"100 מ""ל",false,,19.50,0.0355,true,1,191795
18000766413,false,תערובת עוגת בראוניס,,,תערובת עוגת בראוניס,,550.00,100 גרם,false,,19.50,0.0355,true,1,191796
21000052288,false,רוטב ברביקיו אורגינל,,,רוטב ברביקיו אורגינל,,510.00,100 מ'ל,false,,10.00,0.0196,true,1,234170
21000052332,false,רוטב ברביקיו מתוק חר,,,רוטב ברביקיו מתוק חר,,510.00,100 גרם,false,,10.00,0.0196,true,1,234173
21000052387,false,רוטב ברביקיו דבש מתו,,,רוטב ברביקיו דבש מתו,,510.00,"100 מ""ל",false,,10.00,0.0196,true,1,234174
22200956932,false,ספיד סטיק 24/7 ג'ל כ,,,ספיד סטיק 24/7 ג'ל כ,,85.00,100 גרם,false,,19.90,0.2341,true,1,185346
25675301108,false,מקלות חמוצים תות 50,,,מקלות חמוצים תות 50,,50.00,"100 מ""ל",false,,5.90,0.1180,true,1,199549
25675301153,false,מקלות חמוצים פטל 50,,,מקלות חמוצים פטל 50,,50.00,100 גרם,false,,5.90,0.1180,true,1,199550
25675301184,false,מקלות חמוצים קולה 50,,,מקלות חמוצים קולה 50,,50.00,"100 מ""ל",false,,5.90,0.1180,true,1,199552
25675301207,false,מקלות חמוצים תפוחי ע,,,מקלות חמוצים תפוחי ע,,50.00,"100 מ""ל",false,,5.90,0.1180,true,1,199553
29424000687,false,גלילי וופל אגוז מנעמ,,,גלילי וופל אגוז מנעמ,,100.00,100 גרם,false,,5.90,0.0590,true,1,190644
31290140237,false,אצבעות שוקולד חלב גו,,,אצבעות שוקולד חלב גו,,90.00,100 גרם,false,,14.90,0.1656,true,1,226091
33200147701,false,פרש & סופט ורוד 100י,,,פרש & סופט ורוד 100י,,100.00,100 מ'ל,false,,29.90,0.2990,true,1,185351
34000544431,false,ממתק טוויזלרס בטעם ד,,,ממתק טוויזלרס בטעם ד,,172.00,"100 מ""ל",false,,8.90,0.0517,true,1,249110
36000516876,false,קלינקס לושן 75 יח,,,קלינקס לושן 75 יח,,75.00,100 גרם,false,,12.90,0.1720,true,1,224143
37600207188,false,חמאת בוטנים קלאסי סק,,,חמאת בוטנים קלאסי סק,,462.00,100 גרם,false,,24.90,0.0539,true,1,179154
37600207256,false,חמאת בוטנים עם שברי,,,חמאת בוטנים עם שברי,,462.00,"100 מ""ל",false,,24.90,0.0539,true,1,179155
37600207287,false,חמאת בוטנים עם דבש ס,,,חמאת בוטנים עם דבש ס,,462.00,"100 מ""ל",false,,24.90,0.0539,true,1,179156
38000138638,false,פרינגלס פיצה 158גר,,,פרינגלס פיצה 158גר,,158.00,"100 מ""ל",false,,10.90,0.0690,true,1,220445
38000197840,false,פרינגלס גלי בטעם חרי,,,פרינגלס גלי בטעם חרי,,137.00,"100 מ""ל",false,,10.90,0.0796,true,1,223725
38000202278,false,פרינגלס גלי בטעם אור,,,פרינגלס גלי בטעם אור,,130.00,100 גרם,false,,10.90,0.0838,true,1,223726
38000232152,false,פרינגלס ביג ברביקיו,,,פרינגלס ביג ברביקיו,,158.00,100 גרם,false,,10.90,0.0690,true,1,223727
38000232176,false,פרינגלס ביג שמנת ובצ,,,פרינגלס ביג שמנת ובצ,,149.00,100 גרם,false,,10.90,0.0732,true,1,223728
38000232183,false,פרינגלס ביג אורגינל,,,פרינגלס ביג אורגינל,,149.00,100 גרם,false,,10.90,0.0732,true,1,223729
38527591060,false,דגני בוקר קוואקר מרו,,,דגני בוקר קוואקר מרו,,412.00,"100 מ""ל",false,,21.90,0.0532,true,1,184107
42400108153,false,דגני פוסט טוטי פרוטי,,,דגני פוסט טוטי פרוטי,,354.00,"100 מ""ל",false,,22.90,0.0647,true,1,244769
46214382259,false,עוגיות בראוניס שוקול,קריות זול,,עוגיות בראוניס שוקול,,200.00,"100 מ""ל",false,,10.90,0.0545,true,1,185359
46214731552,false,עוגיות שוקולד ציפס ע,קריות זול,,עוגיות שוקולד ציפס ע,,225.00,100 גרם,false,,10.90,0.0484,true,1,185360
50000292592,false,פנסי פיסט סלמון וסול,,,פנסי פיסט סלמון וסול,,85.00,"100 מ""ל",false,,6.50,0.0765,true,1,176085
54881000055,false,תה אנגלי שחור מחר פי,,,תה אנגלי שחור מחר פי,יחידה,0.00,יחידה,false,,9.90,0.0000,true,1,222903
54881003971,false,תה אנגלי ירוק מבחר 2,,,תה אנגלי ירוק מבחר 2,יחידה,0.00,יחידה,false,,9.90,0.0000,true,1,222907
54881004787,false,תה ירוק אחמד 100יח,,,תה ירוק אחמד 100יח,יחידה,0.00,יחידה,false,,15.90,0.0000,true,1,174734
54881006972,false,תה אנגלי שחור לימון,,,תה אנגלי שחור לימון,יחידה,0.00,יחידה,false,,9.90,0.0000,true,1,222912
54881008945,false,תה אנגלי ירוק 20שק,,,תה אנגלי ירוק 20שק,יחידה,0.00,יחידה,false,,9.90,0.0000,true,1,222918
54881009522,false,תה אנגלי שחור פטל 20,,,תה אנגלי שחור פטל 20,יחידה,0.00,יחידה,false,,9.90,0.0000,true,1,222919
70221011116,false,טובלרון שוקולד חלב 1,,,טובלרון שוקולד חלב 1,,100.00,100 גרם,false,,9.90,0.0990,true,1,179195
73490130359,false,קרם קרקר 250גר,קריות זול,,קרם קרקר 250גר,,250.00,100 גרם,false,,6.90,0.0276,true,1,202401
76840100156,false,בן&גריס גלידה שמנת ע,,,בן&גריס גלידה שמנת ע,,473.00,100 גרם,false,,19.90,0.0421,true,1,245189
76840100583,false,בן&גריס גלידה וניל+ב,,,בן&גריס גלידה וניל+ב,,473.00,100 גרם,false,,19.90,0.0421,true,1,174041
76840400218,false,בן&גריס גלידה עוגת ג,,,בן&גריס גלידה עוגת ג,יחידה,473.00,יחידה,false,,19.90,0.0421,true,1,174059
77245110610,false,מאסט סוכריות ללא סוכ,קריות זול,,מאסט סוכריות ללא סוכ,,80.00,"100 מ""ל",false,,8.90,0.1113,true,1,208396
77975010167,false,סניידרס מקלוני חיטה,,,סניידרס מקלוני חיטה,,340.00,100 גרם,false,,16.90,0.0497,true,1,226232
77975022757,false,בייגלה אמריקאי פרייצ,,,בייגלה אמריקאי פרייצ,,380.00,"100 מ""ל",false,,16.90,0.0445,true,1,191836
77975036983,false,מטבל עגבניות בחריפות,,,מטבל עגבניות בחריפות,,439.00,100 גרם,false,,18.90,0.0431,true,1,191841
77975094624,false,שברי בייגל במילוי חמ,,,שברי בייגל במילוי חמ,,283.50,100 גרם,false,,16.90,0.0596,true,1,226240
77975094631,false,בייגלה סניידרס גבינה,,,בייגלה סניידרס גבינה,,266.00,"100 מ""ל",false,,16.90,0.0635,true,1,226241
77975094761,false,שברי בייגל בטעם גבינ,,,שברי בייגל בטעם גבינ,,340.00,"100 מ""ל",false,,16.90,0.0497,true,1,245135
77975094778,false,סניידרס בטעם דבש חרד,,,סניידרס בטעם דבש חרד,,340.00,100 גרם,false,,16.90,0.0497,true,1,245613
80518532743,false,בלוני גומי רמה 3,,,בלוני גומי רמה 3,יחידה,0.00,יחידה,false,,11.90,0.0000,true,1,186598
84213017499,false,מיסלי אורגני מסטמכר,,,מיסלי אורגני מסטמכר,,500.00,"100 מ""ל",false,,20.90,0.0418,true,1,179202
645173911038,false,קורנישון מיני 720גר,,,קורנישון מיני 720גר,,720.00,100 גרם,false,,11.90,0.0165,true,1,174752
651080161510,false,"פלקסר ""פלוסר"" חוט דנ",,,"פלקסר ""פלוסר"" חוט דנ",יחידה,0.00,יחידה,false,,10.90,0.0000,true,1,241652
651080647519,false,"פלאקרס ""פלוסר"" חוט ד",,,"פלאקרס ""פלוסר"" חוט ד",יחידה,0.00,יחידה,false,,10.90,0.0000,true,1,241653
728229123811,false,ציפס חטיף טרה ירקות,,,ציפס חטיף טרה ירקות,,110.00,"100 מ""ל",false,,14.90,0.1355,true,1,207119
728229124771,false,ציפס חטיף טרה בטטה ט,,,ציפס חטיף טרה בטטה ט,,110.00,"100 מ""ל",false,,14.90,0.1355,true,1,214119
728229130154,false,ציפס חטיף טרה בטטה ו,,,ציפס חטיף טרה בטטה ו,,110.00,100 גרם,false,,14.90,0.1355,true,1,207120
729000662834,false,פילה נסיכת הנילוס מנ,,,פילה נסיכת הנילוס מנ,קילוגרמים,1.00,"ק""ג",true,,69.90,69.9000,true,1,249864
768404001640,false,בן&גריס גלידה פיינטס,,,בן&גריס גלידה פיינטס,,473.00,100 גרם,false,,19.90,0.0421,true,1,174062
835811006497,false,אבקת סוכר הנמל 500גר,,,אבקת סוכר הנמל 500גר,,500.00,"100 מ""ל",false,,6.90,0.0138,true,1,191369
856591000055,false,עוגיות עבאדי מזרחיות,,,עוגיות עבאדי מזרחיות,,400.00,"100 מ""ל",false,,19.90,0.0497,true,1,190660
856591000062,false,עוגיות עבאדי מזרחיות,קריות זול,,עוגיות עבאדי מזרחיות,,400.00,"100 מ""ל",false,,19.90,0.0497,true,1,190661
856591000109,false,עוגיות עבאדי עוגיות,,,עוגיות עבאדי עוגיות,,400.00,"100 מ""ל",false,,19.90,0.0497,true,1,190665
856591000512,false,עוגיות מזרחיות מקלות,,,עוגיות מזרחיות מקלות,,400.00,"100 מ""ל",false,,19.90,0.0497,true,1,190679
856591000970,false,עבאדי מאפה חיטה מקול,,,עבאדי מאפה חיטה מקול,,400.00,"100 מ""ל",false,,19.90,0.0497,true,1,249206
884912102102,false,דגני פוסט בלובלרי מו,,,דגני פוסט בלובלרי מו,,382.00,"100 מ""ל",false,,25.90,0.0678,true,1,242076
884912129512,false,*מבצע* דגני פוסט קוק,,,*מבצע* דגני פוסט קוק,,311.00,100 גרם,false,,20.00,0.0643,true,1,203469
884912359155,false,דגני פוסט האני בנצ'ס,,,דגני פוסט האני בנצ'ס,,340.00,"100 מ""ל",false,,23.90,0.0703,true,1,248835
884912359162,false,דגני פוסט האני בנצ'ס,,,דגני פוסט האני בנצ'ס,,340.00,100 גרם,false,,23.90,0.0703,true,1,248834
884912359414,false,*מבצע* דגני פוסט האנ,,,*מבצע* דגני פוסט האנ,,340.00,"100 מ""ל",false,,16.90,0.0497,true,1,248836
884912359421,false,*מבצע* דגני פוסט האנ,,,*מבצע* דגני פוסט האנ,,340.00,100 גרם,false,,16.90,0.0497,true,1,248837
884912359483,false,דגני פוסט האני בנצ'ס,,,דגני פוסט האני בנצ'ס,,312.00,"100 מ""ל",false,,23.90,0.0766,true,1,248838
884912365200,false,דגני בוקר אוראו 311,,,דגני בוקר אוראו 311,,311.00,"100 מ""ל",false,,19.90,0.0640,true,1,249758
884912377142,false,*מבצע* דגני פוסט האנ,,,*מבצע* דגני פוסט האנ,,340.00,100 גרם,false,,16.90,0.0497,true,1,248839
887930411553,false,סוללה קודאק 016 1555,,,סוללה קודאק 016 1555,יחידה,0.00,יחידה,false,,13.90,0.0000,true,1,249928
887930413397,false,סוללות קודאק זוג AAA,,,סוללות קודאק זוג AAA,יחידה,0.00,יחידה,false,,5.90,0.0000,true,1,248104
887930951998,false,סוללות קודאק 4יח AAA,,,סוללות קודאק 4יח AAA,יחידה,0.00,יחידה,false,,7.90,0.0000,true,1,237293
887930952001,false,סוללה AAA קודאק 4+2,,,סוללה AAA קודאק 4+2,יחידה,0.00,יחידה,false,,14.90,0.0000,true,1,249921
3014260228842,false,גילט קצף גילוח רגיל,,,גילט קצף גילוח רגיל,,200.00,100 גרם,false,,13.90,0.0695,true,1,203624
3014260240226,false,גילט קצף גילוח לעור,,,גילט קצף גילוח לעור,,200.00,100 גרם,false,,13.90,0.0695,true,1,203625
3014260246693,false,וונוס סימפל סכיני גי,,,וונוס סימפל סכיני גי,יחידה,0.00,יחידה,false,,9.90,0.0000,true,1,208199
3014260287030,false,גילט סכיני גילוח חד,,,גילט סכיני גילוח חד,יחידה,0.00,יחידה,false,,9.90,0.0000,true,1,208202
3046920028363,false,שוקולד לינדט אקסלנס,,,שוקולד לינדט אקסלנס,,100.00,100 גרם,false,,15.90,0.1590,true,1,191060
3046920028721,false,שוקולד לינדט אקסלנס,,,שוקולד לינדט אקסלנס,,50.00,100 גרם,false,,15.90,0.3180,true,1,226190
3059943015128,false,איירוויק ספריי נטול,,,איירוויק ספריי נטול,,345.00,100 גרם,false,,14.90,0.0432,true,1,200021
3574660240030,false,אובה טמפונים פרוקומפ,,,אובה טמפונים פרוקומפ,,32.00,יח',false,,19.90,0.6219,true,1,234612
3574660415506,false,ליסטרין טוטאל קייר ס,,,ליסטרין טוטאל קייר ס,,500.00,"100 מ""ל",false,,19.90,0.0398,true,1,249971
3574661362830,false,תחליב גוף לה פטיט מר,,,תחליב גוף לה פטיט מר,,400.00,"100 מ""ל",false,,7.90,0.0198,true,1,222406
3574661363998,false,ליסטרין גרין תה 500,,,ליסטרין גרין תה 500,,500.00,100 מ'ל,false,,19.90,0.0398,true,1,222408
3574661401140,false,"מי פה ליסטרין 400 מ""",,,"מי פה ליסטרין 400 מ""",,400.00,"100 מ""ל",false,,19.90,0.0497,true,1,222409
3574661487625,false,קרפרי תחתוניות מקסי,,,קרפרי תחתוניות מקסי,יחידה,0.00,יחידה,false,,14.90,0.0000,true,1,225018
3574661491721,false,ליסטרין  מי פה לבן,,,ליסטרין  מי פה לבן,,500.00,"100 מ""ל",false,,19.90,0.0398,true,1,249970
3574661491806,false,ליסטרין אדוונס וויט,,,ליסטרין אדוונס וויט,,500.00,"100 מ""ל",false,,19.90,0.0398,true,1,244892
3574661554877,false,קרפרי מגן תחתון אוור,קריות זול,,קרפרי מגן תחתון אוור,,56.00,יח',false,,14.90,0.2661,true,1,225024
3574669908443,false,גונסון בייבי אל סבון,,,גונסון בייבי אל סבון,,750.00,"100 מ""ל",false,,19.90,0.0265,true,1,225032
3607345264356,false,פיוז'ן ספריי גוף דינ,,,פיוז'ן ספריי גוף דינ,,150.00,100 מ'ל,false,,14.90,0.0993,true,1,207182
3607345264912,false,פיוז'ן ספריי גוף איי,,,פיוז'ן ספריי גוף איי,,150.00,100 גרם,false,,14.90,0.0993,true,1,207183
3607345265117,false,פיוז'ן ספריי גוף טים,,,פיוז'ן ספריי גוף טים,,150.00,100 מ'ל,false,,14.90,0.0993,true,1,207184
3614223736003,false,אדידס דאודורנט ספריי,,,אדידס דאודורנט ספריי,,150.00,100 גרם,false,,13.90,0.0927,true,1,239062
3800016701239,false,פלפל סבא פפרוני 580,,,פלפל סבא פפרוני 580,,580.00,"100 מ""ל",false,,9.90,0.0171,true,1,206064
3800020403631,false,קיט קט צ'אנקי חמאת ב,,,קיט קט צ'אנקי חמאת ב,,42.00,"100 מ""ל",false,,4.90,0.1167,true,1,215344
3800020423578,false,קיט קאט צאנקי 40 גרם,,,קיט קאט צאנקי 40 גרם,,40.00,100 גרם,false,,4.90,0.1225,true,1,215346
3800020472712,false,קיטקט צ'אנקי פופקורן,,,קיטקט צ'אנקי פופקורן,,42.00,100 גרם,false,,4.90,0.1167,true,1,246383
3800718504947,false,ספוג סקוטש 10יח,,,ספוג סקוטש 10יח,,10.00,יח',false,,6.90,0.6900,true,1,197874
3838824127149,false,פאלטה-צבע לשיער שחור,,,פאלטה-צבע לשיער שחור,יחידה,0.00,יחידה,false,,19.90,0.0000,true,1,190231
3838824127262,false,פאלטה-צבע לשיער בלונ,,,פאלטה-צבע לשיער בלונ,יחידה,0.00,יחידה,false,,19.90,0.0000,true,1,190236
3838824127286,false,פאלטה-צבע לשיער בלונ,,,פאלטה-צבע לשיער בלונ,יחידה,0.00,יחידה,false,,19.90,0.0000,true,1,190237
3838824127309,false,פאלטה-צבע לשיער בלונ,,,פאלטה-צבע לשיער בלונ,יחידה,0.00,יחידה,false,,19.90,0.0000,true,1,190238
4000415039707,false,שוגטן עוגיות וניל 10,,,שוגטן עוגיות וניל 10,יחידה,0.00,יחידה,false,,6.90,0.0000,true,1,214750
4000415749606,false,שוגטן יום הולדת 100ג,,,שוגטן יום הולדת 100ג,,100.00,"100 מ""ל",false,,6.90,0.0690,true,1,248795
4000417025005,false,שוקולד ריטר ספורט מר,,,שוקולד ריטר ספורט מר,,100.00,"100 מ""ל",false,,8.90,0.0890,true,1,191863
4000417212009,false,שוקולד ריטר ספורט מר,,,שוקולד ריטר ספורט מר,,100.00,100 גרם,false,,8.90,0.0890,true,1,226253
4000417222008,false,שוקולד ריטר ספורט חל,,,שוקולד ריטר ספורט חל,,100.00,"100 מ""ל",false,,8.90,0.0890,true,1,191868
4000417298003,false,שוקולד ריטר ספורט קו,,,שוקולד ריטר ספורט קו,,100.00,100 גרם,false,,8.90,0.0890,true,1,191879
4000539280740,false,שוקולד לינדט אקסלנס,,,שוקולד לינדט אקסלנס,,100.00,"100 מ""ל",false,,15.90,0.1590,true,1,249529
4000607854705,false,שוגטן תות 100גר,קריות זול,,שוגטן תות 100גר,,100.00,100 גרם,false,,6.90,0.0690,true,1,173663
4002448017684,false,סיליט באנג ספריי רב,קריות זול,,סיליט באנג ספריי רב,,750.00,100 גרם,false,,12.90,0.0172,true,1,200035
4002448019480,false,סיליט באנג ספריי מסי,,,סיליט באנג ספריי מסי,,750.00,100 גרם,false,,12.90,0.0172,true,1,200037
4002631025069,false,בירה קוניגסבכר פחית,,,בירה קוניגסבכר פחית,,500.00,"100 מ""ל",false,,5.90,0.0118,true,1,236966
4003754081000,false,מרציפן 100גר,,,מרציפן 100גר,,100.00,100 גרם,false,,8.90,0.0890,true,1,195252
4004715020755,false,פרינס אנד פרינסס קיש,,,פרינס אנד פרינסס קיש,,75.00,100 גרם,false,,14.90,0.1987,true,1,191900
4005808366392,false,שפתון לבלו כחול בליס,,,שפתון לבלו כחול בליס,יחידה,0.00,יחידה,false,,10.00,0.0000,true,1,217294
4005808368280,false,שפתון לבלו פירות בטע,,,שפתון לבלו פירות בטע,יחידה,0.00,יחידה,false,,10.00,0.0000,true,1,217295
4005808406029,false,ניוואה תחליב רחצה סו,,,ניוואה תחליב רחצה סו,,750.00,יח',false,,14.90,0.0199,true,1,236362
4005808698103,false,ניוואה תחליב גוף סמו,,,ניוואה תחליב גוף סמו,,500.00,100 גרם,false,,19.90,0.0398,true,1,236363
4005808702107,false,ניוואה תחליב גוף לעו,,,ניוואה תחליב גוף לעו,,500.00,100 גרם,false,,19.90,0.0398,true,1,236364
4005808702169,false,ניוואה קרם גוף מזין,,,ניוואה קרם גוף מזין,,500.00,100 מ'ל,false,,19.90,0.0398,true,1,217300
4005808890507,false,ניוואה קרם סופט לחות,,,ניוואה קרם סופט לחות,,200.00,"100 מ""ל",false,,24.90,0.1245,true,1,217310
4005900036445,false,ניוואה רול און בלק ו,,,ניוואה רול און בלק ו,,50.00,100 גרם,false,,12.90,0.2580,true,1,236369
4005900036476,false,ניוואה רול און בלק א,,,ניוואה רול און בלק א,,50.00,"100 מ""ל",false,,12.90,0.2580,true,1,217313
4005900036506,false,ניוואה דאו רול און ש,,,ניוואה דאו רול און ש,,50.00,100 גרם,false,,12.90,0.2580,true,1,217315
4005900494924,false,ניוואה דאו ספריי דרי,,,ניוואה דאו ספריי דרי,,150.00,"100 מ""ל",false,,14.90,0.0993,true,1,236375
4005900521262,false,ניוואה ג'ל רחצה דיפ,,,ניוואה ג'ל רחצה דיפ,,500.00,100 מ'ל,false,,14.90,0.0298,true,1,236378
4005900555915,false,ניוואה תחליב רחצה קו,,,ניוואה תחליב רחצה קו,,750.00,יח',false,,14.90,0.0199,true,1,236380
4005900648181,false,ניוואה תחליב רחצה אל,,,ניוואה תחליב רחצה אל,,750.00,100 ליטר,false,,14.90,0.0199,true,1,246097
4005900730336,false,ניוואה רולאון לגבר ב,,,ניוואה רולאון לגבר ב,,50.00,100 גרם,false,,12.90,0.2580,true,1,249768
4005900828088,false,ניוואה דאו רול און פ,,,ניוואה דאו רול און פ,,50.00,"100 מ""ל",false,,12.90,0.2580,true,1,217323
4005900833723,false,ניוואה ג'ל רחצה  לגב,,,ניוואה ג'ל רחצה  לגב,,500.00,100 גרם,false,,14.90,0.0298,true,1,246639
4005900845733,false,ניוואה מן דאודורנט ס,,,ניוואה מן דאודורנט ס,,150.00,"100 מ""ל",false,,14.90,0.0993,true,1,246413
4006529002170,false,עוגיות גולד רינג 400,,,עוגיות גולד רינג 400,,400.00,100 גרם,false,,8.90,0.0223,true,1,173665
4008102002867,false,גרגרי להכנת משקה בטע,קריות זול,,גרגרי להכנת משקה בטע,,400.00,"100 מ""ל",false,,17.90,0.0447,true,1,191901
4008287058161,false,שישיית בירת קרומבכר,,,שישיית בירת קרומבכר,,1980.00,"100 מ""ל",false,,29.90,0.0151,true,1,246109
4008400290126,false,קינדר פינגווי עוגת ס,,,קינדר פינגווי עוגת ס,,30.00,"100 מ""ל",false,,3.90,0.1300,true,1,246451
4008400290423,false,קינדר פינגווי עוגת ס,,,קינדר פינגווי עוגת ס,,120.00,100 גרם,false,,13.90,0.1158,true,1,246455
4009300522935,false,פומפדור תה ירוק לימו,,,פומפדור תה ירוק לימו,,30.00,100 גרם,false,,17.90,0.5967,true,1,185442
4009300522966,false,פומפדור תה ירוק נענע,,,פומפדור תה ירוק נענע,,36.00,100 גרם,false,,17.90,0.4972,true,1,185443
4009300524588,false,פומפדור חליטת תה פיר,,,פומפדור חליטת תה פיר,,60.00,100 גרם,false,,14.90,0.2483,true,1,185446
4009300525684,false,פומפדור חליטות גינגר,,,פומפדור חליטות גינגר,יחידה,0.00,יחידה,false,,14.90,0.0000,true,1,185450
4009300526438,false,פומפדור תה ירוק קלאס,,,פומפדור תה ירוק קלאס,יחידה,0.00,יחידה,false,,17.90,0.0000,true,1,185452
4009300595120,false,פומפדור חליטת צמחים,,,פומפדור חליטת צמחים,,30.00,100 גרם,false,,14.90,0.4967,true,1,225049
4009900420129,false,אורביט פרופשיונל פפר,,,אורביט פרופשיונל פפר,,64.00,100 גרם,false,,10.90,0.1703,true,1,238627
4009900426039,false,איירוויבז מנטה אקליפ,,,איירוויבז מנטה אקליפ,,64.00,"100 מ""ל",false,,10.90,0.1703,true,1,213877
4009900455299,false,סקיטלס בטעם פירות 17,,,סקיטלס בטעם פירות 17,,174.00,"100 מ""ל",false,,9.90,0.0569,true,1,213897
4009900465304,false,סקיטלס בטעם פירות חמ,,,סקיטלס בטעם פירות חמ,,174.00,100 גרם,false,,9.90,0.0569,true,1,213905
4009900536257,false,אורביט רפרשרס ספירמי,,,אורביט רפרשרס ספירמי,,67.00,"100 מ""ל",false,,11.90,0.1776,true,1,245360
4009900539685,false,מסטיק פייב באונס בטע,,,מסטיק פייב באונס בטע,,61.80,100 גרם,false,,11.90,0.1926,true,1,249784
4009900539746,false,מסטיק פייב באונס בטע,,,מסטיק פייב באונס בטע,,61.80,100 גרם,false,,11.90,0.1926,true,1,249786
4011800567613,false,קורני סנדביץ שחור לב,,,קורני סנדביץ שחור לב,,120.00,100 גרם,false,,12.90,0.1075,true,1,207245
4011800568610,false,קורני סנדביץ במילוי,,,קורני סנדביץ במילוי,,120.00,"100 מ""ל",false,,12.90,0.1075,true,1,207246
4011800577810,false,קורני חטיף דגנים פרי,,,קורני חטיף דגנים פרי,,150.00,100 גרם,false,,12.90,0.0860,true,1,247148
4011800628512,false,קורני חטיף דגנים עם,,,קורני חטיף דגנים עם,,150.00,"100 מ""ל",false,,12.90,0.0860,true,1,207252
4011800629519,false,קורני חטיף דגנים עם,,,קורני חטיף דגנים עם,,150.00,"100 מ""ל",false,,12.90,0.0860,true,1,207253
4011800630515,false,קורני חטיף דגנים עם,,,קורני חטיף דגנים עם,,150.00,"100 מ""ל",false,,12.90,0.0860,true,1,207254
4011800632519,false,קורני חטיף דגנים עם,,,קורני חטיף דגנים עם,,150.00,"100 מ""ל",false,,12.90,0.0860,true,1,207256
4011800633516,false,קורני חטיף דגנים עם,,,קורני חטיף דגנים עם,,150.00,100 גרם,false,,12.90,0.0860,true,1,207257
4011800635510,false,קורני פרי חטיף דגנים,,,קורני פרי חטיף דגנים,,120.00,100 גרם,false,,12.90,0.1075,true,1,207258
4011800637514,false,קורני פרי חטיף דגנים,,,קורני פרי חטיף דגנים,,120.00,"100 מ""ל",false,,12.90,0.1075,true,1,207260
4014400904277,false,סוכריות אייס פרש 425,קריות זול,,סוכריות אייס פרש 425,,425.00,"100 מ""ל",false,,16.90,0.0398,true,1,191923
4014400904376,false,סוכריות שוקולדן 325ג,קריות זול,,סוכריות שוקולדן 325ג,,325.00,"100 מ""ל",false,,16.90,0.0520,true,1,191926
4014400904390,false,סוכריות וולמילש 325ג,קריות זול,,סוכריות וולמילש 325ג,,325.00,"100 מ""ל",false,,16.90,0.0520,true,1,191927
4014400907902,false,סוכריות וורטר ללא סו,,,סוכריות וורטר ללא סו,,42.00,100 גרם,false,,7.50,0.1786,true,1,191929
4014400910063,false,סוכריות וורטר שקית 1,,,סוכריות וורטר שקית 1,,135.00,100 גרם,false,,9.90,0.0733,true,1,191935
4014400913910,false,סוכריות וורטר ללא סו,,,סוכריות וורטר ללא סו,,125.00,100 גרם,false,,9.90,0.0792,true,1,191941
4014400914696,false,סוכריות וורטר ללא סו,,,סוכריות וורטר ללא סו,,80.00,"100 מ""ל",false,,9.90,0.1238,true,1,191947
4014400914924,false,סוכריות וורטר ללא סו,,,סוכריות וורטר ללא סו,,80.00,"100 מ""ל",false,,9.90,0.1238,true,1,191948
4014400920857,false,סוכריות וורטר בטעם ש,,,סוכריות וורטר בטעם ש,,70.00,"100 מ""ל",false,,9.90,0.1414,true,1,191952
4014400923711,false,טופיפי 125גרם,קריות זול,,טופיפי 125גרם,,125.00,"100 מ""ל",false,,12.90,0.1032,true,1,191953
4014400925319,false,פופקורן קרמל וורטרס,,,פופקורן קרמל וורטרס,,140.00,100 גרם,false,,14.90,0.1064,true,1,226263
4015000519915,false,פה ספריי פינק פרדייס,קריות זול,,פה ספריי פינק פרדייס,,200.00,100 גרם,false,,15.90,0.0795,true,1,190285
4015000940955,false,גליס אולטימט ריפייר,,,גליס אולטימט ריפייר,,400.00,100 גרם,false,,15.90,0.0398,true,1,190331
4015100190762,false,גליס מסכה שיקום שמן,,,גליס מסכה שיקום שמן,,300.00,100 גרם,false,,19.90,0.0663,true,1,226017
4015400681670,false,אולוויז תחבושות לילה,,,אולוויז תחבושות לילה,יחידה,0.00,יחידה,false,,19.90,0.0000,true,1,203761
4015400731719,false,אולוויז תחבושות דואו,,,אולוויז תחבושות דואו,יחידה,0.00,יחידה,false,,19.90,0.0000,true,1,203769
4015600762780,false,הד&שולדרס שמפו קלאסי,,,הד&שולדרס שמפו קלאסי,,500.00,100 גרם,false,,19.90,0.0398,true,1,203801
4015600762902,false,הד&שולדרס שמפו מנטול,,,הד&שולדרס שמפו מנטול,,500.00,"100 מ""ל",false,,19.90,0.0398,true,1,203804
4017100198151,false,עוגיות סנדוויץ היט ו,,,עוגיות סנדוויץ היט ו,,220.00,"100 מ""ל",false,,7.90,0.0359,true,1,191961
4017100364112,false,עוגיות סנדוויץ היט ק,,,עוגיות סנדוויץ היט ק,,220.00,100 גרם,false,,7.90,0.0359,true,1,191978
4018344511195,false,לרסן סלמון פראי ברוט,,,לרסן סלמון פראי ברוט,,200.00,"100 מ""ל",false,,11.90,0.0595,true,1,250192
4018344564641,false,פילה הרינג ברוטב חרד,,,פילה הרינג ברוטב חרד,,200.00,100 גרם,false,,10.90,0.0545,true,1,250203
4025700001962,false,מילקה שוקולד לבן 100,,,מילקה שוקולד לבן 100,,100.00,"100 מ""ל",false,,7.90,0.0790,true,1,244503
4053700292455,false,ויט רצועות שעווה לעו,,,ויט רצועות שעווה לעו,יחידה,0.00,יחידה,false,,29.90,0.0000,true,1,200041
4066600601920,false,בירה פאולנר פחית 500,,,בירה פאולנר פחית 500,,500.00,100 גרם,false,,13.90,0.0278,true,1,244812
4066600999614,false,בירה פאולנר 500מל,,,בירה פאולנר 500מל,,500.00,"100 מ""ל",false,,13.90,0.0278,true,1,221077
4084500065536,false,פנטן קרם לחות לשיער,,,פנטן קרם לחות לשיער,,300.00,100 גרם,false,,21.90,0.0730,true,1,214154
4084500065598,false,פנטן קרם לחות לתלתלי,,,פנטן קרם לחות לתלתלי,,300.00,100 גרם,false,,21.90,0.0730,true,1,214155
4084500088917,false,פיירי נוזל לכלים צהו,,,פיירי נוזל לכלים צהו,,650.00,100 גרם,false,,10.90,0.0168,true,1,203843
4084500853553,false,פיירי נוזל לכלים ירו,,,פיירי נוזל לכלים ירו,,650.00,100 גרם,false,,10.90,0.0168,true,1,203854
4084500853898,false,פיירי לכלים אלוורה ו,,,פיירי לכלים אלוורה ו,,515.00,"100 מ""ל",false,,10.90,0.0212,true,1,214157
4100130937163,false,בירה גרמנית בקס שישי,,,בירה גרמנית בקס שישי,,1650.00,"100 מ""ל",false,,29.90,0.0181,true,1,226572
4210201365334,false,אורל בי ראש מילוי  ח,,,אורל בי ראש מילוי  ח,יחידה,0.00,יחידה,false,,79.90,0.0000,true,1,247137
4260147890537,false,אטריות ביצים ברצועות,,,אטריות ביצים ברצועות,,500.00,100 גרם,false,,9.90,0.0198,true,1,200743
4600659010854,false,*מבצע* וודקה סטולי 7,,,*מבצע* וודקה סטולי 7,,700.00,100 גרם,false,,60.00,0.0857,true,1,192717
4603739334536,false,שמן חמניות מזוכך 900,,,שמן חמניות מזוכך 900,,900.00,"100 מ""ל",false,,10.90,0.0121,true,1,247724
4603928000976,false,וודקה בלוגה 700 מל,,,וודקה בלוגה 700 מל,,700.00,100 מ'ל,false,,119.00,0.1700,true,1,237684
4605561010305,false,פילה הרינג עם שמיר ב,,,פילה הרינג עם שמיר ב,,500.00,"100 מ""ל",false,,27.90,0.0558,true,1,245823
4605561010312,false,חתיכות פילה הרינג עם,,,חתיכות פילה הרינג עם,,200.00,100 גרם,false,,10.90,0.0545,true,1,236523
4605561010343,false,פילה דג הרינג בשמן ח,,,פילה דג הרינג בשמן ח,,500.00,100 גרם,false,,27.90,0.0558,true,1,245824
4605561012613,false,פילה הרינג (קצוץ) בש,,,פילה הרינג (קצוץ) בש,,400.00,"100 מ""ל",false,,15.90,0.0398,true,1,236527
4605561013009,false,פילה הרינג בשמן 400,,,פילה הרינג בשמן 400,,400.00,"100 מ""ל",false,,15.90,0.0398,true,1,236528
4607051158481,false,תה ירוק 20 שקיקים,,,תה ירוק 20 שקיקים,יחידה,0.00,יחידה,false,,10.90,0.0000,true,1,238157
4607051158672,false,תה שחור 20 שקיקים,,,תה שחור 20 שקיקים,יחידה,0.00,יחידה,false,,10.90,0.0000,true,1,238158
4607054451831,false,גרעינים שחורים עם מל,,,גרעינים שחורים עם מל,,200.00,"100 מ""ל",false,,10.90,0.0545,true,1,238162
4620015851051,false,תה ירוק מנגו 20 שקיק,,,תה ירוק מנגו 20 שקיק,יחידה,0.00,יחידה,false,,10.90,0.0000,true,1,238166
4640018993398,false,פיניש קוואנטום 60 קפ,,,פיניש קוואנטום 60 קפ,,60.00,"100 מ""ל",false,,54.90,0.9150,true,1,232665
4710068001692,false,מאסטר קפה לאטה 240 מ,,,מאסטר קפה לאטה 240 מ,,240.00,"100 מ""ל",false,,8.20,0.0342,true,1,172888
4710068001739,false,מאסטר קפה קולומביאני,,,מאסטר קפה קולומביאני,,240.00,100 גרם,false,,8.20,0.0342,true,1,172890
4741178000022,false,שמן סויה אוליביה 900,,,שמן סויה אוליביה 900,,900.00,100 גרם,false,,10.90,0.0121,true,1,237685
4741178991009,false,שמן קנולה 880 מל,,,שמן קנולה 880 מל,,880.00,100 גרם,false,,10.90,0.0124,true,1,218188
4751001581475,false,שימורי דג ריגה זהב ק,,,שימורי דג ריגה זהב ק,,280.00,100 גרם,false,,8.90,0.0318,true,1,206210
4751003924010,false,לרסן סלט טונה בסגנון,,,לרסן סלט טונה בסגנון,,185.00,100 גרם,false,,11.90,0.0643,true,1,250194
4751007738064,false,לרסן שפרוטים מעושנים,,,לרסן שפרוטים מעושנים,,160.00,100 גרם,false,,11.90,0.0744,true,1,250189
4751007738095,false,לרסן סלט סלמון מקסיק,,,לרסן סלט סלמון מקסיק,,220.00,"100 מ""ל",false,,11.90,0.0541,true,1,250190
4751007739917,false,סלמון ברובמיץ טבעי 1,,,סלמון ברובמיץ טבעי 1,,185.00,"100 מ""ל",false,,10.90,0.0589,true,1,249267
4770179120620,false,סוכריות ג'לי בטעם פי,,,סוכריות ג'לי בטעם פי,,1000.00,"100 מ""ל",false,,24.90,0.0249,true,1,249581
4770179125144,false,שוקולד פרגלה מריר עם,,,שוקולד פרגלה מריר עם,,100.00,100 גרם,false,,5.90,0.0590,true,1,195271
4770237048088,false,גלידה יוגורט אוכמניו,,,גלידה יוגורט אוכמניו,יחידה,0.00,יחידה,false,,5.90,0.0000,true,1,220281
4800888209382,false,רקסונה דאודורנט סטיק,,,רקסונה דאודורנט סטיק,,50.00,"100 מ""ל",false,,14.90,0.2980,true,1,224322
4800888219541,false,רקסונה דאודורנט סטיק,,,רקסונה דאודורנט סטיק,,50.00,"100 מ""ל",false,,14.90,0.2980,true,1,246566
4810168000011,false,פילה דג הרינג מלוח מ,,,פילה דג הרינג מלוח מ,,250.00,100 גרם,false,,14.90,0.0596,true,1,236540
4810168000066,false,פילה דג הרינג מלוח מ,,,פילה דג הרינג מלוח מ,,250.00,100 גרם,false,,14.90,0.0596,true,1,236541
4810168000998,false,חתיכות פילה דג הרינג,,,חתיכות פילה דג הרינג,,260.00,100 גרם,false,,18.90,0.0727,true,1,236542
4810168001056,false,חתיכות פילה דג הרינג,,,חתיכות פילה דג הרינג,,260.00,"100 מ""ל",false,,18.90,0.0727,true,1,236543
4810168018795,false,חתיכות פילה דג הרינג,,,חתיכות פילה דג הרינג,,200.00,"100 מ""ל",false,,14.90,0.0745,true,1,236544
4810168019051,false,חתיכות פילה דג הרינג,,,חתיכות פילה דג הרינג,,200.00,"100 מ""ל",false,,14.90,0.0745,true,1,236545
4810168037888,false,גלידה YUKKI אגוזים א,,,גלידה YUKKI אגוזים א,,70.00,"100 מ""ל",false,,5.90,0.0843,true,1,236549
4810168038267,false,גלידה  YUKKI  אסקימו,,,גלידה  YUKKI  אסקימו,,70.00,"100 מ""ל",false,,5.90,0.0843,true,1,236550
4810168038977,false,גלידה YUKKI פלומביר,,,גלידה YUKKI פלומביר,,70.00,100 גרם,false,,5.90,0.0843,true,1,236551
4810168038984,false,גלידה YUKKI פלומביר,,,גלידה YUKKI פלומביר,,70.00,"100 מ""ל",false,,5.90,0.0843,true,1,236552
4810168038991,false,גלידה  YUKKI  שוקולד,,,גלידה  YUKKI  שוקולד,,70.00,"100 מ""ל",false,,5.90,0.0843,true,1,236553
4810168045098,false,גלידה YUKKI קרם ברול,,,גלידה YUKKI קרם ברול,,70.00,"100 מ""ל",false,,5.90,0.0843,true,1,236556
4810168045432,false,גלידה  YUKKI  טרופל,,,גלידה  YUKKI  טרופל,,70.00,"100 מ""ל",false,,5.90,0.0843,true,1,236557
4810168051396,false,בצק שמרים מרודד 450ג,,,בצק שמרים מרודד 450ג,,450.00,100 גרם,false,,6.90,0.0153,true,1,246443
4810168051570,false,"בלינצ'ס במילוי תפו""ץ",,,"בלינצ'ס במילוי תפו""ץ",,360.00,100 גרם,false,,13.90,0.0386,true,1,246439
4810168057435,false,חתיכות פילה דג הרינג,,,חתיכות פילה דג הרינג,,400.00,"100 מ""ל",false,,27.90,0.0697,true,1,247160
4810168057510,false,חתיכות פילה דג הרינג,,,חתיכות פילה דג הרינג,,400.00,100 גרם,false,,27.90,0.0697,true,1,247928
4810168058975,false,חתיכות פילה דג הרינג,,,חתיכות פילה דג הרינג,,260.00,100 גרם,false,,18.90,0.0727,true,1,249425
4810168058999,false,פילה דג הרינג סקנדינ,,,פילה דג הרינג סקנדינ,,250.00,100 גרם,false,,14.90,0.0596,true,1,248983
4810322005944,false,שמן קנולה מזוכך 850מ,,,שמן קנולה מזוכך 850מ,,850.00,"100 מ""ל",false,,10.90,0.0128,true,1,247143
4820015165213,false,גלידה  פלומביר בריקט,,,גלידה  פלומביר בריקט,,90.00,"100 מ""ל",false,,5.90,0.0656,true,1,236561
4820034925546,false,בירה לאגר צאזז לייט,,,בירה לאגר צאזז לייט,,500.00,100 גרם,false,,4.90,0.0098,true,1,249585
4820154722469,false,גלידה אסקימוס כוס ונ,,,גלידה אסקימוס כוס ונ,,80.00,"100 מ""ל",false,,5.90,0.0738,true,1,236563
4820154727938,false,גלידה אסקימו מלון לי,,,גלידה אסקימו מלון לי,,85.00,100 גרם,false,,5.90,0.0694,true,1,236567
4820198874063,false,חליטת פירות וצמחים 2,,,חליטת פירות וצמחים 2,יחידה,0.00,יחידה,false,,10.90,0.0000,true,1,250356
4823077602863,false,"סוכריות ג'לי רושן ""ק",,,"סוכריות ג'לי רושן ""ק",,200.00,"100 מ""ל",false,,7.90,0.0395,true,1,245797
4823077604379,false,סוכריות ריצ'קי 1קג,,,סוכריות ריצ'קי 1קג,,1000.00,100 גרם,false,,24.90,0.0249,true,1,220247
4823077607493,false,סוכריות ברבריס 1קג,,,סוכריות ברבריס 1קג,,1000.00,100 גרם,false,,17.90,0.0179,true,1,220251
4823077613203,false,שוקולד מריר+פונדוק ש,,,שוקולד מריר+פונדוק ש,,90.00,"100 מ""ל",false,,8.90,0.0989,true,1,220262
4823077613630,false,חטיף שוקולד רושן ממו,,,חטיף שוקולד רושן ממו,,43.00,100 גרם,false,,3.90,0.0907,true,1,245088
4823077614675,false,ביסקוויט לקפה רושן ב,,,ביסקוויט לקפה רושן ב,,185.00,"100 מ""ל",false,,3.90,0.0211,true,1,249724
4823077614767,false,שוקולד רושן חלב נוגט,,,שוקולד רושן חלב נוגט,,90.00,"100 מ""ל",false,,6.90,0.0767,true,1,249077
4823077614804,false,שוקולד חלב נוגט בטעם,,,שוקולד חלב נוגט בטעם,,90.00,"100 מ""ל",false,,6.90,0.0767,true,1,220272
4823077617041,false,באטונציק קרמל 40גר,,,באטונציק קרמל 40גר,,40.00,100 גרם,false,,3.90,0.0975,true,1,220279
4823077621635,false,וופל רושן בטעם חלב 7,,,וופל רושן בטעם חלב 7,,72.00,100 גרם,false,,3.90,0.0542,true,1,246763
4823077621642,false,וופל רושן בטעם שוקול,,,וופל רושן בטעם שוקול,,72.00,100 גרם,false,,3.90,0.0542,true,1,246764
4823077621659,false,וופל רושן בטעם אגוז,,,וופל רושן בטעם אגוז,,72.00,100 גרם,false,,3.90,0.0542,true,1,246765
4823077623684,false,סוכריות טיפת חלב 150,,,סוכריות טיפת חלב 150,,150.00,"100 מ""ל",false,,7.90,0.0527,true,1,236504
4823077623714,false,סוכריות כוס חלב 150,,,סוכריות כוס חלב 150,,150.00,"100 מ""ל",false,,7.90,0.0527,true,1,236505
4823077624247,false,סוכריות ג'לי בוני פר,,,סוכריות ג'לי בוני פר,,200.00,"100 מ""ל",false,,7.90,0.0395,true,1,236507
4823077624391,false,רושן סוכריות טופי מי,,,רושן סוכריות טופי מי,,185.00,"100 מ""ל",false,,7.90,0.0427,true,1,246252
4823077625589,false,וופל רושן בטעם חלב 2,,,וופל רושן בטעם חלב 2,,216.00,100 גרם,false,,6.90,0.0319,true,1,245781
4823077625602,false,וופל רושן בטעם שוקול,,,וופל רושן בטעם שוקול,,216.00,100 גרם,false,,6.90,0.0319,true,1,245783
4823077625626,false,וופל רושן בטעם אגוז,,,וופל רושן בטעם אגוז,,216.00,100 גרם,false,,6.90,0.0319,true,1,245784
4823077626203,false,שוקולד רושן אוורירי,,,שוקולד רושן אוורירי,,80.00,"100 מ""ל",false,,6.90,0.0863,true,1,236514
4823077626227,false,שוקולד רושן אוורירי,,,שוקולד רושן אוורירי,,80.00,"100 מ""ל",false,,6.90,0.0863,true,1,236515
4823077626241,false,שוקולד רושן אוורירי,,,שוקולד רושן אוורירי,,80.00,"100 מ""ל",false,,6.90,0.0863,true,1,236516
4823077626364,false,שוקולד רושן אוורירי,,,שוקולד רושן אוורירי,,80.00,"100 מ""ל",false,,6.90,0.0863,true,1,236518
4823077630422,false,סנדוויץ' קרקר חלב ונ,,,סנדוויץ' קרקר חלב ונ,,235.00,"100 מ""ל",false,,9.90,0.0421,true,1,246296
4823077630439,false,סנדוויץ' קרקר שוקולד,,,סנדוויץ' קרקר שוקולד,,235.00,"100 מ""ל",false,,9.90,0.0421,true,1,246297
4823077630996,false,סנדוויץ' קרקר קקאו א,,,סנדוויץ' קרקר קקאו א,,235.00,"100 מ""ל",false,,9.90,0.0421,true,1,246298
4823077631467,false,קרקר עם מלח ים רושן,,,קרקר עם מלח ים רושן,,168.00,"100 מ""ל",false,,6.90,0.0411,true,1,246299
4823077631474,false,קרקר קלאסי רושן 168,,,קרקר קלאסי רושן 168,,168.00,"100 מ""ל",false,,6.90,0.0411,true,1,246300
4823077632112,false,וופל רושן בטעם קקאו,,,וופל רושן בטעם קקאו,,216.00,"100 מ""ל",false,,6.90,0.0319,true,1,245785
4823077632259,false,חטיף שוקולד רושן עם,,,חטיף שוקולד רושן עם,,43.00,100 גרם,false,,3.90,0.0907,true,1,245089
4823077632594,false,שוקולד רושן חלב עם א,,,שוקולד רושן חלב עם א,,90.00,"100 מ""ל",false,,8.90,0.0989,true,1,246249
4823077633317,false,עוגיות לוויטה שוקולד,,,עוגיות לוויטה שוקולד,,150.00,"100 מ""ל",false,,7.90,0.0527,true,1,245789
4823077633324,false,עוגיות שוקוציפס לווי,,,עוגיות שוקוציפס לווי,,150.00,"100 מ""ל",false,,7.90,0.0527,true,1,245790
4823077633508,false,רושן חטיף וופל במילו,,,רושן חטיף וופל במילו,,34.00,100 גרם,false,,3.90,0.1147,true,1,249722
4823077633515,false,רושן חטיף וופל במילו,,,רושן חטיף וופל במילו,,34.00,100 גרם,false,,3.90,0.1147,true,1,249723
4823077634116,false,סוכריות קורובקה 1קג,,,סוכריות קורובקה 1קג,,1000.00,"100 מ""ל",false,,24.90,0.0249,true,1,246024
4823077634178,false,עוגיות רושן לוויטה ב,,,עוגיות רושן לוויטה ב,,168.00,100 גרם,false,,7.90,0.0470,true,1,247132
4823077634222,false,עוגיות תפוז לוויטה 1,,,עוגיות תפוז לוויטה 1,,135.00,100 גרם,false,,7.90,0.0585,true,1,246804
4823077634246,false,עוגיות פטל לוויטה 13,,,עוגיות פטל לוויטה 13,,135.00,100 מ'ל,false,,7.90,0.0585,true,1,246803
4823077634277,false,עוגיות תות שדה לוויט,,,עוגיות תות שדה לוויט,,135.00,"100 מ""ל",false,,7.90,0.0585,true,1,246805
4823077634369,false,שוקולד רושן חלב אוור,,,שוקולד רושן חלב אוור,,85.00,"100 מ""ל",false,,6.90,0.0812,true,1,249533
4823077635489,false,*מבצע* חטיף וופל רוש,,,*מבצע* חטיף וופל רוש,,350.00,100 גרם,false,,14.90,0.0426,true,1,247982
4823077635533,false,*מבצע* חטיף וופל רוש,,,*מבצע* חטיף וופל רוש,,350.00,100 גרם,false,,14.90,0.0426,true,1,247983
4823077635793,false,וופלים  דקיקים רושן,,,וופלים  דקיקים רושן,,55.00,"100 מ""ל",false,,4.90,0.0891,true,1,250343
4823077636004,false,עוגיות קקאו דובדבן ל,,,עוגיות קקאו דובדבן ל,,135.00,"100 מ""ל",false,,7.90,0.0585,true,1,247800
4823077636172,false,וופל רושן בטעם לימון,,,וופל רושן בטעם לימון,,216.00,100 גרם,false,,6.90,0.0319,true,1,249078
4823077636561,false,סוכריות ממולאות בטעם,,,סוכריות ממולאות בטעם,,378.00,"100 מ""ל",false,,11.90,0.0315,true,1,248756
4823077636578,false,סוכריות טופי כוס חלב,,,סוכריות טופי כוס חלב,,325.00,100 גרם,false,,11.90,0.0366,true,1,248758
4823077636592,false,סוכריות גלי רושן קרי,,,סוכריות גלי רושן קרי,,378.00,"100 מ""ל",false,,11.90,0.0315,true,1,248754
4823077636608,false,סוכריות טופי רושן במ,,,סוכריות טופי רושן במ,,325.00,"100 מ""ל",false,,11.90,0.0366,true,1,248760
4823084201158,false,תה שחור ליפטון פירמי,,,תה שחור ליפטון פירמי,,20.00,יח',false,,9.90,0.4950,true,1,234289
4823097809754,false,גלידת שמנת משובחת ונ,,,גלידת שמנת משובחת ונ,,90.00,"100 מ""ל",false,,5.90,0.0656,true,1,245773
4823097809778,false,גלידה בריקט שוקולד 9,,,גלידה בריקט שוקולד 9,,90.00,100 גרם,false,,5.90,0.0656,true,1,245774
4823097809815,false,גלידה חלבית עם אוכמנ,,,גלידה חלבית עם אוכמנ,,85.00,100 גרם,false,,5.90,0.0694,true,1,245772
4903001904192,false,רוטב סויה יאמסה 500מ,,,רוטב סויה יאמסה 500מ,,500.00,100 גרם,false,,19.90,0.0398,true,1,191985
5000054351900,false,פריסקיז פטה דג אוקיי,,,פריסקיז פטה דג אוקיי,,156.00,"100 מ""ל",false,,6.50,0.0417,true,1,249776
5000054353300,false,פריסקיז פטה סלמון 15,,,פריסקיז פטה סלמון 15,,156.00,100 גרם,false,,6.50,0.0417,true,1,249777
5000054357100,false,פריסקיז פטה מיקס גרי,,,פריסקיז פטה מיקס גרי,,156.00,"100 מ""ל",false,,6.50,0.0417,true,1,249779
5000127533196,false,קלוגס מנות אישיות וו,קריות זול,,קלוגס מנות אישיות וו,,191.00,100 גרם,false,,22.90,0.1199,true,1,223742
5000146057710,false,*מבצע* וינדולין ספרי,קריות זול,,*מבצע* וינדולין ספרי,,750.00,100 מ'ל,false,,7.90,0.0105,true,1,200046
5000157143365,false,מתבל בטעם מיונז וקטש,,,מתבל בטעם מיונז וקטש,,425.00,100 גרם,false,,14.90,0.0351,true,1,223743
5000189974579,false,קיט קט מיני 200 גרם,,,קיט קט מיני 200 גרם,,200.00,"100 מ""ל",false,,10.90,0.0545,true,1,222989
5000204886566,false,פלדג' שמן לרהיטים 47,קריות זול,,פלדג' שמן לרהיטים 47,,475.00,100 גרם,false,,33.90,0.0714,true,1,207303
5000267014234,false,וויסקי ג'וני ווקר רד,,,וויסקי ג'וני ווקר רד,,700.00,"100 מ""ל",false,,89.90,0.1284,true,1,173365
5000267024233,false,*מבצע* גוני ווקר שחו,,,*מבצע* גוני ווקר שחו,,700.00,100 גרם,false,,120.00,0.1714,true,1,173367
5000289925440,false,*מבצע* ג'ין גורדון 7,,,*מבצע* ג'ין גורדון 7,,700.00,100 גרם,false,,70.00,0.1000,true,1,237728
5000394098756,false,סוללות דורסל AA שישי,,,סוללות דורסל AA שישי,יחידה,0.00,יחידה,false,,21.90,0.0000,true,1,223744
5000394141117,false,סוללות דורסל רביעייה,,,סוללות דורסל רביעייה,יחידה,0.00,יחידה,false,,9.90,0.0000,true,1,246791
5010182996799,false,טואלט דאק ג'ל אסלה ב,קריות זול,,טואלט דאק ג'ל אסלה ב,,55.00,"100 מ""ל",false,,9.90,0.1800,true,1,207311
5010182997918,false,טואלט דאק ג'ל אסלה ב,קריות זול,,טואלט דאק ג'ל אסלה ב,,55.00,"100 מ""ל",false,,9.90,0.1800,true,1,207320
5010182998847,false,טואלט דאק נוזל לאסלה,,,טואלט דאק נוזל לאסלה,,750.00,100 גרם,false,,9.90,0.0132,true,1,207324
5010182998861,false,טואלט דאק נוזל לאסלה,,,טואלט דאק נוזל לאסלה,,750.00,100 גרם,false,,9.90,0.0132,true,1,207325
5010327000046,false,*מבצע* וויסקי גרנטס,,,*מבצע* וויסקי גרנטס,,700.00,100 גרם,false,,59.90,0.0856,true,1,192719
5010677551281,false,בקרדי בריזר לימון 27,,,בקרדי בריזר לימון 27,,275.00,"100 מ""ל",false,,15.90,0.0578,true,1,172900
5010677551397,false,בקרדי בריזר בטעם לימ,,,בקרדי בריזר בטעם לימ,,275.00,"100 מ""ל",false,,15.90,0.0578,true,1,172901
5010677552387,false,בקרדי בריזר אננס 275,,,בקרדי בריזר אננס 275,,275.00,"100 מ""ל",false,,15.90,0.0578,true,1,172902
5010677554398,false,בקרדי בריזר אבטיח 27,,,בקרדי בריזר אבטיח 27,,275.00,"100 מ""ל",false,,15.90,0.0578,true,1,172903
5011417547885,false,איירוויק מקלות ריחני,,,איירוויק מקלות ריחני,,50.00,"100 מ""ל",false,,17.90,0.3580,true,1,200072
5029053002439,false,קלינקס נייר טואולט צ,קריות זול,,קלינקס נייר טואולט צ,,1184.00,100 גרם,false,,39.90,0.0337,true,1,181374
5029053510811,false,קוטקס תחבושות אולטרה,קריות זול,,קוטקס תחבושות אולטרה,,28.00,יח',false,,18.90,0.6750,true,1,181378
5029053510828,false,קוטקס תחבושות אולטרה,קריות זול,,קוטקס תחבושות אולטרה,,24.00,יח',false,,18.90,0.7875,true,1,181379
5029053523446,false,קוטקס תחבושות אולטרה,קריות זול,,קוטקס תחבושות אולטרה,,20.00,יח',false,,18.90,0.9450,true,1,181383
5029053527598,false,האגיס פרידום דריי ני,,,האגיס פרידום דריי ני,יחידה,0.00,יחידה,false,,35.90,0.0000,true,1,181386
5050083559761,false,דגני קלוגס קוקו פופס,,,דגני קלוגס קוקו פופס,,500.00,100 גרם,false,,21.90,0.0438,true,1,179430
5053827193368,false,דגני אול ברנפלקס 500,קריות זול,,דגני אול ברנפלקס 500,,500.00,"100 מ""ל",false,,23.90,0.0478,true,1,223747
5060517886486,false,מונסטר אנרגי פח 500מ,,,מונסטר אנרגי פח 500מ,,500.00,100 מ'ל,false,,7.90,0.0158,true,1,235107
5060639129102,false,מונסטר אנרגי פח 500,,,מונסטר אנרגי פח 500,,500.00,100 גרם,false,,7.90,0.0158,true,1,240900
5060751218173,false,מונסטר פונצ פח 500מל,,,מונסטר פונצ פח 500מל,,500.00,100 גרם,false,,7.90,0.0158,true,1,248788
5060751219033,false,מונסטר אולטרה פרדייס,,,מונסטר אולטרה פרדייס,,500.00,100 גרם,false,,7.90,0.0158,true,1,249143
5200133120476,false,גליליות וופלים ממולא,,,גליליות וופלים ממולא,,400.00,"100 מ""ל",false,,17.90,0.0447,true,1,223751
5200133120506,false,גליליות וופלים בטעם,,,גליליות וופלים בטעם,,150.00,100 גרם,false,,7.90,0.0527,true,1,223754
5201184066508,false,נרות מספרים,,,נרות מספרים,יחידה,0.00,יחידה,false,,3.90,0.0000,true,1,186634
5201360724147,false,רולדה אישית שמינייה,,,רולדה אישית שמינייה,,256.00,100 גרם,false,,9.90,0.0387,true,1,205491
5201360724741,false,רולדה אישית שמינייה,,,רולדה אישית שמינייה,,256.00,"100 מ""ל",false,,9.90,0.0387,true,1,205492
5201940010110,false,זית קלמטה ויליפוד 45,,,זית קלמטה ויליפוד 45,,454.00,"100 מ""ל",false,,16.90,0.0372,true,1,178533
5206759020701,false,סוכריות ג'לי אקזוטי,,,סוכריות ג'לי אקזוטי,,700.00,100 גרם,false,,15.90,0.0227,true,1,173677
5391523058070,false,סימילאק אדוונס פלוס,,,סימילאק אדוונס פלוס,,700.00,"100 מ""ל",false,,64.90,0.0927,true,1,222417
5410126006360,false,לוטוס עוגיות סנדוויץ,,,לוטוס עוגיות סנדוויץ,,150.00,100 גרם,false,,9.90,0.0660,true,1,249824
5410126006377,false,לוטוס עוגיות סנדוויץ,,,לוטוס עוגיות סנדוויץ,,150.00,"100 מ""ל",false,,9.90,0.0660,true,1,249825
5410126106022,false,לוטוס מארז חגים 2*25,,,לוטוס מארז חגים 2*25,,500.00,100 גרם,false,,17.90,0.0358,true,1,249863
5410126106183,false,לוטוס ביסקוויט קרמל,קריות זול,,לוטוס ביסקוויט קרמל,,312.00,100 גרם,false,,19.90,0.0638,true,1,179469
5410126116953,false,ממרח ביסקוויט לוטוס,,,ממרח ביסקוויט לוטוס,,400.00,"100 מ""ל",false,,22.90,0.0572,true,1,179471
5410126666038,false,עוגיות לוטוס 279 גרם,,,עוגיות לוטוס 279 גרם,,279.00,"100 מ""ל",false,,10.90,0.0391,true,1,223758
5410291022011,false,ממרח אגוזי לוז קקאו,,,ממרח אגוזי לוז קקאו,,350.00,100 גרם,false,,10.90,0.0311,true,1,191994
5410316983693,false,סמירנוף אייס בודד 27,קריות זול,,סמירנוף אייס בודד 27,,275.00,"100 מ""ל",false,,13.90,0.0505,true,1,210083
5411188110835,false,אלפרו משקה משקה שקדי,,,אלפרו משקה משקה שקדי,,1000.00,"100 מ""ל",false,,13.90,0.0139,true,1,185510
5411188112709,false,אלפרו משקה שקדים ללא,,,אלפרו משקה שקדים ללא,,1000.00,100 גרם,false,,13.90,0.0139,true,1,185514
5411188115366,false,אלפרו משקה שיבולת שו,,,אלפרו משקה שיבולת שו,,1000.00,100 גרם,false,,13.90,0.0139,true,1,185517
5411188115472,false,אלפרו משקה סויה 1 לי,,,אלפרו משקה סויה 1 לי,,1000.00,100 גרם,false,,13.90,0.0139,true,1,234676
5411188122661,false,אלפרו משקה שקדים לא,,,אלפרו משקה שקדים לא,,1000.00,100 גרם,false,,13.90,0.0139,true,1,234680
5411188124689,false,אלפרו משקה שיבולת שו,,,אלפרו משקה שיבולת שו,,1000.00,"100 מ""ל",false,,13.90,0.0139,true,1,234681
5411188124726,false,אלפרו משקה שיבולת שו,,,אלפרו משקה שיבולת שו,,1000.00,"100 מ""ל",false,,13.90,0.0139,true,1,234682
5411188134985,false,אלפרו נוט מילק 3.5%,,,אלפרו נוט מילק 3.5%,,1000.00,100 גרם,false,,14.90,0.0149,true,1,247296
5411188543398,false,אלפרו משקה סויה ללא,,,אלפרו משקה סויה ללא,,1000.00,"100 מ""ל",false,,13.90,0.0139,true,1,234687
5413149655522,false,אריאל שושן צחור אבקת,,,אריאל שושן צחור אבקת,קילוגרמים,1.25,"ק""ג",false,,19.90,15.9200,true,1,204064
5413149922907,false,אריאל אבקת כביסה קול,,,אריאל אבקת כביסה קול,קילוגרמים,5.00,"ק""ג",false,,44.90,8.9800,true,1,204093
5601008200451,false,עוגיות טבעת גודיס מצ,,,עוגיות טבעת גודיס מצ,,150.00,100 גרם,false,,9.90,0.0660,true,1,185527
5601008200468,false,עוגיות טבעת גודיס מצ,,,עוגיות טבעת גודיס מצ,,150.00,100 גרם,false,,9.90,0.0660,true,1,185528
5604912415041,false,סרדינים בשמן חמניה פ,,,סרדינים בשמן חמניה פ,,125.00,100 גרם,false,,6.90,0.0552,true,1,223760
5604912415058,false,סרדינים בשמן חריף פו,,,סרדינים בשמן חריף פו,,125.00,"100 מ""ל",false,,6.90,0.0552,true,1,223761
5604912425057,false,סרדינים בשמן זית חמנ,,,סרדינים בשמן זית חמנ,,125.00,100 גרם,false,,6.90,0.0552,true,1,223763
5701932026964,false,הוטפופ פופקורן בתוספ,קריות זול,,הוטפופ פופקורן בתוספ,,600.00,100 גרם,false,,16.90,0.0282,true,1,192002
5701932026971,false,הוטפופ פופקורן בטעם,קריות זול,,הוטפופ פופקורן בטעם,,600.00,"100 מ""ל",false,,16.90,0.0282,true,1,192003
5701932026995,false,הוטפופ פופקורן לייט,קריות זול,,הוטפופ פופקורן לייט,,510.00,"100 מ""ל",false,,16.90,0.0331,true,1,192004
5711953106583,false,גבינת שמנת טבעי ארלה,,,גבינת שמנת טבעי ארלה,,200.00,100 גרם,false,,15.90,0.0795,true,1,226815
5711953106590,false,גבינת שמנת שום ארלה,,,גבינת שמנת שום ארלה,,200.00,100 גרם,false,,15.90,0.0795,true,1,226816
5740900403215,false,לורפק ממרח עם מלח 25,,,לורפק ממרח עם מלח 25,,250.00,100 גרם,false,,17.90,0.0716,true,1,226819
5740900403222,false,לורפק ממרח עם מלח מו,,,לורפק ממרח עם מלח מו,,250.00,100 גרם,false,,17.90,0.0716,true,1,226820
5740900403239,false,לורפק ממרח ללא מלח 2,,,לורפק ממרח ללא מלח 2,,250.00,100 גרם,false,,17.90,0.0716,true,1,226821
5740900403246,false,לורפק ממרח ללא מלח 5,,,לורפק ממרח ללא מלח 5,,500.00,100 גרם,false,,28.90,0.0578,true,1,226822
5740900403253,false,לורפק ממרח עם מלח 50,,,לורפק ממרח עם מלח 50,,500.00,100 גרם,false,,28.90,0.0578,true,1,226823
5740900403260,false,לורפק ממרח עם מלח מו,,,לורפק ממרח עם מלח מו,,250.00,100 גרם,false,,17.90,0.0716,true,1,226824
5900017062419,false,ניוואה תחליב רחצה ור,,,ניוואה תחליב רחצה ור,,750.00,100 גרם,false,,14.90,0.0199,true,1,245582
5900020020710,false,חטיף דגנים קראנץ בר,,,חטיף דגנים קראנץ בר,,150.00,"100 מ""ל",false,,16.90,0.1127,true,1,176127
5900020020741,false,חטיף דגנים נסקוויק ב,,,חטיף דגנים נסקוויק ב,,150.00,"100 מ""ל",false,,16.90,0.1127,true,1,176128
5900020025647,false,פיטנס בר דליס שוקולד,,,פיטנס בר דליס שוקולד,,135.00,"100 מ""ל",false,,16.90,0.1252,true,1,176134
5900020025807,false,דגני סיני מיניס נסטל,,,דגני סיני מיניס נסטל,,375.00,"100 מ""ל",false,,12.90,0.0344,true,1,176137
5900020026552,false,דגני האני נאט צ'יריו,,,דגני האני נאט צ'יריו,,625.00,100 גרם,false,,26.90,0.0430,true,1,176142
5900020026859,false,דגני האני נאט צ'יריו,,,דגני האני נאט צ'יריו,,375.00,"100 מ""ל",false,,12.90,0.0344,true,1,176143
5900020032454,false,פיטנס מארז חטיפי דגנ,,,פיטנס מארז חטיפי דגנ,,188.00,100 גרם,false,,16.90,0.0899,true,1,222993
5900020032539,false,פיטנס מארז חטיפי דגנ,,,פיטנס מארז חטיפי דגנ,,188.00,"100 מ""ל",false,,16.90,0.0899,true,1,222994
5900020033314,false,חטיף דגנים ליון 6*25,,,חטיף דגנים ליון 6*25,,150.00,"100 מ""ל",false,,16.90,0.1127,true,1,222995
5900020034021,false,פיטנס חטיף דגנים שוק,,,פיטנס חטיף דגנים שוק,,141.00,100 גרם,false,,16.90,0.1199,true,1,222997
5900020034991,false,קראנץ צדפים בטעם שוק,,,קראנץ צדפים בטעם שוק,,450.00,100 גרם,false,,26.90,0.0598,true,1,222998
5900020036407,false,ליון דגני בוקר שוקול,,,ליון דגני בוקר שוקול,,480.00,"100 מ""ל",false,,26.90,0.0560,true,1,223000
5900020039590,false,פיטנס חטיף דגנים קלא,,,פיטנס חטיף דגנים קלא,,141.00,"100 מ""ל",false,,16.90,0.1199,true,1,246020
5900020039620,false,פיטנס חטיף דגנים  שק,,,פיטנס חטיף דגנים  שק,,141.00,"100 מ""ל",false,,16.90,0.1199,true,1,246021
5900352001821,false,גלרטקה לימון 190 ג,,,גלרטקה לימון 190 ג,,190.00,"100 מ""ל",false,,7.90,0.0416,true,1,173681
5900352002576,false,גלרטקה אוכמניות 190,,,גלרטקה אוכמניות 190,,190.00,100 גרם,false,,7.90,0.0416,true,1,173683
5900352002866,false,חטיף אליבי 49 ג,,,חטיף אליבי 49 ג,יחידה,0.00,יחידה,false,,4.50,0.0000,true,1,173684
5900627026429,false,סיליט באנג סתימות 75,,,סיליט באנג סתימות 75,,750.00,100 גרם,false,,9.90,0.0132,true,1,200093
5900627063233,false,פיניש טבליות למדיח 5,,,פיניש טבליות למדיח 5,,50.00,100 מ'ל,false,,34.90,0.6980,true,1,200104
5901677008489,false,שוקולד ברון מריר 300,,,שוקולד ברון מריר 300,,300.00,100 גרם,false,,11.90,0.0397,true,1,248119
5902198160403,false,אקסל משקה אנרגיה טן,,,אקסל משקה אנרגיה טן,,250.00,"100 מ""ל",false,,5.00,0.0200,true,1,221009
5904603190715,false,עגבניות בחומץ עם פיק,,,עגבניות בחומץ עם פיק,,880.00,100 גרם,false,,13.90,0.0158,true,1,249095
5904603190739,false,אסורטי ירקות דוורק 8,,,אסורטי ירקות דוורק 8,,850.00,"100 מ""ל",false,,13.90,0.0164,true,1,249083
5904941751302,false,בלו משקה אנרגיה 250מ,,,בלו משקה אנרגיה 250מ,,250.00,"100 מ""ל",false,,4.90,0.0196,true,1,172062
5904941751524,false,בלו דיי משקה אנרגיה,,,בלו דיי משקה אנרגיה,,250.00,"100 מ""ל",false,,4.90,0.0196,true,1,172066
5904941751715,false,בלו משקה אנרגיה קרנב,,,בלו משקה אנרגיה קרנב,,250.00,100 מ'ל,false,,4.90,0.0196,true,1,172067
5904941751920,false,בלו דיי משקה אנרגיה,,,בלו דיי משקה אנרגיה,,250.00,"100 מ""ל",false,,4.90,0.0196,true,1,172071
5906485301012,false,אקסל משקה אנרגיה 250,קריות זול,,אקסל משקה אנרגיה 250,,250.00,"100 מ""ל",false,,5.00,0.0200,true,1,172927
5941021000639,false,שוקולד היידי גראנדור,,,שוקולד היידי גראנדור,,100.00,"100 מ""ל",false,,10.90,0.1090,true,1,208302
5941021000899,false,שוקולד היידי גראנדור,,,שוקולד היידי גראנדור,,100.00,100 גרם,false,,10.90,0.1090,true,1,208303
5941021001247,false,שוקולד היידי גראנדור,,,שוקולד היידי גראנדור,,80.00,100 גרם,false,,10.90,0.1363,true,1,208304
5941021001254,false,שוקולד היידי גראנדור,,,שוקולד היידי גראנדור,,80.00,"100 מ""ל",false,,10.90,0.1363,true,1,208305
5941021005122,false,שוקולד היידי גראנדור,,,שוקולד היידי גראנדור,,80.00,"100 מ""ל",false,,10.90,0.1363,true,1,208312
5941021005139,false,שוקולד היידי שוקולד,,,שוקולד היידי שוקולד,,100.00,"100 מ""ל",false,,10.90,0.1090,true,1,208313
5941021007577,false,שוקולד היידי גראנדור,,,שוקולד היידי גראנדור,,80.00,100 גרם,false,,10.90,0.1363,true,1,208316
5941021008208,false,שוקולד היידי גראנדור,,,שוקולד היידי גראנדור,,80.00,100 גרם,false,,10.90,0.1363,true,1,208317
5941021016401,false,טבלת היידי שוקולד גר,,,טבלת היידי שוקולד גר,,100.00,"100 מ""ל",false,,10.90,0.1090,true,1,234660
5949152110821,false,איירוויק מבשם אוויר,,,איירוויק מבשם אוויר,,237.00,100 גרם,false,,14.90,0.0629,true,1,249755
6001067024446,false,קולגייט מברשת שיניים,,,קולגייט מברשת שיניים,יחידה,0.00,יחידה,false,,10.00,0.0000,true,1,208232
6008165003984,false,פאל מאל כחול סטרים,,,פאל מאל כחול סטרים,יחידה,0.00,יחידה,false,,28.00,0.0000,false,1,202994
6008165274629,false,פאל מאל כחול ארוך,,,פאל מאל כחול ארוך,יחידה,0.00,יחידה,false,,28.00,0.0000,false,1,202997
6112012100075,false,קולפן פלסטיק יקר,,,קולפן פלסטיק יקר,יחידה,0.00,יחידה,false,,12.90,0.0000,true,1,213592
6112012100358,false,שישיית קולבי פלסטיק,,,שישיית קולבי פלסטיק,יחידה,0.00,יחידה,false,,10.90,0.0000,true,1,213596
6112012100600,false,שלישיית קולבי קטיפה,,,שלישיית קולבי קטיפה,יחידה,0.00,יחידה,false,,11.90,0.0000,true,1,213604
6112012100655,false,מגבלשיש מהודר,,,מגבלשיש מהודר,יחידה,0.00,יחידה,false,,7.90,0.0000,true,1,235740
6112012100969,false,פורס ביצים איכותי פל,,,פורס ביצים איכותי פל,יחידה,0.00,יחידה,false,,11.90,0.0000,true,1,213613
6112013100173,false,מברשת אפיה+ידית קריס,,,מברשת אפיה+ידית קריס,יחידה,0.00,יחידה,false,,12.90,0.0000,true,1,213626
6112013100388,false,פותחן ליין,,,פותחן ליין,יחידה,0.00,יחידה,false,,9.90,0.0000,true,1,213630
6112015100508,false,מברשת לאסלה,,,מברשת לאסלה,יחידה,0.00,יחידה,false,,4.90,0.0000,true,1,213673
6112015100867,false,שלישיית מברשת לניקוי,,,שלישיית מברשת לניקוי,יחידה,0.00,יחידה,false,,8.90,0.0000,true,1,213683
6112016100514,false,תחתית לסיר מברזל 20,,,תחתית לסיר מברזל 20,יחידה,0.00,יחידה,false,,10.90,0.0000,true,1,235757
6112016100712,false,סוגרים לשקיות 12 יחי,,,סוגרים לשקיות 12 יחי,יחידה,0.00,יחידה,false,,11.90,0.0000,true,1,235758
6112017101350,false,מצע לירקות ופירות מט,,,מצע לירקות ופירות מט,יחידה,0.00,יחידה,false,,9.90,0.0000,true,1,235770
6112017101534,false,מברשת לאסלה,,,מברשת לאסלה,יחידה,0.00,יחידה,false,,21.90,0.0000,true,1,235773
6112017102432,false,מגב רצפה,,,מגב רצפה,יחידה,0.00,יחידה,false,,11.90,0.0000,true,1,235781
6112017103354,false,אטבי כביסה סיליקון 1,,,אטבי כביסה סיליקון 1,יחידה,0.00,יחידה,false,,9.90,0.0000,true,1,235799
6112017103897,false,שלישיית סכינים,,,שלישיית סכינים,יחידה,0.00,יחידה,false,,9.90,0.0000,true,1,235810
6112017104566,false,מטאטא כסף אדום,,,מטאטא כסף אדום,יחידה,0.00,יחידה,false,,26.90,0.0000,true,1,235814
6112017105778,false,"מגב לריצפה 40 ס""מ",,,"מגב לריצפה 40 ס""מ",יחידה,0.00,יחידה,false,,20.90,0.0000,true,1,235822
6112017106096,false,מסנן כיור אמריקאי,,,מסנן כיור אמריקאי,יחידה,0.00,יחידה,false,,15.90,0.0000,true,1,235827
6112017106232,false,מתלה למטאטאים,,,מתלה למטאטאים,יחידה,0.00,יחידה,false,,19.90,0.0000,true,1,235829
6112017106249,false,כריות קירצוף מסיליקו,,,כריות קירצוף מסיליקו,יחידה,0.00,יחידה,false,,11.90,0.0000,true,1,235830
6118000240501,false,סרדין מרוקאי בשמן סו,,,סרדין מרוקאי בשמן סו,,125.00,"100 מ""ל",false,,6.90,0.0552,true,1,214838
6903215652368,false,כפפות ויניל 100 יח L,,,כפפות ויניל 100 יח L,יחידה,0.00,יחידה,false,,29.90,0.0000,true,1,246774
6906539758136,false,כפפות חד פעמיות S,,,כפפות חד פעמיות S,יחידה,0.00,יחידה,false,,8.90,0.0000,true,1,246535
6906539758167,false,כפפות חד פעמיות XL,,,כפפות חד פעמיות XL,יחידה,0.00,יחידה,false,,8.90,0.0000,true,1,246534
6912977000140,false,אטריות שעועית 250גר,,,אטריות שעועית 250גר,,250.00,100 גרם,false,,9.90,0.0396,true,1,205385
6921052701001,false,אצות ים וואקמה 40גר,,,אצות ים וואקמה 40גר,,40.00,"100 מ""ל",false,,11.90,0.2975,true,1,205386
6925374202437,false,מתלים פלסטיק שלישייה,,,מתלים פלסטיק שלישייה,יחידה,0.00,יחידה,false,,8.90,0.0000,true,1,221808
6931191500076,false,מספריים ממקצועיות למ,,,מספריים ממקצועיות למ,יחידה,0.00,יחידה,false,,11.90,0.0000,true,1,213688
6931191500434,false,מועך תפוחי אדמה,,,מועך תפוחי אדמה,יחידה,0.00,יחידה,false,,9.90,0.0000,true,1,213691
6931191500588,false,פטיש לשניצל,,,פטיש לשניצל,יחידה,0.00,יחידה,false,,11.90,0.0000,true,1,213694
6931191500649,false,דבק סופר גלו רביעייה,,,דבק סופר גלו רביעייה,יחידה,0.00,יחידה,false,,11.90,0.0000,true,1,213696
6934931267246,false,מצת לכיריים,,,מצת לכיריים,יחידה,0.00,יחידה,false,,9.90,0.0000,true,1,246348
6934931272028,false,כף אשפה שקוף מתקפל,,,כף אשפה שקוף מתקפל,יחידה,0.00,יחידה,false,,19.90,0.0000,true,1,246347
6935487561246,false,מסכות חד פעמי 50 יח,,,מסכות חד פעמי 50 יח,,50.00,100 מ'ל,false,,9.90,0.1980,true,1,244806
6935673035612,false,כפפות אלוורה שאיני S,,,כפפות אלוורה שאיני S,יחידה,0.00,יחידה,false,,7.90,0.0000,true,1,197881
6935673035629,false,כפפות אלוורה שאיני M,,,כפפות אלוורה שאיני M,יחידה,0.00,יחידה,false,,7.90,0.0000,true,1,197882
6935673035636,false,כפפות אלוורה שאיני L,,,כפפות אלוורה שאיני L,יחידה,0.00,יחידה,false,,7.90,0.0000,true,1,197883
6945305614047,false,רביעיית מתלים ניקל,,,רביעיית מתלים ניקל,יחידה,0.00,יחידה,false,,9.90,0.0000,true,1,213701
6985425120011,false,מסנן פרפר זוג,,,מסנן פרפר זוג,יחידה,0.00,יחידה,false,,8.90,0.0000,true,1,213709
6985425120103,false,דבק סלוטייפ,,,דבק סלוטייפ,יחידה,0.00,יחידה,false,,9.90,0.0000,true,1,213712
6985425120110,false,דבק נייר,,,דבק נייר,יחידה,0.00,יחידה,false,,14.90,0.0000,true,1,235854
6985425120134,false,מזלף למקלחת מטר,,,מזלף למקלחת מטר,יחידה,0.00,יחידה,false,,29.90,0.0000,true,1,235855
6985425120301,false,אטבי כביסה 30 יחידות,,,אטבי כביסה 30 יחידות,יחידה,0.00,יחידה,false,,9.90,0.0000,true,1,235857
6985425120592,false,קרש חיתוך עץ,,,קרש חיתוך עץ,יחידה,0.00,יחידה,false,,17.90,0.0000,true,1,213714
6985425120677,false,מסננת איכותית מאלומי,,,מסננת איכותית מאלומי,יחידה,0.00,יחידה,false,,16.90,0.0000,true,1,213715
7290000000070,false,סופגניה,,,סופגניה,יחידה,0.00,יחידה,false,,3.90,0.0000,true,1,250379
7290000000095,false,ביסלי/מיקס ביסלי אסם,,,ביסלי/מיקס ביסלי אסם,יחידה,0.00,יחידה,false,,13.90,0.0000,true,1,250409
7290000000818,false,גלידה מצופים 6יח ריא,,,גלידה מצופים 6יח ריא,יחידה,0.00,יחידה,false,,14.90,0.0000,true,1,250432
7290000001070,false,גרנה פדנו מגורד+פסטה,,,גרנה פדנו מגורד+פסטה,יחידה,0.00,יחידה,false,,21.90,0.0000,true,1,250407
7290000001236,false,אנטרטיק/קצץ אקונומיק,,,אנטרטיק/קצץ אקונומיק,יחידה,0.00,יחידה,false,,22.90,0.0000,true,1,250415
7290000001338,false,תה דאלאי 25שקיקים+וו,,,תה דאלאי 25שקיקים+וו,יחידה,0.00,יחידה,false,,15.90,0.0000,true,1,250414
7290000001593,false,4יח צ'וקטה ממרח אגוז,,,4יח צ'וקטה ממרח אגוז,יחידה,0.00,יחידה,false,,14.90,0.0000,true,1,250416
7290000023083,false,ערק אשקלון 700 מל,,,ערק אשקלון 700 מל,,700.00,100 מ'ל,false,,49.90,0.0713,true,1,172941
7290000023809,false,יין קלאסיק קברנה סוב,,,יין קלאסיק קברנה סוב,,750.00,"100 מ""ל",false,,39.90,0.0532,true,1,172966
7290000023816,false,יין קלאסיק אמרלד ריז,,,יין קלאסיק אמרלד ריז,,750.00,100 גרם,false,,39.90,0.0532,true,1,172967
7290000023977,false,יין קלאסיק מרלו 750מ,,,יין קלאסיק מרלו 750מ,,750.00,100 גרם,false,,39.90,0.0532,true,1,172973
7290000024523,false,מיץ ענבים של סגל 1 ל,,,מיץ ענבים של סגל 1 ל,,1000.00,"100 מ""ל",false,,13.90,0.0139,true,1,172985
7290000024578,false,אסמבלאז' צפית 2010,,,אסמבלאז' צפית 2010,יחידה,0.00,יחידה,false,,89.90,0.0000,true,1,172989
7290000033976,false,כתף טלה טרי,,,כתף טלה טרי,קילוגרמים,1.00,"ק""ג",true,,109.00,109.0000,true,1,198663
7290000034256,false,ביסקויט תירוש 175גרם,קריות זול,,ביסקויט תירוש 175גרם,,175.00,"100 מ""ל",false,,7.90,0.0451,true,1,202409
7290000037066,false,פרגית טרי,,,פרגית טרי,קילוגרמים,1.00,"ק""ג",true,,64.90,64.9000,true,1,211174
7290000040042,false,יופלה תות שובב 3% 15,קריות זול,,יופלה תות שובב 3% 15,,150.00,"100 מ""ל",false,,4.90,0.0327,true,1,188751
7290000040080,false,יופלה אפרסק מאוהב 3%,קריות זול,,יופלה אפרסק מאוהב 3%,,150.00,100 גרם,false,,4.90,0.0327,true,1,188754
7290000040462,false,עמק גבינה טוסטי טעם,קריות זול,,עמק גבינה טוסטי טעם,,200.00,"100 מ""ל",false,,18.90,0.0945,true,1,188762
7290000040974,false,חלב קרטון דל לקטוז ת,,,חלב קרטון דל לקטוז ת,,1000.00,"100 מ""ל",false,,7.50,0.0075,true,1,188763
7290000041445,false,קוטג 5% מהדרין 250גר,קריות זול,,קוטג 5% מהדרין 250גר,,250.00,100 גרם,false,,5.90,0.0236,true,1,188765
7290000041452,false,"קוטג 9% בד""צ 250גר ת",קריות זול,,"קוטג 9% בד""צ 250גר ת",,250.00,"100 מ""ל",false,,5.90,0.0236,true,1,188766
7290000041858,false,שמנת חמוצה 15% 200מל,קריות זול,,שמנת חמוצה 15% 200מל,,200.00,100 גרם,false,,2.50,0.0125,true,1,195546
7290000041865,false,אשל 4.5% יטבתה 200מל,קריות זול,,אשל 4.5% יטבתה 200מל,,200.00,100 גרם,false,,2.00,0.0100,true,1,195547
7290000042015,false,חלב בשקית בדץ תנובה,קריות זול,,חלב בשקית בדץ תנובה,,1000.00,100 גרם,false,,5.43,0.0054,true,1,188769
7290000042435,false,חלב בקרטון תנובה 1%,קריות זול,,חלב בקרטון תנובה 1%,,1000.00,"100 מ""ל",false,,5.86,0.0059,true,1,188778
7290000042640,false,חלב עמיד תנובה 3% 25,קריות זול,,חלב עמיד תנובה 3% 25,,250.00,"100 מ""ל",false,,3.00,0.0120,true,1,188786
7290000042855,false,שוקו שקית 250,קריות זול,,שוקו שקית 250,,250.00,100 גרם,false,,3.00,0.0120,true,1,195551
7290000043012,false,שוקו עמיד תנובה בקרט,קריות זול,,שוקו עמיד תנובה בקרט,,250.00,"100 מ""ל",false,,4.90,0.0196,true,1,188790
7290000043111,false,חמאה תנובה 200 גר,קריות זול,,חמאה תנובה 200 גר,,200.00,"100 מ""ל",false,,7.88,0.0394,true,1,188791
7290000043814,false,שמנת להקצפה 38% 250מ,קריות זול,,שמנת להקצפה 38% 250מ,,250.00,"100 מ""ל",false,,6.47,0.0259,true,1,188793
7290000043890,false,רויון תנובה 1.5% 1לי,קריות זול,,רויון תנובה 1.5% 1לי,,1000.00,"100 מ""ל",false,,11.50,0.0115,true,1,188795
7290000044712,false,פרילי תות 1.5% 500מל,קריות זול,,פרילי תות 1.5% 500מל,,500.00,"100 מ""ל",false,,10.90,0.0218,true,1,188803
7290000044880,false,באדי תות 3% 500מל,קריות זול,,באדי תות 3% 500מל,,500.00,"100 מ""ל",false,,9.30,0.0186,true,1,188805
7290000045573,false,נעמה גבינת מותכת 200,קריות זול,,נעמה גבינת מותכת 200,,200.00,100 גרם,false,,14.90,0.0745,true,1,188807
7290000045580,false,נעמה גבינת מותכת 240,קריות זול,,נעמה גבינת מותכת 240,,240.00,"100 מ""ל",false,,17.70,0.0737,true,1,188808
7290000046006,false,עמק 28% תנובה,,,עמק 28% תנובה,קילוגרמים,1.00,"ק""ג",true,,44.79,44.7900,true,1,188667
7290000046020,false,גלבוע 22% תנובה,קריות זול,,גלבוע 22% תנובה,קילוגרמים,1.00,"ק""ג",true,,42.58,42.5800,true,1,188668
7290000046136,false,גלבוע 22% תנובה,קריות זול,,גלבוע 22% תנובה,קילוגרמים,1.00,"ק""ג",true,,42.58,42.5800,true,1,188671
7290000046327,false,גלבוע גבינה צהובה פר,קריות זול,,גלבוע גבינה צהובה פר,,200.00,100 מ'ל,false,,13.50,0.0675,true,1,188813
7290000046501,false,טל העמק חריץ 32% תנו,קריות זול,,טל העמק חריץ 32% תנו,קילוגרמים,1.00,"ק""ג",true,,58.00,58.0000,true,1,188673
7290000046563,false,פרמזן קולאז 23% תנוב,קריות זול,,פרמזן קולאז 23% תנוב,קילוגרמים,1.00,"ק""ג",true,,110.00,110.0000,true,1,188676
7290000046662,false,עמק דליקטס סקנדינבית,קריות זול,,עמק דליקטס סקנדינבית,קילוגרמים,1.00,"ק""ג",true,,77.00,77.0000,true,1,188679
7290000047027,false,קאשקבל 28% תנובה חלב,קריות זול,,קאשקבל 28% תנובה חלב,קילוגרמים,1.00,"ק""ג",true,,124.00,124.0000,true,1,188681
7290000047034,false,רוקפור 28% תנובה,,,רוקפור 28% תנובה,קילוגרמים,1.00,"ק""ג",true,,126.00,126.0000,true,1,188682
7290000047485,false,בולגרית 24% תנובה,,,בולגרית 24% תנובה,קילוגרמים,1.00,"ק""ג",true,,55.00,55.0000,true,1,188685
7290000047546,false,גבינה לבנה ללא תוספת,קריות זול,,גבינה לבנה ללא תוספת,,500.00,"100 מ""ל",false,,24.90,0.0498,true,1,188817
7290000047621,false,גבינה לבנה 5% מהדרין,קריות זול,,גבינה לבנה 5% מהדרין,,250.00,100 גרם,false,,4.98,0.0199,true,1,188819
7290000047942,false,גבינה לבנה 9% מהדרין,קריות זול,,גבינה לבנה 9% מהדרין,,250.00,"100 מ""ל",false,,4.90,0.0196,true,1,188823
7290000048185,false,גבינה לבנה 250גר 5%,קריות זול,,גבינה לבנה 250גר 5%,,250.00,100 גרם,false,,4.98,0.0199,true,1,188824
7290000048192,false,גבינה לבנה רכה 9% 25,קריות זול,,גבינה לבנה רכה 9% 25,,250.00,"100 מ""ל",false,,4.90,0.0196,true,1,188825
7290000048413,false,גבינת חמד פיראוס 16%,קריות זול,,גבינת חמד פיראוס 16%,,250.00,"100 מ""ל",false,,18.30,0.0732,true,1,188828
7290000048437,false,צפתית 5% 200גר פיראו,קריות זול,,צפתית 5% 200גר פיראו,,200.00,100 גרם,false,,15.20,0.0760,true,1,188829
7290000049458,false,פטה עיזים  פיראוס 16,קריות זול,,פטה עיזים  פיראוס 16,,250.00,"100 מ""ל",false,,28.50,0.1140,true,1,188832
7290000050447,false,יופלה YYY תות 3% 500,,,יופלה YYY תות 3% 500,,500.00,100 גרם,false,,13.40,0.0268,true,1,188845
7290000050454,false,יופלה YYY אפרסק 3% 5,,,יופלה YYY אפרסק 3% 5,,500.00,"100 מ""ל",false,,13.40,0.0268,true,1,188846
7290000051307,false,הפסקת אוכל עוגי +חלב,,,הפסקת אוכל עוגי +חלב,,150.00,"100 מ""ל",false,,9.50,0.0633,true,1,188873
7290000051352,false,חלב של פעם בקרטון 3.,,,חלב של פעם בקרטון 3.,,1000.00,"100 מ""ל",false,,7.60,0.0076,true,1,188874
7290000051376,false,יופלה דיאט אננס ספור,,,יופלה דיאט אננס ספור,,150.00,100 גרם,false,,4.90,0.0327,true,1,188876
7290000051710,false,לאבנה עם שמן זית וזע,,,לאבנה עם שמן זית וזע,,263.00,"100 מ""ל",false,,14.50,0.0551,true,1,188883
7290000052311,false,עמק גבינה צהובה מהדר,,,עמק גבינה צהובה מהדר,,200.00,100 מ'ל,false,,16.50,0.0825,true,1,188902
7290000052649,false,לאבנה 5% 500גר פיראו,,,לאבנה 5% 500גר פיראו,,500.00,"100 מ""ל",false,,19.90,0.0398,true,1,188916
7290000052946,false,יופלה לבן מאגדת שמינ,,,יופלה לבן מאגדת שמינ,,1200.00,100 גרם,false,,20.90,0.0174,true,1,188933
7290000055015,false,פטה כבשים 5% שומן פי,,,פטה כבשים 5% שומן פי,,250.00,"100 מ""ל",false,,27.50,0.1100,true,1,189012
7290000055329,false,יופלה משקה יוגורט תו,,,יופלה משקה יוגורט תו,,250.00,100 גרם,false,,5.50,0.0220,true,1,189024
7290000055336,false,יופלה משקה יוגורט בנ,,,יופלה משקה יוגורט בנ,,250.00,100 גרם,false,,5.50,0.0220,true,1,189025
7290000055343,false,יופלה משקה יוגורט טר,,,יופלה משקה יוגורט טר,,250.00,"100 מ""ל",false,,5.50,0.0220,true,1,189026
7290000055350,false,עמק 28% תנובה,,,עמק 28% תנובה,קילוגרמים,1.00,"ק""ג",true,,44.79,44.7900,true,1,225644
7290000055893,false,חמאה תנובה 200 גר מה,,,חמאה תנובה 200 גר מה,,200.00,"100 מ""ל",false,,7.88,0.0394,true,1,189040
7290000056845,false,חלב בקרטון תנובה 3%,,,חלב בקרטון תנובה 3%,,1500.00,100 גרם,false,,9.35,0.0062,true,1,189071
7290000056906,false,יופלה לבן מאגדת שמינ,,,יופלה לבן מאגדת שמינ,,1200.00,"100 מ""ל",false,,17.90,0.0149,true,1,189075
7290000056951,false,שמנת לבישול 15% פקק,,,שמנת לבישול 15% פקק,,500.00,"100 מ""ל",false,,17.30,0.0346,true,1,189078
7290000057088,false,עמק גבינה צהובה דק ד,,,עמק גבינה צהובה דק ד,,200.00,100 מ'ל,false,,16.50,0.0825,true,1,189084
7290000057118,false,*מבצע* המעדניה של עמ,,,*מבצע* המעדניה של עמ,,400.00,"100 מ""ל",false,,19.90,0.0497,true,1,189086
7290000057132,false,יוגורט טבעי 1.5%תנוב,,,יוגורט טבעי 1.5%תנוב,,200.00,"100 מ""ל",false,,3.20,0.0160,true,1,189087
7290000057149,false,יוגורט טבעי 3% תנובה,,,יוגורט טבעי 3% תנובה,,200.00,"100 מ""ל",false,,3.20,0.0160,true,1,189088
7290000057552,false,יופלה דיאט עוגת גבינ,,,יופלה דיאט עוגת גבינ,,150.00,100 גרם,false,,4.90,0.0327,true,1,189105
7290000058030,false,יופלה שטוזים משקה יו,,,יופלה שטוזים משקה יו,,800.00,"100 מ""ל",false,,20.90,0.0261,true,1,189123
7290000058047,false,שמנת להקצפה מהדרין 3,,,שמנת להקצפה מהדרין 3,,500.00,"100 מ""ל",false,,12.94,0.0259,true,1,189124
7290000060071,false,חטיפי פריכונים מאורז,קריות זול,,חטיפי פריכונים מאורז,,80.00,"100 מ""ל",false,,8.90,0.1113,true,1,176183
7290000060156,false,אטריות ביצים דקות אס,קריות זול,,אטריות ביצים דקות אס,,200.00,100 גרם,false,,6.90,0.0345,true,1,176187
7290000060163,false,אטריות דקות אסם 400ג,קריות זול,,אטריות דקות אסם 400ג,,400.00,"100 מ""ל",false,,6.90,0.0173,true,1,176188
7290000060200,false,פתיתים אפויים קוסקוס,קריות זול,,פתיתים אפויים קוסקוס,,500.00,"100 מ""ל",false,,7.90,0.0158,true,1,176190
7290000060217,false,פסטה מקרוני 7 אסם 50,קריות זול,,פסטה מקרוני 7 אסם 50,,500.00,"100 מ""ל",false,,6.50,0.0130,true,1,176191
7290000060248,false,פסטה תלתלים אסם 500,קריות זול,,פסטה תלתלים אסם 500,,500.00,"100 מ""ל",false,,6.50,0.0130,true,1,176192
7290000060316,false,פסטה פרפקטו ספגטי אס,קריות זול,,פסטה פרפקטו ספגטי אס,,500.00,"100 מ""ל",false,,7.90,0.0158,true,1,176195
7290000060323,false,פסטה פרפקטו ספגטיני,קריות זול,,פסטה פרפקטו ספגטיני,,500.00,"100 מ""ל",false,,7.90,0.0158,true,1,176196
7290000060330,false,פסטה פרפקטו ספיראלי,קריות זול,,פסטה פרפקטו ספיראלי,,500.00,100 גרם,false,,7.90,0.0158,true,1,176197
7290000060385,false,פודינג וניל מארז אסם,,,פודינג וניל מארז אסם,,320.00,"100 מ""ל",false,,19.90,0.0622,true,1,176199
7290000060415,false,לזניה פרפקטו 500גר,קריות זול,,לזניה פרפקטו 500גר,,500.00,"100 מ""ל",false,,15.90,0.0318,true,1,176202
7290000060491,false,פסטה פרפקטו קיפרי רי,קריות זול,,פסטה פרפקטו קיפרי רי,,500.00,100 גרם,false,,7.90,0.0158,true,1,176206
7290000060576,false,פתיתים אפויים כוכב א,קריות זול,,פתיתים אפויים כוכב א,,500.00,"100 מ""ל",false,,7.90,0.0158,true,1,176212
7290000060781,false,פסטה מסולסלים אסם 50,קריות זול,,פסטה מסולסלים אסם 50,,500.00,"100 מ""ל",false,,6.50,0.0130,true,1,176215
7290000060828,false,פסטה קרניים בינוניות,קריות זול,,פסטה קרניים בינוניות,,500.00,"100 מ""ל",false,,6.50,0.0130,true,1,176218
7290000060859,false,פסטה צדפים קטנים אסם,קריות זול,,פסטה צדפים קטנים אסם,,500.00,"100 מ""ל",false,,6.50,0.0130,true,1,176221
7290000060880,false,פסטה ספגטי אסם 500גר,קריות זול,,פסטה ספגטי אסם 500גר,,500.00,"100 מ""ל",false,,6.50,0.0130,true,1,176223
7290000060903,false,פתיתים אפויים אורז א,קריות זול,,פתיתים אפויים אורז א,,500.00,"100 מ""ל",false,,7.90,0.0158,true,1,176224
7290000060958,false,אטריות בינוניות אסם,קריות זול,,אטריות בינוניות אסם,,400.00,"100 מ""ל",false,,6.90,0.0173,true,1,176227
7290000061061,false,קרקר בצל אסם 250גר,קריות זול,,קרקר בצל אסם 250גר,,250.00,"100 מ""ל",false,,11.90,0.0476,true,1,176230
7290000061108,false,רוטב טריאקי אסם 290מ,קריות זול,,רוטב טריאקי אסם 290מ,,290.00,100 גרם,false,,12.50,0.0431,true,1,176233
7290000061245,false,עוגיות שוקוציפס ממול,קריות זול,,עוגיות שוקוציפס ממול,,220.00,100 גרם,false,,12.70,0.0577,true,1,176236
7290000061450,false,פתיתים אפויים קוסקוס,,,פתיתים אפויים קוסקוס,,500.00,"100 מ""ל",false,,7.90,0.0158,true,1,176240
7290000061764,false,רד מאג נסקפה 200גר,קריות זול,,רד מאג נסקפה 200גר,,200.00,"100 מ""ל",false,,24.90,0.1245,true,1,176249
7290000062952,false,מיני קרוטונים למרק ו,,,מיני קרוטונים למרק ו,,250.00,100 גרם,false,,16.90,0.0676,true,1,176266
7290000063102,false,קמח תופח אסם 350גר,קריות זול,,קמח תופח אסם 350גר,,350.00,"100 מ""ל",false,,4.90,0.0140,true,1,176271
7290000063133,false,שקדי מרק בשקית אסם 1,קריות זול,,שקדי מרק בשקית אסם 1,,100.00,100 גרם,false,,5.50,0.0550,true,1,176272
7290000063140,false,שקדי מרק רכיבים טבעי,קריות זול,,שקדי מרק רכיבים טבעי,,400.00,"100 מ""ל",false,,13.90,0.0348,true,1,176273
7290000063157,false,קמח תופח מאליו אסם 1,קריות זול,,קמח תופח מאליו אסם 1,,1000.00,"100 מ""ל",false,,9.90,0.0099,true,1,176274
7290000064758,false,קוסקוס בינוני אסם 35,קריות זול,,קוסקוס בינוני אסם 35,,350.00,"100 מ""ל",false,,7.90,0.0226,true,1,176308
7290000064871,false,מנה חמה אסם פירה תפו,קריות זול,,מנה חמה אסם פירה תפו,,56.00,"100 מ""ל",false,,6.90,0.1232,true,1,176313
7290000065090,false,מיני קורטונים למרק ו,קריות זול,,מיני קורטונים למרק ו,,400.00,"100 מ""ל",false,,26.90,0.0672,true,1,176316
7290000065540,false,מנה חמה אסם פסטה מוק,קריות זול,,מנה חמה אסם פסטה מוק,,55.00,"100 מ""ל",false,,6.90,0.1255,true,1,176320
7290000065557,false,מנה חמה אסם קוסקוס ע,קריות זול,,מנה חמה אסם קוסקוס ע,,84.00,"100 מ""ל",false,,6.90,0.0821,true,1,176321
7290000065977,false,חטיפי פריכונים תירס,,,חטיפי פריכונים תירס,,80.00,"100 מ""ל",false,,8.90,0.1113,true,1,176333
7290000066141,false,ביסלי בטעם גריל אסם,קריות זול,,ביסלי בטעם גריל אסם,,70.00,"100 מ""ל",false,,4.90,0.0700,true,1,176336
7290000066172,false,ביסלי בטעם פיצה אסם,קריות זול,,ביסלי בטעם פיצה אסם,,70.00,"100 מ""ל",false,,4.90,0.0700,true,1,176339
7290000066196,false,ביסלי גדול טעם גריל,קריות זול,,ביסלי גדול טעם גריל,,200.00,100 מ'ל,false,,8.90,0.0445,true,1,176341
7290000066226,false,ביסלי בטעם פיצה אסם,קריות זול,,ביסלי בטעם פיצה אסם,,200.00,"100 מ""ל",false,,8.90,0.0445,true,1,176344
7290000066295,false,במבה תות מחומרים טבע,קריות זול,,במבה תות מחומרים טבע,,30.00,100 גרם,false,,2.90,0.0967,true,1,176346
7290000066301,false,במבה קטן רגיל אסם,קריות זול,,במבה קטן רגיל אסם,,25.00,100 גרם,false,,2.50,0.1000,true,1,176347
7290000066318,false,במבה אסם 80 גרם,קריות זול,,במבה אסם 80 גרם,,80.00,"100 מ""ל",false,,4.90,0.0613,true,1,176348
7290000066332,false,אפרופו אסם 50גר,קריות זול,,אפרופו אסם 50גר,,50.00,"100 מ""ל",false,,5.30,0.1060,true,1,176349
7290000066431,false,פופקו חטיף אסם 80גר,קריות זול,,פופקו חטיף אסם 80גר,,80.00,"100 מ""ל",false,,5.50,0.0688,true,1,176352
7290000067407,false,פירורית מתובל שקית א,קריות זול,,פירורית מתובל שקית א,,200.00,"100 מ""ל",false,,6.50,0.0325,true,1,176369
7290000067599,false,מנה חמה אסם ספגטי רו,קריות זול,,מנה חמה אסם ספגטי רו,,65.00,100 גרם,false,,6.90,0.1062,true,1,176379
7290000067735,false,"ניוקי בצקיות מתפו""א",קריות זול,,"ניוקי בצקיות מתפו""א",,500.00,"100 מ""ל",false,,14.50,0.0290,true,1,176382
7290000068138,false,פודינג וניל אסם 80גר,קריות זול,,פודינג וניל אסם 80גר,,80.00,"100 מ""ל",false,,5.90,0.0738,true,1,176388
7290000068237,false,ג'לי פטל אסם 85 גר,קריות זול,,ג'לי פטל אסם 85 גר,,85.00,100 גרם,false,,6.90,0.0812,true,1,176394
7290000068343,false,פריכונים מאורז מלא א,קריות זול,,פריכונים מאורז מלא א,,140.00,"100 מ""ל",false,,8.90,0.0636,true,1,176404
7290000068770,false,במבה יום הולדת אסם 8,קריות זול,,במבה יום הולדת אסם 8,,80.00,"100 מ""ל",false,,4.90,0.0613,true,1,176411
7290000068787,false,במבה אסם 25גר,קריות זול,,במבה אסם 25גר,,25.00,"100 מ""ל",false,,2.50,0.1000,true,1,176412
7290000069258,false,פסטה פרפקטו פנה ריגא,קריות זול,,פסטה פרפקטו פנה ריגא,,500.00,"100 מ""ל",false,,7.90,0.0158,true,1,176425
7290000069364,false,פריכונים מאורז מלא ל,קריות זול,,פריכונים מאורז מלא ל,,140.00,100 גרם,false,,8.90,0.0636,true,1,176429
7290000070308,false,מרק עוף אמיתי אסם 40,קריות זול,,מרק עוף אמיתי אסם 40,,400.00,"100 מ""ל",false,,17.90,0.0447,true,1,176454
7290000070322,false,מרק פטריות רכיבים טב,קריות זול,,מרק פטריות רכיבים טב,,400.00,"100 מ""ל",false,,27.90,0.0697,true,1,176456
7290000070353,false,מרק בצל רכיבים טבעיי,קריות זול,,מרק בצל רכיבים טבעיי,,400.00,"100 מ""ל",false,,27.90,0.0697,true,1,176457
7290000070919,false,בייגלה רשתות מלח אסם,,,בייגלה רשתות מלח אסם,,400.00,"100 מ""ל",false,,13.90,0.0348,true,1,176469
7290000071008,false,בייגלה שטוחים מלח אס,,,בייגלה שטוחים מלח אס,,60.00,100 גרם,false,,3.50,0.0583,true,1,176470
7290000072067,false,במבה במילוי קרם חלבה,,,במבה במילוי קרם חלבה,,60.00,"100 מ""ל",false,,4.90,0.0817,true,1,176482
7290000072227,false,רוטב סויה סיני אסם 2,קריות זול,,רוטב סויה סיני אסם 2,,290.00,100 גרם,false,,12.90,0.0445,true,1,176485
7290000072241,false,רוטב פיצה-בקבוק 290מ,קריות זול,,רוטב פיצה-בקבוק 290מ,,290.00,100 גרם,false,,12.50,0.0431,true,1,176486
7290000072753,false,טסטרס צויס 200 גרם,,,טסטרס צויס 200 גרם,,200.00,100 מ'ל,false,,29.90,0.1495,true,1,176495
7290000072777,false,טסטרס צויס נטול קפאי,קריות זול,,טסטרס צויס נטול קפאי,,200.00,100 מ'ל,false,,39.90,0.1995,true,1,176497
7290000072968,false,דגני סיני מיניס נסטל,קריות זול,,דגני סיני מיניס נסטל,,500.00,"100 מ""ל",false,,26.90,0.0538,true,1,176505
7290000073125,false,מנה חמה אסם פסטה עם,קריות זול,,מנה חמה אסם פסטה עם,,62.00,100 גרם,false,,6.90,0.1113,true,1,176508
7290000073415,false,מנה חמה אסם פסטה ברו,קריות זול,,מנה חמה אסם פסטה ברו,,61.00,"100 מ""ל",false,,6.90,0.1131,true,1,176514
7290000073750,false,מנה חמה אסם נודלס טע,קריות זול,,מנה חמה אסם נודלס טע,,70.00,100 גרם,false,,6.90,0.0986,true,1,176517
7290000073767,false,מנה חמה אסם נודלס טע,קריות זול,,מנה חמה אסם נודלס טע,,70.00,"100 מ""ל",false,,6.90,0.0986,true,1,176518
7290000073774,false,מנה חמה אסם נודלס טע,קריות זול,,מנה חמה אסם נודלס טע,,70.00,"100 מ""ל",false,,6.90,0.0986,true,1,176519
7290000074153,false,פתי בר שוקו אסם 500ג,קריות זול,,פתי בר שוקו אסם 500ג,,500.00,"100 מ""ל",false,,14.90,0.0298,true,1,176526
7290000074184,false,פתי בר וניל אסם 500ג,קריות זול,,פתי בר וניל אסם 500ג,,500.00,"100 מ""ל",false,,11.90,0.0238,true,1,176528
7290000074245,false,קרם קרקר אסם 250גר,קריות זול,,קרם קרקר אסם 250גר,,250.00,"100 מ""ל",false,,8.90,0.0356,true,1,176529
7290000074252,false,קרקר שומשום אסם 250ג,קריות זול,,קרקר שומשום אסם 250ג,,250.00,100 גרם,false,,9.90,0.0396,true,1,176530
7290000074276,false,קרקר פיקנטי טבעון אס,קריות זול,,קרקר פיקנטי טבעון אס,,250.00,"100 מ""ל",false,,11.90,0.0476,true,1,176531
7290000074375,false,קרקר זהב אסם 150 גרם,קריות זול,,קרקר זהב אסם 150 גרם,,150.00,100 גרם,false,,7.90,0.0527,true,1,176536
7290000074481,false,לחמית אגוזים אסם 160,,,לחמית אגוזים אסם 160,,160.00,100 גרם,false,,11.50,0.0719,true,1,176538
7290000074696,false,קרם קרקר אסם 1קג,קריות זול,,קרם קרקר אסם 1קג,,1000.00,"100 מ""ל",false,,29.90,0.0299,true,1,176541
7290000075204,false,לחמית חיטה מלאה אסם,קריות זול,,לחמית חיטה מלאה אסם,,250.00,"100 מ""ל",false,,9.90,0.0396,true,1,176555
7290000075693,false,עוגת הבית שמרים בריו,,,עוגת הבית שמרים בריו,,360.00,"100 מ""ל",false,,18.50,0.0514,true,1,176562
7290000076126,false,בייגלה שמיניות קטנות,קריות זול,,בייגלה שמיניות קטנות,,80.00,"100 מ""ל",false,,3.50,0.0438,true,1,176563
7290000076133,false,בייגלה שמיניות קטנות,קריות זול,,בייגלה שמיניות קטנות,,400.00,100 גרם,false,,11.90,0.0298,true,1,176564
7290000077017,false,קרמוגית במילוי שוקול,קריות זול,,קרמוגית במילוי שוקול,,200.00,"100 מ""ל",false,,12.70,0.0635,true,1,176587
7290000077253,false,לחמית כפרית עם דגנים,,,לחמית כפרית עם דגנים,,190.00,"100 מ""ל",false,,11.50,0.0605,true,1,176593
7290000078212,false,קרוטונים מתובלים אסם,קריות זול,,קרוטונים מתובלים אסם,,250.00,"100 מ""ל",false,,16.90,0.0676,true,1,176603
7290000078762,false,חטיפי פריכונים מאורז,קריות זול,,חטיפי פריכונים מאורז,,80.00,"100 מ""ל",false,,8.90,0.1113,true,1,176610
7290000079233,false,קרם דל נתרן אסם 250ג,קריות זול,,קרם דל נתרן אסם 250ג,,250.00,"100 מ""ל",false,,11.90,0.0476,true,1,176614
7290000080406,false,אסאדו עע,,,אסאדו עע,קילוגרמים,1.00,"ק""ג",true,,69.90,69.9000,true,1,198666
7290000080420,false,צלי כתף עגל,,,צלי כתף עגל,קילוגרמים,1.00,"ק""ג",true,,89.90,89.9000,true,1,198667
7290000080765,false,טוסטעים פת קלוי עם ש,קריות זול,,טוסטעים פת קלוי עם ש,,100.00,"100 מ""ל",false,,10.90,0.1090,true,1,176633
7290000080840,false,שיפודי פרגיות/קוביות,,,שיפודי פרגיות/קוביות,קילוגרמים,1.00,"ק""ג",true,,69.90,69.9000,true,1,232215
7290000081663,false,בייגלה טבעות שומשום,קריות זול,,בייגלה טבעות שומשום,,300.00,100 גרם,false,,11.90,0.0397,true,1,176636
7290000100128,false,תות שדה מוקפא 300גר,,,תות שדה מוקפא 300גר,,300.00,"100 מ""ל",false,,15.90,0.0530,true,1,225535
7290000100135,false,דובדבן מתוק קפוא 300,,,דובדבן מתוק קפוא 300,,300.00,100 גרם,false,,15.90,0.0530,true,1,225536
7290000100593,false,פרוסות אנטיפסטי לתנו,,,פרוסות אנטיפסטי לתנו,,600.00,"100 מ""ל",false,,22.90,0.0382,true,1,225549
7290000100609,false,קוביות אנטי פסטי להק,,,קוביות אנטי פסטי להק,,600.00,100 גרם,false,,22.90,0.0382,true,1,225550
7290000101132,false,לקט קטניות לחמין סנפ,,,לקט קטניות לחמין סנפ,,800.00,"100 מ""ל",false,,21.90,0.0274,true,1,188251
7290000101927,false,אוכמניות כחולות מוקפ,,,אוכמניות כחולות מוקפ,,300.00,"100 מ""ל",false,,15.90,0.0530,true,1,225553
7290000101934,false,תערובת פירות יער מוק,,,תערובת פירות יער מוק,,300.00,"100 מ""ל",false,,15.90,0.0530,true,1,225554
7290000101941,false,אננס חתוך מוקפא 300ג,,,אננס חתוך מוקפא 300ג,,300.00,"100 מ""ל",false,,15.90,0.0530,true,1,225555
7290000101958,false,מנגו חתוך מוקפא 300ג,,,מנגו חתוך מוקפא 300ג,,300.00,"100 מ""ל",false,,15.90,0.0530,true,1,225556
7290000103365,false,מרק ירקות קפוא סנפרו,,,מרק ירקות קפוא סנפרו,,550.00,"100 מ""ל",false,,17.90,0.0325,true,1,188256
7290000103433,false,לקט ירקות לתנור סנפר,,,לקט ירקות לתנור סנפר,,800.00,"100 מ""ל",false,,23.90,0.0299,true,1,188258
7290000103488,false,ארטישוק ירושלמי סנפר,,,ארטישוק ירושלמי סנפר,,400.00,100 גרם,false,,23.90,0.0597,true,1,218337
7290000103815,false,לקט להקפצה תאילנדי ס,,,לקט להקפצה תאילנדי ס,,800.00,"100 מ""ל",false,,23.90,0.0299,true,1,188279
7290000103822,false,לקט לעוף סנפרוסט 800,,,לקט לעוף סנפרוסט 800,,800.00,100 גרם,false,,23.90,0.0299,true,1,188280
7290000103839,false,מרק כתום קפוא סנפרוס,,,מרק כתום קפוא סנפרוס,,570.00,100 גרם,false,,17.90,0.0314,true,1,188281
7290000103846,false,מרק אפונה קפוא סנפרו,,,מרק אפונה קפוא סנפרו,,570.00,"100 מ""ל",false,,17.90,0.0314,true,1,188282
7290000103860,false,מרק עדשים קפוא סנפרו,,,מרק עדשים קפוא סנפרו,,570.00,"100 מ""ל",false,,17.90,0.0314,true,1,188284
7290000103877,false,מרק שעועית קפוא סנפר,,,מרק שעועית קפוא סנפר,,640.00,"100 מ""ל",false,,17.90,0.0280,true,1,188285
7290000104072,false,עדשים ירוקות מבושלות,,,עדשים ירוקות מבושלות,,800.00,100 גרם,false,,21.90,0.0274,true,1,188292
7290000104188,false,שעועית אדומה מבושלת,,,שעועית אדומה מבושלת,,800.00,100 גרם,false,,19.90,0.0249,true,1,188294
7290000104201,false,אפונה עדינה סנפרוסט,קריות זול,,אפונה עדינה סנפרוסט,,600.00,100 גרם,false,,19.90,0.0332,true,1,188295
7290000104218,false,במיה סנפרוסט 600גר,קריות זול,,במיה סנפרוסט 600גר,,600.00,"100 מ""ל",false,,16.90,0.0282,true,1,188296
7290000104287,false,לקט לפשטידה סנפרוסט,קריות זול,,לקט לפשטידה סנפרוסט,,800.00,"100 מ""ל",false,,23.90,0.0299,true,1,188298
7290000104676,false,אפונה גינה סנפרוסט 8,קריות זול,,אפונה גינה סנפרוסט 8,,800.00,"100 מ""ל",false,,16.90,0.0211,true,1,188299
7290000104683,false,שעועית שלמה ירוקה סנ,קריות זול,,שעועית שלמה ירוקה סנ,,800.00,100 גרם,false,,19.90,0.0249,true,1,188300
7290000104690,false,גרעיני תירס סנפרוסט,קריות זול,,גרעיני תירס סנפרוסט,,800.00,"100 מ""ל",false,,17.90,0.0224,true,1,188301
7290000104706,false,גזר גמדי סנפרוסט 800,קריות זול,,גזר גמדי סנפרוסט 800,,800.00,"100 מ""ל",false,,17.90,0.0224,true,1,188302
7290000104713,false,פול ירוק סנפרוסט 800,קריות זול,,פול ירוק סנפרוסט 800,,800.00,100 גרם,false,,26.90,0.0336,true,1,188303
7290000104720,false,שעועית ירוקה חתוכה ס,קריות זול,,שעועית ירוקה חתוכה ס,,800.00,100 גרם,false,,18.90,0.0236,true,1,188304
7290000104737,false,שעועית צהובה חתוכה ס,קריות זול,,שעועית צהובה חתוכה ס,,800.00,100 גרם,false,,18.90,0.0236,true,1,188305
7290000104744,false,כרובית סנפרוסט 800גר,קריות זול,,כרובית סנפרוסט 800גר,,800.00,100 גרם,false,,25.90,0.0324,true,1,188306
7290000104751,false,כרוב ניצנים סנפרוסט,קריות זול,,כרוב ניצנים סנפרוסט,,800.00,"100 מ""ל",false,,25.90,0.0324,true,1,188307
7290000104768,false,תרד עלים סנפרוסט 800,קריות זול,,תרד עלים סנפרוסט 800,,800.00,100 גרם,false,,26.90,0.0336,true,1,188308
7290000104775,false,תרד מדליונים סנפרוסט,קריות זול,,תרד מדליונים סנפרוסט,,800.00,"100 מ""ל",false,,26.90,0.0336,true,1,188309
7290000104799,false,שעועית לבנה מבושלת ס,קריות זול,,שעועית לבנה מבושלת ס,,800.00,100 גרם,false,,19.90,0.0249,true,1,188310
7290000104805,false,גרגירי חומוס קפוא סנ,קריות זול,,גרגירי חומוס קפוא סנ,,800.00,"100 מ""ל",false,,19.90,0.0249,true,1,188311
7290000104829,false,קלחוני תירס סנפרוסט,קריות זול,,קלחוני תירס סנפרוסט,,1000.00,100 גרם,false,,21.90,0.0219,true,1,188312
7290000104874,false,לקט לקוסקוס סנפרוסט,קריות זול,,לקט לקוסקוס סנפרוסט,,800.00,100 גרם,false,,23.90,0.0299,true,1,188316
7290000104881,false,אפונה וגזר סנפרוסט 8,קריות זול,,אפונה וגזר סנפרוסט 8,,800.00,100 גרם,false,,17.90,0.0224,true,1,188317
7290000104904,false,לקט ירקות מעורבים סנ,קריות זול,,לקט ירקות מעורבים סנ,,800.00,100 גרם,false,,23.90,0.0299,true,1,188319
7290000104911,false,לקט נורמנדי סנפרוסט,קריות זול,,לקט נורמנדי סנפרוסט,,800.00,"100 מ""ל",false,,23.90,0.0299,true,1,188320
7290000107165,false,פולי סויה קפוא סנפרו,קריות זול,,פולי סויה קפוא סנפרו,,400.00,100 גרם,false,,14.90,0.0373,true,1,188329
7290000107189,false,תחתיות ארטישוק 400גר,קריות זול,,תחתיות ארטישוק 400גר,,400.00,"100 מ""ל",false,,23.90,0.0597,true,1,188330
7290000107295,false,תפרחות ברוקולי סנפרו,קריות זול,,תפרחות ברוקולי סנפרו,,800.00,"100 מ""ל",false,,25.90,0.0324,true,1,188335
7290000110844,false,כיפלי גריל תלמה 70גר,קריות זול,,כיפלי גריל תלמה 70גר,,70.00,100 גרם,false,,5.70,0.0814,true,1,182064
7290000110851,false,כיפלי בצל תלמה 70גר,קריות זול,,כיפלי בצל תלמה 70גר,,70.00,"100 מ""ל",false,,5.70,0.0814,true,1,182065
7290000111063,false,מיונז תלמה 250 גר,קריות זול,,מיונז תלמה 250 גר,,250.00,"100 מ""ל",false,,6.90,0.0276,true,1,182066
7290000111117,false,בדין לבן מרכך כביסה,קריות זול,,בדין לבן מרכך כביסה,ליטרים,4.00,ליטר,false,,19.90,4.9750,true,1,182067
7290000111186,false,מיונז תלמה 500גר,קריות זול,,מיונז תלמה 500גר,,500.00,"100 מ""ל",false,,9.90,0.0198,true,1,182069
7290000111353,false,"מיונז תלמה 1ק""ג",קריות זול,,"מיונז תלמה 1ק""ג",,1000.00,"100 מ""ל",false,,16.90,0.0169,true,1,182071
7290000111384,false,חרדל צנצנת תלמה 550ג,קריות זול,,חרדל צנצנת תלמה 550ג,,550.00,"100 מ""ל",false,,10.90,0.0198,true,1,182074
7290000112220,false,טחינה 100% שומשום בא,קריות זול,,טחינה 100% שומשום בא,,500.00,"100 מ""ל",false,,15.90,0.0318,true,1,176641
7290000112497,false,מרק עשיר עוף ואיטריו,קריות זול,,מרק עשיר עוף ואיטריו,,68.00,"100 מ""ל",false,,10.90,0.1603,true,1,182086
7290000112619,false,מרק עוף אמיתי קנור 4,קריות זול,,מרק עוף אמיתי קנור 4,,400.00,100 גרם,false,,19.90,0.0497,true,1,182091
7290000114187,false,סיף פנטסטיק אורנים ת,קריות זול,,סיף פנטסטיק אורנים ת,,4000.00,100 גרם,false,,22.90,0.0057,true,1,182115
7290000116204,false,מרק דגש קנור 1 קג,קריות זול,,מרק דגש קנור 1 קג,,1000.00,"100 מ""ל",false,,17.90,0.0179,true,1,182134
7290000116921,false,רוטב צילי מתוק קנור,קריות זול,,רוטב צילי מתוק קנור,,340.00,100 גרם,false,,14.90,0.0438,true,1,182137
7290000116945,false,רוטב סויה קנור 300מל,קריות זול,,רוטב סויה קנור 300מל,,300.00,100 גרם,false,,14.90,0.0497,true,1,182138
7290000117171,false,נמס בכוס קנור 10*10,קריות זול,,נמס בכוס קנור 10*10,,46.00,100 גרם,false,,7.80,0.1696,true,1,182141
7290000120836,false,מיונז הלמנס 394 גר,קריות זול,,מיונז הלמנס 394 גר,,394.00,"100 מ""ל",false,,13.90,0.0353,true,1,182168
7290000120874,false,מיונז הלמנס לייט 424,קריות זול,,מיונז הלמנס לייט 424,,424.00,"100 מ""ל",false,,13.90,0.0328,true,1,182169
7290000123363,false,צמקאו לאכילה ציפוי ו,קריות זול,,צמקאו לאכילה ציפוי ו,,500.00,"100 מ""ל",false,,16.90,0.0338,true,1,182205
7290000129457,false,רוטב פטריות קנור 28ג,קריות זול,,רוטב פטריות קנור 28ג,,28.00,100 גרם,false,,5.90,0.2107,true,1,182269
7290000131009,false,בצק פילו שחף 500גר,,,בצק פילו שחף 500גר,,500.00,"100 מ""ל",false,,15.90,0.0318,true,1,203286
7290000131122,false,בצק עלים שחף 1.5קג,,,בצק עלים שחף 1.5קג,,1500.00,"100 מ""ל",false,,19.90,0.0133,true,1,203288
7290000133645,false,אורביטול משחת שיניים,קריות זול,,אורביטול משחת שיניים,,435.00,100 גרם,false,,18.90,0.0434,true,1,180020
7290000134147,false,מוסקט טחון 40גר,,,מוסקט טחון 40גר,,40.00,100 גרם,false,,14.90,0.3725,true,1,198484
7290000134307,false,קינמון טחון 50גר,קריות זול,,קינמון טחון 50גר,,50.00,"100 מ""ל",false,,5.90,0.1180,true,1,198485
7290000134352,false,קימנון טחון 80 גר,,,קימנון טחון 80 גר,,80.00,100 גרם,false,,9.90,0.1238,true,1,198489
7290000134376,false,פפריקה בשמן 100גר,,,פפריקה בשמן 100גר,,100.00,"100 מ""ל",false,,9.90,0.0990,true,1,198490
7290000134550,false,עלי דפנה 20גר,קריות זול,,עלי דפנה 20גר,,20.00,"100 מ""ל",false,,4.90,0.2450,true,1,198495
7290000134673,false,זנגביל 30גר,,,זנגביל 30גר,,30.00,100 גרם,false,,6.90,0.2300,true,1,198497
7290000134840,false,כורכום במיכל 100גר,,,כורכום במיכל 100גר,,100.00,"100 מ""ל",false,,9.90,0.0990,true,1,198505
7290000134857,false,פפריקה מתוקה במיכל 1,,,פפריקה מתוקה במיכל 1,,100.00,"100 מ""ל",false,,9.90,0.0990,true,1,198506
7290000134871,false,פלפל שחור טחון 100גר,,,פלפל שחור טחון 100גר,,100.00,100 גרם,false,,14.90,0.1490,true,1,198508
7290000134987,false,פלפל שחור גרוס 90גר,,,פלפל שחור גרוס 90גר,,90.00,"100 מ""ל",false,,14.90,0.1656,true,1,198512
7290000134994,false,טימין 20גר,,,טימין 20גר,,20.00,100 גרם,false,,6.90,0.3450,true,1,198513
7290000135595,false,פפסי מקס בטעם דובדבן,,,פפסי מקס בטעם דובדבן,,1500.00,100 גרם,false,,7.90,0.0053,true,1,249510
7290000136141,false,פפסי 1.5 ליטר,,,פפסי 1.5 ליטר,,1500.00,"100 מ""ל",false,,7.90,0.0053,true,1,247427
7290000136158,false,פפסי מקס 1.5 ליטר,,,פפסי מקס 1.5 ליטר,,1500.00,"100 מ""ל",false,,7.90,0.0053,true,1,247431
7290000136165,false,טמפו מירינדה 1.5 ליט,,,טמפו מירינדה 1.5 ליט,,1500.00,100 גרם,false,,7.90,0.0053,true,1,247428
7290000136172,false,סבן אפ 1.5 ליטר,,,סבן אפ 1.5 ליטר,,1500.00,"100 מ""ל",false,,7.90,0.0053,true,1,247429
7290000136240,false,סודה טמפו 1.5ליטר,,,סודה טמפו 1.5ליטר,,1500.00,"100 מ""ל",false,,3.90,0.0026,true,1,247426
7290000136264,false,מי טוניק טמפו 1.5ליט,,,מי טוניק טמפו 1.5ליט,,1500.00,"100 מ""ל",false,,13.00,0.0087,true,1,247415
7290000136288,false,סירופ בטעם תפוחים ג',,,סירופ בטעם תפוחים ג',,330.00,"100 מ""ל",false,,17.90,0.0542,true,1,250260
7290000136325,false,סודה נגיעות אפרסק 1.,,,סודה נגיעות אפרסק 1.,,1500.00,"100 מ""ל",false,,5.00,0.0033,true,1,247436
7290000136455,false,גאמפ אשכוליות 1.5ליט,,,גאמפ אשכוליות 1.5ליט,,1500.00,"100 מ""ל",false,,8.90,0.0059,true,1,247418
7290000136516,false,גאמפ מנגו פסיפלורה 1,,,גאמפ מנגו פסיפלורה 1,,1500.00,"100 מ""ל",false,,8.90,0.0059,true,1,247419
7290000136523,false,גאמפ ענבים 1.5ליטר ת,,,גאמפ ענבים 1.5ליטר ת,,1500.00,"100 מ""ל",false,,8.90,0.0059,true,1,247421
7290000136561,false,גאמפ תות בננה 1.5 לי,,,גאמפ תות בננה 1.5 לי,,1500.00,100 גרם,false,,8.90,0.0059,true,1,247422
7290000136585,false,גאמפ תפוזים 1.5 ליטר,,,גאמפ תפוזים 1.5 ליטר,,1500.00,"100 מ""ל",false,,8.90,0.0059,true,1,247420
7290000136646,false,נשר מאלט 1.5ליטר תרי,,,נשר מאלט 1.5ליטר תרי,,1500.00,100 גרם,false,,10.90,0.0073,true,1,247414
7290000136653,false,נשר מאלט דיאט 1.5ליט,,,נשר מאלט דיאט 1.5ליט,,1500.00,100 גרם,false,,10.90,0.0073,true,1,247416
7290000136677,false,פפסי 1.5 ליטר,,,פפסי 1.5 ליטר,,1500.00,"100 מ""ל",false,,7.90,0.0053,true,1,248017
7290000136684,false,פפסי מקס 1.5 ליטר,,,פפסי מקס 1.5 ליטר,,1500.00,"100 מ""ל",false,,7.90,0.0053,true,1,247839
7290000136691,false,סבן אפ 6*1.5ליטר,,,סבן אפ 6*1.5ליטר,,9000.00,100 גרם,false,,37.90,0.0042,true,1,247408
7290000136752,false,דיאט סבן אפ פרי 6*1.,,,דיאט סבן אפ פרי 6*1.,,9000.00,100 גרם,false,,37.90,0.0042,true,1,247409
7290000136776,false,פפסי מקס 6*1.5ליטר,,,פפסי מקס 6*1.5ליטר,,9000.00,"100 מ""ל",false,,37.90,0.0042,true,1,247411
7290000136790,false,סודה טמפו 6* 1.5 ליט,,,סודה טמפו 6* 1.5 ליט,,9000.00,"100 מ""ל",false,,18.90,0.0021,true,1,247402
7290000136844,false,מי אקווה נובה 2 ליטר,,,מי אקווה נובה 2 ליטר,,12000.00,"100 מ""ל",false,,12.90,0.0011,true,1,247400
7290000136851,false,סבן אפ 1.5 ליטר,,,סבן אפ 1.5 ליטר,,1500.00,"100 מ""ל",false,,7.90,0.0053,true,1,248717
7290000136868,false,מים סאן בנדטו 6* 1.5,,,מים סאן בנדטו 6* 1.5,,9000.00,"100 מ""ל",false,,21.90,0.0024,true,1,247401
7290000136875,false,מים סאן בנדטו מוגז 6,,,מים סאן בנדטו מוגז 6,,9000.00,"100 מ""ל",false,,22.90,0.0025,true,1,247403
7290000136929,false,סודה נגיעות אפרסק 1.,,,סודה נגיעות אפרסק 1.,,1500.00,"100 מ""ל",false,,5.00,0.0033,true,1,248018
7290000136936,false,סבן אפ 1.5 ליטר דיאט,,,סבן אפ 1.5 ליטר דיאט,,1500.00,100 גרם,false,,7.90,0.0053,true,1,248325
7290000137513,false,קרמיסימו גלידונית שו,קריות זול,,קרמיסימו גלידונית שו,,630.00,100 גרם,false,,46.90,0.0744,true,1,187568
7290000144160,false,שמן זית כתית מעולה א,,,שמן זית כתית מעולה א,,750.00,100 גרם,false,,34.90,0.0465,true,1,198755
7290000144467,false,שמן חמניות בריאות מה,קריות זול,,שמן חמניות בריאות מה,,1000.00,100 גרם,false,,17.90,0.0179,true,1,198759
7290000144474,false,שמן קנולה בריאות מהט,קריות זול,,שמן קנולה בריאות מהט,,1000.00,100 גרם,false,,16.90,0.0169,true,1,198760
7290000146652,false,הוואי סבון מוצק ורוד,קריות זול,,הוואי סבון מוצק ורוד,,400.00,"100 מ""ל",false,,11.90,0.0298,true,1,190404
7290000146928,false,טום וגרי משחת שיניים,קריות זול,,טום וגרי משחת שיניים,,50.00,"100 מ""ל",false,,10.90,0.2180,true,1,190416
7290000146997,false,טום וגרי משחת שיניים,,,טום וגרי משחת שיניים,,50.00,100 גרם,false,,10.90,0.2180,true,1,190418
7290000149615,false,נקה 7 סבון מוצק לתינ,,,נקה 7 סבון מוצק לתינ,,400.00,100 גרם,false,,11.90,0.0298,true,1,180033
7290000152288,false,נקניקיות עוף עוף טוב,,,נקניקיות עוף עוף טוב,,400.00,100 גרם,false,,14.90,0.0373,true,1,176666
7290000152943,false,סלמי+פסטרמה עוף טוב,,,סלמי+פסטרמה עוף טוב,,700.00,100 גרם,false,,29.90,0.0427,true,1,176669
7290000158105,false,שניצל מיני דינוזאור,,,שניצל מיני דינוזאור,,700.00,"100 מ""ל",false,,37.90,0.0541,true,1,176703
7290000159010,false,שניצל מיני דובונים ע,,,שניצל מיני דובונים ע,,700.00,"100 מ""ל",false,,37.90,0.0541,true,1,176708
7290000168173,false,ברנפלקס קראנצים 375,,,ברנפלקס קראנצים 375,,375.00,"100 מ""ל",false,,22.90,0.0611,true,1,182483
7290000169798,false,עוגי מופחת סוכר 500ג,,,עוגי מופחת סוכר 500ג,,500.00,100 מ'ל,false,,21.90,0.0438,true,1,182530
7290000174723,false,שוקולית עלית 500גר,קריות זול,,שוקולית עלית 500גר,,500.00,100 גרם,false,,11.90,0.0238,true,1,208450
7290000176062,false,קפה טורקי עלית 100גר,קריות זול,,קפה טורקי עלית 100גר,,100.00,"100 מ""ל",false,,7.90,0.0790,true,1,208457
7290000176116,false,קפה טורקי עלית 1קג,קריות זול,,קפה טורקי עלית 1קג,,1000.00,100 גרם,false,,69.90,0.0699,true,1,208461
7290000176413,false,קפה נמס עלית 50גר,קריות זול,,קפה נמס עלית 50גר,,50.00,"100 מ""ל",false,,8.90,0.1780,true,1,208464
7290000176420,false,קפה נמס עלית 200גר,קריות זול,,קפה נמס עלית 200גר,,200.00,"100 מ""ל",false,,19.90,0.0995,true,1,208465
7290000176475,false,האג קפה נטול קפאין 2,קריות זול,,האג קפה נטול קפאין 2,,200.00,"100 מ""ל",false,,35.90,0.1795,true,1,208467
7290000178707,false,תפוציפס טבעי 50גר,קריות זול,,תפוציפס טבעי 50גר,,50.00,"100 מ""ל",false,,3.90,0.0780,true,1,184111
7290000178721,false,תפוציפס טבעי 200גר,,,תפוציפס טבעי 200גר,,200.00,"100 מ""ל",false,,10.90,0.0545,true,1,184113
7290000185590,false,סילאן טבעי בבקבוק לח,,,סילאן טבעי בבקבוק לח,,650.00,"100 מ""ל",false,,19.90,0.0306,true,1,250232
7290000186535,false,לילי טריו לבן נייר ט,,,לילי טריו לבן נייר ט,יחידה,0.00,יחידה,false,,49.90,0.0000,true,1,181409
7290000186931,false,כריות קרצוף חתוכות א,,,כריות קרצוף חתוכות א,יחידה,0.00,יחידה,false,,10.90,0.0000,true,1,181413
7290000187860,false,לילי מגבוני נייר טוא,קריות זול,,לילי מגבוני נייר טוא,יחידה,0.00,יחידה,false,,8.90,0.0000,true,1,181419
7290000187952,false,לילי טריו נייר טאולט,,,לילי טריו נייר טאולט,יחידה,0.00,יחידה,false,,49.90,0.0000,true,1,181426
7290000188553,false,קוטקס נורמל מגני תחת,,,קוטקס נורמל מגני תחת,,60.00,100 מ'ל,false,,18.90,0.3150,true,1,181438
7290000188591,false,קוטקס יאנג מגני תחתו,,,קוטקס יאנג מגני תחתו,,60.00,יח',false,,18.90,0.3150,true,1,181440
7290000189192,false,סופר מגבת רב פעמית נ,,,סופר מגבת רב פעמית נ,,11.00,100 מ'ל,false,,22.90,2.0818,true,1,181449
7290000189277,false,תבנית מלבנית גדולה ח,,,תבנית מלבנית גדולה ח,יחידה,0.00,יחידה,false,,11.90,0.0000,true,1,181456
7290000189499,false,תבנית אפייה מקרטון ע,,,תבנית אפייה מקרטון ע,יחידה,0.00,יחידה,false,,11.90,0.0000,true,1,195592
7290000189550,false,אשפתון זוג ענק 20 מת,קריות זול,,אשפתון זוג ענק 20 מת,,20.00,100 ליטר,false,,25.90,1.2950,true,1,181462
7290000189659,false,מטליות לחות לרצפה ני,,,מטליות לחות לרצפה ני,יחידה,0.00,יחידה,false,,10.90,0.0000,true,1,181466
7290000189871,false,אשפתון 60 שקיות מתכל,,,אשפתון 60 שקיות מתכל,,60.00,יח',false,,25.90,0.4317,true,1,181473
7290000190198,false,מטליות לחות לניקוי ש,,,מטליות לחות לניקוי ש,יחידה,0.00,יחידה,false,,10.90,0.0000,true,1,181483
7290000190853,false,לילי לבן נייר טואלט,,,לילי לבן נייר טואלט,יחידה,0.00,יחידה,false,,38.90,0.0000,true,1,181497
7290000191539,false,לילי צבעוני חמישיה 5,קריות זול,,לילי צבעוני חמישיה 5,,593.00,100 גרם,false,,17.50,0.0295,true,1,181504
7290000192581,false,מגבות נייר ניקול שיש,,,מגבות נייר ניקול שיש,יחידה,0.00,יחידה,false,,21.90,0.0000,true,1,224156
7290000193014,false,לילי אינטרלוד מגני ת,קריות זול,,לילי אינטרלוד מגני ת,,50.00,יח',false,,10.90,0.2180,true,1,181517
7290000193083,false,נובה לי לילי תחבושות,,,נובה לי לילי תחבושות,,28.00,יח',false,,10.90,0.3893,true,1,181520
7290000193205,false,לילי תחבושות נטורל ל,קריות זול,,לילי תחבושות נטורל ל,,20.00,יח',false,,14.90,0.7450,true,1,181521
7290000193472,false,לילי מגני תחתון נטור,קריות זול,,לילי מגני תחתון נטור,,60.00,יח',false,,14.90,0.2483,true,1,181523
7290000193540,false,לילי מגני תחתון נטור,קריות זול,,לילי מגני תחתון נטור,,52.00,100 מ'ל,false,,14.90,0.2865,true,1,181524
7290000193649,false,לילי תחבושות נורמל א,קריות זול,,לילי תחבושות נורמל א,יחידה,0.00,יחידה,false,,14.90,0.0000,true,1,181527
7290000193656,false,לילי תחבושות נטורל א,קריות זול,,לילי תחבושות נטורל א,יחידה,0.00,יחידה,false,,14.90,0.0000,true,1,181528
7290000193793,false,לילי תחבושות אולטרה,קריות זול,,לילי תחבושות אולטרה,יחידה,0.00,יחידה,false,,14.90,0.0000,true,1,181533
7290000194172,false,חטיפי ממתקים ללא סוכ,,,חטיפי ממתקים ללא סוכ,יחידה,0.00,יחידה,false,,13.50,0.0000,true,1,173967
7290000194837,false,ניקול שקיות מזון XL,,,ניקול שקיות מזון XL,יחידה,0.00,יחידה,false,,11.90,0.0000,true,1,220622
7290000195216,false,נייר אפיה 50יח ניקול,,,נייר אפיה 50יח ניקול,,50.00,"100 מ""ל",false,,11.90,0.2380,true,1,181544
7290000195773,false,מגבוני האגיס סנסטיב,,,מגבוני האגיס סנסטיב,יחידה,0.00,יחידה,false,,24.90,0.0000,true,1,181562
7290000196763,false,השקית החזקה ניקול,,,השקית החזקה ניקול,יחידה,0.00,יחידה,false,,25.90,0.0000,true,1,214521
7290000197012,false,ניקול שקיות ניילון ר,קריות זול,,ניקול שקיות ניילון ר,יחידה,0.00,יחידה,false,,12.90,0.0000,true,1,181574
7290000197029,false,ניקול שקיות ניילון ר,קריות זול,,ניקול שקיות ניילון ר,יחידה,0.00,יחידה,false,,12.90,0.0000,true,1,181576
7290000197081,false,ניילון נצמד 150 מטר,,,ניילון נצמד 150 מטר,יחידה,150.00,יחידה,false,,26.90,0.1793,true,1,181577
7290000197326,false,ניקול רדיד אלומיניום,קריות זול,,ניקול רדיד אלומיניום,,15.00,100 גרם,false,,11.90,0.7933,true,1,181585
7290000197340,false,ניקול רדיד אלומיניום,קריות זול,,ניקול רדיד אלומיניום,,15.00,100 גרם,false,,16.90,1.1267,true,1,181586
7290000197432,false,ניקול שקיות אוכל זוג,קריות זול,,ניקול שקיות אוכל זוג,,150.00,"100 מ""ל",false,,12.90,0.0860,true,1,181591
7290000197470,false,"שקיות רב""ש להקפאה",קריות זול,,"שקיות רב""ש להקפאה",,50.00,יח',false,,14.90,0.2980,true,1,181594
7290000197548,false,האגיס פרידום דריי של,,,האגיס פרידום דריי של,יחידה,0.00,יחידה,false,,48.90,0.0000,true,1,181595
7290000197654,false,אשפתון שקיות אשפה ענ,קריות זול,,אשפתון שקיות אשפה ענ,,50.00,100 מ'ל,false,,19.90,0.3980,true,1,181596
7290000197753,false,ניילונית זוג ניקול,קריות זול,,ניילונית זוג ניקול,,60.00,100 ליטר,false,,11.90,0.1983,true,1,181599
7290000197982,false,ניקול רדיד אלומיניום,,,ניקול רדיד אלומיניום,,15.00,מטר,false,,19.90,1.3267,true,1,181601
7290000197999,false,ניקול רדיד אלומיניום,קריות זול,,ניקול רדיד אלומיניום,יחידה,0.00,יחידה,false,,14.90,0.0000,true,1,181602
7290000201856,false,טיטולים פרימיום שלב4,,,טיטולים פרימיום שלב4,יחידה,0.00,יחידה,false,,34.90,0.0000,true,1,181612
7290000204215,false,כריות יפניות ניקול 6,קריות זול,,כריות יפניות ניקול 6,,4.00,100 מ'ל,false,,12.90,3.2250,true,1,181638
7290000204253,false,מטלית רב שימושית ניק,קריות זול,,מטלית רב שימושית ניק,,9.00,יח',false,,12.90,1.4333,true,1,181640
7290000204512,false,מטליות לחות לרצפה בר,,,מטליות לחות לרצפה בר,יחידה,0.00,יחידה,false,,10.90,0.0000,true,1,220628
7290000204611,false,ספוגית הקסם ניקול 6י,קריות זול,,ספוגית הקסם ניקול 6י,,6.00,100 מ'ל,false,,12.90,2.1500,true,1,181642
7290000205762,false,האגיס אקסטרא קייר מי,,,האגיס אקסטרא קייר מי,יחידה,0.00,יחידה,false,,47.90,0.0000,true,1,181643
7290000205915,false,האגיס אקסטרא קייר מי,,,האגיס אקסטרא קייר מי,יחידה,0.00,יחידה,false,,47.90,0.0000,true,1,181644
7290000207063,false,רסק עגבניות פריכוז 2,,,רסק עגבניות פריכוז 2,,260.00,100 גרם,false,,4.90,0.0188,true,1,174256
7290000207162,false,רוטב עגבניות 22% 100,קריות זול,,רוטב עגבניות 22% 100,,100.00,100 גרם,false,,2.50,0.0250,true,1,174260
7290000208022,false,עגבניות מרוסקות 800ג,קריות זול,,עגבניות מרוסקות 800ג,,800.00,"100 מ""ל",false,,9.90,0.0124,true,1,174264
7290000208077,false,אפונה גדולה יכין 550,קריות זול,,אפונה גדולה יכין 550,,550.00,100 גרם,false,,8.90,0.0162,true,1,174266
7290000208114,false,אפונה וגזר יכין 550ג,,,אפונה וגזר יכין 550ג,,550.00,"100 מ""ל",false,,8.90,0.0162,true,1,174269
7290000208138,false,סירופ דייאט ענבים יכ,,,סירופ דייאט ענבים יכ,,1000.00,100 גרם,false,,16.90,0.0169,true,1,174271
7290000208213,false,שעועית לבנה ברוטב עג,קריות זול,,שעועית לבנה ברוטב עג,,580.00,"100 מ""ל",false,,9.90,0.0171,true,1,174275
7290000208220,false,שעועית צילי יכין 550,קריות זול,,שעועית צילי יכין 550,,550.00,100 גרם,false,,9.90,0.0180,true,1,174276
7290000208251,false,שעועית ירוקה חתוכה י,קריות זול,,שעועית ירוקה חתוכה י,,550.00,100 גרם,false,,9.90,0.0180,true,1,174279
7290000208312,false,תירס מתוק ואקום יכין,קריות זול,,תירס מתוק ואקום יכין,,400.00,100 גרם,false,,6.90,0.0173,true,1,174282
7290000208329,false,תירס מתוק יכין 550גר,קריות זול,,תירס מתוק יכין 550גר,,550.00,100 גרם,false,,8.90,0.0162,true,1,174283
7290000208336,false,רוטב עגבניות יכין 22,קריות זול,,רוטב עגבניות יכין 22,,240.00,"100 מ""ל",false,,4.50,0.0188,true,1,174284
7290000208404,false,פול מצרי יכין 550גר,קריות זול,,פול מצרי יכין 550גר,,550.00,"100 מ""ל",false,,9.90,0.0180,true,1,174289
7290000208428,false,חומוס שלם יכין 550גר,קריות זול,,חומוס שלם יכין 550גר,,550.00,"100 מ""ל",false,,9.90,0.0180,true,1,174290
7290000208534,false,תירס קיד יכין 550גר,קריות זול,,תירס קיד יכין 550גר,,550.00,100 גרם,false,,9.90,0.0180,true,1,174300
7290000208800,false,תירס קיד יכין מתוק 2,,,תירס קיד יכין מתוק 2,,285.00,"100 מ""ל",false,,6.90,0.0242,true,1,174306
7290000208855,false,רוטב לפסטה קלאסי יכי,קריות זול,,רוטב לפסטה קלאסי יכי,,240.00,"100 מ""ל",false,,5.90,0.0246,true,1,174307
7290000208893,false,תירס לייט ואקום 340,קריות זול,,תירס לייט ואקום 340,,340.00,"100 מ""ל",false,,6.90,0.0203,true,1,174308
7290000208947,false,עגבניות מרוסקות יכין,,,עגבניות מרוסקות יכין,,240.00,100 גרם,false,,5.90,0.0246,true,1,174311
7290000209012,false,חומץ הדרים יכין 1 לי,קריות זול,,חומץ הדרים יכין 1 לי,,1000.00,100 גרם,false,,5.90,0.0059,true,1,174314
7290000209043,false,מיץ לימון משומר 1ל,,,מיץ לימון משומר 1ל,,1000.00,"100 מ""ל",false,,5.90,0.0059,true,1,174315
7290000209173,false,חומץ סינטטי יכין 1 ל,,,חומץ סינטטי יכין 1 ל,,1000.00,100 גרם,false,,5.90,0.0059,true,1,174320
7290000209371,false,תירס יכין שלישייה 3*,,,תירס יכין שלישייה 3*,,495.00,100 גרם,false,,14.90,0.0301,true,1,174329
7290000209388,false,תירס ליייט שלישייה 3,,,תירס ליייט שלישייה 3,,495.00,100 גרם,false,,14.90,0.0301,true,1,174330
7290000209517,false,סירופ דייאט לימון יכ,,,סירופ דייאט לימון יכ,,1000.00,100 גרם,false,,16.90,0.0169,true,1,174334
7290000209524,false,סירופ דיאט פטל יכין,,,סירופ דיאט פטל יכין,,1000.00,100 גרם,false,,16.90,0.0169,true,1,174335
7290000209579,false,סירופ דייאט אננס יכי,,,סירופ דייאט אננס יכי,,1000.00,100 גרם,false,,16.90,0.0169,true,1,174339
7290000209708,false,עגבניות מרוסקות בזיל,,,עגבניות מרוסקות בזיל,,240.00,"100 מ""ל",false,,5.90,0.0246,true,1,174341
7290000209722,false,רסק עגבניות פריכוז 2,,,רסק עגבניות פריכוז 2,,580.00,"100 מ""ל",false,,10.90,0.0188,true,1,174343
7290000209944,false,רוטב שקשוקה יכין 240,,,רוטב שקשוקה יכין 240,,240.00,"100 מ""ל",false,,5.90,0.0246,true,1,174346
7290000209951,false,רוטב פיצה יכין 240 ג,,,רוטב פיצה יכין 240 ג,,240.00,100 גרם,false,,5.90,0.0246,true,1,174347
7290000209968,false,רוטב לזניה יכין 240,,,רוטב לזניה יכין 240,,240.00,"100 מ""ל",false,,5.90,0.0246,true,1,174348
7290000210896,false,רוטב בולונז יכין 240,,,רוטב בולונז יכין 240,,240.00,"100 מ""ל",false,,5.90,0.0246,true,1,174372
7290000211169,false,אורז תאילנדי סוגת 1ק,קריות זול,,אורז תאילנדי סוגת 1ק,,1000.00,100 גרם,false,,8.90,0.0089,true,1,192399
7290000211312,false,אורז מלא פרסי סוגת 1,קריות זול,,אורז מלא פרסי סוגת 1,,1000.00,100 גרם,false,,9.90,0.0099,true,1,192400
7290000211374,false,קמח מלא סוגת 1קג,קריות זול,,קמח מלא סוגת 1קג,,1000.00,"100 מ""ל",false,,7.90,0.0079,true,1,192401
7290000211381,false,סוכר חום כהה בשקית ס,קריות זול,,סוכר חום כהה בשקית ס,,1000.00,"100 מ""ל",false,,10.90,0.0109,true,1,192402
7290000211442,false,אורז פרסי קלאסי שקית,קריות זול,,אורז פרסי קלאסי שקית,,1000.00,"100 מ""ל",false,,10.90,0.0109,true,1,192404
7290000211503,false,"סוכר סוגת 1 ק""ג",,,"סוכר סוגת 1 ק""ג",,1000.00,100 גרם,false,,3.90,0.0039,true,1,192405
7290000211985,false,אורז עגול סוגת 1קג,קריות זול,,אורז עגול סוגת 1קג,,1000.00,100 גרם,false,,9.90,0.0099,true,1,192409
7290000212579,false,וופל מצופה מנעמים 40,,,וופל מצופה מנעמים 40,,800.00,"100 מ""ל",false,,18.90,0.0236,true,1,190693
7290000214115,false,מרק עוף ויטה 400 גר,קריות זול,,מרק עוף ויטה 400 גר,,400.00,100 גרם,false,,10.90,0.0273,true,1,201152
7290000218502,false,חמין ויטה 568 גרם,קריות זול,,חמין ויטה 568 גרם,,568.00,100 גרם,false,,9.90,0.0174,true,1,201161
7290000238029,false,*מבצע* בצק עלים מרוד,קריות זול,,*מבצע* בצק עלים מרוד,,1000.00,"100 מ""ל",false,,15.90,0.0159,true,1,188340
7290000238036,false,מלווח מעדנות קופסא 7,קריות זול,,מלווח מעדנות קופסא 7,,700.00,"100 מ""ל",false,,15.90,0.0227,true,1,188341
7290000238173,false,בורקס גבינה מעדנות 8,קריות זול,,בורקס גבינה מעדנות 8,,800.00,"100 מ""ל",false,,19.90,0.0249,true,1,188342
7290000238180,false,"בורקס תפו""א מעדנות 8",קריות זול,,"בורקס תפו""א מעדנות 8",,800.00,"100 מ""ל",false,,17.90,0.0224,true,1,188343
7290000240541,false,ריבועי בצק בורקס מעד,קריות זול,,ריבועי בצק בורקס מעד,,800.00,100 גרם,false,,24.90,0.0311,true,1,188345
7290000243566,false,שמן קנולה בריאות עץ,,,שמן קנולה בריאות עץ,,750.00,100 גרם,false,,13.90,0.0185,true,1,198776
7290000244082,false,הוואי אל סבון כחול ש,קריות זול,,הוואי אל סבון כחול ש,,1500.00,100 גרם,false,,16.90,0.0113,true,1,190427
7290000245072,false,סוד מרכך כביסה בייבי,קריות זול,,סוד מרכך כביסה בייבי,ליטרים,4.00,ליטר,false,,16.90,4.2250,true,1,210878
7290000245089,false,סוד מרכך כביסה הניצן,קריות זול,,סוד מרכך כביסה הניצן,ליטרים,4.00,ליטר,false,,16.90,4.2250,true,1,210879
7290000245270,false,פרסיל סופרא שקית אבק,קריות זול,,פרסיל סופרא שקית אבק,קילוגרמים,1.25,"ק""ג",false,,14.90,11.9200,true,1,210883
7290000245287,false,פרסיל קולור שקית אבק,קריות זול,,פרסיל קולור שקית אבק,קילוגרמים,1.25,"ק""ג",false,,14.90,11.9200,true,1,210884
7290000245294,false,פרסיל אבקת כביסה סופ,,,פרסיל אבקת כביסה סופ,קילוגרמים,2.50,"ק""ג",false,,24.90,9.9600,true,1,210885
7290000245478,false,סוד בייבי אבקת כביסה,,,סוד בייבי אבקת כביסה,קילוגרמים,1.25,"ק""ג",false,,12.90,10.3200,true,1,210890
7290000245782,false,סוד מרכך כביסה ורדי,קריות זול,,סוד מרכך כביסה ורדי,ליטרים,4.00,ליטר,false,,16.90,4.2250,true,1,210902
7290000245799,false,סוד מרכך כביסה פעמונ,קריות זול,,סוד מרכך כביסה פעמונ,ליטרים,4.00,ליטר,false,,16.90,4.2250,true,1,210903
7290000253251,false,שוקולד ציפס לבן  250,,,שוקולד ציפס לבן  250,,250.00,"100 מ""ל",false,,14.50,0.0580,true,1,214522
7290000262031,false,מולט לב נייר טואלט 3,,,מולט לב נייר טואלט 3,,1850.00,100 גרם,false,,29.90,0.0162,true,1,181646
7290000262413,false,האגיס אקסטרא קייר מי,,,האגיס אקסטרא קייר מי,יחידה,0.00,יחידה,false,,47.90,0.0000,true,1,181654
7290000267043,false,שקד פרוס השף 100גר,קריות זול,,שקד פרוס השף 100גר,,100.00,"100 מ""ל",false,,9.90,0.0990,true,1,200762
7290000267050,false,שקד טחון השף 100 גר,,,שקד טחון השף 100 גר,,100.00,"100 מ""ל",false,,9.90,0.0990,true,1,200763
7290000267104,false,שקדים גרוסים טבעי 10,,,שקדים גרוסים טבעי 10,,100.00,"100 מ""ל",false,,9.90,0.0990,true,1,200764
7290000267500,false,קליפות הדר מצופות בש,,,קליפות הדר מצופות בש,,200.00,"100 מ""ל",false,,9.90,0.0495,true,1,200767
7290000267555,false,בוטנים טבעיים גרוסים,,,בוטנים טבעיים גרוסים,,100.00,"100 מ""ל",false,,5.90,0.0590,true,1,200769
7290000267678,false,גרעיני דלעת טבעי קלו,,,גרעיני דלעת טבעי קלו,,150.00,"100 מ""ל",false,,7.90,0.0527,true,1,200771
7290000272696,false,מיץ לימון טבעי משומר,קריות זול,,מיץ לימון טבעי משומר,,1000.00,100 מ'ל,false,,11.90,0.0119,true,1,176736
7290000272726,false,חומץ טבעי 5% עסיס 1,קריות זול,,חומץ טבעי 5% עסיס 1,,1000.00,100 מ'ל,false,,7.90,0.0079,true,1,176738
7290000286228,false,סנו סושי ספוגיות לני,קריות זול,,סנו סושי ספוגיות לני,יחידה,0.00,יחידה,false,,11.90,0.0000,true,1,180048
7290000286488,false,ספוג פיראט,,,ספוג פיראט,יחידה,0.00,יחידה,false,,10.90,0.0000,true,1,180052
7290000286549,false,מטליות לכל סנו סושי,קריות זול,,מטליות לכל סנו סושי,,9.00,יח',false,,11.90,1.3222,true,1,180055
7290000287621,false,אנטי קאלק W.C מנקה א,,,אנטי קאלק W.C מנקה א,,750.00,"100 מ""ל",false,,10.90,0.0145,true,1,180084
7290000288024,false,אקונומיקה סנו ז'אוול,קריות זול,,אקונומיקה סנו ז'אוול,ליטרים,4.00,ליטר,false,,17.90,4.4750,true,1,180093
7290000288031,false,אקנומיקה סנו 4ליטר,קריות זול,,אקנומיקה סנו 4ליטר,ליטרים,4.00,ליטר,false,,11.90,2.9750,true,1,180094
7290000288048,false,סנו ז'אוול מרסס מונט,קריות זול,,סנו ז'אוול מרסס מונט,,1000.00,100 גרם,false,,19.90,0.0199,true,1,180095
7290000288109,false,סנו מקסימה אבקת כביס,קריות זול,,סנו מקסימה אבקת כביס,קילוגרמים,1.25,"ק""ג",false,,14.90,11.9200,true,1,180100
7290000288291,false,סנומט 30 טבליות,קריות זול,,סנומט 30 טבליות,,30.00,יח',false,,14.90,0.4967,true,1,180102
7290000288352,false,מדביר K - 300,קריות זול,,מדביר K - 300,,630.00,100 ליטר,false,,23.90,0.0379,true,1,180105
7290000288413,false,סנו די רולאון דוחה י,קריות זול,,סנו די רולאון דוחה י,,50.00,"100 מ""ל",false,,22.90,0.4580,true,1,180108
7290000288642,false,סנו מקסימה מרכך כביס,קריות זול,,סנו מקסימה מרכך כביס,ליטרים,4.00,ליטר,false,,22.90,5.7250,true,1,180113
7290000289069,false,סנו ז'אוול מרסס לימו,קריות זול,,סנו ז'אוול מרסס לימו,,1000.00,"100 מ""ל",false,,19.90,0.0199,true,1,180119
7290000289496,false,סנו ז'אוול ג'ל קרם מ,קריות זול,,סנו ז'אוול ג'ל קרם מ,,750.00,"100 מ""ל",false,,12.90,0.0172,true,1,180128
7290000289595,false,אורביטול משחת שיניים,,,אורביטול משחת שיניים,,145.00,"100 מ""ל",false,,8.90,0.0614,true,1,180131
7290000289748,false,סנו פורטה פלוס לתנור,קריות זול,,סנו פורטה פלוס לתנור,,750.00,100 גרם,false,,14.90,0.0199,true,1,180134
7290000292533,false,סנו ג'ל לניקוי 1ליטר,קריות זול,,סנו ג'ל לניקוי 1ליטר,ליטרים,1.00,ליטר,false,,17.90,17.9000,true,1,195607
7290000292557,false,סנומט 45 נוזל מילוי,קריות זול,,סנומט 45 נוזל מילוי,,45.00,מטר,false,,19.90,0.4422,true,1,180157
7290000292564,false,K 2000 סנו ללא ריח,קריות זול,,K 2000 סנו ללא ריח,יחידה,750.00,יחידה,false,,31.90,0.0425,true,1,180158
7290000292687,false,סנובון לאסלה כחול של,קריות זול,,סנובון לאסלה כחול של,,165.00,"100 מ""ל",false,,16.90,0.1024,true,1,180161
7290000293073,false,סנו מקסימה מרכך כביס,קריות זול,,סנו מקסימה מרכך כביס,ליטרים,4.00,ליטר,false,,22.90,5.7250,true,1,180167
7290000293561,false,סנו מסיר עובש 750מל,קריות זול,,סנו מסיר עובש 750מל,,750.00,100 גרם,false,,15.90,0.0212,true,1,180171
7290000293820,false,קרמה מן ג'ל רחצה אקט,,,קרמה מן ג'ל רחצה אקט,,700.00,"100 מ""ל",false,,17.90,0.0256,true,1,223935
7290000293943,false,אנטי קאלק מרסס 1ליטר,קריות זול,,אנטי קאלק מרסס 1ליטר,,1000.00,100 גרם,false,,20.90,0.0209,true,1,180174
7290000294575,false,סנו סושי רב מגבת 63ד,,,סנו סושי רב מגבת 63ד,,200.00,"100 מ""ל",false,,12.90,0.0645,true,1,180181
7290000294780,false,אקונומיקה סנו ז'אוול,קריות זול,,אקונומיקה סנו ז'אוול,ליטרים,4.00,ליטר,false,,17.90,4.4750,true,1,180183
7290000295121,false,מטלית זיגזג 3יח,קריות זול,,מטלית זיגזג 3יח,,3.00,יח',false,,11.90,3.9667,true,1,180185
7290000295404,false,שקיות אשפה 60 יח סנו,קריות זול,,שקיות אשפה 60 יח סנו,,60.00,100 מ'ל,false,,24.90,0.4150,true,1,180192
7290000295558,false,סנו סושי צמד רדידי א,קריות זול,,סנו סושי צמד רדידי א,,0.30,100 ליטר,false,,10.90,36.3333,true,1,180197
7290000300108,false,דג בס טרי,,,דג בס טרי,קילוגרמים,1.00,"ק""ג",true,,49.90,49.9000,true,1,211341
7290000300900,false,שניצל תירס טבעול 750,קריות זול,,שניצל תירס טבעול 750,,750.00,100 גרם,false,,28.90,0.0385,true,1,176752
7290000303598,false,שעועית אפוייה 550גר,קריות זול,,שעועית אפוייה 550גר,,550.00,100 גרם,false,,7.90,0.0144,true,1,201190
7290000303604,false,חומוס גרגירים 550גר,קריות זול,,חומוס גרגירים 550גר,,550.00,100 גרם,false,,7.90,0.0144,true,1,201191
7290000307015,false,אפונת גינה גדולה 550,קריות זול,,אפונת גינה גדולה 550,,550.00,100 גרם,false,,7.90,0.0144,true,1,201192
7290000307046,false,אפונה וגזר 550גר,קריות זול,,אפונה וגזר 550גר,,550.00,100 גרם,false,,7.90,0.0144,true,1,201193
7290000307220,false,תירס מתוק ואקום 340ג,קריות זול,,תירס מתוק ואקום 340ג,,340.00,100 גרם,false,,6.90,0.0203,true,1,201194
7290000307237,false,תירס גרעינים 550 גר,קריות זול,,תירס גרעינים 550 גר,,550.00,100 גרם,false,,7.90,0.0144,true,1,201195
7290000307343,false,שעועית ירוקה חתוכה 5,קריות זול,,שעועית ירוקה חתוכה 5,,550.00,"100 מ""ל",false,,7.90,0.0144,true,1,201200
7290000307800,false,פול ירוק 800גר,קריות זול,,פול ירוק 800גר,,800.00,100 גרם,false,,10.90,0.0136,true,1,201201
7290000311128,false,עוגיות בטעם חמאה 300,,,עוגיות בטעם חמאה 300,,300.00,100 גרם,false,,7.90,0.0263,true,1,201682
7290000311180,false,וופל מן בטעם שוקולד,,,וופל מן בטעם שוקולד,,250.00,100 גרם,false,,8.90,0.0356,true,1,216003
7290000311203,false,וופל מן שוקו 200גר,,,וופל מן שוקו 200גר,,200.00,100 גרם,false,,5.90,0.0295,true,1,216004
7290000311210,false,וופל מן לימון 200גר,,,וופל מן לימון 200גר,,200.00,"100 מ""ל",false,,5.90,0.0295,true,1,216005
7290000311234,false,וופל מן וניל 200גר,,,וופל מן וניל 200גר,,200.00,100 גרם,false,,5.90,0.0295,true,1,216007
7290000311272,false,וופל מן במילוי חלווה,,,וופל מן במילוי חלווה,,180.00,"100 מ""ל",false,,5.90,0.0328,true,1,216008
7290000311319,false,וופל מן מצופה 1קג,,,וופל מן מצופה 1קג,,1000.00,100 גרם,false,,28.90,0.0289,true,1,216010
7290000311357,false,וופל מן בטעם אגוזים,,,וופל מן בטעם אגוזים,,280.00,100 גרם,false,,12.90,0.0461,true,1,216011
7290000311364,false,וופל מן בטעם שוקולד,,,וופל מן בטעם שוקולד,,200.00,100 גרם,false,,8.90,0.0445,true,1,236783
7290000311425,false,וופל מן מצופים עשירי,,,וופל מן מצופים עשירי,,220.00,100 גרם,false,,8.90,0.0405,true,1,216012
7290000311500,false,וופל מן שוקו 500גר,,,וופל מן שוקו 500גר,,500.00,"100 מ""ל",false,,10.90,0.0218,true,1,216013
7290000311517,false,וופל מן לימון 500גר,,,וופל מן לימון 500גר,,500.00,"100 מ""ל",false,,10.90,0.0218,true,1,197558
7290000311708,false,עוגיות חיטה מלאה 300,,,עוגיות חיטה מלאה 300,,300.00,"100 מ""ל",false,,7.90,0.0263,true,1,201683
7290000311715,false,עוגיות בטעם שוקולד 3,,,עוגיות בטעם שוקולד 3,,300.00,100 גרם,false,,7.90,0.0263,true,1,201684
7290000311722,false,עוגיות כוכבים בטעם ו,,,עוגיות כוכבים בטעם ו,,300.00,"100 מ""ל",false,,7.90,0.0263,true,1,216015
7290000311746,false,עוגיות בטעם קרמל 300,,,עוגיות בטעם קרמל 300,,300.00,"100 מ""ל",false,,7.90,0.0263,true,1,206739
7290000311845,false,עוגיות קמח מלא ללא ס,,,עוגיות קמח מלא ללא ס,,200.00,"100 מ""ל",false,,10.90,0.0545,true,1,206740
7290000311876,false,וופל מן בטעם וניל לל,,,וופל מן בטעם וניל לל,,180.00,"100 מ""ל",false,,8.90,0.0494,true,1,216016
7290000311883,false,עוגיות גרנולה ללא סו,,,עוגיות גרנולה ללא סו,,200.00,"100 מ""ל",false,,10.90,0.0545,true,1,214523
7290000313160,false,חברים זהבה ושלושת הד,קריות זול,,חברים זהבה ושלושת הד,,250.00,"100 מ""ל",false,,8.90,0.0356,true,1,176762
7290000313184,false,חברים ביסקויט גן חיו,קריות זול,,חברים ביסקויט גן חיו,,250.00,"100 מ""ל",false,,8.90,0.0356,true,1,176763
7290000318127,false,נקניקיות ביס יחיעם 3,קריות זול,,נקניקיות ביס יחיעם 3,,380.00,"100 מ""ל",false,,11.90,0.0313,true,1,172164
7290000318677,false,סלמי סרוולט יחיעם 15,קריות זול,,סלמי סרוולט יחיעם 15,,150.00,"100 מ""ל",false,,29.90,0.1993,true,1,172181
7290000318707,false,סלמי מעושן יחיעם 500,קריות זול,,סלמי מעושן יחיעם 500,,500.00,"100 מ""ל",false,,35.90,0.0718,true,1,172183
7290000318745,false,*מבצע* סלמי תה יחיעם,קריות זול,,*מבצע* סלמי תה יחיעם,,400.00,100 גרם,false,,15.90,0.0398,true,1,172186
7290000318943,false,פסטרמה של פעם יחיעם,קריות זול,,פסטרמה של פעם יחיעם,,200.00,"100 מ""ל",false,,23.90,0.1195,true,1,172192
7290000319834,false,קבנוס פפרוני קלאסי י,,,קבנוס פפרוני קלאסי י,,125.00,"100 מ""ל",false,,14.90,0.1192,true,1,172225
7290000334684,false,טבעות בצל תפוגן 700ג,קריות זול,,טבעות בצל תפוגן 700ג,,700.00,100 גרם,false,,18.90,0.0270,true,1,176780
7290000334745,false,"ציפס אמריקאן 1.5ק""ג",,,"ציפס אמריקאן 1.5ק""ג",,1500.00,"100 מ""ל",false,,26.90,0.0179,true,1,176783
7290000341071,false,בדין בייבי מרכך כביס,קריות זול,,בדין בייבי מרכך כביס,ליטרים,2.00,ליטר,false,,17.90,8.9500,true,1,182590
7290000342832,false,בדין צהוב מרכך כביסה,קריות זול,,בדין צהוב מרכך כביסה,ליטרים,4.00,ליטר,false,,19.90,4.9750,true,1,182592
7290000345048,false,תה 74 ויסוצקי 125גר,,,תה 74 ויסוצקי 125גר,,125.00,100 גרם,false,,13.90,0.1112,true,1,190699
7290000345055,false,תה ארל גריי עלים ויס,,,תה ארל גריי עלים ויס,,100.00,"100 מ""ל",false,,14.90,0.1490,true,1,190700
7290000345116,false,תה ירוק ויסוצקי 125ג,קריות זול,,תה ירוק ויסוצקי 125ג,,125.00,"100 מ""ל",false,,15.90,0.1272,true,1,190703
7290000345284,false,תה ויסוצקי קלאסיק יר,קריות זול,,תה ויסוצקי קלאסיק יר,,150.00,"100 מ""ל",false,,17.90,0.1193,true,1,190709
7290000345291,false,תה ארל גריי ויסוצקי,קריות זול,,תה ארל גריי ויסוצקי,,25.00,100 מ'ל,false,,16.90,0.6760,true,1,190710
7290000345307,false,תה ארל גריי ויסוצקי,קריות זול,,תה ארל גריי ויסוצקי,,75.00,"100 מ""ל",false,,29.90,0.3987,true,1,190711
7290000346021,false,תה קמומיל ויסוצקי 50,קריות זול,,תה קמומיל ויסוצקי 50,,50.00,יח',false,,36.90,0.7380,true,1,190719
7290000346120,false,תה קסם הקנמון 25יח,קריות זול,,תה קסם הקנמון 25יח,,62.50,"100 מ""ל",false,,19.90,0.3184,true,1,190720
7290000346168,false,תה חליטת שומר גן הקס,קריות זול,,תה חליטת שומר גן הקס,,37.50,"100 מ""ל",false,,19.90,0.5307,true,1,190724
7290000346199,false,תה פירות יער גן הקסו,קריות זול,,תה פירות יער גן הקסו,,67.50,"100 מ""ל",false,,19.90,0.2948,true,1,190725
7290000346205,false,תה קמומיל גן הקסום 2,קריות זול,,תה קמומיל גן הקסום 2,,37.50,100 גרם,false,,19.90,0.5307,true,1,190726
7290000347738,false,תה ירוק נענע 25יח,קריות זול,,תה ירוק נענע 25יח,,37.50,100 גרם,false,,25.90,0.6907,true,1,190738
7290000347752,false,תה ירוק לימונית ולוא,קריות זול,,תה ירוק לימונית ולוא,,37.50,"100 מ""ל",false,,25.90,0.6907,true,1,190740
7290000355405,false,עגבניות מרוסקות בצל,קריות זול,,עגבניות מרוסקות בצל,,800.00,"100 מ""ל",false,,9.90,0.0124,true,1,201207
7290000355412,false,עגבניות מרוסקות שום,קריות זול,,עגבניות מרוסקות שום,,800.00,100 גרם,false,,9.90,0.0124,true,1,201208
7290000355498,false,רסק עגבניות 28% טומט,קריות זול,,רסק עגבניות 28% טומט,,580.00,100 גרם,false,,8.90,0.0153,true,1,194987
7290000364261,false,סלסולי פסטרמה כתף בק,,,סלסולי פסטרמה כתף בק,,120.00,100 גרם,false,,15.90,0.1325,true,1,188354
7290000364285,false,סלסולי פסטרמה הודו א,,,סלסולי פסטרמה הודו א,,120.00,"100 מ""ל",false,,15.90,0.1325,true,1,188356
7290000364803,false,נקניקיות בקר בסגנון,,,נקניקיות בקר בסגנון,,500.00,100 גרם,false,,25.90,0.0518,true,1,188358
7290000364858,false,נקניקיות עוף טירת צב,,,נקניקיות עוף טירת צב,,1000.00,"100 מ""ל",false,,25.90,0.0259,true,1,188359
7290000364872,false,נקניקיות עוף טירת צב,,,נקניקיות עוף טירת צב,,400.00,"100 מ""ל",false,,14.90,0.0373,true,1,188360
7290000367590,false,פסטרמה צמד סלמי 400ג,,,פסטרמה צמד סלמי 400ג,,800.00,100 גרם,false,,29.90,0.0374,true,1,188362
7290000369037,false,סלט קוביות בולגרית 2,,,סלט קוביות בולגרית 2,,200.00,"100 מ""ל",false,,14.90,0.0745,true,1,238138
7290000369341,false,לאבנה אבו גוש 17% ני,,,לאבנה אבו גוש 17% ני,קילוגרמים,1.00,"ק""ג",true,,44.00,44.0000,true,1,238135
7290000369365,false,מעדן בולגרית עם תוספ,,,מעדן בולגרית עם תוספ,,200.00,100 גרם,false,,12.90,0.0645,true,1,204854
7290000369617,false,כדורי רחוב 150 גרם,,,כדורי רחוב 150 גרם,,150.00,"100 מ""ל",false,,17.90,0.1193,true,1,204855
7290000369709,false,ממרח חמאה 100 גרם,קריות זול,,ממרח חמאה 100 גרם,,100.00,"100 מ""ל",false,,12.90,0.1290,true,1,204856
7290000372204,false,דג ברמונדי בינוני נק,,,דג ברמונדי בינוני נק,קילוגרמים,1.00,"ק""ג",true,,49.90,49.9000,true,1,227287
7290000379623,false,לחם אחיד שחור,,,לחם אחיד שחור,,750.00,100 גרם,false,,5.10,0.0068,true,1,195104
7290000408316,false,דנונה טבעי 3% 200גר,קריות זול,,דנונה טבעי 3% 200גר,,200.00,100 גרם,false,,3.70,0.0185,true,1,195626
7290000408354,false,דנונה בר פיצפוצים 17,,,דנונה בר פיצפוצים 17,,173.00,100 גרם,false,,4.70,0.0272,true,1,195627
7290000412481,false,מנקה אסלות 00 סנו 1ל,קריות זול,,מנקה אסלות 00 סנו 1ל,,1000.00,100 גרם,false,,8.90,0.0089,true,1,180209
7290000416021,false,ממרח השחר 500גר,קריות זול,,ממרח השחר 500גר,,500.00,"100 מ""ל",false,,13.90,0.0278,true,1,181339
7290000416045,false,"ממרח השחר חדש 1 ק""ג",,,"ממרח השחר חדש 1 ק""ג",,1000.00,100 גרם,false,,24.90,0.0249,true,1,181341
7290000416618,false,"ממרח השחר בד""צ 400גר",,,"ממרח השחר בד""צ 400גר",,400.00,"100 מ""ל",false,,12.90,0.0323,true,1,181345
7290000416809,false,ממרח חצי חצי קרם חלב,,,ממרח חצי חצי קרם חלב,,350.00,100 גרם,false,,12.90,0.0369,true,1,224140
7290000416854,false,קקאו השחר 150גר,,,קקאו השחר 150גר,,150.00,"100 מ""ל",false,,10.90,0.0727,true,1,181348
7290000416922,false,ממרח חלב 350 גרם השח,,,ממרח חלב 350 גרם השח,,350.00,"100 מ""ל",false,,12.90,0.0369,true,1,224142
7290000419107,false,לנדוור קפה שחור 100ג,,,לנדוור קפה שחור 100ג,,100.00,100 גרם,false,,7.90,0.0790,true,1,176791
7290000419220,false,לנדוור קפה כחול מארז,,,לנדוור קפה כחול מארז,,300.00,100 גרם,false,,17.90,0.0597,true,1,176793
7290000419374,false,לנדוור קפה טחון טורק,,,לנדוור קפה טחון טורק,,300.00,"100 מ""ל",false,,17.90,0.0597,true,1,176795
7290000419893,false,לנדוור קפה שחור לבוק,,,לנדוור קפה שחור לבוק,,100.00,100 גרם,false,,7.90,0.0790,true,1,176804
7290000420325,false,פופסטאר בטעם טבעי 5י,קריות זול,,פופסטאר בטעם טבעי 5י,,500.00,"100 מ""ל",false,,13.90,0.0278,true,1,207375
7290000420332,false,פופסטאר בטעם חמאה 5י,קריות זול,,פופסטאר בטעם חמאה 5י,,500.00,"100 מ""ל",false,,13.90,0.0278,true,1,207376
7290000436616,false,דובשניות ברמן 180גר,קריות זול,,דובשניות ברמן 180גר,,180.00,100 גרם,false,,5.90,0.0328,true,1,176808
7290000453019,false,שמרית בשקית 50 גרם,קריות זול,,שמרית בשקית 50 גרם,,50.00,"100 מ""ל",false,,5.30,0.1060,true,1,195633
7290000453125,false,שמרית + משפר אפיה 10,קריות זול,,שמרית + משפר אפיה 10,,100.00,"100 מ""ל",false,,8.90,0.0890,true,1,195634
7290000453408,false,בצק פיצה דק שמרית מצ,,,בצק פיצה דק שמרית מצ,,415.00,100 גרם,false,,17.90,0.0431,true,1,226826
7290000453415,false,בצק עלים שמרית מצונן,,,בצק עלים שמרית מצונן,,300.00,"100 מ""ל",false,,16.90,0.0563,true,1,226827
7290000453422,false,בצק פילו שמרית מצונן,,,בצק פילו שמרית מצונן,,300.00,"100 מ""ל",false,,16.90,0.0563,true,1,226828
7290000453798,false,שמרים יבשים אקטיביים,,,שמרים יבשים אקטיביים,,500.00,100 גרם,false,,14.90,0.0298,true,1,208496
7290000453897,false,מרגרינה בטעם חמאה 20,,,מרגרינה בטעם חמאה 20,,200.00,"100 מ""ל",false,,6.50,0.0325,true,1,195637
7290000461625,false,בייגלה שמיניות מלוחו,קריות זול,,בייגלה שמיניות מלוחו,,400.00,"100 מ""ל",false,,10.90,0.0273,true,1,182601
7290000461656,false,בייגלה מקלות 400גר,קריות זול,,בייגלה מקלות 400גר,,400.00,100 גרם,false,,10.90,0.0273,true,1,182603
7290000461724,false,ביגלה גדול גדול שומש,קריות זול,,ביגלה גדול גדול שומש,,400.00,"100 מ""ל",false,,13.90,0.0348,true,1,182605
7290000461793,false,בייגלה ארוך ארוך סיד,קריות זול,,בייגלה ארוך ארוך סיד,,200.00,"100 מ""ל",false,,6.70,0.0335,true,1,182607
7290000467320,false,חומוס אבו מרוואן צבר,,,חומוס אבו מרוואן צבר,,400.00,100 גרם,false,,14.50,0.0363,true,1,176873
7290000474076,false,חלב בקרטון טרה 3% 1ל,קריות זול,,חלב בקרטון טרה 3% 1ל,,1000.00,100 גרם,false,,6.23,0.0062,true,1,184523
7290000474090,false,חלב בקרטון טרה 1% 1ל,קריות זול,,חלב בקרטון טרה 1% 1ל,,1000.00,"100 מ""ל",false,,5.86,0.0059,true,1,184524
7290000474373,false,שמנת חמוצה 15% 200מל,קריות זול,,שמנת חמוצה 15% 200מל,,200.00,100 גרם,false,,2.40,0.0120,true,1,184533
7290000474540,false,גבינת 3% טוב טעם 250,קריות זול,,גבינת 3% טוב טעם 250,,250.00,"100 מ""ל",false,,11.90,0.0476,true,1,184539
7290000480107,false,קוואקר מהיר אטוס פחי,קריות זול,,קוואקר מהיר אטוס פחי,,500.00,"100 מ""ל",false,,14.90,0.0298,true,1,184115
7290000480442,false,קואקר שבולת שועל שקי,קריות זול,,קואקר שבולת שועל שקי,,500.00,100 גרם,false,,13.90,0.0278,true,1,184116
7290000481029,false,פיתות בטעם ביתי 10 י,,,פיתות בטעם ביתי 10 י,,1000.00,100 גרם,false,,10.90,0.0109,true,1,226765
7290000481043,false,פיתות כוסמין מארז 10,,,פיתות כוסמין מארז 10,,700.00,100 גרם,false,,15.90,0.0227,true,1,244970
7290000481074,false,*מבצע* לחם טריו דגני,,,*מבצע* לחם טריו דגני,,750.00,"100 מ""ל",false,,14.90,0.0199,true,1,248971
7290000481197,false,לחם מחמצת גרעינים וש,,,לחם מחמצת גרעינים וש,,550.00,"100 מ""ל",false,,17.90,0.0325,true,1,250474
7290000481203,false,לחם מחמצת מקמח מלא ד,,,לחם מחמצת מקמח מלא ד,,550.00,"100 מ""ל",false,,17.90,0.0325,true,1,250476
7290000481487,false,חלה רגילה 500גר,,,חלה רגילה 500גר,,500.00,"100 מ""ל",false,,5.17,0.0103,true,1,195088
7290000481494,false,מיני בגט 2יח רוסטיק,,,מיני בגט 2יח רוסטיק,,320.00,"100 מ""ל",false,,10.90,0.0341,true,1,250472
7290000481517,false,פוקצות 2יח עם שמן זי,,,פוקצות 2יח עם שמן זי,,320.00,"100 מ""ל",false,,11.90,0.0372,true,1,250473
7290000483887,false,מרציפן המרשלג ללא תו,קריות זול,,מרציפן המרשלג ללא תו,,75.00,"100 מ""ל",false,,15.90,0.2120,true,1,191143
7290000484747,false,הארק עלית 40% 700מל,,,הארק עלית 40% 700מל,,700.00,100 גרם,false,,58.90,0.0841,true,1,216025
7290000490717,false,גלית שרבט בטעם תות 8,,,גלית שרבט בטעם תות 8,,8.00,יח',false,,21.90,2.7375,true,1,222765
7290000490762,false,גלידל חלבי מאגדת בטע,,,גלידל חלבי מאגדת בטע,,8.00,יח',false,,29.90,3.7375,true,1,222766
7290000493176,false,אבקת רוטב צלי אסם 22,קריות זול,,אבקת רוטב צלי אסם 22,,22.00,100 גרם,false,,4.90,0.2227,true,1,176891
7290000493183,false,אבקת רוטב פטריות אסם,קריות זול,,אבקת רוטב פטריות אסם,,30.00,100 גרם,false,,4.90,0.1633,true,1,176892
7290000497044,false,לחם אקטיב ברמן 750גר,,,לחם אקטיב ברמן 750גר,,750.00,100 גרם,false,,16.90,0.0225,true,1,199848
7290000497112,false,לחם אחיד פרוס ברמן,,,לחם אחיד פרוס ברמן,,750.00,100 גרם,false,,7.10,0.0095,true,1,199852
7290000497228,false,לחמניות בשקית 6יח,,,לחמניות בשקית 6יח,,450.00,100 גרם,false,,10.90,0.0242,true,1,199859
7290000497426,false,לחם ברמן לענין פלוס,,,לחם ברמן לענין פלוס,,500.00,"100 מ""ל",false,,16.90,0.0338,true,1,199865
7290000497532,false,לחם ברמן לעניין 750ג,,,לחם ברמן לעניין 750ג,,750.00,"100 מ""ל",false,,14.90,0.0199,true,1,199871
7290000497570,false,לחם דגנים פלוס ברמן,,,לחם דגנים פלוס ברמן,,500.00,100 גרם,false,,16.90,0.0338,true,1,199873
7290000498034,false,לחם מקמח כוסמין מלא,,,לחם מקמח כוסמין מלא,,750.00,100 גרם,false,,16.90,0.0225,true,1,232640
7290000504025,false,סוכרזית פטריה 300 טב,קריות זול,,סוכרזית פטריה 300 טב,,300.00,יח',false,,9.90,0.0330,true,1,208505
7290000504049,false,סוכרזית קנקן 1200 טב,קריות זול,,סוכרזית קנקן 1200 טב,,1200.00,100 מ'ל,false,,28.90,0.0241,true,1,208507
7290000504278,false,סוכרזית פטנט 700טבלי,קריות זול,,סוכרזית פטנט 700טבלי,,700.00,100 מ'ל,false,,18.90,0.0270,true,1,208510
7290000518176,false,*מבצע* מתוק וקל ענק,קריות זול,,*מבצע* מתוק וקל ענק,,250.00,"100 מ""ל",false,,18.90,0.0756,true,1,207082
7290000518220,false,סוכרה דיאט 100 שקיות,,,סוכרה דיאט 100 שקיות,יחידה,0.00,יחידה,false,,27.90,0.0000,true,1,221424
7290000518336,false,מווש צמר גפן מתוק 10,,,מווש צמר גפן מתוק 10,,10.00,ק'ג,false,,4.90,0.4900,true,1,249904
7290000521008,false,יין סגל אדום יבש 750,,,יין סגל אדום יבש 750,,750.00,100 גרם,false,,24.90,0.0332,true,1,173045
7290000521404,false,יין מרום גליל קברנה,,,יין מרום גליל קברנה,,750.00,"100 מ""ל",false,,39.90,0.0532,true,1,173060
7290000523125,false,מלח הארץ ים יבש 250,קריות זול,,מלח הארץ ים יבש 250,,250.00,"100 מ""ל",false,,6.90,0.0276,true,1,190742
7290000523224,false,מלח הארץ ים יבש 500,קריות זול,,מלח הארץ ים יבש 500,,500.00,"100 מ""ל",false,,9.90,0.0198,true,1,190743
7290000523514,false,מלח הארץ 50% מכמות ה,קריות זול,,מלח הארץ 50% מכמות ה,,250.00,100 גרם,false,,11.90,0.0476,true,1,190744
7290000523521,false,מלח הארץ מעושר ביוד,,,מלח הארץ מעושר ביוד,,250.00,"100 מ""ל",false,,7.70,0.0308,true,1,190745
7290000523804,false,מלח הארץ עדין צנצנת,,,מלח הארץ עדין צנצנת,,1000.00,"100 מ""ל",false,,8.90,0.0089,true,1,190746
7290000523811,false,מלח הארץ גס צנצנת 1ק,,,מלח הארץ גס צנצנת 1ק,,1000.00,"100 מ""ל",false,,8.90,0.0089,true,1,190747
7290000525969,false,פרימור תפוזים 1ליטר,קריות זול,,פרימור תפוזים 1ליטר,,1000.00,"100 מ""ל",false,,16.90,0.0169,true,1,195644
7290000530413,false,המבורגר זהב זוגלובק,קריות זול,,המבורגר זהב זוגלובק,,400.00,"100 מ""ל",false,,24.90,0.0622,true,1,212244
7290000530703,false,נקניק תה 400גר + חרמ,,,נקניק תה 400גר + חרמ,,800.00,"100 מ""ל",false,,32.90,0.0411,true,1,212253
7290000531601,false,סטייק בורגר זוגלובק,קריות זול,,סטייק בורגר זוגלובק,,400.00,100 גרם,false,,24.90,0.0622,true,1,212264
7290000531977,false,בורקס גבינה זוגלובק,קריות זול,,בורקס גבינה זוגלובק,,800.00,"100 מ""ל",false,,17.90,0.0224,true,1,212266
7290000533353,false,בצק עלים זוגלובק 1קג,קריות זול,,בצק עלים זוגלובק 1קג,,1000.00,"100 מ""ל",false,,14.90,0.0149,true,1,212278
7290000536743,false,קריספי סטיקס תירס זו,,,קריספי סטיקס תירס זו,,500.00,100 גרם,false,,21.90,0.0438,true,1,212304
7290000537566,false,נקניקיות עוף זוגלובק,קריות זול,,נקניקיות עוף זוגלובק,,400.00,"100 מ""ל",false,,14.90,0.0373,true,1,212313
7290000554006,false,קאשקבל מחלבות גד,,,קאשקבל מחלבות גד,קילוגרמים,1.00,"ק""ג",true,,120.00,120.0000,true,1,171523
7290000554402,false,מלבי 160גר מחלבות גד,קריות זול,,מלבי 160גר מחלבות גד,,160.00,"100 מ""ל",false,,5.90,0.0369,true,1,171587
7290000554457,false,צפתית 5% 350גר מחלבו,קריות זול,,צפתית 5% 350גר מחלבו,,350.00,"100 מ""ל",false,,22.90,0.0654,true,1,171588
7290000554471,false,מוצרלה נקניק טבעי מח,קריות זול,,מוצרלה נקניק טבעי מח,,180.00,"100 מ""ל",false,,17.90,0.0994,true,1,171589
7290000554532,false,צפתית מעודנת במלח ים,,,צפתית מעודנת במלח ים,,200.00,100 גרם,false,,14.90,0.0745,true,1,171591
7290000554600,false,מוצרלה 22% מגורדת 30,קריות זול,,מוצרלה 22% מגורדת 30,,300.00,"100 מ""ל",false,,27.90,0.0930,true,1,171592
7290000554624,false,ירח מתוק 150גר מחלבו,קריות זול,,ירח מתוק 150גר מחלבו,,150.00,100 גרם,false,,5.90,0.0393,true,1,171593
7290000554686,false,לאבנה בשמן זית וזעתר,קריות זול,,לאבנה בשמן זית וזעתר,,250.00,"100 מ""ל",false,,14.70,0.0588,true,1,171594
7290000554822,false,ריקוטה טבעי 5% 250גר,קריות זול,,ריקוטה טבעי 5% 250גר,,250.00,"100 מ""ל",false,,15.70,0.0628,true,1,171595
7290000554839,false,גבינה מסקרפונה 40% 2,קריות זול,,גבינה מסקרפונה 40% 2,,250.00,100 גרם,false,,22.70,0.0908,true,1,171596
7290000571386,false,יוגורמה מחלב כבשים 8,קריות זול,,יוגורמה מחלב כבשים 8,,850.00,100 גרם,false,,27.80,0.0327,true,1,189203
7290000571812,false,פרמזן מגורד בית יצחק,,,פרמזן מגורד בית יצחק,,200.00,"100 מ""ל",false,,23.30,0.1165,true,1,189215
7290000572222,false,חלבה בבלוק אחווה 500,,,חלבה בבלוק אחווה 500,,500.00,100 גרם,false,,11.90,0.0238,true,1,203362
7290000572673,false,חטיף חלבה אחווה 12*2,,,חטיף חלבה אחווה 12*2,,300.00,"100 מ""ל",false,,13.90,0.0463,true,1,203368
7290000574011,false,מארז 8 לחמניות חיטה,,,מארז 8 לחמניות חיטה,,8.00,100 מ'ל,false,,11.90,1.4875,true,1,226766
7290000574028,false,לחם שחור מועשר פלוס,,,לחם שחור מועשר פלוס,,750.00,100 גרם,false,,8.90,0.0119,true,1,226767
7290000574035,false,לחם אחיד פרוס 750גרם,,,לחם אחיד פרוס 750גרם,,750.00,100 גרם,false,,7.10,0.0095,true,1,195124
7290000574097,false,מארז לחמניות מיוחדות,,,מארז לחמניות מיוחדות,,8.00,100 מ'ל,false,,11.90,1.4875,true,1,226769
7290000574141,false,לחם חיטה מלאה 750גר,,,לחם חיטה מלאה 750גר,,750.00,100 גרם,false,,13.90,0.0185,true,1,195131
7290000574158,false,מארז 8 לחמניות לוסי,,,מארז 8 לחמניות לוסי,,8.00,100 מ'ל,false,,11.90,1.4875,true,1,226770
7290000574165,false,חלה פרוסה מעודנת 500,,,חלה פרוסה מעודנת 500,,500.00,"100 מ""ל",false,,9.90,0.0198,true,1,195132
7290000574172,false,לחם קל חיטה מלאה 750,,,לחם קל חיטה מלאה 750,,750.00,100 גרם,false,,16.90,0.0225,true,1,195133
7290000574189,false,מארז 6 לחמניות קלועו,,,מארז 6 לחמניות קלועו,,6.00,יח',false,,11.90,1.9833,true,1,226771
7290000574226,false,לחמניות אצבע דגנית מ,,,לחמניות אצבע דגנית מ,יחידה,0.00,יחידה,false,,11.90,0.0000,true,1,226772
7290000574301,false,לחמניות 10יח חיטה מל,,,לחמניות 10יח חיטה מל,יחידה,0.00,יחידה,false,,11.90,0.0000,true,1,226773
7290000574332,false,חלה קלה 500גר,,,חלה קלה 500גר,,500.00,100 גרם,false,,16.90,0.0338,true,1,195137
7290000574370,false,לחם שיפון אמיתי קל 5,,,לחם שיפון אמיתי קל 5,,500.00,"100 מ""ל",false,,16.90,0.0338,true,1,195140
7290000574455,false,לחם חיטה מלאה כוסמין,,,לחם חיטה מלאה כוסמין,,750.00,100 גרם,false,,16.90,0.0225,true,1,195144
7290000574509,false,לחמניות חצויות 6יח 4,,,לחמניות חצויות 6יח 4,,450.00,"100 מ""ל",false,,9.90,0.0220,true,1,195146
7290000599373,false,קיסמי שיניים במלחייה,,,קיסמי שיניים במלחייה,,200.00,יח',false,,4.50,0.0225,true,1,197891
7290000599571,false,צמר פלדה 200גר,,,צמר פלדה 200גר,,200.00,100 גרם,false,,5.90,0.0295,true,1,197897
7290000599946,false,ספוג הפלא 6יח,,,ספוג הפלא 6יח,,6.00,יח',false,,7.90,1.3167,true,1,197907
7290000599977,false,כרית יפנית 9יח,,,כרית יפנית 9יח,יחידה,0.00,יחידה,false,,10.90,0.0000,true,1,197909
7290000611099,false,כבד עוף לצליה בלבד,,,כבד עוף לצליה בלבד,קילוגרמים,1.00,"ק""ג",true,,24.90,24.9000,true,1,211187
7290000611181,false,כנפיים עוף טרי,,,כנפיים עוף טרי,קילוגרמים,1.00,"ק""ג",true,,11.90,11.9000,true,1,211193
7290000611242,false,פילה עוף טרי,,,פילה עוף טרי,קילוגרמים,1.00,"ק""ג",true,,39.90,39.9000,true,1,211197
7290000631059,false,כבד עוף לצליה בלבד,,,כבד עוף לצליה בלבד,קילוגרמים,1.00,"ק""ג",true,,24.90,24.9000,true,1,211234
7290000643243,false,שווארמה הודו נקבה טר,,,שווארמה הודו נקבה טר,קילוגרמים,1.00,"ק""ג",true,,74.90,74.9000,true,1,213554
7290000644356,false,גרון הודו נ. טרי,,,גרון הודו נ. טרי,קילוגרמים,1.00,"ק""ג",true,,29.90,29.9000,true,1,211236
7290000644783,false,מנות סלמון קפוא תנוב,,,מנות סלמון קפוא תנוב,קילוגרמים,1.00,"ק""ג",true,,84.90,84.9000,true,1,188240
7290000645278,false,זנב הודו מוכשר,,,זנב הודו מוכשר,קילוגרמים,1.00,"ק""ג",true,,6.90,6.9000,true,1,211237
7290000646299,false,פילה נסיכת הנילוס קפ,,,פילה נסיכת הנילוס קפ,קילוגרמים,1.00,"ק""ג",true,,59.90,59.9000,true,1,225522
7290000658926,false,פילה מרלוזה קפוא 100,,,פילה מרלוזה קפוא 100,קילוגרמים,1.00,"ק""ג",true,,34.90,34.9000,true,1,225529
7290000679631,false,קמיל בלו אל סבון קלא,,,קמיל בלו אל סבון קלא,,500.00,"100 מ""ל",false,,12.90,0.0258,true,1,204316
7290000688176,false,"מי עדן 250מ""ל",,,"מי עדן 250מ""ל",,250.00,"100 מ""ל",false,,2.90,0.0116,true,1,181744
7290000688374,false,מי עדן בייבי שישיה 6,קריות זול,,מי עדן בייבי שישיה 6,,1980.00,100 גרם,false,,15.90,0.0080,true,1,181746
7290000688381,false,מי עדן ספורט שישייה,קריות זול,,מי עדן ספורט שישייה,,3000.00,"100 מ""ל",false,,13.90,0.0046,true,1,181747
7290000688466,false,"מי עדן ג'ים 750מ""ל",קריות זול,,"מי עדן ג'ים 750מ""ל",,750.00,100 גרם,false,,3.60,0.0048,true,1,181748
7290000688503,false,מי עדן ג'ים שישייה 6,קריות זול,,מי עדן ג'ים שישייה 6,,4500.00,100 גרם,false,,19.90,0.0044,true,1,181749
7290000692135,false,ספיד סטיק ירוק פרש ל,,,ספיד סטיק ירוק פרש ל,,51.00,100 גרם,false,,19.90,0.3902,true,1,185549
7290000805597,false,בונזו 7+ לכלבים 3קג,קריות זול,,בונזו 7+ לכלבים 3קג,קילוגרמים,3.00,"ק""ג",false,,54.90,18.3000,true,1,179522
7290000931673,false,סברס,,,סברס,קילוגרמים,1.00,"ק""ג",true,,28.90,28.9000,true,1,212511
7290000931781,false,פטאיה,,,פטאיה,קילוגרמים,1.00,"ק""ג",true,,24.90,24.9000,true,1,212512
7290000932407,false,קוקוס,,,קוקוס,,1000.00,"100 מ""ל",false,,6.90,0.0069,true,1,212513
7290000979427,false,שרי כתום ארוז בלב,,,שרי כתום ארוז בלב,,460.00,100 גרם,false,,9.90,0.0215,true,1,249200
7290000991029,false,ערמונים,,,ערמונים,קילוגרמים,1.00,"ק""ג",true,,18.90,18.9000,true,1,212515
7290000991512,false,אגס נאשי,,,אגס נאשי,קילוגרמים,1.00,"ק""ג",true,,15.90,15.9000,true,1,212517
7290000991961,false,תפוח ברשת,,,תפוח ברשת,קילוגרמים,1.00,"ק""ג",true,,6.90,6.9000,true,1,212523
7290000992381,false,אפרסמון,,,אפרסמון,קילוגרמים,1.00,"ק""ג",true,,14.90,14.9000,true,1,212525
7290000992426,false,אנונה,,,אנונה,קילוגרמים,1.00,"ק""ג",true,,24.90,24.9000,true,1,212526
7290000993461,false,שרי צהוב ארוז בלב,,,שרי צהוב ארוז בלב,,460.00,"100 מ""ל",false,,9.90,0.0215,true,1,249201
7290000995410,false,נבטים סיניים נבטי הע,,,נבטים סיניים נבטי הע,,1000.00,"100 מ""ל",false,,6.90,0.0069,true,1,205112
7290000999350,false,תפוז ארוז ברשת,,,תפוז ארוז ברשת,קילוגרמים,1.00,"ק""ג",true,,3.90,3.9000,true,1,212534
7290000999361,false,"תפו""ע פינק גולד",,,"תפו""ע פינק גולד",קילוגרמים,1.00,"ק""ג",true,,15.90,15.9000,true,1,212537
7290000999390,false,חציל בלאדי,,,חציל בלאדי,קילוגרמים,1.00,"ק""ג",true,,9.90,9.9000,true,1,212539
7290000999419,false,אבוקדו ארוז ברשת,,,אבוקדו ארוז ברשת,קילוגרמים,1.00,"ק""ג",true,,8.90,8.9000,true,1,212541
7290000999626,false,ברוקולי ארוז,,,ברוקולי ארוז,,1000.00,100 גרם,false,,7.90,0.0079,true,1,212547
7290000999748,false,גינגר תפזורת,,,גינגר תפזורת,קילוגרמים,1.00,"ק""ג",true,,24.90,24.9000,true,1,212555
7290000999752,false,רימון,,,רימון,קילוגרמים,1.00,"ק""ג",true,,7.90,7.9000,true,1,212556
7290000999782,false,עגבניה מגי,,,עגבניה מגי,קילוגרמים,1.00,"ק""ג",true,,15.90,15.9000,true,1,212558
7290000999818,false,אננס,,,אננס,יחידה,0.00,יחידה,false,,34.90,0.0000,true,1,212561
7290000999819,false,קלמנטינה/מנדרינה,,,קלמנטינה/מנדרינה,קילוגרמים,1.00,"ק""ג",true,,6.90,6.9000,true,1,212562
7290000999821,false,קיווי,,,קיווי,קילוגרמים,1.00,"ק""ג",true,,19.90,19.9000,true,1,212563
7290000999825,false,עגבניה שרי מנומר,,,עגבניה שרי מנומר,קילוגרמים,1.00,"ק""ג",true,,19.90,19.9000,true,1,212564
7290000999832,false,גויבה,,,גויבה,קילוגרמים,1.00,"ק""ג",true,,15.90,15.9000,true,1,212567
7290000999834,false,דלורית,,,דלורית,קילוגרמים,1.00,"ק""ג",true,,5.90,5.9000,true,1,212569
7290000999877,false,"תפו""א לאפיה קטן",,,"תפו""א לאפיה קטן",קילוגרמים,1.00,"ק""ג",true,,3.90,3.9000,true,1,212575
7290000999890,false,פלפל שושקה,,,פלפל שושקה,קילוגרמים,1.00,"ק""ג",true,,16.90,16.9000,true,1,212576
7290000999896,false,ענבים אדום,,,ענבים אדום,קילוגרמים,1.00,"ק""ג",true,,24.90,24.9000,true,1,212577
7290000999899,false,קישואים זוקיני,,,קישואים זוקיני,קילוגרמים,1.00,"ק""ג",true,,14.90,14.9000,true,1,212578
7290000999901,false,עגבניה אשכולות,,,עגבניה אשכולות,קילוגרמים,1.00,"ק""ג",true,,5.90,5.9000,true,1,212579
7290000999902,false,עגבניה שרי,,,עגבניה שרי,קילוגרמים,1.00,"ק""ג",true,,15.90,15.9000,true,1,212580
7290000999903,false,מלפפון,,,מלפפון,קילוגרמים,1.00,"ק""ג",true,,5.90,5.9000,true,1,212581
7290000999904,false,פלפל ירוק,,,פלפל ירוק,קילוגרמים,1.00,"ק""ג",true,,8.90,8.9000,true,1,212582
7290000999905,false,פלפל בהיר,,,פלפל בהיר,קילוגרמים,1.00,"ק""ג",true,,9.90,9.9000,true,1,212583
7290000999906,false,פלפל אדום,,,פלפל אדום,קילוגרמים,1.00,"ק""ג",true,,9.90,9.9000,true,1,212584
7290000999907,false,פלפל צהוב,,,פלפל צהוב,קילוגרמים,1.00,"ק""ג",true,,8.90,8.9000,true,1,212585
7290000999908,false,פלפל חריף,,,פלפל חריף,קילוגרמים,1.00,"ק""ג",true,,8.90,8.9000,true,1,212586
7290000999909,false,כרוב לבן,,,כרוב לבן,קילוגרמים,1.00,"ק""ג",true,,3.90,3.9000,true,1,212587
7290000999910,false,כרוב אדום,,,כרוב אדום,קילוגרמים,1.00,"ק""ג",true,,6.90,6.9000,true,1,212588
7290000999911,false,כרובית,,,כרובית,קילוגרמים,1.00,"ק""ג",true,,11.90,11.9000,true,1,212589
7290000999912,false,קישואים,,,קישואים,קילוגרמים,1.00,"ק""ג",true,,7.90,7.9000,true,1,212590
7290000999913,false,חציל,,,חציל,קילוגרמים,1.00,"ק""ג",true,,5.90,5.9000,true,1,212591
7290000999914,false,גזר ארוז,,,גזר ארוז,קילוגרמים,1.00,"ק""ג",true,,4.90,4.9000,true,1,212592
7290000999916,false,סלק,,,סלק,קילוגרמים,1.00,"ק""ג",true,,5.90,5.9000,true,1,212594
7290000999917,false,בטטה,,,בטטה,קילוגרמים,1.00,"ק""ג",true,,8.90,8.9000,true,1,212595
7290000999918,false,דלעת,,,דלעת,קילוגרמים,1.00,"ק""ג",true,,9.90,9.9000,true,1,212596
7290000999919,false,בצל יבש,,,בצל יבש,קילוגרמים,1.00,"ק""ג",true,,3.90,3.9000,true,1,212597
7290000999920,false,בצל אדום,,,בצל אדום,קילוגרמים,1.00,"ק""ג",true,,6.90,6.9000,true,1,212598
7290000999921,false,חסה ערבית,,,חסה ערבית,,1000.00,"100 מ""ל",false,,4.90,0.0049,true,1,213307
7290000999922,false,חסה עגולה,,,חסה עגולה,,1000.00,"100 מ""ל",false,,5.90,0.0059,true,1,213308
7290000999924,false,שום יבש,,,שום יבש,,1000.00,"100 מ""ל",false,,7.90,0.0079,true,1,212599
7290000999925,false,"תפו""א לבן",,,"תפו""א לבן",קילוגרמים,1.00,"ק""ג",true,,3.90,3.9000,true,1,212600
7290000999926,false,"תפו""א אדום",,,"תפו""א אדום",קילוגרמים,1.00,"ק""ג",true,,4.90,4.9000,true,1,212601
7290000999934,false,עגבניה שרי תמר,,,עגבניה שרי תמר,קילוגרמים,1.00,"ק""ג",true,,19.90,19.9000,true,1,212602
7290000999936,false,תירס,,,תירס,קילוגרמים,1.00,"ק""ג",true,,9.90,9.9000,true,1,212603
7290000999942,false,תפו'ע זהוב,,,תפו'ע זהוב,קילוגרמים,1.00,"ק""ג",true,,11.90,11.9000,true,1,212605
7290000999943,false,תפו'ע סמיט,,,תפו'ע סמיט,קילוגרמים,1.00,"ק""ג",true,,11.90,11.9000,true,1,212606
7290000999944,false,תפו'ע חרמון/גלה,,,תפו'ע חרמון/גלה,קילוגרמים,1.00,"ק""ג",true,,11.90,11.9000,true,1,212607
7290000999945,false,אגס,,,אגס,קילוגרמים,1.00,"ק""ג",true,,13.90,13.9000,true,1,212608
7290000999947,false,שזיף אדום,,,שזיף אדום,קילוגרמים,1.00,"ק""ג",true,,19.90,19.9000,true,1,212609
7290000999948,false,נקטרינה,,,נקטרינה,קילוגרמים,1.00,"ק""ג",true,,12.90,12.9000,true,1,212610
7290000999949,false,בננה,,,בננה,קילוגרמים,1.00,"ק""ג",true,,7.90,7.9000,true,1,212611
7290000999950,false,מלון,,,מלון,קילוגרמים,1.00,"ק""ג",true,,7.90,7.9000,true,1,212612
7290000999952,false,ענבים לבנים,,,ענבים לבנים,קילוגרמים,1.00,"ק""ג",true,,24.90,24.9000,true,1,212614
7290000999953,false,לימון,,,לימון,קילוגרמים,1.00,"ק""ג",true,,6.90,6.9000,true,1,212615
7290000999954,false,מנגו,,,מנגו,קילוגרמים,1.00,"ק""ג",true,,12.90,12.9000,true,1,212616
7290000999955,false,קולורבי,,,קולורבי,קילוגרמים,1.00,"ק""ג",true,,7.90,7.9000,true,1,212617
7290000999956,false,פלפל כתום,,,פלפל כתום,קילוגרמים,1.00,"ק""ג",true,,9.90,9.9000,true,1,212618
7290000999957,false,אבוקדו,,,אבוקדו,קילוגרמים,1.00,"ק""ג",true,,12.90,12.9000,true,1,212619
7290000999959,false,תפו'ע יונתן,,,תפו'ע יונתן,קילוגרמים,1.00,"ק""ג",true,,9.90,9.9000,true,1,212621
7290000999961,false,שומר,,,שומר,קילוגרמים,1.00,"ק""ג",true,,6.90,6.9000,true,1,212622
7290000999976,false,תפו'ע ענה,,,תפו'ע ענה,קילוגרמים,1.00,"ק""ג",true,,9.90,9.9000,true,1,212627
7290000999978,false,קובו,,,קובו,קילוגרמים,1.00,"ק""ג",true,,25.00,25.0000,true,1,212629
7290000999988,false,תפוז,,,תפוז,קילוגרמים,1.00,"ק""ג",true,,6.90,6.9000,true,1,212631
7290000999990,false,פומלית,,,פומלית,קילוגרמים,1.00,"ק""ג",true,,5.90,5.9000,true,1,212633
7290001009123,false,לחם כוסמין 100% 600,,,לחם כוסמין 100% 600,,600.00,100 גרם,false,,15.90,0.0265,true,1,234609
7290001009178,false,לחם שיפון לחמנו 900ג,,,לחם שיפון לחמנו 900ג,,900.00,"100 מ""ל",false,,15.90,0.0177,true,1,208151
7290001041260,false,שומשום 400 גרם,,,שומשום 400 גרם,,400.00,100 גרם,false,,11.90,0.0298,true,1,202769
7290001045169,false,פרימור תפוחים צלול 1,קריות זול,,פרימור תפוחים צלול 1,,1000.00,100 גרם,false,,16.90,0.0169,true,1,195659
7290001050019,false,"קמח תפו""א פרימיום 50",,,"קמח תפו""א פרימיום 50",,500.00,"100 מ""ל",false,,5.90,0.0118,true,1,208514
7290001072035,false,דאודורנט נובו מאן 15,,,דאודורנט נובו מאן 15,,150.00,100 גרם,false,,9.90,0.0660,true,1,233611
7290001072042,false,דאודורנט נובו מאן 15,,,דאודורנט נובו מאן 15,,150.00,100 גרם,false,,9.90,0.0660,true,1,233612
7290001121054,false,צמד חמד יחיעם 700 גר,קריות זול,,צמד חמד יחיעם 700 גר,,700.00,"100 מ""ל",false,,29.90,0.0427,true,1,172230
7290001121238,false,קורנדביף יחיעם 180גר,,,קורנדביף יחיעם 180גר,,180.00,100 גרם,false,,29.90,0.1661,true,1,172233
7290001133484,false,פילה סלמון נורבגי קפ,,,פילה סלמון נורבגי קפ,קילוגרמים,1.00,"ק""ג",true,,79.90,79.9000,true,1,232320
7290001136294,false,נקה 7 שמפו לשיער יבש,,,נקה 7 שמפו לשיער יבש,,750.00,100 גרם,false,,12.90,0.0172,true,1,180218
7290001136300,false,נקה 7 שמפו לסירוק קל,,,נקה 7 שמפו לסירוק קל,,750.00,"100 מ""ל",false,,12.90,0.0172,true,1,180219
7290001216040,false,טחינה אל ארז 500גר,,,טחינה אל ארז 500גר,,500.00,100 גרם,false,,16.90,0.0338,true,1,213589
7290001230331,false,כאמל בוקס,,,כאמל בוקס,יחידה,0.00,יחידה,false,,32.00,0.0000,false,1,202905
7290001231932,false,וינסטון כחול בוקס,,,וינסטון כחול בוקס,יחידה,0.00,יחידה,false,,34.00,0.0000,false,1,202910
7290001245729,false,ג'ל כביסה ירוק 3ל טא,,,ג'ל כביסה ירוק 3ל טא,ליטרים,3.00,ליטר,false,,17.90,5.9667,true,1,233627
7290001245989,false,מרכך כביסה סגול 4 לי,,,מרכך כביסה סגול 4 לי,ליטרים,4.00,ליטר,false,,12.90,3.2250,true,1,233639
7290001246177,false,מבשם נטול גז סגול 35,,,מבשם נטול גז סגול 35,,350.00,100 גרם,false,,7.90,0.0226,true,1,233649
7290001246184,false,מבשם נטול גז צהוב 35,,,מבשם נטול גז צהוב 35,,350.00,"100 מ""ל",false,,7.90,0.0226,true,1,233650
7290001246528,false,מרכך כביסה מרוכז פרי,,,מרכך כביסה מרוכז פרי,ליטרים,1.00,ליטר,false,,13.90,13.9000,true,1,233659
7290001246832,false,ג'ל כביסה כחול 5 ליט,,,ג'ל כביסה כחול 5 ליט,ליטרים,5.00,ליטר,false,,25.90,5.1800,true,1,233663
7290001247068,false,ספרינג תות בננה קרטו,קריות זול,,ספרינג תות בננה קרטו,,1000.00,100 גרם,false,,7.90,0.0079,true,1,181764
7290001247082,false,ספרינג עגבניות קרטונ,קריות זול,,ספרינג עגבניות קרטונ,,1000.00,"100 מ""ל",false,,7.90,0.0079,true,1,181766
7290001247099,false,ספרינג מנגו קרטונית,קריות זול,,ספרינג מנגו קרטונית,,1000.00,100 גרם,false,,7.90,0.0079,true,1,181767
7290001247105,false,ספרינג נקטר אפרסק 1,קריות זול,,ספרינג נקטר אפרסק 1,,1000.00,100 גרם,false,,7.90,0.0079,true,1,181768
7290001247112,false,ספרינג לימונענע קרטו,קריות זול,,ספרינג לימונענע קרטו,,1000.00,"100 מ""ל",false,,7.90,0.0079,true,1,181769
7290001247129,false,ספרינג תפוז קרטונית,קריות זול,,ספרינג תפוז קרטונית,,1000.00,"100 מ""ל",false,,7.90,0.0079,true,1,181770
7290001247143,false,ספרינג תפוח קרטונית,קריות זול,,ספרינג תפוח קרטונית,,1000.00,100 גרם,false,,7.90,0.0079,true,1,181771
7290001274422,false,מאגדת שלגונים ציפוי,,,מאגדת שלגונים ציפוי,,8.00,יח',false,,22.90,2.8625,true,1,222768
7290001274934,false,גלידל פרי מאגדת בטעם,,,גלידל פרי מאגדת בטעם,,5.00,יח',false,,22.90,4.5800,true,1,222769
7290001274941,false,גלידל פרי מאגדת בטעם,,,גלידל פרי מאגדת בטעם,,8.00,יח',false,,22.90,2.8625,true,1,222770
7290001305058,false,פלמוליב תחליב רחצה ס,קריות זול,,פלמוליב תחליב רחצה ס,,500.00,100 גרם,false,,16.90,0.0338,true,1,185567
7290001322789,false,לשון בקר חלק קפוא,,,לשון בקר חלק קפוא,קילוגרמים,1.00,"ק""ג",true,,39.90,39.9000,true,1,232329
7290001327180,false,קרמיסימו וניל ציפ 1.,קריות זול,,קרמיסימו וניל ציפ 1.,,1330.00,100 גרם,false,,21.90,0.0165,true,1,187573
7290001369289,false,צלעות אסאדו (אצבעות),,,צלעות אסאדו (אצבעות),קילוגרמים,1.00,"ק""ג",true,,49.90,49.9000,true,1,234440
7290001369753,false,לשון חלק קפוא,,,לשון חלק קפוא,קילוגרמים,1.00,"ק""ג",true,,39.90,39.9000,true,1,248553
7290001407134,false,חלבה פרוסות שוקו וני,,,חלבה פרוסות שוקו וני,,400.00,100 גרם,false,,16.90,0.0422,true,1,176915
7290001407547,false,טחינה משומשום מלא פי,,,טחינה משומשום מלא פי,,500.00,"100 מ""ל",false,,17.90,0.0358,true,1,176917
7290001436790,false,נקניקיות מרגז מיני א,,,נקניקיות מרגז מיני א,,500.00,"100 מ""ל",false,,29.90,0.0598,true,1,199245
7290001455234,false,פילה אמנון 5-7 וואקו,,,פילה אמנון 5-7 וואקו,קילוגרמים,1.00,"ק""ג",true,,29.90,29.9000,true,1,198990
7290001455418,false,סטייק טונה בדץ קפוא,,,סטייק טונה בדץ קפוא,קילוגרמים,1.00,"ק""ג",true,,39.90,39.9000,true,1,221127
7290001455937,false,אנטריקוט עגל פריים,,,אנטריקוט עגל פריים,קילוגרמים,1.00,"ק""ג",true,,149.00,149.0000,true,1,245679
7290001476208,false,ברי פקאן צאן 22% מחל,,,ברי פקאן צאן 22% מחל,קילוגרמים,1.00,"ק""ג",true,,135.00,135.0000,true,1,171542
7290001482094,false,פרמז'נו וילי פוד 200,,,פרמז'נו וילי פוד 200,,200.00,100 גרם,false,,22.90,0.1145,true,1,178583
7290001485019,false,גבינת שמנת טבעי 5% 2,קריות זול,,גבינת שמנת טבעי 5% 2,,200.00,"100 מ""ל",false,,12.90,0.0645,true,1,184559
7290001491096,false,תה ירוק בתוספת לימונ,קריות זול,,תה ירוק בתוספת לימונ,,50.00,100 ליטר,false,,45.90,0.9180,true,1,190757
7290001567760,false,פסטרמה של פעם ללא חו,,,פסטרמה של פעם ללא חו,,300.00,"100 מ""ל",false,,29.90,0.0997,true,1,172261
7290001567937,false,איטלקי מפולפל יחיעם,,,איטלקי מפולפל יחיעם,,200.00,100 גרם,false,,12.90,0.0645,true,1,222482
7290001594155,false,קוקה קולה בקבוק 500מ,קריות זול,,קוקה קולה בקבוק 500מ,,500.00,"100 מ""ל",false,,7.00,0.0140,true,1,210119
7290001594377,false,פריגת תפוזים 500 מל,קריות זול,,פריגת תפוזים 500 מל,,500.00,"100 מ""ל",false,,6.50,0.0130,true,1,210131
7290001594568,false,בירה קרלסברג פחית 50,קריות זול,,בירה קרלסברג פחית 50,,500.00,100 גרם,false,,9.90,0.0198,true,1,210139
7290001594858,false,בירה טובורג בקבוק שי,קריות זול,,בירה טובורג בקבוק שי,,1980.00,"100 מ""ל",false,,39.90,0.0202,true,1,210148
7290001594865,false,שישיית בירה קרלסברג,קריות זול,,שישיית בירה קרלסברג,,1980.00,"100 מ""ל",false,,39.90,0.0202,true,1,210149
7290001598085,false,לחם משפחתי 1.1 קג,,,לחם משפחתי 1.1 קג,,1100.00,100 גרם,false,,15.90,0.0145,true,1,245969
7290001598115,false,לחם חיטה 700 גרם,,,לחם חיטה 700 גרם,,700.00,"100 מ""ל",false,,13.50,0.0193,true,1,245967
7290001598122,false,לחם מיוחד 550 גרם,,,לחם מיוחד 550 גרם,,550.00,"100 מ""ל",false,,13.50,0.0245,true,1,245968
7290001598191,false,לחם קל מקמח שיפון 70,,,לחם קל מקמח שיפון 70,,700.00,"100 מ""ל",false,,13.50,0.0193,true,1,245970
7290001598276,false,"לחם 7 דגנים 1.1 ק""ג",,,"לחם 7 דגנים 1.1 ק""ג",,1100.00,100 גרם,false,,15.90,0.0145,true,1,245973
7290001598580,false,פיתות 6 יח כוסמין 37,,,פיתות 6 יח כוסמין 37,,372.00,100 גרם,false,,15.90,0.0427,true,1,245976
7290001648995,false,*מבצע* קפה טורקי רג',,,*מבצע* קפה טורקי רג',,300.00,"100 מ""ל",false,,12.90,0.0430,true,1,218433
7290001670514,false,מלית אוכמניות 400 גר,קריות זול,,מלית אוכמניות 400 גר,,400.00,"100 מ""ל",false,,13.90,0.0348,true,1,191519
7290001670736,false,כפפות ניילון שקוף הנ,קריות זול,,כפפות ניילון שקוף הנ,יחידה,0.00,יחידה,false,,5.90,0.0000,true,1,191524
7290001713150,false,אקונומיקה קצף ניקוי,,,אקונומיקה קצף ניקוי,ליטרים,1.00,ליטר,false,,11.90,11.9000,true,1,236230
7290001713167,false,קצף לניקוי כלים סניט,,,קצף לניקוי כלים סניט,ליטרים,1.00,ליטר,false,,11.90,11.9000,true,1,236231
7290001714058,false,אנטריקוט עגל פריים,,,אנטריקוט עגל פריים,קילוגרמים,1.00,"ק""ג",true,,149.00,149.0000,true,1,198671
7290001714072,false,צלעות עגל,,,צלעות עגל,קילוגרמים,1.00,"ק""ג",true,,69.90,69.9000,true,1,198672
7290001714089,false,צוואר עגל,,,צוואר עגל,קילוגרמים,1.00,"ק""ג",true,,69.90,69.9000,true,1,198673
7290001714096,false,חזה עגל,,,חזה עגל,קילוגרמים,1.00,"ק""ג",true,,69.90,69.9000,true,1,198674
7290001714133,false,גולש עגל,,,גולש עגל,קילוגרמים,1.00,"ק""ג",true,,69.00,69.0000,true,1,240893
7290001780428,false,מאגדת לייט שלגוני שו,,,מאגדת לייט שלגוני שו,,312.00,100 גרם,false,,29.90,0.0958,true,1,183800
7290001791349,false,אקונומיקה פיסגה ריחנ,קריות זול,,אקונומיקה פיסגה ריחנ,ליטרים,4.00,ליטר,false,,12.90,3.2250,true,1,180245
7290001865439,false,פמלי סבון נוזלי וניל,קריות זול,,פמלי סבון נוזלי וניל,,1000.00,100 מ'ל,false,,14.90,0.0149,true,1,207421
7290001867655,false,"תפו""א גורמה חוות גלי",,,"תפו""א גורמה חוות גלי",קילוגרמים,1.00,"ק""ג",true,,5.90,5.9000,true,1,245407
7290001873052,false,צלי כתף עגל,,,צלי כתף עגל,קילוגרמים,1.00,"ק""ג",true,,89.90,89.9000,true,1,244515
7290001881224,false,אננס קפוא 300גר,,,אננס קפוא 300גר,,300.00,"100 מ""ל",false,,14.90,0.0497,true,1,227277
7290001893838,false,לברק נקי טרי,,,לברק נקי טרי,קילוגרמים,1.00,"ק""ג",true,,69.90,69.9000,true,1,198028
7290001973233,false,קמיל בלו סנסטיב מגבו,,,קמיל בלו סנסטיב מגבו,יחידה,0.00,יחידה,false,,10.90,0.0000,true,1,205761
7290001990117,false,שומשום סוגת 100גר,קריות זול,,שומשום סוגת 100גר,,100.00,100 גרם,false,,4.90,0.0490,true,1,192412
7290001990148,false,סוכר גולדן קלאסי בצנ,קריות זול,,סוכר גולדן קלאסי בצנ,,1000.00,"100 מ""ל",false,,12.90,0.0129,true,1,192413
7290001990261,false,חומוס סוגת 1קג,,,חומוס סוגת 1קג,,1000.00,100 גרם,false,,15.90,0.0159,true,1,192414
7290002000266,false,מגע המשי שעווה תפוח,,,מגע המשי שעווה תפוח,,500.00,"100 מ""ל",false,,19.90,0.0398,true,1,207430
7290002007302,false,סוכריות מזרה צבע אחי,קריות זול,,סוכריות מזרה צבע אחי,,100.00,100 גרם,false,,5.90,0.0590,true,1,191550
7290002007357,false,שקיות לצליה דליקטס ק,,,שקיות לצליה דליקטס ק,,10.00,יח',false,,4.90,0.4900,true,1,191552
7290002007500,false,קיסמי שיניים במבוק 5,קריות זול,,קיסמי שיניים במבוק 5,,500.00,יח',false,,3.90,0.0078,true,1,191559
7290002007821,false,צבע מאכל אדום 55מל,קריות זול,,צבע מאכל אדום 55מל,,55.00,100 מ'ל,false,,3.50,0.0636,true,1,191565
7290002008118,false,צמרונים עץ 100יח.,קריות זול,,צמרונים עץ 100יח.,,100.00,100 ליטר,false,,1.90,0.0190,true,1,191584
7290002008156,false,עטרות חום .5,קריות זול,,עטרות חום .5,יחידה,0.00,יחידה,false,,6.90,0.0000,true,1,191586
7290002008309,false,עטרות חום 4,,,עטרות חום 4,יחידה,0.00,יחידה,false,,5.90,0.0000,true,1,191594
7290002008491,false,סוכריות מזרה שוקולד,קריות זול,,סוכריות מזרה שוקולד,,100.00,"100 מ""ל",false,,5.90,0.0590,true,1,191605
7290002008828,false,סוכריות לעוגה גמבו ש,,,סוכריות לעוגה גמבו ש,,200.00,"100 מ""ל",false,,9.50,0.0475,true,1,191618
7290002014201,false,חומוס  מיקי 200 גרם,,,חומוס  מיקי 200 גרם,,200.00,"100 מ""ל",false,,8.90,0.0445,true,1,187408
7290002019787,false,רסק עגבניות22% פריני,קריות זול,,רסק עגבניות22% פריני,,260.00,100 גרם,false,,4.50,0.0173,true,1,194938
7290002019794,false,רסק עגבניות 22% פרינ,,,רסק עגבניות 22% פרינ,,100.00,"100 מ""ל",false,,2.50,0.0250,true,1,194939
7290002022152,false,מרשמלו 100 גרם ורוד,קריות זול,,מרשמלו 100 גרם ורוד,,100.00,"100 מ""ל",false,,4.90,0.0490,true,1,213345
7290002022923,false,לקקן תות פופ 50יח,,,לקקן תות פופ 50יח,,500.00,100 גרם,false,,14.90,0.0298,true,1,213346
7290002026341,false,צ'יפס אריסטו רגיל 50,,,צ'יפס אריסטו רגיל 50,,500.00,"100 מ""ל",false,,17.90,0.0358,true,1,222787
7290002026365,false,טבעות בצל 500גר,,,טבעות בצל 500גר,,500.00,"100 מ""ל",false,,10.90,0.0218,true,1,174066
7290002026402,false,בלינצס גבינה 350גר,,,בלינצס גבינה 350גר,,350.00,"100 מ""ל",false,,14.90,0.0426,true,1,174067
7290002026440,false,פרצלס קפוא 280גר,,,פרצלס קפוא 280גר,,280.00,100 גרם,false,,14.90,0.0532,true,1,174070
7290002026587,false,וופל בלגי קפוא 8יח ב,,,וופל בלגי קפוא 8יח ב,,280.00,100 גרם,false,,14.90,0.0532,true,1,222789
7290002037163,false,לחם אחיד פרוס 750גר,,,לחם אחיד פרוס 750גר,,750.00,100 גרם,false,,7.10,0.0095,true,1,199922
7290002037637,false,חליות מתוקות 4יח,,,חליות מתוקות 4יח,,400.00,100 גרם,false,,12.90,0.0323,true,1,199933
7290002053088,false,אטריות ביצים מס`8 20,,,אטריות ביצים מס`8 20,,200.00,"100 מ""ל",false,,9.90,0.0495,true,1,192894
7290002053538,false,נודלס תאילנדי 400גר+,,,נודלס תאילנדי 400גר+,יחידה,0.00,יחידה,false,,19.90,0.0000,true,1,192903
7290002079552,false,לחם אחיד שחור,,,לחם אחיד שחור,,750.00,"100 מ""ל",false,,5.10,0.0068,true,1,195092
7290002079590,false,חלה רגילה 500גר,,,חלה רגילה 500גר,,500.00,"100 מ""ל",false,,5.17,0.0103,true,1,195094
7290002079606,false,חלה רגילה 500גר,,,חלה רגילה 500גר,,500.00,"100 מ""ל",false,,5.17,0.0103,true,1,195095
7290002107071,false,פטה עיזים מעודנת 16%,,,פטה עיזים מעודנת 16%,,200.00,"100 מ""ל",false,,28.50,0.1425,true,1,184591
7290002107385,false,גליל גבינת עיזים צור,,,גליל גבינת עיזים צור,,180.00,"100 מ""ל",false,,25.50,0.1417,true,1,184599
7290002107491,false,גבינת עזים למריחה טב,קריות זול,,גבינת עזים למריחה טב,,250.00,"100 מ""ל",false,,17.50,0.0700,true,1,184606
7290002107798,false,בולגרית מעודנת 5% בג,,,בולגרית מעודנת 5% בג,,250.00,"100 מ""ל",false,,24.50,0.0980,true,1,184615
7290002107965,false,גבינה טבורוג לאפייה,קריות זול,,גבינה טבורוג לאפייה,,500.00,"100 מ""ל",false,,27.90,0.0558,true,1,184622
7290002128410,false,נרות שולחן 6 יח,קריות זול,,נרות שולחן 6 יח,,6.00,יח',false,,3.50,0.5833,true,1,173436
7290002128434,false,נרות שולחן 10 יח,קריות זול,,נרות שולחן 10 יח,,10.00,יח',false,,3.50,0.3500,true,1,173438
7290002128458,false,נר שבת מספר 16יח,,,נר שבת מספר 16יח,יחידה,0.00,יחידה,false,,3.50,0.0000,true,1,173440
7290002128687,false,נר שבת 72 רגיל,,,נר שבת 72 רגיל,,72.00,יח',false,,25.90,0.3597,true,1,173442
7290002130567,false,דבש טהור מפרחי בר בז,קריות זול,,דבש טהור מפרחי בר בז,,350.00,"100 מ""ל",false,,19.90,0.0569,true,1,208544
7290002132011,false,עוגיות עבאדי מזרחיות,קריות זול,,עוגיות עבאדי מזרחיות,,400.00,"100 מ""ל",false,,19.90,0.0497,true,1,190762
7290002133094,false,ברינזה צאן שומרון,,,ברינזה צאן שומרון,קילוגרמים,1.00,"ק""ג",true,,79.00,79.0000,true,1,174207
7290002133148,false,צפתית רכה 5% שומרון,,,צפתית רכה 5% שומרון,קילוגרמים,1.00,"ק""ג",true,,39.00,39.0000,true,1,174210
7290002133537,false,יוגורט של פעם חלב עי,,,יוגורט של פעם חלב עי,,180.00,100 גרם,false,,5.90,0.0328,true,1,174224
7290002133551,false,לאבנה עם זעתר ושמן ז,,,לאבנה עם זעתר ושמן ז,,500.00,"100 מ""ל",false,,16.90,0.0338,true,1,174226
7290002133889,false,בולגרית מעודנת בקר 5,,,בולגרית מעודנת בקר 5,,250.00,"100 מ""ל",false,,18.90,0.0756,true,1,174234
7290002133940,false,יוגורט של פעם חלב כב,,,יוגורט של פעם חלב כב,,180.00,"100 מ""ל",false,,5.90,0.0328,true,1,174237
7290002150077,false,פלאפל חמים וטעים 400,,,פלאפל חמים וטעים 400,,400.00,"100 מ""ל",false,,15.90,0.0398,true,1,172408
7290002150718,false,"קרפלך במילוי תפו""א ח",,,"קרפלך במילוי תפו""א ח",,400.00,100 גרם,false,,15.90,0.0398,true,1,172433
7290002150732,false,קרפלך במילוי בשר חמי,,,קרפלך במילוי בשר חמי,,400.00,"100 מ""ל",false,,16.90,0.0422,true,1,172434
7290002150794,false,סיגר בשר חמים וטעים,,,סיגר בשר חמים וטעים,,400.00,"100 מ""ל",false,,16.90,0.0422,true,1,172435
7290002150817,false,"סיגר תפו""א חמים וטעי",,,"סיגר תפו""א חמים וטעי",,400.00,"100 מ""ל",false,,15.90,0.0398,true,1,172436
7290002150862,false,קובה בשר מטוגן חמים,,,קובה בשר מטוגן חמים,,400.00,"100 מ""ל",false,,16.90,0.0422,true,1,172439
7290002153801,false,אובלטים שומשום 300 ג,,,אובלטים שומשום 300 ג,,300.00,"100 מ""ל",false,,10.90,0.0363,true,1,232248
7290002153825,false,אובלטים מלוחים 300 ג,,,אובלטים מלוחים 300 ג,,300.00,"100 מ""ל",false,,10.90,0.0363,true,1,232249
7290002153887,false,אובלטים קימל 300גר,,,אובלטים קימל 300גר,,300.00,"100 מ""ל",false,,10.90,0.0363,true,1,232250
7290002195054,false,המבורגר בלדי 400גר,,,המבורגר בלדי 400גר,,400.00,100 גרם,false,,13.90,0.0348,true,1,199255
7290002195078,false,בלדי קבב כבש 400גר,,,בלדי קבב כבש 400גר,,400.00,100 גרם,false,,13.90,0.0348,true,1,199257
7290002195085,false,קבב מזרחי 400גר,,,קבב מזרחי 400גר,,400.00,100 גרם,false,,13.90,0.0348,true,1,199258
7290002195092,false,קבב רומני 400גר,,,קבב רומני 400גר,,400.00,100 גרם,false,,13.90,0.0348,true,1,199259
7290002211013,false,קמח חיטה לבן בהיר 1ק,,,קמח חיטה לבן בהיר 1ק,,1000.00,100 גרם,false,,5.50,0.0055,true,1,201725
7290002211044,false,"סולת 1ק""ג",,,"סולת 1ק""ג",,1000.00,100 גרם,false,,6.50,0.0065,true,1,198712
7290002211112,false,קמח רוט כחול לבן 1קג,,,קמח רוט כחול לבן 1קג,,1000.00,100 גרם,false,,5.90,0.0059,true,1,216886
7290002211501,false,קמח תופח מנופה טחנת,,,קמח תופח מנופה טחנת,,1000.00,"100 מ""ל",false,,7.90,0.0079,true,1,249341
7290002211518,false,קמח חיטה לבן מנופה ט,,,קמח חיטה לבן מנופה ט,,1000.00,"100 מ""ל",false,,7.90,0.0079,true,1,249342
7290002239185,false,אפונה מוקפאת 800גר,קריות זול,,אפונה מוקפאת 800גר,,800.00,100 גרם,false,,10.90,0.0136,true,1,201230
7290002239215,false,אפונה וגזר 800גר,קריות זול,,אפונה וגזר 800גר,,800.00,"100 מ""ל",false,,10.90,0.0136,true,1,201231
7290002239277,false,גזר גמדי 800גר,קריות זול,,גזר גמדי 800גר,,800.00,"100 מ""ל",false,,10.90,0.0136,true,1,201232
7290002239307,false,שעועית צהובה 800גר,,,שעועית צהובה 800גר,,800.00,100 גרם,false,,10.90,0.0136,true,1,201233
7290002239338,false,שעועית ירוקה 800גר,קריות זול,,שעועית ירוקה 800גר,,800.00,100 גרם,false,,10.90,0.0136,true,1,201234
7290002239420,false,גרעיני תירס 800גר,קריות זול,,גרעיני תירס 800גר,,800.00,"100 מ""ל",false,,10.90,0.0136,true,1,201237
7290002253006,false,שום כתוש דורות 200גר,קריות זול,,שום כתוש דורות 200גר,,200.00,100 גרם,false,,16.90,0.0845,true,1,176921
7290002253105,false,קוביות שום דורות 80ג,קריות זול,,קוביות שום דורות 80ג,,80.00,100 גרם,false,,11.90,0.1488,true,1,176926
7290002253150,false,קוביות בזיליקום קצוץ,קריות זול,,קוביות בזיליקום קצוץ,,70.00,100 גרם,false,,11.90,0.1700,true,1,176927
7290002253167,false,פטרוזליה קצוצה דורות,קריות זול,,פטרוזליה קצוצה דורות,,70.00,"100 מ""ל",false,,11.90,0.1700,true,1,176928
7290002253181,false,כוסברה קצוצה דורות 7,קריות זול,,כוסברה קצוצה דורות 7,,70.00,"100 מ""ל",false,,11.90,0.1700,true,1,176930
7290002253198,false,גינגר כתוש במגשית דו,קריות זול,,גינגר כתוש במגשית דו,,70.00,"100 מ""ל",false,,11.90,0.1700,true,1,176931
7290002255055,false,"פלאפל בד""צ 700גר",,,"פלאפל בד""צ 700גר",,700.00,"100 מ""ל",false,,15.90,0.0227,true,1,173923
7290002278528,false,כרית ניקוי כלים 2יח,,,כרית ניקוי כלים 2יח,יחידה,0.00,יחידה,false,,7.90,0.0000,true,1,197910
7290002291046,false,המבורגר מסעדות קצביי,,,המבורגר מסעדות קצביי,,480.00,"100 מ""ל",false,,25.90,0.0540,true,1,199260
7290002319016,false,אבקת אפיה 10*10גרם,,,אבקת אפיה 10*10גרם,,100.00,"100 מ""ל",false,,2.00,0.0200,true,1,202776
7290002319023,false,סוכר וניל מיה 10*10ג,,,סוכר וניל מיה 10*10ג,,100.00,100 גרם,false,,2.00,0.0200,true,1,202777
7290002319061,false,קוקוס טחון מיה 100 ג,,,קוקוס טחון מיה 100 ג,,100.00,100 גרם,false,,4.90,0.0490,true,1,202780
7290002319078,false,שומשום מיה 100 גר,,,שומשום מיה 100 גר,,100.00,"100 מ""ל",false,,4.90,0.0490,true,1,202781
7290002319139,false,שעועית לבנה 500גר,,,שעועית לבנה 500גר,,500.00,"100 מ""ל",false,,8.90,0.0178,true,1,202784
7290002319146,false,שעועית אדומה 500גר,,,שעועית אדומה 500גר,,500.00,"100 מ""ל",false,,8.90,0.0178,true,1,202785
7290002319160,false,אפונה מאה 500 גר,,,אפונה מאה 500 גר,,500.00,"100 מ""ל",false,,6.90,0.0138,true,1,202786
7290002319177,false,פופקורן מיה 500 גר,,,פופקורן מיה 500 גר,,500.00,"100 מ""ל",false,,6.90,0.0138,true,1,202787
7290002319184,false,עדשים אדומות 500 גר,,,עדשים אדומות 500 גר,,500.00,"100 מ""ל",false,,8.90,0.0178,true,1,202788
7290002319191,false,עדשים ירוקות 500 גר,,,עדשים ירוקות 500 גר,,500.00,"100 מ""ל",false,,8.90,0.0178,true,1,202789
7290002319221,false,חיטה מיה 500 גר,,,חיטה מיה 500 גר,,500.00,100 גרם,false,,6.90,0.0138,true,1,202792
7290002319528,false,קמח מצה 200גר,,,קמח מצה 200גר,,200.00,100 גרם,false,,3.30,0.0165,true,1,198713
7290002319771,false,"תמצית אפיה וניל 50מ""",,,"תמצית אפיה וניל 50מ""",,50.00,100 גרם,false,,3.50,0.0700,true,1,202804
7290002319788,false,תמצית אפיה בטעם רום,,,תמצית אפיה בטעם רום,,50.00,"100 מ""ל",false,,3.50,0.0700,true,1,202805
7290002319825,false,אבקת סוכר מיה 100גרם,,,אבקת סוכר מיה 100גרם,,100.00,"100 מ""ל",false,,2.00,0.0200,true,1,202808
7290002331018,false,נביעות 500מל,קריות זול,,נביעות 500מל,,500.00,"100 מ""ל",false,,2.90,0.0058,true,1,210161
7290002331025,false,נביעות ספורט 500מל,,,נביעות ספורט 500מל,,500.00,"100 מ""ל",false,,3.00,0.0060,true,1,210162
7290002331360,false,נביעות טו גו שישייה,קריות זול,,נביעות טו גו שישייה,,3000.00,"100 מ""ל",false,,15.90,0.0053,true,1,210173
7290002336686,false,אסאדו עע,,,אסאדו עע,קילוגרמים,1.00,"ק""ג",true,,69.90,69.9000,true,1,232230
7290002345886,false,צלי כתף עגל,,,צלי כתף עגל,קילוגרמים,1.00,"ק""ג",true,,89.90,89.9000,true,1,244516
7290002360230,false,חרדל דיזון גרגרים 20,קריות זול,,חרדל דיזון גרגרים 20,,200.00,"100 מ""ל",false,,11.90,0.0595,true,1,185583
7290002370017,false,גבינת גאודה עם תוספת,,,גבינת גאודה עם תוספת,קילוגרמים,1.00,"ק""ג",true,,99.00,99.0000,true,1,223467
7290002370130,false,גבינת ברי צרפתית במש,,,גבינת ברי צרפתית במש,קילוגרמים,1.00,"ק""ג",true,,120.00,120.0000,true,1,245577
7290002370284,false,גבינת קשקבל מבולגריה,,,גבינת קשקבל מבולגריה,קילוגרמים,1.00,"ק""ג",true,,99.00,99.0000,true,1,223469
7290002370420,false,גאודה הולנדי 30% ויל,,,גאודה הולנדי 30% ויל,קילוגרמים,1.00,"ק""ג",true,,65.00,65.0000,true,1,221809
7290002371533,false,סלסולי פסטרמה בדבש ט,,,סלסולי פסטרמה בדבש ט,,120.00,"100 מ""ל",false,,15.90,0.1325,true,1,188385
7290002371854,false,נקניקיות עוף חריפות,,,נקניקיות עוף חריפות,,1000.00,"100 מ""ל",false,,29.90,0.0299,true,1,188386
7290002371939,false,סרוולד פסטרמה בסגנון,,,סרוולד פסטרמה בסגנון,,120.00,"100 מ""ל",false,,32.90,0.2742,true,1,188387
7290002385738,false,מנצגו מחלבות גד,,,מנצגו מחלבות גד,קילוגרמים,1.00,"ק""ג",true,,149.00,149.0000,true,1,171558
7290002385745,false,פקורינו מחלבות גד,,,פקורינו מחלבות גד,קילוגרמים,1.00,"ק""ג",true,,149.00,149.0000,true,1,171559
7290002409014,false,גחנון אפוי ציפור השר,,,גחנון אפוי ציפור השר,,600.00,"100 מ""ל",false,,19.90,0.0332,true,1,201107
7290002409038,false,בורקס גבינה 800גר,,,בורקס גבינה 800גר,,800.00,"100 מ""ל",false,,17.90,0.0224,true,1,201109
7290002409045,false,"בורקס תפו""א 800גר",,,"בורקס תפו""א 800גר",,800.00,100 גרם,false,,17.90,0.0224,true,1,201110
7290002409076,false,גחנון בצק ציפור השרו,,,גחנון בצק ציפור השרו,,800.00,100 גרם,false,,14.90,0.0186,true,1,201113
7290002409106,false,בורקס פיצה 800גר,,,בורקס פיצה 800גר,,800.00,100 גרם,false,,21.90,0.0274,true,1,201114
7290002409175,false,בצק עלים 1קג,,,בצק עלים 1קג,,1000.00,100 גרם,false,,14.90,0.0149,true,1,201119
7290002409274,false,מלווח ציפור השרון 80,,,מלווח ציפור השרון 80,,800.00,100 גרם,false,,14.90,0.0186,true,1,247008
7290002409281,false,סבבה ציפור השרון 750,,,סבבה ציפור השרון 750,,750.00,100 גרם,false,,19.90,0.0265,true,1,201120
7290002409304,false,נקניקיות עטופות בבצק,,,נקניקיות עטופות בבצק,,600.00,100 גרם,false,,21.90,0.0365,true,1,201121
7290002447528,false,אווזית עגל,,,אווזית עגל,קילוגרמים,1.00,"ק""ג",true,,89.90,89.9000,true,1,198685
7290002447573,false,שייטל עגל,,,שייטל עגל,קילוגרמים,1.00,"ק""ג",true,,89.90,89.9000,true,1,198689
7290002447610,false,פיקניה (שפיץ צ'אך) ע,,,פיקניה (שפיץ צ'אך) ע,קילוגרמים,1.00,"ק""ג",true,,89.90,89.9000,true,1,244579
7290002453383,false,מרגז טלה 500גר,,,מרגז טלה 500גר,,500.00,100 גרם,false,,29.90,0.0598,true,1,200608
7290002453529,false,אנטריקוט בורגר 400גר,,,אנטריקוט בורגר 400גר,,400.00,"100 מ""ל",false,,25.90,0.0647,true,1,200610
7290002453581,false,קבב ביתי כבש 800גר,,,קבב ביתי כבש 800גר,,800.00,"100 מ""ל",false,,39.90,0.0499,true,1,200612
7290002453666,false,סטייק מסעדות 800גר,,,סטייק מסעדות 800גר,,800.00,100 גרם,false,,38.90,0.0486,true,1,200613
7290002453680,false,נקניקיה אסאדו ארגנטי,,,נקניקיה אסאדו ארגנטי,,500.00,"100 מ""ל",false,,29.90,0.0598,true,1,221153
7290002453697,false,קבב אנטריקוט קצבים ע,,,קבב אנטריקוט קצבים ע,,400.00,100 גרם,false,,25.90,0.0647,true,1,221154
7290002453802,false,קבב אסלי בוואקום קפו,,,קבב אסלי בוואקום קפו,,1000.00,"100 מ""ל",false,,39.90,0.0399,true,1,232805
7290002479352,false,דבש עמק חפר 350גרם,קריות זול,,דבש עמק חפר 350גרם,,350.00,"100 מ""ל",false,,16.90,0.0483,true,1,172801
7290002511236,false,בולגרית מעודנת 5% המ,,,בולגרית מעודנת 5% המ,קילוגרמים,1.00,"ק""ג",true,,44.00,44.0000,true,1,227356
7290002511243,false,גבינה בולגרית 16% המ,,,גבינה בולגרית 16% המ,קילוגרמים,1.00,"ק""ג",true,,52.00,52.0000,true,1,248095
7290002511250,false,שמנת 30% שום שמיר המ,,,שמנת 30% שום שמיר המ,קילוגרמים,1.00,"ק""ג",true,,44.00,44.0000,true,1,227357
7290002511274,false,שמנת 30% זיתים המושב,,,שמנת 30% זיתים המושב,קילוגרמים,1.00,"ק""ג",true,,44.00,44.0000,true,1,227359
7290002511427,false,אצבעות שוקולד וניל ה,,,אצבעות שוקולד וניל ה,קילוגרמים,1.00,"ק""ג",true,,59.00,59.0000,true,1,227362
7290002511571,false,מוצרלה 22% המושבה,,,מוצרלה 22% המושבה,קילוגרמים,1.00,"ק""ג",true,,87.00,87.0000,true,1,227364
7290002511670,false,צדר בקר כתום המושבה,,,צדר בקר כתום המושבה,קילוגרמים,1.00,"ק""ג",true,,99.00,99.0000,true,1,227365
7290002512011,false,גחנון בצק 900גר,,,גחנון בצק 900גר,,900.00,"100 מ""ל",false,,19.90,0.0221,true,1,195698
7290002517276,false,פלפל אנגלי שלם 25גר,,,פלפל אנגלי שלם 25גר,,25.00,100 גרם,false,,7.90,0.3160,true,1,198522
7290002517337,false,אורגנו עלים 20גר,קריות זול,,אורגנו עלים 20גר,,20.00,100 גרם,false,,7.90,0.3950,true,1,198525
7290002517603,false,בזיליקום 10גר,,,בזיליקום 10גר,,10.00,"100 מ""ל",false,,6.90,0.6900,true,1,198540
7290002517634,false,תבליני כוסברה 30גר,,,תבליני כוסברה 30גר,,30.00,"100 מ""ל",false,,6.90,0.2300,true,1,198543
7290002543046,false,דגני קלוגס פרוסטיס 7,קריות זול,,דגני קלוגס פרוסטיס 7,,750.00,100 גרם,false,,23.90,0.0319,true,1,179559
7290002543237,false,קורנפלקס קלוגס 750 ג,קריות זול,,קורנפלקס קלוגס 750 ג,,750.00,"100 מ""ל",false,,16.90,0.0225,true,1,179565
7290002552260,false,קרחונים ללא סוכר מאג,,,קרחונים ללא סוכר מאג,יחידה,0.00,יחידה,false,,16.90,0.0000,true,1,198808
7290002552345,false,שלגונים גלי גל פרווה,,,שלגונים גלי גל פרווה,יחידה,0.00,יחידה,false,,14.50,0.0000,true,1,198813
7290002552499,false,שלגונים שרבט פרווה ת,,,שלגונים שרבט פרווה ת,יחידה,0.00,יחידה,false,,15.90,0.0000,true,1,198821
7290002552772,false,ארטיק קרח עשיריות,,,ארטיק קרח עשיריות,יחידה,0.00,יחידה,false,,9.90,0.0000,true,1,198822
7290002560036,false,רדיד אלומיניום מעוצב,,,רדיד אלומיניום מעוצב,יחידה,0.00,יחידה,false,,11.90,0.0000,true,1,222497
7290002560050,false,אשפתון 52/65 100 יח',,,אשפתון 52/65 100 יח',יחידה,0.00,יחידה,false,,19.90,0.0000,true,1,222499
7290002560081,false,שקיות הקפאת מזון 25/,,,שקיות הקפאת מזון 25/,יחידה,0.00,יחידה,false,,11.90,0.0000,true,1,222502
7290002560104,false,אשפתון כוכב 75/90 50,,,אשפתון כוכב 75/90 50,יחידה,0.00,יחידה,false,,14.90,0.0000,true,1,222504
7290002560111,false,אשפתון 75/85 עם שרוך,,,אשפתון 75/85 עם שרוך,יחידה,0.00,יחידה,false,,14.90,0.0000,true,1,222505
7290002560135,false,ניילון נצמד 150 מטר,,,ניילון נצמד 150 מטר,יחידה,0.00,יחידה,false,,15.90,0.0000,true,1,222507
7290002560227,false,אשפתון גופיה 75/90 2,קריות זול,,אשפתון גופיה 75/90 2,יחידה,0.00,יחידה,false,,10.90,0.0000,true,1,222511
7290002560333,false,שקיות אוכל גדולות XL,,,שקיות אוכל גדולות XL,יחידה,0.00,יחידה,false,,10.00,0.0000,true,1,222515
7290002560524,false,נייר אפייה בגליל 25,,,נייר אפייה בגליל 25,יחידה,0.00,יחידה,false,,14.90,0.0000,true,1,250157
7290002581536,false,וופל נפוליטנה ללא סו,,,וופל נפוליטנה ללא סו,,250.00,"100 מ""ל",false,,9.90,0.0396,true,1,216032
7290002599029,false,תבלינים בשקית 80גר,,,תבלינים בשקית 80גר,,80.00,100 גרם,false,,4.60,0.0575,true,1,204270
7290002599036,false,פלפל לבן/שחור 50גר,,,פלפל לבן/שחור 50גר,,50.00,100 גרם,false,,4.60,0.0920,true,1,204271
7290002599081,false,תבלינים בשקית,,,תבלינים בשקית,יחידה,0.00,יחידה,false,,4.60,0.0000,true,1,204274
7290002599104,false,תבלינים בשקית 50גר,,,תבלינים בשקית 50גר,,50.00,100 גרם,false,,4.60,0.0920,true,1,204276
7290002599197,false,פלפל לבן/שחור 50גר,,,פלפל לבן/שחור 50גר,,50.00,"100 מ""ל",false,,4.60,0.0920,true,1,204282
7290002599326,false,פלפל שחור/לבן בצנצנת,,,פלפל שחור/לבן בצנצנת,,80.00,"100 מ""ל",false,,8.90,0.1113,true,1,204294
7290002599333,false,כמון בצנצנת 80גר,,,כמון בצנצנת 80גר,,80.00,"100 מ""ל",false,,8.90,0.1113,true,1,204295
7290002599357,false,תבלין על האש בצנצנת,,,תבלין על האש בצנצנת,,80.00,"100 מ""ל",false,,8.90,0.1113,true,1,204297
7290002599371,false,פפריקה חריפה בצנצנת,,,פפריקה חריפה בצנצנת,,80.00,"100 מ""ל",false,,8.90,0.1113,true,1,204299
7290002599388,false,חוויג' למרק בצנצנת 8,,,חוויג' למרק בצנצנת 8,,80.00,"100 מ""ל",false,,8.90,0.1113,true,1,204300
7290002599449,false,פפריקה מתוקה בשמן בצ,,,פפריקה מתוקה בשמן בצ,,80.00,100 גרם,false,,8.90,0.1113,true,1,204306
7290002599456,false,אורגנו בצנצנת 50גר,,,אורגנו בצנצנת 50גר,,50.00,100 גרם,false,,8.90,0.1780,true,1,204307
7290002599487,false,תבלין לשווארמה בצנצנ,,,תבלין לשווארמה בצנצנ,,80.00,"100 מ""ל",false,,8.90,0.1113,true,1,204310
7290002599494,false,גריל עוף בצנצנת 80גר,,,גריל עוף בצנצנת 80גר,,80.00,100 גרם,false,,8.90,0.1113,true,1,204311
7290002621591,false,סטייק עין ורד הצלע מ,,,סטייק עין ורד הצלע מ,קילוגרמים,1.00,"ק""ג",true,,59.90,59.9000,true,1,199030
7290002627302,false,צלי כתף עגל,,,צלי כתף עגל,קילוגרמים,1.00,"ק""ג",true,,89.90,89.9000,true,1,244517
7290002627364,false,אנטריקוט עגל פריים,,,אנטריקוט עגל פריים,קילוגרמים,1.00,"ק""ג",true,,149.00,149.0000,true,1,232233
7290002627371,false,צלעות עגל,,,צלעות עגל,קילוגרמים,1.00,"ק""ג",true,,69.90,69.9000,true,1,232234
7290002627388,false,חזה עגל,,,חזה עגל,קילוגרמים,1.00,"ק""ג",true,,69.90,69.9000,true,1,232235
7290002627401,false,צלי כתף עגל,,,צלי כתף עגל,קילוגרמים,1.00,"ק""ג",true,,89.90,89.9000,true,1,232237
7290002627432,false,צוואר עגל,,,צוואר עגל,קילוגרמים,1.00,"ק""ג",true,,69.90,69.9000,true,1,232239
7290002627487,false,חזה עגל,,,חזה עגל,קילוגרמים,1.00,"ק""ג",true,,69.90,69.9000,true,1,232240
7290002628064,false,טחון בקר בלדי קפוא 5,,,טחון בקר בלדי קפוא 5,,500.00,"100 מ""ל",false,,19.90,0.0398,true,1,199262
7290002628088,false,טחון הודו בלדי קפוא,,,טחון הודו בלדי קפוא,,1000.00,100 גרם,false,,10.90,0.0109,true,1,199264
7290002628293,false,טחון עוף בלדי קפוא 5,,,טחון עוף בלדי קפוא 5,,1000.00,100 גרם,false,,10.90,0.0109,true,1,199265
7290002661443,false,פירורי לחם זהוב עדין,,,פירורי לחם זהוב עדין,,200.00,"100 מ""ל",false,,4.50,0.0225,true,1,199952
7290002661474,false,פירורי לחם זהוב עם ש,,,פירורי לחם זהוב עם ש,,200.00,100 גרם,false,,4.50,0.0225,true,1,199953
7290002661535,false,פירורי לחם זהוב 1 קג,,,פירורי לחם זהוב 1 קג,,1000.00,100 גרם,false,,9.90,0.0099,true,1,232645
7290002692393,false,שמן קנולה מועשר עץ ה,קריות זול,,שמן קנולה מועשר עץ ה,,1000.00,"100 מ""ל",false,,16.90,0.0169,true,1,198788
7290002692478,false,שמן זית כתית מעולה ע,קריות זול,,שמן זית כתית מעולה ע,,750.00,100 גרם,false,,34.90,0.0465,true,1,198792
7290002692768,false,תרסיס שמן קנולה מופח,,,תרסיס שמן קנולה מופח,,200.00,100 גרם,false,,17.90,0.0895,true,1,198796
7290002692775,false,תרסיס שמן קנולה בטעם,,,תרסיס שמן קנולה בטעם,,200.00,"100 מ""ל",false,,17.90,0.0895,true,1,198797
7290002692782,false,תרסיס שמן זית עץ הזי,,,תרסיס שמן זית עץ הזי,,200.00,"100 מ""ל",false,,17.90,0.0895,true,1,198798
7290002735007,false,בצק עלים ינון 1קג,,,בצק עלים ינון 1קג,,1000.00,"100 מ""ל",false,,15.90,0.0159,true,1,171462
7290002735014,false,מלווח ארוז ינון 800ג,,,מלווח ארוז ינון 800ג,,800.00,"100 מ""ל",false,,14.90,0.0186,true,1,171463
7290002735021,false,גחנון ארוז ינון 750ג,,,גחנון ארוז ינון 750ג,,750.00,"100 מ""ל",false,,14.90,0.0199,true,1,171464
7290002735113,false,בורקס גבינה ינון 800,,,בורקס גבינה ינון 800,,800.00,"100 מ""ל",false,,16.90,0.0211,true,1,171465
7290002735120,false,"בורקס תפו""א ינון 800",,,"בורקס תפו""א ינון 800",,800.00,"100 מ""ל",false,,14.90,0.0186,true,1,171466
7290002752332,false,מנטוס גליל פירות בוד,קריות זול,,מנטוס גליל פירות בוד,,37.50,100 גרם,false,,3.90,0.1040,true,1,192018
7290002752349,false,מנטוס גליל מנטה בודד,קריות זול,,מנטוס גליל מנטה בודד,,37.50,"100 מ""ל",false,,3.90,0.1040,true,1,192019
7290002753223,false,טיקטק תפוז רביעייה 4,קריות זול,,טיקטק תפוז רביעייה 4,,64.00,"100 מ""ל",false,,11.90,0.1859,true,1,214011
7290002766056,false,עגבניות שרי וויטני א,,,עגבניות שרי וויטני א,,460.00,100 גרם,false,,9.90,0.0215,true,1,236593
7290002768159,false,קצף אמבט בת אורן 500,קריות זול,,קצף אמבט בת אורן 500,,500.00,100 גרם,false,,18.90,0.0378,true,1,180281
7290002769316,false,עוגת קראנץ 500 גרם,,,עוגת קראנץ 500 גרם,,500.00,100 גרם,false,,16.90,0.0338,true,1,201557
7290002769347,false,עוגיות מובחרות 500 ג,,,עוגיות מובחרות 500 ג,,500.00,100 גרם,false,,15.90,0.0318,true,1,204740
7290002769910,false,עוגיות ללא תוספת סוכ,,,עוגיות ללא תוספת סוכ,,350.00,100 גרם,false,,12.90,0.0369,true,1,237800
7290002805151,false,סיף פנטסטיק לרצפות ב,קריות זול,,סיף פנטסטיק לרצפות ב,ליטרים,4.00,ליטר,false,,21.90,5.4750,true,1,182644
7290002814016,false,מסיר שומנים סנט מורי,,,מסיר שומנים סנט מורי,,750.00,"100 מ""ל",false,,15.90,0.0212,true,1,216899
7290002814023,false,אסלונית לניקוי אסלות,,,אסלונית לניקוי אסלות,,750.00,"100 מ""ל",false,,6.90,0.0092,true,1,216900
7290002814290,false,קצף אקונומיקה מרוכז,,,קצף אקונומיקה מרוכז,,1000.00,"100 מ""ל",false,,11.90,0.0119,true,1,236241
7290002814412,false,נוזל כלים ירוק 1.5 ל,,,נוזל כלים ירוק 1.5 ל,ליטרים,1500.00,ליטר,false,,11.90,0.0079,true,1,236244
7290002814436,false,נוזל כלים צהוב 1.6 ל,,,נוזל כלים צהוב 1.6 ל,ליטרים,1600.00,ליטר,false,,11.90,0.0074,true,1,236245
7290002814528,false,נוזל אסלות מס'1 1ליט,,,נוזל אסלות מס'1 1ליט,,1000.00,"100 מ""ל",false,,6.90,0.0069,true,1,216909
7290002814603,false,מסיר שומנים סנט מורי,,,מסיר שומנים סנט מורי,,750.00,100 גרם,false,,15.90,0.0212,true,1,236248
7290002814825,false,כדוריות לאסלה אוקיינ,,,כדוריות לאסלה אוקיינ,יחידה,0.00,יחידה,false,,9.90,0.0000,true,1,236249
7290002814917,false,נוזל רצפות בניחוח לב,,,נוזל רצפות בניחוח לב,ליטרים,4.00,ליטר,false,,12.90,3.2250,true,1,216911
7290002814931,false,נוזל רצפות 4 ליטר סנ,,,נוזל רצפות 4 ליטר סנ,ליטרים,4.00,ליטר,false,,12.90,3.2250,true,1,216913
7290002824183,false,גבינה לבנה סקי 5% 50,קריות זול,,גבינה לבנה סקי 5% 50,,500.00,100 גרם,false,,9.96,0.0199,true,1,195707
7290002824466,false,דנונה יוגורט ביו 0%,קריות זול,,דנונה יוגורט ביו 0%,,200.00,100 גרם,false,,3.70,0.0185,true,1,195708
7290002824640,false,גבינה לבנה סקי 5% שט,קריות זול,,גבינה לבנה סקי 5% שט,,250.00,100 גרם,false,,4.98,0.0199,true,1,195710
7290002825722,false,כרוב אדום אחלה 500גר,קריות זול,,כרוב אדום אחלה 500גר,,500.00,"100 מ""ל",false,,14.90,0.0298,true,1,195714
7290002842002,false,שבולת שועל אנגלי מור,,,שבולת שועל אנגלי מור,,500.00,"100 מ""ל",false,,10.90,0.0218,true,1,174578
7290002868996,false,קוטג מועשר 5% 250גר,קריות זול,,קוטג מועשר 5% 250גר,,250.00,"100 מ""ל",false,,6.20,0.0248,true,1,184637
7290002881063,false,מעדן תפוז סן מורנו 2,קריות זול,,מעדן תפוז סן מורנו 2,,282.00,100 גרם,false,,12.90,0.0457,true,1,174971
7290002881209,false,"רסק תפו""ע דיאט 720גר",קריות זול,,"רסק תפו""ע דיאט 720גר",,720.00,100 גרם,false,,9.90,0.0138,true,1,174981
7290002881216,false,"רסק תפו""ע לסכרתיים 7",קריות זול,,"רסק תפו""ע לסכרתיים 7",,700.00,"100 מ""ל",false,,9.90,0.0141,true,1,174982
7290002881612,false,לפתן דובדבנים חמוצים,,,לפתן דובדבנים חמוצים,,680.00,"100 מ""ל",false,,9.90,0.0146,true,1,175004
7290002881742,false,לבבות דקל פרוסות תומ,,,לבבות דקל פרוסות תומ,,400.00,"100 מ""ל",false,,9.90,0.0248,true,1,175006
7290002881766,false,פטריות חתוכות שלישיי,,,פטריות חתוכות שלישיי,,870.00,"100 מ""ל",false,,12.90,0.0148,true,1,175007
7290002881919,false,פטריות שלמות תומר 40,,,פטריות שלמות תומר 40,,400.00,"100 מ""ל",false,,8.90,0.0223,true,1,175012
7290002881940,false,סרדין מרוקאי בשמן 12,קריות זול,,סרדין מרוקאי בשמן 12,,125.00,100 גרם,false,,6.90,0.0552,true,1,175014
7290002881957,false,סרדין מרוקאי חריף 12,קריות זול,,סרדין מרוקאי חריף 12,,125.00,"100 מ""ל",false,,6.90,0.0552,true,1,175015
7290002909569,false,פילה ברבוניה קפוא 40,,,פילה ברבוניה קפוא 40,,400.00,"100 מ""ל",false,,24.90,0.0622,true,1,232458
7290002909804,false,*מבצע* מרלוזה פילה ל,,,*מבצע* מרלוזה פילה ל,קילוגרמים,1.00,"ק""ג",true,,29.90,29.9000,true,1,199056
7290002921349,false,זוג דבק סופר גלו,קריות זול,,זוג דבק סופר גלו,יחידה,0.00,יחידה,false,,14.90,0.0000,true,1,183663
7290002925729,false,משחת שיניים בטעם פפר,,,משחת שיניים בטעם פפר,,120.00,100 גרם,false,,15.90,0.1325,true,1,180283
7290002927044,false,צלי כתף מס' 5 קפוא,,,צלי כתף מס' 5 קפוא,קילוגרמים,1.00,"ק""ג",true,,43.90,43.9000,true,1,200576
7290002927105,false,צלי עגל ברשת קפוא,,,צלי עגל ברשת קפוא,קילוגרמים,1.00,"ק""ג",true,,37.90,37.9000,true,1,200579
7290002927198,false,טחון בקר קפוא 500 גר,,,טחון בקר קפוא 500 גר,,500.00,"100 מ""ל",false,,13.90,0.0278,true,1,200620
7290002927389,false,טחון עוף קפוא 500 גר,,,טחון עוף קפוא 500 גר,,500.00,"100 מ""ל",false,,11.90,0.0238,true,1,232816
7290002927464,false,גולש עגל קפוא,,,גולש עגל קפוא,קילוגרמים,1.00,"ק""ג",true,,34.90,34.9000,true,1,200588
7290002927471,false,צלי עגל חצוי קפוא,,,צלי עגל חצוי קפוא,קילוגרמים,1.00,"ק""ג",true,,39.90,39.9000,true,1,200589
7290002927518,false,טבעות פילה עגל קפוא,,,טבעות פילה עגל קפוא,קילוגרמים,1.00,"ק""ג",true,,39.90,39.9000,true,1,200592
7290002927655,false,שניצל עגל קפוא,,,שניצל עגל קפוא,קילוגרמים,1.00,"ק""ג",true,,39.90,39.9000,true,1,200598
7290003006021,false,פטה קוביות 24% ניצן,,,פטה קוביות 24% ניצן,קילוגרמים,1.00,"ק""ג",true,,69.00,69.0000,true,1,238136
7290003006120,false,פטה בציפוי פלפל 20%,,,פטה בציפוי פלפל 20%,קילוגרמים,1.00,"ק""ג",true,,149.00,149.0000,true,1,238137
7290003009183,false,סירופ דיאט תפוחים פר,קריות זול,,סירופ דיאט תפוחים פר,,750.00,100 מ'ל,false,,23.90,0.0319,true,1,210215
7290003009640,false,פריגת סחוט מיץ תפוזי,קריות זול,,פריגת סחוט מיץ תפוזי,,1000.00,100 גרם,false,,18.90,0.0189,true,1,184640
7290003026036,false,קמיל בלו סנסיטיב אל,,,קמיל בלו סנסיטיב אל,,1000.00,100 גרם,false,,32.90,0.0329,true,1,204324
7290003026319,false,*מבצע* משחה לתינוק ק,,,*מבצע* משחה לתינוק ק,,120.00,"100 מ""ל",false,,16.90,0.1408,true,1,204328
7290003029181,false,שוקו יטבתה בקבוק 1ל,קריות זול,,שוקו יטבתה בקבוק 1ל,,1000.00,100 גרם,false,,11.90,0.0119,true,1,195728
7290003029372,false,משקה חלב בננה יטבתה,קריות זול,,משקה חלב בננה יטבתה,,1000.00,100 גרם,false,,11.90,0.0119,true,1,195733
7290003029389,false,משקה חלב בננה יטבתה,קריות זול,,משקה חלב בננה יטבתה,,250.00,100 גרם,false,,5.80,0.0232,true,1,195734
7290003029433,false,שוקו יטבתה 250מל,קריות זול,,שוקו יטבתה 250מל,,250.00,"100 מ""ל",false,,5.80,0.0232,true,1,195737
7290003029532,false,משקה מוקה יטבתה 1ליט,קריות זול,,משקה מוקה יטבתה 1ליט,,1000.00,"100 מ""ל",false,,11.90,0.0119,true,1,195741
7290003029792,false,שוקו שקיות יטבתה 8*2,קריות זול,,שוקו שקיות יטבתה 8*2,,1800.00,100 גרם,false,,19.90,0.0111,true,1,195750
7290003029907,false,אייס קפה יטבתה 1ל,קריות זול,,אייס קפה יטבתה 1ל,,1000.00,100 גרם,false,,11.90,0.0119,true,1,195757
7290003047642,false,ליפטון תה יילו לייבל,קריות זול,,ליפטון תה יילו לייבל,,150.00,"100 מ""ל",false,,12.90,0.0860,true,1,182647
7290003054657,false,חרדל דיזון אקסטרא פו,קריות זול,,חרדל דיזון אקסטרא פו,,370.00,"100 מ""ל",false,,12.90,0.0349,true,1,179581
7290003060290,false,קמח מלא מועשר מנופה,,,קמח מלא מועשר מנופה,,1000.00,100 גרם,false,,9.90,0.0099,true,1,235309
7290003060306,false,קמח שיפון מועשר מנופ,,,קמח שיפון מועשר מנופ,,1000.00,100 גרם,false,,9.90,0.0099,true,1,235310
7290003060313,false,קמח כוסמין מנופה 1קג,,,קמח כוסמין מנופה 1קג,,1.00,ק'ג,false,,17.90,17.9000,true,1,235311
7290003072972,false,קבנוס בתיבול שום 120,,,קבנוס בתיבול שום 120,,120.00,100 גרם,false,,11.90,0.0992,true,1,225576
7290003126712,false,יוגורט עיזים בגביע 3,,,יוגורט עיזים בגביע 3,,150.00,"100 מ""ל",false,,6.70,0.0447,true,1,184664
7290003126958,false,טופו בואקום צוריאל 3,קריות זול,,טופו בואקום צוריאל 3,,300.00,"100 מ""ל",false,,12.60,0.0420,true,1,184671
7290003141159,false,מרשמלו יוגטה 180גר,,,מרשמלו יוגטה 180גר,,180.00,100 גרם,false,,7.90,0.0439,true,1,192048
7290003143276,false,מרשמלו רול יוגטה 180,,,מרשמלו רול יוגטה 180,,180.00,100 גרם,false,,7.90,0.0439,true,1,192085
7290003189076,false,כפיר פיצרלה מגורדת 5,,,כפיר פיצרלה מגורדת 5,,500.00,100 גרם,false,,16.90,0.0338,true,1,174186
7290003189168,false,מעושנת כפיר,,,מעושנת כפיר,קילוגרמים,1.00,"ק""ג",true,,35.00,35.0000,true,1,247869
7290003189199,false,חריפה במשקל כפיר,,,חריפה במשקל כפיר,קילוגרמים,1.00,"ק""ג",true,,29.00,29.0000,true,1,174174
7290003189274,false,מעושנת כפיר,,,מעושנת כפיר,קילוגרמים,1.00,"ק""ג",true,,35.00,35.0000,true,1,174176
7290003212965,false,מובחרות שמרים 400 גר,,,מובחרות שמרים 400 גר,,400.00,100 גרם,false,,11.90,0.0298,true,1,204742
7290003217052,false,פיתות כפריות קלות 5*,קריות זול,,פיתות כפריות קלות 5*,,500.00,"100 מ""ל",false,,9.90,0.0198,true,1,195163
7290003222568,false,פיתה רגילה 5 יח,,,פיתה רגילה 5 יח,,500.00,100 גרם,false,,4.90,0.0098,true,1,172850
7290003224128,false,"כיסוני תפו""א 800גר",,,"כיסוני תפו""א 800גר",,800.00,"100 מ""ל",false,,18.90,0.0236,true,1,197986
7290003224234,false,"פירושקי  תפו""א ופטרי",,,"פירושקי  תפו""א ופטרי",,400.00,100 גרם,false,,12.90,0.0323,true,1,247384
7290003224746,false,דומדמניות שחורות קפו,,,דומדמניות שחורות קפו,,300.00,"100 מ""ל",false,,13.90,0.0463,true,1,198007
7290003224753,false,דמדמניות אדומות קפוא,,,דמדמניות אדומות קפוא,,300.00,"100 מ""ל",false,,13.90,0.0463,true,1,198008
7290003224807,false,אוכמניות אדומות קפוא,,,אוכמניות אדומות קפוא,,300.00,100 גרם,false,,19.90,0.0663,true,1,198011
7290003229109,false,פסטרמה הודו בפפריקה,,,פסטרמה הודו בפפריקה,,400.00,100 גרם,false,,27.90,0.0697,true,1,188394
7290003229116,false,פסטרמה בדבש טירת צבי,,,פסטרמה בדבש טירת צבי,,400.00,"100 מ""ל",false,,27.90,0.0697,true,1,188395
7290003229123,false,פסטרמה על גחלים טירת,,,פסטרמה על גחלים טירת,,400.00,"100 מ""ל",false,,27.90,0.0697,true,1,188396
7290003229147,false,סלמי בסגנון איטלקי ט,,,סלמי בסגנון איטלקי ט,,300.00,"100 מ""ל",false,,27.90,0.0930,true,1,188397
7290003229154,false,סלמי קוניאק טירת צבי,,,סלמי קוניאק טירת צבי,,300.00,"100 מ""ל",false,,27.90,0.0930,true,1,188398
7290003268030,false,חלה רגילה 500גר,,,חלה רגילה 500גר,,500.00,"100 מ""ל",false,,5.17,0.0103,true,1,195098
7290003268245,false,*מבצע* חלה מתוקה ארו,,,*מבצע* חלה מתוקה ארו,יחידה,0.00,יחידה,false,,11.90,0.0000,true,1,195167
7290003268252,false,*מבצע* לחם חיטה מלאה,,,*מבצע* לחם חיטה מלאה,,750.00,"100 מ""ל",false,,14.90,0.0199,true,1,195168
7290003268429,false,לחם חיטה מלאה ירוק 7,,,לחם חיטה מלאה ירוק 7,,750.00,"100 מ""ל",false,,15.90,0.0212,true,1,195170
7290003268641,false,חאלע חלה מתוקה מיוחד,,,חאלע חלה מתוקה מיוחד,יחידה,0.00,יחידה,false,,14.90,0.0000,true,1,226764
7290003268740,false,לחם אחיד שחור,,,לחם אחיד שחור,,750.00,"100 מ""ל",false,,5.10,0.0068,true,1,195099
7290003268764,false,חלה רגילה 500גר,,,חלה רגילה 500גר,,500.00,100 גרם,false,,5.17,0.0103,true,1,195180
7290003287253,false,נקניקיות מרגז בלדי 5,,,נקניקיות מרגז בלדי 5,,500.00,"100 מ""ל",false,,29.90,0.0598,true,1,199288
7290003287291,false,קבב טלה וצנובר 600גר,,,קבב טלה וצנובר 600גר,,600.00,"100 מ""ל",false,,29.90,0.0498,true,1,199292
7290003287307,false,קבב רומני ארוז 600גר,,,קבב רומני ארוז 600גר,,600.00,"100 מ""ל",false,,29.90,0.0498,true,1,199293
7290003318100,false,וופל טעם שוקו מנעמים,קריות זול,,וופל טעם שוקו מנעמים,,200.00,100 גרם,false,,4.90,0.0245,true,1,190763
7290003318155,false,וופל טעם לימון מנעמי,קריות זול,,וופל טעם לימון מנעמי,,200.00,"100 מ""ל",false,,4.90,0.0245,true,1,190765
7290003318599,false,וופל וניל מנעמים 200,,,וופל וניל מנעמים 200,,200.00,"100 מ""ל",false,,4.90,0.0245,true,1,190766
7290003321155,false,דנונה בר פקאן 183גר,קריות זול,,דנונה בר פקאן 183גר,,183.00,"100 מ""ל",false,,4.70,0.0257,true,1,195769
7290003332007,false,קפה נחלה סובחי 250גר,,,קפה נחלה סובחי 250גר,,250.00,"100 מ""ל",false,,15.90,0.0636,true,1,205579
7290003411054,false,שקיות דליקטס גדול 5,,,שקיות דליקטס גדול 5,יחידה,0.00,יחידה,false,,4.90,0.0000,true,1,191642
7290003411313,false,הנמל מפה מבד לא ארוג,קריות זול,,הנמל מפה מבד לא ארוג,,100.00,100 גרם,false,,7.90,0.0790,true,1,191650
7290003411948,false,צמר גפן הנמל 100גרם,,,צמר גפן הנמל 100גרם,,100.00,100 גרם,false,,4.90,0.0490,true,1,191670
7290003411993,false,גפרורים 10יח הנמל,,,גפרורים 10יח הנמל,,10.00,יח',false,,2.90,0.2900,true,1,191671
7290003423909,false,הרשי קוקיס קרם לבן 4,,,הרשי קוקיס קרם לבן 4,,43.00,100 גרם,false,,4.90,0.1140,true,1,248269
7290003438006,false,פסטו איטלקי אוליביה,קריות זול,,פסטו איטלקי אוליביה,,180.00,100 גרם,false,,14.90,0.0828,true,1,192945
7290003438013,false,ממרח זיתים אוליביה 1,קריות זול,,ממרח זיתים אוליביה 1,,190.00,100 גרם,false,,14.90,0.0784,true,1,192946
7290003438020,false,ממרח עגבניות מיובשות,קריות זול,,ממרח עגבניות מיובשות,,190.00,100 גרם,false,,14.90,0.0784,true,1,192947
7290003444009,false,חטיף ריזס במילוי חמא,,,חטיף ריזס במילוי חמא,,42.00,"100 מ""ל",false,,4.90,0.1167,true,1,221604
7290003450602,false,חרדל אמיתי צהוב בקבו,קריות זול,,חרדל אמיתי צהוב בקבו,,255.00,"100 מ""ל",false,,12.90,0.0506,true,1,179595
7290003475124,false,צמר גפן 100גר,קריות זול,,צמר גפן 100גר,,100.00,100 גרם,false,,5.50,0.0550,true,1,185623
7290003521166,false,סרקל קרם רוזמרין 325,,,סרקל קרם רוזמרין 325,,325.00,100 גרם,false,,27.90,0.0858,true,1,204331
7290003521395,false,קמיל בלו סנסטיב אל ס,,,קמיל בלו סנסטיב אל ס,,2000.00,100 גרם,false,,39.90,0.0199,true,1,194234
7290003560202,false,רגליים עגל פרוס ארוז,,,רגליים עגל פרוס ארוז,קילוגרמים,1.00,"ק""ג",true,,39.90,39.9000,true,1,244798
7290003570164,false,שווארמה פרגית מינוט,,,שווארמה פרגית מינוט,,300.00,"100 מ""ל",false,,29.90,0.0997,true,1,232467
7290003570171,false,שניצל מינוט 300 גרם,,,שניצל מינוט 300 גרם,,300.00,"100 מ""ל",false,,25.90,0.0863,true,1,232468
7290003570928,false,קבב בלדי קצביה ארוז,,,קבב בלדי קצביה ארוז,,500.00,"100 מ""ל",false,,29.90,0.0598,true,1,232469
7290003571109,false,פילה סלמון פרימיום ק,,,פילה סלמון פרימיום ק,קילוגרמים,1.00,"ק""ג",true,,79.90,79.9000,true,1,232380
7290003578061,false,לבבות דקל שלם 400 גר,קריות זול,,לבבות דקל שלם 400 גר,,400.00,"100 מ""ל",false,,12.90,0.0323,true,1,178598
7290003578078,false,קוקטיל טרופי ויליפוד,קריות זול,,קוקטיל טרופי ויליפוד,,850.00,100 גרם,false,,9.90,0.0116,true,1,178599
7290003578108,false,אננס חתיכות ויליפוד,קריות זול,,אננס חתיכות ויליפוד,,850.00,100 גרם,false,,9.90,0.0116,true,1,178601
7290003578177,false,תירס גמדי ויליפוד 41,קריות זול,,תירס גמדי ויליפוד 41,,410.00,100 גרם,false,,8.90,0.0217,true,1,178604
7290003578313,false,דובדבנים חמוצים ללא,קריות זול,,דובדבנים חמוצים ללא,,680.00,100 גרם,false,,10.90,0.0160,true,1,178608
7290003598267,false,פולי סויה מקולפים אד,,,פולי סויה מקולפים אד,,400.00,"100 מ""ל",false,,10.90,0.0273,true,1,232474
7290003598311,false,*מבצע* סטייק מינוט 3,,,*מבצע* סטייק מינוט 3,,300.00,"100 מ""ל",false,,30.00,0.1000,true,1,232475
7290003643004,false,אורז בסמטי סוגת 1קג,קריות זול,,אורז בסמטי סוגת 1קג,,1000.00,"100 מ""ל",false,,14.90,0.0149,true,1,192426
7290003643127,false,אבקת אפיה סוגת 10*10,,,אבקת אפיה סוגת 10*10,,100.00,"100 מ""ל",false,,2.20,0.0220,true,1,192427
7290003643134,false,סוכר וניל סוגת 10*10,קריות זול,,סוכר וניל סוגת 10*10,,100.00,100 גרם,false,,2.20,0.0220,true,1,192428
7290003643172,false,אבקת סוכר סוגת 100 ג,קריות זול,,אבקת סוכר סוגת 100 ג,,100.00,100 גרם,false,,2.20,0.0220,true,1,192432
7290003643325,false,קוסקוס בינוני סוגת 3,קריות זול,,קוסקוס בינוני סוגת 3,,350.00,100 גרם,false,,6.90,0.0197,true,1,192436
7290003643387,false,סוכר לבן בצנצנת סוגת,קריות זול,,סוכר לבן בצנצנת סוגת,,1000.00,"100 מ""ל",false,,7.90,0.0079,true,1,192439
7290003643646,false,סוכר דמררה בצנצנת סו,קריות זול,,סוכר דמררה בצנצנת סו,,1000.00,100 גרם,false,,12.90,0.0129,true,1,192441
7290003643684,false,אפונה סוגת 500גר,קריות זול,,אפונה סוגת 500גר,,500.00,100 גרם,false,,6.90,0.0138,true,1,192442
7290003643707,false,גריסים סוגת 500גר,קריות זול,,גריסים סוגת 500גר,,500.00,100 גרם,false,,6.90,0.0138,true,1,192443
7290003643714,false,חומוס סוגת 500גר,קריות זול,,חומוס סוגת 500גר,,500.00,"100 מ""ל",false,,8.90,0.0178,true,1,192444
7290003643738,false,חיטה סוגת 500 גר,קריות זול,,חיטה סוגת 500 גר,,500.00,"100 מ""ל",false,,6.90,0.0138,true,1,192445
7290003643745,false,כוסמת סוגת 500גר,קריות זול,,כוסמת סוגת 500גר,,500.00,100 גרם,false,,8.90,0.0178,true,1,192446
7290003643752,false,עדשים ירוקים סוגת 50,קריות זול,,עדשים ירוקים סוגת 50,,500.00,"100 מ""ל",false,,8.90,0.0178,true,1,192447
7290003643769,false,עדשים אדומים סוגת 50,קריות זול,,עדשים אדומים סוגת 50,,500.00,100 גרם,false,,8.90,0.0178,true,1,192448
7290003643776,false,פופקורן סוגת 500 גר,קריות זול,,פופקורן סוגת 500 גר,,500.00,100 גרם,false,,6.90,0.0138,true,1,192449
7290003643783,false,קוקוס סוגת 100 גר,קריות זול,,קוקוס סוגת 100 גר,,100.00,100 גרם,false,,4.90,0.0490,true,1,192450
7290003643806,false,שעועית לבנה סוגת 500,קריות זול,,שעועית לבנה סוגת 500,,500.00,"100 מ""ל",false,,10.90,0.0218,true,1,192452
7290003643813,false,שעועית אדומה סוגת 50,קריות זול,,שעועית אדומה סוגת 50,,500.00,"100 מ""ל",false,,10.90,0.0218,true,1,192453
7290003643820,false,חומוס ענק סוגת 500גר,,,חומוס ענק סוגת 500גר,,500.00,"100 מ""ל",false,,12.90,0.0258,true,1,192454
7290003681303,false,שעועית מעורבת 500גר,,,שעועית מעורבת 500גר,,500.00,"100 מ""ל",false,,8.90,0.0178,true,1,202815
7290003681334,false,קוקוס מיה 400גרם,,,קוקוס מיה 400גרם,,400.00,"100 מ""ל",false,,11.90,0.0298,true,1,202816
7290003681693,false,חומוס לבן ענק 500גר,,,חומוס לבן ענק 500גר,,500.00,"100 מ""ל",false,,10.90,0.0218,true,1,202822
7290003718610,false,במיה קפואה 400גר,,,במיה קפואה 400גר,,400.00,"100 מ""ל",false,,9.90,0.0248,true,1,220312
7290003726615,false,טופו ויילר 300גר,,,טופו ויילר 300גר,,300.00,"100 מ""ל",false,,12.90,0.0430,true,1,226834
7290003796441,false,חזה בקר מס 3 חלק קפו,,,חזה בקר מס 3 חלק קפו,קילוגרמים,1.00,"ק""ג",true,,34.90,34.9000,true,1,234444
7290003804252,false,תיבולית הודי קנור 72,קריות זול,,תיבולית הודי קנור 72,,72.00,100 גרם,false,,10.90,0.1514,true,1,182690
7290003804320,false,תיבולית קנור שום פטר,קריות זול,,תיבולית קנור שום פטר,,72.00,100 גרם,false,,10.90,0.1514,true,1,182691
7290003804368,false,תיבולית קנור בזיליקו,קריות זול,,תיבולית קנור בזיליקו,,72.00,100 גרם,false,,10.90,0.1514,true,1,182694
7290003804382,false,תיבולית קנור פטריות,קריות זול,,תיבולית קנור פטריות,,72.00,"100 מ""ל",false,,10.90,0.1514,true,1,182696
7290003805501,false,פתית שבדי 300גר,קריות זול,,פתית שבדי 300גר,,300.00,100 גרם,false,,18.90,0.0630,true,1,182746
7290003805587,false,פתית חיטה מלאה בדצ 2,קריות זול,,פתית חיטה מלאה בדצ 2,,250.00,"100 מ""ל",false,,18.90,0.0756,true,1,182754
7290003807178,false,רוטב סויה בסגנון סינ,קריות זול,,רוטב סויה בסגנון סינ,,300.00,100 גרם,false,,14.90,0.0497,true,1,182799
7290003807482,false,רוטב טריאקי קנור 300,קריות זול,,רוטב טריאקי קנור 300,,300.00,100 גרם,false,,14.90,0.0497,true,1,182809
7290003882922,false,עלי גפן ממולא 400 גר,קריות זול,,עלי גפן ממולא 400 גר,,400.00,100 גרם,false,,9.90,0.0248,true,1,178633
7290003893690,false,פילה אמנון 5-7 בוואק,,,פילה אמנון 5-7 בוואק,קילוגרמים,1.00,"ק""ג",true,,29.90,29.9000,true,1,201591
7290003903788,false,קפוצינו וניל עלית 20,קריות זול,,קפוצינו וניל עלית 20,,200.00,100 גרם,false,,25.90,0.1295,true,1,208595
7290003976263,false,"די תיקן 300מ""ל טאצ'",,,"די תיקן 300מ""ל טאצ'",,300.00,100 גרם,false,,11.90,0.0397,true,1,233664
7290003976706,false,דלי מטליות לחיטוי מש,,,דלי מטליות לחיטוי מש,יחידה,0.00,יחידה,false,,29.90,0.0000,true,1,233673
7290003976768,false,טאצ' מרסס מסיר כתמים,,,טאצ' מרסס מסיר כתמים,,750.00,100 גרם,false,,10.00,0.0133,true,1,233675
7290003989096,false,חציל פיקנטי אחלה 500,קריות זול,,חציל פיקנטי אחלה 500,,500.00,100 גרם,false,,15.90,0.0318,true,1,195780
7290003989539,false,רביולי גבינה שטראוס,קריות זול,,רביולי גבינה שטראוס,,400.00,"100 מ""ל",false,,20.90,0.0522,true,1,195781
7290004033705,false,לחמניות המבורגר ביג,קריות זול,,לחמניות המבורגר ביג,,600.00,100 גרם,false,,14.90,0.0248,true,1,245755
7290004033712,false,לחם עננים מקמח מלא 7,קריות זול,,לחם עננים מקמח מלא 7,,750.00,"100 מ""ל",false,,15.90,0.0212,true,1,245754
7290004033729,false,לחם עננים כוסמין 750,קריות זול,,לחם עננים כוסמין 750,,750.00,"100 מ""ל",false,,15.90,0.0212,true,1,245756
7290004033736,false,לחם עננים סגנון בריו,,,לחם עננים סגנון בריו,,500.00,"100 מ""ל",false,,15.90,0.0318,true,1,247005
7290004033811,false,לחם מיוחד ללא גלוטן,,,לחם מיוחד ללא גלוטן,,320.00,100 גרם,false,,15.90,0.0497,true,1,245748
7290004061449,false,שניצל אמרקאי 700גר,,,שניצל אמרקאי 700גר,,700.00,"100 מ""ל",false,,11.90,0.0170,true,1,171476
7290004061463,false,שניצל עוף אמיתי שומש,,,שניצל עוף אמיתי שומש,,700.00,100 גרם,false,,28.90,0.0413,true,1,171477
7290004061487,false,טבעות עוף 700גר,,,טבעות עוף 700גר,,700.00,"100 מ""ל",false,,15.90,0.0227,true,1,171479
7290004061494,false,נגיסי עוף 700גר,,,נגיסי עוף 700גר,,700.00,"100 מ""ל",false,,15.90,0.0227,true,1,171480
7290004063016,false,מלח שולחן 1קג,קריות זול,,מלח שולחן 1קג,,1000.00,100 גרם,false,,1.90,0.0019,true,1,207075
7290004063115,false,מלח למליחות בשר וביש,קריות זול,,מלח למליחות בשר וביש,,1000.00,100 גרם,false,,1.90,0.0019,true,1,207076
7290004064174,false,מלח ההימלאיה דק בצנצ,,,מלח ההימלאיה דק בצנצ,,1000.00,"100 מ""ל",false,,17.90,0.0179,true,1,226501
7290004064181,false,מלח ההימלאיה גס בצנצ,,,מלח ההימלאיה גס בצנצ,,1000.00,"100 מ""ל",false,,17.90,0.0179,true,1,226502
7290004068011,false,יוגורט כבשים 5% מחלב,,,יוגורט כבשים 5% מחלב,,600.00,"100 מ""ל",false,,18.70,0.0312,true,1,171602
7290004068028,false,משקה יוגורט צזיקי 3.,,,משקה יוגורט צזיקי 3.,,500.00,100 גרם,false,,9.90,0.0198,true,1,171603
7290004068035,false,משקה איירן בסגנון בל,,,משקה איירן בסגנון בל,,500.00,100 גרם,false,,8.50,0.0170,true,1,171604
7290004068172,false,יוגורט עיזים דלי 5%,,,יוגורט עיזים דלי 5%,,600.00,"100 מ""ל",false,,18.70,0.0312,true,1,171606
7290004068424,false,גאודה בקר30% מחלבות,,,גאודה בקר30% מחלבות,קילוגרמים,1.00,"ק""ג",true,,110.00,110.0000,true,1,171567
7290004068585,false,גאודה עיזים מחלבות ג,,,גאודה עיזים מחלבות ג,קילוגרמים,1.00,"ק""ג",true,,139.00,139.0000,true,1,171569
7290004078225,false,קולגייט מי פה פלקס ס,קריות זול,,קולגייט מי פה פלקס ס,,500.00,100 גרם,false,,19.90,0.0398,true,1,185660
7290004078270,false,פלמוליב לכלים לימון,קריות זול,,פלמוליב לכלים לימון,,1000.00,100 גרם,false,,14.90,0.0149,true,1,185663
7290004078690,false,אגקס נוזל לניקוי אסל,קריות זול,,אגקס נוזל לניקוי אסל,,750.00,"100 מ""ל",false,,15.90,0.0212,true,1,185667
7290004078942,false,ליידי ספיד סטיק 24/7,קריות זול,,ליידי ספיד סטיק 24/7,,65.00,"100 מ""ל",false,,19.90,0.3062,true,1,185672
7290004119225,false,יופלה אננס 3% 150גר,קריות זול,,יופלה אננס 3% 150גר,,150.00,"100 מ""ל",false,,4.90,0.0327,true,1,189292
7290004119522,false,שוקו תנובה בשקית 225,קריות זול,,שוקו תנובה בשקית 225,,225.00,100 גרם,false,,2.90,0.0129,true,1,189295
7290004119928,false,קרלו וניל 1.5% 125גר,קריות זול,,קרלו וניל 1.5% 125גר,,125.00,"100 מ""ל",false,,2.90,0.0232,true,1,189299
7290004119973,false,קרלו שוקולדה 1.5% 12,קריות זול,,קרלו שוקולדה 1.5% 12,,125.00,"100 מ""ל",false,,2.90,0.0232,true,1,189300
7290004120061,false,קרלו שוניל 1.5% 125מ,קריות זול,,קרלו שוניל 1.5% 125מ,,125.00,100 גרם,false,,3.00,0.0240,true,1,189301
7290004120108,false,יופלה דיאט דובדבן 0%,קריות זול,,יופלה דיאט דובדבן 0%,,150.00,"100 מ""ל",false,,4.90,0.0327,true,1,189303
7290004120283,false,"שוקו תנובה בד""צ שקית",קריות זול,,"שוקו תנובה בד""צ שקית",,225.00,100 גרם,false,,2.90,0.0129,true,1,189310
7290004120573,false,בולגרית בקר 16% פירא,קריות זול,,בולגרית בקר 16% פירא,,250.00,"100 מ""ל",false,,23.70,0.0948,true,1,189321
7290004120634,false,בולגרית 5% 250גר פיר,קריות זול,,בולגרית 5% 250גר פיר,,250.00,100 גרם,false,,23.70,0.0948,true,1,189322
7290004120832,false,חלב כד תנובה %3 2ל,קריות זול,,חלב כד תנובה %3 2ל,,2000.00,"100 מ""ל",false,,12.46,0.0062,true,1,189325
7290004121488,false,יופלה דיאט אפרסק 0%,קריות זול,,יופלה דיאט אפרסק 0%,,150.00,"100 מ""ל",false,,4.90,0.0327,true,1,189338
7290004121525,false,יופלה אפרסק תות 3% 8,קריות זול,,יופלה אפרסק תות 3% 8,,1200.00,"100 מ""ל",false,,29.90,0.0249,true,1,189341
7290004121754,false,יופלה קרם גבינה ותות,קריות זול,,יופלה קרם גבינה ותות,,150.00,"100 מ""ל",false,,4.90,0.0327,true,1,189349
7290004122119,false,פתיתי פרמזן לפסטה 10,קריות זול,,פתיתי פרמזן לפסטה 10,,100.00,100 גרם,false,,12.90,0.1290,true,1,189358
7290004122195,false,גבינה גוש חלב פרוס 2,קריות זול,,גבינה גוש חלב פרוס 2,,200.00,"100 מ""ל",false,,13.90,0.0695,true,1,189359
7290004122270,false,עמק פרוס סגירה חוזרת,קריות זול,,עמק פרוס סגירה חוזרת,,200.00,"100 מ""ל",false,,16.50,0.0825,true,1,189360
7290004122348,false,עמק לייט 9% 200גר,קריות זול,,עמק לייט 9% 200גר,,200.00,"100 מ""ל",false,,17.70,0.0885,true,1,189362
7290004122607,false,עמק לייט חריץ 9% תנו,,,עמק לייט חריץ 9% תנו,קילוגרמים,1.00,"ק""ג",true,,72.00,72.0000,true,1,188704
7290004122676,false,גבינת חמד לייט גביע,קריות זול,,גבינת חמד לייט גביע,,250.00,"100 מ""ל",false,,18.30,0.0732,true,1,189369
7290004122683,false,עמק אצבעות גבינה 172,קריות זול,,עמק אצבעות גבינה 172,,172.00,"100 מ""ל",false,,16.70,0.0971,true,1,189370
7290004124205,false,יופלה דיאט תות 0% 15,קריות זול,,יופלה דיאט תות 0% 15,,150.00,"100 מ""ל",false,,4.90,0.0327,true,1,189400
7290004124847,false,קצפת צמחית 24% 500מל,קריות זול,,קצפת צמחית 24% 500מל,,500.00,"100 מ""ל",false,,15.80,0.0316,true,1,189408
7290004125370,false,שמנת קלה 9% 200מל תנ,קריות זול,,שמנת קלה 9% 200מל תנ,,200.00,100 גרם,false,,3.80,0.0190,true,1,189418
7290004125400,false,אשל 200 מל,קריות זול,,אשל 200 מל,,200.00,"100 מ""ל",false,,1.69,0.0084,true,1,189419
7290004125417,false,"גיל 200 מ""ל",קריות זול,,"גיל 200 מ""ל",,200.00,"100 מ""ל",false,,1.51,0.0076,true,1,189420
7290004125455,false,שמנת אורגינל מהדרין,קריות זול,,שמנת אורגינל מהדרין,,200.00,"100 מ""ל",false,,2.40,0.0120,true,1,189421
7290004125462,false,שמנת חמוצה 15% 500מל,קריות זול,,שמנת חמוצה 15% 500מל,,500.00,"100 מ""ל",false,,6.00,0.0120,true,1,189422
7290004125509,false,שמנת חצי מנה 15% תנו,קריות זול,,שמנת חצי מנה 15% תנו,,100.00,100 גרם,false,,2.10,0.0210,true,1,189424
7290004125578,false,משקה סויה מועשר בסיד,קריות זול,,משקה סויה מועשר בסיד,,1000.00,"100 מ""ל",false,,10.90,0.0109,true,1,189425
7290004125585,false,משקה סויה על הבוקר ת,קריות זול,,משקה סויה על הבוקר ת,,1000.00,100 גרם,false,,10.90,0.0109,true,1,189426
7290004125721,false,שמנת לבישול 15% 250מ,קריות זול,,שמנת לבישול 15% 250מ,,250.00,100 גרם,false,,8.70,0.0348,true,1,189436
7290004125738,false,שמנת להקצפה 32% 250מ,קריות זול,,שמנת להקצפה 32% 250מ,,250.00,"100 מ""ל",false,,6.80,0.0272,true,1,189437
7290004125776,false,עמק פרוסות 28% 400גר,קריות זול,,עמק פרוסות 28% 400גר,,400.00,"100 מ""ל",false,,29.90,0.0747,true,1,189440
7290004126674,false,עמק טל לייט 9% 200גר,קריות זול,,עמק טל לייט 9% 200גר,,200.00,"100 מ""ל",false,,19.50,0.0975,true,1,189458
7290004126759,false,יופלה דיאט פירות יער,קריות זול,,יופלה דיאט פירות יער,,150.00,"100 מ""ל",false,,4.90,0.0327,true,1,189462
7290004126872,false,שוקו תנובה בקבוק 250,קריות זול,,שוקו תנובה בקבוק 250,,250.00,100 גרם,false,,5.70,0.0228,true,1,189463
7290004127329,false,קוטג 5% 250גר תנובה,קריות זול,,קוטג 5% 250גר תנובה,,250.00,100 גרם,false,,5.90,0.0236,true,1,189466
7290004127336,false,קוטג 9% 250גר תנובה,קריות זול,,קוטג 9% 250גר תנובה,,250.00,100 גרם,false,,5.90,0.0236,true,1,189467
7290004127800,false,גבינה לבנה 5% 500גר,קריות זול,,גבינה לבנה 5% 500גר,,500.00,100 גרם,false,,9.96,0.0199,true,1,189472
7290004127817,false,גבינה לבנה %9 500גר,קריות זול,,גבינה לבנה %9 500גר,,500.00,"100 מ""ל",false,,9.80,0.0196,true,1,189473
7290004127862,false,גבינה לבנה 5% 750גרם,קריות זול,,גבינה לבנה 5% 750גרם,,750.00,100 גרם,false,,14.94,0.0199,true,1,189474
7290004128340,false,גבינת שמנת בטעם טבעי,קריות זול,,גבינת שמנת בטעם טבעי,,200.00,100 גרם,false,,11.50,0.0575,true,1,189491
7290004128364,false,גבינת שמנת בטעם זיתי,קריות זול,,גבינת שמנת בטעם זיתי,,200.00,"100 מ""ל",false,,11.50,0.0575,true,1,189492
7290004129101,false,גבינת נפוליאון בטעם,קריות זול,,גבינת נפוליאון בטעם,,225.00,"100 מ""ל",false,,13.80,0.0613,true,1,189511
7290004129156,false,גבינת נפוליאון שום ש,קריות זול,,גבינת נפוליאון שום ש,,225.00,"100 מ""ל",false,,13.80,0.0613,true,1,189513
7290004129767,false,יופלה לבן מאגדת שמינ,קריות זול,,יופלה לבן מאגדת שמינ,,1200.00,"100 מ""ל",false,,17.90,0.0149,true,1,189538
7290004130794,false,משקה סויה מועשר 1 לי,קריות זול,,משקה סויה מועשר 1 לי,,1000.00,"100 מ""ל",false,,10.90,0.0109,true,1,189553
7290004130916,false,יופלה בטעם פירות יער,קריות זול,,יופלה בטעם פירות יער,,150.00,"100 מ""ל",false,,4.90,0.0327,true,1,189557
7290004131074,false,חלב בקרטון מהדרין תנ,קריות זול,,חלב בקרטון מהדרין תנ,,1000.00,"100 מ""ל",false,,6.23,0.0062,true,1,189565
7290004131432,false,יופלה לבן 3% 200מל,קריות זול,,יופלה לבן 3% 200מל,,200.00,100 גרם,false,,3.90,0.0195,true,1,189575
7290004131456,false,יופלה לבן 1.5% 200מל,קריות זול,,יופלה לבן 1.5% 200מל,,200.00,100 גרם,false,,3.90,0.0195,true,1,189576
7290004131531,false,שוקו תנובה בקבוק 1ל,קריות זול,,שוקו תנובה בקבוק 1ל,,1000.00,"100 מ""ל",false,,12.60,0.0126,true,1,189582
7290004131814,false,צפתית מעודנת 5% 200ג,קריות זול,,צפתית מעודנת 5% 200ג,,200.00,"100 מ""ל",false,,15.20,0.0760,true,1,189593
7290004131845,false,לאבנה גביע 9% 750גר,,,לאבנה גביע 9% 750גר,,750.00,"100 מ""ל",false,,22.90,0.0305,true,1,189594
7290004132552,false,משקה סויה דיאט וניל,קריות זול,,משקה סויה דיאט וניל,,1000.00,100 גרם,false,,10.90,0.0109,true,1,189608
7290004132712,false,עמק אצבעות מוצרלה 20,קריות זול,,עמק אצבעות מוצרלה 20,,172.00,"100 מ""ל",false,,16.70,0.0971,true,1,189617
7290004133511,false,יופלה לבן מאגדת שמינ,קריות זול,,יופלה לבן מאגדת שמינ,,1200.00,"100 מ""ל",false,,20.90,0.0174,true,1,189639
7290004135058,false,קרלו מיני שוקולד 8*1,קריות זול,,קרלו מיני שוקולד 8*1,,800.00,100 גרם,false,,14.10,0.0176,true,1,189671
7290004135225,false,מעדן תנובה דיאט שוקו,קריות זול,,מעדן תנובה דיאט שוקו,,150.00,100 גרם,false,,4.10,0.0273,true,1,189683
7290004135614,false,בולגרית מעודנת בקר פ,קריות זול,,בולגרית מעודנת בקר פ,,250.00,"100 מ""ל",false,,23.70,0.0948,true,1,189702
7290004136154,false,אייס קפה תנובה בקבוק,,,אייס קפה תנובה בקבוק,,340.00,100 גרם,false,,7.20,0.0212,true,1,189727
7290004136598,false,הפסקת אוכל חלב ודגני,קריות זול,,הפסקת אוכל חלב ודגני,,150.00,100 גרם,false,,9.50,0.0633,true,1,189738
7290004136857,false,ג'לי תנובה פטל 125גר,קריות זול,,ג'לי תנובה פטל 125גר,,125.00,100 גרם,false,,2.40,0.0192,true,1,189743
7290004136864,false,ג'לי תנובה אננס עם ח,קריות זול,,ג'לי תנובה אננס עם ח,,125.00,100 גרם,false,,2.80,0.0224,true,1,189744
7290004136871,false,ג'לי תנובה אפרסק עם,קריות זול,,ג'לי תנובה אפרסק עם,,125.00,100 גרם,false,,2.80,0.0224,true,1,189745
7290004137021,false,שמנת לבישול 10% 250מ,,,שמנת לבישול 10% 250מ,,250.00,"100 מ""ל",false,,8.70,0.0348,true,1,189748
7290004137311,false,עמק לייט משפחתית 9%,,,עמק לייט משפחתית 9%,,400.00,100 מ'ל,false,,29.90,0.0747,true,1,189763
7290004146986,false,נקה 7 שמפו לשיער צבו,,,נקה 7 שמפו לשיער צבו,,750.00,"100 מ""ל",false,,12.90,0.0172,true,1,180335
7290004150112,false,חומוס מזרחי 300גר פי,,,חומוס מזרחי 300גר פי,,300.00,"100 מ""ל",false,,14.90,0.0497,true,1,250007
7290004150228,false,כרוב אדום 300 גר פיק,,,כרוב אדום 300 גר פיק,,300.00,"100 מ""ל",false,,14.90,0.0497,true,1,250018
7290004150235,false,חומוס עם חריף 300גר,,,חומוס עם חריף 300גר,,300.00,"100 מ""ל",false,,14.90,0.0497,true,1,250019
7290004165000,false,"רסק תפו""ע עם סוכר 56",,,"רסק תפו""ע עם סוכר 56",,560.00,100 גרם,false,,8.90,0.0159,true,1,174398
7290004165017,false,"רסק תפו""ע ללא סוכר 5",,,"רסק תפו""ע ללא סוכר 5",,560.00,100 גרם,false,,8.90,0.0159,true,1,174399
7290004198589,false,סינטה בקר קפוא מוכשר,,,סינטה בקר קפוא מוכשר,קילוגרמים,1.00,"ק""ג",true,,69.90,69.9000,true,1,233009
7290004200930,false,זיקוק עבה 2 בשקית,,,זיקוק עבה 2 בשקית,יחידה,0.00,יחידה,false,,8.90,0.0000,true,1,186649
7290004219819,false,מלבין קפה קומפלטה 20,קריות זול,,מלבין קפה קומפלטה 20,,200.00,100 גרם,false,,10.90,0.0545,true,1,178637
7290004255145,false,זוג פמוטים קריסטל לנ,,,זוג פמוטים קריסטל לנ,יחידה,0.00,יחידה,false,,5.90,0.0000,true,1,173451
7290004267209,false,עוגיות לקפה ברמן 200,,,עוגיות לקפה ברמן 200,,200.00,100 גרם,false,,5.90,0.0295,true,1,214232
7290004267216,false,עוגיות ריבה ברמן 200,,,עוגיות ריבה ברמן 200,,200.00,"100 מ""ל",false,,5.90,0.0295,true,1,214233
7290004456283,false,אנטריקוט עגל פריים,,,אנטריקוט עגל פריים,קילוגרמים,1.00,"ק""ג",true,,149.00,149.0000,true,1,245681
7290004480332,false,גאודה בקר30% מחלבות,,,גאודה בקר30% מחלבות,קילוגרמים,1.00,"ק""ג",true,,110.00,110.0000,true,1,248067
7290004480349,false,גאודה עיזים מחלבות ג,,,גאודה עיזים מחלבות ג,קילוגרמים,1.00,"ק""ג",true,,139.00,139.0000,true,1,248069
7290004480356,false,ברי פקאן צאן 22% מחל,,,ברי פקאן צאן 22% מחל,קילוגרמים,1.00,"ק""ג",true,,135.00,135.0000,true,1,248071
7290004480363,false,קאשקבל מחלבות גד,,,קאשקבל מחלבות גד,קילוגרמים,1.00,"ק""ג",true,,120.00,120.0000,true,1,248070
7290004492762,false,נשנושים תירס 325גר,קריות זול,,נשנושים תירס 325גר,,325.00,100 גרם,false,,13.90,0.0428,true,1,182856
7290004575007,false,טילונים ריאו חמישייה,,,טילונים ריאו חמישייה,יחידה,0.00,יחידה,false,,15.90,0.0000,true,1,198825
7290004575069,false,חטיפי גלידה מיניס בט,,,חטיפי גלידה מיניס בט,,700.00,"100 מ""ל",false,,34.90,0.0499,true,1,198826
7290004575229,false,גלידה סנקור 5יח,,,גלידה סנקור 5יח,,500.00,"100 מ""ל",false,,17.90,0.0358,true,1,198835
7290004575335,false,שלגונים מיני מגי'ק 8,,,שלגונים מיני מגי'ק 8,יחידה,0.00,יחידה,false,,16.90,0.0000,true,1,198840
7290004575373,false,שלגונים מצופים 6יח,,,שלגונים מצופים 6יח,יחידה,0.00,יחידה,false,,14.90,0.0000,true,1,198844
7290004575632,false,קרמבו ריאו 16יח,,,קרמבו ריאו 16יח,יחידה,0.00,יחידה,false,,22.90,0.0000,true,1,198851
7290004584306,false,גמדים תות בננה 4*100,קריות זול,,גמדים תות בננה 4*100,,400.00,"100 מ""ל",false,,11.50,0.0288,true,1,195803
7290004584351,false,גבינת סימפוניה טעם ט,קריות זול,,גבינת סימפוניה טעם ט,,200.00,100 מ'ל,false,,11.70,0.0585,true,1,195804
7290004584528,false,דנונה ביו 1.5% 200גר,קריות זול,,דנונה ביו 1.5% 200גר,,200.00,100 גרם,false,,3.70,0.0185,true,1,195806
7290004585907,false,דני וניל 125 גר,קריות זול,,דני וניל 125 גר,,125.00,"100 מ""ל",false,,2.70,0.0216,true,1,195810
7290004586171,false,תירוש אדום 650מל כרמ,,,תירוש אדום 650מל כרמ,,650.00,"100 מ""ל",false,,13.90,0.0214,true,1,222258
7290004649869,false,דג אמנון בינוני נקי,,,דג אמנון בינוני נקי,קילוגרמים,1.00,"ק""ג",true,,29.90,29.9000,true,1,198050
7290004649982,false,דניס טרי,,,דניס טרי,קילוגרמים,1.00,"ק""ג",true,,69.90,69.9000,true,1,198054
7290004658946,false,יין שרדונה לבן יבש פ,קריות זול,,יין שרדונה לבן יבש פ,,750.00,100 גרם,false,,39.90,0.0532,true,1,171228
7290004685089,false,לחם הארץ חמניות 500ג,,,לחם הארץ חמניות 500ג,,500.00,"100 מ""ל",false,,16.90,0.0338,true,1,199984
7290004685126,false,לחם הארץ פומפרניקל 7,,,לחם הארץ פומפרניקל 7,,750.00,"100 מ""ל",false,,16.90,0.0225,true,1,199987
7290004685157,false,לחם הארץ שיפון 100%,,,לחם הארץ שיפון 100%,,750.00,"100 מ""ל",false,,16.90,0.0225,true,1,199990
7290004685195,false,לחם הארץ 10 דגנים 75,,,לחם הארץ 10 דגנים 75,,750.00,"100 מ""ל",false,,16.90,0.0225,true,1,199992
7290004685201,false,לחם הארץ אגוזים 500ג,,,לחם הארץ אגוזים 500ג,,500.00,"100 מ""ל",false,,16.90,0.0338,true,1,199993
7290004685225,false,לחם הארץ פומפרניקל 7,,,לחם הארץ פומפרניקל 7,,750.00,"100 מ""ל",false,,16.90,0.0225,true,1,199995
7290004685430,false,לחם הארץ כוסמין 100%,,,לחם הארץ כוסמין 100%,,500.00,"100 מ""ל",false,,16.90,0.0338,true,1,220805
7290004685447,false,לחמניות כוסמין 6יח ש,,,לחמניות כוסמין 6יח ש,,450.00,"100 מ""ל",false,,13.50,0.0300,true,1,232656
7290004685454,false,לחם הארץ שיבולת שועל,,,לחם הארץ שיבולת שועל,,500.00,100 גרם,false,,16.50,0.0330,true,1,232657
7290004725846,false,גאודה חריץ במשקל תנו,,,גאודה חריץ במשקל תנו,קילוגרמים,1.00,"ק""ג",true,,79.00,79.0000,true,1,245500
7290004731472,false,כיף אל סבון שלישיה צ,קריות זול,,כיף אל סבון שלישיה צ,,1500.00,"100 מ""ל",false,,21.90,0.0146,true,1,180355
7290004731564,false,סנו מקסימה למייבש בל,,,סנו מקסימה למייבש בל,,750.00,100 גרם,false,,19.90,0.0265,true,1,223937
7290004737900,false,חלב מרוכז ממותק 397,קריות זול,,חלב מרוכז ממותק 397,,397.00,"100 מ""ל",false,,11.90,0.0300,true,1,178645
7290004846237,false,צלי כתף מס' 5 לא מעו,,,צלי כתף מס' 5 לא מעו,קילוגרמים,1.00,"ק""ג",true,,54.90,54.9000,true,1,232808
7290004846558,false,אצבעות אנטריקוט ארוז,,,אצבעות אנטריקוט ארוז,,450.00,100 גרם,false,,39.90,0.0887,true,1,232822
7290004861025,false,בולגרית 5% המושבה,,,בולגרית 5% המושבה,קילוגרמים,1.00,"ק""ג",true,,52.00,52.0000,true,1,227366
7290004861070,false,צפתית 24% קשה מושבה,,,צפתית 24% קשה מושבה,קילוגרמים,1.00,"ק""ג",true,,75.00,75.0000,true,1,198227
7290004861278,false,שמנת 30% טבעי המושבה,,,שמנת 30% טבעי המושבה,קילוגרמים,1.00,"ק""ג",true,,44.00,44.0000,true,1,198228
7290004861315,false,לאבנה 5%  המושבה,,,לאבנה 5%  המושבה,קילוגרמים,1.00,"ק""ג",true,,39.90,39.9000,true,1,227369
7290004861360,false,צפתית 5%  המושבה,,,צפתית 5%  המושבה,קילוגרמים,1.00,"ק""ג",true,,49.00,49.0000,true,1,227370
7290004944032,false,חומוס אסלי 400 גרם,,,חומוס אסלי 400 גרם,,400.00,100 גרם,false,,13.90,0.0348,true,1,198358
7290004944049,false,טחינה אסלי 400גר,,,טחינה אסלי 400גר,,400.00,"100 מ""ל",false,,13.90,0.0348,true,1,198359
7290004944056,false,חציל במיונז אסלי 400,,,חציל במיונז אסלי 400,,400.00,100 גרם,false,,13.90,0.0348,true,1,198360
7290005008184,false,פלמוליב תחליב רחצה ס,קריות זול,,פלמוליב תחליב רחצה ס,,500.00,100 גרם,false,,16.90,0.0338,true,1,185678
7290005068058,false,תירס קל מופחת קלוריו,קריות זול,,תירס קל מופחת קלוריו,,550.00,"100 מ""ל",false,,8.90,0.0162,true,1,201282
7290005068447,false,תירס קל בוואקום 340ג,קריות זול,,תירס קל בוואקום 340ג,,340.00,"100 מ""ל",false,,7.90,0.0232,true,1,201283
7290005068553,false,לקט ירקות בורגנדי 70,קריות זול,,לקט ירקות בורגנדי 70,,700.00,100 גרם,false,,10.90,0.0156,true,1,201285
7290005068621,false,ברוקולי 800גר,קריות זול,,ברוקולי 800גר,,800.00,"100 מ""ל",false,,14.90,0.0186,true,1,201286
7290005084355,false,סנסודיין משחת שיניים,,,סנסודיין משחת שיניים,,75.00,"100 מ""ל",false,,21.90,0.2920,true,1,199600
7290005174513,false,חציל במיונז אחלה 500,קריות זול,,חציל במיונז אחלה 500,,500.00,100 גרם,false,,15.90,0.0318,true,1,195815
7290005174551,false,סלט חומוס אחלה 125גר,קריות זול,,סלט חומוס אחלה 125גר,,125.00,"100 מ""ל",false,,4.90,0.0392,true,1,195816
7290005174575,false,סלט טחינה אחלה 125גר,קריות זול,,סלט טחינה אחלה 125גר,,125.00,100 גרם,false,,4.90,0.0392,true,1,195818
7290005175626,false,צהובה גולדן ויליפוד,,,צהובה גולדן ויליפוד,קילוגרמים,1.00,"ק""ג",true,,39.00,39.0000,true,1,178447
7290005197758,false,עוגיות חיוכים שוקו 1,קריות זול,,עוגיות חיוכים שוקו 1,,150.00,"100 מ""ל",false,,4.90,0.0327,true,1,208614
7290005199578,false,קפה נטול קפאין עלית,קריות זול,,קפה נטול קפאין עלית,,200.00,100 גרם,false,,29.90,0.1495,true,1,208627
7290005200786,false,תפוציפס שמנת ובצל 50,קריות זול,,תפוציפס שמנת ובצל 50,,50.00,100 גרם,false,,3.90,0.0780,true,1,184125
7290005201455,false,*מבצע* קפה נמס ארומה,קריות זול,,*מבצע* קפה נמס ארומה,,200.00,"100 מ""ל",false,,14.90,0.0745,true,1,208638
7290005270000,false,עלי סיגר 500גר,,,עלי סיגר 500גר,,500.00,100 גרם,false,,16.90,0.0338,true,1,172442
7290005287206,false,טונה סטארקיסט בשמן 4,קריות זול,,טונה סטארקיסט בשמן 4,,640.00,"100 מ""ל",false,,24.90,0.0389,true,1,179624
7290005287251,false,טונה סטארקיסט במים 4,קריות זול,,טונה סטארקיסט במים 4,,640.00,"100 מ""ל",false,,24.90,0.0389,true,1,179627
7290005287510,false,טונה סטארקיסט בשמן פ,קריות זול,,טונה סטארקיסט בשמן פ,,160.00,"100 מ""ל",false,,7.80,0.0487,true,1,179631
7290005287527,false,טונה סטארקיסט בשמן ל,קריות זול,,טונה סטארקיסט בשמן ל,,160.00,"100 מ""ל",false,,7.80,0.0487,true,1,179632
7290005287534,false,טונה סטארקיסט בשמן ע,קריות זול,,טונה סטארקיסט בשמן ע,,160.00,"100 מ""ל",false,,7.80,0.0487,true,1,179633
7290005287657,false,ממרח טונה סטארקיסט 1,,,ממרח טונה סטארקיסט 1,,160.00,100 גרם,false,,7.50,0.0469,true,1,179641
7290005296246,false,כלורקס פותח סתימות 9,,,כלורקס פותח סתימות 9,,946.00,"100 מ""ל",false,,29.90,0.0316,true,1,183668
7290005317125,false,ביסקוויט חצי מצופה 1,קריות זול,,ביסקוויט חצי מצופה 1,,175.00,100 גרם,false,,5.90,0.0337,true,1,202420
7290005326523,false,ממרח פסטו פטרוזיליה,,,ממרח פסטו פטרוזיליה,,185.00,100 גרם,false,,14.90,0.0805,true,1,192992
7290005326585,false,פסטו בזיליקום אוליבי,,,פסטו בזיליקום אוליבי,,180.00,100 גרם,false,,12.90,0.0717,true,1,225659
7290005384851,false,מיץ לימון ויליפוד 20,קריות זול,,מיץ לימון ויליפוד 20,,200.00,100 מ'ל,false,,4.90,0.0245,true,1,178652
7290005384868,false,בסגנון דנאבלו ויליפו,,,בסגנון דנאבלו ויליפו,קילוגרמים,1.00,"ק""ג",true,,79.00,79.0000,true,1,178452
7290005384899,false,פטינה ויליפוד,,,פטינה ויליפוד,קילוגרמים,1.00,"ק""ג",true,,39.00,39.0000,true,1,178453
7290005387043,false,צלעות מס' 2 חלק קפוא,,,צלעות מס' 2 חלק קפוא,קילוגרמים,1.00,"ק""ג",true,,39.90,39.9000,true,1,247947
7290005418709,false,נטורל פורמולה לחות 4,,,נטורל פורמולה לחות 4,,400.00,100 גרם,false,,23.90,0.0597,true,1,180375
7290005423253,false,סנו מקסימה למייבש או,קריות זול,,סנו מקסימה למייבש או,,750.00,"100 מ""ל",false,,19.90,0.0265,true,1,180382
7290005423567,false,סנו סושי בגליל 40יח,קריות זול,,סנו סושי בגליל 40יח,יחידה,0.00,יחידה,false,,21.90,0.0000,true,1,180396
7290005423833,false,פוליויקס פרקט 2ליטר,קריות זול,,פוליויקס פרקט 2ליטר,ליטרים,2.00,ליטר,false,,21.90,10.9500,true,1,180399
7290005424403,false,כיף אל סבון אצות ים,,,כיף אל סבון אצות ים,,1000.00,"100 מ""ל",false,,13.90,0.0139,true,1,180410
7290005424847,false,מפיות סנו סושי 150יח,,,מפיות סנו סושי 150יח,יחידה,0.00,יחידה,false,,7.90,0.0000,true,1,180420
7290005425110,false,מתז 99.9% לחיטוי משט,,,מתז 99.9% לחיטוי משט,,750.00,100 ליטר,false,,16.90,0.0225,true,1,223942
7290005425196,false,אבקת מקסימה סנסטיב 2,,,אבקת מקסימה סנסטיב 2,קילוגרמים,2.50,"ק""ג",false,,25.90,10.3600,true,1,180433
7290005425646,false,סנוקליר לניקוי חלונו,קריות זול,,סנוקליר לניקוי חלונו,,1000.00,100 גרם,false,,9.90,0.0099,true,1,180443
7290005426186,false,סנו סושי סקוטש ענק 3,קריות זול,,סנו סושי סקוטש ענק 3,יחידה,0.00,יחידה,false,,15.90,0.0000,true,1,180461
7290005426865,false,אורביטול משחת שיניים,,,אורביטול משחת שיניים,,70.00,"100 מ""ל",false,,8.90,0.1271,true,1,180484
7290005427107,false,סנו סושי מגבות הפלא,קריות זול,,סנו סושי מגבות הפלא,,6.00,יח',false,,11.90,1.9833,true,1,180493
7290005427619,false,כיף ג'ל לשיער ירוק 1,,,כיף ג'ל לשיער ירוק 1,,1.00,100 ליטר,false,,24.90,24.9000,true,1,180524
7290005427725,false,מגבוני ליטופים מבושם,,,מגבוני ליטופים מבושם,,5.00,100 מ'ל,false,,21.90,4.3800,true,1,180528
7290005427787,false,קרמה לחות לשיער מתול,,,קרמה לחות לשיער מתול,,400.00,"100 מ""ל",false,,21.90,0.0547,true,1,180534
7290005427848,false,סנו סושי מטליות בגלי,קריות זול,,סנו סושי מטליות בגלי,,40.00,100 ליטר,false,,21.90,0.5475,true,1,180537
7290005428852,false,סנו סופט מגבוני טישו,,,סנו סופט מגבוני טישו,,0.00,יח',false,,15.90,0.0000,true,1,180555
7290005430602,false,סנו אוקסיגן מסיר כתמ,קריות זול,,סנו אוקסיגן מסיר כתמ,,750.00,100 גרם,false,,17.90,0.0239,true,1,180571
7290005431883,false,מלבי חלבי 165 גרם,,,מלבי חלבי 165 גרם,,165.00,"100 מ""ל",false,,6.90,0.0418,true,1,225662
7290005431906,false,קדאיף 82 גרם,,,קדאיף 82 גרם,,92.00,100 גרם,false,,6.90,0.0750,true,1,225664
7290005431913,false,עוגת גבינה פירורים 9,,,עוגת גבינה פירורים 9,,92.00,"100 מ""ל",false,,6.90,0.0750,true,1,225665
7290005431920,false,עוגת גבינה פירורים ל,,,עוגת גבינה פירורים ל,,165.00,"100 מ""ל",false,,6.90,0.0418,true,1,225666
7290005431937,false,טירמיסו 82 גרם,,,טירמיסו 82 גרם,,82.00,"100 מ""ל",false,,6.90,0.0841,true,1,225667
7290005431968,false,מלבי שמנת 150 גרם,,,מלבי שמנת 150 גרם,,150.00,100 גרם,false,,7.40,0.0493,true,1,225669
7290005437069,false,שמן מאור טעמן 1ליטר,,,שמן מאור טעמן 1ליטר,,1000.00,"100 מ""ל",false,,22.90,0.0229,true,1,194693
7290005437762,false,פסטה ספירלה טעמן 500,,,פסטה ספירלה טעמן 500,,500.00,"100 מ""ל",false,,4.90,0.0098,true,1,194701
7290005500688,false,מסיכה לשיער פנינה רו,,,מסיכה לשיער פנינה רו,,1000.00,"100 מ""ל",false,,29.90,0.0299,true,1,211105
7290005509445,false,מיני קוקיס בטעם חמאה,קריות זול,,מיני קוקיס בטעם חמאה,,600.00,100 גרם,false,,16.90,0.0282,true,1,213348
7290005559587,false,מאפה נקניקיות מעדנות,קריות זול,,מאפה נקניקיות מעדנות,,800.00,"100 מ""ל",false,,28.90,0.0361,true,1,188403
7290005559709,false,בורקס פיצה מעדנות 70,קריות זול,,בורקס פיצה מעדנות 70,,700.00,"100 מ""ל",false,,27.90,0.0399,true,1,188408
7290005559907,false,*מבצע* פיצה משפחתית,קריות זול,,*מבצע* פיצה משפחתית,,500.00,"100 מ""ל",false,,15.90,0.0318,true,1,188412
7290005559914,false,*מבצע* פיצה משפחתית,קריות זול,,*מבצע* פיצה משפחתית,,550.00,"100 מ""ל",false,,15.90,0.0289,true,1,188413
7290005559990,false,בצק פילאס תורכי מעדנ,קריות זול,,בצק פילאס תורכי מעדנ,,600.00,100 גרם,false,,21.90,0.0365,true,1,188421
7290005591761,false,דבש טהור מפרחי בר בל,קריות זול,,דבש טהור מפרחי בר בל,,400.00,"100 מ""ל",false,,28.90,0.0722,true,1,208643
7290005609121,false,פילה סלמון טרי,,,פילה סלמון טרי,קילוגרמים,1.00,"ק""ג",true,,99.00,99.0000,true,1,198055
7290005609152,false,בורי בינוני נקי טרי,,,בורי בינוני נקי טרי,קילוגרמים,1.00,"ק""ג",true,,44.90,44.9000,true,1,198057
7290005609343,false,קרפיון טרי,,,קרפיון טרי,קילוגרמים,1.00,"ק""ג",true,,29.90,29.9000,true,1,198059
7290005610127,false,"תפו""א גורמה דוד משה",,,"תפו""א גורמה דוד משה",קילוגרמים,1.00,"ק""ג",true,,5.90,5.9000,true,1,236583
7290005610509,false,צנוניות יח,,,צנוניות יח,יחידה,0.00,יחידה,false,,4.90,0.0000,true,1,214237
7290005658464,false,עוגיות מובחרות עד 35,,,עוגיות מובחרות עד 35,,350.00,100 גרם,false,,11.90,0.0340,true,1,202505
7290005686436,false,תפוח עץ מיובש 200גר,,,תפוח עץ מיובש 200גר,,200.00,"100 מ""ל",false,,11.90,0.0595,true,1,200788
7290005838002,false,דניאלה מעדן גבינה 15,קריות זול,,דניאלה מעדן גבינה 15,,150.00,100 גרם,false,,4.10,0.0273,true,1,195830
7290005838613,false,סקי גבינת וניל 125גר,קריות זול,,סקי גבינת וניל 125גר,,125.00,"100 מ""ל",false,,3.90,0.0312,true,1,195835
7290005838972,false,סקי גבינת לבנה 5% 12,קריות זול,,סקי גבינת לבנה 5% 12,,125.00,100 גרם,false,,3.60,0.0288,true,1,195836
7290005839078,false,דנונה ביו מארז שמיני,,,דנונה ביו מארז שמיני,,1200.00,100 מ'ל,false,,17.30,0.0144,true,1,195837
7290005839108,false,גבינת סימפוניה עם זי,קריות זול,,גבינת סימפוניה עם זי,,200.00,100 מ'ל,false,,11.70,0.0585,true,1,195839
7290005839313,false,מילקי טופ מגולגלת 14,קריות זול,,מילקי טופ מגולגלת 14,,142.00,100 גרם,false,,4.80,0.0338,true,1,195840
7290005896415,false,בירה איגל ירוק פחית,,,בירה איגל ירוק פחית,,500.00,100 גרם,false,,6.90,0.0138,true,1,222578
7290005896637,false,סאן בנדטו 1.5 ליטר,,,סאן בנדטו 1.5 ליטר,,1500.00,100 גרם,false,,3.90,0.0026,true,1,173078
7290005966088,false,יין הר חרמון אדום 75,קריות זול,,יין הר חרמון אדום 75,,750.00,"100 מ""ל",false,,34.90,0.0465,true,1,215533
7290005992018,false,יוגורט עיזים 3% 500מ,קריות זול,,יוגורט עיזים 3% 500מ,,500.00,100 גרם,false,,14.70,0.0294,true,1,171618
7290005992575,false,בולגרית למריחה 5% 25,קריות זול,,בולגרית למריחה 5% 25,,250.00,"100 מ""ל",false,,17.90,0.0716,true,1,171622
7290005992735,false,לאבנה 5% 250גר מחלבו,קריות זול,,לאבנה 5% 250גר מחלבו,,250.00,"100 מ""ל",false,,12.70,0.0508,true,1,171625
7290005996221,false,פסטרמה של פעם דק דק,,,פסטרמה של פעם דק דק,,120.00,100 גרם,false,,13.90,0.1158,true,1,222488
7290005996238,false,פסטרמה בדבש דק דק 12,,,פסטרמה בדבש דק דק 12,,120.00,100 גרם,false,,13.90,0.1158,true,1,222489
7290005996276,false,פסטרמה ברביקיו דק דק,,,פסטרמה ברביקיו דק דק,,120.00,"100 מ""ל",false,,13.90,0.1158,true,1,222490
7290006040619,false,טבורוג כפיר5%,,,טבורוג כפיר5%,קילוגרמים,1.00,"ק""ג",true,,25.90,25.9000,true,1,174181
7290006040621,false,טבורוג כפיר5%,,,טבורוג כפיר5%,קילוגרמים,1.00,"ק""ג",true,,25.90,25.9000,true,1,247870
7290006040621,false,טבורוג כפיר5%,,,טבורוג כפיר5%,קילוגרמים,1.00,"ק""ג",true,,25.90,25.9000,true,1,247946
7290006185518,false,אל סבון כחול פנינה ר,,,אל סבון כחול פנינה ר,,1000.00,100 גרם,false,,10.90,0.0109,true,1,211108
7290006199218,false,גלידל חלבי מאגדת בטע,,,גלידל חלבי מאגדת בטע,,8.00,"100 מ""ל",false,,29.90,3.7375,true,1,222772
7290006229427,false,סאן בנדטו שישייה 6*5,קריות זול,,סאן בנדטו שישייה 6*5,,3000.00,"100 מ""ל",false,,14.90,0.0050,true,1,173088
7290006229588,false,בירה איגל זהב פחית 5,,,בירה איגל זהב פחית 5,,500.00,100 מ'ל,false,,6.90,0.0138,true,1,222586
7290006243713,false,בורקס גבינה שחף 800ג,,,בורקס גבינה שחף 800ג,,800.00,"100 מ""ל",false,,14.90,0.0186,true,1,203291
7290006243737,false,גחנון שחף 800גר,,,גחנון שחף 800גר,,800.00,100 גרם,false,,14.90,0.0186,true,1,203292
7290006251275,false,תה ירוק סיני 25יח,קריות זול,,תה ירוק סיני 25יח,,37.50,"100 מ""ל",false,,25.90,0.6907,true,1,190796
7290006251374,false,תה ירוק לימונית וגינ,קריות זול,,תה ירוק לימונית וגינ,,25.00,"100 מ""ל",false,,25.90,1.0360,true,1,190800
7290006265500,false,פטריות שמפיניון ארוז,קריות זול,,פטריות שמפיניון ארוז,,250.00,"100 מ""ל",false,,8.90,0.0356,true,1,172536
7290006271181,false,גחנון אפוי מעדנות 75,קריות זול,,גחנון אפוי מעדנות 75,,750.00,100 גרם,false,,25.90,0.0345,true,1,188426
7290006271648,false,"מיני בורקס תפו""א מעד",קריות זול,,"מיני בורקס תפו""א מעד",,800.00,"100 מ""ל",false,,24.90,0.0311,true,1,188441
7290006271655,false,מיני בורקס גבינה מעד,קריות זול,,מיני בורקס גבינה מעד,,800.00,"100 מ""ל",false,,27.90,0.0349,true,1,188442
7290006272072,false,חטיפי פיצה מעדנות 65,קריות זול,,חטיפי פיצה מעדנות 65,,650.00,100 גרם,false,,29.90,0.0460,true,1,188454
7290006306296,false,רביולי במילוי גבינה,,,רביולי במילוי גבינה,,400.00,100 גרם,false,,25.90,0.0647,true,1,189894
7290006306302,false,רביולי פרמזן ריקוטה,,,רביולי פרמזן ריקוטה,,400.00,"100 מ""ל",false,,25.90,0.0647,true,1,189895
7290006306326,false,רביולי במילוי פטריות,,,רביולי במילוי פטריות,,400.00,100 גרם,false,,25.90,0.0647,true,1,189897
7290006374738,false,קונפיטורת תות יד מרד,קריות זול,,קונפיטורת תות יד מרד,,340.00,"100 מ""ל",false,,13.90,0.0409,true,1,208666
7290006376022,false,קורנפלור 200גר פרימי,,,קורנפלור 200גר פרימי,,200.00,100 גרם,false,,3.90,0.0195,true,1,232251
7290006376688,false,סוכר וניל 10*10גרם פ,,,סוכר וניל 10*10גרם פ,,100.00,100 גרם,false,,2.20,0.0220,true,1,205886
7290006376695,false,אבקת אפיה 10*10גר פר,,,אבקת אפיה 10*10גר פר,,100.00,100 גרם,false,,2.20,0.0220,true,1,205887
7290006376718,false,ג'לטין שקיות 24 גר,,,ג'לטין שקיות 24 גר,,24.00,100 גרם,false,,9.90,0.4125,true,1,198720
7290006376725,false,קוקוס 200 גרם חילדה,,,קוקוס 200 גרם חילדה,,200.00,"100 מ""ל",false,,7.50,0.0375,true,1,246938
7290006376732,false,שומשום 200 גרם חילדה,,,שומשום 200 גרם חילדה,,200.00,"100 מ""ל",false,,7.90,0.0395,true,1,246939
7290006464293,false,כבד בקר לצליה לא מוכ,,,כבד בקר לצליה לא מוכ,קילוגרמים,1.00,"ק""ג",true,,29.90,29.9000,true,1,198705
7290006492432,false,בייבי מוצרלה מחלבות,קריות זול,,בייבי מוצרלה מחלבות,,100.00,"100 מ""ל",false,,15.70,0.1570,true,1,171640
7290006492616,false,בולגרית פרוסות 5% 25,קריות זול,,בולגרית פרוסות 5% 25,,250.00,"100 מ""ל",false,,27.90,0.1116,true,1,171642
7290006492630,false,גבינת גליל מחלבות גד,קריות זול,,גבינת גליל מחלבות גד,,180.00,"100 מ""ל",false,,23.90,0.1328,true,1,171643
7290006492685,false,לאבנה עזים 5% 250גר,קריות זול,,לאבנה עזים 5% 250גר,,250.00,"100 מ""ל",false,,17.90,0.0716,true,1,171645
7290006492852,false,גבינת עיזים 5 % למרי,קריות זול,,גבינת עיזים 5 % למרי,,250.00,"100 מ""ל",false,,18.90,0.0756,true,1,171651
7290006492913,false,לאבנה ציזיקי 250גר מ,קריות זול,,לאבנה ציזיקי 250גר מ,,250.00,100 גרם,false,,13.90,0.0556,true,1,171654
7290006494917,false,וופל מרמולייט ופל בט,קריות זול,,וופל מרמולייט ופל בט,,180.00,"100 מ""ל",false,,10.90,0.0606,true,1,207501
7290006511683,false,פולי סויה מאנצו קפוא,,,פולי סויה מאנצו קפוא,,454.00,"100 מ""ל",false,,9.90,0.0218,true,1,178665
7290006546333,false,ציפס קפוא פרי גליל 7,,,ציפס קפוא פרי גליל 7,,700.00,100 גרם,false,,12.90,0.0184,true,1,201317
7290006546388,false,תחתיות ארטישוק 400 ג,,,תחתיות ארטישוק 400 ג,,400.00,100 גרם,false,,12.90,0.0323,true,1,201319
7290006546395,false,לקט העונה 800גר,קריות זול,,לקט העונה 800גר,,800.00,100 גרם,false,,10.90,0.0136,true,1,201320
7290006546982,false,לקט סיני 800גר,קריות זול,,לקט סיני 800גר,,800.00,"100 מ""ל",false,,12.90,0.0161,true,1,201336
7290006567048,false,פתיתי קוסקוס ישראלי,קריות זול,,פתיתי קוסקוס ישראלי,,350.00,"100 מ""ל",false,,7.90,0.0226,true,1,177037
7290006582355,false,סילאן 900 גרם,,,סילאן 900 גרם,,900.00,"100 מ""ל",false,,10.90,0.0121,true,1,200802
7290006618078,false,אסטוניש מרסס ניקוי י,,,אסטוניש מרסס ניקוי י,,750.00,100 גרם,false,,15.90,0.0212,true,1,183680
7290006644510,false,"תפוזינה ענבים 500מ""ל",,,"תפוזינה ענבים 500מ""ל",,500.00,100 גרם,false,,5.50,0.0110,true,1,181809
7290006652027,false,במבה מארז 20*15גר אס,,,במבה מארז 20*15גר אס,,300.00,100 מ'ל,false,,19.90,0.0663,true,1,177053
7290006653765,false,פסטה פרפקטו פטוציני,קריות זול,,פסטה פרפקטו פטוציני,,500.00,"100 מ""ל",false,,7.90,0.0158,true,1,177061
7290006653819,false,קוסקוס דק אסם 350 גר,קריות זול,,קוסקוס דק אסם 350 גר,,350.00,"100 מ""ל",false,,7.90,0.0226,true,1,177062
7290006664051,false,אקטימל טבעי 14*100מל,קריות זול,,אקטימל טבעי 14*100מל,,1400.00,"100 מ""ל",false,,32.90,0.0235,true,1,195897
7290006664402,false,גבינה לבנה סקי 5% 75,קריות זול,,גבינה לבנה סקי 5% 75,,750.00,100 גרם,false,,14.94,0.0199,true,1,195907
7290006664532,false,דנונה תות 1.5% 150 מ,קריות זול,,דנונה תות 1.5% 150 מ,,150.00,"100 מ""ל",false,,3.90,0.0260,true,1,195915
7290006664655,false,אקטימל טבעי 8*100מל,קריות זול,,אקטימל טבעי 8*100מל,,800.00,100 גרם,false,,21.90,0.0274,true,1,195919
7290006664693,false,דנונה אפרסק 1.5% 150,קריות זול,,דנונה אפרסק 1.5% 150,,150.00,"100 מ""ל",false,,3.90,0.0260,true,1,195922
7290006664990,false,דנונה ביו מארז שמיני,,,דנונה ביו מארז שמיני,,1200.00,100 מ'ל,false,,17.30,0.0144,true,1,195936
7290006681553,false,קרמבו וניל שטראוס 8י,קריות זול,,קרמבו וניל שטראוס 8י,,8.00,יח',false,,15.90,1.9875,true,1,187621
7290006696595,false,יין מסורת 1 ליטר,,,יין מסורת 1 ליטר,,1000.00,"100 מ""ל",false,,22.90,0.0229,true,1,172742
7290006739131,false,*מבצע* בצק פילו זוגל,,,*מבצע* בצק פילו זוגל,,500.00,"100 מ""ל",false,,12.90,0.0258,true,1,214241
7290006739292,false,פסטרמה תבור זוגלובק,,,פסטרמה תבור זוגלובק,,330.00,100 גרם,false,,29.90,0.0906,true,1,212360
7290006739407,false,שניצל תירס לייט זוגל,,,שניצל תירס לייט זוגל,,630.00,"100 מ""ל",false,,26.90,0.0427,true,1,212365
7290006739414,false,סלמי קוניאק זוגלובק,,,סלמי קוניאק זוגלובק,,300.00,100 גרם,false,,28.90,0.0963,true,1,212366
7290006739421,false,סלמי מעושן איטלקי זו,,,סלמי מעושן איטלקי זו,,300.00,"100 מ""ל",false,,28.90,0.0963,true,1,212367
7290006739445,false,שניצל תירס קלאסי זוג,,,שניצל תירס קלאסי זוג,,750.00,100 גרם,false,,26.90,0.0359,true,1,212369
7290006741363,false,"בורקס תפו""א בדץ זוגל",,,"בורקס תפו""א בדץ זוגל",,800.00,"100 מ""ל",false,,16.90,0.0211,true,1,212402
7290006742162,false,המבורגר מזרחי זוגלוב,,,המבורגר מזרחי זוגלוב,,400.00,100 גרם,false,,21.90,0.0547,true,1,212419
7290006742278,false,פסטרממיה צלויה על לב,,,פסטרממיה צלויה על לב,,330.00,100 גרם,false,,29.90,0.0906,true,1,212421
7290006742292,false,פסטרממיה בדבש 1% זוג,,,פסטרממיה בדבש 1% זוג,,330.00,"100 מ""ל",false,,29.90,0.0906,true,1,212423
7290006742315,false,חזה הודו ברביקיו 1%,,,חזה הודו ברביקיו 1%,,330.00,"100 מ""ל",false,,29.90,0.0906,true,1,212425
7290006764485,false,נשר מאלט בקבוק שישיי,קריות זול,,נשר מאלט בקבוק שישיי,,1980.00,100 גרם,false,,31.90,0.0161,true,1,173101
7290006765000,false,טורטיות מקמח חיטה מל,,,טורטיות מקמח חיטה מל,,540.00,"100 מ""ל",false,,10.00,0.0185,true,1,232827
7290006765772,false,אננס מסוכר מיובש 200,,,אננס מסוכר מיובש 200,,200.00,100 גרם,false,,14.90,0.0745,true,1,200816
7290006775023,false,עוגת אנגלית 450גר,,,עוגת אנגלית 450גר,,450.00,"100 מ""ל",false,,10.90,0.0242,true,1,203370
7290006775030,false,עוגת שוקולד 450גר,,,עוגת שוקולד 450גר,,450.00,"100 מ""ל",false,,10.90,0.0242,true,1,203371
7290006775047,false,עוגת שוקולד 450גר,,,עוגת שוקולד 450גר,,450.00,"100 מ""ל",false,,10.90,0.0242,true,1,203372
7290006775085,false,עוגת שמרים שוקולד 40,,,עוגת שמרים שוקולד 40,,400.00,"100 מ""ל",false,,12.90,0.0323,true,1,203375
7290006775191,false,מאפין ממולא שוקולד 5,,,מאפין ממולא שוקולד 5,,50.00,"100 מ""ל",false,,2.90,0.0580,true,1,203376
7290006775344,false,עוגת שמרים קינמון וא,,,עוגת שמרים קינמון וא,,400.00,"100 מ""ל",false,,12.90,0.0323,true,1,203379
7290006784322,false,סנט מוריץ נירוסטה 40,,,סנט מוריץ נירוסטה 40,,400.00,100 גרם,false,,15.90,0.0398,true,1,216916
7290006784346,false,תרסיס קצף לניקוי שטי,,,תרסיס קצף לניקוי שטי,,630.00,"100 מ""ל",false,,15.90,0.0252,true,1,216918
7290006784360,false,נוזל חלונות 1 ליטר ס,,,נוזל חלונות 1 ליטר ס,ליטרים,1.00,ליטר,false,,5.90,5.9000,true,1,216920
7290006784506,false,אוקסי מסיר כתמים 750,,,אוקסי מסיר כתמים 750,,750.00,100 מ'ל,false,,8.90,0.0119,true,1,216924
7290006788399,false,דאודורנט קרליין רול,,,דאודורנט קרליין רול,,75.00,"100 מ""ל",false,,13.90,0.1853,true,1,180609
7290006788412,false,קרליין רולאון נושם כ,,,קרליין רולאון נושם כ,,75.00,"100 מ""ל",false,,13.90,0.1853,true,1,180611
7290006788443,false,דאודורנט קרליין רול,,,דאודורנט קרליין רול,,75.00,100 גרם,false,,13.90,0.1853,true,1,180614
7290006788467,false,קרליין ספריי רקטיב נ,,,קרליין ספריי רקטיב נ,,200.00,"100 מ""ל",false,,13.90,0.0695,true,1,180615
7290006788474,false,קרליין דאו ספריי 200,,,קרליין דאו ספריי 200,,200.00,"100 מ""ל",false,,13.90,0.0695,true,1,180616
7290006789648,false,קרם לחות לשיער יבש ק,קריות זול,,קרם לחות לשיער יבש ק,,400.00,100 גרם,false,,17.90,0.0447,true,1,180647
7290006805355,false,כדורי שוקולד פילסברי,קריות זול,,כדורי שוקולד פילסברי,,500.00,100 גרם,false,,19.50,0.0390,true,1,192172
7290006805850,false,תערובת להכנת פנקייקס,קריות זול,,תערובת להכנת פנקייקס,,500.00,"100 מ""ל",false,,19.50,0.0390,true,1,192173
7290006822192,false,אושן ספריי דיאט חמוצ,קריות זול,,אושן ספריי דיאט חמוצ,,1000.00,100 גרם,false,,13.50,0.0135,true,1,210301
7290006873620,false,מיץ ענבים אדום טבעי,,,מיץ ענבים אדום טבעי,,1000.00,"100 מ""ל",false,,11.90,0.0119,true,1,212504
7290006920997,false,כדורי מוצרלה 18% כפי,,,כדורי מוצרלה 18% כפי,קילוגרמים,1.00,"ק""ג",true,,69.00,69.0000,true,1,174185
7290006960443,false,מיקס עגבניות ומלפפונ,,,מיקס עגבניות ומלפפונ,,370.00,100 גרם,false,,9.90,0.0268,true,1,247391
7290006983176,false,לחמית שיפון אסם 250ג,קריות זול,,לחמית שיפון אסם 250ג,,250.00,"100 מ""ל",false,,9.90,0.0396,true,1,177090
7290006983206,false,תערובת להכנת פלאפל א,קריות זול,,תערובת להכנת פלאפל א,,180.00,"100 מ""ל",false,,10.90,0.0606,true,1,177091
7290006983763,false,עוגת הבית שוקולד אסם,קריות זול,,עוגת הבית שוקולד אסם,,400.00,100 גרם,false,,13.90,0.0348,true,1,177100
7290006983770,false,עוגת הבית שיש אסם 40,קריות זול,,עוגת הבית שיש אסם 40,,400.00,"100 מ""ל",false,,13.90,0.0348,true,1,177101
7290006983787,false,עוגת הבית שוקוציפס א,קריות זול,,עוגת הבית שוקוציפס א,,400.00,"100 מ""ל",false,,13.90,0.0348,true,1,177102
7290006992185,false,דייסת אורז מטרנה 200,קריות זול,,דייסת אורז מטרנה 200,,200.00,"100 מ""ל",false,,15.90,0.0795,true,1,177114
7290006992192,false,דייסת סולת מטרנה 220,קריות זול,,דייסת סולת מטרנה 220,,200.00,"100 מ""ל",false,,15.90,0.0795,true,1,177115
7290006992208,false,דייסת דגנים מעורבים,קריות זול,,דייסת דגנים מעורבים,,200.00,100 גרם,false,,15.90,0.0795,true,1,177116
7290008023542,false,סיף פנטסטיק שמפו רצפ,קריות זול,,סיף פנטסטיק שמפו רצפ,ליטרים,4.00,ליטר,false,,21.90,5.4750,true,1,182886
7290008104050,false,פימינה נוזל שטיפה אי,,,פימינה נוזל שטיפה אי,,200.00,100 גרם,false,,22.90,0.1145,true,1,199618
7290008154222,false,שניצלונים עוף טוב 70,קריות זול,,שניצלונים עוף טוב 70,,700.00,100 גרם,false,,18.90,0.0270,true,1,177126
7290008175173,false,חמאה מפינלנד ללא מלח,קריות זול,,חמאה מפינלנד ללא מלח,,200.00,"100 מ""ל",false,,14.90,0.0745,true,1,178675
7290008175210,false,פרמזנו מגורדת ויליפו,,,פרמזנו מגורדת ויליפו,,90.00,100 גרם,false,,15.90,0.1767,true,1,178676
7290008175760,false,מנצגו כבשים ויליפוד,,,מנצגו כבשים ויליפוד,קילוגרמים,1.00,"ק""ג",true,,99.00,99.0000,true,1,178463
7290008175777,false,איבריקו ויליפוד,,,איבריקו ויליפוד,קילוגרמים,1.00,"ק""ג",true,,99.00,99.0000,true,1,178464
7290008175906,false,גבינת עיזים חלב ארינ,,,גבינת עיזים חלב ארינ,קילוגרמים,1.00,"ק""ג",true,,120.00,120.0000,true,1,178466
7290008190909,false,מיני קוקיס שוקולד צי,קריות זול,,מיני קוקיס שוקולד צי,,600.00,"100 מ""ל",false,,16.90,0.0282,true,1,213354
7290008194266,false,חטיפים מעורבים 350 ג,,,חטיפים מעורבים 350 ג,,350.00,"100 מ""ל",false,,13.50,0.0386,true,1,173970
7290008254236,false,רבע כבש קדמי קפוא,,,רבע כבש קדמי קפוא,קילוגרמים,1.00,"ק""ג",true,,89.90,89.9000,true,1,227319
7290008286824,false,פילה נסיכת הנילוס מנ,,,פילה נסיכת הנילוס מנ,קילוגרמים,1.00,"ק""ג",true,,69.90,69.9000,true,1,249804
7290008286947,false,פילה סלמון נורבגי מנ,,,פילה סלמון נורבגי מנ,קילוגרמים,1.00,"ק""ג",true,,84.90,84.9000,true,1,245872
7290008323215,false,נסיכת הנילוס פרוס וו,,,נסיכת הנילוס פרוס וו,קילוגרמים,1.00,"ק""ג",true,,69.90,69.9000,true,1,171414
7290008323352,false,פילה סלמון נורווגי מ,,,פילה סלמון נורווגי מ,קילוגרמים,1.00,"ק""ג",true,,84.90,84.9000,true,1,171420
7290008329033,false,צלחת 7 לבן אר 50 דנט,,,צלחת 7 לבן אר 50 דנט,,50.00,יח',false,,8.90,0.1780,true,1,197685
7290008329224,false,מרקיה צבעוני 20יח דנ,,,מרקיה צבעוני 20יח דנ,יחידה,0.00,יחידה,false,,8.90,0.0000,true,1,197691
7290008329248,false,ליפתנית צבעוני  20יח,,,ליפתנית צבעוני  20יח,,0.00,100 מ'ל,false,,6.90,0.0000,true,1,197693
7290008329255,false,מזלגות אר 100 דנטס,,,מזלגות אר 100 דנטס,יחידה,0.00,יחידה,false,,8.90,0.0000,true,1,197694
7290008329286,false,כפיות אר 100 דנטס,,,כפיות אר 100 דנטס,יחידה,0.00,יחידה,false,,8.90,0.0000,true,1,197697
7290008329309,false,מזלגות פרימיום שקוף/,,,מזלגות פרימיום שקוף/,יחידה,0.00,יחידה,false,,9.90,0.0000,true,1,197699
7290008329316,false,כפות פרימיום שקוף/קר,,,כפות פרימיום שקוף/קר,יחידה,0.00,יחידה,false,,9.90,0.0000,true,1,197700
7290008329347,false,צלחת 10 צבעוני 20 יח,,,צלחת 10 צבעוני 20 יח,יחידה,0.00,יחידה,false,,14.90,0.0000,true,1,197703
7290008329378,false,קסרול לבן אר' 25 יח',,,קסרול לבן אר' 25 יח',,25.00,100 מ'ל,false,,7.90,0.3160,true,1,197705
7290008330107,false,בדין סגול מרכך כביסה,קריות זול,,בדין סגול מרכך כביסה,ליטרים,4.00,ליטר,false,,19.90,4.9750,true,1,182888
7290008409100,false,אצבעות שניצל שומשום,קריות זול,,אצבעות שניצל שומשום,,700.00,"100 מ""ל",false,,37.90,0.0541,true,1,188500
7290008409124,false,שניצל גונגל פריך מאמ,קריות זול,,שניצל גונגל פריך מאמ,,700.00,"100 מ""ל",false,,37.90,0.0541,true,1,188502
7290008409315,false,שניצלונים מיני מיני,,,שניצלונים מיני מיני,,500.00,"100 מ""ל",false,,28.90,0.0578,true,1,188515
7290008409605,false,כוכבי עוף בציפוי מעו,קריות זול,,כוכבי עוף בציפוי מעו,,700.00,100 גרם,false,,37.90,0.0541,true,1,188533
7290008443616,false,נקה 7 מרכך לשיער יבש,,,נקה 7 מרכך לשיער יבש,,750.00,100 גרם,false,,12.90,0.0172,true,1,180684
7290008443647,false,נקה 7 מרכך מועשר בתמ,,,נקה 7 מרכך מועשר בתמ,,750.00,100 גרם,false,,12.90,0.0172,true,1,180687
7290008464024,false,בירה גולדסטאר לאגר כ,,,בירה גולדסטאר לאגר כ,,500.00,100 גרם,false,,9.90,0.0198,true,1,173110
7290008464130,false,בירה גולדסטאר לא מסו,,,בירה גולדסטאר לא מסו,,1980.00,"100 מ""ל",false,,35.90,0.0181,true,1,173112
7290008464222,false,בירה מכבי 7.9% פחית,,,בירה מכבי 7.9% פחית,,500.00,100 גרם,false,,8.50,0.0170,true,1,173113
7290008464468,false,בירה גולדסטאר פחית 5,קריות זול,,בירה גולדסטאר פחית 5,,500.00,100 גרם,false,,8.50,0.0170,true,1,173123
7290008464475,false,בירה מכבי פחית 500מל,קריות זול,,בירה מכבי פחית 500מל,,500.00,100 גרם,false,,8.50,0.0170,true,1,173124
7290008464505,false,"סאן בנדטו 500מ""ל",קריות זול,,"סאן בנדטו 500מ""ל",,500.00,100 גרם,false,,2.90,0.0058,true,1,173125
7290008464604,false,בירה היינקן הולנד פח,קריות זול,,בירה היינקן הולנד פח,,500.00,100 גרם,false,,9.90,0.0198,true,1,173130
7290008464734,false,בירה גולדסטאר SLOW B,קריות זול,,בירה גולדסטאר SLOW B,,1980.00,100 מ'ל,false,,37.90,0.0191,true,1,173135
7290008464741,false,בירה גולדסטאר בקבוק,קריות זול,,בירה גולדסטאר בקבוק,,1980.00,"100 מ""ל",false,,35.90,0.0181,true,1,173136
7290008464796,false,בירה היינקן בקבוק 6*,קריות זול,,בירה היינקן בקבוק 6*,,1980.00,100 מ'ל,false,,35.90,0.0181,true,1,173140
7290008493413,false,פרורי גריסני שקית 20,,,פרורי גריסני שקית 20,,200.00,"100 מ""ל",false,,6.90,0.0345,true,1,179670
7290008493710,false,פרורי גריסיני זהב 20,,,פרורי גריסיני זהב 20,,200.00,"100 מ""ל",false,,6.90,0.0345,true,1,214552
7290008590129,false,שעועית ירוקה שלמה שף,,,שעועית ירוקה שלמה שף,,800.00,"100 מ""ל",false,,9.90,0.0124,true,1,249069
7290008590136,false,שעועית צהובה חתוכה ק,,,שעועית צהובה חתוכה ק,,800.00,"100 מ""ל",false,,9.90,0.0124,true,1,247768
7290008590150,false,אפונת גינה קטנה שף ה,,,אפונת גינה קטנה שף ה,,800.00,"100 מ""ל",false,,9.90,0.0124,true,1,247399
7290008590167,false,אפונה וגזר 800 גרם ש,,,אפונה וגזר 800 גרם ש,,800.00,"100 מ""ל",false,,9.90,0.0124,true,1,247770
7290008614559,false,שריר הזרוע מס 8 חלק,,,שריר הזרוע מס 8 חלק,קילוגרמים,1.00,"ק""ג",true,,29.90,29.9000,true,1,234464
7290008614726,false,לשון בקר חלק קפוא,,,לשון בקר חלק קפוא,קילוגרמים,1.00,"ק""ג",true,,39.90,39.9000,true,1,234467
7290008614788,false,סינטה קפוא,,,סינטה קפוא,קילוגרמים,1.00,"ק""ג",true,,69.90,69.9000,true,1,247970
7290008614894,false,צלעות אסאדו (אצבעות),,,צלעות אסאדו (אצבעות),קילוגרמים,1.00,"ק""ג",true,,49.90,49.9000,true,1,234469
7290008618212,false,צלעות מס'2 חלק קפוא,,,צלעות מס'2 חלק קפוא,קילוגרמים,1.00,"ק""ג",true,,39.90,39.9000,true,1,248633
7290008644112,false,סלט מטבוחה אחלה 125ג,קריות זול,,סלט מטבוחה אחלה 125ג,,125.00,"100 מ""ל",false,,4.90,0.0392,true,1,195969
7290008644235,false,עלי בייבי 120 גר שטר,קריות זול,,עלי בייבי 120 גר שטר,,120.00,100 גרם,false,,11.50,0.0958,true,1,195970
7290008644945,false,סלט המושבה שטראוס 45,,,סלט המושבה שטראוס 45,,450.00,100 גרם,false,,11.90,0.0264,true,1,195978
7290008679992,false,כפפות עבור אצבעות L,,,כפפות עבור אצבעות L,יחידה,0.00,יחידה,false,,14.90,0.0000,true,1,193027
7290008690713,false,אושן ספריי חמוציות 1,קריות זול,,אושן ספריי חמוציות 1,,1000.00,100 גרם,false,,13.50,0.0135,true,1,210334
7290008693134,false,דניאלה תות מעדן גבינ,קריות זול,,דניאלה תות מעדן גבינ,,150.00,100 גרם,false,,4.10,0.0273,true,1,195990
7290008736022,false,צלעות מס' 2 קפוא חלק,,,צלעות מס' 2 קפוא חלק,קילוגרמים,1.00,"ק""ג",true,,39.90,39.9000,true,1,249753
7290008736053,false,חזה בקר מס'3 חלק קפו,,,חזה בקר מס'3 חלק קפו,קילוגרמים,1.00,"ק""ג",true,,34.90,34.9000,true,1,247340
7290008737296,false,"גפילטע פיש ""דג עדן 6",,,"גפילטע פיש ""דג עדן 6",,6.00,100 מ'ל,false,,14.90,2.4833,true,1,198723
7290008745239,false,תפוציפס אקסטרא טבעי,קריות זול,,תפוציפס אקסטרא טבעי,,50.00,100 מ'ל,false,,3.90,0.0780,true,1,184128
7290008747547,false,תפוציפס אקסטרא טבעי,,,תפוציפס אקסטרא טבעי,,200.00,"100 מ""ל",false,,10.90,0.0545,true,1,184130
7290008750264,false,מסטיק מאסט דובדבן 28,קריות זול,,מסטיק מאסט דובדבן 28,,28.00,"100 מ""ל",false,,4.70,0.1679,true,1,208747
7290008752244,false,תפוציפס אקסטרא גריל,קריות זול,,תפוציפס אקסטרא גריל,,50.00,"100 מ""ל",false,,3.90,0.0780,true,1,184133
7290008753111,false,תפוציפס מקסיקני 50גר,קריות זול,,תפוציפס מקסיקני 50גר,,50.00,100 גרם,false,,3.90,0.0780,true,1,184136
7290008757980,false,ספרינג רימונים 1 ליט,קריות זול,,ספרינג רימונים 1 ליט,,1000.00,100 גרם,false,,7.90,0.0079,true,1,181838
7290008775816,false,ערגליות שוקו אסם 300,קריות זול,,ערגליות שוקו אסם 300,,300.00,"100 מ""ל",false,,10.90,0.0363,true,1,177166
7290008775823,false,ערגליות תות אסם 300ג,קריות זול,,ערגליות תות אסם 300ג,,300.00,"100 מ""ל",false,,10.90,0.0363,true,1,177167
7290008775892,false,פסטה פרפקטו ספגטי לי,קריות זול,,פסטה פרפקטו ספגטי לי,,500.00,100 גרם,false,,7.90,0.0158,true,1,177168
7290008792264,false,טאצ מפיות 100,,,טאצ מפיות 100,,100.00,100 מ'ל,false,,4.90,0.0490,true,1,202528
7290008801119,false,יין סלקטד סוביניון ב,קריות זול,,יין סלקטד סוביניון ב,,750.00,100 גרם,false,,28.90,0.0385,true,1,171233
7290008801522,false,יין קינג דיוויד לבן,קריות זול,,יין קינג דיוויד לבן,,750.00,100 גרם,false,,19.90,0.0265,true,1,171241
7290008801546,false,יין קינג דיוויד מוסק,קריות זול,,יין קינג דיוויד מוסק,,750.00,"100 מ""ל",false,,19.90,0.0265,true,1,171243
7290008801850,false,יין סלקטד אמרלד ריזל,קריות זול,,יין סלקטד אמרלד ריזל,,750.00,100 גרם,false,,28.90,0.0385,true,1,171246
7290008802512,false,יין וינו אדום יבש 75,קריות זול,,יין וינו אדום יבש 75,,750.00,"100 מ""ל",false,,19.90,0.0265,true,1,171248
7290008802529,false,יין וינו לבן יבש 750,קריות זול,,יין וינו לבן יבש 750,,750.00,"100 מ""ל",false,,19.90,0.0265,true,1,171249
7290008802895,false,יין קברנה סוביניון פ,קריות זול,,יין קברנה סוביניון פ,,750.00,"100 מ""ל",false,,39.90,0.0532,true,1,171250
7290008804332,false,יין שיראז אדום יבש פ,קריות זול,,יין שיראז אדום יבש פ,,750.00,"100 מ""ל",false,,39.90,0.0532,true,1,171261
7290008805049,false,יין סלקטד זינפנדל 75,קריות זול,,יין סלקטד זינפנדל 75,,750.00,100 גרם,false,,28.90,0.0385,true,1,171281
7290008805520,false,יין סלקטד קברנה סובנ,קריות זול,,יין סלקטד קברנה סובנ,,750.00,100 גרם,false,,28.90,0.0385,true,1,171283
7290008806985,false,קרמיסימו נישנושים שו,קריות זול,,קרמיסימו נישנושים שו,,630.00,"100 מ""ל",false,,46.90,0.0744,true,1,187634
7290008835954,false,פילה אמנון 5-7 וואקו,,,פילה אמנון 5-7 וואקו,קילוגרמים,1.00,"ק""ג",true,,29.90,29.9000,true,1,232421
7290008836494,false,תירוש טבעי אדום 1 לי,,,תירוש טבעי אדום 1 לי,,1000.00,100 גרם,false,,17.90,0.0179,true,1,172762
7290008849609,false,רוטב לעוף שום דבש או,קריות זול,,רוטב לעוף שום דבש או,,330.00,"100 מ""ל",false,,14.90,0.0452,true,1,193037
7290008849753,false,רוטב טריאקי עשיר אול,קריות זול,,רוטב טריאקי עשיר אול,,300.00,100 גרם,false,,14.90,0.0497,true,1,193041
7290008849777,false,רוטב צילי מתוק 350 מ,קריות זול,,רוטב צילי מתוק 350 מ,,290.00,"100 מ""ל",false,,13.90,0.0479,true,1,193043
7290008863001,false,עוגה ג'ינגי בציפוי פ,,,עוגה ג'ינגי בציפוי פ,,450.00,"100 מ""ל",false,,34.90,0.0776,true,1,237311
7290008863070,false,אקלרים 350גר,,,אקלרים 350גר,,350.00,"100 מ""ל",false,,24.90,0.0711,true,1,237314
7290008863117,false,עוגת אריסטוקרט 380גר,,,עוגת אריסטוקרט 380גר,,380.00,"100 מ""ל",false,,34.90,0.0918,true,1,237317
7290008863179,false,עוגת אריסטוקרט 600גר,,,עוגת אריסטוקרט 600גר,,600.00,"100 מ""ל",false,,54.90,0.0915,true,1,237318
7290010051021,false,בזיליקום,,,בזיליקום,יחידה,0.00,יחידה,false,,5.90,0.0000,true,1,205132
7290010051045,false,סלט ביבי מיקס בנספק,,,סלט ביבי מיקס בנספק,יחידה,0.00,יחידה,false,,8.90,0.0000,true,1,205134
7290010051052,false,פטרוזליה,,,פטרוזליה,יחידה,0.00,יחידה,false,,3.90,0.0000,true,1,205135
7290010051076,false,לבבות חסה,,,לבבות חסה,יחידה,0.00,יחידה,false,,9.90,0.0000,true,1,205137
7290010051113,false,קורנית (טימין),,,קורנית (טימין),יחידה,0.00,יחידה,false,,5.90,0.0000,true,1,205139
7290010051120,false,מרווה,,,מרווה,יחידה,0.00,יחידה,false,,5.90,0.0000,true,1,205140
7290010051144,false,תרד עלים 180גר,,,תרד עלים 180גר,,180.00,"100 מ""ל",false,,8.90,0.0494,true,1,205142
7290010051168,false,כוסברה,,,כוסברה,יחידה,0.00,יחידה,false,,3.90,0.0000,true,1,205144
7290010051175,false,כוסברה/שמיר ארוז,,,כוסברה/שמיר ארוז,,1000.00,"100 מ""ל",false,,3.90,0.0039,true,1,205146
7290010051182,false,נענע ארוזה,,,נענע ארוזה,יחידה,0.00,יחידה,false,,3.90,0.0000,true,1,205147
7290010051199,false,שורש פטרוזיליה,,,שורש פטרוזיליה,יחידה,0.00,יחידה,false,,3.90,0.0000,true,1,205148
7290010051205,false,סלרי אמריקאי.,,,סלרי אמריקאי.,,200.00,"100 מ""ל",false,,5.90,0.0295,true,1,205149
7290010051212,false,סלרי ראש,,,סלרי ראש,יחידה,0.00,יחידה,false,,5.90,0.0000,true,1,205150
7290010051267,false,פרסה לוף שלם,,,פרסה לוף שלם,יחידה,0.00,יחידה,false,,7.90,0.0000,true,1,205155
7290010051281,false,עלי רוקולה,,,עלי רוקולה,יחידה,0.00,יחידה,false,,7.90,0.0000,true,1,205156
7290010051298,false,סלק עלים ארוז,,,סלק עלים ארוז,יחידה,0.00,יחידה,false,,6.90,0.0000,true,1,205157
7290010051335,false,בצל ירוק,,,בצל ירוק,,110.00,"100 מ""ל",false,,5.90,0.0536,true,1,205159
7290010051373,false,לבבות חסה א.אדמה,,,לבבות חסה א.אדמה,יחידה,0.00,יחידה,false,,9.90,0.0000,true,1,234016
7290010051403,false,שיבה,,,שיבה,יחידה,0.00,יחידה,false,,5.90,0.0000,true,1,205160
7290010051434,false,חסה סלנובה,,,חסה סלנובה,יחידה,0.00,יחידה,false,,10.90,0.0000,true,1,234017
7290010051687,false,רוזמרין,,,רוזמרין,יחידה,0.00,יחידה,false,,5.90,0.0000,true,1,205166
7290010065172,false,ליקוקים שימורי כלב כ,קריות זול,,ליקוקים שימורי כלב כ,,415.00,100 גרם,false,,6.90,0.0166,true,1,193056
7290010065295,false,"פרינוק מחית תפו""ע+בנ",,,"פרינוק מחית תפו""ע+בנ",,130.00,"100 מ""ל",false,,4.90,0.0377,true,1,185312
7290010065332,false,פרינוק מחית גוניור ת,,,פרינוק מחית גוניור ת,,190.00,100 גרם,false,,6.50,0.0342,true,1,193060
7290010066513,false,נתחי טונה בשמן פילטו,,,נתחי טונה בשמן פילטו,,632.00,100 גרם,false,,22.90,0.0362,true,1,204451
7290010066575,false,נתחי טונה במים פילטו,,,נתחי טונה במים פילטו,,632.00,100 גרם,false,,22.90,0.0362,true,1,204454
7290010066582,false,נתחי טונה בשמן קנולה,,,נתחי טונה בשמן קנולה,,632.00,"100 מ""ל",false,,22.90,0.0362,true,1,204455
7290010066599,false,נתחי טונה בשמן זית פ,,,נתחי טונה בשמן זית פ,,632.00,100 גרם,false,,29.90,0.0473,true,1,204456
7290010116980,false,שוקולית עלית 850גר,קריות זול,,שוקולית עלית 850גר,,820.00,100 גרם,false,,16.90,0.0206,true,1,208791
7290010124107,false,סטייק בורגר זהב 400,,,סטייק בורגר זהב 400,,400.00,"100 מ""ל",false,,19.90,0.0497,true,1,232484
7290010124213,false,סינטה בקר דק דק אל מ,,,סינטה בקר דק דק אל מ,,250.00,"100 מ""ל",false,,19.90,0.0796,true,1,232490
7290010124503,false,שומן כבש 200גר,,,שומן כבש 200גר,,200.00,"100 מ""ל",false,,12.90,0.0645,true,1,199309
7290010126323,false,חציל במיונז 400 גרם,,,חציל במיונז 400 גרם,,400.00,100 גרם,false,,12.90,0.0323,true,1,172336
7290010126330,false,תירס במיונז 400 גרם,,,תירס במיונז 400 גרם,,400.00,"100 מ""ל",false,,12.90,0.0323,true,1,172337
7290010126408,false,חציל בטחינה 400 גרם,,,חציל בטחינה 400 גרם,,400.00,"100 מ""ל",false,,12.90,0.0323,true,1,172338
7290010126477,false,טחינה ירוקה 400 גרם,,,טחינה ירוקה 400 גרם,,400.00,"100 מ""ל",false,,12.90,0.0323,true,1,172341
7290010126484,false,מטבוחה 400 גרם כיד ה,,,מטבוחה 400 גרם כיד ה,,400.00,100 גרם,false,,12.90,0.0323,true,1,172342
7290010126491,false,סלט סלק 400 גרם כיד,,,סלט סלק 400 גרם כיד,,400.00,"100 מ""ל",false,,12.90,0.0323,true,1,172343
7290010126507,false,סלט טורקי 400 גרם כי,,,סלט טורקי 400 גרם כי,,400.00,100 גרם,false,,12.90,0.0323,true,1,172344
7290010126958,false,"סלט תפו""א במיונז 400",,,"סלט תפו""א במיונז 400",,400.00,"100 מ""ל",false,,12.90,0.0323,true,1,172349
7290010153503,false,שעועית בובס 400גר,,,שעועית בובס 400גר,,400.00,100 גרם,false,,10.90,0.0273,true,1,202835
7290010153510,false,בורגול מיה 500 גר,,,בורגול מיה 500 גר,,500.00,"100 מ""ל",false,,6.90,0.0138,true,1,202836
7290010153527,false,ג'ריש מיה 500 גר,,,ג'ריש מיה 500 גר,,500.00,100 גרם,false,,6.90,0.0138,true,1,202837
7290010153770,false,ציפוי לשניצל פיקנטי,,,ציפוי לשניצל פיקנטי,,500.00,100 גרם,false,,9.90,0.0198,true,1,202840
7290010153794,false,ציפוי לשניצל עשבי תי,,,ציפוי לשניצל עשבי תי,,500.00,100 גרם,false,,9.90,0.0198,true,1,202842
7290010163069,false,צנובר 100גרם,,,צנובר 100גרם,,100.00,"100 מ""ל",false,,19.90,0.1990,true,1,200822
7290010173044,false,יין הרי גליל מרלו 75,,,יין הרי גליל מרלו 75,,750.00,"100 מ""ל",false,,39.90,0.0532,true,1,215540
7290010175840,false,לבבות דקל שלם 400גר,,,לבבות דקל שלם 400גר,,400.00,100 גרם,false,,12.90,0.0323,true,1,194331
7290010195268,false,פופסטאר בטעם טבעי מו,,,פופסטאר בטעם טבעי מו,,425.00,"100 מ""ל",false,,13.90,0.0327,true,1,207548
7290010199891,false,אל סבון סטייל תה אדו,,,אל סבון סטייל תה אדו,,500.00,100 גרם,false,,6.90,0.0138,true,1,199621
7290010237562,false,"מירינדה בקבוק 500 מ""",,,"מירינדה בקבוק 500 מ""",,500.00,100 גרם,false,,4.90,0.0098,true,1,173150
7290010259830,false,נודלס סגנון סיני פיק,קריות זול,,נודלס סגנון סיני פיק,,70.00,"100 מ""ל",false,,5.90,0.0843,true,1,178699
7290010259847,false,נודלס בטעם תירס מנת,קריות זול,,נודלס בטעם תירס מנת,,70.00,"100 מ""ל",false,,5.90,0.0843,true,1,178700
7290010259854,false,נודלס בטעם פטריות מנ,קריות זול,,נודלס בטעם פטריות מנ,,70.00,"100 מ""ל",false,,5.90,0.0843,true,1,178701
7290010259861,false,נודלס בטעם ירקות מנת,קריות זול,,נודלס בטעם ירקות מנת,,70.00,"100 מ""ל",false,,5.90,0.0843,true,1,178702
7290010259991,false,צנימים ויליפוד 250גר,קריות זול,,צנימים ויליפוד 250גר,,250.00,100 גרם,false,,7.90,0.0316,true,1,178709
7290010328093,false,ממרח חלבה 400גר,,,ממרח חלבה 400גר,,400.00,"100 מ""ל",false,,10.90,0.0273,true,1,203391
7290010328246,false,טחינה משומשום מלא 50,,,טחינה משומשום מלא 50,,500.00,100 גרם,false,,12.90,0.0258,true,1,203393
7290010328253,false,טחינה גולמית 500 גרם,,,טחינה גולמית 500 גרם,,500.00,100 גרם,false,,11.90,0.0238,true,1,203394
7290010328468,false,חטיפי מיני חלבה ב3 ט,,,חטיפי מיני חלבה ב3 ט,,216.00,"100 מ""ל",false,,11.90,0.0551,true,1,203396
7290010328505,false,חטיפי מיני חלבה ללא,,,חטיפי מיני חלבה ללא,,15.00,100 מ'ל,false,,11.90,0.7933,true,1,203398
7290010328680,false,עוגת שוקולד עם שוקוצ,,,עוגת שוקולד עם שוקוצ,,450.00,"100 מ""ל",false,,10.90,0.0242,true,1,203405
7290010328734,false,ממרח טחינה עם סילאן,,,ממרח טחינה עם סילאן,,400.00,"100 מ""ל",false,,10.90,0.0273,true,1,203410
7290010328819,false,ממרח טחינה עם שוקולד,,,ממרח טחינה עם שוקולד,,400.00,"100 מ""ל",false,,10.90,0.0273,true,1,203415
7290010328895,false,מאפין שוקולד 45גר,,,מאפין שוקולד 45גר,,45.00,"100 מ""ל",false,,2.90,0.0644,true,1,203416
7290010328901,false,מאפין בטעם וניל 45גר,,,מאפין בטעם וניל 45גר,,45.00,"100 מ""ל",false,,2.90,0.0644,true,1,220722
7290010429554,false,שמן זית כתית מעולה2,קריות זול,,שמן זית כתית מעולה2,,750.00,100 גרם,false,,35.90,0.0479,true,1,208826
7290010454051,false,מפיות טרנדי תלת-שכבת,,,מפיות טרנדי תלת-שכבת,יחידה,0.00,יחידה,false,,6.90,0.0000,true,1,206958
7290010454402,false,מפות שולחן,,,מפות שולחן,יחידה,0.00,יחידה,false,,6.90,0.0000,true,1,206967
7290010471669,false,דנונה בר תות קורנפלק,קריות זול,,דנונה בר תות קורנפלק,,173.00,"100 מ""ל",false,,4.70,0.0272,true,1,196024
7290010472390,false,דני שוקולד מארז 8*12,קריות זול,,דני שוקולד מארז 8*12,,1000.00,"100 מ""ל",false,,16.80,0.0168,true,1,196038
7290010513727,false,פירורי לחם פנקו 200ג,,,פירורי לחם פנקו 200ג,,200.00,100 גרם,false,,8.90,0.0445,true,1,205414
7290010548514,false,עשבי תיבול לבישול אי,,,עשבי תיבול לבישול אי,,70.00,100 גרם,false,,11.90,0.1700,true,1,177218
7290010609550,false,טרופי קש 20 יח,,,טרופי קש 20 יח,יחידה,0.00,יחידה,false,,27.90,0.0000,true,1,204624
7290010613045,false,רצפות מרוכז ורוד 2 ל,,,רצפות מרוכז ורוד 2 ל,,2000.00,100 גרם,false,,9.90,0.0050,true,1,246796
7290010613083,false,רצפות מרוכז צהוב 2 ל,,,רצפות מרוכז צהוב 2 ל,,2000.00,100 גרם,false,,9.90,0.0050,true,1,246798
7290010613526,false,דלי מטליות לניקוי וח,,,דלי מטליות לניקוי וח,יחידה,0.00,יחידה,false,,10.90,0.0000,true,1,245542
7290010613953,false,דלי מטליות לניקוי וח,,,דלי מטליות לניקוי וח,יחידה,0.00,יחידה,false,,10.90,0.0000,true,1,246479
7290010711109,false,מטלית מיקרופייבר לרצ,,,מטלית מיקרופייבר לרצ,יחידה,0.00,יחידה,false,,7.90,0.0000,true,1,197918
7290010711123,false,"ננס רביעיה ""שייני""",,,"ננס רביעיה ""שייני""",יחידה,0.00,יחידה,false,,6.90,0.0000,true,1,197919
7290010711208,false,מטליות שיאני בגליל,,,מטליות שיאני בגליל,,33.00,יח',false,,17.90,0.5424,true,1,197921
7290010711932,false,מטליות רב שימושיות 9,,,מטליות רב שימושיות 9,,9.00,יח',false,,9.90,1.1000,true,1,197932
7290010711956,false,זוג מגבות מיקרופייבר,,,זוג מגבות מיקרופייבר,יחידה,0.00,יחידה,false,,10.90,0.0000,true,1,197933
7290010778065,false,ניוקי תפוח אדמה 500ג,,,ניוקי תפוח אדמה 500ג,,500.00,"100 מ""ל",false,,21.90,0.0438,true,1,211561
7290010778188,false,רביולי 4 גבינות 500ג,,,רביולי 4 גבינות 500ג,,500.00,100 גרם,false,,32.90,0.0658,true,1,211567
7290010778218,false,רוטב שמנת פטריות 240,,,רוטב שמנת פטריות 240,,240.00,"100 מ""ל",false,,21.90,0.0912,true,1,211569
7290010778256,false,רביולי ריקוטה פרמזן,,,רביולי ריקוטה פרמזן,,500.00,100 גרם,false,,32.90,0.0658,true,1,211571
7290010791545,false,לה קט דליקטס פטה כבד,,,לה קט דליקטס פטה כבד,,85.00,"100 מ""ל",false,,5.50,0.0647,true,1,179695
7290010791644,false,בונזו ג'וי מקלוני עו,,,בונזו ג'וי מקלוני עו,,90.00,100 גרם,false,,17.90,0.1989,true,1,223765
7290010814695,false,שוקולד מריר ללא סוכר,,,שוקולד מריר ללא סוכר,,85.00,"100 מ""ל",false,,6.90,0.0812,true,1,213361
7290010814701,false,שוקולד חלב ללא סוכר,,,שוקולד חלב ללא סוכר,,85.00,"100 מ""ל",false,,6.90,0.0812,true,1,213362
7290010838219,false,סטיביה 100 שק,,,סטיביה 100 שק,יחידה,0.00,יחידה,false,,29.90,0.0000,true,1,207568
7290010839865,false,רכז רימונים 320 גר,,,רכז רימונים 320 גר,,320.00,100 גרם,false,,10.90,0.0341,true,1,178743
7290010883042,false,סנובון נוזלי תות 750,,,סנובון נוזלי תות 750,,750.00,"100 מ""ל",false,,10.90,0.0145,true,1,180722
7290010903931,false,"כוכבי תירס בד""ץ 1ק""ג",,,"כוכבי תירס בד""ץ 1ק""ג",,1000.00,"100 מ""ל",false,,21.90,0.0219,true,1,222345
7290010922024,false,"פסיפלורה קפואה בד""ץ",,,"פסיפלורה קפואה בד""ץ",,250.00,"100 מ""ל",false,,11.90,0.0476,true,1,249319
7290010922055,false,"ליצ'י קפוא בד""ץ 250",,,"ליצ'י קפוא בד""ץ 250",,250.00,"100 מ""ל",false,,11.90,0.0476,true,1,249315
7290010922857,false,"מנגו קפוא בד""ץ 250 ג",,,"מנגו קפוא בד""ץ 250 ג",,250.00,"100 מ""ל",false,,11.90,0.0476,true,1,249317
7290010922918,false,סטייק מינוט 250 גרם,,,סטייק מינוט 250 גרם,,250.00,"100 מ""ל",false,,29.90,0.1196,true,1,245990
7290010931330,false,סלט מטבוחה אחלה 500ג,קריות זול,,סלט מטבוחה אחלה 500ג,,500.00,100 גרם,false,,14.90,0.0298,true,1,196074
7290010945146,false,קוטג מועשר 3% 250גר,קריות זול,,קוטג מועשר 3% 250גר,,250.00,"100 מ""ל",false,,6.20,0.0248,true,1,184715
7290010945306,false,חלב בקרטון טרה 3% 2,קריות זול,,חלב בקרטון טרה 3% 2,,2000.00,"100 מ""ל",false,,12.46,0.0062,true,1,184721
7290010945450,false,גבינה לבנה מהדרין 3%,קריות זול,,גבינה לבנה מהדרין 3%,,250.00,"100 מ""ל",false,,4.90,0.0196,true,1,184731
7290010945481,false,גבינה לבנה 5% 500גר,קריות זול,,גבינה לבנה 5% 500גר,,500.00,100 גרם,false,,9.96,0.0199,true,1,184733
7290010970223,false,חומץ יין אדום מונטני,,,חומץ יין אדום מונטני,,500.00,100 גרם,false,,17.50,0.0350,true,1,174628
7290011017866,false,קוקה קולה סליק 330מל,,,קוקה קולה סליק 330מל,,330.00,"100 מ""ל",false,,6.50,0.0197,true,1,210435
7290011017873,false,קוקה קולה זירו סילק,,,קוקה קולה זירו סילק,,330.00,"100 מ""ל",false,,6.50,0.0197,true,1,210436
7290011017880,false,קוקה קולה דיאט 330מל,,,קוקה קולה דיאט 330מל,,330.00,"100 מ""ל",false,,6.50,0.0197,true,1,210437
7290011018443,false,פאנטה אורנג' סליק 33,,,פאנטה אורנג' סליק 33,,330.00,100 גרם,false,,6.50,0.0197,true,1,210461
7290011018832,false,קוקה קולה פחיות שישי,,,קוקה קולה פחיות שישי,,1980.00,"100 מ""ל",false,,28.90,0.0146,true,1,210470
7290011018924,false,קוקה קולה דיאט פחיות,,,קוקה קולה דיאט פחיות,,1980.00,100 גרם,false,,28.90,0.0146,true,1,210473
7290011022563,false,ניילון נצמד צר 150/3,,,ניילון נצמד צר 150/3,יחידה,0.00,יחידה,false,,17.90,0.0000,true,1,240569
7290011026066,false,סרקל שמפו + מרכך ליל,,,סרקל שמפו + מרכך ליל,,1000.00,"100 מ""ל",false,,29.90,0.0299,true,1,204371
7290011026301,false,שמפו לשיער כסוף 400,,,שמפו לשיער כסוף 400,,400.00,100 מ'ל,false,,19.90,0.0497,true,1,236259
7290011064020,false,בולגרית בעיר 200 גרם,,,בולגרית בעיר 200 גרם,,200.00,"100 מ""ל",false,,12.90,0.0645,true,1,204857
7290011064075,false,לאבנה אבו גוש 200 גר,,,לאבנה אבו גוש 200 גר,,200.00,"100 מ""ל",false,,12.90,0.0645,true,1,204858
7290011064099,false,פלפלוני שרי ממולא 12,,,פלפלוני שרי ממולא 12,,125.00,"100 מ""ל",false,,19.90,0.1592,true,1,204859
7290011081690,false,קרמיסימו פרווה שוקו,קריות זול,,קרמיסימו פרווה שוקו,,1330.00,"100 מ""ל",false,,21.90,0.0165,true,1,187673
7290011108816,false,חסה ערבית מהדרין,,,חסה ערבית מהדרין,יחידה,0.00,יחידה,false,,6.90,0.0000,true,1,246769
7290011108823,false,פטרוזליה מהדרין,,,פטרוזליה מהדרין,,1000.00,"100 מ""ל",false,,5.90,0.0059,true,1,246776
7290011108847,false,שמיר מהדרין,,,שמיר מהדרין,יחידה,0.00,יחידה,false,,5.90,0.0000,true,1,246779
7290011115289,false,נקה 7 סבון מוצק לילך,,,נקה 7 סבון מוצק לילך,,400.00,"100 מ""ל",false,,11.90,0.0298,true,1,180773
7290011126209,false,תה תפוח וקינמון סייד,קריות זול,,תה תפוח וקינמון סייד,,55.00,100 גרם,false,,19.90,0.3618,true,1,190843
7290011126452,false,תה הגן הקסום קמומיל,קריות זול,,תה הגן הקסום קמומיל,,37.50,"100 מ""ל",false,,19.90,0.5307,true,1,190851
7290011126940,false,תה ירוק בתוספת מרווה,,,תה ירוק בתוספת מרווה,,37.50,100 גרם,false,,25.90,0.6907,true,1,190863
7290011132507,false,מים סאן בנדטו מוגז 5,,,מים סאן בנדטו מוגז 5,,500.00,100 גרם,false,,3.50,0.0070,true,1,173192
7290011148805,false,שעועית טריה עד 500 ג,,,שעועית טריה עד 500 ג,,500.00,"100 מ""ל",false,,14.90,0.0298,true,1,250159
7290011174323,false,ציפס אמריקאי קפוא 1.,,,ציפס אמריקאי קפוא 1.,,1500.00,"100 מ""ל",false,,19.90,0.0133,true,1,201361
7290011174866,false,צ'יפס בטטה קפוא 700ג,,,צ'יפס בטטה קפוא 700ג,,700.00,"100 מ""ל",false,,15.90,0.0227,true,1,232964
7290011174897,false,אפונה עדינה 600גר,,,אפונה עדינה 600גר,,600.00,100 גרם,false,,10.90,0.0182,true,1,175171
7290011194215,false,דניאלה בננה 150מל,קריות זול,,דניאלה בננה 150מל,,150.00,100 גרם,false,,4.10,0.0273,true,1,196111
7290011194246,false,קוטג 5% עם סידן שטרא,קריות זול,,קוטג 5% עם סידן שטרא,,250.00,"100 מ""ל",false,,5.90,0.0236,true,1,196113
7290011223229,false,טואלט דאק ג'ל אסלה נ,קריות זול,,טואלט דאק ג'ל אסלה נ,,55.00,100 גרם,false,,9.90,0.1800,true,1,207591
7290011223243,false,טואלט דאק ג'ל אסלה נ,קריות זול,,טואלט דאק ג'ל אסלה נ,,55.00,100 גרם,false,,9.90,0.1800,true,1,207593
7290011236649,false,נטיפי שוקולד צ'יפס א,קריות זול,,נטיפי שוקולד צ'יפס א,,300.00,"100 מ""ל",false,,9.90,0.0330,true,1,187681
7290011239404,false,חטיפי מחרום 330גרם,,,חטיפי מחרום 330גרם,,330.00,100 גרם,false,,15.90,0.0482,true,1,238327
7290011249250,false,גביעי גלידה אמריקה 2,,,גביעי גלידה אמריקה 2,יחידה,0.00,יחידה,false,,11.90,0.0000,true,1,245626
7290011254001,false,זרעי פשתן 450 גר,,,זרעי פשתן 450 גר,,450.00,"100 מ""ל",false,,6.90,0.0153,true,1,202847
7290011254018,false,שעועית מש 500גר,,,שעועית מש 500גר,,500.00,"100 מ""ל",false,,9.90,0.0198,true,1,202848
7290011254032,false,קינואה מיה 500 גרם,,,קינואה מיה 500 גרם,,500.00,"100 מ""ל",false,,10.90,0.0218,true,1,247726
7290011254476,false,סוכריות ללא סוכר תפו,,,סוכריות ללא סוכר תפו,,80.00,"100 מ""ל",false,,5.90,0.0738,true,1,175178
7290011254483,false,סוכריות ללא סוכר אפר,,,סוכריות ללא סוכר אפר,,80.00,"100 מ""ל",false,,5.90,0.0738,true,1,175179
7290011254728,false,גלטין טהור מיה 25 גר,,,גלטין טהור מיה 25 גר,,25.00,"100 מ""ל",false,,10.90,0.4360,true,1,202867
7290011332983,false,*מבצע* מגבונאף קמיל,,,*מבצע* מגבונאף קמיל,יחידה,0.00,יחידה,false,,21.90,0.0000,true,1,204375
7290011369200,false,צינור למקלחת 1.5 מטר,,,צינור למקלחת 1.5 מטר,יחידה,0.00,יחידה,false,,25.90,0.0000,true,1,235868
7290011369224,false,קומפלט לידר -יש,,,קומפלט לידר -יש,יחידה,0.00,יחידה,false,,59.90,0.0000,true,1,235869
7290011378233,false,בארכה חטיף חלבה וניל,,,בארכה חטיף חלבה וניל,,126.00,"100 מ""ל",false,,13.90,0.1103,true,1,177264
7290011378257,false,בארכה חטיף חלבה פקאן,,,בארכה חטיף חלבה פקאן,,126.00,"100 מ""ל",false,,13.90,0.1103,true,1,177265
7290011378769,false,בארכה חטיף חלבה וניל,,,בארכה חטיף חלבה וניל,,126.00,"100 מ""ל",false,,13.90,0.1103,true,1,177267
7290011378776,false,בארכה חטיף חלבה פיסט,,,בארכה חטיף חלבה פיסט,,126.00,"100 מ""ל",false,,13.90,0.1103,true,1,177268
7290011379018,false,פטריות צמד חמד איטלק,קריות זול,,פטריות צמד חמד איטלק,,500.00,"100 מ""ל",false,,15.90,0.0318,true,1,172625
7290011431358,false,כפיות 100יח שמאי,,,כפיות 100יח שמאי,יחידה,0.00,יחידה,false,,8.90,0.0000,true,1,237806
7290011431488,false,"אצטון 100 מ""ל",,,"אצטון 100 מ""ל",יחידה,0.00,יחידה,false,,3.90,0.0000,true,1,245816
7290011431495,false,"אלכוהול 100 סמ""ק ר.ש",,,"אלכוהול 100 סמ""ק ר.ש",יחידה,0.00,יחידה,false,,4.50,0.0000,true,1,248286
7290011431648,false,תבניות פרימיום אליפס,,,תבניות פרימיום אליפס,,5.00,100 מ'ל,false,,10.90,2.1800,true,1,237823
7290011438142,false,אייס קפה יטבתה בבקבו,קריות זול,,אייס קפה יטבתה בבקבו,,350.00,"100 מ""ל",false,,6.80,0.0194,true,1,196170
7290011447014,false,דייסת סלט פירות מטרנ,קריות זול,,דייסת סלט פירות מטרנ,,200.00,"100 מ""ל",false,,15.90,0.0795,true,1,177271
7290011447281,false,מטרנה חלבי שלב 2 700,,,מטרנה חלבי שלב 2 700,,700.00,"100 מ""ל",false,,59.90,0.0856,true,1,177282
7290011447304,false,מטרנה חלבי שלב 3 700,,,מטרנה חלבי שלב 3 700,,700.00,100 גרם,false,,59.90,0.0856,true,1,177284
7290011447359,false,מטרנה מהדרין שלב 1 7,,,מטרנה מהדרין שלב 1 7,,700.00,"100 מ""ל",false,,59.90,0.0856,true,1,177287
7290011489694,false,פירורי בסקוויט בטעם,,,פירורי בסקוויט בטעם,,300.00,100 גרם,false,,6.90,0.0230,true,1,216039
7290011499051,false,פטה כבשים גביע 20% 2,,,פטה כבשים גביע 20% 2,,250.00,"100 מ""ל",false,,28.90,0.1156,true,1,171656
7290011499105,false,בולגרית 5% 250גר מחל,קריות זול,,בולגרית 5% 250גר מחל,,250.00,"100 מ""ל",false,,23.90,0.0956,true,1,171660
7290011499112,false,בולגרית 16% 250גר מח,,,בולגרית 16% 250גר מח,,250.00,"100 מ""ל",false,,23.90,0.0956,true,1,171661
7290011499129,false,בולגרית מעודנת קוביו,קריות זול,,בולגרית מעודנת קוביו,,200.00,"100 מ""ל",false,,24.90,0.1245,true,1,171662
7290011499303,false,בולגרית עיזים מעודנת,,,בולגרית עיזים מעודנת,,250.00,100 גרם,false,,31.90,0.1276,true,1,171670
7290011499327,false,בולגרית בקר מעודנת 2,,,בולגרית בקר מעודנת 2,,250.00,100 גרם,false,,23.90,0.0956,true,1,171672
7290011499365,false,גבינת חלומי מחלבות ג,,,גבינת חלומי מחלבות ג,,200.00,100 גרם,false,,22.70,0.1135,true,1,171676
7290011499419,false,קרם שמנת ניו יורק טב,,,קרם שמנת ניו יורק טב,,200.00,"100 מ""ל",false,,13.90,0.0695,true,1,171679
7290011499525,false,לאבנה דרוזית 9% 500ג,,,לאבנה דרוזית 9% 500ג,,500.00,"100 מ""ל",false,,19.60,0.0392,true,1,171683
7290011499624,false,גבינת שמנת ניו יורק,,,גבינת שמנת ניו יורק,,200.00,"100 מ""ל",false,,13.90,0.0695,true,1,171686
7290011499853,false,גבינת שמנת ניו יורק,,,גבינת שמנת ניו יורק,,200.00,100 גרם,false,,13.90,0.0695,true,1,171703
7290011501617,false,חמוציות דל סוכר 250ג,,,חמוציות דל סוכר 250ג,,250.00,"100 מ""ל",false,,16.90,0.0676,true,1,200831
7290011502850,false,דלישס מוזלי עם פירות,,,דלישס מוזלי עם פירות,,500.00,"100 מ""ל",false,,10.00,0.0200,true,1,200835
7290011502874,false,גרנולה עם פירות יבשי,,,גרנולה עם פירות יבשי,,500.00,"100 מ""ל",false,,10.00,0.0200,true,1,200837
7290011514105,false,מסנן כיור סיליקון,,,מסנן כיור סיליקון,יחידה,0.00,יחידה,false,,14.90,0.0000,true,1,213724
7290011514280,false,וואקום סקוטש פתוח,,,וואקום סקוטש פתוח,יחידה,0.00,יחידה,false,,7.90,0.0000,true,1,213726
7290011514464,false,גומיות צבעוניות,,,גומיות צבעוניות,יחידה,0.00,יחידה,false,,7.90,0.0000,true,1,213727
7290011514990,false,מספריים איכותיות,,,מספריים איכותיות,יחידה,0.00,יחידה,false,,10.90,0.0000,true,1,213729
7290011518561,false,אקטימל תות משפחתי 14,קריות זול,,אקטימל תות משפחתי 14,,1400.00,100 גרם,false,,32.90,0.0235,true,1,196212
7290011524555,false,שעועית לבנה אפויה 80,,,שעועית לבנה אפויה 80,,800.00,100 גרם,false,,10.90,0.0136,true,1,194420
7290011530945,false,קרפציו עגל 210 גרם,,,קרפציו עגל 210 גרם,,210.00,100 גרם,false,,39.90,0.1900,true,1,232499
7290011575007,false,הפי מרסס לאמבט 750 מ,,,הפי מרסס לאמבט 750 מ,,750.00,100 גרם,false,,19.90,0.0265,true,1,183700
7290011587093,false,תירס גמדי תומר 400 ג,קריות זול,,תירס גמדי תומר 400 ג,,400.00,"100 מ""ל",false,,8.90,0.0223,true,1,175214
7290011587451,false,גרנולה+פירות ואגוזים,,,גרנולה+פירות ואגוזים,,600.00,"100 מ""ל",false,,13.90,0.0232,true,1,175227
7290011587468,false,מוזלי קראנצי אגוז 60,,,מוזלי קראנצי אגוז 60,,600.00,100 גרם,false,,13.90,0.0232,true,1,175228
7290011587581,false,אנשובי צנצנת תומר 10,,,אנשובי צנצנת תומר 10,,100.00,100 גרם,false,,12.90,0.1290,true,1,175229
7290011587598,false,פילה אנשובי 45גר,,,פילה אנשובי 45גר,,45.00,"100 מ""ל",false,,7.90,0.1756,true,1,175230
7290011587703,false,עגבניות מיובשות פסטו,,,עגבניות מיובשות פסטו,,340.00,"100 מ""ל",false,,12.90,0.0379,true,1,214263
7290011587710,false,צלפים בחומץ 350גר,,,צלפים בחומץ 350גר,,350.00,100 גרם,false,,9.90,0.0283,true,1,175236
7290011587758,false,נודלס דק  200 גרם,,,נודלס דק  200 גרם,,200.00,100 גרם,false,,6.90,0.0345,true,1,175238
7290011598211,false,סנו אנטי קאלק ניקוי,,,סנו אנטי קאלק ניקוי,,700.00,"100 מ""ל",false,,19.90,0.0284,true,1,180805
7290011598259,false,מטהר אוויר פרש אוטומ,,,מטהר אוויר פרש אוטומ,יחידה,0.00,יחידה,false,,15.90,0.0000,true,1,201808
7290011598402,false,סנו מקסימה מרכך כביס,,,סנו מקסימה מרכך כביס,ליטרים,4.00,ליטר,false,,22.90,5.7250,true,1,180812
7290011607180,false,קולון 101כתמים אבקת,,,קולון 101כתמים אבקת,קילוגרמים,1.25,"ק""ג",false,,10.90,8.7200,true,1,200175
7290011607197,false,קולון 101כתמים אבקת,,,קולון 101כתמים אבקת,קילוגרמים,5.00,"ק""ג",false,,34.90,6.9800,true,1,200176
7290011615406,false,הבולגריה בקוביות בשמ,,,הבולגריה בקוביות בשמ,,325.00,100 גרם,false,,14.90,0.0458,true,1,178776
7290011622428,false,כתמטמינים חטיף בריאו,,,כתמטמינים חטיף בריאו,,45.00,"100 מ""ל",false,,7.90,0.1756,true,1,193153
7290011668570,false,גרנולה פירות יבשים פ,,,גרנולה פירות יבשים פ,,450.00,"100 מ""ל",false,,29.90,0.0664,true,1,211123
7290011725426,false,כוסברה מהדרין,,,כוסברה מהדרין,יחידה,0.00,יחידה,false,,5.90,0.0000,true,1,246678
7290011725457,false,בצל ירוק מהדרין,,,בצל ירוק מהדרין,יחידה,0.00,יחידה,false,,6.90,0.0000,true,1,246688
7290011725464,false,סלרי עלים מהדרין,,,סלרי עלים מהדרין,יחידה,0.00,יחידה,false,,6.90,0.0000,true,1,246683
7290011743833,false,סנסודיין משחת שיניים,,,סנסודיין משחת שיניים,,75.00,100 גרם,false,,21.90,0.2920,true,1,199671
7290011765408,false,כיף שמפו ומרכך בוב ס,,,כיף שמפו ומרכך בוב ס,,750.00,"100 מ""ל",false,,11.90,0.0159,true,1,180838
7290011765415,false,כיף מרכך בוב ספוג 75,,,כיף מרכך בוב ספוג 75,,750.00,100 גרם,false,,11.90,0.0159,true,1,180839
7290011800840,false,טחינה בלאדי צבר 400ג,,,טחינה בלאדי צבר 400ג,,400.00,100 גרם,false,,16.90,0.0422,true,1,177317
7290011860271,false,ביסבול טבעי תפוגן 70,,,ביסבול טבעי תפוגן 70,,700.00,"100 מ""ל",false,,16.90,0.0241,true,1,177322
7290011876388,false,קציצות עוף ובקר מאמא,,,קציצות עוף ובקר מאמא,,600.00,100 מ'ל,false,,34.90,0.0582,true,1,188557
7290011877859,false,*מבצע* סנו אינסטלטור,,,*מבצע* סנו אינסטלטור,,200.00,"100 מ""ל",false,,10.90,0.0545,true,1,180862
7290011877866,false,סנו מקסימה מאסק אבקת,,,סנו מקסימה מאסק אבקת,קילוגרמים,6.00,"ק""ג",false,,49.90,8.3167,true,1,180863
7290011947309,false,זית סורי מבוקע עם לי,,,זית סורי מבוקע עם לי,,230.00,100 גרם,false,,13.90,0.0604,true,1,190878
7290011947316,false,זיתי קלמטה 215 גר,,,זיתי קלמטה 215 גר,,215.00,"100 מ""ל",false,,13.90,0.0647,true,1,190879
7290011947743,false,מיקס זית ירוק וזית ק,,,מיקס זית ירוק וזית ק,,215.00,"100 מ""ל",false,,13.90,0.0647,true,1,226127
7290011947781,false,מיקס זית ירוק/קלמטה,,,מיקס זית ירוק/קלמטה,,215.00,"100 מ""ל",false,,13.90,0.0647,true,1,244497
7290011947798,false,זית קלמטה ללא גלעין,,,זית קלמטה ללא גלעין,,215.00,100 גרם,false,,13.90,0.0647,true,1,244498
7290011964344,false,שום גבישי 120גר,,,שום גבישי 120גר,,120.00,"100 מ""ל",false,,11.90,0.0992,true,1,198568
7290011964627,false,פפריקה מתוקה בשמן 40,,,פפריקה מתוקה בשמן 40,,400.00,100 גרם,false,,22.90,0.0572,true,1,198576
7290011964658,false,מלח לימון 170גר,,,מלח לימון 170גר,,170.00,"100 מ""ל",false,,9.90,0.0582,true,1,198577
7290012001994,false,חרדל דיזון גרעינים 3,,,חרדל דיזון גרעינים 3,,350.00,100 גרם,false,,14.90,0.0426,true,1,179732
7290012019043,false,שום צעיר כבוש צנצנת,,,שום צעיר כבוש צנצנת,,330.00,"100 מ""ל",false,,9.90,0.0300,true,1,175265
7290012019258,false,"מחית תפו""ע 4*113גר",,,"מחית תפו""ע 4*113גר",,452.00,"100 מ""ל",false,,11.90,0.0263,true,1,175271
7290012019265,false,"מחית תפו""ע ללא סוכר",,,"מחית תפו""ע ללא סוכר",,452.00,100 גרם,false,,11.90,0.0263,true,1,175272
7290012022203,false,קליליות (פריכיות) חי,,,קליליות (פריכיות) חי,,100.00,"100 מ""ל",false,,14.90,0.1490,true,1,211354
7290012022227,false,קליליות (פריכיות) חי,,,קליליות (פריכיות) חי,,100.00,100 גרם,false,,12.90,0.1290,true,1,211355
7290012022272,false,קליליות קידס 30גר,,,קליליות קידס 30גר,,30.00,100 גרם,false,,11.90,0.3967,true,1,221426
7290012025822,false,סלק אסלי 400גר,,,סלק אסלי 400גר,,400.00,"100 מ""ל",false,,13.90,0.0348,true,1,198380
7290012025839,false,מטבוחה אסלי 400גר,,,מטבוחה אסלי 400גר,,400.00,"100 מ""ל",false,,13.90,0.0348,true,1,198381
7290012086113,false,שרי קלמר ארוז 450 גר,,,שרי קלמר ארוז 450 גר,,450.00,100 גרם,false,,9.90,0.0220,true,1,196272
7290012116537,false,אבקת מקסימה 2.5 קג מ,,,אבקת מקסימה 2.5 קג מ,קילוגרמים,2.50,"ק""ג",false,,25.90,10.3600,true,1,204599
7290012117350,false,ריצפז פרש לילך לבנדר,,,ריצפז פרש לילך לבנדר,ליטרים,2.00,ליטר,false,,21.90,10.9500,true,1,180925
7290012117428,false,קרמה שמפו גל רחצה לג,,,קרמה שמפו גל רחצה לג,,700.00,100 גרם,false,,17.90,0.0256,true,1,180930
7290012117435,false,קרמה גל רחצה לגבר אל,,,קרמה גל רחצה לגבר אל,,700.00,"100 מ""ל",false,,17.90,0.0256,true,1,180931
7290012117558,false,סנו מקסימה קומפקט מא,,,סנו מקסימה קומפקט מא,,1000.00,"100 מ""ל",false,,18.90,0.0189,true,1,180937
7290012117732,false,סנו מקסימה מרכך כביס,,,סנו מקסימה מרכך כביס,ליטרים,4.00,ליטר,false,,22.90,5.7250,true,1,180953
7290012117916,false,סנו אינסטלטור נוזל 1,,,סנו אינסטלטור נוזל 1,,1000.00,"100 מ""ל",false,,29.90,0.0299,true,1,180960
7290012226014,false,נקניקיות וינר זוגלוב,,,נקניקיות וינר זוגלוב,,800.00,100 גרם,false,,22.90,0.0286,true,1,212433
7290012226120,false,קבנוס זוגלובק 135גר,,,קבנוס זוגלובק 135גר,,135.00,100 גרם,false,,11.90,0.0881,true,1,212436
7290012226939,false,קבנוס בטעם צילי זוגל,,,קבנוס בטעם צילי זוגל,,135.00,"100 מ""ל",false,,11.90,0.0881,true,1,212442
7290012226991,false,*מבצע* נקניקיות בארי,,,*מבצע* נקניקיות בארי,,1000.00,"100 מ""ל",false,,26.90,0.0269,true,1,212448
7290012227615,false,נקניקיות עוף מחפוד 8,,,נקניקיות עוף מחפוד 8,,800.00,"100 מ""ל",false,,22.90,0.0286,true,1,212467
7290012227912,false,קבנוס מעודן זוגלובק,,,קבנוס מעודן זוגלובק,,135.00,"100 מ""ל",false,,11.90,0.0881,true,1,212482
7290012245312,false,גולד ציפס אמריקאי 1.,,,גולד ציפס אמריקאי 1.,קילוגרמים,1.50,"ק""ג",false,,19.90,13.2667,true,1,222346
7290012245329,false,גולד צ'יפס קלאסי1.5,,,גולד צ'יפס קלאסי1.5,,1500.00,"100 מ""ל",false,,19.90,0.0133,true,1,222347
7290012245336,false,גולד סטייק צ'יפס -1.,,,גולד סטייק צ'יפס -1.,,1500.00,"100 מ""ל",false,,19.90,0.0133,true,1,222348
7290012309311,false,ערמונים קלופים שלמים,,,ערמונים קלופים שלמים,,100.00,"100 מ""ל",false,,6.90,0.0690,true,1,200839
7290012335020,false,סוכריות סודה שעון מש,,,סוכריות סודה שעון מש,,30.00,יח',false,,19.90,0.6633,true,1,194457
7290012413643,false,תה ירוק קמומיל 25יח,,,תה ירוק קמומיל 25יח,,25.00,יח',false,,25.90,1.0360,true,1,190900
7290012454189,false,סוכריות ללא סוכר יוג,,,סוכריות ללא סוכר יוג,,80.00,"100 מ""ל",false,,5.90,0.0738,true,1,175311
7290012483011,false,פולי סויה קפואים 1 ק,,,פולי סויה קפואים 1 ק,,1000.00,"100 מ""ל",false,,19.90,0.0199,true,1,248122
7290012483608,false,אורז בסמטי ויליפוד 5,,,אורז בסמטי ויליפוד 5,,5000.00,"100 מ""ל",false,,49.90,0.0100,true,1,178836
7290012522581,false,שניצל תירס ללא גלוטן,,,שניצל תירס ללא גלוטן,,664.00,"100 מ""ל",false,,29.90,0.0450,true,1,177350
7290012561405,false,בצל חצי מטוגן דורות,,,בצל חצי מטוגן דורות,,180.00,"100 מ""ל",false,,11.90,0.0661,true,1,177361
7290012576607,false,יין פרימייר אדום קבר,,,יין פרימייר אדום קבר,,750.00,100 גרם,false,,29.90,0.0399,true,1,173244
7290012576614,false,יין פרימייר לבן ריזל,,,יין פרימייר לבן ריזל,,750.00,100 גרם,false,,29.90,0.0399,true,1,173245
7290012642036,false,פסטה לה פסטה 5 ספגטי,,,פסטה לה פסטה 5 ספגטי,,400.00,100 גרם,false,,4.90,0.0123,true,1,175316
7290012665059,false,קובה למרק חמים וטעים,,,קובה למרק חמים וטעים,,400.00,100 גרם,false,,16.90,0.0422,true,1,172443
7290012803055,false,סוכרלוז מרמולייט 100,,,סוכרלוז מרמולייט 100,,100.00,"100 מ""ל",false,,29.90,0.2990,true,1,207673
7290012803222,false,וופל טוסו וופל בלגי,,,וופל טוסו וופל בלגי,,200.00,100 גרם,false,,10.90,0.0545,true,1,207682
7290012803765,false,שוקולד טוסו מריר 100,,,שוקולד טוסו מריר 100,,100.00,100 גרם,false,,12.90,0.1290,true,1,207707
7290012803772,false,שוקולד טוסו חלב 100ג,,,שוקולד טוסו חלב 100ג,,100.00,"100 מ""ל",false,,12.90,0.1290,true,1,207708
7290012823381,false,סנו מקסימה ורוד סנסט,,,סנו מקסימה ורוד סנסט,,1000.00,"100 מ""ל",false,,18.90,0.0189,true,1,180992
7290012823398,false,מטליות לחות לרצפה בנ,,,מטליות לחות לרצפה בנ,יחידה,0.00,יחידה,false,,13.90,0.0000,true,1,234384
7290012823404,false,מטהר אוויר סנו פרש א,,,מטהר אוויר סנו פרש א,יחידה,0.00,יחידה,false,,15.90,0.0000,true,1,194467
7290012823602,false,סופט סילק נייר טואלט,,,סופט סילק נייר טואלט,,1950.00,100 גרם,false,,34.90,0.0179,true,1,181000
7290012823923,false,סנו מקסימה פרפיום גו,,,סנו מקסימה פרפיום גו,,750.00,100 גרם,false,,18.90,0.0252,true,1,181016
7290012823947,false,סנו מקסימה פרפיום קר,,,סנו מקסימה פרפיום קר,,750.00,"100 מ""ל",false,,18.90,0.0252,true,1,181018
7290012850073,false,בלאבד מחית סלט פירות,,,בלאבד מחית סלט פירות,,190.00,100 גרם,false,,5.90,0.0311,true,1,171893
7290012864001,false,נבטי חמניות,,,נבטי חמניות,יחידה,0.00,יחידה,false,,8.90,0.0000,true,1,205195
7290012864025,false,נבטים,,,נבטים,יחידה,0.00,יחידה,false,,6.90,0.0000,true,1,205196
7290012881817,false,מטהר אוויר לימון 300,,,מטהר אוויר לימון 300,,300.00,"100 מ""ל",false,,4.90,0.0163,true,1,203206
7290012901256,false,חומץ תפוחים 5% 946 מ,,,חומץ תפוחים 5% 946 מ,,946.00,100 גרם,false,,14.90,0.0158,true,1,174666
7290012931697,false,כפפות לטקס מידה S,,,כפפות לטקס מידה S,יחידה,0.00,יחידה,false,,39.90,0.0000,true,1,197945
7290012938405,false,דאיימונד נייר כסף 87,,,דאיימונד נייר כסף 87,,0.45,מטר,false,,19.90,44.2222,true,1,199707
7290012938580,false,סנסודיין משחת שיניים,,,סנסודיין משחת שיניים,,75.00,100 גרם,false,,21.90,0.2920,true,1,199711
7290012938597,false,סנסודיין משחת שיניים,,,סנסודיין משחת שיניים,,75.00,100 מ'ל,false,,21.90,0.2920,true,1,199712
7290012938740,false,סנסודיין משחת שיניים,,,סנסודיין משחת שיניים,,75.00,100 גרם,false,,21.90,0.2920,true,1,199716
7290012983160,false,סילאן לחיץ חצר כנרת,,,סילאן לחיץ חצר כנרת,,400.00,100 גרם,false,,10.00,0.0250,true,1,214658
7290012996450,false,הפי מרכך כביסה מרוכז,,,הפי מרכך כביסה מרוכז,,1000.00,100 מ'ל,false,,10.90,0.0109,true,1,183709
7290013083661,false,מטרנה אקסטרא קר שלב,,,מטרנה אקסטרא קר שלב,,700.00,"100 מ""ל",false,,59.90,0.0856,true,1,177370
7290013083678,false,מטרנה אקסטרא קר שלב,,,מטרנה אקסטרא קר שלב,,700.00,"100 מ""ל",false,,59.90,0.0856,true,1,177371
7290013083685,false,מטרנה אקסטרא קר שלב,,,מטרנה אקסטרא קר שלב,,700.00,100 גרם,false,,59.90,0.0856,true,1,177372
7290013117212,false,בורקס פילו גבינה מעד,,,בורקס פילו גבינה מעד,,600.00,100 גרם,false,,19.90,0.0332,true,1,188585
7290013117229,false,בורקס פילו תפוא מעדנ,,,בורקס פילו תפוא מעדנ,,600.00,"100 מ""ל",false,,19.90,0.0332,true,1,188586
7290013117236,false,בורקס פילו פיצה מעדנ,,,בורקס פילו פיצה מעדנ,,600.00,"100 מ""ל",false,,19.90,0.0332,true,1,188587
7290013117243,false,בורקס פילו בולגרית מ,,,בורקס פילו בולגרית מ,,600.00,"100 מ""ל",false,,19.90,0.0332,true,1,188588
7290013117526,false,בצק שמרים למאפים מתו,,,בצק שמרים למאפים מתו,,900.00,"100 מ""ל",false,,23.90,0.0266,true,1,188597
7290013153586,false,פריגת פירות יער קפוא,,,פריגת פירות יער קפוא,,345.00,"100 מ""ל",false,,15.90,0.0461,true,1,220924
7290013153593,false,פריגת מיץ תפוזים מתק,,,פריגת מיץ תפוזים מתק,,1000.00,"100 מ""ל",false,,14.90,0.0149,true,1,246562
7290013224705,false,מגיק סלקט גל כביסה 3,,,מגיק סלקט גל כביסה 3,ליטרים,3.00,ליטר,false,,14.90,4.9667,true,1,203212
7290013268020,false,סנו מקסימה אולטרא פר,,,סנו מקסימה אולטרא פר,,1000.00,100 גרם,false,,18.90,0.0189,true,1,181024
7290013268242,false,ריצפז פרש הום בניחוח,,,ריצפז פרש הום בניחוח,,2000.00,100 גרם,false,,23.90,0.0119,true,1,223946
7290013268839,false,פוליויקס פרקט ניחוח,קריות זול,,פוליויקס פרקט ניחוח,ליטרים,2.00,ליטר,false,,21.90,10.9500,true,1,223947
7290013268891,false,סנו אוקסיגן 3ליטר,,,סנו אוקסיגן 3ליטר,,3000.00,100 גרם,false,,32.90,0.0110,true,1,181074
7290013269003,false,סנו מקסימה קר בייבי,,,סנו מקסימה קר בייבי,,1000.00,"100 מ""ל",false,,19.90,0.0199,true,1,181078
7290013269157,false,סנו מקסימה למייבש לב,,,סנו מקסימה למייבש לב,,750.00,100 גרם,false,,19.90,0.0265,true,1,181086
7290013269263,false,סנו מקסימה גל כביסה,,,סנו מקסימה גל כביסה,ליטרים,3.00,ליטר,false,,32.90,10.9667,true,1,181089
7290013269287,false,סנו מקסימה גל כביסה,,,סנו מקסימה גל כביסה,ליטרים,3.00,ליטר,false,,32.90,10.9667,true,1,181091
7290013269638,false,סנו סושי ספוג הפלא א,,,סנו סושי ספוג הפלא א,יחידה,0.00,יחידה,false,,11.90,0.0000,true,1,181103
7290013269669,false,ריצפז פנטזיה 3ליטר,,,ריצפז פנטזיה 3ליטר,ליטרים,3.00,ליטר,false,,14.90,4.9667,true,1,181106
7290013284051,false,זית טריו פריניר 560ג,,,זית טריו פריניר 560ג,,560.00,"100 מ""ל",false,,9.90,0.0177,true,1,214297
7290013284105,false,זיתים ירוקים טבעות פ,,,זיתים ירוקים טבעות פ,,560.00,"100 מ""ל",false,,9.90,0.0177,true,1,219029
7290013284112,false,חרוזית ירוק פריניר 5,,,חרוזית ירוק פריניר 5,יחידה,0.00,יחידה,false,,9.90,0.0000,true,1,219030
7290013284143,false,מלפפון במלח 10-12 פר,,,מלפפון במלח 10-12 פר,,560.00,100 גרם,false,,7.90,0.0141,true,1,219033
7290013284150,false,מלפפון במלח 13-17 פר,,,מלפפון במלח 13-17 פר,,560.00,"100 מ""ל",false,,9.90,0.0177,true,1,214298
7290013284181,false,מלפפון בחומץ 10-12 פ,,,מלפפון בחומץ 10-12 פ,,560.00,"100 מ""ל",false,,7.90,0.0141,true,1,219036
7290013284198,false,מלפפון בחומץ 13-17 פ,,,מלפפון בחומץ 13-17 פ,,560.00,"100 מ""ל",false,,9.90,0.0177,true,1,219037
7290013284204,false,מלפפון בחומץ 18-25 פ,,,מלפפון בחומץ 18-25 פ,,560.00,100 גרם,false,,12.90,0.0230,true,1,219038
7290013284310,false,רוטב פסטה לילדים פרי,,,רוטב פסטה לילדים פרי,,240.00,"100 מ""ל",false,,5.90,0.0246,true,1,214564
7290013284662,false,רוטב פיצה פריניר 240,,,רוטב פיצה פריניר 240,,240.00,100 גרם,false,,5.90,0.0246,true,1,214565
7290013302014,false,"שוקו שוקו בד""צ טעמן",,,"שוקו שוקו בד""צ טעמן",,1000.00,"100 מ""ל",false,,11.90,0.0119,true,1,194796
7290013302243,false,פסטה מסולסלת טעמן 50,,,פסטה מסולסלת טעמן 50,,500.00,"100 מ""ל",false,,4.90,0.0098,true,1,194801
7290013302748,false,סוכריות טופי פרוטומל,,,סוכריות טופי פרוטומל,,600.00,"100 מ""ל",false,,15.90,0.0265,true,1,194816
7290013358363,false,פירורי לחם פנקו מאסט,,,פירורי לחם פנקו מאסט,,300.00,"100 מ""ל",false,,8.90,0.0297,true,1,185837
7290013358431,false,קרוטונים לסלט עגבניו,,,קרוטונים לסלט עגבניו,,200.00,"100 מ""ל",false,,12.90,0.0645,true,1,185843
7290013358448,false,קרוטונים לסלט אקסטרה,,,קרוטונים לסלט אקסטרה,,200.00,100 גרם,false,,12.90,0.0645,true,1,185844
7290013358493,false,קרם קוקוס פחית מאסטר,,,קרם קוקוס פחית מאסטר,,400.00,"100 מ""ל",false,,8.90,0.0223,true,1,185848
7290013358806,false,פריכיות מנה אורז עם,,,פריכיות מנה אורז עם,,264.00,"100 מ""ל",false,,11.90,0.0451,true,1,185861
7290013389114,false,ניוקי תפוא 500 גר,,,ניוקי תפוא 500 גר,,500.00,"100 מ""ל",false,,9.90,0.0198,true,1,175357
7290013389138,false,ניוקי שלושה צבעים 50,,,ניוקי שלושה צבעים 50,,500.00,100 גרם,false,,9.90,0.0198,true,1,175359
7290013389145,false,מיני ניוקי 500 גר,,,מיני ניוקי 500 גר,,500.00,100 גרם,false,,9.90,0.0198,true,1,175360
7290013389381,false,"קמח תירס 1 ק""ג",,,"קמח תירס 1 ק""ג",,1000.00,"100 מ""ל",false,,10.90,0.0109,true,1,175374
7290013440648,false,קרחוני אבטיח מאגדת נ,,,קרחוני אבטיח מאגדת נ,יחידה,0.00,יחידה,false,,25.90,0.0000,true,1,183944
7290013472892,false,בולגריה בקוביות וילי,,,בולגריה בקוביות וילי,,200.00,"100 מ""ל",false,,11.90,0.0595,true,1,178877
7290013472908,false,הבולגריה בקוביות ויל,,,הבולגריה בקוביות ויל,,400.00,"100 מ""ל",false,,19.90,0.0497,true,1,178878
7290013492005,false,"תפו""א למיקרו",,,"תפו""א למיקרו",יחידה,0.00,יחידה,false,,7.90,0.0000,true,1,205205
7290013525796,false,סלט סחוג תימני שמיר,,,סלט סחוג תימני שמיר,,150.00,"100 מ""ל",false,,11.90,0.0793,true,1,198388
7290013525819,false,סלט שום כתוש שמיר 15,,,סלט שום כתוש שמיר 15,,150.00,"100 מ""ל",false,,11.90,0.0793,true,1,198390
7290013531117,false,רוטב פסטה לילדים יכי,,,רוטב פסטה לילדים יכי,,240.00,"100 מ""ל",false,,5.90,0.0246,true,1,174430
7290013531346,false,סירופ דיאט לימונענע,,,סירופ דיאט לימונענע,,1000.00,"100 מ""ל",false,,16.90,0.0169,true,1,174434
7290013531612,false,רוטב נפוליטנה יכין 2,,,רוטב נפוליטנה יכין 2,,240.00,100 גרם,false,,5.90,0.0246,true,1,174444
7290013531759,false,שעועית אפוייה יכין 5,,,שעועית אפוייה יכין 5,,550.00,"100 מ""ל",false,,9.90,0.0180,true,1,174453
7290013540874,false,נתחי טונה בהירה בשמן,,,נתחי טונה בהירה בשמן,,414.00,"100 מ""ל",false,,12.90,0.0312,true,1,233949
7290013542014,false,סכינים ארוז 100 יח',,,סכינים ארוז 100 יח',יחידה,0.00,יחידה,false,,8.90,0.0000,true,1,197712
7290013542144,false,כוסות נייר 4אוז 50יח,,,כוסות נייר 4אוז 50יח,,50.00,100 מ'ל,false,,6.90,0.1380,true,1,197721
7290013579492,false,"פיטאיה קפואה בד""ץ 25",,,"פיטאיה קפואה בד""ץ 25",,250.00,100 גרם,false,,11.90,0.0476,true,1,249320
7290013579508,false,"קוקוס קפוא בד""ץ 250",,,"קוקוס קפוא בד""ץ 250",,250.00,"100 מ""ל",false,,11.90,0.0476,true,1,249321
7290013579553,false,אלוורה קפואה 250 גרם,,,אלוורה קפואה 250 גרם,,250.00,"100 מ""ל",false,,11.90,0.0476,true,1,249318
7290013580009,false,המבורגר זהב ארוז 400,,,המבורגר זהב ארוז 400,,400.00,100 גרם,false,,19.90,0.0497,true,1,232501
7290013585233,false,ספרייט זירו סילק 330,,,ספרייט זירו סילק 330,,330.00,"100 מ""ל",false,,6.50,0.0197,true,1,210498
7290013585257,false,ספרייט זירו בקבוק 50,,,ספרייט זירו בקבוק 50,,500.00,100 גרם,false,,7.00,0.0140,true,1,210500
7290013585387,false,קוקה קולה זירו 1ליטר,,,קוקה קולה זירו 1ליטר,,1000.00,"100 מ""ל",false,,7.50,0.0075,true,1,210509
7290013585394,false,קוקה קולה 1ליטר,,,קוקה קולה 1ליטר,,1000.00,100 גרם,false,,7.50,0.0075,true,1,210510
7290013585967,false,ספרייט זירו מארז פחי,,,ספרייט זירו מארז פחי,,1980.00,"100 מ""ל",false,,28.90,0.0146,true,1,210524
7290013608260,false,פרימור רימונים סחוט,,,פרימור רימונים סחוט,,1000.00,100 גרם,false,,23.90,0.0239,true,1,196343
7290013608550,false,פרימור נקטר תפוזים 1,,,פרימור נקטר תפוזים 1,,1000.00,100 מ'ל,false,,8.90,0.0089,true,1,179761
7290013608604,false,פרימור תפוחי עץ 500,,,פרימור תפוחי עץ 500,,500.00,100 מ'ל,false,,5.90,0.0118,true,1,237759
7290013608628,false,"פרימור ענבים 500 מ""ל",,,"פרימור ענבים 500 מ""ל",,500.00,100 מ'ל,false,,5.90,0.0118,true,1,237760
7290013608635,false,פרימור נקטר לימונים,,,פרימור נקטר לימונים,,1000.00,"100 מ""ל",false,,8.90,0.0089,true,1,220418
7290013608703,false,פרימור אשכולית 500 מ,,,פרימור אשכולית 500 מ,,500.00,100 מ'ל,false,,5.90,0.0118,true,1,237761
7290013608772,false,"פרימור תפוזים 500 מ""",,,"פרימור תפוזים 500 מ""",,500.00,100 גרם,false,,5.90,0.0118,true,1,237762
7290013608796,false,פרימור תות בננה 500,,,פרימור תות בננה 500,,500.00,"100 מ""ל",false,,5.90,0.0118,true,1,237763
7290013625922,false,איטריות דקות טעמן 40,,,איטריות דקות טעמן 40,,400.00,"100 מ""ל",false,,5.90,0.0148,true,1,194820
7290013652157,false,נטורל קר מגבונים להס,,,נטורל קר מגבונים להס,יחידה,0.00,יחידה,false,,25.90,0.0000,true,1,204391
7290013675194,false,שניצל אמיתי ביתי ללא,,,שניצל אמיתי ביתי ללא,,700.00,100 גרם,false,,44.90,0.0641,true,1,188615
7290013675545,false,שניצל כלי תחבורה 700,,,שניצל כלי תחבורה 700,,700.00,100 גרם,false,,37.90,0.0541,true,1,225582
7290013675965,false,רצועות בטעם טבעות בצ,,,רצועות בטעם טבעות בצ,,500.00,"100 מ""ל",false,,28.90,0.0578,true,1,225594
7290013678034,false,פלפל מרוקאי 400 גרם,,,פלפל מרוקאי 400 גרם,,400.00,100 גרם,false,,12.90,0.0323,true,1,232968
7290013678041,false,פלפל רצועות 400 גרם,,,פלפל רצועות 400 גרם,,400.00,100 גרם,false,,12.90,0.0323,true,1,232969
7290013678065,false,חציל עם פלפל חריף 40,,,חציל עם פלפל חריף 40,,400.00,100 גרם,false,,12.90,0.0323,true,1,232971
7290013678171,false,חציל המלך 400 גרם כי,,,חציל המלך 400 גרם כי,,400.00,"100 מ""ל",false,,12.90,0.0323,true,1,232972
7290013702036,false,שוופס מים בטעם אפרסק,,,שוופס מים בטעם אפרסק,,500.00,100 גרם,false,,5.00,0.0100,true,1,181900
7290013702388,false,שוופס מים בטעם תפוח,,,שוופס מים בטעם תפוח,,500.00,100 גרם,false,,5.00,0.0100,true,1,181914
7290013702883,false,שוופס לימונדה ורודה,,,שוופס לימונדה ורודה,,500.00,100 מ'ל,false,,5.90,0.0118,true,1,181932
7290013725752,false,נודלס דק סו שף 400גר,,,נודלס דק סו שף 400גר,,400.00,100 גרם,false,,8.90,0.0223,true,1,200866
7290013725769,false,נודלס עבה סו שף 400ג,,,נודלס עבה סו שף 400ג,,400.00,100 גרם,false,,8.90,0.0223,true,1,200867
7290013725820,false,משוקלדים לוז מריר קו,,,משוקלדים לוז מריר קו,,160.00,100 גרם,false,,9.90,0.0619,true,1,200868
7290013725844,false,משוקלדים שומשום מריר,,,משוקלדים שומשום מריר,,160.00,"100 מ""ל",false,,9.90,0.0619,true,1,200870
7290013771216,false,פטאקי 16% 250גר השומ,,,פטאקי 16% 250גר השומ,,250.00,"100 מ""ל",false,,14.90,0.0596,true,1,174242
7290013847393,false,טונה סטארקיסט לייט 4,,,טונה סטארקיסט לייט 4,,140.00,"100 מ""ל",false,,7.80,0.0557,true,1,223769
7290013847409,false,טונה סטארקיסט לייט 4,,,טונה סטארקיסט לייט 4,,140.00,"100 מ""ל",false,,7.80,0.0557,true,1,223770
7290013847454,false,טונה סטארקיסט בשמן ק,קריות זול,,טונה סטארקיסט בשמן ק,,640.00,"100 מ""ל",false,,24.90,0.0389,true,1,246536
7290013847553,false,סטארקיסט טונה רביעיי,,,סטארקיסט טונה רביעיי,,640.00,"100 מ""ל",false,,24.90,0.0389,true,1,248228
7290013848345,false,סנו מטליות לחות לחיט,,,סנו מטליות לחות לחיט,יחידה,0.00,יחידה,false,,24.90,0.0000,true,1,223953
7290013861054,false,משוקלדים צימוק חלב ק,,,משוקלדים צימוק חלב ק,,160.00,100 גרם,false,,9.90,0.0619,true,1,200871
7290013883490,false,מדליק פחמים הפי 250ג,,,מדליק פחמים הפי 250ג,,250.00,100 גרם,false,,9.90,0.0396,true,1,183725
7290013906052,false,נקניקיות פרגיות טירת,,,נקניקיות פרגיות טירת,,300.00,100 גרם,false,,14.90,0.0497,true,1,188620
7290013906205,false,פסטרמה שום וצ'ילי פי,,,פסטרמה שום וצ'ילי פי,,400.00,"100 מ""ל",false,,27.90,0.0697,true,1,188621
7290013906212,false,נקניקיות וינר טירת צ,,,נקניקיות וינר טירת צ,,1000.00,100 גרם,false,,29.90,0.0299,true,1,188622
7290013906441,false,קבנוס טירת צבי 120גר,,,קבנוס טירת צבי 120גר,,120.00,100 גרם,false,,11.90,0.0992,true,1,188629
7290013906489,false,חטיפי קבנוס טירת צבי,,,חטיפי קבנוס טירת צבי,,120.00,"100 מ""ל",false,,11.90,0.0992,true,1,219159
7290013906519,false,פסטרמה פרושוטו בקר ט,,,פסטרמה פרושוטו בקר ט,,100.00,100 גרם,false,,32.90,0.3290,true,1,188631
7290013906687,false,פסטרמה צמד מארז כפרי,,,פסטרמה צמד מארז כפרי,,600.00,100 גרם,false,,27.90,0.0465,true,1,188632
7290013927200,false,עוגת שוקולד צ'יפס עש,,,עוגת שוקולד צ'יפס עש,,400.00,100 גרם,false,,12.90,0.0323,true,1,203432
7290013927637,false,חלווה ללא תוספת סוכר,,,חלווה ללא תוספת סוכר,,400.00,"100 מ""ל",false,,13.90,0.0348,true,1,233739
7290013927989,false,מאפין במילוי בטעם קר,,,מאפין במילוי בטעם קר,,50.00,"100 מ""ל",false,,2.90,0.0580,true,1,245860
7290013927996,false,עוגת שמרים קרנץ בטעם,,,עוגת שמרים קרנץ בטעם,,400.00,"100 מ""ל",false,,12.90,0.0323,true,1,233745
7290014002135,false,תה ירוק מיקס 25יח,,,תה ירוק מיקס 25יח,,25.00,יח',false,,25.90,1.0360,true,1,190914
7290014002203,false,חליטת לימונית ולואיז,,,חליטת לימונית ולואיז,,25.00,יח',false,,19.90,0.7960,true,1,190917
7290014002944,false,תה הגן הקסום חליטת פ,,,תה הגן הקסום חליטת פ,,57.50,"100 מ""ל",false,,19.90,0.3461,true,1,190929
7290014002982,false,תה ירוק לימונית לואי,,,תה ירוק לימונית לואי,יחידה,0.00,יחידה,false,,25.90,0.0000,true,1,190930
7290014046047,false,צמד פסטרמות פפריקה ו,,,צמד פסטרמות פפריקה ו,,600.00,100 גרם,false,,29.90,0.0498,true,1,172275
7290014046474,false,נקניקיות עוף יחיעם 1,,,נקניקיות עוף יחיעם 1,,1500.00,"100 מ""ל",false,,29.90,0.0199,true,1,172278
7290014046580,false,פסטרמה מעודנת על גחל,,,פסטרמה מעודנת על גחל,,300.00,100 גרם,false,,25.90,0.0863,true,1,172286
7290014059085,false,משחת שיניים סנסודיין,,,משחת שיניים סנסודיין,,75.00,100 מ'ל,false,,19.90,0.2653,true,1,199737
7290014066359,false,לנדוור קפסולות אספרס,,,לנדוור קפסולות אספרס,,50.00,100 גרם,false,,14.90,0.2980,true,1,225053
7290014066373,false,לנדוור קפסולות אספרס,,,לנדוור קפסולות אספרס,,50.00,"100 מ""ל",false,,14.90,0.2980,true,1,225055
7290014066380,false,לנדוור קפסולות אספרס,,,לנדוור קפסולות אספרס,,50.00,"100 מ""ל",false,,14.90,0.2980,true,1,225056
7290014066526,false,לנדוור קפסולות אספרס,,,לנדוור קפסולות אספרס,,50.00,"100 מ""ל",false,,14.90,0.2980,true,1,225058
7290014079847,false,צמד פטריות בייבי בלה,,,צמד פטריות בייבי בלה,,500.00,"100 מ""ל",false,,15.90,0.0318,true,1,172659
7290014083813,false,שפרוטים מעושנים בשמן,,,שפרוטים מעושנים בשמן,,190.00,"100 מ""ל",false,,9.90,0.0521,true,1,178908
7290014088948,false,קקאו 150 גרם 100 %-ח,,,קקאו 150 גרם 100 %-ח,,150.00,"100 מ""ל",false,,7.90,0.0527,true,1,246936
7290014094338,false,דלעת מקופלת בקופסא 2,,,דלעת מקופלת בקופסא 2,,250.00,100 גרם,false,,12.90,0.0516,true,1,200886
7290014094345,false,חמניה מקולפת בקופסא,,,חמניה מקולפת בקופסא,,300.00,100 גרם,false,,9.50,0.0317,true,1,200887
7290014094369,false,שקד טבעי בקופסא 200ג,,,שקד טבעי בקופסא 200ג,,200.00,"100 מ""ל",false,,21.90,0.1095,true,1,200889
7290014094383,false,משמש 250 גרם בקופסא,,,משמש 250 גרם בקופסא,,250.00,100 גרם,false,,21.90,0.0876,true,1,200891
7290014094390,false,חמוציות 250 גרם קופס,,,חמוציות 250 גרם קופס,,250.00,"100 מ""ל",false,,16.90,0.0676,true,1,200892
7290014094406,false,צימוק לבן קופסא 330ג,,,צימוק לבן קופסא 330ג,,330.00,"100 מ""ל",false,,16.90,0.0512,true,1,200893
7290014094505,false,אורז בסמטי טהור אהרו,,,אורז בסמטי טהור אהרו,,1000.00,"100 מ""ל",false,,11.90,0.0119,true,1,200899
7290014094628,false,פקאן טבעי בקופסא 200,,,פקאן טבעי בקופסא 200,,200.00,100 גרם,false,,22.90,0.1145,true,1,200906
7290014094642,false,קשיו טבעי גדול בקופס,,,קשיו טבעי גדול בקופס,,250.00,"100 מ""ל",false,,21.90,0.0876,true,1,200908
7290014094895,false,אגוזי מלך שקית 150גר,,,אגוזי מלך שקית 150גר,,150.00,100 גרם,false,,10.90,0.0727,true,1,200925
7290014095472,false,חטיף דגנים עם חמוציו,,,חטיף דגנים עם חמוציו,,125.00,"100 מ""ל",false,,7.90,0.0632,true,1,200928
7290014095861,false,קוואקר שיבולת שועל ד,,,קוואקר שיבולת שועל ד,,500.00,100 גרם,false,,6.90,0.0138,true,1,200937
7290014095946,false,פקאן בשוקולד מריר שק,,,פקאן בשוקולד מריר שק,,160.00,"100 מ""ל",false,,9.90,0.0619,true,1,200938
7290014095953,false,משוקלדים פקאן חלב קו,,,משוקלדים פקאן חלב קו,,160.00,100 גרם,false,,9.90,0.0619,true,1,200939
7290014095960,false,קוואקר שיבולת שועל ע,,,קוואקר שיבולת שועל ע,,500.00,100 גרם,false,,6.90,0.0138,true,1,200940
7290014204614,false,גרנולה שוקולד מריר ו,,,גרנולה שוקולד מריר ו,,400.00,100 גרם,false,,29.90,0.0747,true,1,211143
7290014204683,false,סבון נוזלי משאבה סגו,,,סבון נוזלי משאבה סגו,,1000.00,"100 מ""ל",false,,10.90,0.0109,true,1,211145
7290014204690,false,סבון נוזלי משאבה ורו,,,סבון נוזלי משאבה ורו,,1000.00,"100 מ""ל",false,,10.90,0.0109,true,1,211146
7290014217003,false,פפריקה מעושנת 90גר,,,פפריקה מעושנת 90גר,,90.00,"100 מ""ל",false,,9.90,0.1100,true,1,198587
7290014217010,false,תיבול דגים 90גר,,,תיבול דגים 90גר,,90.00,100 גרם,false,,13.90,0.1544,true,1,198588
7290014217065,false,אורגנו מיכל גדול 30ג,,,אורגנו מיכל גדול 30ג,,30.00,"100 מ""ל",false,,9.90,0.3300,true,1,198593
7290014217119,false,מיכל תערובת לצ'יפס 1,,,מיכל תערובת לצ'יפס 1,,100.00,"100 מ""ל",false,,9.90,0.0990,true,1,198596
7290014217140,false,תבלין ראס אל חנות 10,,,תבלין ראס אל חנות 10,,100.00,"100 מ""ל",false,,9.90,0.0990,true,1,198599
7290014217225,false,גריל עוף מיכל 120גר,,,גריל עוף מיכל 120גר,,120.00,"100 מ""ל",false,,11.90,0.0992,true,1,198604
7290014217348,false,צ'ילי כתוש מיכל 70גר,,,צ'ילי כתוש מיכל 70גר,,70.00,"100 מ""ל",false,,9.90,0.1414,true,1,198608
7290014217355,false,אבקת קרי מיכל 100גר,,,אבקת קרי מיכל 100גר,,100.00,"100 מ""ל",false,,9.90,0.0990,true,1,198609
7290014217409,false,תערובת עשבי תיבול  ה,,,תערובת עשבי תיבול  ה,,100.00,"100 מ""ל",false,,10.90,0.1090,true,1,246761
7290014217485,false,תערובת תיבול קייג'ון,,,תערובת תיבול קייג'ון,,100.00,"100 מ""ל",false,,9.90,0.0990,true,1,198613
7290014217492,false,תערובת תיבול פילדלפי,,,תערובת תיבול פילדלפי,,100.00,"100 מ""ל",false,,9.90,0.0990,true,1,198614
7290014217522,false,לחם שום תערובת מיכל,,,לחם שום תערובת מיכל,,100.00,"100 מ""ל",false,,10.90,0.1090,true,1,227424
7290014218321,false,בורקס יפו גבינה מעדנ,,,בורקס יפו גבינה מעדנ,,600.00,"100 מ""ל",false,,18.90,0.0315,true,1,188646
7290014218338,false,"בורקס יפו תפו""א מעדנ",,,"בורקס יפו תפו""א מעדנ",,600.00,"100 מ""ל",false,,15.90,0.0265,true,1,188647
7290014218505,false,פיצה שלישייה מעדנות,,,פיצה שלישייה מעדנות,,1080.00,100 גרם,false,,37.90,0.0351,true,1,188655
7290014218932,false,חטיפי פיצה בתוספת זי,קריות זול,,חטיפי פיצה בתוספת זי,,710.00,100 גרם,false,,29.90,0.0421,true,1,225622
7290014241589,false,מיקס אגוזים טבעי וחמ,,,מיקס אגוזים טבעי וחמ,,150.00,100 גרם,false,,10.90,0.0727,true,1,212036
7290014256620,false,באז משקה מבוסס יין מ,קריות זול,,באז משקה מבוסס יין מ,,750.00,"100 מ""ל",false,,25.90,0.0345,true,1,171297
7290014397286,false,סנו מקסימה קר חלב וד,,,סנו מקסימה קר חלב וד,,1000.00,"100 מ""ל",false,,18.90,0.0189,true,1,181175
7290014397767,false,ריצפז פרש הום בניחוח,,,ריצפז פרש הום בניחוח,ליטרים,2.00,ליטר,false,,23.90,11.9500,true,1,181202
7290014435704,false,סלמון מעושן 100גר,,,סלמון מעושן 100גר,,100.00,100 גרם,false,,22.90,0.2290,true,1,249600
7290014435803,false,מטיאס הולנדי (פרובנצ,,,מטיאס הולנדי (פרובנצ,,180.00,100 גרם,false,,22.90,0.1272,true,1,198397
7290014435810,false,הרינג כבוש עם בצל במ,,,הרינג כבוש עם בצל במ,,180.00,"100 מ""ל",false,,22.90,0.1272,true,1,198398
7290014435827,false,פילה מקרל מעושן בשמן,,,פילה מקרל מעושן בשמן,,180.00,"100 מ""ל",false,,24.90,0.1383,true,1,198399
7290014435834,false,מקרל מעושן פרוס בשמן,,,מקרל מעושן פרוס בשמן,,180.00,"100 מ""ל",false,,24.90,0.1383,true,1,198400
7290014435889,false,סלט מטיאס עם מיונז 2,,,סלט מטיאס עם מיונז 2,,200.00,"100 מ""ל",false,,24.90,0.1245,true,1,198403
7290014435896,false,סלט סלמון עם מיונז 2,,,סלט סלמון עם מיונז 2,,200.00,100 גרם,false,,24.90,0.1245,true,1,198404
7290014455245,false,גרנה פדנו משולש מחלב,,,גרנה פדנו משולש מחלב,,200.00,"100 מ""ל",false,,27.90,0.1395,true,1,171708
7290014455252,false,*מבצע* גרנה פדנו מגו,,,*מבצע* גרנה פדנו מגו,,100.00,"100 מ""ל",false,,10.00,0.1000,true,1,171709
7290014455320,false,כדור מוצרלה פרסקה 18,,,כדור מוצרלה פרסקה 18,,100.00,"100 מ""ל",false,,9.80,0.0980,true,1,171715
7290014455467,false,מעדן שיבולת שועל וחל,,,מעדן שיבולת שועל וחל,,150.00,"100 מ""ל",false,,5.90,0.0393,true,1,171720
7290014459137,false,ציפס סטייק תפוגן 1.5,,,ציפס סטייק תפוגן 1.5,,1500.00,100 גרם,false,,26.90,0.0179,true,1,177431
7290014459632,false,ציפס טוגן תפוגן 1.5,,,ציפס טוגן תפוגן 1.5,,1500.00,100 גרם,false,,22.90,0.0153,true,1,223005
7290014466463,false,יין מוסקטו הר חרמון,,,יין מוסקטו הר חרמון,,750.00,100 גרם,false,,34.90,0.0465,true,1,215545
7290014466609,false,"יין גמלא מרלו 750מ""ל",,,"יין גמלא מרלו 750מ""ל",,750.00,100 גרם,false,,69.90,0.0932,true,1,215546
7290014471412,false,מוזלי עם בוטנים אגוז,,,מוזלי עם בוטנים אגוז,,1000.00,100 גרם,false,,19.90,0.0199,true,1,200943
7290014471429,false,מוזלי עם פירות שקדיה,,,מוזלי עם פירות שקדיה,,1000.00,100 גרם,false,,19.90,0.0199,true,1,200944
7290014471443,false,גרנולה עם צימוקים אג,,,גרנולה עם צימוקים אג,,1000.00,100 גרם,false,,19.90,0.0199,true,1,200946
7290014472440,false,קונפיטורה תפוז 450גר,,,קונפיטורה תפוז 450גר,,450.00,"100 מ""ל",false,,12.90,0.0287,true,1,200964
7290014472464,false,קונפיטורה משמש 450גר,,,קונפיטורה משמש 450גר,,450.00,"100 מ""ל",false,,12.90,0.0287,true,1,200966
7290014525023,false,סלים פרוט חטיף דגנים,,,סלים פרוט חטיף דגנים,,215.00,"100 מ""ל",false,,15.90,0.0740,true,1,185874
7290014525177,false,סלים פרוט בטעם יוגור,,,סלים פרוט בטעם יוגור,,182.00,"100 מ""ל",false,,15.90,0.0874,true,1,185882
7290014525290,false,חטיפי מרבה סלים דליס,,,חטיפי מרבה סלים דליס,,125.00,"100 מ""ל",false,,15.90,0.1272,true,1,244585
7290014525306,false,חטיפי מרבה סלים דליס,,,חטיפי מרבה סלים דליס,,125.00,"100 מ""ל",false,,15.90,0.1272,true,1,185892
7290014525313,false,חטיפי מרבה סלים דליס,,,חטיפי מרבה סלים דליס,,125.00,"100 מ""ל",false,,15.90,0.1272,true,1,185893
7290014534667,false,פסטה לה פסטה קונכיה,,,פסטה לה פסטה קונכיה,,400.00,100 גרם,false,,4.90,0.0123,true,1,175412
7290014534698,false,פסטה לה פסטה תלתל 40,,,פסטה לה פסטה תלתל 40,,400.00,100 גרם,false,,4.90,0.0123,true,1,175415
7290014534704,false,פסטה לה פסטה אטריות,,,פסטה לה פסטה אטריות,,400.00,100 גרם,false,,4.90,0.0123,true,1,175416
7290014555723,false,נובו תחליב רחצה אקזו,,,נובו תחליב רחצה אקזו,,700.00,100 מ'ל,false,,10.00,0.0143,true,1,203241
7290014555754,false,נובו תחליב רחצה בלוס,,,נובו תחליב רחצה בלוס,,700.00,100 גרם,false,,10.00,0.0143,true,1,203244
7290014555778,false,נובו תחליב רחצה לגבר,,,נובו תחליב רחצה לגבר,,700.00,"100 מ""ל",false,,10.00,0.0143,true,1,203246
7290014555785,false,נובו תחליב רחצה לגבר,,,נובו תחליב רחצה לגבר,,700.00,"100 מ""ל",false,,10.00,0.0143,true,1,203247
7290014581036,false,"פחמים כ- 2 ק""ג",,,"פחמים כ- 2 ק""ג",יחידה,0.00,יחידה,false,,11.90,0.0000,true,1,211579
7290014648081,false,סכיני גילוח חד פעמי,,,סכיני גילוח חד פעמי,,10.00,יח',false,,9.90,0.9900,true,1,208236
7290014692299,false,גבינת ברי קאסטללו יו,,,גבינת ברי קאסטללו יו,,125.00,100 גרם,false,,21.90,0.1752,true,1,178918
7290014692305,false,גבינת קממבר יורוציז,,,גבינת קממבר יורוציז,,125.00,"100 מ""ל",false,,21.90,0.1752,true,1,178919
7290014692541,false,אמה מגורדת 500גר,,,אמה מגורדת 500גר,,500.00,100 גרם,false,,19.90,0.0398,true,1,178933
7290014692817,false,מוצרלה מגורדת יורו צ,,,מוצרלה מגורדת יורו צ,,200.00,"100 מ""ל",false,,15.90,0.0795,true,1,178947
7290014731707,false,צלחות פלסטיק גדול 50,,,צלחות פלסטיק גדול 50,יחידה,0.00,יחידה,false,,14.90,0.0000,true,1,215978
7290014747333,false,"שניצל דק ענק כשל""פ ע",,,"שניצל דק ענק כשל""פ ע",,650.00,100 גרם,false,,37.90,0.0583,true,1,177462
7290014748613,false,מקלוני דגים בציפוי צ,,,מקלוני דגים בציפוי צ,,600.00,100 גרם,false,,27.90,0.0465,true,1,223011
7290014748958,false,פופקורן מיני אמנון צ,,,פופקורן מיני אמנון צ,,400.00,100 גרם,false,,34.90,0.0872,true,1,223019
7290014749788,false,צ'ונגו רצועות שניצל,,,צ'ונגו רצועות שניצל,,600.00,100 גרם,false,,34.90,0.0582,true,1,223036
7290014749849,false,שניצל דק  ענק קריספי,,,שניצל דק  ענק קריספי,,720.00,"100 מ""ל",false,,37.90,0.0526,true,1,245339
7290014749863,false,שניצל דק ענק קריספי,,,שניצל דק ענק קריספי,,720.00,100 גרם,false,,37.90,0.0526,true,1,245338
7290014749887,false,שניצל דק ענק  קריספי,,,שניצל דק ענק  קריספי,,720.00,"100 מ""ל",false,,37.90,0.0526,true,1,245333
7290014758100,false,יוגורט ביו מאגדת שמי,,,יוגורט ביו מאגדת שמי,,1200.00,100 גרם,false,,16.90,0.0141,true,1,189987
7290014758117,false,יוגורט ביו מאגדת שמי,,,יוגורט ביו מאגדת שמי,,1200.00,"100 מ""ל",false,,16.90,0.0141,true,1,189988
7290014758162,false,חלב עיזים מלה 3.6% 1,,,חלב עיזים מלה 3.6% 1,,1000.00,"100 מ""ל",false,,15.20,0.0152,true,1,189990
7290014759084,false,גבינת נפוליאון 16% 2,,,גבינת נפוליאון 16% 2,,225.00,100 גרם,false,,13.80,0.0613,true,1,190033
7290014759909,false,פטה עיזים 5% פיראוס,,,פטה עיזים 5% פיראוס,,250.00,100 גרם,false,,28.50,0.1140,true,1,190047
7290014759978,false,קאשקבל פלח 200 גר,,,קאשקבל פלח 200 גר,,200.00,100 גרם,false,,26.50,0.1325,true,1,190049
7290014759985,false,פרמזן פלח 200 גר,,,פרמזן פלח 200 גר,,200.00,"100 מ""ל",false,,25.50,0.1275,true,1,190050
7290014759992,false,רוקפור פלח 140גר,,,רוקפור פלח 140גר,,140.00,100 גרם,false,,18.90,0.1350,true,1,190051
7290014760134,false,מעדן סויה בטעם וניל,,,מעדן סויה בטעם וניל,,125.00,"100 מ""ל",false,,3.90,0.0312,true,1,190056
7290014760141,false,משקה שקדים טרי 1ליטר,,IL,משקה שקדים טרי 1ליטר,,1000.00,"100 מ""ל",false,,12.50,0.0125,true,1,190057
7290014760448,false,גבינה גלבוע 400גר,,,גבינה גלבוע 400גר,,400.00,100 מ'ל,false,,24.90,0.0622,true,1,190066
7290014760912,false,גבינה גוש חלב מהדרין,,,גבינה גוש חלב מהדרין,,400.00,100 מ'ל,false,,26.50,0.0663,true,1,190081
7290014761018,false,גיל בטעם וניל 3% 125,,,גיל בטעם וניל 3% 125,,125.00,100 גרם,false,,1.40,0.0112,true,1,190083
7290014761056,false,מעדן YOLO שוקולד חלב,,,מעדן YOLO שוקולד חלב,,123.00,100 גרם,false,,4.40,0.0358,true,1,190084
7290014761063,false,מעדן YOLO שוקולד מרי,,,מעדן YOLO שוקולד מרי,,123.00,100 גרם,false,,4.40,0.0358,true,1,190085
7290014761070,false,מעדן YOLO שוקולד לבן,,,מעדן YOLO שוקולד לבן,,123.00,"100 מ""ל",false,,4.40,0.0358,true,1,190086
7290014761612,false,מעדן YOLO שכבות שוקו,,,מעדן YOLO שכבות שוקו,,123.00,"100 מ""ל",false,,4.40,0.0358,true,1,190108
7290014762800,false,מעדן סויה בטעם שוקול,,,מעדן סויה בטעם שוקול,,125.00,100 גרם,false,,3.90,0.0312,true,1,225689
7290014762831,false,גבינת נפוליאון 25% ע,,,גבינת נפוליאון 25% ע,,225.00,100 גרם,false,,13.80,0.0613,true,1,190158
7290014762848,false,פתית גלבוע 22% 500 ג,,,פתית גלבוע 22% 500 ג,,500.00,100 גרם,false,,32.60,0.0652,true,1,225690
7290014762909,false,פתיתי מוצרלה 200גר,,,פתיתי מוצרלה 200גר,,200.00,"100 מ""ל",false,,16.70,0.0835,true,1,190164
7290014763098,false,קרם גבינה שמנת 5% טו,,,קרם גבינה שמנת 5% טו,,200.00,"100 מ""ל",false,,11.50,0.0575,true,1,190169
7290014763272,false,משקה סויה ביו תות בנ,,,משקה סויה ביו תות בנ,,236.00,"100 מ""ל",false,,5.60,0.0237,true,1,190176
7290014791091,false,שוופס לימונייד 500מל,,,שוופס לימונייד 500מל,,500.00,"100 מ""ל",false,,5.90,0.0118,true,1,181937
7290014791336,false,מי עדן 1ליטר,,,מי עדן 1ליטר,,1000.00,100 גרם,false,,3.90,0.0039,true,1,224225
7290014791725,false,שוופס מוגז  תפוח 500,,,שוופס מוגז  תפוח 500,,500.00,"100 מ""ל",false,,5.90,0.0118,true,1,181960
7290014791862,false,פרוט ווטר אפרסק 500,,,פרוט ווטר אפרסק 500,,500.00,"100 מ""ל",false,,5.00,0.0100,true,1,224227
7290014855434,false,מגבוני בייביסיטר פרפ,,,מגבוני בייביסיטר פרפ,יחידה,0.00,יחידה,false,,15.90,0.0000,true,1,171933
7290014855458,false,מגבוני בייביסיטר פרפ,,,מגבוני בייביסיטר פרפ,יחידה,0.00,יחידה,false,,15.90,0.0000,true,1,171934
7290014860087,false,מקלוני אורז ללא גלוט,,,מקלוני אורז ללא גלוט,,250.00,"100 מ""ל",false,,8.90,0.0356,true,1,220786
7290014901308,false,סנסודיין משחת שיניים,,,סנסודיין משחת שיניים,,75.00,"100 מ""ל",false,,21.90,0.2920,true,1,199763
7290014901896,false,סנסודיין מי פה 500 מ,,,סנסודיין מי פה 500 מ,,500.00,100 מ'ל,false,,29.90,0.0598,true,1,199768
7290014905160,false,פניני ריח הפי 130גר,,,פניני ריח הפי 130גר,,130.00,"100 מ""ל",false,,7.90,0.0608,true,1,183737
7290014905689,false,הפי נוזל כלים ירוק ת,,,הפי נוזל כלים ירוק ת,,750.00,100 גרם,false,,7.90,0.0105,true,1,183745
7290014905696,false,הפי נוזל כלים צהוב ל,,,הפי נוזל כלים צהוב ל,,750.00,100 גרם,false,,7.90,0.0105,true,1,183746
7290014905719,false,הפי לימונית למדיח כל,,,הפי לימונית למדיח כל,יחידה,0.00,יחידה,false,,9.90,0.0000,true,1,183747
7290014905733,false,הפי מרסס לניקוי חלונ,,,הפי מרסס לניקוי חלונ,,750.00,"100 מ""ל",false,,7.90,0.0105,true,1,183748
7290014945067,false,צמרוני אוזניים פלסטי,,,צמרוני אוזניים פלסטי,יחידה,0.00,יחידה,false,,3.90,0.0000,true,1,249445
7290014945746,false,אטבי כביסה מודפסים 9,,,אטבי כביסה מודפסים 9,,9.00,יח',false,,6.90,0.7667,true,1,221700
7290014967465,false,קפסולות אינטסו 10 יח,,,קפסולות אינטסו 10 יח,יחידה,0.00,יחידה,false,,10.00,0.0000,true,1,237321
7290014967472,false,קפסולות אספרסו מור א,,,קפסולות אספרסו מור א,יחידה,0.00,יחידה,false,,10.00,0.0000,true,1,237322
7290014974562,false,גביעי גלידה 24 עלמה,,,גביעי גלידה 24 עלמה,יחידה,0.00,יחידה,false,,7.90,0.0000,true,1,232257
7290015008020,false,נר נשמה 24 שעות שמאי,,,נר נשמה 24 שעות שמאי,יחידה,0.00,יחידה,false,,1.90,0.0000,true,1,237847
7290015008037,false,להבונים 50 יח',,,להבונים 50 יח',,50.00,"100 מ""ל",false,,9.90,0.1980,true,1,237848
7290015008211,false,לפתניות שקוף קשיח עג,,,לפתניות שקוף קשיח עג,יחידה,0.00,יחידה,false,,14.90,0.0000,true,1,237855
7290015008280,false,נייר אפייה 50דף,,,נייר אפייה 50דף,יחידה,0.00,יחידה,false,,7.90,0.0000,true,1,237857
7290015008433,false,צימרוני אוזניים עץ 3,,,צימרוני אוזניים עץ 3,,300.00,100 מ'ל,false,,4.90,0.0163,true,1,247879
7290015008631,false,שקיות צליה 12יח' ר.ש,,,שקיות צליה 12יח' ר.ש,,12.00,100 מ'ל,false,,4.90,0.4083,true,1,246095
7290015008655,false,כפות ארוז 50 יח,,,כפות ארוז 50 יח,יחידה,0.00,יחידה,false,,9.90,0.0000,true,1,237863
7290015008662,false,מזלג ארוז 50 יח,,,מזלג ארוז 50 יח,יחידה,0.00,יחידה,false,,9.90,0.0000,true,1,237864
7290015008686,false,כפיות ארוז 50 יח,,,כפיות ארוז 50 יח,יחידה,0.00,יחידה,false,,9.90,0.0000,true,1,237866
7290015008976,false,שקיות אוכל בקרטון של,,,שקיות אוכל בקרטון של,יחידה,0.00,יחידה,false,,10.90,0.0000,true,1,237873
7290015039499,false,עוגיות איטלקיות וילי,,,עוגיות איטלקיות וילי,,1000.00,"100 מ""ל",false,,9.90,0.0099,true,1,214588
7290015057066,false,עלי גפן טעים 400גר,,,עלי גפן טעים 400גר,,400.00,"100 מ""ל",false,,9.90,0.0248,true,1,194837
7290015139267,false,שוקולד מריר עם שקדים,,,שוקולד מריר עם שקדים,,85.00,"100 מ""ל",false,,6.90,0.0812,true,1,213374
7290015150033,false,תה ירוק ספייסי נענע,,,תה ירוק ספייסי נענע,,25.00,יח',false,,25.90,1.0360,true,1,190959
7290015150118,false,עגבניות חתוכות 3* 40,,,עגבניות חתוכות 3* 40,,1200.00,100 גרם,false,,13.90,0.0116,true,1,190966
7290015150903,false,תה ירוק קינמון ודבש,,,תה ירוק קינמון ודבש,יחידה,0.00,יחידה,false,,25.90,0.0000,true,1,190980
7290015155823,false,פרינוק פאוץ' בטעם תפ,,,פרינוק פאוץ' בטעם תפ,,120.00,"100 מ""ל",false,,5.90,0.0492,true,1,226605
7290015155847,false,פרינוק פאוץ' בטעם סל,,,פרינוק פאוץ' בטעם סל,,120.00,100 גרם,false,,5.90,0.0492,true,1,226607
7290015156769,false,פרינוק פאוץ תפוח ואו,,,פרינוק פאוץ תפוח ואו,,120.00,100 גרם,false,,5.90,0.0492,true,1,226610
7290015156790,false,פרינוק פאוץ לפתן פיר,,,פרינוק פאוץ לפתן פיר,,120.00,"100 מ""ל",false,,5.90,0.0492,true,1,226612
7290015161534,false,קוואקר עבה ללא גלוטן,,,קוואקר עבה ללא גלוטן,,400.00,"100 מ""ל",false,,19.90,0.0497,true,1,245278
7290015161541,false,קוואקר דק ללא גלוטן,,,קוואקר דק ללא גלוטן,,400.00,"100 מ""ל",false,,19.90,0.0497,true,1,245279
7290015161565,false,גרנולה שיבולת שועל 2,,,גרנולה שיבולת שועל 2,,300.00,"100 מ""ל",false,,23.90,0.0797,true,1,245281
7290015161572,false,גרנולה שיבולת שועל 2,,,גרנולה שיבולת שועל 2,,300.00,"100 מ""ל",false,,23.90,0.0797,true,1,245282
7290015164856,false,מחית קארי אדומה 400ג,,,מחית קארי אדומה 400ג,,400.00,100 גרם,false,,19.90,0.0497,true,1,234052
7290015251174,false,נובו אל סבון ירוק של,,,נובו אל סבון ירוק של,,1500.00,"100 מ""ל",false,,10.00,0.0067,true,1,203249
7290015251181,false,נובו אל סבון כחול של,,,נובו אל סבון כחול של,,1500.00,100 גרם,false,,10.00,0.0067,true,1,203250
7290015251204,false,נובו אל סבון ורוד של,,,נובו אל סבון ורוד של,,1500.00,100 גרם,false,,10.00,0.0067,true,1,203252
7290015251273,false,נובו תחליב רחצה פירו,,,נובו תחליב רחצה פירו,,1000.00,100 גרם,false,,10.00,0.0100,true,1,203254
7290015251280,false,נובו תחליב רחצה הרבל,,,נובו תחליב רחצה הרבל,,1000.00,100 גרם,false,,10.00,0.0100,true,1,203255
7290015282000,false,איקרה אדומה 200גר שמ,,,איקרה אדומה 200גר שמ,,200.00,100 גרם,false,,16.90,0.0845,true,1,198407
7290015282024,false,איקרה לבנה 200גר שמי,,,איקרה לבנה 200גר שמי,,200.00,100 גרם,false,,16.90,0.0845,true,1,198409
7290015282390,false,תורכי 200 גרם גורמה,,,תורכי 200 גרם גורמה,,200.00,"100 מ""ל",false,,14.90,0.0745,true,1,220945
7290015282581,false,חומוס אבו גוש עם חרי,,,חומוס אבו גוש עם חרי,,200.00,100 גרם,false,,14.90,0.0745,true,1,198428
7290015282598,false,חומוס מסעדות 200 גר,,,חומוס מסעדות 200 גר,,200.00,100 גרם,false,,14.90,0.0745,true,1,198429
7290015282604,false,טחינה מיוחדת 200 גר,,,טחינה מיוחדת 200 גר,,200.00,100 גרם,false,,14.90,0.0745,true,1,220940
7290015282628,false,חציל בטעם כבד 200 גר,,,חציל בטעם כבד 200 גר,,200.00,100 גרם,false,,14.90,0.0745,true,1,198431
7290015282635,false,חומוס מסבחה 200 גר,,,חומוס מסבחה 200 גר,,200.00,"100 מ""ל",false,,14.90,0.0745,true,1,220941
7290015282642,false,"חומוס אבו ג""וש 200 ג",,,"חומוס אבו ג""וש 200 ג",,200.00,"100 מ""ל",false,,14.90,0.0745,true,1,198432
7290015282666,false,סלט טונה עם ירקות שמ,,,סלט טונה עם ירקות שמ,,200.00,100 גרם,false,,16.90,0.0845,true,1,220954
7290015282673,false,חציל במיונז ביתי שמי,,,חציל במיונז ביתי שמי,,200.00,100 גרם,false,,14.90,0.0745,true,1,198434
7290015282697,false,כרוב אדום 200 גר,,,כרוב אדום 200 גר,,200.00,100 גרם,false,,14.90,0.0745,true,1,220946
7290015282710,false,קוביות סלק 200 גר,,,קוביות סלק 200 גר,,200.00,"100 מ""ל",false,,14.90,0.0745,true,1,220942
7290015282727,false,גזר מרוקאי ברוטב פיק,,,גזר מרוקאי ברוטב פיק,,200.00,100 גרם,false,,14.90,0.0745,true,1,220943
7290015282734,false,מטבוחה ביתית 200 גר,,,מטבוחה ביתית 200 גר,,200.00,100 גרם,false,,14.90,0.0745,true,1,220944
7290015282741,false,חציל תאילנדי 200 גר,,,חציל תאילנדי 200 גר,,200.00,"100 מ""ל",false,,14.90,0.0745,true,1,220949
7290015320009,false,שוקולד מריר שקדיה 3*,קריות זול,,שוקולד מריר שקדיה 3*,,300.00,"100 מ""ל",false,,10.90,0.0363,true,1,248388
7290015320054,false,עוגיות בטעם חמאה 340,,,עוגיות בטעם חמאה 340,,340.00,100 גרם,false,,10.90,0.0321,true,1,173726
7290015320481,false,שוקולד מריר 60% יעד,,,שוקולד מריר 60% יעד,,100.00,100 גרם,false,,4.90,0.0490,true,1,222747
7290015324007,false,פלפל שחור גרוס שקית,,,פלפל שחור גרוס שקית,,80.00,100 גרם,false,,11.90,0.1488,true,1,198615
7290015324014,false,פלפל שחור טחון שקית,,,פלפל שחור טחון שקית,,80.00,"100 מ""ל",false,,11.90,0.1488,true,1,198616
7290015324069,false,גריל עוף שקית 80גר,,,גריל עוף שקית 80גר,,80.00,100 גרם,false,,6.90,0.0863,true,1,198620
7290015324083,false,מלח לימון שקית 80גר,,,מלח לימון שקית 80גר,,80.00,"100 מ""ל",false,,6.90,0.0863,true,1,198622
7290015324106,false,כורכום שקית 80גר,,,כורכום שקית 80גר,,80.00,100 גרם,false,,6.90,0.0863,true,1,198624
7290015324120,false,שום גבישי שקית 80גר,,,שום גבישי שקית 80גר,,80.00,"100 מ""ל",false,,9.90,0.1238,true,1,198626
7290015324168,false,על האש ללא מונוסודיו,,,על האש ללא מונוסודיו,,80.00,100 גרם,false,,7.90,0.0988,true,1,198628
7290015324281,false,בצל מטוגן בשקית 200,,,בצל מטוגן בשקית 200,,200.00,100 גרם,false,,11.90,0.0595,true,1,220816
7290015324533,false,רוזמרין מיכל גדול 55,,,רוזמרין מיכל גדול 55,,55.00,100 גרם,false,,9.90,0.1800,true,1,227441
7290015339551,false,פתיתים אפויים קוסקוס,,,פתיתים אפויים קוסקוס,,500.00,"100 מ""ל",false,,5.90,0.0118,true,1,194863
7290015339568,false,פתיתים אפויים אורז ט,,,פתיתים אפויים אורז ט,,500.00,"100 מ""ל",false,,5.90,0.0118,true,1,194864
7290015347273,false,נטיפי שוקולד אמיתי 2,,,נטיפי שוקולד אמיתי 2,,250.00,100 גרם,false,,10.90,0.0436,true,1,233571
7290015347358,false,סודה לשתיה 50 גר,,,סודה לשתיה 50 גר,,50.00,"100 מ""ל",false,,2.30,0.0460,true,1,221218
7290015347426,false,סוכריות קולה לימון ל,,,סוכריות קולה לימון ל,,80.00,"100 מ""ל",false,,5.90,0.0738,true,1,233577
7290015347464,false,קינואה מעורבת 400 גר,,,קינואה מעורבת 400 גר,,400.00,"100 מ""ל",false,,10.90,0.0273,true,1,233580
7290015355834,false,מתבל עגבניות היינץ ח,,,מתבל עגבניות היינץ ח,,855.00,"100 מ""ל",false,,19.90,0.0233,true,1,179801
7290015366663,false,אקווה פרש עדין משחת,,,אקווה פרש עדין משחת,,100.00,100 גרם,false,,8.90,0.0890,true,1,199794
7290015366670,false,אקווה פרש מנטה משחת,,,אקווה פרש מנטה משחת,,100.00,100 גרם,false,,8.90,0.0890,true,1,199795
7290015374316,false,"אגרול סיני בד""צ 400ג",,,"אגרול סיני בד""צ 400ג",,400.00,"100 מ""ל",false,,12.90,0.0323,true,1,173952
7290015374330,false,"קובה מרק בד""צ 400גר",,,"קובה מרק בד""צ 400גר",,400.00,100 גרם,false,,12.90,0.0323,true,1,173954
7290015374347,false,"קובה המוסטה בד""צ 400",,,"קובה המוסטה בד""צ 400",,400.00,"100 מ""ל",false,,12.90,0.0323,true,1,173955
7290015374378,false,סמבוסק במילוי חומוס,,,סמבוסק במילוי חומוס,,400.00,100 גרם,false,,12.90,0.0323,true,1,173958
7290015374408,false,בלינצס במילוי פטריות,,,בלינצס במילוי פטריות,,400.00,100 גרם,false,,12.90,0.0323,true,1,173960
7290015374422,false,"שניצלונים תפו""א במיל",,,"שניצלונים תפו""א במיל",,400.00,100 גרם,false,,12.90,0.0323,true,1,173962
7290015395045,false,קינואה 400גר,,,קינואה 400גר,,400.00,"100 מ""ל",false,,9.90,0.0248,true,1,200975
7290015528177,false,"מגש קלאסי  9/13 ""סיד",,,"מגש קלאסי  9/13 ""סיד",יחידה,0.00,יחידה,false,,8.90,0.0000,true,1,197772
7290015528641,false,מיכל 1 ליטר ארוז 3 י,,,מיכל 1 ליטר ארוז 3 י,יחידה,0.00,יחידה,false,,8.90,0.0000,true,1,227210
7290015528658,false,מיכל 2 ליטר ארוז 3 י,,,מיכל 2 ליטר ארוז 3 י,יחידה,0.00,יחידה,false,,8.90,0.0000,true,1,227211
7290015528696,false,כוס נייר OZ16 אר'50,,,כוס נייר OZ16 אר'50,יחידה,0.00,יחידה,false,,24.90,0.0000,true,1,227213
7290015528832,false,צלחת 9 מתכלה אר' 25,,,צלחת 9 מתכלה אר' 25,יחידה,0.00,יחידה,false,,14.90,0.0000,true,1,221653
7290015528887,false,צלחת 6 קטנה מתכלה אר,,,צלחת 6 קטנה מתכלה אר,יחידה,0.00,יחידה,false,,7.90,0.0000,true,1,221659
7290015603195,false,אטריות עם תרד 454 גר,,,אטריות עם תרד 454 גר,,454.00,"100 מ""ל",false,,10.90,0.0240,true,1,205422
7290015603201,false,אטריות מחיטה מלאה 45,,,אטריות מחיטה מלאה 45,,454.00,"100 מ""ל",false,,10.90,0.0240,true,1,205423
7290015603218,false,איטריות בתוספת עגבני,,,איטריות בתוספת עגבני,,454.00,"100 מ""ל",false,,10.90,0.0240,true,1,205424
7290015603232,false,איטריות בתוספת דלעת,,,איטריות בתוספת דלעת,,454.00,"100 מ""ל",false,,10.90,0.0240,true,1,205426
7290015603546,false,קרם קוקוס 17-19% 400,,,קרם קוקוס 17-19% 400,,400.00,100 גרם,false,,9.90,0.0248,true,1,234053
7290015603560,false,קרם קוקוס 20-22% 400,,,קרם קוקוס 20-22% 400,,400.00,"100 מ""ל",false,,9.90,0.0248,true,1,234054
7290015603638,false,*מבצע* אורז קלרוז 1ק,,,*מבצע* אורז קלרוז 1ק,,1000.00,"100 מ""ל",false,,11.00,0.0110,true,1,205432
7290015652087,false,תערובת פיצוחים 150גר,,,תערובת פיצוחים 150גר,,150.00,100 גרם,false,,10.90,0.0727,true,1,200989
7290015652254,false,גרעינים שחורים 400 ג,,,גרעינים שחורים 400 ג,,400.00,"100 מ""ל",false,,10.00,0.0250,true,1,200993
7290015652261,false,בוטנים קלויים 300 גר,,,בוטנים קלויים 300 גר,,300.00,"100 מ""ל",false,,10.00,0.0333,true,1,200994
7290015652278,false,תערובת פיצוחים 250גר,,,תערובת פיצוחים 250גר,,250.00,"100 מ""ל",false,,20.00,0.0800,true,1,200995
7290015652285,false,אגוזי מלך קלופים 250,,,אגוזי מלך קלופים 250,,250.00,100 גרם,false,,19.90,0.0796,true,1,200996
7290015652292,false,קבוקים עם שומשום 500,,,קבוקים עם שומשום 500,,500.00,"100 מ""ל",false,,10.00,0.0200,true,1,200997
7290015652308,false,מנצס ששון הקולה 300,,,מנצס ששון הקולה 300,,300.00,"100 מ""ל",false,,10.00,0.0333,true,1,200998
7290015652322,false,בוטנים אמריקאים מצופ,,,בוטנים אמריקאים מצופ,,400.00,"100 מ""ל",false,,10.00,0.0250,true,1,201000
7290015652407,false,פיסטוק 250גר,,,פיסטוק 250גר,,250.00,"100 מ""ל",false,,20.00,0.0800,true,1,201005
7290015652605,false,פיסטוק מקולף  100 גר,,,פיסטוק מקולף  100 גר,,100.00,"100 מ""ל",false,,21.90,0.2190,true,1,201017
7290015733977,false,מטרנה קומפורט 700 גר,,,מטרנה קומפורט 700 גר,,700.00,"100 מ""ל",false,,59.90,0.0856,true,1,244646
7290015775632,false,חמאת בוטנים 350גר,,,חמאת בוטנים 350גר,,350.00,100 גרם,false,,15.90,0.0454,true,1,246992
7290015781008,false,"יין ויז'ן מרלו 750מ""",,,"יין ויז'ן מרלו 750מ""",,750.00,"100 מ""ל",false,,39.90,0.0532,true,1,172779
7290015781091,false,יין ויז'ן קברנה סובי,,,יין ויז'ן קברנה סובי,,750.00,"100 מ""ל",false,,39.90,0.0532,true,1,172783
7290015781121,false,יין אימפרזיון קברנה,,,יין אימפרזיון קברנה,,750.00,100 גרם,false,,49.90,0.0665,true,1,172786
7290015804080,false,רסק עגבניות 100גר,,,רסק עגבניות 100גר,,100.00,"100 מ""ל",false,,1.90,0.0190,true,1,201454
7290015804400,false,עגבניות מרוסקות 250ג,,,עגבניות מרוסקות 250ג,,250.00,100 גרם,false,,4.90,0.0196,true,1,201456
7290015804417,false,עגבניות מרוסקות שום,,,עגבניות מרוסקות שום,,250.00,"100 מ""ל",false,,4.90,0.0196,true,1,201457
7290015842631,false,כוס לברד 40 יח,,,כוס לברד 40 יח,יחידה,0.00,יחידה,false,,10.90,0.0000,true,1,237874
7290015855013,false,פלפל טינקרבל ארוז,,,פלפל טינקרבל ארוז,יחידה,0.00,יחידה,false,,7.90,0.0000,true,1,205207
7290015855037,false,פלפל צ'ילי.,,,פלפל צ'ילי.,יחידה,0.00,יחידה,false,,6.90,0.0000,true,1,205209
7290015855051,false,מלפפון מיני ארוז,,,מלפפון מיני ארוז,יחידה,0.00,יחידה,false,,8.90,0.0000,true,1,205210
7290015855143,false,שום קלוף 170גרם,,,שום קלוף 170גרם,יחידה,0.00,יחידה,false,,11.90,0.0000,true,1,205218
7290015855228,false,אספרגוס,,,אספרגוס,יחידה,0.00,יחידה,false,,24.90,0.0000,true,1,205222
7290015855273,false,בזיליקום מארז גדול,,,בזיליקום מארז גדול,יחידה,0.00,יחידה,false,,9.90,0.0000,true,1,249104
7290015855341,false,אנדיב (עולש),,,אנדיב (עולש),,0.00,"100 מ""ל",false,,15.90,0.0000,true,1,234048
7290015855358,false,בצלצלי שאלוט,,,בצלצלי שאלוט,יחידה,0.00,יחידה,false,,9.90,0.0000,true,1,234049
7290015855495,false,חסה לאליק,,,חסה לאליק,יחידה,0.00,יחידה,false,,12.90,0.0000,true,1,247974
7290015856171,false,בייגלה שמיניות עם מל,,,בייגלה שמיניות עם מל,,200.00,100 גרם,false,,5.90,0.0295,true,1,246904
7290015856492,false,קרקר חטיפית מלח 180,,,קרקר חטיפית מלח 180,,180.00,100 גרם,false,,4.40,0.0244,true,1,233463
7290015856690,false,"קרם קרקר 1 ק""ג",,,"קרם קרקר 1 ק""ג",קילוגרמים,1.00,"ק""ג",false,,19.90,19.9000,true,1,233473
7290015856867,false,בסקויט פתי בר שוקו 1,,,בסקויט פתי בר שוקו 1,,1000.00,100 גרם,false,,14.90,0.0149,true,1,245377
7290015858113,false,ממרח עגבניות מיובשות,,,ממרח עגבניות מיובשות,,180.00,"100 מ""ל",false,,15.90,0.0883,true,1,226858
7290015858328,false,עללחם ממרח איולי פסט,,,עללחם ממרח איולי פסט,,295.00,"100 מ""ל",false,,15.90,0.0539,true,1,250125
7290015858441,false,עללחם ממרח איולי פלפ,,,עללחם ממרח איולי פלפ,,295.00,"100 מ""ל",false,,15.90,0.0539,true,1,250126
7290015858687,false,עללחם ממרח איולי שום,,,עללחם ממרח איולי שום,,295.00,100 גרם,false,,15.90,0.0539,true,1,250128
7290015865722,false,קונפיטורת לייט תות ש,,,קונפיטורת לייט תות ש,,400.00,100 גרם,false,,18.90,0.0472,true,1,250073
7290015865739,false,קונפיטורת לייט אוכמנ,,,קונפיטורת לייט אוכמנ,,400.00,"100 מ""ל",false,,18.90,0.0472,true,1,250075
7290015865746,false,קונפיטורת לייט פירות,,,קונפיטורת לייט פירות,,400.00,"100 מ""ל",false,,18.90,0.0472,true,1,250076
7290015951890,false,יין הר חרמון קברנה 7,,,יין הר חרמון קברנה 7,,750.00,מטר,false,,34.90,0.0465,true,1,236162
7290016006025,false,שוופס סודה 500מל,,,שוופס סודה 500מל,,500.00,100 גרם,false,,3.90,0.0078,true,1,181970
7290016006292,false,ספרינג מנגו בננה מלו,,,ספרינג מנגו בננה מלו,,1000.00,100 גרם,false,,7.90,0.0079,true,1,181979
7290016006339,false,מי עדן רביעייה 4*1לי,,,מי עדן רביעייה 4*1לי,,4000.00,100 גרם,false,,11.90,0.0030,true,1,181981
7290016006346,false,שוופס סודה מארז שישי,,,שוופס סודה מארז שישי,,3000.00,100 גרם,false,,15.90,0.0053,true,1,181982
7290016028003,false,קינוחי סורבה אר' 12,,,קינוחי סורבה אר' 12,יחידה,0.00,יחידה,false,,15.90,0.0000,true,1,227215
7290016028461,false,מגש לפיצוחים שקוף 12,,,מגש לפיצוחים שקוף 12,יחידה,0.00,יחידה,false,,9.90,0.0000,true,1,197818
7290016028584,false,נריות בקופסא 72 יח',,,נריות בקופסא 72 יח',יחידה,0.00,יחידה,false,,15.90,0.0000,true,1,221669
7290016028836,false,קש מתקפל צבעוני אר',,,קש מתקפל צבעוני אר',יחידה,0.00,יחידה,false,,7.90,0.0000,true,1,247269
7290016087123,false,רוטב עגבניות בסגנון,,,רוטב עגבניות בסגנון,,240.00,"100 מ""ל",false,,5.90,0.0246,true,1,237668
7290016087499,false,עגבניות חתוכות דק של,,,עגבניות חתוכות דק של,יחידה,0.00,יחידה,false,,14.90,0.0000,true,1,237675
7290016096583,false,טונה פרינס שלישייה 3,,,טונה פרינס שלישייה 3,,240.00,100 גרם,false,,10.90,0.0454,true,1,233953
7290016102253,false,נר זכוכית 72 שעות שמ,,,נר זכוכית 72 שעות שמ,יחידה,0.00,יחידה,false,,5.90,0.0000,true,1,237884
7290016102475,false,מפת אל בד 1.20*2.70,,,מפת אל בד 1.20*2.70,יחידה,0.00,יחידה,false,,7.90,0.0000,true,1,237891
7290016102789,false,צלחות קטן 50 יח',,,צלחות קטן 50 יח',יחידה,0.00,יחידה,false,,8.90,0.0000,true,1,237900
7290016107647,false,גביע למאפינס קרטון מ,,,גביע למאפינס קרטון מ,יחידה,0.00,יחידה,false,,10.00,0.0000,true,1,244508
7290016114300,false,לילי דאבל לבן נייר ט,,,לילי דאבל לבן נייר ט,יחידה,0.00,יחידה,false,,38.90,0.0000,true,1,181693
7290016136722,false,פתיתים פנה ללא גלוטן,,,פתיתים פנה ללא גלוטן,,340.00,"100 מ""ל",false,,9.90,0.0291,true,1,226615
7290016136739,false,פתיתים פוזילי ללא גל,,,פתיתים פוזילי ללא גל,,340.00,"100 מ""ל",false,,9.90,0.0291,true,1,226616
7290016144000,false,קמח נפלאות חיטה 80%,,,קמח נפלאות חיטה 80%,,1000.00,"100 מ""ל",false,,9.90,0.0099,true,1,227715
7290016144017,false,קמח נפלאות חיטה מלא,,,קמח נפלאות חיטה מלא,,1000.00,"100 מ""ל",false,,9.90,0.0099,true,1,227716
7290016144024,false,קמח נפלאות כוסמין מל,,,קמח נפלאות כוסמין מל,,1000.00,"100 מ""ל",false,,14.90,0.0149,true,1,227717
7290016150117,false,סלק וואקום,,,סלק וואקום,,500.00,100 גרם,false,,6.90,0.0138,true,1,212643
7290016150711,false,נוזל קוקוס אבאל 400,,,נוזל קוקוס אבאל 400,,400.00,"100 מ""ל",false,,6.90,0.0173,true,1,238039
7290016162219,false,כדורי שוקולד פרווה,,,כדורי שוקולד פרווה,יחידה,0.00,יחידה,false,,29.90,0.0000,true,1,213498
7290016197488,false,מטלית קסם לשיש ניקול,,,מטלית קסם לשיש ניקול,יחידה,0.00,יחידה,false,,15.90,0.0000,true,1,181705
7290016197495,false,מטליות מיקרופייבר זו,,,מטליות מיקרופייבר זו,יחידה,0.00,יחידה,false,,19.90,0.0000,true,1,181706
7290016197617,false,תחבושות דיפנד אקסטרה,,,תחבושות דיפנד אקסטרה,יחידה,0.00,יחידה,false,,20.90,0.0000,true,1,181711
7290016197839,false,השקית החזקה 20יח XL,,,השקית החזקה 20יח XL,יחידה,0.00,יחידה,false,,19.90,0.0000,true,1,181714
7290016197877,false,שקית לפחי מטבח קטנים,,,שקית לפחי מטבח קטנים,יחידה,0.00,יחידה,false,,19.90,0.0000,true,1,181715
7290016217735,false,חציל אש 200 גר שמיר,,,חציל אש 200 גר שמיר,,200.00,"100 מ""ל",false,,14.90,0.0745,true,1,220951
7290016217742,false,חציל אש בטחינה 200 ג,,,חציל אש בטחינה 200 ג,,200.00,100 גרם,false,,14.90,0.0745,true,1,220952
7290016217759,false,סלט חציל מרוקאי 200,,,סלט חציל מרוקאי 200,,200.00,100 גרם,false,,14.90,0.0745,true,1,220953
7290016217988,false,גרבדלקס 100גר,,,גרבדלקס 100גר,,100.00,"100 מ""ל",false,,22.90,0.2290,true,1,249599
7290016233384,false,גפילטע פיש 7קציצות מ,,,גפילטע פיש 7קציצות מ,,550.00,100 גרם,false,,14.90,0.0271,true,1,175444
7290016233575,false,שיבולת שועל 600גר,,,שיבולת שועל 600גר,,600.00,"100 מ""ל",false,,6.90,0.0115,true,1,175448
7290016233711,false,פסטה לה פסטה לינגווי,,,פסטה לה פסטה לינגווי,,400.00,"100 מ""ל",false,,4.90,0.0123,true,1,222930
7290016234008,false,אנשובי צנצנת עם שמן,,,אנשובי צנצנת עם שמן,,100.00,"100 מ""ל",false,,12.90,0.1290,true,1,222932
7290016246018,false,בארכה מיקס פינוקיות,,,בארכה מיקס פינוקיות,,200.00,100 גרם,false,,14.90,0.0745,true,1,177479
7290016255300,false,נובו תחליב רחצה לגבר,,,נובו תחליב רחצה לגבר,,700.00,"100 מ""ל",false,,10.00,0.0143,true,1,203273
7290016270709,false,שרי אשכולות ארוז כ-4,,,שרי אשכולות ארוז כ-4,יחידה,0.00,יחידה,false,,9.90,0.0000,true,1,236600
7290016270907,false,ברוקולי,,,ברוקולי,יחידה,0.00,יחידה,false,,8.90,0.0000,true,1,246959
7290016276534,false,שמן קוקוס לא מזוכך 5,,,שמן קוקוס לא מזוכך 5,,500.00,100 גרם,false,,29.90,0.0598,true,1,201038
7290016276756,false,מעדן 4 פירות 100% רכ,,,מעדן 4 פירות 100% רכ,,284.00,"100 מ""ל",false,,11.90,0.0419,true,1,201039
7290016276831,false,תבשיל איטריות בטעם ב,,,תבשיל איטריות בטעם ב,,70.00,100 גרם,false,,5.90,0.0843,true,1,201045
7290016276848,false,תבשיל איטריות בטעם ע,,,תבשיל איטריות בטעם ע,,70.00,"100 מ""ל",false,,5.90,0.0843,true,1,201046
7290016276855,false,תבשיל איטריות בטעם י,,,תבשיל איטריות בטעם י,,70.00,"100 מ""ל",false,,5.90,0.0843,true,1,201047
7290016321722,false,פרש וואנס מגבונים בו,,,פרש וואנס מגבונים בו,יחידה,0.00,יחידה,false,,5.90,0.0000,true,1,234547
7290016372342,false,עגבניות חתוכות לקובי,,,עגבניות חתוכות לקובי,,1200.00,100 גרם,false,,13.90,0.0116,true,1,226134
7290016387483,false,כריות יפניות דו צדדי,,,כריות יפניות דו צדדי,,3.00,יח',false,,6.90,2.3000,true,1,227262
7290016387841,false,אטבי כביסה ג'וי צבעו,,,אטבי כביסה ג'וי צבעו,יחידה,0.00,יחידה,false,,12.90,0.0000,true,1,227267
7290016408294,false,מרשמלו ורוד לבן כרמי,,,מרשמלו ורוד לבן כרמי,,150.00,100 גרם,false,,5.90,0.0393,true,1,213408
7290016408744,false,"מרשמלו טוויסטר בד""ץ",,,"מרשמלו טוויסטר בד""ץ",,150.00,100 גרם,false,,5.90,0.0393,true,1,248673
7290016408980,false,מטבעות שוקולד חלב 36,,,מטבעות שוקולד חלב 36,,36.00,100 גרם,false,,4.90,0.1361,true,1,235627
7290016437645,false,האגיס פרידום דריי PA,,,האגיס פרידום דריי PA,יחידה,0.00,יחידה,false,,47.90,0.0000,true,1,224162
7290016437652,false,האגיס פרידום דריי PA,,,האגיס פרידום דריי PA,יחידה,0.00,יחידה,false,,47.90,0.0000,true,1,224163
7290016440652,false,תערובת פרוסות ירקות,,,תערובת פרוסות ירקות,,0.00,100 גרם,false,,19.90,0.0000,true,1,245649
7290016440928,false,ירקות כבושים חומץ מת,,,ירקות כבושים חומץ מת,,0.00,100 מ'ל,false,,19.90,0.0000,true,1,245652
7290016448870,false,שפרוטים 150 גרם,,,שפרוטים 150 גרם,,150.00,"100 מ""ל",false,,5.90,0.0393,true,1,234319
7290016449952,false,שמן זית כתית מעולה ס,,,שמן זית כתית מעולה ס,יחידה,0.00,יחידה,false,,32.90,0.0000,true,1,239479
7290016509342,false,כדוריות סוד סבון לאס,,,כדוריות סוד סבון לאס,,0.00,ק'ג,false,,16.90,0.0000,true,1,235241
7290016509786,false,פרסיל ג'ל 2.5ליטר יר,,,פרסיל ג'ל 2.5ליטר יר,ליטרים,2.50,ליטר,false,,32.90,13.1600,true,1,235247
7290016509809,false,פרסיל ג'ל 2.5 ליטר ק,,,פרסיל ג'ל 2.5 ליטר ק,ליטרים,2.50,ליטר,false,,32.90,13.1600,true,1,235249
7290016510096,false,שמפו הוואי מי קוקוס,קריות זול,,שמפו הוואי מי קוקוס,,700.00,100 גרם,false,,13.90,0.0199,true,1,226045
7290016542509,false,טוסקניה שיכר מבעבע י,,,טוסקניה שיכר מבעבע י,,750.00,100 גרם,false,,14.90,0.0199,true,1,222468
7290016580174,false,צלחת 9 צבעוני לבן/ ק,,,צלחת 9 צבעוני לבן/ ק,,100.00,100 מ'ל,false,,39.90,0.3990,true,1,227222
7290016580440,false,תבניות עגולות גדולות,,,תבניות עגולות גדולות,יחידה,0.00,יחידה,false,,9.90,0.0000,true,1,227224
7290016580549,false,צלחת 7 צבעוני לבן/ ק,,,צלחת 7 צבעוני לבן/ ק,,100.00,יח',false,,24.90,0.2490,true,1,227225
7290016580570,false,סיר עם מכסה קטן ארוז,,,סיר עם מכסה קטן ארוז,יחידה,0.00,יחידה,false,,14.90,0.0000,true,1,227227
7290016601336,false,תרסיס קצף מסיר עובש,,,תרסיס קצף מסיר עובש,,1000.00,"100 מ""ל",false,,11.90,0.0119,true,1,233686
7290016621341,false,קמיל אל סבון ניקיון,,,קמיל אל סבון ניקיון,,1000.00,"100 מ""ל",false,,15.90,0.0159,true,1,236284
7290016621358,false,קמיל אל סבון ניקיון,,,קמיל אל סבון ניקיון,,1000.00,"100 מ""ל",false,,15.90,0.0159,true,1,236285
7290016717099,false,יין סלקטד אדום חצי י,,,יין סלקטד אדום חצי י,,750.00,100 גרם,false,,28.90,0.0385,true,1,171347
7290016717631,false,מוסקטו פרייבט קולקשי,,,מוסקטו פרייבט קולקשי,,750.00,100 גרם,false,,39.90,0.0532,true,1,222266
7290016717754,false,"יין ישן נושן 750 מ""ל",קריות זול,,"יין ישן נושן 750 מ""ל",,750.00,"100 מ""ל",false,,17.90,0.0239,true,1,222267
7290016866643,false,פרודונטקס משחת שיניי,,,פרודונטקס משחת שיניי,,75.00,100 גרם,false,,29.90,0.3987,true,1,232597
7290016866667,false,פרודונטקס משחת שיניי,,,פרודונטקס משחת שיניי,,75.00,100 גרם,false,,24.90,0.3320,true,1,232599
7290016866674,false,פרודונטקס משחת שיניי,,,פרודונטקס משחת שיניי,,75.00,100 גרם,false,,29.90,0.3987,true,1,232600
7290016882407,false,ממרח חצילים קלויים 5,,,ממרח חצילים קלויים 5,,550.00,"100 מ""ל",false,,9.90,0.0180,true,1,232836
7290016882421,false,קונפיטורה אפרסק 70%,,,קונפיטורה אפרסק 70%,,450.00,100 גרם,false,,12.90,0.0287,true,1,250156
7290016898071,false,תבניות אינגליש קייק,,,תבניות אינגליש קייק,,5.00,100 מ'ל,false,,10.90,2.1800,true,1,237914
7290017023199,false,שוופס מוגז תות 330 מ,,,שוופס מוגז תות 330 מ,,330.00,"100 מ""ל",false,,5.90,0.0179,true,1,224231
7290017023205,false,שוופס מוגז ענבים 330,,,שוופס מוגז ענבים 330,,330.00,100 גרם,false,,5.90,0.0179,true,1,224232
7290017023236,false,שוופס מוגז פירות ענב,,,שוופס מוגז פירות ענב,,1320.00,"100 מ""ל",false,,14.90,0.0113,true,1,224235
7290017023823,false,ספרינג תות בננה 4*25,,,ספרינג תות בננה 4*25,,1000.00,100 גרם,false,,14.90,0.0149,true,1,224252
7290017031477,false,משחת שיניים סנסודיין,,,משחת שיניים סנסודיין,,75.00,100 מ'ל,false,,21.90,0.2920,true,1,232603
7290017031705,false,סנסודיין משחת שיניים,,,סנסודיין משחת שיניים,,75.00,"100 מ""ל",false,,21.90,0.2920,true,1,232604
7290017031859,false,פרודונטקס משחת שיניי,,,פרודונטקס משחת שיניי,,75.00,100 גרם,false,,29.90,0.3987,true,1,232605
7290017058146,false,רסק תפוח עץ עם אפרסק,,,רסק תפוח עץ עם אפרסק,יחידה,0.00,יחידה,false,,11.90,0.0000,true,1,222938
7290017065007,false,מוצרלה פרוסה 150 גרם,,,מוצרלה פרוסה 150 גרם,,150.00,"100 מ""ל",false,,18.70,0.1247,true,1,220583
7290017065137,false,ריקוטה למריחה 5% טבע,,,ריקוטה למריחה 5% טבע,,200.00,100 גרם,false,,10.70,0.0535,true,1,222358
7290017065144,false,ריקוטה למריחה 5% עפ,,,ריקוטה למריחה 5% עפ,,200.00,"100 מ""ל",false,,10.70,0.0535,true,1,222359
7290017065212,false,קרם מסקרפונה 250 גרם,,,קרם מסקרפונה 250 גרם,,250.00,100 גרם,false,,19.90,0.0796,true,1,222364
7290017065236,false,בולגרית מעודנת 250גר,,,בולגרית מעודנת 250גר,,250.00,"100 מ""ל",false,,23.90,0.0956,true,1,222365
7290017065311,false,פרוסות מוצרלה מעושנת,,,פרוסות מוצרלה מעושנת,,200.00,"100 מ""ל",false,,19.70,0.0985,true,1,222368
7290017065380,false,גרנה פדנו שבבים 100ג,,,גרנה פדנו שבבים 100ג,,100.00,"100 מ""ל",false,,14.90,0.1490,true,1,222371
7290017065434,false,פרוסות גאודה 200 גרם,,,פרוסות גאודה 200 גרם,,200.00,100 גרם,false,,21.90,0.1095,true,1,222374
7290017065441,false,פרוסות גאודה עיזים 2,,,פרוסות גאודה עיזים 2,,200.00,100 גרם,false,,34.90,0.1745,true,1,222375
7290017065588,false,יוגורט יווני 600 גרם,קריות זול,,יוגורט יווני 600 גרם,,600.00,"100 מ""ל",false,,16.50,0.0275,true,1,222383
7290017065663,false,בולגרית עיזים מעודנת,,,בולגרית עיזים מעודנת,,250.00,"100 מ""ל",false,,31.90,0.1276,true,1,222388
7290017065731,false,גבינת שמנת ניו יורק,,,גבינת שמנת ניו יורק,,200.00,100 גרם,false,,13.90,0.0695,true,1,245130
7290017065762,false,גבינה מאנורי 100 גרם,,,גבינה מאנורי 100 גרם,,100.00,100 גרם,false,,11.90,0.1190,true,1,248093
7290017068350,false,עדשים שחורות בלוגה 5,,,עדשים שחורות בלוגה 5,,500.00,"100 מ""ל",false,,8.90,0.0178,true,1,247728
7290017088112,false,בייביסיטר פרפורמנס נ,,,בייביסיטר פרפורמנס נ,,36.00,100 מ'ל,false,,29.90,0.8306,true,1,222423
7290017088136,false,בייביסיטר פרפורמנס נ,,,בייביסיטר פרפורמנס נ,,32.00,יח',false,,29.90,0.9344,true,1,222425
7290017088143,false,בייביסיטר פרפורמנס נ,,,בייביסיטר פרפורמנס נ,,30.00,יח',false,,29.90,0.9967,true,1,222426
7290017088327,false,מגבוני בייביסיטר אקס,,,מגבוני בייביסיטר אקס,יחידה,0.00,יחידה,false,,15.90,0.0000,true,1,222428
7290017088822,false,תחבושות בריז אקסטרה,,,תחבושות בריז אקסטרה,יחידה,0.00,יחידה,false,,18.90,0.0000,true,1,245992
7290017088839,false,תחבושות בריז אקסטרה,,,תחבושות בריז אקסטרה,יחידה,0.00,יחידה,false,,18.90,0.0000,true,1,245993
7290017094847,false,סלט תפוחי אדמה 400 ג,,,סלט תפוחי אדמה 400 ג,,400.00,"100 מ""ל",false,,13.90,0.0348,true,1,227417
7290017094861,false,חומוס עם רוטב מסבחה,,,חומוס עם רוטב מסבחה,,400.00,100 גרם,false,,13.90,0.0348,true,1,227419
7290017100142,false,"כוסיות ליין 80 ס""ס",,,"כוסיות ליין 80 ס""ס",יחידה,0.00,יחידה,false,,8.90,0.0000,true,1,237927
7290017105369,false,סירופ דיאט אייס אפרס,,,סירופ דיאט אייס אפרס,,1000.00,100 גרם,false,,16.90,0.0169,true,1,222873
7290017105468,false,אפונה גינה יכין Oz2,,,אפונה גינה יכין Oz2,,600.00,100 גרם,false,,14.90,0.0248,true,1,222877
7290017105550,false,רסק עגבניות 100% מאג,,,רסק עגבניות 100% מאג,,400.00,"100 מ""ל",false,,11.90,0.0298,true,1,222878
7290017105895,false,גרגרי חומוס מסעדות י,,,גרגרי חומוס מסעדות י,,560.00,"100 מ""ל",false,,9.90,0.0177,true,1,222881
7290017106069,false,קוביות סלק יכין 550ג,,,קוביות סלק יכין 550ג,,550.00,100 גרם,false,,9.90,0.0180,true,1,222882
7290017129754,false,אגו שוקולד פרימיום 7,,,אגו שוקולד פרימיום 7,,100.00,100 גרם,false,,7.90,0.0790,true,1,235651
7290017129761,false,אגו שוקולד פרימיום 7,,,אגו שוקולד פרימיום 7,,100.00,"100 מ""ל",false,,7.90,0.0790,true,1,235652
7290017129778,false,אגו שוקולד פרימיום 7,,,אגו שוקולד פרימיום 7,,100.00,"100 מ""ל",false,,7.90,0.0790,true,1,235653
7290017129822,false,מטבעות שוקולד מריר 3,,,מטבעות שוקולד מריר 3,,36.00,100 גרם,false,,4.90,0.1361,true,1,235658
7290017129839,false,אגו שוקולד פרימיום 7,,,אגו שוקולד פרימיום 7,,100.00,100 גרם,false,,7.90,0.0790,true,1,235659
7290017142128,false,שמן זית כתית מעולה ק,,,שמן זית כתית מעולה ק,,750.00,100 מ'ל,false,,34.90,0.0465,true,1,232278
7290017142159,false,נתחי טונה בהירה בשמן,,,נתחי טונה בהירה בשמן,,240.00,100 גרם,false,,24.90,0.1037,true,1,232279
7290017142166,false,פילה טונה פרוס עם שמ,,,פילה טונה פרוס עם שמ,,120.00,100 גרם,false,,14.90,0.1242,true,1,232280
7290017142203,false,פילה טונה פרוס עם שמ,,,פילה טונה פרוס עם שמ,,120.00,100 גרם,false,,14.90,0.1242,true,1,232282
7290017142388,false,שמן חמניות פלוס 1 לי,,,שמן חמניות פלוס 1 לי,ליטרים,1.00,ליטר,false,,17.90,17.9000,true,1,232287
7290017142487,false,בורגול עם גרגירי חומ,,,בורגול עם גרגירי חומ,,160.00,100 גרם,false,,13.90,0.0869,true,1,245617
7290017197364,false,אל סבון תות ורוד 1 ל,,,אל סבון תות ורוד 1 ל,ליטרים,1.00,ליטר,false,,9.90,9.9000,true,1,234637
7290017252636,false,עוגת דבש עוגל'ה 270,,,עוגת דבש עוגל'ה 270,,270.00,100 גרם,false,,6.90,0.0256,true,1,249911
7290017275345,false,טחינה גולמית בקבוק ל,,,טחינה גולמית בקבוק ל,,350.00,100 גרם,false,,9.90,0.0283,true,1,249874
7290017275741,false,חלבה עם אגוזי לוז אח,,,חלבה עם אגוזי לוז אח,,400.00,100 גרם,false,,14.90,0.0373,true,1,250058
7290017297149,false,גרגירי חומוס להכנה ח,,,גרגירי חומוס להכנה ח,,550.00,100 גרם,false,,7.90,0.0144,true,1,232989
7290017297620,false,רוטב עגבניות מרוכז 2,,,רוטב עגבניות מרוכז 2,,570.00,"100 מ""ל",false,,7.90,0.0139,true,1,247313
7290017297644,false,ברוקולי גרין אנד פרש,,,ברוקולי גרין אנד פרש,,800.00,100 גרם,false,,14.90,0.0186,true,1,247333
7290017303482,false,מלאווח 700 גרם שחף,,,מלאווח 700 גרם שחף,,700.00,"100 מ""ל",false,,14.90,0.0213,true,1,249380
7290017303499,false,בורקס פטריות שחף 800,,,בורקס פטריות שחף 800,,800.00,"100 מ""ל",false,,14.90,0.0186,true,1,249455
7290017339610,false,חלה בריוש 6 כדורים,,,חלה בריוש 6 כדורים,יחידה,0.00,יחידה,false,,18.90,0.0000,true,1,246699
7290017339627,false,חלה  בריוש כתר,,,חלה  בריוש כתר,יחידה,0.00,יחידה,false,,18.90,0.0000,true,1,246691
7290017389011,false,מנגו מיובש 160גר קופ,,,מנגו מיובש 160גר קופ,,160.00,100 גרם,false,,21.90,0.1369,true,1,232842
7290017396033,false,בייגל רומני,,,בייגל רומני,יחידה,0.00,יחידה,false,,17.90,0.0000,true,1,248090
7290017396071,false,המבורגר פרימיום,,,המבורגר פרימיום,יחידה,0.00,יחידה,false,,17.90,0.0000,true,1,237631
7290017396163,false,לחם שיפון,,,לחם שיפון,יחידה,0.00,יחידה,false,,16.90,0.0000,true,1,237640
7290017396170,false,לחם שאור איטקי לבן,,,לחם שאור איטקי לבן,יחידה,0.00,יחידה,false,,16.90,0.0000,true,1,237641
7290017396187,false,לחם קלמטה,,,לחם קלמטה,יחידה,0.00,יחידה,false,,16.90,0.0000,true,1,237642
7290017396194,false,לחם דגנים דבש,,,לחם דגנים דבש,יחידה,0.00,יחידה,false,,18.90,0.0000,true,1,246694
7290017396217,false,לחם דגנים,,,לחם דגנים,יחידה,0.00,יחידה,false,,16.90,0.0000,true,1,237644
7290017396224,false,לחם כוסמין,,,לחם כוסמין,יחידה,0.00,יחידה,false,,16.90,0.0000,true,1,237645
7290017396248,false,מיני המבורגר,,,מיני המבורגר,יחידה,0.00,יחידה,false,,17.90,0.0000,true,1,246684
7290017396286,false,בייגל ירושלמי,,,בייגל ירושלמי,יחידה,0.00,יחידה,false,,17.90,0.0000,true,1,237650
7290017396415,false,ג'בטה דגנים,,,ג'בטה דגנים,יחידה,0.00,יחידה,false,,17.90,0.0000,true,1,246693
7290017396439,false,ג'בטה לבן,,,ג'בטה לבן,יחידה,0.00,יחידה,false,,17.90,0.0000,true,1,246695
7290017396507,false,בייגל חיטה,,,בייגל חיטה,יחידה,0.00,יחידה,false,,17.90,0.0000,true,1,246680
7290017396606,false,לחמניית שמיניה מתוקה,,,לחמניית שמיניה מתוקה,יחידה,0.00,יחידה,false,,17.90,0.0000,true,1,246689
7290017440323,false,שמפו +מרכך קידס פישר,,,שמפו +מרכך קידס פישר,,750.00,100 מ'ל,false,,16.90,0.0225,true,1,236303
7290017457598,false,סוד מרכך מרוכז קיץ 9,,,סוד מרכך מרוכז קיץ 9,,900.00,100 מ'ל,false,,13.90,0.0154,true,1,235261
7290017457703,false,סוד מרכך מרוכז ארומת,,,סוד מרכך מרוכז ארומת,,900.00,"100 מ""ל",false,,13.90,0.0154,true,1,235266
7290017457727,false,סוד מרכך מרוכז כחול,,,סוד מרכך מרוכז כחול,,900.00,100 גרם,false,,13.90,0.0154,true,1,235268
7290017457734,false,סוד מרכך מרוכז ורוד,,,סוד מרכך מרוכז ורוד,,900.00,100 גרם,false,,13.90,0.0154,true,1,235269
7290017457932,false,סוד מרכך מרוכז פרש ב,,,סוד מרכך מרוכז פרש ב,,900.00,100 גרם,false,,13.90,0.0154,true,1,235274
7290017457949,false,פרסיל קולור אבקת כבי,קריות זול,,פרסיל קולור אבקת כבי,קילוגרמים,2.50,"ק""ג",false,,24.90,9.9600,true,1,235275
7290017470122,false,כפפות זוג XL ר.שמאי,,,כפפות זוג XL ר.שמאי,יחידה,0.00,יחידה,false,,3.90,0.0000,true,1,248302
7290017470191,false,קש 40יח מתקפל צבעוני,,,קש 40יח מתקפל צבעוני,יחידה,0.00,יחידה,false,,2.90,0.0000,true,1,237932
7290017470801,false,כפיות מוכסף 40 יח אר,,,כפיות מוכסף 40 יח אר,יחידה,0.00,יחידה,false,,13.90,0.0000,true,1,237950
7290017470818,false,מזלגות מוכסף 40 יח א,,,מזלגות מוכסף 40 יח א,יחידה,0.00,יחידה,false,,13.90,0.0000,true,1,237951
7290017470825,false,סכינים מוכסף 40 יח,,,סכינים מוכסף 40 יח,יחידה,0.00,יחידה,false,,13.90,0.0000,true,1,237952
7290017477169,false,קשיו קלוי ששון הקולה,,,קשיו קלוי ששון הקולה,,250.00,"100 מ""ל",false,,20.00,0.0800,true,1,232873
7290017477282,false,גרעיני דלעת קלופים ק,,,גרעיני דלעת קלופים ק,,200.00,"100 מ""ל",false,,10.00,0.0500,true,1,232878
7290017477299,false,ג'עלה 200 גרם.,,,ג'עלה 200 גרם.,,200.00,"100 מ""ל",false,,10.00,0.0500,true,1,232879
7290017477305,false,זרעי צ'יה 250 גרם.,,,זרעי צ'יה 250 גרם.,,250.00,"100 מ""ל",false,,10.00,0.0400,true,1,232880
7290017477558,false,שמן זית ספרדי לה איס,,,שמן זית ספרדי לה איס,,750.00,"100 מ""ל",false,,29.90,0.0399,true,1,232894
7290017477596,false,תמר מג'הול 400 גרם א,,,תמר מג'הול 400 גרם א,,400.00,"100 מ""ל",false,,19.90,0.0497,true,1,232896
7290017513775,false,בייגלה מצופה שוקולד,,,בייגלה מצופה שוקולד,,140.00,"100 מ""ל",false,,9.90,0.0707,true,1,226159
7290017513782,false,בייגלה מצופה שוקולד,,,בייגלה מצופה שוקולד,,140.00,100 גרם,false,,9.90,0.0707,true,1,226160
7290017513829,false,תה ירוק לימונית גינג,,,תה ירוק לימונית גינג,,37.50,100 גרם,false,,25.90,0.6907,true,1,226161
7290017513850,false,תה ירוק נענע בתוספת,,,תה ירוק נענע בתוספת,,37.50,100 גרם,false,,25.90,0.6907,true,1,226162
7290017516448,false,פנגיאה חטיפי בריאות,,,פנגיאה חטיפי בריאות,,300.00,"100 מ""ל",false,,29.90,0.0997,true,1,245293
7290017589633,false,יין רזרב ברקן גולד א,קריות זול,,יין רזרב ברקן גולד א,,750.00,"100 מ""ל",false,,49.90,0.0665,true,1,222607
7290017599229,false,סוכרזית סוכרלוז 200,,,סוכרזית סוכרלוז 200,,200.00,יח',false,,24.90,0.1245,true,1,246972
7290017599267,false,סוכרזית סוכרלוז 120,,,סוכרזית סוכרלוז 120,יחידה,0.00,יחידה,false,,29.90,0.0000,true,1,249829
7290017617138,false,טונה סטארקיסט בשמן ק,קריות זול,,טונה סטארקיסט בשמן ק,,640.00,"100 מ""ל",false,,24.90,0.0389,true,1,223783
7290017637006,false,נובו שמפו לשיער רגיל,,,נובו שמפו לשיער רגיל,,700.00,"100 מ""ל",false,,10.00,0.0143,true,1,246792
7290017637150,false,ג'ל אלכוהול נובו 500,,,ג'ל אלכוהול נובו 500,,500.00,100 ליטר,false,,10.90,0.0218,true,1,233696
7290017682341,false,ספוג סקוטש גדול 5יח',,,ספוג סקוטש גדול 5יח',יחידה,0.00,יחידה,false,,6.90,0.0000,true,1,227272
7290017682556,false,שיפודים עבה 30סמ,,,שיפודים עבה 30סמ,יחידה,0.00,יחידה,false,,3.90,0.0000,true,1,227273
7290017682563,false,שיפוד עובי 5 אורך 30,,,שיפוד עובי 5 אורך 30,יחידה,0.00,יחידה,false,,7.90,0.0000,true,1,227274
7290017696409,false,פטריות פורטובלה,,,פטריות פורטובלה,יחידה,0.00,יחידה,false,,12.90,0.0000,true,1,222545
7290017812052,false,יין אקסלנס שיראז-קבר,קריות זול,,יין אקסלנס שיראז-קבר,,750.00,"100 מ""ל",false,,24.90,0.0332,true,1,222269
7290017812069,false,יין אקסלנס ריזלינג-ש,,,יין אקסלנס ריזלינג-ש,,750.00,100 גרם,false,,24.90,0.0332,true,1,222270
7290017812571,false,מיץ ענבים אדום 100%,,,מיץ ענבים אדום 100%,,1000.00,"100 מ""ל",false,,19.90,0.0199,true,1,222271
7290017812618,false,תירוש מיץ ענבים רוזה,קריות זול,,תירוש מיץ ענבים רוזה,,1000.00,100 גרם,false,,19.90,0.0199,true,1,222273
7290017812830,false,יין רוזה פריווט קולק,קריות זול,,יין רוזה פריווט קולק,,750.00,100 גרם,false,,39.90,0.0532,true,1,244844
7290017812847,false,יין סלקטד פרנץ' גוור,קריות זול,,יין סלקטד פרנץ' גוור,,750.00,100 גרם,false,,28.90,0.0385,true,1,244845
7290017870724,false,"צלחת 10"" מרובעת  מתכ",,,"צלחת 10"" מרובעת  מתכ",יחידה,0.00,יחידה,false,,14.90,0.0000,true,1,247247
7290017870731,false,"צלחת 7""  מתכלה מעץ ד",,,"צלחת 7""  מתכלה מעץ ד",יחידה,0.00,יחידה,false,,13.90,0.0000,true,1,247248
7290017870755,false,"צלחת 10""  מתכלה מעץ",,,"צלחת 10""  מתכלה מעץ",יחידה,0.00,יחידה,false,,14.90,0.0000,true,1,247250
7290017871370,false,פמלי יהלום סבון ידיי,קריות זול,,פמלי יהלום סבון ידיי,,500.00,100 גרם,false,,9.90,0.0198,true,1,234551
7290017871462,false,טוסו חטיף פצפוצי אור,,,טוסו חטיף פצפוצי אור,,135.00,"100 מ""ל",false,,14.90,0.1104,true,1,234557
7290017872049,false,פמלי אל סבון שלישייה,,,פמלי אל סבון שלישייה,,1500.00,"100 מ""ל",false,,14.90,0.0099,true,1,234571
7290017872056,false,פמלי אל סבון אפרסק 3,,,פמלי אל סבון אפרסק 3,יחידה,0.00,יחידה,false,,14.90,0.0000,true,1,234572
7290017872650,false,פמלי יהלום סבון ידיי,,,פמלי יהלום סבון ידיי,,500.00,"100 מ""ל",false,,9.90,0.0198,true,1,234586
7290017888019,false,פרוט & וג' תפוח רימו,,,פרוט & וג' תפוח רימו,,350.00,100 ליטר,false,,8.90,0.0254,true,1,224263
7290017888026,false,פרוט & וג' אננס תפוח,,,פרוט & וג' אננס תפוח,,350.00,"100 מ""ל",false,,8.90,0.0254,true,1,224264
7290017888071,false,פחית שוופס מוגז עדין,,,פחית שוופס מוגז עדין,,330.00,100 ליטר,false,,3.00,0.0091,true,1,224266
7290017888088,false,שוופס מוגז עדין אפרס,,,שוופס מוגז עדין אפרס,,330.00,"100 מ""ל",false,,5.90,0.0179,true,1,224267
7290017888354,false,מי עדן 750מל,קריות זול,,מי עדן 750מל,,750.00,100 גרם,false,,3.50,0.0047,true,1,240908
7290017888644,false,פרוט & וג' אננס בננה,,,פרוט & וג' אננס בננה,,350.00,100 מ'ל,false,,8.90,0.0254,true,1,224284
7290017888729,false,שוופס סודה בקבוק 1 ל,,,שוופס סודה בקבוק 1 ל,,1000.00,100 גרם,false,,3.90,0.0039,true,1,224285
7290017907222,false,קמח תמי תופח ללא גלו,,,קמח תמי תופח ללא גלו,,500.00,100 גרם,false,,18.90,0.0378,true,1,245254
7290017917382,false,קמיל אל סבון 1 ליטר,,,קמיל אל סבון 1 ליטר,,1000.00,"100 מ""ל",false,,15.90,0.0159,true,1,236311
7290017917399,false,קמיל בלו סנסטיב מגבו,,,קמיל בלו סנסטיב מגבו,יחידה,0.00,יחידה,false,,14.90,0.0000,true,1,236312
7290017928463,false,סמאש- שבורים  בטעם ד,,,סמאש- שבורים  בטעם ד,,300.00,100 גרם,false,,12.90,0.0430,true,1,246240
7290017928661,false,סמאש- שבורים בטעם צ',,,סמאש- שבורים בטעם צ',,300.00,"100 מ""ל",false,,12.90,0.0430,true,1,246242
7290017938264,false,חומוס עם חריף 200 גר,,,חומוס עם חריף 200 גר,,200.00,"100 מ""ל",false,,8.90,0.0445,true,1,249609
7290017969084,false,מרקיות 25 יחידות,,,מרקיות 25 יחידות,יחידה,0.00,יחידה,false,,8.90,0.0000,true,1,237954
7290017969107,false,קעריות אובלי 25 יח',,,קעריות אובלי 25 יח',יחידה,0.00,יחידה,false,,7.90,0.0000,true,1,237956
7290017969121,false,כוס מרוקאית 40יח,,,כוס מרוקאית 40יח,,40.00,מטר,false,,10.90,0.2725,true,1,247878
7290017969503,false,קיסמי שיניים דנטלי 3,,,קיסמי שיניים דנטלי 3,יחידה,0.00,יחידה,false,,10.90,0.0000,true,1,248297
7290017969916,false,צמר גפן רפואי 100 גר,,,צמר גפן רפואי 100 גר,,100.00,"100 מ""ל",false,,4.90,0.0490,true,1,245820
7290017969978,false,כוס מרוקאית 40 יח,,,כוס מרוקאית 40 יח,יחידה,0.00,יחידה,false,,10.90,0.0000,true,1,245843
7290017973043,false,ריבת דובדבנים מעובדי,,,ריבת דובדבנים מעובדי,,900.00,100 גרם,false,,22.90,0.0254,true,1,234327
7290017978215,false,קרמבו ריאו מוקה 16 י,,,קרמבו ריאו מוקה 16 י,יחידה,0.00,יחידה,false,,22.90,0.0000,true,1,232299
7290018023044,false,זיתים עם לימון כבוש,,,זיתים עם לימון כבוש,,215.00,100 גרם,false,,10.00,0.0465,true,1,239735
7290018043639,false,פראוד חטיף חלבון שוק,,,פראוד חטיף חלבון שוק,,29.00,"100 מ""ל",false,,10.90,0.3759,true,1,249869
7290018045084,false,דגני בוקר בון בון במ,,,דגני בוקר בון בון במ,,480.00,"100 מ""ל",false,,22.90,0.0477,true,1,247990
7290018045497,false,דגני בוקר בון בון במ,,,דגני בוקר בון בון במ,,480.00,100 גרם,false,,22.90,0.0477,true,1,247988
7290018045695,false,דגני בוקר בון בון במ,,,דגני בוקר בון בון במ,,480.00,100 גרם,false,,22.90,0.0477,true,1,247989
7290018045893,false,דגני בוקר בון בון במ,,,דגני בוקר בון בון במ,,480.00,"100 מ""ל",false,,22.90,0.0477,true,1,247987
7290018050408,false,אגוזי פיסטוק קלויים,,,אגוזי פיסטוק קלויים,,160.00,"100 מ""ל",false,,15.00,0.0938,true,1,235381
7290018050453,false,קשיו טבעי קופסא 220,,,קשיו טבעי קופסא 220,,220.00,100 גרם,false,,15.00,0.0682,true,1,235386
7290018050460,false,קשיו קלוי קופסא 200,,,קשיו קלוי קופסא 200,,200.00,100 גרם,false,,15.00,0.0750,true,1,235387
7290018050484,false,אגוז מלך קלופים טבעי,,,אגוז מלך קלופים טבעי,,150.00,100 גרם,false,,10.00,0.0667,true,1,235389
7290018050491,false,אלמונדוס קופסא 220 ג,,,אלמונדוס קופסא 220 ג,,220.00,100 גרם,false,,10.00,0.0455,true,1,235390
7290018050521,false,אגוזי לוז טבעי קופסא,,,אגוזי לוז טבעי קופסא,,180.00,"100 מ""ל",false,,10.00,0.0556,true,1,235393
7290018050545,false,גרעיני אבטיח קלויים,,,גרעיני אבטיח קלויים,,140.00,"100 מ""ל",false,,10.00,0.0714,true,1,235395
7290018050552,false,גרעיני דלעת קלופים ט,,,גרעיני דלעת קלופים ט,,240.00,"100 מ""ל",false,,10.00,0.0417,true,1,235396
7290018050569,false,גרעיני חמנייה קלופים,,,גרעיני חמנייה קלופים,,400.00,"100 מ""ל",false,,10.00,0.0250,true,1,235397
7290018050620,false,צימוקים בהירים קןפסא,,,צימוקים בהירים קןפסא,,220.00,100 גרם,false,,10.00,0.0455,true,1,235403
7290018050637,false,בוטנים אמריקאים מצופ,,,בוטנים אמריקאים מצופ,,300.00,"100 מ""ל",false,,10.00,0.0333,true,1,235404
7290018050644,false,קבוקים-בוטנים מצופים,,,קבוקים-בוטנים מצופים,,300.00,"100 מ""ל",false,,10.00,0.0333,true,1,235405
7290018050675,false,שקד קלוי קופסא 210 ג,,,שקד קלוי קופסא 210 ג,,210.00,"100 מ""ל",false,,15.00,0.0714,true,1,235408
7290018050699,false,שקדים טבעיים קלופים,,,שקדים טבעיים קלופים,,230.00,100 גרם,false,,15.00,0.0652,true,1,235410
7290018050705,false,שבבי שקדים מולבנים ק,,,שבבי שקדים מולבנים ק,,130.00,"100 מ""ל",false,,10.00,0.0769,true,1,235411
7290018050712,false,שקדים מולבנים פרוסים,,,שקדים מולבנים פרוסים,,130.00,"100 מ""ל",false,,10.00,0.0769,true,1,235412
7290018050750,false,מיקס אגוזים חמצוציות,,,מיקס אגוזים חמצוציות,,130.00,"100 מ""ל",false,,10.00,0.0769,true,1,235416
7290018050767,false,מיקס מאקס-חטיפי אורז,,,מיקס מאקס-חטיפי אורז,,300.00,100 גרם,false,,10.00,0.0333,true,1,235417
7290018050774,false,מיאסי (בוטנים מצופים,,,מיאסי (בוטנים מצופים,,270.00,"100 מ""ל",false,,10.00,0.0370,true,1,235418
7290018050781,false,אפונה מטוגנת קופסא 3,,,אפונה מטוגנת קופסא 3,,320.00,"100 מ""ל",false,,10.00,0.0313,true,1,235419
7290018050811,false,חטיף תירס ברביקיו קו,,,חטיף תירס ברביקיו קו,,220.00,"100 מ""ל",false,,10.00,0.0455,true,1,235420
7290018050828,false,חטיף חטיפול קופסא 22,,,חטיף חטיפול קופסא 22,,220.00,"100 מ""ל",false,,10.00,0.0455,true,1,235421
7290018050835,false,בוטנים קלויים ומומלח,,,בוטנים קלויים ומומלח,,250.00,100 גרם,false,,10.00,0.0400,true,1,235422
7290018050842,false,שקדים בקרמל קופסא 20,,,שקדים בקרמל קופסא 20,,200.00,"100 מ""ל",false,,15.00,0.0750,true,1,235423
7290018050859,false,אגוזי קשיו בקרמל קופ,,,אגוזי קשיו בקרמל קופ,,200.00,"100 מ""ל",false,,15.00,0.0750,true,1,235424
7290018050866,false,בוטנים בכרמל קופסא 2,,,בוטנים בכרמל קופסא 2,,200.00,"100 מ""ל",false,,10.00,0.0500,true,1,235425
7290018079133,false,תערובת תיבול לפיצה ב,,,תערובת תיבול לפיצה ב,,80.00,"100 מ""ל",false,,8.90,0.1113,true,1,233946
7290018091029,false,מקלות פילו תפוחי אדמ,,,מקלות פילו תפוחי אדמ,,450.00,100 גרם,false,,16.90,0.0376,true,1,225623
7290018091036,false,פיצה אנטיפסטי מעדנות,,,פיצה אנטיפסטי מעדנות,,250.00,100 גרם,false,,14.90,0.0596,true,1,225624
7290018091074,false,בצק עוגיות שוקולד צ',,,בצק עוגיות שוקולד צ',,300.00,100 גרם,false,,17.90,0.0597,true,1,248941
7290018091234,false,פיצה מקסיקנית מעדנות,,,פיצה מקסיקנית מעדנות,,260.00,"100 מ""ל",false,,14.90,0.0573,true,1,225626
7290018091272,false,בצק עוגיות קקאו טריפ,,,בצק עוגיות קקאו טריפ,,300.00,"100 מ""ל",false,,17.90,0.0597,true,1,248942
7290018091661,false,פיצה שוק משפחתי מעדנ,קריות זול,,פיצה שוק משפחתי מעדנ,,380.00,100 גרם,false,,19.90,0.0524,true,1,247720
7290018091821,false,פיצה נפוליטנה מעדנות,,,פיצה נפוליטנה מעדנות,,200.00,100 גרם,false,,14.90,0.0745,true,1,225632
7290018091838,false,חטיפי פילאס גבינה מע,,,חטיפי פילאס גבינה מע,,600.00,"100 מ""ל",false,,20.90,0.0348,true,1,244785
7290018098332,false,תערובת בננה/פסיפלורה,,,תערובת בננה/פסיפלורה,,300.00,"100 מ""ל",false,,17.90,0.0597,true,1,249886
7290018098578,false,המבורגר 230 גרם ביף,,,המבורגר 230 גרם ביף,,230.00,100 גרם,false,,21.90,0.0952,true,1,249879
7290018131534,false,*מבצע* מאגדת בייטס מ,,,*מבצע* מאגדת בייטס מ,,250.00,"100 מ""ל",false,,10.00,0.0400,true,1,245919
7290018131831,false,מאגדת מילקה וניל שלג,,,מאגדת מילקה וניל שלג,,284.00,"100 מ""ל",false,,34.90,0.1229,true,1,245915
7290018131855,false,מאגדת אקסטרים בראוני,,,מאגדת אקסטרים בראוני,,432.00,"100 מ""ל",false,,34.90,0.0808,true,1,245906
7290018131954,false,לה פרוטה מאגדת תות ש,,,לה פרוטה מאגדת תות ש,,350.00,100 גרם,false,,29.90,0.0854,true,1,245927
7290018165010,false,יין רזרב ברקן גולד ג,קריות זול,,יין רזרב ברקן גולד ג,,750.00,"100 מ""ל",false,,49.90,0.0665,true,1,222608
7290018165027,false,יין רזרב ברקן גולד ר,קריות זול,,יין רזרב ברקן גולד ר,,750.00,"100 מ""ל",false,,49.90,0.0665,true,1,222609
7290018165447,false,יין רזרב גולד מרלו 7,,,יין רזרב גולד מרלו 7,,750.00,"100 מ""ל",false,,49.90,0.0665,true,1,244817
7290018192658,false,פטריות צמד חמד איטלק,קריות זול,,פטריות צמד חמד איטלק,יחידה,0.00,יחידה,false,,15.90,0.0000,true,1,222546
7290018194553,false,סאפי משקה ערק אשכולי,,,סאפי משקה ערק אשכולי,,700.00,"100 מ""ל",false,,39.90,0.0570,true,1,245544
7290018198056,false,תפוגן קוביות תפוחי א,,,תפוגן קוביות תפוחי א,,1500.00,100 גרם,false,,26.90,0.0179,true,1,223052
7290018198148,false,תפוגן קריספי צ'יפס ק,,,תפוגן קריספי צ'יפס ק,,1250.00,"100 מ""ל",false,,25.90,0.0207,true,1,245343
7290018198254,false,תפוגן קריספי צ'יפס פ,,,תפוגן קריספי צ'יפס פ,,1250.00,"100 מ""ל",false,,25.90,0.0207,true,1,245344
7290018204108,false,כוסות קרטון ענק OZ16,,,כוסות קרטון ענק OZ16,יחידה,0.00,יחידה,false,,15.90,0.0000,true,1,244662
7290018204580,false,גביעי נייר צבעוני מס,,,גביעי נייר צבעוני מס,,100.00,יח',false,,5.90,0.0590,true,1,247874
7290018204603,false,גביעי נייר צבעוני מס,,,גביעי נייר צבעוני מס,,100.00,יח',false,,5.90,0.0590,true,1,247876
7290018213261,false,מטליות מיקרופייבר אי,,,מטליות מיקרופייבר אי,יחידה,0.00,יחידה,false,,10.90,0.0000,true,1,248707
7290018213995,false,*מבצע* 3 מטליות מיקר,,,*מבצע* 3 מטליות מיקר,יחידה,0.00,יחידה,false,,10.90,0.0000,true,1,249381
7290018237281,false,נקניק סלמי ירדן עוף,,,נקניק סלמי ירדן עוף,,550.00,"100 מ""ל",false,,23.90,0.0435,true,1,248568
7290018237397,false,פסטרמה מקורמלת מנתח,,,פסטרמה מקורמלת מנתח,,300.00,"100 מ""ל",false,,26.90,0.0897,true,1,248560
7290018237410,false,פסטרמה במעשנה מנתח ש,,,פסטרמה במעשנה מנתח ש,,300.00,"100 מ""ל",false,,26.90,0.0897,true,1,248559
7290018237489,false,פסטרמה ברביקיו דק-דק,,,פסטרמה ברביקיו דק-דק,,220.00,"100 מ""ל",false,,19.90,0.0905,true,1,248566
7290018237496,false,פסטרמה בדבש דק-דק 22,,,פסטרמה בדבש דק-דק 22,,220.00,"100 מ""ל",false,,19.90,0.0905,true,1,248567
7290018237502,false,כתף בקר דק-דק 200 גר,,,כתף בקר דק-דק 200 גר,,200.00,"100 מ""ל",false,,19.90,0.0995,true,1,248565
7290018237922,false,שניצלונים בציפוי ציפ,,,שניצלונים בציפוי ציפ,,700.00,100 גרם,false,,18.90,0.0270,true,1,248656
7290018237939,false,שניצלונים בציפוי שומ,,,שניצלונים בציפוי שומ,,700.00,100 גרם,false,,18.90,0.0270,true,1,248657
7290018237960,false,עוף טוב כתף בקר עסיס,קריות זול,,עוף טוב כתף בקר עסיס,,265.00,"100 מ""ל",false,,24.90,0.0940,true,1,249709
7290018307205,false,תבנית רוסטר לחלה עמו,,,תבנית רוסטר לחלה עמו,יחידה,0.00,יחידה,false,,10.90,0.0000,true,1,240854
7290018307250,false,תבנית רוסטר אובלית 5,,,תבנית רוסטר אובלית 5,יחידה,0.00,יחידה,false,,10.90,0.0000,true,1,240857
7290018359518,false,תירס מהשדה בלי תוספת,,,תירס מהשדה בלי תוספת,,600.00,"100 מ""ל",false,,14.90,0.0248,true,1,222891
7290018359570,false,שעועית צ'ילי הקטניה,,,שעועית צ'ילי הקטניה,,200.00,"100 מ""ל",false,,12.90,0.0645,true,1,244709
7290018359587,false,חומוס הקטניה הטובה י,,,חומוס הקטניה הטובה י,,200.00,100 גרם,false,,12.90,0.0645,true,1,244710
7290018359686,false,חומוס ענק יכין 550 ג,קריות זול,,חומוס ענק יכין 550 ג,,550.00,"100 מ""ל",false,,8.90,0.0162,true,1,248282
7290018359716,false,רוטב פיצה טוסקנה יכי,,,רוטב פיצה טוסקנה יכי,,240.00,"100 מ""ל",false,,5.90,0.0246,true,1,245023
7290018376416,false,פילה ברבוניה קפוא 40,,,פילה ברבוניה קפוא 40,,400.00,"100 מ""ל",false,,24.90,0.0622,true,1,250184
7290018380260,false,מזון לכלב עם כבד 415,,,מזון לכלב עם כבד 415,,415.00,100 גרם,false,,4.90,0.0118,true,1,246033
7290018380574,false,"סקוויז תפו""ע ואגס תו",,,"סקוויז תפו""ע ואגס תו",,100.00,100 גרם,false,,5.90,0.0590,true,1,250211
7290018380932,false,פרוזן אפונה אקסטרא ע,,,פרוזן אפונה אקסטרא ע,,600.00,100 גרם,false,,11.90,0.0198,true,1,250222
7290018380956,false,פרוזן גזר גמדי 800 ג,,,פרוזן גזר גמדי 800 ג,,800.00,"100 מ""ל",false,,11.90,0.0149,true,1,250227
7290018440193,false,בייגלה בציפוי קרם חמ,,,בייגלה בציפוי קרם חמ,,140.00,100 גרם,false,,9.90,0.0707,true,1,244495
7290018440247,false,תה צאי שקדים 25שק,קריות זול,,תה צאי שקדים 25שק,יחידה,0.00,יחידה,false,,19.90,0.0000,true,1,247944
7290018440407,false,תה ירוק מאטה קקאו לו,,,תה ירוק מאטה קקאו לו,יחידה,0.00,יחידה,false,,25.90,0.0000,true,1,246995
7290018440476,false,בייגלה מצופה בקרם עו,,,בייגלה מצופה בקרם עו,,140.00,"100 מ""ל",false,,9.90,0.0707,true,1,246360
7290018440483,false,בייגלה מצופה בקרמל מ,,,בייגלה מצופה בקרמל מ,,140.00,"100 מ""ל",false,,9.90,0.0707,true,1,246359
7290018471029,false,שוופס סודה לימון מאר,,,שוופס סודה לימון מאר,,3000.00,"100 מ""ל",false,,15.90,0.0053,true,1,224293
7290018471180,false,פרוט & ווג' אננס תפו,,,פרוט & ווג' אננס תפו,,1000.00,100 גרם,false,,13.90,0.0139,true,1,245152
7290018471197,false,פרוט & ווג' תפוח בננ,,,פרוט & ווג' תפוח בננ,,1000.00,100 גרם,false,,13.90,0.0139,true,1,245153
7290018471210,false,ספרינג אגס סברס תפוח,קריות זול,,ספרינג אגס סברס תפוח,,1000.00,"100 מ""ל",false,,7.90,0.0079,true,1,245151
7290018471395,false,פרוט & ווג' תפוח רימ,,,פרוט & ווג' תפוח רימ,,1000.00,100 גרם,false,,13.90,0.0139,true,1,245154
7290018471456,false,ספרינג שייק אננס מנג,,,ספרינג שייק אננס מנג,,1000.00,"100 מ""ל",false,,13.60,0.0136,true,1,246280
7290018471470,false,תפוזינה נקטר תפוז פס,קריות זול,,תפוזינה נקטר תפוז פס,,1000.00,100 גרם,false,,7.90,0.0079,true,1,245691
7290018471487,false,תפוזינה נקטר תפוז אנ,קריות זול,,תפוזינה נקטר תפוז אנ,,1000.00,100 גרם,false,,7.90,0.0079,true,1,245688
7290018471494,false,תפוזינה משקה תפוז גז,קריות זול,,תפוזינה משקה תפוז גז,,1000.00,100 גרם,false,,7.90,0.0079,true,1,245692
7290018471692,false,ספרינג שייק בננה אננ,,,ספרינג שייק בננה אננ,,1000.00,100 גרם,false,,13.60,0.0136,true,1,246281
7290018471906,false,שוופס מוגז לימונדה ו,,,שוופס מוגז לימונדה ו,,1500.00,"100 מ""ל",false,,9.90,0.0066,true,1,247501
7290018471913,false,שוופס מוגז תפוחים 1.,,,שוופס מוגז תפוחים 1.,,1500.00,"100 מ""ל",false,,9.90,0.0066,true,1,247500
7290018471920,false,שוופס מוגז ענבים 1.5,,,שוופס מוגז ענבים 1.5,,1500.00,100 גרם,false,,9.90,0.0066,true,1,247502
7290018471937,false,שוופס מוגז פירות תות,,,שוופס מוגז פירות תות,,1500.00,100 גרם,false,,9.90,0.0066,true,1,247505
7290018471944,false,שוופס מוגז למונייד 1,,,שוופס מוגז למונייד 1,,1500.00,100 גרם,false,,9.90,0.0066,true,1,247503
7290018471951,false,שוופס מוגז אשכולית א,,,שוופס מוגז אשכולית א,,1500.00,100 גרם,false,,9.90,0.0066,true,1,247504
7290018507438,false,שניצים נתחי חזה עוף,,,שניצים נתחי חזה עוף,,600.00,"100 מ""ל",false,,44.90,0.0748,true,1,248431
7290018542392,false,מגש מתכלה אובלי בינו,,,מגש מתכלה אובלי בינו,יחידה,0.00,יחידה,false,,9.90,0.0000,true,1,247251
7290018564592,false,שום כתוש בצנצנת שף ה,,,שום כתוש בצנצנת שף ה,,200.00,"100 מ""ל",false,,14.90,0.0745,true,1,248697
7290018564622,false,שום כתוש טבליות שף ה,,,שום כתוש טבליות שף ה,,80.00,"100 מ""ל",false,,10.90,0.1363,true,1,247124
7290018564684,false,ממרח פסטו בזיליקום ו,,,ממרח פסטו בזיליקום ו,,200.00,"100 מ""ל",false,,13.90,0.0695,true,1,247951
7290018564691,false,ממרח חצילים שף הטבע,,,ממרח חצילים שף הטבע,,200.00,100 גרם,false,,13.90,0.0695,true,1,247950
7290018564714,false,ממרח לימון כבוש שף ה,,,ממרח לימון כבוש שף ה,,200.00,100 גרם,false,,13.90,0.0695,true,1,247948
7290018608449,false,תבניות אינגליש קייק,,,תבניות אינגליש קייק,יחידה,0.00,יחידה,false,,10.90,0.0000,true,1,245822
7290018652213,false,מאגדת קראנץ בר וניל,,,מאגדת קראנץ בר וניל,,246.00,"100 מ""ל",false,,25.90,0.1053,true,1,248194
7290018652657,false,נסטלה מאגדת מניוגו ל,,,נסטלה מאגדת מניוגו ל,,312.00,"100 מ""ל",false,,29.90,0.0958,true,1,248196
7290018652909,false,מאגדת גלידה קפה שוקו,,,מאגדת גלידה קפה שוקו,,215.00,"100 מ""ל",false,,29.90,0.1391,true,1,248195
7290018652923,false,נסטלה מאגדת תות שוקו,,,נסטלה מאגדת תות שוקו,,215.00,"100 מ""ל",false,,29.90,0.1391,true,1,248197
7290018703052,false,פראוד חטיף חלבון עוג,,,פראוד חטיף חלבון עוג,,29.00,"100 מ""ל",false,,10.90,0.3759,true,1,249867
7290018703182,false,פראוד חטיף חלבון שוק,,,פראוד חטיף חלבון שוק,,29.00,100 גרם,false,,10.90,0.3759,true,1,249868
7290018710111,false,אבקת סוכר 500 גרם פר,,,אבקת סוכר 500 גרם פר,,500.00,"100 מ""ל",false,,6.90,0.0138,true,1,246946
7290018770245,false,זית ירוק מגולען בטעם,,,זית ירוק מגולען בטעם,,190.00,100 גרם,false,,13.90,0.0732,true,1,249504
7290018770252,false,זית ירוק מגולען בטעם,,,זית ירוק מגולען בטעם,,190.00,100 גרם,false,,13.90,0.0732,true,1,249505
7290018770269,false,זית קלמטה עם שמן זית,,,זית קלמטה עם שמן זית,,190.00,"100 מ""ל",false,,13.90,0.0732,true,1,249506
7290018770276,false,זית עריביקה עם שמן ז,,,זית עריביקה עם שמן ז,,215.00,"100 מ""ל",false,,13.90,0.0647,true,1,249507
7290018770283,false,זית סורי בטעם לימון,,,זית סורי בטעם לימון,,215.00,100 גרם,false,,13.90,0.0647,true,1,249508
7290018792841,false,אבקת קקאו טבעי 150 ג,,,אבקת קקאו טבעי 150 ג,,150.00,100 גרם,false,,9.90,0.0660,true,1,250258
7290018893005,false,בייגלה שטוח חרדל ודב,,,בייגלה שטוח חרדל ודב,,160.00,"100 מ""ל",false,,7.90,0.0494,true,1,247781
7290018893098,false,ביסקוויט מצופה שוקול,,,ביסקוויט מצופה שוקול,,100.00,"100 מ""ל",false,,7.90,0.0790,true,1,247797
7290018893104,false,ביסקוויט מצופה שוקול,,,ביסקוויט מצופה שוקול,,100.00,"100 מ""ל",false,,7.90,0.0790,true,1,247798
7290018893111,false,שוקולד מריר  בלגי 70,,,שוקולד מריר  בלגי 70,,100.00,"100 מ""ל",false,,9.90,0.0990,true,1,247794
7290018893128,false,שוקולד חלב בלגי 34%,,,שוקולד חלב בלגי 34%,,100.00,"100 מ""ל",false,,9.90,0.0990,true,1,247795
7290018893142,false,צ'וקטה גריסיני שמן ז,,,צ'וקטה גריסיני שמן ז,,120.00,100 גרם,false,,7.90,0.0658,true,1,249958
7290018893258,false,עוגות אישיות קרמל צו,,,עוגות אישיות קרמל צו,,300.00,"100 מ""ל",false,,10.90,0.0363,true,1,247789
7290018893265,false,עוגות אישיות 5 שכבות,,,עוגות אישיות 5 שכבות,,240.00,"100 מ""ל",false,,10.90,0.0454,true,1,247784
7290018893319,false,שוקולד מריר  בלגי 85,,,שוקולד מריר  בלגי 85,,100.00,100 גרם,false,,9.90,0.0990,true,1,247796
7290018893449,false,סטרופוופל במילוי קרמ,,,סטרופוופל במילוי קרמ,,175.00,100 גרם,false,,10.90,0.0623,true,1,247778
7290018893494,false,עלי וופל חמאה דקים צ,,,עלי וופל חמאה דקים צ,,100.00,100 גרם,false,,10.90,0.1090,true,1,247777
7290018893517,false,צ'וקטה בייגלה שטוח מ,,,צ'וקטה בייגלה שטוח מ,,100.00,100 גרם,false,,7.90,0.0790,true,1,247782
7290018893661,false,עוגות אישיות מצופה מ,,,עוגות אישיות מצופה מ,,240.00,"100 מ""ל",false,,10.90,0.0454,true,1,247786
7290018893715,false,בייגלה שטוח מצופה שו,,,בייגלה שטוח מצופה שו,יחידה,0.00,יחידה,false,,7.90,0.0000,true,1,247783
7290018893876,false,עוגות אישיות וניל ונ,,,עוגות אישיות וניל ונ,,200.00,"100 מ""ל",false,,10.90,0.0545,true,1,247787
7290018893913,false,צ'וקטה חטיף מקלות גר,,,צ'וקטה חטיף מקלות גר,,52.00,"100 מ""ל",false,,4.90,0.0942,true,1,249947
7290018894019,false,בלקוני עוגות אישיות,,,בלקוני עוגות אישיות,,350.00,"100 מ""ל",false,,14.90,0.0426,true,1,249954
7290018894217,false,בלקוני עוגות מיקס מק,,,בלקוני עוגות מיקס מק,,350.00,"100 מ""ל",false,,14.90,0.0426,true,1,249955
7290018894248,false,צוקטה שוקול חלב שליש,,,צוקטה שוקול חלב שליש,,100.00,"100 מ""ל",false,,12.90,0.1290,true,1,249960
7290018894606,false,בלקוני וופל קקאו 175,,,בלקוני וופל קקאו 175,,175.00,100 גרם,false,,8.90,0.0509,true,1,249951
7290018894804,false,בלקוני וופל אגוזי  ל,,,בלקוני וופל אגוזי  ל,,175.00,100 גרם,false,,8.90,0.0509,true,1,249952
7290018925065,false,פרימור מיץ תפוזים סח,,,פרימור מיץ תפוזים סח,,2000.00,100 גרם,false,,29.50,0.0148,true,1,247631
7290018925096,false,משקה קל תפוזים ‏5‏.‏,,,משקה קל תפוזים ‏5‏.‏,,1500.00,100 גרם,false,,8.90,0.0059,true,1,247461
7290018925102,false,משקה קל ענבים ‏5‏.‏1,,,משקה קל ענבים ‏5‏.‏1,,1500.00,"100 מ""ל",false,,8.90,0.0059,true,1,247464
7290018925119,false,משקה קל דיאט אשכוליו,,,משקה קל דיאט אשכוליו,,1500.00,"100 מ""ל",false,,8.90,0.0059,true,1,247465
7290018925126,false,משקה קל תפוחי עץ ‏5‏,,,משקה קל תפוחי עץ ‏5‏,,1500.00,100 גרם,false,,8.90,0.0059,true,1,247462
7290018925133,false,משקה קל מנגו ‏5‏.‏1‏,,,משקה קל מנגו ‏5‏.‏1‏,,1500.00,100 מ'ל,false,,8.90,0.0059,true,1,247466
7290018925157,false,משקה קל לימונים 1.5,,,משקה קל לימונים 1.5,,1500.00,100 גרם,false,,8.90,0.0059,true,1,247468
7290018925164,false,משקה קל תות-בננה ‏5‏,,,משקה קל תות-בננה ‏5‏,,1500.00,100 גרם,false,,8.90,0.0059,true,1,247463
7290018929001,false,5 מטליות מיקרופייבר,,,5 מטליות מיקרופייבר,יחידה,0.00,יחידה,false,,8.90,0.0000,true,1,249382
7290018972274,false,פרוזן שעועית ירוקה ח,,,פרוזן שעועית ירוקה ח,,800.00,"100 מ""ל",false,,11.90,0.0149,true,1,250226
7290018972335,false,פרוזן שעועית ירוקה א,,,פרוזן שעועית ירוקה א,,600.00,"100 מ""ל",false,,11.90,0.0198,true,1,250225
7290018972366,false,"פרוזן אדממה 1 ק""ג",,,"פרוזן אדממה 1 ק""ג",,1000.00,"100 מ""ל",false,,15.90,0.0159,true,1,248587
7290018972632,false,פרוזן ארטישוק תחתיות,,,פרוזן ארטישוק תחתיות,,400.00,"100 מ""ל",false,,11.90,0.0298,true,1,250220
7290018972649,false,פרוזן פול ירוק 600 ג,,,פרוזן פול ירוק 600 ג,,600.00,"100 מ""ל",false,,11.90,0.0198,true,1,250221
7290018972786,false,נודלס טעם ירקות להכנ,,,נודלס טעם ירקות להכנ,,72.00,"100 מ""ל",false,,6.90,0.0958,true,1,249274
7290018989005,false,פולפה טבעית יכין 400,,,פולפה טבעית יכין 400,,1200.00,"100 מ""ל",false,,14.90,0.0124,true,1,249133
7290018989081,false,חומוס הבית -להכנת חו,,,חומוס הבית -להכנת חו,,410.00,"100 מ""ל",false,,9.90,0.0241,true,1,249128
7290019056027,false,שוופס מוגז פירות תפו,,,שוופס מוגז פירות תפו,,1500.00,100 גרם,false,,9.90,0.0066,true,1,247506
7290019056034,false,שוופס מוגז פירות אננ,,,שוופס מוגז פירות אננ,,1500.00,100 גרם,false,,9.90,0.0066,true,1,247507
7290019056041,false,שוופס מוגז פירות ללא,,,שוופס מוגז פירות ללא,,1500.00,100 גרם,false,,9.90,0.0066,true,1,247508
7290019056058,false,שוופס מוגז עדין תפוח,,,שוופס מוגז עדין תפוח,,1500.00,"100 מ""ל",false,,8.90,0.0059,true,1,247495
7290019056065,false,שוופס מוגז עדין פירו,,,שוופס מוגז עדין פירו,,1500.00,100 גרם,false,,8.90,0.0059,true,1,247496
7290019056072,false,שוופס מוגז עדין אננס,,,שוופס מוגז עדין אננס,,1500.00,100 גרם,false,,8.90,0.0059,true,1,247497
7290019056096,false,שוופס מוגז עדין אפרס,,,שוופס מוגז עדין אפרס,,1500.00,"100 מ""ל",false,,8.90,0.0059,true,1,247499
7290019056119,false,שוופס סודה 1.5ליטר,,,שוופס סודה 1.5ליטר,,1500.00,"100 מ""ל",false,,4.20,0.0028,true,1,247484
7290019056164,false,שוופס סודה מארז 4*1.,קריות זול,,שוופס סודה מארז 4*1.,,6000.00,"100 מ""ל",false,,12.90,0.0021,true,1,247544
7290019056171,false,שוופס סודה לימון מאר,קריות זול,,שוופס סודה לימון מאר,,6000.00,100 גרם,false,,12.90,0.0021,true,1,247545
7290019056188,false,שוופס סודה נענע ליים,קריות זול,,שוופס סודה נענע ליים,,6000.00,100 גרם,false,,12.90,0.0021,true,1,247546
7290019056195,false,שוופס סודה למון גראס,קריות זול,,שוופס סודה למון גראס,,6000.00,100 גרם,false,,12.90,0.0021,true,1,247547
7290019056201,false,שוופס סודה פירות יער,קריות זול,,שוופס סודה פירות יער,,6000.00,"100 מ""ל",false,,12.90,0.0021,true,1,247548
7290019056232,false,שוופס ליים מוחיטו 1.,,,שוופס ליים מוחיטו 1.,,1500.00,100 גרם,false,,9.90,0.0066,true,1,247511
7290019056249,false,שוופס וואטר ענבים 1.,,,שוופס וואטר ענבים 1.,,1500.00,"100 מ""ל",false,,8.90,0.0059,true,1,247530
7290019056256,false,שוופס וואטר תפוח 1.5,,,שוופס וואטר תפוח 1.5,,1500.00,100 מ'ל,false,,8.90,0.0059,true,1,247531
7290019056263,false,שוופס וואטר אפרסק 1.,,,שוופס וואטר אפרסק 1.,,1500.00,100 גרם,false,,8.90,0.0059,true,1,247532
7290019056270,false,שוופס וואטר פירות יע,,,שוופס וואטר פירות יע,,1500.00,"100 מ""ל",false,,8.90,0.0059,true,1,247533
7290019056287,false,שוופס וואטר אפס קלור,,,שוופס וואטר אפס קלור,,1500.00,"100 מ""ל",false,,8.90,0.0059,true,1,247534
7290019056300,false,שוופס ביטר לימון 1.5,קריות זול,,שוופס ביטר לימון 1.5,,1500.00,"100 מ""ל",false,,13.90,0.0093,true,1,247540
7290019056317,false,שוופס רסצ'יין 1.5ליט,קריות זול,,שוופס רסצ'יין 1.5ליט,,1500.00,100 גרם,false,,13.90,0.0093,true,1,247541
7290019056324,false,שוופס מי טוניק 1.5לי,קריות זול,,שוופס מי טוניק 1.5לי,,1500.00,100 גרם,false,,13.90,0.0093,true,1,247542
7290019056331,false,שוופס מי טוניק ללא ס,קריות זול,,שוופס מי טוניק ללא ס,,1500.00,100 גרם,false,,13.90,0.0093,true,1,247543
7290019056355,false,תפוזינה לימונענע 1.5,קריות זול,,תפוזינה לימונענע 1.5,,1500.00,100 גרם,false,,9.90,0.0066,true,1,247488
7290019056362,false,תפוזינה ענבים 1.5ליט,קריות זול,,תפוזינה ענבים 1.5ליט,,1500.00,"100 מ""ל",false,,9.90,0.0066,true,1,247485
7290019056379,false,תפוזינה תפוזים 1.5לי,קריות זול,,תפוזינה תפוזים 1.5לי,,1500.00,"100 מ""ל",false,,9.90,0.0066,true,1,247486
7290019056454,false,אר.סי קולה 1.5ליטר,,,אר.סי קולה 1.5ליטר,,1500.00,"100 מ""ל",false,,6.90,0.0046,true,1,247509
7290019056478,false,ספרינג טי קר אפרסק 1,קריות זול,,ספרינג טי קר אפרסק 1,,1500.00,100 גרם,false,,9.90,0.0066,true,1,247535
7290019056485,false,ספרינג טי קר לימון ל,קריות זול,,ספרינג טי קר לימון ל,,1500.00,100 גרם,false,,9.90,0.0066,true,1,247536
7290019056492,false,ספרינג טי מנגו אפרסק,קריות זול,,ספרינג טי מנגו אפרסק,,1500.00,"100 מ""ל",false,,9.90,0.0066,true,1,247537
7290019056508,false,משקה וואטר פרוט ענבי,,,משקה וואטר פרוט ענבי,,1500.00,100 גרם,false,,8.90,0.0059,true,1,247512
7290019056515,false,משקה וואטר פרוט אננס,,,משקה וואטר פרוט אננס,,1500.00,100 גרם,false,,8.90,0.0059,true,1,247513
7290019056522,false,משקה וואטר פרוט תות,,,משקה וואטר פרוט תות,,1500.00,100 גרם,false,,8.90,0.0059,true,1,247516
7290019056539,false,משקה וואטר פרוט אפרס,,,משקה וואטר פרוט אפרס,,1500.00,100 גרם,false,,8.90,0.0059,true,1,247514
7290019056546,false,משקה וואטר פרוט אבטי,,,משקה וואטר פרוט אבטי,,1500.00,100 גרם,false,,8.90,0.0059,true,1,247515
7290019056553,false,עין גדי מים מינרלים,קריות זול,,עין גדי מים מינרלים,,12000.00,100 גרם,false,,13.80,0.0012,true,1,247472
7290019056560,false,עין גדי 2ליטר,,,עין גדי 2ליטר,,2000.00,"100 מ""ל",false,,3.30,0.0016,true,1,247469
7290019056577,false,ספרינג מנגו 1.5ליטר,קריות זול,,ספרינג מנגו 1.5ליטר,,1500.00,"100 מ""ל",false,,9.90,0.0066,true,1,247473
7290019056584,false,ספרינג תפוזים 1.5ליט,קריות זול,,ספרינג תפוזים 1.5ליט,,1500.00,"100 מ""ל",false,,9.90,0.0066,true,1,247474
7290019056591,false,ספרינג ענבים 1.5ליטר,,,ספרינג ענבים 1.5ליטר,,1500.00,"100 מ""ל",false,,9.90,0.0066,true,1,247482
7290019056607,false,ספרינג תפוחים 1.5ליט,קריות זול,,ספרינג תפוחים 1.5ליט,,1500.00,100 גרם,false,,9.90,0.0066,true,1,247476
7290019056621,false,ספרינג פירות טרופיים,קריות זול,,ספרינג פירות טרופיים,,1500.00,"100 מ""ל",false,,9.90,0.0066,true,1,247477
7290019056638,false,ספרינג תות בננה 1.5ל,קריות זול,,ספרינג תות בננה 1.5ל,,1500.00,"100 מ""ל",false,,9.90,0.0066,true,1,247478
7290019056645,false,ספרינג אגס סברס תפוח,קריות זול,,ספרינג אגס סברס תפוח,,1500.00,100 גרם,false,,9.90,0.0066,true,1,247479
7290019056652,false,ספרינג אננס בננה 1.5,,,ספרינג אננס בננה 1.5,,1500.00,"100 מ""ל",false,,9.90,0.0066,true,1,247483
7290019056669,false,ספרינג תפוחים דיאט 1,קריות זול,,ספרינג תפוחים דיאט 1,,1500.00,100 גרם,false,,9.90,0.0066,true,1,247480
7290019056676,false,ספרינג דיאט אשכוליות,קריות זול,,ספרינג דיאט אשכוליות,,1500.00,100 גרם,false,,9.90,0.0066,true,1,247481
7290019056720,false,קריסטל מיץ ענבים 2 ל,קריות זול,,קריסטל מיץ ענבים 2 ל,,2000.00,100 גרם,false,,7.90,0.0039,true,1,247523
7290019056751,false,קריסטל דיאט מיץ אשכו,קריות זול,,קריסטל דיאט מיץ אשכו,,2000.00,"100 מ""ל",false,,7.90,0.0039,true,1,247528
7290019056812,false,קריסטל מנטה 2 ליטר,קריות זול,,קריסטל מנטה 2 ליטר,,2000.00,"100 מ""ל",false,,7.90,0.0039,true,1,247519
7290019056836,false,קריסטל תות 2 ליטר,קריות זול,,קריסטל תות 2 ליטר,,2000.00,100 גרם,false,,7.90,0.0039,true,1,247521
7290019056850,false,ספרינג טי דיאט אפרסק,קריות זול,,ספרינג טי דיאט אפרסק,,1500.00,100 מ'ל,false,,9.90,0.0066,true,1,247538
7290019056966,false,מי עדן 1.5ליטר,,,מי עדן 1.5ליטר,,1500.00,100 גרם,false,,3.30,0.0022,true,1,247638
7290019056973,false,מי עדן שישייה 6*1.5,קריות זול,,מי עדן שישייה 6*1.5,,9000.00,"100 מ""ל",false,,13.70,0.0015,true,1,247471
7290019153078,false,שוופס ביטר לימון  לי,קריות זול,,שוופס ביטר לימון  לי,,1500.00,100 גרם,false,,13.90,0.0093,true,1,248062
7290019153085,false,שוופס מוחיטו ללא סוכ,,,שוופס מוחיטו ללא סוכ,,1500.00,"100 מ""ל",false,,8.90,0.0059,true,1,248019
7290019153252,false,שוופס סודה תפוח מארז,קריות זול,,שוופס סודה תפוח מארז,,6000.00,100 גרם,false,,12.90,0.0021,true,1,248864
7290019153375,false,תפוזינה מוחיטו 1.5 ל,קריות זול,,תפוזינה מוחיטו 1.5 ל,,1500.00,"100 מ""ל",false,,9.90,0.0066,true,1,249065
7290019153535,false,שוופס מוגז פירות למו,,,שוופס מוגז פירות למו,,1320.00,100 גרם,false,,14.90,0.0113,true,1,249705
7290019153566,false,ספרינג רימון אוכמניו,קריות זול,,ספרינג רימון אוכמניו,,1500.00,100 גרם,false,,9.90,0.0066,true,1,249684
7290019204008,false,עוף טוב פסטרמה ארבעה,קריות זול,,עוף טוב פסטרמה ארבעה,,350.00,"100 מ""ל",false,,24.90,0.0711,true,1,249707
7290019204107,false,עוף טוב פסטרמה בטעם,קריות זול,,עוף טוב פסטרמה בטעם,,320.00,"100 מ""ל",false,,24.90,0.0778,true,1,249711
7290019204206,false,עוף טוב פסטרמה בסגנו,קריות זול,,עוף טוב פסטרמה בסגנו,,320.00,"100 מ""ל",false,,24.90,0.0778,true,1,249712
7290019204305,false,עוף טוב פסטרמה ברביק,קריות זול,,עוף טוב פסטרמה ברביק,,350.00,"100 מ""ל",false,,24.90,0.0711,true,1,249708
7290019232162,false,תה ירוק קמומיל מליסה,,,תה ירוק קמומיל מליסה,,25.00,יח',false,,26.90,1.0760,true,1,250305
7290019232186,false,תה ירוק לימונית לואי,,,תה ירוק לימונית לואי,,25.00,יח',false,,26.90,1.0760,true,1,250303
7290019232803,false,הולגריין ביסקוויט עם,,,הולגריין ביסקוויט עם,,300.00,100 גרם,false,,10.90,0.0363,true,1,250236
7290019232827,false,הולגריין ביסקוויט במ,,,הולגריין ביסקוויט במ,,300.00,100 גרם,false,,10.90,0.0363,true,1,250238
7290019232834,false,בייגלה מצופה עוגיות,,,בייגלה מצופה עוגיות,,140.00,"100 מ""ל",false,,9.90,0.0707,true,1,249066
7290019233046,false,זית קלמטה בלונד זיתא,,,זית קלמטה בלונד זיתא,,215.00,100 גרם,false,,13.90,0.0647,true,1,248371
7290019297161,false,טורטיות ראפ מקמח תיר,,,טורטיות ראפ מקמח תיר,,450.00,100 גרם,false,,10.00,0.0222,true,1,232898
7290019297383,false,מעדן משמש שקדיה 100%,,,מעדן משמש שקדיה 100%,,284.00,"100 מ""ל",false,,11.90,0.0419,true,1,201066
7290019297451,false,"מי ורדים 500 מ""ל",,,"מי ורדים 500 מ""ל",,500.00,"100 מ""ל",false,,13.90,0.0278,true,1,215147
7290019297543,false,חמאת בוטנים 510גרם,,,חמאת בוטנים 510גרם,,510.00,"100 מ""ל",false,,10.90,0.0214,true,1,201075
7290055090801,false,שוקולד לבן ללא סוכר,,,שוקולד לבן ללא סוכר,,85.00,100 גרם,false,,6.90,0.0812,true,1,213429
7290100240137,false,בדין תרסיס כחול למיי,,,בדין תרסיס כחול למיי,,500.00,100 גרם,false,,19.90,0.0398,true,1,182975
7290100240632,false,פתית 6 דגנים 250 גרם,,,פתית 6 דגנים 250 גרם,,250.00,100 גרם,false,,18.90,0.0756,true,1,182985
7290100243671,false,בדין אקסטרא כחול 960,,,בדין אקסטרא כחול 960,,960.00,100 גרם,false,,17.90,0.0186,true,1,183072
7290100245231,false,נמס בכוס קנור ועוד ט,,,נמס בכוס קנור ועוד ט,,50.00,"100 מ""ל",false,,6.90,0.1380,true,1,183116
7290100249659,false,רוטב לעוף צילי שום ק,,,רוטב לעוף צילי שום ק,,320.00,"100 מ""ל",false,,14.90,0.0466,true,1,183242
7290100412343,false,קוויק מגבונים לניקוי,,,קוויק מגבונים לניקוי,יחידה,0.00,יחידה,false,,8.90,0.0000,true,1,171965
7290100412435,false,קוויק מגבונים לניקוי,,,קוויק מגבונים לניקוי,יחידה,0.00,יחידה,false,,8.90,0.0000,true,1,171966
7290100412459,false,קוויק מגבונים לניקוי,,,קוויק מגבונים לניקוי,יחידה,0.00,יחידה,false,,8.90,0.0000,true,1,171968
7290100412770,false,"תחליב רחצה ד""ר עור ק",,,"תחליב רחצה ד""ר עור ק",,700.00,100 גרם,false,,15.90,0.0227,true,1,222439
7290100412787,false,"תחליב רחצה ד""ר עור ק",,,"תחליב רחצה ד""ר עור ק",,700.00,100 גרם,false,,15.90,0.0227,true,1,222440
7290100412831,false,"תחליב רחצה ד""ר עור א",,,"תחליב רחצה ד""ר עור א",,700.00,100 גרם,false,,15.90,0.0227,true,1,222443
7290100653463,false,פלמוליב תחליב רחצה ס,,,פלמוליב תחליב רחצה ס,,500.00,100 גרם,false,,16.90,0.0338,true,1,185957
7290100680650,false,מנה חמה אסם נודלס-אט,,,מנה חמה אסם נודלס-אט,,76.00,100 גרם,false,,6.90,0.0908,true,1,177497
7290100680667,false,מנה חמה אסם נודלס-אט,,,מנה חמה אסם נודלס-אט,,76.00,"100 מ""ל",false,,6.90,0.0908,true,1,177498
7290100680728,false,פירורית אסם שקית 350,,,פירורית אסם שקית 350,,350.00,"100 מ""ל",false,,7.50,0.0214,true,1,177501
7290100681138,false,אפרופו מארז אסם 3*50,קריות זול,,אפרופו מארז אסם 3*50,,150.00,100 גרם,false,,12.90,0.0860,true,1,177507
7290100684139,false,פסטה מיני מקרוני אסם,,,פסטה מיני מקרוני אסם,,500.00,"100 מ""ל",false,,6.50,0.0130,true,1,177574
7290100684306,false,רוטב צילי מתוק אסם 7,,,רוטב צילי מתוק אסם 7,,760.00,100 גרם,false,,19.90,0.0262,true,1,177578
7290100685136,false,*מבצע* מרק טעם עוף 1,,,*מבצע* מרק טעם עוף 1,,1000.00,"100 מ""ל",false,,12.00,0.0120,true,1,177591
7290100685334,false,*מבצע* מרק עוף רכיבי,קריות זול,,*מבצע* מרק עוף רכיבי,,400.00,"100 מ""ל",false,,21.90,0.0547,true,1,177601
7290100685341,false,*מבצע* מרק טעם עוף ז,,,*מבצע* מרק טעם עוף ז,,400.00,"100 מ""ל",false,,16.90,0.0422,true,1,177602
7290100686164,false,ביסלי ברביקיו מארז א,,,ביסלי ברביקיו מארז א,,210.00,"100 מ""ל",false,,14.90,0.0710,true,1,177633
7290100687109,false,במבה במילוי קרם נוגט,,,במבה במילוי קרם נוגט,,60.00,100 מ'ל,false,,4.90,0.0817,true,1,177653
7290100689301,false,מרק בטעם עוף זך אסם,,,מרק בטעם עוף זך אסם,,400.00,"100 מ""ל",false,,15.90,0.0398,true,1,177718
7290100700020,false,גריסי פנינה סוגת 500,,,גריסי פנינה סוגת 500,,500.00,"100 מ""ל",false,,6.90,0.0138,true,1,192459
7290100700075,false,פירורי לחם מוזהבים ס,,,פירורי לחם מוזהבים ס,,200.00,"100 מ""ל",false,,4.90,0.0245,true,1,192461
7290100700242,false,אורז מלא עגול סוגת 1,,,אורז מלא עגול סוגת 1,,1000.00,100 גרם,false,,9.90,0.0099,true,1,192469
7290100700310,false,כוסמת סוגת 1קג,,,כוסמת סוגת 1קג,,1000.00,"100 מ""ל",false,,15.90,0.0159,true,1,192474
7290100700372,false,אורז בסמטי מלא סוגת,,,אורז בסמטי מלא סוגת,,1000.00,"100 מ""ל",false,,12.90,0.0129,true,1,192478
7290100700396,false,אורז יסמין קלאסי סוג,קריות זול,,אורז יסמין קלאסי סוג,,1000.00,100 גרם,false,,12.90,0.0129,true,1,192480
7290100700587,false,בורגול סוגת 500 גר,,,בורגול סוגת 500 גר,,500.00,100 גרם,false,,6.90,0.0138,true,1,192488
7290100701126,false,שעועית מש סוגת 500גר,,,שעועית מש סוגת 500גר,,500.00,100 גרם,false,,10.90,0.0218,true,1,192506
7290100701140,false,אורז ארבוריו סוגת 1ק,,,אורז ארבוריו סוגת 1ק,,1000.00,100 גרם,false,,15.90,0.0159,true,1,192507
7290100701157,false,אורז להכנת סושי סוגת,,,אורז להכנת סושי סוגת,,1000.00,"100 מ""ל",false,,14.90,0.0149,true,1,192508
7290100701331,false,קמח רב תכליתי סוגת 1,,,קמח רב תכליתי סוגת 1,,1000.00,"100 מ""ל",false,,7.90,0.0079,true,1,192517
7290100701348,false,קמח שיפון מלא סוגת 1,,,קמח שיפון מלא סוגת 1,,1000.00,100 גרם,false,,7.90,0.0079,true,1,192518
7290100701577,false,קמח לחם סוגת 1קג,,,קמח לחם סוגת 1קג,,1000.00,"100 מ""ל",false,,7.90,0.0079,true,1,192525
7290100701881,false,קמח פיצה ופוקצה סוגת,,,קמח פיצה ופוקצה סוגת,,1000.00,"100 מ""ל",false,,7.90,0.0079,true,1,192537
7290100702260,false,קוסקוס דק סוגת 350 ג,,,קוסקוס דק סוגת 350 ג,,350.00,"100 מ""ל",false,,6.90,0.0197,true,1,192546
7290100702277,false,קוסקוס עבה סוגת 350,,,קוסקוס עבה סוגת 350,,350.00,100 גרם,false,,6.90,0.0197,true,1,192547
7290100702611,false,פתיתים אפויים אורז ס,,,פתיתים אפויים אורז ס,,500.00,100 גרם,false,,6.90,0.0138,true,1,192564
7290100702628,false,פתיתים אפויים קוסקוס,,,פתיתים אפויים קוסקוס,,500.00,100 גרם,false,,6.90,0.0138,true,1,192565
7290100702635,false,פתיתים אפויים כוכבים,,,פתיתים אפויים כוכבים,,500.00,100 גרם,false,,6.90,0.0138,true,1,192566
7290100702642,false,פתיתים אפויים טבעות,,,פתיתים אפויים טבעות,,500.00,100 גרם,false,,6.90,0.0138,true,1,192567
7290100702666,false,פתיתים אפויים עם בצל,,,פתיתים אפויים עם בצל,,400.00,"100 מ""ל",false,,6.90,0.0173,true,1,192569
7290100702673,false,פתיתים אפויים 3 צבעי,,,פתיתים אפויים 3 צבעי,,400.00,"100 מ""ל",false,,6.90,0.0173,true,1,192570
7290100702741,false,סוכר חום קלאסי בקופס,,,סוכר חום קלאסי בקופס,,1000.00,100 גרם,false,,12.90,0.0129,true,1,192576
7290100702987,false,פתיתי שיבולת שועל סו,,,פתיתי שיבולת שועל סו,,500.00,"100 מ""ל",false,,5.90,0.0118,true,1,192587
7290100703007,false,עדשים שחורות בלוגה ס,,,עדשים שחורות בלוגה ס,,500.00,"100 מ""ל",false,,8.90,0.0178,true,1,192588
7290100703458,false,כוסמת ללא קליה סוגת,,,כוסמת ללא קליה סוגת,,500.00,100 גרם,false,,8.90,0.0178,true,1,192607
7290100703564,false,פתיתי שיבולת שועל עב,,,פתיתי שיבולת שועל עב,,500.00,100 גרם,false,,5.90,0.0118,true,1,192610
7290100703625,false,קמח חלה ללא צורך ניפ,,,קמח חלה ללא צורך ניפ,,1000.00,100 גרם,false,,8.90,0.0089,true,1,226522
7290100703632,false,קמח חיטה מלא ללא צור,,,קמח חיטה מלא ללא צור,,1000.00,"100 מ""ל",false,,8.90,0.0089,true,1,226523
7290100703649,false,קמח חיטה 80% ללא צור,,,קמח חיטה 80% ללא צור,,1000.00,100 גרם,false,,8.90,0.0089,true,1,226524
7290100703687,false,קמח חלה ללא צורך ניפ,,,קמח חלה ללא צורך ניפ,,1000.00,"100 מ""ל",false,,8.90,0.0089,true,1,226527
7290100704530,false,קמח כוסמין לבן ללא צ,,,קמח כוסמין לבן ללא צ,,1000.00,100 גרם,false,,15.90,0.0159,true,1,245601
7290100704660,false,קינואה מיקס סוגת 500,,,קינואה מיקס סוגת 500,,500.00,"100 מ""ל",false,,15.90,0.0318,true,1,245409
7290100850909,false,דוריטוס נאצו מקסיקני,,,דוריטוס נאצו מקסיקני,,70.00,100 גרם,false,,3.90,0.0557,true,1,184154
7290100850916,false,דוריטוס חמוץ חריף 70,,,דוריטוס חמוץ חריף 70,,70.00,"100 מ""ל",false,,3.90,0.0557,true,1,184155
7290100850923,false,דוריטוס גריל 70גר,,,דוריטוס גריל 70גר,,70.00,"100 מ""ל",false,,3.90,0.0557,true,1,184156
7290100850930,false,דוריטוס דיפ טבעי 70ג,,,דוריטוס דיפ טבעי 70ג,,70.00,"100 מ""ל",false,,3.90,0.0557,true,1,184157
7290100858592,false,קקאו עלית 150גר,,,קקאו עלית 150גר,,150.00,"100 מ""ל",false,,10.90,0.0727,true,1,208997
7290100858608,false,קקאו עלית 500גר,,,קקאו עלית 500גר,,500.00,100 גרם,false,,25.90,0.0518,true,1,208998
7290100922637,false,הוואי אל סבון שלישיי,,,הוואי אל סבון שלישיי,,1500.00,"100 מ""ל",false,,16.90,0.0113,true,1,214595
7290100924204,false,פרסיל אבקת כביסה 8קג,,,פרסיל אבקת כביסה 8קג,קילוגרמים,8.00,"ק""ג",false,,49.90,6.2375,true,1,210948
7290100924457,false,כדוריות סוד סבון לאס,,,כדוריות סוד סבון לאס,,0.00,"100 ק""ג",false,,16.90,0.0000,true,1,210955
7290100924464,false,כדוריות סוד סבון לאס,,,כדוריות סוד סבון לאס,,0.00,100 מ'ל,false,,16.90,0.0000,true,1,210956
7290100924570,false,סוד ג'ל לניקוי אסלה,,,סוד ג'ל לניקוי אסלה,,700.00,100 גרם,false,,9.90,0.0141,true,1,210960
7290100925676,false,לוכד צבעים קולור קאצ,,,לוכד צבעים קולור קאצ,יחידה,0.00,יחידה,false,,19.90,0.0000,true,1,211005
7290100925751,false,סוד נוזל לכלים תפוח,,,סוד נוזל לכלים תפוח,,650.00,100 גרם,false,,6.90,0.0106,true,1,211006
7290100926147,false,פרסיל אבקת כביסה 2.5,,,פרסיל אבקת כביסה 2.5,קילוגרמים,2.50,"ק""ג",false,,24.90,9.9600,true,1,211029
7290101110149,false,בליסימו גלידה בטעם ו,,,בליסימו גלידה בטעם ו,,1300.00,100 גרם,false,,19.90,0.0153,true,1,244617
7290101110279,false,בליסימו גלידה בטעם ש,,,בליסימו גלידה בטעם ש,,1300.00,100 גרם,false,,19.90,0.0153,true,1,244618
7290101110460,false,בליסימו גלידה בטעם ו,,,בליסימו גלידה בטעם ו,,1300.00,100 גרם,false,,19.90,0.0153,true,1,244616
7290101112228,false,גלידל פרי מאגדת בטעם,,,גלידל פרי מאגדת בטעם,,8.00,100 ליטר,false,,22.90,2.8625,true,1,228105
7290101112600,false,בליסימו גלידה בטעם מ,,,בליסימו גלידה בטעם מ,,1300.00,100 גרם,false,,19.90,0.0153,true,1,244624
7290101112921,false,גלידל פרי מאגדת בטעם,,,גלידל פרי מאגדת בטעם,,8.00,יח',false,,22.90,2.8625,true,1,244608
7290101113157,false,גלידל חלבי מאגדת בטע,,,גלידל חלבי מאגדת בטע,,6.00,100 מ'ל,false,,25.90,4.3167,true,1,228109
7290101113454,false,גלידל חלבי מאגדת בטע,,,גלידל חלבי מאגדת בטע,,8.00,יח',false,,29.90,3.7375,true,1,244610
7290101113621,false,מאגדת טילונים ריבת ח,,,מאגדת טילונים ריבת ח,יחידה,0.00,יחידה,false,,19.90,0.0000,true,1,247844
7290101451105,false,נרות מטה כוכבים ממות,,,נרות מטה כוכבים ממות,יחידה,0.00,יחידה,false,,5.90,0.0000,true,1,186673
7290101488286,false,ליידי ספיד סטיק 24/7,,,ליידי ספיד סטיק 24/7,,150.00,100 גרם,false,,14.90,0.0993,true,1,186057
7290101488323,false,ליידי ספיד סטיק ללא,,,ליידי ספיד סטיק ללא,,65.00,"100 מ""ל",false,,19.90,0.3062,true,1,186061
7290101551300,false,סילאן טבעי לחיץ יד מ,,,סילאן טבעי לחיץ יד מ,,380.00,"100 מ""ל",false,,15.90,0.0418,true,1,234701
7290101551539,false,דנונה פרו אפרסק 20 ג,,,דנונה פרו אפרסק 20 ג,,200.00,"100 מ""ל",false,,6.30,0.0315,true,1,226871
7290101551584,false,תפוציפס קידס מארז 10,,,תפוציפס קידס מארז 10,,200.00,"100 מ""ל",false,,12.90,0.0645,true,1,224783
7290101551638,false,ציטוס כאפה אפוי מארז,,,ציטוס כאפה אפוי מארז,,200.00,100 גרם,false,,12.90,0.0645,true,1,224787
7290101582397,false,יין מרלו המושבה ביני,,,יין מרלו המושבה ביני,,750.00,100 מ'ל,false,,29.90,0.0399,true,1,232994
7290101821151,false,דבק מגע,,,דבק מגע,יחידה,0.00,יחידה,false,,4.90,0.0000,true,1,221008
7290101863410,false,סיליט באנג ספריי אקו,,,סיליט באנג ספריי אקו,,750.00,100 גרם,false,,12.90,0.0172,true,1,200230
7290101865261,false,פיניש נוזל הברקה למד,,,פיניש נוזל הברקה למד,,800.00,"100 מ""ל",false,,19.90,0.0249,true,1,200269
7290101866633,false,קליה גל ורוד 3ליטר,,,קליה גל ורוד 3ליטר,,3000.00,100 גרם,false,,29.90,0.0100,true,1,200297
7290101866787,false,קליה גל לבן 3ליטר,,,קליה גל לבן 3ליטר,,3000.00,"100 מ""ל",false,,29.90,0.0100,true,1,200304
7290101868958,false,פיניש נוזל הברקה למד,,,פיניש נוזל הברקה למד,,800.00,100 גרם,false,,19.90,0.0249,true,1,200352
7290101869726,false,פיניש ג'ל למדיח 1ליט,,,פיניש ג'ל למדיח 1ליט,,1000.00,100 גרם,false,,45.90,0.0459,true,1,200361
7290101869733,false,פיניש ג'ל למדיח לימו,,,פיניש ג'ל למדיח לימו,,1000.00,100 גרם,false,,45.90,0.0459,true,1,200362
7290101869832,false,איירוויק מילוי מבשם,,,איירוויק מילוי מבשם,,19.00,100 גרם,false,,17.90,0.9421,true,1,200372
7290102030330,false,תפוציפס קראנץ מקסיקנ,,,תפוציפס קראנץ מקסיקנ,,200.00,"100 מ""ל",false,,10.90,0.0545,true,1,184181
7290102031276,false,אקטימל תות בננה 8*10,,,אקטימל תות בננה 8*10,,800.00,100 גרם,false,,21.90,0.0274,true,1,196441
7290102390427,false,מולר פרופ תות 3% 150,,,מולר פרופ תות 3% 150,,150.00,"100 מ""ל",false,,5.50,0.0367,true,1,184788
7290102390465,false,מולר פרופ אפרסק פסיפ,,,מולר פרופ אפרסק פסיפ,,150.00,"100 מ""ל",false,,5.50,0.0367,true,1,184791
7290102390489,false,מולר פרופ לימון 3% 1,,,מולר פרופ לימון 3% 1,,150.00,"100 מ""ל",false,,5.50,0.0367,true,1,184793
7290102391844,false,מולר פרופ לבן+קציפת,,,מולר פרופ לבן+קציפת,,150.00,"100 מ""ל",false,,5.50,0.0367,true,1,184855
7290102392049,false,גבינה תבור לאפייה 5%,,,גבינה תבור לאפייה 5%,,500.00,"100 מ""ל",false,,27.90,0.0558,true,1,184864
7290102392094,false,חלב עיזים צוריאל 1ל,,,חלב עיזים צוריאל 1ל,,1000.00,100 גרם,false,,17.90,0.0179,true,1,184868
7290102393039,false,מולר מיקס בתוספת פצפ,קריות זול,,מולר מיקס בתוספת פצפ,,150.00,"100 מ""ל",false,,6.40,0.0427,true,1,184929
7290102393169,false,מולר סימפלי פרוט תות,,,מולר סימפלי פרוט תות,,150.00,"100 מ""ל",false,,5.50,0.0367,true,1,184939
7290102393176,false,מולר סימפלי פרוט אפר,,,מולר סימפלי פרוט אפר,,150.00,"100 מ""ל",false,,5.50,0.0367,true,1,184940
7290102393190,false,מולר סימפלי פרוט פיר,,,מולר סימפלי פרוט פיר,,150.00,"100 מ""ל",false,,5.50,0.0367,true,1,184942
7290102393268,false,גבינה לבנה 5% 750גר,,,גבינה לבנה 5% 750גר,,750.00,100 גרם,false,,14.94,0.0199,true,1,184946
7290102393299,false,יוגורט עיזים לשתייה,,,יוגורט עיזים לשתייה,,500.00,100 גרם,false,,14.50,0.0290,true,1,184947
7290102393718,false,חלומי חלב בקר צוריאל,,,חלומי חלב בקר צוריאל,,200.00,"100 מ""ל",false,,23.50,0.1175,true,1,184966
7290102393848,false,יוגורט עיזים 3% תות,,,יוגורט עיזים 3% תות,,150.00,"100 מ""ל",false,,7.30,0.0487,true,1,184968
7290102393855,false,יוגורט עיזים 3% אפרס,,,יוגורט עיזים 3% אפרס,,150.00,"100 מ""ל",false,,7.30,0.0487,true,1,184969
7290102393947,false,מולר סימפלי פרוט קיו,,,מולר סימפלי פרוט קיו,,150.00,"100 מ""ל",false,,5.50,0.0367,true,1,184973
7290102394081,false,מולר מיקס קורנפקלס מ,,,מולר מיקס קורנפקלס מ,יחידה,0.00,יחידה,false,,6.40,0.0000,true,1,184985
7290102394258,false,מה עז צוריאל 9% 180ג,,,מה עז צוריאל 9% 180ג,,180.00,"100 מ""ל",false,,25.50,0.1417,true,1,184997
7290102394463,false,גבינה צהובה נעם ואקו,,,גבינה צהובה נעם ואקו,,500.00,100 גרם,false,,29.90,0.0598,true,1,185007
7290102394821,false,גבינה צהובה נעם דק ד,,,גבינה צהובה נעם דק ד,,200.00,"100 מ""ל",false,,17.90,0.0895,true,1,185016
7290102394845,false,גבינה צהובה נעם דק ד,,,גבינה צהובה נעם דק ד,,200.00,"100 מ""ל",false,,18.90,0.0945,true,1,185017
7290102395217,false,מולר ביאנקו במתיקות,,,מולר ביאנקו במתיקות,יחידה,0.00,יחידה,false,,21.90,0.0000,true,1,185039
7290102395378,false,גבינה צהובה פרוסה וא,,,גבינה צהובה פרוסה וא,,360.00,"100 מ""ל",false,,22.90,0.0636,true,1,185047
7290102395446,false,מוו וניל קצפת 123גר,,,מוו וניל קצפת 123גר,,123.00,"100 מ""ל",false,,3.20,0.0260,true,1,185051
7290102395477,false,מוו שוקולד קצפת 123ג,,,מוו שוקולד קצפת 123ג,,123.00,"100 מ""ל",false,,3.20,0.0260,true,1,185054
7290102395521,false,שמנת לבישול 15% 500מ,,,שמנת לבישול 15% 500מ,,500.00,"100 מ""ל",false,,18.50,0.0370,true,1,185058
7290102396399,false,מוו מעדן שוקולד מארז,,,מוו מעדן שוקולד מארז,,800.00,100 גרם,false,,14.90,0.0186,true,1,185108
7290102396405,false,מוו מעדן וניל מארז 8,,,מוו מעדן וניל מארז 8,,800.00,100 גרם,false,,14.90,0.0186,true,1,185109
7290102396436,false,מוו מעדן חלב בטעם שו,,,מוו מעדן חלב בטעם שו,,125.00,"100 מ""ל",false,,3.20,0.0256,true,1,185112
7290102396443,false,מוו מעדן חלב בטעם ונ,,,מוו מעדן חלב בטעם ונ,,125.00,100 גרם,false,,3.20,0.0256,true,1,185113
7290102396580,false,מוו שוקולד ומוס שוקו,,,מוו שוקולד ומוס שוקו,,118.00,100 גרם,false,,3.20,0.0271,true,1,185121
7290102396597,false,מוו וניל ומוס שוקולד,,,מוו וניל ומוס שוקולד,,118.00,100 גרם,false,,3.20,0.0271,true,1,185122
7290102396665,false,גבינה צהובה נעם 15%,,,גבינה צהובה נעם 15%,,200.00,"100 מ""ל",false,,17.90,0.0895,true,1,185127
7290102396672,false,גבינה צהובה גבינת נע,,,גבינה צהובה גבינת נע,,360.00,"100 מ""ל",false,,29.90,0.0831,true,1,185128
7290102397075,false,יוגורט טבעי טרה 4% ב,,,יוגורט טבעי טרה 4% ב,,1500.00,"100 מ""ל",false,,15.50,0.0103,true,1,185152
7290102397204,false,גבינה צהובה נעם 22%ד,,,גבינה צהובה נעם 22%ד,,200.00,"100 מ""ל",false,,17.90,0.0895,true,1,185163
7290102397334,false,בולגרית 5% 250 גר צו,,,בולגרית 5% 250 גר צו,,250.00,100 גרם,false,,24.50,0.0980,true,1,185171
7290102397464,false,מולר מיקס גרעינים פק,,,מולר מיקס גרעינים פק,יחידה,0.00,יחידה,false,,6.40,0.0000,true,1,220594
7290102397600,false,מולר מיקס+ שקדים ובו,,,מולר מיקס+ שקדים ובו,,170.00,"100 מ""ל",false,,6.40,0.0376,true,1,185187
7290102397617,false,מולר מיקס קליק 150גר,,,מולר מיקס קליק 150גר,,150.00,"100 מ""ל",false,,6.40,0.0427,true,1,185188
7290102397679,false,קוטג 5% 375גר טרה,,,קוטג 5% 375גר טרה,,375.00,"100 מ""ל",false,,8.50,0.0227,true,1,185190
7290102397730,false,גבינה אמנטל נעם 200ג,,,גבינה אמנטל נעם 200ג,,200.00,"100 מ""ל",false,,18.90,0.0945,true,1,221724
7290102397747,false,גבינת מוצרלה פרוס 20,,,גבינת מוצרלה פרוס 20,,200.00,"100 מ""ל",false,,19.90,0.0995,true,1,224858
7290102397891,false,גבינה מותכת צוריאל 1,,,גבינה מותכת צוריאל 1,,100.00,100 גרם,false,,8.50,0.0850,true,1,220598
7290102398065,false,חלב בקרטון טרה 3% 2,,,חלב בקרטון טרה 3% 2,,2000.00,100 גרם,false,,12.46,0.0062,true,1,224860
7290102398072,false,חלב בקרטון טרה 3% 1ל,,,חלב בקרטון טרה 3% 1ל,,1000.00,100 גרם,false,,6.23,0.0062,true,1,224861
7290102398553,false,שוקו טרה בקבוק 1.5ל',,,שוקו טרה בקבוק 1.5ל',,1500.00,100 גרם,false,,17.90,0.0119,true,1,224882
7290102398560,false,שוקו טרה מועשר 1 ליט,,,שוקו טרה מועשר 1 ליט,,1000.00,"100 מ""ל",false,,12.90,0.0129,true,1,224883
7290102398577,false,שוקו טרה מועשר 250 מ,,,שוקו טרה מועשר 250 מ,,250.00,"100 מ""ל",false,,5.70,0.0228,true,1,224884
7290102398614,false,משקה חלב בטעם בננה 1,,,משקה חלב בטעם בננה 1,,1000.00,100 גרם,false,,12.90,0.0129,true,1,224885
7290102398638,false,משקה חלב טרה בטעם מו,,,משקה חלב טרה בטעם מו,,1000.00,100 גרם,false,,12.90,0.0129,true,1,224886
7290102398669,false,אייס קפוצ'ינו 1 ליטר,,,אייס קפוצ'ינו 1 ליטר,,1000.00,"100 מ""ל",false,,12.90,0.0129,true,1,224888
7290102398782,false,משקה סויה קלאסי 1 לי,,,משקה סויה קלאסי 1 לי,,1000.00,100 מ'ל,false,,11.90,0.0119,true,1,224892
7290102398836,false,משקה שקדים קלאסי 1 ל,,,משקה שקדים קלאסי 1 ל,,1000.00,100 מ'ל,false,,12.70,0.0127,true,1,224896
7290102399796,false,מולר אקטיב 25 יוגורט,,,מולר אקטיב 25 יוגורט,,200.00,"100 מ""ל",false,,5.90,0.0295,true,1,224951
7290102399802,false,מולר אקטיב יוגורט 20,,,מולר אקטיב יוגורט 20,,200.00,100 גרם,false,,6.40,0.0320,true,1,224952
7290102399819,false,מולר אקטיב יוגורט 20,,,מולר אקטיב יוגורט 20,,200.00,"100 מ""ל",false,,6.40,0.0320,true,1,224953
7290102399857,false,מולר אקטיב לייט 20 ע,,,מולר אקטיב לייט 20 ע,,200.00,"100 מ""ל",false,,6.40,0.0320,true,1,224956
7290102601547,false,כפיות פרמיום שקוף/קר,,,כפיות פרמיום שקוף/קר,יחידה,0.00,יחידה,false,,9.90,0.0000,true,1,197834
7290103120658,false,ספיד סטיק ג'ל שחור 8,,,ספיד סטיק ג'ל שחור 8,,85.00,100 גרם,false,,19.90,0.2341,true,1,186096
7290103400194,false,כרוב לבן שטראוס 400ג,,,כרוב לבן שטראוס 400ג,,400.00,100 גרם,false,,8.90,0.0223,true,1,196564
7290103400255,false,סלט קולסלאו שטראוס 4,,,סלט קולסלאו שטראוס 4,,400.00,"100 מ""ל",false,,8.90,0.0223,true,1,196568
7290103401429,false,קפה מגורען קצב ברזיל,,,קפה מגורען קצב ברזיל,,200.00,"100 מ""ל",false,,29.90,0.1495,true,1,209134
7290103404758,false,סלט כרוב אדום אחלה 1,,,סלט כרוב אדום אחלה 1,,200.00,"100 מ""ל",false,,5.50,0.0275,true,1,196623
7290103408206,false,עלי חסה ערבית שטופים,,,עלי חסה ערבית שטופים,,250.00,"100 מ""ל",false,,11.50,0.0460,true,1,196659
7290103681197,false,יין תבור שיראז 750מל,,,יין תבור שיראז 750מל,,750.00,"100 מ""ל",false,,39.90,0.0532,true,1,224969
7290103700072,false,טאצ' מטליות זיג זג ל,,,טאצ' מטליות זיג זג ל,יחידה,0.00,יחידה,false,,8.90,0.0000,true,1,202533
7290103700195,false,רדיד אלומיניום צר 30,,,רדיד אלומיניום צר 30,,2.00,"100 מ""ל",false,,9.90,4.9500,true,1,202536
7290103700225,false,שאפו רדיד אלומיניום,,,שאפו רדיד אלומיניום,יחידה,0.00,יחידה,false,,12.90,0.0000,true,1,202537
7290103700324,false,טאצ זוג שקיות אוכל ב,,,טאצ זוג שקיות אוכל ב,יחידה,0.00,יחידה,false,,9.90,0.0000,true,1,202539
7290103700331,false,שאפו שקית אוכל רב תכ,,,שאפו שקית אוכל רב תכ,יחידה,0.00,יחידה,false,,10.90,0.0000,true,1,202540
7290103700386,false,טאצ' כריות קרצוף 6יח,,,טאצ' כריות קרצוף 6יח,יחידה,0.00,יחידה,false,,8.90,0.0000,true,1,202543
7290103701017,false,טאצ' נייר אפייה 50 י,,,טאצ' נייר אפייה 50 י,יחידה,0.00,יחידה,false,,9.90,0.0000,true,1,202551
7290103701093,false,טאצ מטליות מיקרופייב,,,טאצ מטליות מיקרופייב,,7.00,100 גרם,false,,10.90,1.5571,true,1,202552
7290103701130,false,טאצ מטליות מיקרופייב,,,טאצ מטליות מיקרופייב,,7.00,100 מ'ל,false,,10.90,1.5571,true,1,202553
7290103701147,false,רדיד אלומיניום 200 פ,,,רדיד אלומיניום 200 פ,יחידה,0.00,יחידה,false,,25.90,0.0000,true,1,202554
7290103702212,false,טאצ ממחטות כיס,,,טאצ ממחטות כיס,יחידה,0.00,יחידה,false,,6.90,0.0000,true,1,202557
7290103702229,false,טאצ מפות עבות במיוחד,,,טאצ מפות עבות במיוחד,,8.00,יח',false,,6.90,0.8625,true,1,202558
7290103702298,false,טאצ אשפתון עבה 50יח',,,טאצ אשפתון עבה 50יח',,50.00,100 מ'ל,false,,15.90,0.3180,true,1,202560
7290103702304,false,טאצ אשפתון בגליל 35,,,טאצ אשפתון בגליל 35,,35.00,100 גרם,false,,15.90,0.4543,true,1,202561
7290103702328,false,טאצ אשפתון בגליל 25,,,טאצ אשפתון בגליל 25,,25.00,יח',false,,15.90,0.6360,true,1,202563
7290103702724,false,טאצ שקיות אשפה 52*65,,,טאצ שקיות אשפה 52*65,,60.00,יח',false,,15.90,0.2650,true,1,202568
7290103703080,false,טאצ זוג שקיות אשפה ע,,,טאצ זוג שקיות אשפה ע,יחידה,0.00,יחידה,false,,15.90,0.0000,true,1,202572
7290103703219,false,טאצ' מטליות לחות לני,,,טאצ' מטליות לחות לני,,400.00,100 מ'ל,false,,19.90,0.0497,true,1,233482
7290103703226,false,טאצ מטליות לחות לניק,,,טאצ מטליות לחות לניק,,50.00,יח',false,,9.90,0.1980,true,1,233483
7290103703370,false,טאצ מגבוני טואלט לחי,,,טאצ מגבוני טואלט לחי,יחידה,0.00,יחידה,false,,14.90,0.0000,true,1,233486
7290103703684,false,לאבלי נייר טואלט 30,,,לאבלי נייר טואלט 30,יחידה,0.00,יחידה,false,,29.90,0.0000,true,1,233487
7290103703905,false,ממחטות נייר טישו טוט,,,ממחטות נייר טישו טוט,יחידה,0.00,יחידה,false,,10.90,0.0000,true,1,233488
7290104061417,false,חומוס טחינה אחלה קלא,,,חומוס טחינה אחלה קלא,,400.00,"100 מ""ל",false,,10.90,0.0273,true,1,196690
7290104061424,false,חומוס זעתר אחלה קלאס,,,חומוס זעתר אחלה קלאס,,400.00,100 גרם,false,,10.90,0.0273,true,1,196691
7290104061431,false,חומוס צנובר אחלה קלא,,,חומוס צנובר אחלה קלא,,400.00,100 גרם,false,,10.90,0.0273,true,1,196692
7290104062599,false,גמדים תות בננה 8*100,,,גמדים תות בננה 8*100,,800.00,"100 מ""ל",false,,19.50,0.0244,true,1,196702
7290104065187,false,קפה נמס בטעם מוקה על,,,קפה נמס בטעם מוקה על,,200.00,"100 מ""ל",false,,21.90,0.1095,true,1,209270
7290104065934,false,שטראוס עלי רוקט 150ג,,,שטראוס עלי רוקט 150ג,,150.00,"100 מ""ל",false,,11.50,0.0767,true,1,196730
7290104066566,false,טחינה משומשום מלא אח,,,טחינה משומשום מלא אח,,400.00,100 גרם,false,,14.90,0.0373,true,1,196738
7290104068539,false,מסטיק מאסט מלון ואבט,,,מסטיק מאסט מלון ואבט,,28.00,"100 מ""ל",false,,4.70,0.1679,true,1,209319
7290104500572,false,אפרופו חטיף איטליאנו,,,אפרופו חטיף איטליאנו,,50.00,100 גרם,false,,5.30,0.1060,true,1,177748
7290104501661,false,פודינג וניל צרפתי אס,,,פודינג וניל צרפתי אס,,80.00,100 גרם,false,,5.90,0.0738,true,1,177752
7290104504228,false,דובונים מולטיפק אסם,,,דובונים מולטיפק אסם,,100.00,"100 מ""ל",false,,13.90,0.1390,true,1,177793
7290104508202,false,גביעי גלידה אמריקאים,,,גביעי גלידה אמריקאים,,24.00,יח',false,,13.90,0.5792,true,1,177813
7290104508943,false,במבה אסם 200גרם,,,במבה אסם 200גרם,,200.00,"100 מ""ל",false,,9.90,0.0495,true,1,244712
7290104570162,false,תמר כבוש 500 גר,,,תמר כבוש 500 גר,,500.00,"100 מ""ל",false,,14.90,0.0298,true,1,198727
7290104720499,false,דני וניל מארז 8*125ג,,,דני וניל מארז 8*125ג,,1000.00,"100 מ""ל",false,,16.80,0.0168,true,1,196766
7290104721762,false,קפה טורקי עלית מארז,,,קפה טורקי עלית מארז,,255.00,100 מ'ל,false,,17.90,0.0702,true,1,209349
7290104721953,false,לקט מסולסלים ירקות ש,,,לקט מסולסלים ירקות ש,,350.00,"100 מ""ל",false,,12.90,0.0369,true,1,196785
7290104722530,false,תפוציפס שמנת בצל 200,,,תפוציפס שמנת בצל 200,,200.00,"100 מ""ל",false,,10.90,0.0545,true,1,184262
7290104726712,false,מילקי שמינייה מארז 8,,,מילקי שמינייה מארז 8,,1064.00,100 מ'ל,false,,21.40,0.0201,true,1,196845
7290104728310,false,שמנת להקצפה 38% 250,,,שמנת להקצפה 38% 250,,250.00,100 גרם,false,,6.47,0.0259,true,1,196859
7290104960239,false,נקה 7 תחליב רחצה ארו,,,נקה 7 תחליב רחצה ארו,,750.00,"100 מ""ל",false,,12.90,0.0172,true,1,181212
7290104960246,false,נקה 7 תחליב רחצה ארו,,,נקה 7 תחליב רחצה ארו,,750.00,100 גרם,false,,12.90,0.0172,true,1,181213
7290104960352,false,נקה 7 תחליב רחצה ארו,,,נקה 7 תחליב רחצה ארו,,750.00,100 גרם,false,,12.90,0.0172,true,1,181217
7290104962134,false,דאודורנט קרליין רול,,,דאודורנט קרליין רול,,75.00,"100 מ""ל",false,,13.90,0.1853,true,1,214405
7290105360250,false,קפסולות מס9 עשיר ואר,,,קפסולות מס9 עשיר ואר,יחידה,0.00,יחידה,false,,18.90,0.0000,true,1,209433
7290105360328,false,קפסולות מס'10 חזק וע,,,קפסולות מס'10 חזק וע,יחידה,0.00,יחידה,false,,18.90,0.0000,true,1,209434
7290105360762,false,שמן זית כתית מעולה 1,,,שמן זית כתית מעולה 1,,750.00,100 מ'ל,false,,35.90,0.0479,true,1,209444
7290105360878,false,תפוציפס מארז 4*50גר,,,תפוציפס מארז 4*50גר,,200.00,100 גרם,false,,10.90,0.0545,true,1,184290
7290105362339,false,שמנת לבישול 15% 250מ,,,שמנת לבישול 15% 250מ,,250.00,"100 מ""ל",false,,8.50,0.0340,true,1,196910
7290105363602,false,כיף כף מקלות קלאסי 4,,,כיף כף מקלות קלאסי 4,,40.00,100 גרם,false,,5.70,0.1425,true,1,209469
7290105364289,false,כיף כף מקלות פצפוצים,,,כיף כף מקלות פצפוצים,,40.00,"100 מ""ל",false,,5.70,0.1425,true,1,209472
7290105364302,false,כיף כף מקלות אגוזים,,,כיף כף מקלות אגוזים,,40.00,"100 מ""ל",false,,5.70,0.1425,true,1,209473
7290105366023,false,חציל טעם כבד אחלה טע,,,חציל טעם כבד אחלה טע,,400.00,100 גרם,false,,15.90,0.0398,true,1,196952
7290105366047,false,טחינה לבנה אחלה טעמי,,,טחינה לבנה אחלה טעמי,,400.00,"100 מ""ל",false,,15.90,0.0398,true,1,196954
7290105366993,false,גבינת סימפוניה פלפל,,,גבינת סימפוניה פלפל,,200.00,"100 מ""ל",false,,11.70,0.0585,true,1,196963
7290105368331,false,"מילקי תות 170מ""ל",,,"מילקי תות 170מ""ל",,170.00,"100 מ""ל",false,,2.90,0.0171,true,1,196997
7290105368904,false,שמנת מתוקה להקצפה 32,,,שמנת מתוקה להקצפה 32,,500.00,"100 מ""ל",false,,7.90,0.0158,true,1,197014
7290105368928,false,שמנת 9% 200מל יטבתה,,,שמנת 9% 200מל יטבתה,,200.00,100 גרם,false,,3.40,0.0170,true,1,197016
7290105369130,false,גבינת סימפוניה בצל י,,,גבינת סימפוניה בצל י,,200.00,100 מ'ל,false,,11.70,0.0585,true,1,197026
7290105431868,false,פלמוליב תחליב רחצה ס,,,פלמוליב תחליב רחצה ס,,500.00,100 גרם,false,,16.90,0.0338,true,1,186167
7290105434029,false,ספיד סטיק נוטרו ספרי,,,ספיד סטיק נוטרו ספרי,,165.00,100 גרם,false,,14.90,0.0903,true,1,186178
7290105500151,false,וודקה פינלנדיה 700 מ,,,וודקה פינלנדיה 700 מ,,700.00,100 גרם,false,,69.90,0.0999,true,1,171378
7290105500236,false,וויסקי ג'ק דניאלס 70,,,וויסקי ג'ק דניאלס 70,,700.00,100 גרם,false,,109.90,0.1570,true,1,171379
7290105500953,false,וויסקי ג'ק דניאלס דב,,,וויסקי ג'ק דניאלס דב,,700.00,100 גרם,false,,109.90,0.1570,true,1,171382
7290105691224,false,פריכונים חטיפי טורטי,,,פריכונים חטיפי טורטי,,60.00,"100 מ""ל",false,,8.90,0.1483,true,1,177863
7290105691712,false,עוגיות הפסקת קפה דגנ,,,עוגיות הפסקת קפה דגנ,,230.00,100 גרם,false,,12.90,0.0561,true,1,177873
7290105691934,false,קמח שמרים אסם 1קג,,,קמח שמרים אסם 1קג,,1000.00,"100 מ""ל",false,,11.90,0.0119,true,1,177881
7290105693341,false,*מבצע* במבה מארז אסם,,,*מבצע* במבה מארז אסם,,250.00,"100 מ""ל",false,,15.00,0.0600,true,1,177904
7290105693457,false,עוגת הבית דמקה שוקו,,,עוגת הבית דמקה שוקו,,320.00,"100 מ""ל",false,,13.90,0.0434,true,1,177906
7290105695024,false,פתיתים אפויים אורז ע,,,פתיתים אפויים אורז ע,,500.00,"100 מ""ל",false,,7.90,0.0158,true,1,177941
7290105695895,false,עוגות הבית דמקה דבש,,,עוגות הבית דמקה דבש,,320.00,100 גרם,false,,13.90,0.0434,true,1,177956
7290105965738,false,דנונה לשתיה תות בננה,,,דנונה לשתיה תות בננה,,250.00,100 גרם,false,,5.20,0.0208,true,1,197073
7290105966469,false,חומץ בלסמי יד מרדכי,,,חומץ בלסמי יד מרדכי,,2500.00,100 גרם,false,,16.90,0.0068,true,1,209585
7290105968098,false,קולסלאו אחלה 500גר,,,קולסלאו אחלה 500גר,,500.00,100 גרם,false,,15.90,0.0318,true,1,197098
7290105968654,false,רביולי בטטה שטראוס 4,,,רביולי בטטה שטראוס 4,,400.00,100 גרם,false,,20.90,0.0522,true,1,197099
7290106520066,false,רבע לשבע גלילי וופל,,,רבע לשבע גלילי וופל,,160.00,"100 מ""ל",false,,11.90,0.0744,true,1,209606
7290106520288,false,דנונה WOW תות 150 ג,,,דנונה WOW תות 150 ג,,150.00,100 גרם,false,,4.80,0.0320,true,1,197101
7290106520905,false,סלט טורקי אחלה טעמי,,,סלט טורקי אחלה טעמי,,400.00,100 גרם,false,,15.90,0.0398,true,1,197117
7290106520912,false,שמנת לבישול 9% יטבתה,,,שמנת לבישול 9% יטבתה,,250.00,100 גרם,false,,8.50,0.0340,true,1,197118
7290106521049,false,סלטי קוביות סלק אחלה,,,סלטי קוביות סלק אחלה,,400.00,"100 מ""ל",false,,15.90,0.0398,true,1,197127
7290106524439,false,תפוציפס פופס 60גר,קריות זול,,תפוציפס פופס 60גר,,60.00,100 גרם,false,,3.90,0.0650,true,1,224797
7290106526822,false,פריכיות עם תחתית שוק,,,פריכיות עם תחתית שוק,,80.00,100 גרם,false,,8.90,0.1113,true,1,209661
7290106528628,false,דוריטוס טבעי 185גר,,,דוריטוס טבעי 185גר,,185.00,"100 מ""ל",false,,7.90,0.0427,true,1,184347
7290106528949,false,לקט ערוגות שטראוס 45,,,לקט ערוגות שטראוס 45,,450.00,100 גרם,false,,11.90,0.0264,true,1,197179
7290106571921,false,פיטנס עוגיות חמוציות,,,פיטנס עוגיות חמוציות,,180.00,"100 מ""ל",false,,12.90,0.0717,true,1,177975
7290106572027,false,לחמית חמישה דגנים אס,,,לחמית חמישה דגנים אס,,190.00,"100 מ""ל",false,,9.90,0.0521,true,1,177979
7290106572065,false,פריכונים חטיפי טורטי,,,פריכונים חטיפי טורטי,,60.00,100 גרם,false,,8.50,0.1417,true,1,177980
7290106572959,false,אפרופו קלאסי מארז אס,,,אפרופו קלאסי מארז אס,,125.00,100 גרם,false,,12.90,0.1032,true,1,177990
7290106573086,false,קוסקוס מארז זוג אסם,,,קוסקוס מארז זוג אסם,,700.00,"100 מ""ל",false,,10.90,0.0156,true,1,177995
7290106573314,false,קריספי טאפאס כפרי אס,,,קריספי טאפאס כפרי אס,,150.00,"100 מ""ל",false,,12.50,0.0833,true,1,178000
7290106574953,false,בייגלה שטוחים שומשום,,,בייגלה שטוחים שומשום,,300.00,100 גרם,false,,11.90,0.0397,true,1,178028
7290106574977,false,בייגלה שטוחים עם מלח,,,בייגלה שטוחים עם מלח,,300.00,"100 מ""ל",false,,11.90,0.0397,true,1,178029
7290106575257,false,עוגת הבית סופלה בטעם,,,עוגת הבית סופלה בטעם,,340.00,"100 מ""ל",false,,13.90,0.0409,true,1,178035
7290106575431,false,עוגת הבית סופלה בטעם,,,עוגת הבית סופלה בטעם,,340.00,"100 מ""ל",false,,13.90,0.0409,true,1,178041
7290106576513,false,חומוס צבר 400גר,,,חומוס צבר 400גר,,400.00,"100 מ""ל",false,,10.90,0.0273,true,1,178059
7290106576537,false,*מבצע* חומוס מסעדות,,,*מבצע* חומוס מסעדות,,700.00,"100 מ""ל",false,,10.90,0.0156,true,1,178060
7290106577541,false,כרוב אדום צבר 400גרם,,,כרוב אדום צבר 400גרם,,400.00,100 גרם,false,,12.90,0.0323,true,1,178074
7290106578692,false,במבה ביסלי מיקס אסם,,,במבה ביסלי מיקס אסם,,80.00,100 מ'ל,false,,4.90,0.0613,true,1,178087
7290106653689,false,לקט לסלט אסייתי שטרא,,,לקט לסלט אסייתי שטרא,,350.00,100 גרם,false,,11.90,0.0340,true,1,220330
7290106654099,false,מילקי קייק שמינייה 8,,,מילקי קייק שמינייה 8,,272.00,"100 מ""ל",false,,19.90,0.0732,true,1,197213
7290106656727,false,עוגיות חיוכים שוקו ב,,,עוגיות חיוכים שוקו ב,,600.00,100 גרם,false,,17.90,0.0298,true,1,209720
7290106656734,false,עוגיות חיוכים וניל ב,,,עוגיות חיוכים וניל ב,,600.00,100 גרם,false,,17.90,0.0298,true,1,209721
7290106667266,false,דוריטוס חמוץ חריף 18,,,דוריטוס חמוץ חריף 18,,185.00,"100 מ""ל",false,,7.90,0.0427,true,1,184424
7290106668577,false,מיץ לימון טבעי 250 מ,,,מיץ לימון טבעי 250 מ,,250.00,100 גרם,false,,8.90,0.0356,true,1,214606
7290106668713,false,דנונה פירות יער 3% 1,,,דנונה פירות יער 3% 1,,150.00,100 גרם,false,,3.90,0.0260,true,1,197302
7290106720626,false,ציטוס קראנצ בטעם גבי,,,ציטוס קראנצ בטעם גבי,,80.00,"100 מ""ל",false,,4.60,0.0575,true,1,220889
7290106721913,false,מסטיק מאסט ריח פה צ',,,מסטיק מאסט ריח פה צ',,66.00,100 גרם,false,,9.90,0.1500,true,1,209868
7290106721920,false,מסטיק מאסט ספירימינט,,,מסטיק מאסט ספירימינט,,66.00,"100 מ""ל",false,,9.90,0.1500,true,1,209869
7290106723689,false,עלי תרד בייבי שטראוס,,,עלי תרד בייבי שטראוס,,200.00,"100 מ""ל",false,,11.50,0.0575,true,1,197319
7290106725867,false,סירופ מייפל טהור 189,,,סירופ מייפל טהור 189,,189.00,100 מ'ל,false,,32.90,0.1741,true,1,209923
7290106726178,false,דנונה WOW פירות יער,,,דנונה WOW פירות יער,,150.00,100 מ'ל,false,,4.80,0.0320,true,1,197330
7290107280013,false,מגבוני ליטופים חמישי,,,מגבוני ליטופים חמישי,,5.00,100 מ'ל,false,,21.90,4.3800,true,1,181262
7290107280020,false,מגבוני ניקוי כללי סנ,,,מגבוני ניקוי כללי סנ,יחידה,0.00,יחידה,false,,21.90,0.0000,true,1,181263
7290107280099,false,מגבוני טואלט סופט של,,,מגבוני טואלט סופט של,יחידה,0.00,יחידה,false,,17.90,0.0000,true,1,214425
7290107280563,false,סנו אוקסיגן בייבי 3ל,,,סנו אוקסיגן בייבי 3ל,,3000.00,100 גרם,false,,32.90,0.0110,true,1,181285
7290107280570,false,סנו מקסימה גל לכביסה,,,סנו מקסימה גל לכביסה,ליטרים,3.00,ליטר,false,,32.90,10.9667,true,1,181286
7290107280587,false,סנובון דאבל אקשן בני,,,סנובון דאבל אקשן בני,יחידה,0.00,יחידה,false,,12.90,0.0000,true,1,181287
7290107280709,false,סנו ספארק נוזל הברקה,,,סנו ספארק נוזל הברקה,,900.00,"100 מ""ל",false,,14.90,0.0166,true,1,181294
7290107280761,false,סנו ספארק משאבה לימו,,,סנו ספארק משאבה לימו,,1000.00,"100 מ""ל",false,,12.90,0.0129,true,1,181300
7290107341370,false,כבל טייפסי IMX,,,כבל טייפסי IMX,יחידה,0.00,יחידה,false,,19.90,0.0000,true,1,240826
7290107645584,false,מרק עוף אמיתי קנור ר,קריות זול,,מרק עוף אמיתי קנור ר,,400.00,"100 מ""ל",false,,24.90,0.0622,true,1,224336
7290107646062,false,מרק בצל רכיבים טבעיי,,,מרק בצל רכיבים טבעיי,,400.00,100 גרם,false,,22.90,0.0572,true,1,224338
7290107646154,false,קוקומן פצפוצים מאגדת,,,קוקומן פצפוצים מאגדת,,126.00,100 גרם,false,,14.90,0.1183,true,1,224340
7290107646826,false,שוגי שוקו מאגדת חטיפ,,,שוגי שוקו מאגדת חטיפ,,156.00,"100 מ""ל",false,,14.90,0.0955,true,1,224343
7290107647731,false,קוקומן חום לבן בדצ 3,,,קוקומן חום לבן בדצ 3,,375.00,"100 מ""ל",false,,21.90,0.0584,true,1,224354
7290107647816,false,ברנפלקס בדצ ללא סוכר,,,ברנפלקס בדצ ללא סוכר,,500.00,"100 מ""ל",false,,22.90,0.0458,true,1,224360
7290107647854,false,שוגי בדצ 500 גר,,,שוגי בדצ 500 גר,,500.00,100 גרם,false,,21.90,0.0438,true,1,224362
7290107648943,false,ברנפלקס קראנצ'ים מיי,,,ברנפלקס קראנצ'ים מיי,,375.00,"100 מ""ל",false,,22.90,0.0611,true,1,224368
7290107648974,false,רוטב לפסטה בזיליקום,,,רוטב לפסטה בזיליקום,,415.00,100 גרם,false,,11.90,0.0287,true,1,224369
7290107871297,false,פירכונים מיני עשבי ת,,,פירכונים מיני עשבי ת,,25.00,"100 מ""ל",false,,4.50,0.1800,true,1,178120
7290107871990,false,פסטה צינורות אסם 500,,,פסטה צינורות אסם 500,,500.00,100 גרם,false,,6.50,0.0130,true,1,178131
7290107874427,false,פריכונים מיני זעתר א,,,פריכונים מיני זעתר א,,25.00,"100 מ""ל",false,,4.50,0.1800,true,1,178169
7290107874441,false,פריכונים מיני בצל מק,,,פריכונים מיני בצל מק,,25.00,"100 מ""ל",false,,4.50,0.1800,true,1,178170
7290107874502,false,ביסלי גריל מארז אסם,,,ביסלי גריל מארז אסם,,220.00,100 גרם,false,,12.90,0.0586,true,1,178171
7290107875271,false,ביסלי ברביקיו מארז א,,,ביסלי ברביקיו מארז א,,220.00,100 גרם,false,,12.90,0.0586,true,1,178182
7290107876889,false,במבה במילוי קרם נוגט,,,במבה במילוי קרם נוגט,,45.00,"100 מ""ל",false,,4.30,0.0956,true,1,229216
7290107877619,false,במבה במילוי קרם נוגט,,,במבה במילוי קרם נוגט,,150.00,"100 מ""ל",false,,13.90,0.0927,true,1,178218
7290107879521,false,מאגדת לה פרוטה תות 5,,,מאגדת לה פרוטה תות 5,יחידה,0.00,יחידה,false,,25.90,0.0000,true,1,184065
7290107930321,false,קונפיטורת דובדבן יד,,,קונפיטורת דובדבן יד,,340.00,"100 מ""ל",false,,13.90,0.0409,true,1,209942
7290107932080,false,חלב מועשר בבקבוק 3%,,,חלב מועשר בבקבוק 3%,,1000.00,"100 מ""ל",false,,7.80,0.0078,true,1,197368
7290107932134,false,חלב מועשר בבקבוק 1%,,,חלב מועשר בבקבוק 1%,,1000.00,100 גרם,false,,7.80,0.0078,true,1,197370
7290107936309,false,דנונה יווני לבן 130ג,,,דנונה יווני לבן 130ג,,130.00,100 גרם,false,,3.50,0.0269,true,1,197397
7290107936965,false,עד חצות ביסקוויט עיג,קריות זול,,עד חצות ביסקוויט עיג,,225.00,"100 מ""ל",false,,13.90,0.0618,true,1,234710
7290107937627,false,מסטיק מאסט קוביות ספ,,,מסטיק מאסט קוביות ספ,,58.00,100 גרם,false,,9.90,0.1707,true,1,209996
7290107937856,false,קפסולות עלית מס 11 ל,,,קפסולות עלית מס 11 ל,יחידה,0.00,יחידה,false,,18.90,0.0000,true,1,210001
7290107938396,false,אקטימל תות שמינייה ב,,,אקטימל תות שמינייה ב,,864.00,"100 מ""ל",false,,21.90,0.0253,true,1,197410
7290107940030,false,*מבצע* חומוס אחלה 65,,,*מבצע* חומוס אחלה 65,,650.00,100 גרם,false,,8.90,0.0137,true,1,226921
7290107940467,false,אקטיביה 1.5% 200גר,,,אקטיביה 1.5% 200גר,,200.00,"100 מ""ל",false,,3.90,0.0195,true,1,197438
7290107941259,false,עדשים ירוקות מבושלות,,,עדשים ירוקות מבושלות,,475.00,"100 מ""ל",false,,10.90,0.0229,true,1,197448
7290107941266,false,שעועית אדומה מבושלת,,,שעועית אדומה מבושלת,,475.00,100 גרם,false,,14.90,0.0314,true,1,197449
7290107941273,false,חומוס מבושל שטראוס 4,,,חומוס מבושל שטראוס 4,,475.00,"100 מ""ל",false,,10.90,0.0229,true,1,197450
7290107943192,false,שמנת חמוצה מהערבה 27,,,שמנת חמוצה מהערבה 27,,200.00,100 מ'ל,false,,4.30,0.0215,true,1,226922
7290107943369,false,קוואקר שיבולת שועל ל,,,קוואקר שיבולת שועל ל,,511.00,"100 מ""ל",false,,19.90,0.0389,true,1,224805
7290107944472,false,גבינת סימפוניה שום ש,,,גבינת סימפוניה שום ש,,200.00,100 מ'ל,false,,11.70,0.0585,true,1,197472
7290107945165,false,קונפיטורת משמש יד מר,קריות זול,,קונפיטורת משמש יד מר,,340.00,100 גרם,false,,13.90,0.0409,true,1,220434
7290107950190,false,מעדן שטראוס דיאט שוק,,,מעדן שטראוס דיאט שוק,,130.00,"100 מ""ל",false,,3.40,0.0262,true,1,197481
7290107950206,false,מעדן שטראוס דיאט שוק,,,מעדן שטראוס דיאט שוק,,130.00,"100 מ""ל",false,,3.40,0.0262,true,1,197482
7290107953559,false,מארז קפה טורקי לדרך,,,מארז קפה טורקי לדרך,,168.00,100 גרם,false,,18.90,0.1125,true,1,234760
7290107954976,false,משקה חלב יטבתה פרו 3,,,משקה חלב יטבתה פרו 3,,350.00,100 מ'ל,false,,6.90,0.0197,true,1,226934
7290107956642,false,"תרסיס שמן זית 150 מ""",,,"תרסיס שמן זית 150 מ""",,150.00,100 גרם,false,,17.90,0.1193,true,1,234791
7290107956925,false,קפסולות אוגנדה מס 13,,,קפסולות אוגנדה מס 13,יחידה,0.00,יחידה,false,,18.90,0.0000,true,1,234799
7290107956932,false,קפסולות קפה עלית איד,,,קפסולות קפה עלית איד,,50.00,100 גרם,false,,18.90,0.3780,true,1,234800
7290107957991,false,מילקי מינייס מארז 6י,,,מילקי מינייס מארז 6י,,144.00,100 מ'ל,false,,14.90,0.1035,true,1,226945
7290107958035,false,דנונה מארז שמינייה מ,,,דנונה מארז שמינייה מ,,1200.00,100 מ'ל,false,,19.90,0.0166,true,1,226946
7290107973861,false,עגבניות קצוצות דק מא,,,עגבניות קצוצות דק מא,,1200.00,100 גרם,false,,16.90,0.0141,true,1,186232
7290107974820,false,ממרח מתובל ספייסי מא,,,ממרח מתובל ספייסי מא,,250.00,"100 מ""ל",false,,8.90,0.0356,true,1,186243
7290107974837,false,ממרח מתובל שום מאסטר,,,ממרח מתובל שום מאסטר,,250.00,"100 מ""ל",false,,8.90,0.0356,true,1,186244
7290108073874,false,חרב בועות סבון קטן ס,,,חרב בועות סבון קטן ס,יחידה,0.00,יחידה,false,,4.90,0.0000,true,1,221486
7290108201864,false,קולון קפסולות לכביסה,,,קולון קפסולות לכביסה,יחידה,0.00,יחידה,false,,25.90,0.0000,true,1,232675
7290108350128,false,שקיות אשפה סנו סושי,,,שקיות אשפה סנו סושי,,40.00,יח',false,,29.90,0.7475,true,1,181305
7290108350142,false,שקיות סנו סושי רב שי,,,שקיות סנו סושי רב שי,,270.00,100 ליטר,false,,14.90,0.0552,true,1,181307
7290108350531,false,סנו ספארק משאבה קלאס,,,סנו ספארק משאבה קלאס,,1000.00,"100 מ""ל",false,,12.90,0.0129,true,1,214435
7290108350616,false,סנו מקסימה בלו בלוסו,,,סנו מקסימה בלו בלוסו,,1000.00,100 גרם,false,,18.90,0.0189,true,1,181316
7290108350623,false,סנו מקסימה סופט סילק,,,סנו מקסימה סופט סילק,,1000.00,100 גרם,false,,18.90,0.0189,true,1,181317
7290108350722,false,אורביטול משחת שיניים,,,אורביטול משחת שיניים,,70.00,"100 מ""ל",false,,7.90,0.1129,true,1,223965
7290108351149,false,סנו ג'ט פלוס לניקוי,,,סנו ג'ט פלוס לניקוי,ליטרים,1.50,ליטר,false,,13.90,9.2667,true,1,220462
7290108351514,false,סנו מקסימה מרכך כביס,,,סנו מקסימה מרכך כביס,ליטרים,4.00,ליטר,false,,22.90,5.7250,true,1,181327
7290108351552,false,סנו ג'ט פלוס עם חומץ,,,סנו ג'ט פלוס עם חומץ,,750.00,"100 מ""ל",false,,12.90,0.0172,true,1,223968
7290108351613,false,ריצפז פרש הום בניחוח,,,ריצפז פרש הום בניחוח,ליטרים,2.00,ליטר,false,,23.90,11.9500,true,1,223974
7290108351699,false,מגבוני ניקוי ג'ט +חו,,,מגבוני ניקוי ג'ט +חו,יחידה,0.00,יחידה,false,,21.90,0.0000,true,1,223979
7290108351804,false,סנו מקסימה סופר מרוכ,,,סנו מקסימה סופר מרוכ,,1000.00,100 גרם,false,,18.90,0.0189,true,1,223986
7290108351835,false,סנו מקסימה מרכך כביס,,,סנו מקסימה מרכך כביס,,4000.00,100 גרם,false,,22.90,0.0057,true,1,223988
7290108352085,false,אורביטול שטיפת פה שו,,,אורביטול שטיפת פה שו,,500.00,100 מ'ל,false,,19.90,0.0398,true,1,224000
7290108352214,false,סנו מקסימה 40 קפסולו,,,סנו מקסימה 40 קפסולו,,40.00,100 מ'ל,false,,34.90,0.8725,true,1,224007
7290108352221,false,סנו פרש הום מלון מפנ,,,סנו פרש הום מלון מפנ,,350.00,100 גרם,false,,14.90,0.0426,true,1,224008
7290108352337,false,סנו פרש הום אוטומטיק,,,סנו פרש הום אוטומטיק,,250.00,100 גרם,false,,15.90,0.0636,true,1,224015
7290108352344,false,סנו פרש הום אוטומטיק,,,סנו פרש הום אוטומטיק,,250.00,"100 מ""ל",false,,15.90,0.0636,true,1,224016
7290108352382,false,סנו מטליות לחות אישי,,,סנו מטליות לחות אישי,יחידה,0.00,יחידה,false,,9.90,0.0000,true,1,224018
7290108352450,false,ריצפז פרש הום בלוסום,,,ריצפז פרש הום בלוסום,ליטרים,2.00,ליטר,false,,23.90,11.9500,true,1,224024
7290108352566,false,סנו מקסימה מרכך כביס,,,סנו מקסימה מרכך כביס,,4000.00,100 גרם,false,,22.90,0.0057,true,1,247749
7290108352672,false,מטלית הפלא לריצפה סנ,,,מטלית הפלא לריצפה סנ,יחידה,0.00,יחידה,false,,21.90,0.0000,true,1,224025
7290108352825,false,ספוג הפלא נירוסטה סנ,,,ספוג הפלא נירוסטה סנ,יחידה,0.00,יחידה,false,,10.90,0.0000,true,1,224029
7290108353686,false,מטלית חלומית לרצפה ס,קריות זול,,מטלית חלומית לרצפה ס,יחידה,0.00,יחידה,false,,10.90,0.0000,true,1,224042
7290108353747,false,קרמה תחליב רחצה ספא,,,קרמה תחליב רחצה ספא,,600.00,"100 מ""ל",false,,17.90,0.0298,true,1,249591
7290108353815,false,קרמה תחליב רחצה ספא,,,קרמה תחליב רחצה ספא,,600.00,"100 מ""ל",false,,17.90,0.0298,true,1,249592
7290108353969,false,קרמה דאודורנט ספריי,,,קרמה דאודורנט ספריי,,150.00,100 גרם,false,,15.90,0.1060,true,1,246672
7290108354034,false,קרמה סבון ידיים חמאת,,,קרמה סבון ידיים חמאת,,300.00,100 גרם,false,,10.90,0.0363,true,1,224051
7290108354416,false,קרמה תחליב רחצה ספא,,,קרמה תחליב רחצה ספא,,600.00,100 גרם,false,,17.90,0.0298,true,1,249593
7290108354430,false,כיף שמפו לשיער שמן ק,,,כיף שמפו לשיער שמן ק,,700.00,"100 מ""ל",false,,12.90,0.0184,true,1,224054
7290108354447,false,כיף מרכך לשיער שמן ק,,,כיף מרכך לשיער שמן ק,,700.00,"100 מ""ל",false,,12.90,0.0184,true,1,224055
7290108354485,false,קרליין מרכך 10 שמן א,,,קרליין מרכך 10 שמן א,,700.00,"100 מ""ל",false,,13.90,0.0199,true,1,248279
7290108354492,false,קרליין שמפו 10 שמן א,,,קרליין שמפו 10 שמן א,,700.00,"100 מ""ל",false,,13.90,0.0199,true,1,248275
7290108354751,false,סנו ג'ט פלוס עם חומץ,,,סנו ג'ט פלוס עם חומץ,,750.00,100 גרם,false,,12.90,0.0172,true,1,224056
7290108354911,false,קרמה מן 3 ב-1 -שמפו,,,קרמה מן 3 ב-1 -שמפו,,700.00,יח',false,,17.90,0.0256,true,1,224058
7290108355031,false,נקה 7 אל סבון קידס מ,,,נקה 7 אל סבון קידס מ,,750.00,100 גרם,false,,11.90,0.0159,true,1,181336
7290108355062,false,נטורל פורמולה קרם לח,,,נטורל פורמולה קרם לח,,400.00,"100 מ""ל",false,,29.90,0.0747,true,1,224062
7290108355178,false,קרמה קרם ידיים חמאת,,,קרמה קרם ידיים חמאת,,100.00,"100 מ""ל",false,,10.00,0.1000,true,1,224071
7290108355260,false,נקה 7 3ב1 שמפו+ג'ל ר,,,נקה 7 3ב1 שמפו+ג'ל ר,,750.00,"100 מ""ל",false,,12.90,0.0172,true,1,224076
7290108355307,false,נקה 7 שמפו סירוק קל,,,נקה 7 שמפו סירוק קל,,750.00,"100 מ""ל",false,,11.90,0.0159,true,1,224080
7290108355314,false,נקה 7 מרכך סירוק קל,,,נקה 7 מרכך סירוק קל,,750.00,"100 מ""ל",false,,11.90,0.0159,true,1,224081
7290108355802,false,קרמה תחליב רחצה ורד,,,קרמה תחליב רחצה ורד,,700.00,100 גרם,false,,18.90,0.0270,true,1,224093
7290108356007,false,כיף תחליב רחצה בניחו,,,כיף תחליב רחצה בניחו,,700.00,"100 מ""ל",false,,12.90,0.0184,true,1,224095
7290108356021,false,כיף תחליב רחצה בניחו,,,כיף תחליב רחצה בניחו,,700.00,100 גרם,false,,12.90,0.0184,true,1,224097
7290108356106,false,כיף תחליב רחצה שקד 7,קריות זול,,כיף תחליב רחצה שקד 7,,700.00,100 גרם,false,,12.90,0.0184,true,1,224104
7290108356113,false,כיף תחליב רחצה דבש 7,קריות זול,,כיף תחליב רחצה דבש 7,,700.00,100 מ'ל,false,,12.90,0.0184,true,1,224105
7290108356120,false,כיף תחליב רחצה קוקוס,קריות זול,,כיף תחליב רחצה קוקוס,,700.00,"100 מ""ל",false,,12.90,0.0184,true,1,224106
7290108356151,false,כיף תחליב רחצה מאסק,קריות זול,,כיף תחליב רחצה מאסק,,700.00,"100 מ""ל",false,,12.90,0.0184,true,1,224109
7290108356540,false,קרליין שמפו 10 לשיער,,,קרליין שמפו 10 לשיער,,700.00,100 גרם,false,,13.90,0.0199,true,1,248056
7290108356595,false,קרליין מרכך 10 לשיער,,,קרליין מרכך 10 לשיער,,700.00,100 גרם,false,,13.90,0.0199,true,1,248061
7290108357004,false,כיף שמפו לשיער ורד ו,,,כיף שמפו לשיער ורד ו,,700.00,"100 מ""ל",false,,12.90,0.0184,true,1,221811
7290108357011,false,כיף מרכך לשיער ורד ו,,,כיף מרכך לשיער ורד ו,,700.00,100 גרם,false,,12.90,0.0184,true,1,221812
7290108357028,false,כיף תחליב רחצה ורד ו,,,כיף תחליב רחצה ורד ו,,700.00,100 גרם,false,,12.90,0.0184,true,1,221813
7290108357264,false,פרש אוטומטי מילוי או,,,פרש אוטומטי מילוי או,,250.00,100 גרם,false,,15.90,0.0636,true,1,249211
7290108357288,false,אקונומיקה סנו ז'אוול,קריות זול,,אקונומיקה סנו ז'אוול,ליטרים,4.00,ליטר,false,,17.90,4.4750,true,1,248267
7290108357301,false,סנו 300-K קוטל נמלים,,,סנו 300-K קוטל נמלים,,300.00,100 גרם,false,,14.90,0.0497,true,1,248337
7290108357400,false,קרמה תחליב רחצה לבנד,,,קרמה תחליב רחצה לבנד,,700.00,"100 מ""ל",false,,18.90,0.0270,true,1,224120
7290108357660,false,סנובון באבלס בניחוח,קריות זול,,סנובון באבלס בניחוח,,0.00,מטר,false,,16.90,0.0000,true,1,250275
7290108357707,false,כיף שמפו לשיער רגיל,,,כיף שמפו לשיער רגיל,,700.00,"100 מ""ל",false,,12.90,0.0184,true,1,224122
7290108357714,false,כיף שמפו לשיער יבש ר,,,כיף שמפו לשיער יבש ר,,700.00,"100 מ""ל",false,,12.90,0.0184,true,1,224123
7290108357745,false,כיף שמפו ומרכך 2+1 ת,,,כיף שמפו ומרכך 2+1 ת,,700.00,"100 מ""ל",false,,12.90,0.0184,true,1,224125
7290108357752,false,כיף שמפו לשיער מעוצב,,,כיף שמפו לשיער מעוצב,,700.00,100 גרם,false,,12.90,0.0184,true,1,224126
7290108357769,false,כיף מרכך לשיער רגיל,,,כיף מרכך לשיער רגיל,,700.00,100 גרם,false,,12.90,0.0184,true,1,224127
7290108357882,false,כיף מרכך לחות מוגברת,,,כיף מרכך לחות מוגברת,,700.00,100 גרם,false,,12.90,0.0184,true,1,248265
7290108359183,false,שקיות אשפה עם ידית 6,,,שקיות אשפה עם ידית 6,יחידה,0.00,יחידה,false,,24.90,0.0000,true,1,249595
7290108359879,false,בייבי כיף אל סבון  7,,,בייבי כיף אל סבון  7,,750.00,100 גרם,false,,15.90,0.0212,true,1,224136
7290108359985,false,סנו ז'אוול קצף ניקוי,קריות זול,,סנו ז'אוול קצף ניקוי,,1000.00,"100 מ""ל",false,,19.90,0.0199,true,1,248270
7290108501346,false,גבינת גאודה מגורדת 2,,,גבינת גאודה מגורדת 2,,500.00,100 גרם,false,,24.90,0.0498,true,1,223488
7290108501360,false,גבינת צדר בשלה 200גר,,,גבינת צדר בשלה 200גר,,200.00,100 גרם,false,,19.90,0.0995,true,1,223490
7290108502305,false,גבינה גרנה פדנו משול,,,גבינה גרנה פדנו משול,,150.00,"100 מ""ל",false,,21.90,0.1460,true,1,223541
7290108502527,false,קרקרים ויליפוד מליחו,,,קרקרים ויליפוד מליחו,,500.00,"100 מ""ל",false,,9.90,0.0198,true,1,223552
7290108502541,false,גבינת שמנת טבעי יורו,,,גבינת שמנת טבעי יורו,,200.00,100 גרם,false,,12.90,0.0645,true,1,223554
7290108502558,false,גבינת שמנת לייט טבעי,,,גבינת שמנת לייט טבעי,,200.00,"100 מ""ל",false,,12.90,0.0645,true,1,223555
7290108502589,false,גבינת שמנת שום יורוצ,,,גבינת שמנת שום יורוצ,,200.00,100 גרם,false,,12.90,0.0645,true,1,223558
7290108502862,false,מלפפון כבוש במלח 600,,,מלפפון כבוש במלח 600,,600.00,100 גרם,false,,9.90,0.0165,true,1,223571
7290108503043,false,מארז תפוחונים 4*22 ג,,,מארז תפוחונים 4*22 ג,,88.00,"100 מ""ל",false,,14.90,0.1693,true,1,223581
7290108503067,false,פרמזנו משולש 150 גרם,,,פרמזנו משולש 150 גרם,,150.00,"100 מ""ל",false,,15.90,0.1060,true,1,223583
7290108503982,false,פרוסות גבינה 150ג בט,,,פרוסות גבינה 150ג בט,,150.00,"100 מ""ל",false,,9.90,0.0660,true,1,229430
7290108503999,false,פרוסות גבינה 150ג בט,,,פרוסות גבינה 150ג בט,,150.00,"100 מ""ל",false,,9.90,0.0660,true,1,229431
7290108504286,false,איבריקו צ'אנק יורו צ,,,איבריקו צ'אנק יורו צ,,150.00,"100 מ""ל",false,,14.90,0.0993,true,1,223644
7290108504293,false,מנצ'גו צ'אנק יורו צי,,,מנצ'גו צ'אנק יורו צי,,150.00,"100 מ""ל",false,,14.90,0.0993,true,1,223645
7290108504378,false,גבינת שמנת עם זיתים,,,גבינת שמנת עם זיתים,,200.00,100 גרם,false,,12.90,0.0645,true,1,223649
7290108504385,false,גבינת שמנת עם חלפיני,,,גבינת שמנת עם חלפיני,,200.00,100 גרם,false,,12.90,0.0645,true,1,223650
7290108504392,false,גבינת שמנת לייט עם ז,,,גבינת שמנת לייט עם ז,,200.00,"100 מ""ל",false,,12.90,0.0645,true,1,223651
7290108505153,false,יוגורט בטעם טבעי 10%,,,יוגורט בטעם טבעי 10%,,150.00,"100 מ""ל",false,,5.90,0.0393,true,1,223660
7290108505160,false,יוגורט עם אגסים 4% ש,,,יוגורט עם אגסים 4% ש,,150.00,100 גרם,false,,5.90,0.0393,true,1,223661
7290108505184,false,יוגורט עם קוקוס 5% ש,,,יוגורט עם קוקוס 5% ש,,150.00,100 גרם,false,,5.90,0.0393,true,1,223663
7290108505191,false,יוגורט עם פצפוצי שוק,,,יוגורט עם פצפוצי שוק,,150.00,"100 מ""ל",false,,5.90,0.0393,true,1,223664
7290108505375,false,צהובה פרוסות 400 גרם,,,צהובה פרוסות 400 גרם,,400.00,100 גרם,false,,19.90,0.0497,true,1,223672
7290108505740,false,גבינת קשקבל חצי קשה,,,גבינת קשקבל חצי קשה,,200.00,"100 מ""ל",false,,14.90,0.0745,true,1,223678
7290108506488,false,פינוקים סופלה שוקולד,,,פינוקים סופלה שוקולד,,200.00,"100 מ""ל",false,,14.90,0.0745,true,1,223686
7290108506495,false,פינוקים כנאפה קפוא 1,,,פינוקים כנאפה קפוא 1,,192.50,100 גרם,false,,12.90,0.0670,true,1,223687
7290108506501,false,אצבעות בצק פילו במיל,,,אצבעות בצק פילו במיל,,500.00,"100 מ""ל",false,,15.90,0.0318,true,1,248231
7290108506518,false,אצבעות בצק פילו במיל,,,אצבעות בצק פילו במיל,,500.00,100 גרם,false,,15.90,0.0318,true,1,248233
7290108506709,false,גבינת פרמג'נו רג'אנו,,,גבינת פרמג'נו רג'אנו,,150.00,100 גרם,false,,24.90,0.1660,true,1,223696
7290108506969,false,מאפה בורקס מים תורכי,,,מאפה בורקס מים תורכי,,300.00,100 גרם,false,,9.90,0.0330,true,1,223698
7290108507010,false,מאפה בורקס מים תורכי,,,מאפה בורקס מים תורכי,,300.00,100 גרם,false,,9.90,0.0330,true,1,223700
7290108507188,false,כנאפה אריזה משפחתית,,,כנאפה אריזה משפחתית,,657.50,100 גרם,false,,29.90,0.0455,true,1,223701
7290108507638,false,שלישיית עגבניות שלמו,,,שלישיית עגבניות שלמו,,1200.00,100 גרם,false,,14.90,0.0124,true,1,244803
7290108507645,false,ביסקוויט פריך בשוקול,,,ביסקוויט פריך בשוקול,,100.00,100 גרם,false,,6.90,0.0690,true,1,248237
7290108507652,false,ביסקויט פריך בשוקולד,,,ביסקויט פריך בשוקולד,,100.00,100 גרם,false,,6.90,0.0690,true,1,248240
7290108508499,false,איירן משקה יוגורט בס,,,איירן משקה יוגורט בס,,293.00,100 גרם,false,,5.90,0.0201,true,1,245568
7290108508888,false,ביסקוויט פתי בר וילי,,,ביסקוויט פתי בר וילי,,500.00,"100 מ""ל",false,,7.90,0.0158,true,1,246747
7290108509113,false,גבינה בולגרית מעודנת,,,גבינה בולגרית מעודנת,,250.00,"100 מ""ל",false,,11.90,0.0476,true,1,247855
7290108509120,false,גבינה בולגרית מעודנת,,,גבינה בולגרית מעודנת,,500.00,"100 מ""ל",false,,19.90,0.0398,true,1,247858
7290108509137,false,גבינה בולגרית מעודנת,,,גבינה בולגרית מעודנת,,250.00,"100 מ""ל",false,,11.90,0.0476,true,1,247856
7290108509267,false,ארוחת פסטה עם רוטב ע,,,ארוחת פסטה עם רוטב ע,,206.00,"100 מ""ל",false,,9.90,0.0481,true,1,250197
7290108509731,false,איירן משקה יוגורט בס,,,איירן משקה יוגורט בס,,1000.00,100 גרם,false,,15.90,0.0159,true,1,247853
7290109351025,false,חומוסטחינה צבר 400גר,,,חומוסטחינה צבר 400גר,,400.00,100 גרם,false,,14.50,0.0363,true,1,178260
7290109352916,false,פריכיות שוקולד לבן פ,,,פריכיות שוקולד לבן פ,,84.00,100 גרם,false,,14.90,0.1774,true,1,178272
7290109354101,false,לחמית ללא גלוטן אסם,,,לחמית ללא גלוטן אסם,,200.00,"100 מ""ל",false,,11.50,0.0575,true,1,221712
7290109358130,false,מאגדת לה פרוטה יוגור,,,מאגדת לה פרוטה יוגור,,300.00,"100 מ""ל",false,,25.90,0.0863,true,1,224752
7290109358260,false,נקניקיות מן הצומח עם,,,נקניקיות מן הצומח עם,,600.00,"100 מ""ל",false,,31.90,0.0532,true,1,223074
7290109358284,false,שניצל תירס עם חלבון,,,שניצל תירס עם חלבון,,664.00,"100 מ""ל",false,,31.90,0.0480,true,1,223075
7290109358482,false,קרמוגית במילוי חלווה,קריות זול,,קרמוגית במילוי חלווה,,200.00,100 גרם,false,,12.70,0.0635,true,1,223076
7290109358567,false,ספגטי פלוס אסם 400 ג,קריות זול,,ספגטי פלוס אסם 400 ג,,400.00,100 גרם,false,,6.50,0.0163,true,1,221045
7290109358765,false,"דגני קראנץ רולס בד""ץ",,,"דגני קראנץ רולס בד""ץ",,450.00,"100 מ""ל",false,,26.90,0.0598,true,1,221049
7290109374758,false,בוקסר גבר אומברו,,,בוקסר גבר אומברו,יחידה,0.00,יחידה,false,,14.90,0.0000,true,1,236847
7290109580043,false,"שניצל תירס 1.75ק""ג ז",,,"שניצל תירס 1.75ק""ג ז",,1750.00,"100 מ""ל",false,,49.90,0.0285,true,1,235506
7290109580111,false,צלעות אסאדו מעושנות,,,צלעות אסאדו מעושנות,,120.00,"100 מ""ל",false,,24.90,0.2075,true,1,247967
7290109580135,false,קורנדביף 180 גרם פרי,,,קורנדביף 180 גרם פרי,,180.00,"100 מ""ל",false,,24.90,0.1383,true,1,244978
7290109580210,false,נקניקיות הצרפתיה ריי,,,נקניקיות הצרפתיה ריי,,300.00,"100 מ""ל",false,,19.90,0.0663,true,1,247722
7290109580227,false,נקניקיות קאריוורסט ר,,,נקניקיות קאריוורסט ר,,300.00,100 גרם,false,,19.90,0.0663,true,1,247723
7290109580432,false,פסטרמה בדחזה הודו מע,,,פסטרמה בדחזה הודו מע,,120.00,"100 מ""ל",false,,14.90,0.1242,true,1,249163
7290109920146,false,דורגול מסיר אבנית 75,,,דורגול מסיר אבנית 75,,750.00,100 גרם,false,,19.90,0.0265,true,1,183757
7290109920580,false,אסטוניש מרסס עם אקונ,,,אסטוניש מרסס עם אקונ,,750.00,"100 מ""ל",false,,15.90,0.0212,true,1,224714
7290109920603,false,אסטוניש קרם מטבח 500,,,אסטוניש קרם מטבח 500,,500.00,"100 מ""ל",false,,19.90,0.0398,true,1,224716
7290109920658,false,אסטוניש אנטי בקטריאל,,,אסטוניש אנטי בקטריאל,,750.00,"100 מ""ל",false,,15.90,0.0212,true,1,224718
7290109920665,false,אסטוניש מסיר אוכל שר,,,אסטוניש מסיר אוכל שר,,750.00,"100 מ""ל",false,,15.90,0.0212,true,1,224719
7290109920757,false,הפי מרכך כביסה מרוכז,,,הפי מרכך כביסה מרוכז,,1000.00,100 מ'ל,false,,10.90,0.0109,true,1,224721
7290109920849,false,אסטוניש תפוז לניקוי,,,אסטוניש תפוז לניקוי,,750.00,"100 מ""ל",false,,15.90,0.0212,true,1,224724
7290109921129,false,הפי מרכך כביסה סופר,,,הפי מרכך כביסה סופר,,1000.00,100 גרם,false,,10.90,0.0109,true,1,224727
7290109921587,false,הפי לרצפית גרנית פור,,,הפי לרצפית גרנית פור,,1250.00,100 גרם,false,,14.90,0.0119,true,1,224733
7290109923031,false,אסטוניש מרסס פרמיום,,,אסטוניש מרסס פרמיום,,750.00,"100 מ""ל",false,,15.90,0.0212,true,1,248290
7290109923079,false,דזיטול נוזל מרוכז לח,,,דזיטול נוזל מרוכז לח,,2000.00,100 גרם,false,,14.90,0.0075,true,1,248938
7290109923147,false,אסטוניש מרסס פלא של,,,אסטוניש מרסס פלא של,,750.00,"100 מ""ל",false,,15.90,0.0212,true,1,248934
7290110058852,false,שלישיית ביצי שוקולד,,,שלישיית ביצי שוקולד,יחידה,0.00,יחידה,false,,13.90,0.0000,true,1,225326
7290110110369,false,בירה קרלסברג לומה בק,קריות זול,,בירה קרלסברג לומה בק,,1980.00,100 גרם,false,,37.90,0.0191,true,1,235146
7290110110659,false,"ספרייט סליק 330 מ""ל",,,"ספרייט סליק 330 מ""ל",,330.00,100 גרם,false,,6.50,0.0197,true,1,235160
7290110111809,false,פאנטה אורנג' פחיות ש,,,פאנטה אורנג' פחיות ש,,1980.00,"100 מ""ל",false,,28.90,0.0146,true,1,235179
7290110113476,false,קרלסברג שישיה 0% אלכ,,,קרלסברג שישיה 0% אלכ,,1980.00,100 גרם,false,,33.90,0.0171,true,1,235202
7290110114787,false,נביעות+ תפוח 1.5ליטר,,,נביעות+ תפוח 1.5ליטר,,1500.00,100 גרם,false,,9.90,0.0066,true,1,247575
7290110114794,false,נביעות+ אפרסק 1.5ליט,,,נביעות+ אפרסק 1.5ליט,,1500.00,"100 מ""ל",false,,9.90,0.0066,true,1,247576
7290110114800,false,נביעות+ ענבים 1.5ליט,,,נביעות+ ענבים 1.5ליט,,1500.00,"100 מ""ל",false,,9.90,0.0066,true,1,247577
7290110114855,false,נביעות שישייה 6*1.5ל,קריות זול,,נביעות שישייה 6*1.5ל,,9000.00,"100 מ""ל",false,,13.70,0.0015,true,1,247446
7290110114893,false,סחוט תפוז 2ליטר,,,סחוט תפוז 2ליטר,,2000.00,100 גרם,false,,29.90,0.0150,true,1,247440
7290110114954,false,סחוט 2ליטר מתקתק 100,,,סחוט 2ליטר מתקתק 100,,2000.00,"100 מ""ל",false,,24.90,0.0125,true,1,247443
7290110114961,false,משקה קל בטעם תפוזים,,,משקה קל בטעם תפוזים,,1500.00,"100 מ""ל",false,,9.90,0.0066,true,1,247582
7290110114985,false,משקה קל בטעם אשכוליו,,,משקה קל בטעם אשכוליו,,1500.00,"100 מ""ל",false,,9.90,0.0066,true,1,247584
7290110114992,false,פריגת אשכולית לייט 1,,,פריגת אשכולית לייט 1,,1500.00,100 גרם,false,,9.90,0.0066,true,1,247585
7290110115005,false,משקה קל בטעם ענבים פ,,,משקה קל בטעם ענבים פ,,1500.00,"100 מ""ל",false,,9.90,0.0066,true,1,247586
7290110115029,false,פריגת משקה קל תפוחים,,,פריגת משקה קל תפוחים,,1500.00,"100 מ""ל",false,,9.90,0.0066,true,1,247588
7290110115036,false,פריגת משקה קל מנגו,,,פריגת משקה קל מנגו,,1500.00,"100 מ""ל",false,,9.90,0.0066,true,1,247589
7290110115043,false,משקה קל בטעם לימונענ,,,משקה קל בטעם לימונענ,,1500.00,"100 מ""ל",false,,9.90,0.0066,true,1,247590
7290110115050,false,פריגת משקה קל תות-בנ,,,פריגת משקה קל תות-בנ,,1500.00,"100 מ""ל",false,,9.90,0.0066,true,1,247591
7290110115081,false,פריגת צלול ענבים 1.5,,,פריגת צלול ענבים 1.5,,1500.00,"100 מ""ל",false,,9.90,0.0066,true,1,247595
7290110115104,false,פריגת צלול אפרסק 1.5,,,פריגת צלול אפרסק 1.5,,1500.00,"100 מ""ל",false,,9.90,0.0066,true,1,247597
7290110115111,false,פריגת צלול אננס 1.5,,,פריגת צלול אננס 1.5,,1500.00,"100 מ""ל",false,,9.90,0.0066,true,1,247598
7290110115128,false,פריגת צלול בטעם לימו,,,פריגת צלול בטעם לימו,,1500.00,100 מ'ל,false,,9.90,0.0066,true,1,247599
7290110115180,false,נביעות 1.5 ליטר,,,נביעות 1.5 ליטר,,1500.00,"100 מ""ל",false,,2.90,0.0019,true,1,247677
7290110115203,false,קוקה קולה 1.5 ליטר,,,קוקה קולה 1.5 ליטר,,1500.00,"100 מ""ל",false,,8.90,0.0059,true,1,247452
7290110115210,false,קוקה קולה דיאט 1.5ל,,,קוקה קולה דיאט 1.5ל,,1500.00,"100 מ""ל",false,,8.90,0.0059,true,1,247453
7290110115227,false,קוקה קולה זירו בקבוק,,,קוקה קולה זירו בקבוק,,1500.00,"100 מ""ל",false,,8.90,0.0059,true,1,247454
7290110115234,false,קוקה קולה זירו נטול,,,קוקה קולה זירו נטול,,1500.00,"100 מ""ל",false,,8.90,0.0059,true,1,247455
7290110115241,false,קוקה קולה זירו לימון,,,קוקה קולה זירו לימון,,1500.00,"100 מ""ל",false,,8.90,0.0059,true,1,247456
7290110115265,false,ספרייט ליים 1.5ליטר,,,ספרייט ליים 1.5ליטר,,1500.00,"100 מ""ל",false,,8.90,0.0059,true,1,247550
7290110115272,false,ספרייט זירו 1.5ליטר,,,ספרייט זירו 1.5ליטר,,1500.00,"100 מ""ל",false,,8.90,0.0059,true,1,247551
7290110115289,false,ספרייט 19 קלוריות לי,,,ספרייט 19 קלוריות לי,,1500.00,100 גרם,false,,8.90,0.0059,true,1,247554
7290110115296,false,פאנטה אורנג 1.5ליטר,,,פאנטה אורנג 1.5ליטר,,1500.00,100 גרם,false,,8.90,0.0059,true,1,247602
7290110115302,false,פאנטה זירו אורנג 1.5,,,פאנטה זירו אורנג 1.5,,1500.00,"100 מ""ל",false,,8.90,0.0059,true,1,247603
7290110115319,false,פאנטה אקזוטיק 1.5ליט,,,פאנטה אקזוטיק 1.5ליט,,1500.00,100 גרם,false,,8.90,0.0059,true,1,247604
7290110115326,false,פאנטה אורנג מנגו 1.5,,,פאנטה אורנג מנגו 1.5,,1500.00,"100 מ""ל",false,,8.90,0.0059,true,1,247605
7290110115333,false,פאנטה תות 1.5ליטר,,,פאנטה תות 1.5ליטר,,1500.00,100 גרם,false,,8.90,0.0059,true,1,247606
7290110115357,false,קינלי סודה 1.5ליטר,קריות זול,,קינלי סודה 1.5ליטר,,1500.00,"100 מ""ל",false,,4.50,0.0030,true,1,247556
7290110115364,false,קוקה קולה שישייה 6*1,,,קוקה קולה שישייה 6*1,,9000.00,"100 מ""ל",false,,49.90,0.0055,true,1,247458
7290110115371,false,קוקה קולה דיאט שישיי,,,קוקה קולה דיאט שישיי,,9000.00,"100 מ""ל",false,,49.90,0.0055,true,1,247459
7290110115395,false,ספרייט זירו שישייה 6,,,ספרייט זירו שישייה 6,,9000.00,100 מ'ל,false,,49.90,0.0055,true,1,247607
7290110115401,false,קינלי סודה מארז שישי,,,קינלי סודה מארז שישי,,9000.00,"100 מ""ל",false,,21.70,0.0024,true,1,247610
7290110115418,false,קוקה קולה זירו שישיי,,,קוקה קולה זירו שישיי,,9000.00,100 גרם,false,,49.90,0.0055,true,1,247549
7290110115425,false,פיוז טי גרין לימון נ,,,פיוז טי גרין לימון נ,,1500.00,100 גרם,false,,10.90,0.0073,true,1,247557
7290110115449,false,פיוז טי מנגו אננס 1.,,,פיוז טי מנגו אננס 1.,,1500.00,100 גרם,false,,10.90,0.0073,true,1,247559
7290110115456,false,פיוז טי אפרסק 19קלור,,,פיוז טי אפרסק 19קלור,,1500.00,100 גרם,false,,10.90,0.0073,true,1,247560
7290110115463,false,פיוז טי אפרסק 1.5ליט,,,פיוז טי אפרסק 1.5ליט,,1500.00,"100 מ""ל",false,,10.90,0.0073,true,1,247561
7290110115494,false,פיוז טי ענבים 1.5ליט,,,פיוז טי ענבים 1.5ליט,,1500.00,"100 מ""ל",false,,10.90,0.0073,true,1,247563
7290110115586,false,פריגת תפוזים 40% פחו,,,פריגת תפוזים 40% פחו,,1500.00,100 גרם,false,,9.90,0.0066,true,1,247354
7290110115593,false,פריגת אשכולית 40% פח,,,פריגת אשכולית 40% פח,,1500.00,"100 מ""ל",false,,9.90,0.0066,true,1,247594
7290110115616,false,פיוז טי זירו גרין אנ,,,פיוז טי זירו גרין אנ,,1500.00,"100 מ""ל",false,,10.90,0.0073,true,1,247566
7290110115623,false,פיוז טי זירו אפרסק 1,,,פיוז טי זירו אפרסק 1,,1500.00,"100 מ""ל",false,,10.90,0.0073,true,1,247567
7290110115777,false,נביעות 1.5 ליטר,,,נביעות 1.5 ליטר,,1500.00,"100 מ""ל",false,,2.90,0.0019,true,1,247678
7290110115821,false,ספרייט ליים 1.5ליטר,,,ספרייט ליים 1.5ליטר,,1500.00,100 גרם,false,,8.90,0.0059,true,1,247693
7290110115838,false,ספרייט זירו 1.5ליטר,,,ספרייט זירו 1.5ליטר,,1500.00,"100 מ""ל",false,,8.90,0.0059,true,1,247694
7290110115845,false,קוקה קולה 1.5 ליטר,,,קוקה קולה 1.5 ליטר,,1500.00,"100 מ""ל",false,,8.90,0.0059,true,1,247674
7290110115852,false,קוקה קולה דיאט 1.5ל,,,קוקה קולה דיאט 1.5ל,,1500.00,"100 מ""ל",false,,8.90,0.0059,true,1,247695
7290110115869,false,קוקה קולה זירו בקבוק,,,קוקה קולה זירו בקבוק,,1500.00,"100 מ""ל",false,,8.90,0.0059,true,1,247675
7290110115876,false,קינלי סודה 1.5ליטר,קריות זול,,קינלי סודה 1.5ליטר,,1500.00,"100 מ""ל",false,,4.50,0.0030,true,1,247696
7290110115968,false,קוקה קולה 1ליטר,,,קוקה קולה 1ליטר,,1000.00,100 גרם,false,,7.50,0.0075,true,1,248268
7290110115975,false,קוקה קולה זירו 1ליטר,,,קוקה קולה זירו 1ליטר,,1000.00,100 גרם,false,,7.50,0.0075,true,1,248274
7290110116194,false,נביעות+לימון ליים 0,,,נביעות+לימון ליים 0,,1500.00,100 גרם,false,,10.90,0.0073,true,1,249799
7290110116217,false,נביעות+אשכולית 0 קלו,,,נביעות+אשכולית 0 קלו,,1500.00,100 גרם,false,,10.90,0.0073,true,1,249800
7290110116569,false,ספרייט למון היט זירו,,,ספרייט למון היט זירו,,1500.00,100 גרם,false,,8.90,0.0059,true,1,250485
7290110320683,false,יופלה משקה 360 בטעם,,,יופלה משקה 360 בטעם,,856.00,"100 מ""ל",false,,17.70,0.0207,true,1,225701
7290110320867,false,פתיתי עמק גבינה צהוב,,,פתיתי עמק גבינה צהוב,,500.00,100 מ'ל,false,,35.50,0.0710,true,1,225707
7290110321031,false,יופלה GO יוגורט מועש,,,יופלה GO יוגורט מועש,,200.00,"100 מ""ל",false,,5.60,0.0280,true,1,225719
7290110321277,false,קוטג בקטנה 5% מהדרין,קריות זול,,קוטג בקטנה 5% מהדרין,,100.00,"100 מ""ל",false,,2.90,0.0290,true,1,225734
7290110321284,false,קוטג בקטנה 9% מהדרין,קריות זול,,קוטג בקטנה 9% מהדרין,,100.00,100 גרם,false,,2.90,0.0290,true,1,225735
7290110321697,false,יופלה GO אפרסק 200 ג,,,יופלה GO אפרסק 200 ג,,200.00,"100 מ""ל",false,,5.80,0.0290,true,1,225747
7290110321703,false,יופלה גו פירות יער 2,,,יופלה גו פירות יער 2,,200.00,100 גרם,false,,5.80,0.0290,true,1,225748
7290110322014,false,טופו טבעי 300 גרם,,,טופו טבעי 300 גרם,,300.00,100 גרם,false,,12.40,0.0413,true,1,225760
7290110322021,false,טופו בזיליקום 300 גר,,,טופו בזיליקום 300 גר,,300.00,100 גרם,false,,12.40,0.0413,true,1,225761
7290110322946,false,יופלה טיוב יוגורט במ,,,יופלה טיוב יוגורט במ,,348.00,100 גרם,false,,12.30,0.0353,true,1,225777
7290110323073,false,משקה יוגורט מועשר בח,,,משקה יוגורט מועשר בח,,250.00,"100 מ""ל",false,,6.40,0.0256,true,1,225783
7290110323585,false,יופלה GO יוגורט עם ד,,,יופלה GO יוגורט עם ד,,200.00,"100 מ""ל",false,,5.80,0.0290,true,1,225800
7290110323592,false,יופלה GO יוגורט עם א,,,יופלה GO יוגורט עם א,,200.00,100 מ'ל,false,,5.80,0.0290,true,1,225801
7290110323714,false,משקה קוקוס שקדים 1 ל,,IL,משקה קוקוס שקדים 1 ל,,1000.00,100 גרם,false,,12.50,0.0125,true,1,225808
7290110324353,false,יופלה GO לייט בטעם א,,,יופלה GO לייט בטעם א,,200.00,"100 מ""ל",false,,5.80,0.0290,true,1,225838
7290110324551,false,יופלה טיוב יוגורט במ,,,יופלה טיוב יוגורט במ,,348.00,"100 מ""ל",false,,12.30,0.0353,true,1,225850
7290110324711,false,ממרח סויה 9% בטעם טב,קריות זול,,ממרח סויה 9% בטעם טב,,250.00,100 גרם,false,,8.90,0.0356,true,1,225862
7290110324728,false,ממרח סויה 9% עם שום,קריות זול,,ממרח סויה 9% עם שום,,250.00,"100 מ""ל",false,,8.90,0.0356,true,1,225863
7290110324872,false,גבינה גלבוע 200גר 5%,,,גבינה גלבוע 200גר 5%,,200.00,100 גרם,false,,18.50,0.0925,true,1,225874
7290110324926,false,משקה סויה ללא תוספת,,,משקה סויה ללא תוספת,,1000.00,100 גרם,false,,10.90,0.0109,true,1,225879
7290110325084,false,מאגדת שמינייה מיני ק,קריות זול,,מאגדת שמינייה מיני ק,,800.00,"100 מ""ל",false,,14.50,0.0181,true,1,225880
7290110325312,false,מעדן סויה גו בטעם תו,,,מעדן סויה גו בטעם תו,,200.00,100 גרם,false,,5.70,0.0285,true,1,225888
7290110325619,false,משקה שיבולת שועל 1 ל,,IL,משקה שיבולת שועל 1 ל,,1000.00,"100 מ""ל",false,,12.50,0.0125,true,1,225900
7290110325701,false,פיראוס צזיקי יווני 9,,,פיראוס צזיקי יווני 9,,250.00,"100 מ""ל",false,,12.90,0.0516,true,1,225905
7290110325893,false,משקה חלב גו אייס קפה,קריות זול,,משקה חלב גו אייס קפה,,340.00,"100 מ""ל",false,,7.90,0.0232,true,1,225917
7290110326210,false,יופלה און טופ פצפוצי,,,יופלה און טופ פצפוצי,,157.00,"100 מ""ל",false,,4.80,0.0306,true,1,225931
7290110326227,false,יופלה און טופ קורנפל,,,יופלה און טופ קורנפל,,157.00,100 גרם,false,,4.80,0.0306,true,1,225932
7290110326234,false,יופלה און טופ כוכבים,,,יופלה און טופ כוכבים,,157.00,"100 מ""ל",false,,4.80,0.0306,true,1,225933
7290110326241,false,יופלה און טופ גרנולה,,,יופלה און טופ גרנולה,,157.00,100 גרם,false,,4.80,0.0306,true,1,225934
7290110326333,false,פרוסות גבינה סקנדינב,,,פרוסות גבינה סקנדינב,,170.00,100 גרם,false,,18.50,0.1088,true,1,225935
7290110327033,false,משקה סויה תנובה גו ח,,IL,משקה סויה תנובה גו ח,,1000.00,"100 מ""ל",false,,12.50,0.0125,true,1,225973
7290110327514,false,משקה שיבולת שועל בטע,,IL,משקה שיבולת שועל בטע,,1000.00,"100 מ""ל",false,,12.50,0.0125,true,1,246270
7290110327545,false,יופלה און טופ תות בת,,,יופלה און טופ תות בת,,157.00,"100 מ""ל",false,,4.80,0.0306,true,1,225993
7290110327798,false,חטיף חלבון גו בטעם ש,,,חטיף חלבון גו בטעם ש,יחידה,0.00,יחידה,false,,11.90,0.0000,true,1,245995
7290110327804,false,חטיף חלבון גו בטעם ע,,,חטיף חלבון גו בטעם ע,יחידה,0.00,יחידה,false,,11.90,0.0000,true,1,245996
7290110327811,false,חטיף חלבון גו בטעם ק,,,חטיף חלבון גו בטעם ק,יחידה,0.00,יחידה,false,,11.90,0.0000,true,1,245997
7290110327828,false,חטיף חלבון גו בטעם ח,,,חטיף חלבון גו בטעם ח,יחידה,0.00,יחידה,false,,11.90,0.0000,true,1,245998
7290110328627,false,יוגורט גו סמיך 0% בנ,,IL,יוגורט גו סמיך 0% בנ,,200.00,"100 מ""ל",false,,5.90,0.0295,true,1,245916
7290110328641,false,טופו טבעי מארז 2*250,,,טופו טבעי מארז 2*250,,500.00,100 גרם,false,,19.90,0.0398,true,1,246371
7290110328764,false,יוגורט גו סמיך 0% תו,,IL,יוגורט גו סמיך 0% תו,,200.00,"100 מ""ל",false,,5.90,0.0295,true,1,245920
7290110328788,false,יוגורט גו סמיך 0% אפ,,IL,יוגורט גו סמיך 0% אפ,,200.00,100 גרם,false,,5.90,0.0295,true,1,245918
7290110329266,false,יוגורט תנובה מחלב עי,קריות זול,,יוגורט תנובה מחלב עי,,140.00,100 גרם,false,,6.10,0.0436,true,1,246268
7290110329426,false,טופו טבעי עם רוטב קר,,,טופו טבעי עם רוטב קר,,250.00,"100 מ""ל",false,,13.90,0.0556,true,1,248925
7290110329433,false,טופו טבעי עם רוטב סצ,,,טופו טבעי עם רוטב סצ,,250.00,"100 מ""ל",false,,13.90,0.0556,true,1,248926
7290110329686,false,משקה חלב גו בטעם עוג,,,משקה חלב גו בטעם עוג,,340.00,"100 מ""ל",false,,7.90,0.0232,true,1,247230
7290110329716,false,משקה קפה קר בטעם קפו,,,משקה קפה קר בטעם קפו,,230.00,"100 מ""ל",false,,7.90,0.0343,true,1,248820
7290110329723,false,משקה קפה קר בטעם לאט,,,משקה קפה קר בטעם לאט,,230.00,"100 מ""ל",false,,7.90,0.0343,true,1,248821
7290110329730,false,משקה חלב עם שוקולד ו,,,משקה חלב עם שוקולד ו,,230.00,"100 מ""ל",false,,7.90,0.0343,true,1,248822
7290110329792,false,סויה ביו אפרסק 150 ג,,,סויה ביו אפרסק 150 ג,,150.00,"100 מ""ל",false,,4.70,0.0313,true,1,247742
7290110329808,false,סויה ביו תות 150 ג א,,,סויה ביו תות 150 ג א,,150.00,100 גרם,false,,4.70,0.0313,true,1,247738
7290110329815,false,סויה ביו מתיקות מעוד,,,סויה ביו מתיקות מעוד,,150.00,"100 מ""ל",false,,4.70,0.0313,true,1,247739
7290110329822,false,סויה ביו פירות יער ג,,,סויה ביו פירות יער ג,,150.00,100 גרם,false,,4.70,0.0313,true,1,247740
7290110329846,false,סויה ביו טבעי 150 גר,,,סויה ביו טבעי 150 גר,,150.00,100 גרם,false,,4.70,0.0313,true,1,247744
7290110550363,false,אנרג'י פריכיות משולש,,,אנרג'י פריכיות משולש,,65.00,"100 מ""ל",false,,9.90,0.1523,true,1,247899
7290110550370,false,משולשות קינואה ופלפל,,,משולשות קינואה ופלפל,,65.00,100 גרם,false,,9.90,0.1523,true,1,249832
7290110552121,false,היוגורט הראשון שלי 1,,,היוגורט הראשון שלי 1,,100.00,100 גרם,false,,2.50,0.0250,true,1,248859
7290110552220,false,דנונה פרו 20 גרם חלב,,,דנונה פרו 20 גרם חלב,,200.00,100 גרם,false,,6.30,0.0315,true,1,247705
7290110552237,false,דנונה פרו 20 גרם חלב,,,דנונה פרו 20 גרם חלב,,200.00,100 גרם,false,,6.30,0.0315,true,1,247706
7290110553104,false,אבקה להכנת משקה קפוצ,,,אבקה להכנת משקה קפוצ,,130.00,"100 מ""ל",false,,17.90,0.1377,true,1,250146
7290110553135,false,אבקה להכנת משקה קפוצ,,,אבקה להכנת משקה קפוצ,,130.00,100 גרם,false,,17.90,0.1377,true,1,250147
7290110553180,false,פריכיות אנרגי בטעם ת,,,פריכיות אנרגי בטעם ת,,40.00,"100 מ""ל",false,,6.90,0.1725,true,1,249834
7290110554125,false,נודלס סצ'ואן חריף 35,,,נודלס סצ'ואן חריף 35,,350.00,"100 מ""ל",false,,27.90,0.0797,true,1,250326
7290110554422,false,רוטב עגבניות ופלפלים,,,רוטב עגבניות ופלפלים,,350.00,100 גרם,false,,11.90,0.0340,true,1,247906
7290110554514,false,קפה טורקי אתיופי 100,,,קפה טורקי אתיופי 100,,100.00,"100 מ""ל",false,,8.90,0.0890,true,1,249195
7290110554545,false,קפסולות אספרסו לאפוג,,,קפסולות אספרסו לאפוג,,50.00,100 גרם,false,,18.90,0.3780,true,1,249197
7290110554583,false,ציטוס פאפס בטעם גבינ,,,ציטוס פאפס בטעם גבינ,,200.00,100 גרם,false,,12.90,0.0645,true,1,247656
7290110554699,false,קפסולות נספרסו לקפה,,,קפסולות נספרסו לקפה,,50.00,100 גרם,false,,21.90,0.4380,true,1,250113
7290110554705,false,קפסולות נספרסו לקפה,,,קפסולות נספרסו לקפה,,50.00,100 גרם,false,,21.90,0.4380,true,1,250114
7290110554712,false,קפסולות נספרסו לקפה,,,קפסולות נספרסו לקפה,,50.00,"100 מ""ל",false,,21.90,0.4380,true,1,250115
7290110554729,false,קפסולות אספרסו מס 04,,,קפסולות אספרסו מס 04,,50.00,100 גרם,false,,18.90,0.3780,true,1,248136
7290110555306,false,רבע לשבע טבעוני סינמ,,,רבע לשבע טבעוני סינמ,,125.00,"100 מ""ל",false,,11.90,0.0952,true,1,249198
7290110555603,false,אבקה להכנת משקה שוקו,,,אבקה להכנת משקה שוקו,,360.00,100 גרם,false,,23.90,0.0664,true,1,250151
7290110555665,false,קקאו דל שומן עלית בק,,,קקאו דל שומן עלית בק,,220.00,100 גרם,false,,19.90,0.0905,true,1,250150
7290110556242,false,שוקולד מריר פרווה בד,קריות זול,,שוקולד מריר פרווה בד,,100.00,100 גרם,false,,5.90,0.0590,true,1,249835
7290110557027,false,חומוס 50% טחינה 400,,,חומוס 50% טחינה 400,,400.00,"100 מ""ל",false,,12.90,0.0323,true,1,247286
7290110557102,false,מעדן חלב עם שוקולד 1,,,מעדן חלב עם שוקולד 1,,150.00,100 גרם,false,,5.40,0.0360,true,1,246658
7290110557133,false,מעדן הגולן וניל 125,קריות זול,,מעדן הגולן וניל 125,,125.00,100 גרם,false,,3.00,0.0240,true,1,247179
7290110557317,false,היוגורט הראשון שלי ש,,,היוגורט הראשון שלי ש,,100.00,"100 מ""ל",false,,2.50,0.0250,true,1,248860
7290110557478,false,אחלה חומוס גלילי 600,,,אחלה חומוס גלילי 600,,600.00,"100 מ""ל",false,,11.90,0.0198,true,1,248705
7290110557645,false,אנרג'י מיקס צימוקים,,,אנרג'י מיקס צימוקים,,100.00,100 גרם,false,,17.90,0.1790,true,1,249520
7290110558130,false,אקטיביה עם שיבולת שו,,,אקטיביה עם שיבולת שו,,150.00,"100 מ""ל",false,,4.80,0.0320,true,1,249170
7290110558154,false,דנונה לייט אנד פרי ע,,,דנונה לייט אנד פרי ע,,150.00,"100 מ""ל",false,,4.80,0.0320,true,1,249473
7290110558222,false,דנונה WOW בנופי 150,,,דנונה WOW בנופי 150,,150.00,100 גרם,false,,4.80,0.0320,true,1,249470
7290110558239,false,דנונה WOW קראק פאי 1,,,דנונה WOW קראק פאי 1,,150.00,100 גרם,false,,4.80,0.0320,true,1,249471
7290110558284,false,דנונה ביו מולטי 200,,,דנונה ביו מולטי 200,,200.00,100 גרם,false,,4.40,0.0220,true,1,249391
7290110558314,false,דנונה פרו 20 גרם חלב,,,דנונה פרו 20 גרם חלב,,200.00,100 גרם,false,,6.30,0.0315,true,1,249474
7290110558666,false,מעדן דניאלה תפוח 150,קריות זול,,מעדן דניאלה תפוח 150,,150.00,100 גרם,false,,4.10,0.0273,true,1,250283
7290110559007,false,שעועית חומה 380ג טעם,,,שעועית חומה 380ג טעם,,380.00,"100 מ""ל",false,,6.90,0.0182,true,1,249523
7290110559014,false,שעועית שחורה 380 גרם,,,שעועית שחורה 380 גרם,,380.00,"100 מ""ל",false,,6.90,0.0182,true,1,249524
7290110559755,false,ריל מאגדת בוטנים פיס,,,ריל מאגדת בוטנים פיס,,105.00,"100 מ""ל",false,,17.90,0.1705,true,1,249449
7290110559939,false,שווארמה מנתחי סויה ו,,,שווארמה מנתחי סויה ו,,350.00,100 גרם,false,,27.90,0.0797,true,1,250327
7290110560324,false,פריכיות משולשות-אפונ,,,פריכיות משולשות-אפונ,,30.00,"100 מ""ל",false,,5.50,0.1833,true,1,234830
7290110561352,false,דנונה ביו דל לקטוז 2,,,דנונה ביו דל לקטוז 2,,200.00,100 גרם,false,,3.70,0.0185,true,1,226961
7290110563431,false,משקה קפה קר בסיגנון,,,משקה קפה קר בסיגנון,,230.00,"100 מ""ל",false,,7.90,0.0343,true,1,226969
7290110563448,false,משקה קפה קר בסיגנון,,,משקה קפה קר בסיגנון,,230.00,100 גרם,false,,7.90,0.0343,true,1,226970
7290110563462,false,חלב 2% בבקבוק נטול ל,,,חלב 2% בבקבוק נטול ל,,1000.00,100 גרם,false,,8.90,0.0089,true,1,226972
7290110564339,false,חומוס אבי עשיר ב30%,,,חומוס אבי עשיר ב30%,,400.00,100 גרם,false,,12.90,0.0323,true,1,226977
7290110564360,false,חומוס אבי עשיר ב40%,,,חומוס אבי עשיר ב40%,,400.00,100 גרם,false,,12.90,0.0323,true,1,226978
7290110564414,false,חומוס עשיר ב 30% טחי,,,חומוס עשיר ב 30% טחי,,600.00,100 גרם,false,,14.90,0.0248,true,1,226980
7290110565435,false,לימבו פטל חלבי 125גר,,,לימבו פטל חלבי 125גר,,125.00,100 גרם,false,,2.30,0.0184,true,1,226988
7290110565527,false,דנונה פרו 20 גרם חלב,,,דנונה פרו 20 גרם חלב,,200.00,100 גרם,false,,6.30,0.0315,true,1,226990
7290110565572,false,קפה טורקי לדרך עם הל,,,קפה טורקי לדרך עם הל,,168.00,"100 מ""ל",false,,18.90,0.1125,true,1,234854
7290110566623,false,קפסולות קולומביה מס,,,קפסולות קולומביה מס,יחידה,0.00,יחידה,false,,18.90,0.0000,true,1,234866
7290110566975,false,דנונה פרו 20 גרם חלב,,,דנונה פרו 20 גרם חלב,,200.00,100 גרם,false,,6.30,0.0315,true,1,226993
7290110568238,false,קצפת צמחית 21% שומן,,,קצפת צמחית 21% שומן,,250.00,100 גרם,false,,8.50,0.0340,true,1,227002
7290110568276,false,משקה יוטבתה פרו וניל,,,משקה יוטבתה פרו וניל,,350.00,100 גרם,false,,6.90,0.0197,true,1,227003
7290110568504,false,קונפיטורת משמש במתיק,קריות זול,,קונפיטורת משמש במתיק,,265.00,"100 מ""ל",false,,13.90,0.0525,true,1,234889
7290110568511,false,קונפיטורת פירות יער,קריות זול,,קונפיטורת פירות יער,,265.00,"100 מ""ל",false,,13.90,0.0525,true,1,234890
7290110571382,false,מעדן חלב בטעם וניל 1,,,מעדן חלב בטעם וניל 1,,150.00,100 גרם,false,,5.40,0.0360,true,1,248523
7290110571405,false,מיני פינוקיות בגביע,,,מיני פינוקיות בגביע,,180.00,"100 מ""ל",false,,10.90,0.0606,true,1,250123
7290110571412,false,מיני פינוקיות בגביע,,,מיני פינוקיות בגביע,,180.00,"100 מ""ל",false,,10.90,0.0606,true,1,250124
7290110571474,false,רבע לשבע טבעוני פופק,,,רבע לשבע טבעוני פופק,,125.00,100 גרם,false,,11.90,0.0952,true,1,249192
7290110572129,false,כיף כיף מקלות שוקולד,,,כיף כיף מקלות שוקולד,,40.00,"100 מ""ל",false,,5.70,0.1425,true,1,250118
7290110572884,false,קפסולות קפה נספרסו 2,,,קפסולות קפה נספרסו 2,יחידה,0.00,יחידה,false,,18.90,0.0000,true,1,250152
7290110572969,false,כיף כף פצפצים קרם לב,,,כיף כף פצפצים קרם לב,,40.00,"100 מ""ל",false,,5.70,0.1425,true,1,249515
7290110572976,false,כיף כך פיצפוצים קרם,,,כיף כך פיצפוצים קרם,,135.00,"100 מ""ל",false,,10.90,0.0807,true,1,249516
7290110576318,false,מארז שלישייה שוקולד,,,מארז שלישייה שוקולד,,300.00,100 גרם,false,,24.90,0.0830,true,1,249838
7290110576356,false,ספלנדיד שוקולד מריר,,,ספלנדיד שוקולד מריר,,100.00,"100 מ""ל",false,,10.90,0.1090,true,1,249219
7290110576363,false,ספלנדיד שוקולד מריר,,,ספלנדיד שוקולד מריר,,100.00,100 גרם,false,,10.90,0.1090,true,1,249218
7290110576370,false,מארז שלישייה שוקולד,,,מארז שלישייה שוקולד,,300.00,"100 מ""ל",false,,24.90,0.0830,true,1,249839
7290110576752,false,שוקולד ספלנדיד 70% מ,,,שוקולד ספלנדיד 70% מ,,100.00,100 גרם,false,,10.90,0.1090,true,1,250121
7290110576776,false,שוקולד ספלנדיד 85% מ,,,שוקולד ספלנדיד 85% מ,,100.00,100 גרם,false,,10.90,0.1090,true,1,250122
7290110576868,false,גמדים סלט פירות 4*10,קריות זול,,גמדים סלט פירות 4*10,,400.00,100 גרם,false,,11.50,0.0288,true,1,250281
7290111010194,false,מגבוני תינוקות בייבי,,,מגבוני תינוקות בייבי,יחידה,0.00,יחידה,false,,11.90,0.0000,true,1,222446
7290111010200,false,תיק רב סל,,,תיק רב סל,יחידה,0.00,יחידה,false,,2.50,0.0000,true,1,236609
7290111010248,false,"שמן זית בורגתא 750מ""",,,"שמן זית בורגתא 750מ""",,750.00,"100 מ""ל",false,,29.90,0.0399,true,1,237711
7290111010262,false,מגבות נייר פייפר טאו,,,מגבות נייר פייפר טאו,יחידה,0.00,יחידה,false,,11.90,0.0000,true,1,233489
7290111010279,false,מגבונים לניקוי כללי,,,מגבונים לניקוי כללי,יחידה,0.00,יחידה,false,,10.00,0.0000,true,1,222447
7290111010293,false,נייר טואלט טוטו 48 ג,,,נייר טואלט טוטו 48 ג,,48.00,100 מ'ל,false,,32.90,0.6854,true,1,233490
7290111010323,false,פפריקה מתוקה בשמן סו,,,פפריקה מתוקה בשמן סו,,400.00,100 גרם,false,,17.90,0.0447,true,1,229869
7290111010378,false,מגבות נייר טוטו 8יח,,,מגבות נייר טוטו 8יח,יחידה,0.00,יחידה,false,,12.90,0.0000,true,1,246395
7290111010491,false,אקונומיקה 4 ליטר סן,,,אקונומיקה 4 ליטר סן,,4000.00,"100 מ""ל",false,,14.90,0.0037,true,1,249282
7290111010507,false,נוזל כלים 18% תפוח 1,,,נוזל כלים 18% תפוח 1,,1600.00,100 מ'ל,false,,11.90,0.0074,true,1,249303
7290111010514,false,נוזל כלים 18% לימון,,,נוזל כלים 18% לימון,,1600.00,100 מ'ל,false,,11.90,0.0074,true,1,249304
7290111010590,false,תמרים מלך המגהול 1קג,,,תמרים מלך המגהול 1קג,,1000.00,100 גרם,false,,19.90,0.0199,true,1,246986
7290111010613,false,"שמן זית בשן 750מ""ל",,,"שמן זית בשן 750מ""ל",,750.00,"100 מ""ל",false,,29.90,0.0399,true,1,247349
7290111010712,false,יין יערה שיראז קברנה,,,יין יערה שיראז קברנה,,750.00,100 גרם,false,,29.90,0.0399,true,1,248101
7290111010736,false,יין קברנה סוביניון ש,,,יין קברנה סוביניון ש,,750.00,100 גרם,false,,39.90,0.0532,true,1,248317
7290111010743,false,יין מרלו שאטו רפאלו,,,יין מרלו שאטו רפאלו,,750.00,100 גרם,false,,39.90,0.0532,true,1,248318
7290111010750,false,יין ריזלינג/שרדונה ש,,,יין ריזלינג/שרדונה ש,,750.00,100 גרם,false,,39.90,0.0532,true,1,248319
7290111010767,false,אקונומיקה סן רמו מבו,,,אקונומיקה סן רמו מבו,,4000.00,"100 מ""ל",false,,14.90,0.0037,true,1,249283
7290111010774,false,מרכך כביסה בייבי פרש,,,מרכך כביסה בייבי פרש,,4000.00,100 מ'ל,false,,16.90,0.0042,true,1,249284
7290111010798,false,מרכך כביסה פרש אורנג,,,מרכך כביסה פרש אורנג,,4000.00,100 גרם,false,,16.90,0.0042,true,1,249286
7290111010804,false,מרכך כביסה פרש לבנדר,,,מרכך כביסה פרש לבנדר,,4000.00,100 גרם,false,,16.90,0.0042,true,1,249287
7290111010811,false,מרכך כביסה פרש בליסי,,,מרכך כביסה פרש בליסי,,4000.00,"100 מ""ל",false,,16.90,0.0042,true,1,249288
7290111010828,false,מרכך כביסה פרש לאונר,,,מרכך כביסה פרש לאונר,,4000.00,100 מ'ל,false,,16.90,0.0042,true,1,249289
7290111010842,false,מרכך כביסה בייבי פרש,,,מרכך כביסה בייבי פרש,,1000.00,100 מ'ל,false,,12.90,0.0129,true,1,249291
7290111010859,false,מרכך כביסה פרש  מונק,,,מרכך כביסה פרש  מונק,,1000.00,100 גרם,false,,12.90,0.0129,true,1,249292
7290111010866,false,מרכך כביסה פרש אורנג,,,מרכך כביסה פרש אורנג,,1000.00,100 גרם,false,,12.90,0.0129,true,1,249293
7290111010873,false,מרכך כביסה פרש לבנדר,,,מרכך כביסה פרש לבנדר,,1000.00,100 מ'ל,false,,12.90,0.0129,true,1,249294
7290111010880,false,מרכך כביסה פרש בליסי,,,מרכך כביסה פרש בליסי,,1000.00,100 מ'ל,false,,12.90,0.0129,true,1,249295
7290111010903,false,מרכך כביסה פרש ונילה,,,מרכך כביסה פרש ונילה,,1000.00,"100 מ""ל",false,,12.90,0.0129,true,1,249297
7290111010965,false,נוזל רצפות לבנדר 4 ל,,,נוזל רצפות לבנדר 4 ל,,4000.00,100 מ'ל,false,,12.90,0.0032,true,1,249305
7290111010972,false,נוזל רצפות מאסק 4 לי,,,נוזל רצפות מאסק 4 לי,,4000.00,100 גרם,false,,12.90,0.0032,true,1,249306
7290111010989,false,נוזל רצפות מרענן 4 ל,,,נוזל רצפות מרענן 4 ל,,4000.00,100 גרם,false,,12.90,0.0032,true,1,249307
7290111010996,false,תמר מלך המגהול גולד,,,תמר מלך המגהול גולד,,500.00,100 גרם,false,,19.90,0.0398,true,1,248789
7290111091391,false,תחליב רחצה דר עור רל,,,תחליב רחצה דר עור רל,,700.00,"100 מ""ל",false,,15.90,0.0227,true,1,244529
7290111092985,false,מגבוני בייביסיטר מהד,,,מגבוני בייביסיטר מהד,יחידה,0.00,יחידה,false,,15.90,0.0000,true,1,249281
7290111093470,false,*מבצע* קוויק ספוגית,,,*מבצע* קוויק ספוגית,יחידה,0.00,יחידה,false,,8.90,0.0000,true,1,249590
7290111093982,false,"תחליב רחצה ד""ר עור פ",,,"תחליב רחצה ד""ר עור פ",,700.00,"100 מ""ל",false,,15.90,0.0227,true,1,249806
7290111094248,false,קוויק שקיות אשפה XL,,,קוויק שקיות אשפה XL,יחידה,0.00,יחידה,false,,19.90,0.0000,true,1,222456
7290111094613,false,מגבונים לניקוי משקפי,,,מגבונים לניקוי משקפי,יחידה,0.00,יחידה,false,,7.90,0.0000,true,1,222457
7290111096921,false,קוויק מגבונים לניקוי,,,קוויק מגבונים לניקוי,יחידה,0.00,יחידה,false,,8.90,0.0000,true,1,246834
7290111097836,false,קוויק מגבונים דוחה א,,,קוויק מגבונים דוחה א,יחידה,0.00,יחידה,false,,8.90,0.0000,true,1,248227
7290111285288,false,צלחת במבוק 23 ספיידר,,,צלחת במבוק 23 ספיידר,יחידה,0.00,יחידה,false,,9.90,0.0000,true,1,225333
7290111285318,false,צלחת במבוק 23 מיקי מ,,,צלחת במבוק 23 מיקי מ,יחידה,0.00,יחידה,false,,9.90,0.0000,true,1,225334
7290111285325,false,צלחת במבוק 23 מיני מ,,,צלחת במבוק 23 מיני מ,יחידה,0.00,יחידה,false,,9.90,0.0000,true,1,225335
7290111285349,false,צלחת במבוק 23 מרץ הה,,,צלחת במבוק 23 מרץ הה,יחידה,0.00,יחידה,false,,9.90,0.0000,true,1,225336
7290111285400,false,קערה במבוק מיקי מאוס,,,קערה במבוק מיקי מאוס,יחידה,0.00,יחידה,false,,9.90,0.0000,true,1,225339
7290111285431,false,קערה במבוק מרץ ההרפת,,,קערה במבוק מרץ ההרפת,יחידה,0.00,יחידה,false,,9.90,0.0000,true,1,225341
7290111285493,false,כוס במבוק מיקי מאוס,,,כוס במבוק מיקי מאוס,יחידה,0.00,יחידה,false,,7.90,0.0000,true,1,225343
7290111285523,false,כוס במבוק מרץ ההרפתק,,,כוס במבוק מרץ ההרפתק,יחידה,0.00,יחידה,false,,7.90,0.0000,true,1,225345
7290111340185,false,מטליות לחות לרצפה בנ,,,מטליות לחות לרצפה בנ,,10.00,100 מ'ל,false,,10.90,1.0900,true,1,224169
7290111340956,false,מטליות לחות לניקוי ה,,,מטליות לחות לניקוי ה,יחידה,0.00,יחידה,false,,10.90,0.0000,true,1,224171
7290111341366,false,מפיות אירוח ניקול 15,,,מפיות אירוח ניקול 15,יחידה,0.00,יחידה,false,,10.90,0.0000,true,1,224173
7290111341373,false,לילי פסטל נייר טואלט,,,לילי פסטל נייר טואלט,,30.00,100 מ'ל,false,,38.90,1.2967,true,1,224174
7290111341434,false,מגני תחתון דיפנד נור,,,מגני תחתון דיפנד נור,יחידה,0.00,יחידה,false,,20.90,0.0000,true,1,224175
7290111341540,false,קוטקס טמפונים אקטיב,,,קוטקס טמפונים אקטיב,,32.00,יח',false,,26.90,0.8406,true,1,224179
7290111341557,false,קוטקס טמפונים אקטיב,,,קוטקס טמפונים אקטיב,,32.00,יח',false,,26.90,0.8406,true,1,224180
7290111341984,false,לילי נייר טואלט לח מ,,,לילי נייר טואלט לח מ,יחידה,0.00,יחידה,false,,21.90,0.0000,true,1,224183
7290111342738,false,לילי נייר טואלט לח ק,,,לילי נייר טואלט לח ק,יחידה,0.00,יחידה,false,,21.90,0.0000,true,1,224196
7290111343117,false,קלינקס לושן סופט פק,,,קלינקס לושן סופט פק,יחידה,0.00,יחידה,false,,13.90,0.0000,true,1,239968
7290111343858,false,מטליות לחות לניקוי ו,,,מטליות לחות לניקוי ו,יחידה,0.00,יחידה,false,,10.90,0.0000,true,1,224201
7290111344459,false,קוטקס תחבושות נייט א,,,קוטקס תחבושות נייט א,יחידה,0.00,יחידה,false,,18.90,0.0000,true,1,245046
7290111344503,false,האגיס אקסטרא קייר מי,,,האגיס אקסטרא קייר מי,יחידה,0.00,יחידה,false,,47.90,0.0000,true,1,245047
7290111344527,false,זוג שקיות אשפה ענקיי,,,זוג שקיות אשפה ענקיי,יחידה,0.00,יחידה,false,,25.90,0.0000,true,1,245186
7290111344701,false,ניקול שקיות סנדוויצ',קריות זול,,ניקול שקיות סנדוויצ',,250.00,100 מ'ל,false,,12.90,0.0516,true,1,249440
7290111344824,false,קוטקס מגן תחתון אנטי,,,קוטקס מגן תחתון אנטי,יחידה,0.00,יחידה,false,,18.90,0.0000,true,1,247976
7290111344831,false,קוטקס מגן תחתון אקסט,,,קוטקס מגן תחתון אקסט,יחידה,0.00,יחידה,false,,18.90,0.0000,true,1,247975
7290111344930,false,מטליות לחות לרצפה בנ,,,מטליות לחות לרצפה בנ,,10.00,יח',false,,10.90,1.0900,true,1,246952
7290111345753,false,קוטקס תחבושות כותנה,קריות זול,,קוטקס תחבושות כותנה,,24.00,יח',false,,18.90,0.7875,true,1,249441
7290111345777,false,קוטקס תחבושות כותנה,קריות זול,,קוטקס תחבושות כותנה,,16.00,יח',false,,18.90,1.1812,true,1,249443
7290111345814,false,נייר טואלט לילי נטור,,,נייר טואלט לילי נטור,יחידה,0.00,יחידה,false,,38.90,0.0000,true,1,248092
7290111346293,false,מגבות מטבח שישייה ני,,,מגבות מטבח שישייה ני,יחידה,0.00,יחידה,false,,12.90,0.0000,true,1,248533
7290111350726,false,נאצ'וס מתירס צהוב 32,,,נאצ'וס מתירס צהוב 32,,322.00,"100 מ""ל",false,,15.90,0.0494,true,1,226337
7290111352966,false,סוכריות גומי ממולאות,,,סוכריות גומי ממולאות,,250.00,"100 מ""ל",false,,7.90,0.0316,true,1,226393
7290111353123,false,סוכריות גומי נחשים מ,,,סוכריות גומי נחשים מ,,200.00,100 גרם,false,,8.90,0.0445,true,1,226397
7290111564277,false,פריכיות 3 דגנים דקות,,,פריכיות 3 דגנים דקות,,120.00,100 גרם,false,,11.90,0.0992,true,1,223093
7290111564291,false,פריכיות דקות עם קינו,,,פריכיות דקות עם קינו,,120.00,100 גרם,false,,11.90,0.0992,true,1,223094
7290111566103,false,פלאפל מרכיבים ביתיים,,,פלאפל מרכיבים ביתיים,,590.00,100 גרם,false,,33.90,0.0575,true,1,223110
7290111566226,false,שניצל ברוקולי טבעול,קריות זול,,שניצל ברוקולי טבעול,,667.00,100 גרם,false,,33.90,0.0508,true,1,223111
7290111566240,false,שניצל דק בטעם צ'ילי,קריות זול,,שניצל דק בטעם צ'ילי,,564.00,"100 מ""ל",false,,33.90,0.0601,true,1,223112
7290111566271,false,חטיפי תירס טבעול 657,קריות זול,,חטיפי תירס טבעול 657,,657.00,"100 מ""ל",false,,33.90,0.0516,true,1,223113
7290111566318,false,שניצל דק מן הצומח טב,,,שניצל דק מן הצומח טב,,564.00,100 גרם,false,,33.90,0.0601,true,1,223115
7290111566332,false,נקניקיות וינר צמחוני,,,נקניקיות וינר צמחוני,,680.00,100 גרם,false,,33.90,0.0499,true,1,223116
7290111566417,false,טחון צמחוני טבעול 50,,,טחון צמחוני טבעול 50,,500.00,"100 מ""ל",false,,33.90,0.0678,true,1,223117
7290111566714,false,המבורגר צמחוני 99 קל,קריות זול,,המבורגר צמחוני 99 קל,,600.00,100 גרם,false,,33.90,0.0565,true,1,223124
7290111566752,false,שניצל תירס 99 קלוריו,קריות זול,,שניצל תירס 99 קלוריו,,693.00,"100 מ""ל",false,,33.90,0.0489,true,1,223126
7290111566776,false,נקניקיות קוקטייל צמח,קריות זול,,נקניקיות קוקטייל צמח,,680.00,100 גרם,false,,33.90,0.0499,true,1,223127
7290111568206,false,ביסלי פארטי מיקס אסם,,,ביסלי פארטי מיקס אסם,,150.00,"100 מ""ל",false,,8.90,0.0593,true,1,223132
7290111568275,false,נודלס איטריות אורז ר,,,נודלס איטריות אורז ר,,300.00,"100 מ""ל",false,,10.90,0.0363,true,1,223134
7290111568961,false,בייגלה טבעות מלח אסם,,,בייגלה טבעות מלח אסם,,400.00,"100 מ""ל",false,,11.90,0.0298,true,1,223142
7290111873041,false,אצבעות שוקולד ממולא,,,אצבעות שוקולד ממולא,,50.00,100 גרם,false,,4.90,0.0980,true,1,244763
7290111873614,false,קערה במבוק כח פי גיי,,,קערה במבוק כח פי גיי,יחידה,0.00,יחידה,false,,9.90,0.0000,true,1,225357
7290111930799,false,קראנצוס בצל 55 גרם,,,קראנצוס בצל 55 גרם,,55.00,"100 מ""ל",false,,3.90,0.0709,true,1,225115
7290111930898,false,חטיף פוף כוכבים גריל,,,חטיף פוף כוכבים גריל,,40.00,100 גרם,false,,4.20,0.1050,true,1,225121
7290111930904,false,חטיף פוף כוכבים בצל,,,חטיף פוף כוכבים בצל,,40.00,100 גרם,false,,4.20,0.1050,true,1,225122
7290111930911,false,חטיף פוף לבבות קלאסי,,,חטיף פוף לבבות קלאסי,,40.00,"100 מ""ל",false,,4.20,0.1050,true,1,225123
7290111930928,false,חטיף פוף לבבות גריל,,,חטיף פוף לבבות גריל,,40.00,100 גרם,false,,4.20,0.1050,true,1,225124
7290111930935,false,חטיף פוף טבעות קלאסי,,,חטיף פוף טבעות קלאסי,,40.00,"100 מ""ל",false,,4.20,0.1050,true,1,225125
7290111933554,false,עגבניות קוביות מאסטר,,,עגבניות קוביות מאסטר,,1200.00,100 גרם,false,,16.90,0.0141,true,1,225138
7290111937262,false,פרי חטיפי תמרים אגוז,,,פרי חטיפי תמרים אגוז,,125.00,"100 מ""ל",false,,18.90,0.1512,true,1,225161
7290112000286,false,סיליט באנג גל לניקוי,,,סיליט באנג גל לניקוי,,750.00,100 גרם,false,,9.90,0.0132,true,1,232697
7290112000798,false,מחטא משטחים לימון מנ,,,מחטא משטחים לימון מנ,,750.00,"100 מ""ל",false,,14.90,0.0199,true,1,232708
7290112000828,false,מטליות לחות מנקה ומח,,,מטליות לחות מנקה ומח,יחידה,0.00,יחידה,false,,14.90,0.0000,true,1,232709
7290112001238,false,קולון מנקה מכונת כבי,,,קולון מנקה מכונת כבי,,250.00,100 גרם,false,,19.90,0.0796,true,1,232720
7290112001436,false,פיניש מנקה ומחדש ניח,,,פיניש מנקה ומחדש ניח,,250.00,"100 מ""ל",false,,21.90,0.0876,true,1,232722
7290112002099,false,קולון גל מרוכז רגיל,,,קולון גל מרוכז רגיל,ליטרים,2.50,ליטר,false,,24.90,9.9600,true,1,232734
7290112002112,false,קולון ג'ל מרוכז ורדי,,,קולון ג'ל מרוכז ורדי,ליטרים,2.50,ליטר,false,,24.90,9.9600,true,1,232736
7290112004413,false,וניש ספריי להסרת כתמ,,,וניש ספריי להסרת כתמ,,750.00,100 גרם,false,,23.90,0.0319,true,1,248612
7290112004611,false,ןניש קליה פאואר ג'ל,,,ןניש קליה פאואר ג'ל,,200.00,100 גרם,false,,12.90,0.0645,true,1,248611
7290112004970,false,פיניש אולטימייט טבלי,,,פיניש אולטימייט טבלי,,50.00,100 מ'ל,false,,59.90,1.1980,true,1,250037
7290112005045,false,וניש אבקה לכביסה לבנ,,,וניש אבקה לכביסה לבנ,,480.00,"100 מ""ל",false,,19.90,0.0415,true,1,249180
7290112005076,false,וניש אבקה לכביסה צבע,,,וניש אבקה לכביסה צבע,,480.00,100 גרם,false,,19.90,0.0415,true,1,249181
7290112005083,false,וניש אבקה לכביסה צבע,,,וניש אבקה לכביסה צבע,,1500.00,100 גרם,false,,39.90,0.0266,true,1,249179
7290112195258,false,לחמניות המבורגר 4יח',,,לחמניות המבורגר 4יח',,360.00,100 גרם,false,,13.90,0.0386,true,1,235451
7290112195289,false,פיתות 5יח' ללא גלוטן,,,פיתות 5יח' ללא גלוטן,,420.00,"100 מ""ל",false,,19.90,0.0474,true,1,235453
7290112330352,false,דנונה פרו וניל 0% שו,,,דנונה פרו וניל 0% שו,,200.00,100 גרם,false,,6.30,0.0315,true,1,227006
7290112330390,false,דנונה פרו 20 גרם פיר,,,דנונה פרו 20 גרם פיר,,200.00,100 גרם,false,,6.30,0.0315,true,1,227008
7290112332585,false,"פריכיות תפו""א/אורז/ב",,,"פריכיות תפו""א/אורז/ב",,30.00,100 גרם,false,,5.50,0.1833,true,1,234916
7290112332691,false,עוגיות קרם פסק זמן א,,,עוגיות קרם פסק זמן א,,200.00,"100 מ""ל",false,,10.90,0.0545,true,1,234920
7290112332875,false,מאסט מסטיק קוביות מנ,,,מאסט מסטיק קוביות מנ,,86.00,100 גרם,false,,13.90,0.1616,true,1,234923
7290112332899,false,בזוקה פופים קלאסי 58,,,בזוקה פופים קלאסי 58,,58.00,100 גרם,false,,9.90,0.1707,true,1,234924
7290112335111,false,מאסט מסטיק קוביות בט,,,מאסט מסטיק קוביות בט,,86.00,"100 מ""ל",false,,13.90,0.1616,true,1,234932
7290112335487,false,פריכיות הטעימות קצח,,,פריכיות הטעימות קצח,,135.00,"100 מ""ל",false,,13.50,0.1000,true,1,234933
7290112335494,false,פריכיות הטעימות פוטט,,,פריכיות הטעימות פוטט,,135.00,"100 מ""ל",false,,13.50,0.1000,true,1,234934
7290112335500,false,פריכיות הטעימות חלבו,,,פריכיות הטעימות חלבו,,135.00,100 גרם,false,,13.50,0.1000,true,1,234935
7290112336613,false,עד חצות סנדוויץ עלית,,,עד חצות סנדוויץ עלית,,135.00,"100 מ""ל",false,,10.90,0.0807,true,1,234950
7290112336637,false,מאסט סוכריות יוגורט,,,מאסט סוכריות יוגורט,,80.00,"100 מ""ל",false,,8.90,0.1113,true,1,234952
7290112336644,false,מאסט סוכריות לימון ל,,,מאסט סוכריות לימון ל,,80.00,"100 מ""ל",false,,8.90,0.1113,true,1,234953
7290112336712,false,דנונה פרו 21 עשיר בח,,,דנונה פרו 21 עשיר בח,,200.00,100 גרם,false,,6.30,0.0315,true,1,227032
7290112337481,false,מאסט סוכריות קפוצ'ינ,,,מאסט סוכריות קפוצ'ינ,,80.00,100 גרם,false,,8.90,0.1113,true,1,234958
7290112338877,false,"סקי תות 3% 125 ג""ר",,,"סקי תות 3% 125 ג""ר",,125.00,100 גרם,false,,3.90,0.0312,true,1,227034
7290112339362,false,דנונה לייט אנד פרייי,,,דנונה לייט אנד פרייי,,150.00,"100 מ""ל",false,,4.80,0.0320,true,1,227042
7290112339867,false,גמדים סקוויז תות 100,,,גמדים סקוויז תות 100,,100.00,100 מ'ל,false,,5.80,0.0580,true,1,227051
7290112339874,false,גמדים סקוויז תות בננ,,,גמדים סקוויז תות בננ,,100.00,100 מ'ל,false,,5.80,0.0580,true,1,227052
7290112340122,false,פריכיות הטעימות 3 דג,,,פריכיות הטעימות 3 דג,,135.00,"100 מ""ל",false,,13.50,0.1000,true,1,234965
7290112340276,false,עוגיות קרם קפה נמס 2,,,עוגיות קרם קפה נמס 2,,200.00,"100 מ""ל",false,,10.90,0.0545,true,1,234970
7290112341679,false,אקטיביה 3% 200 גרם,,,אקטיביה 3% 200 גרם,,150.00,"100 מ""ל",false,,3.90,0.0260,true,1,227060
7290112341686,false,אקטיביה 3% מארז שמינ,,,אקטיביה 3% מארז שמינ,,1200.00,100 גרם,false,,20.90,0.0174,true,1,227061
7290112342102,false,גבינת סימפוניה בצל מ,,,גבינת סימפוניה בצל מ,,200.00,"100 מ""ל",false,,11.70,0.0585,true,1,227067
7290112343420,false,שייק פרו ארוחת בוקר,,,שייק פרו ארוחת בוקר,,350.00,100 גרם,false,,7.50,0.0214,true,1,227079
7290112343499,false,ציטוס פופס 55גרם,,,ציטוס פופס 55גרם,,55.00,"100 מ""ל",false,,3.70,0.0673,true,1,246874
7290112344755,false,מילקי בטעם שוקולד עם,,,מילקי בטעם שוקולד עם,,135.00,"100 מ""ל",false,,2.90,0.0215,true,1,227087
7290112344786,false,קפה פלטינום קלאסיק ע,,,קפה פלטינום קלאסיק ע,,200.00,100 גרם,false,,29.90,0.1495,true,1,235004
7290112346537,false,עוגיות פינוקיות בטעם,,,עוגיות פינוקיות בטעם,,200.00,"100 מ""ל",false,,10.90,0.0545,true,1,235016
7290112346773,false,דנונה לייט אנד פריי,,,דנונה לייט אנד פריי,,150.00,100 גרם,false,,4.80,0.0320,true,1,244671
7290112346797,false,אקטיביה שיבולת שועל,,,אקטיביה שיבולת שועל,,150.00,100 גרם,false,,4.80,0.0320,true,1,227118
7290112347008,false,גמדים סקוויז ארוחת ב,,,גמדים סקוויז ארוחת ב,,100.00,"100 מ""ל",false,,5.80,0.0580,true,1,227127
7290112348142,false,שעועית לבנה ט.הטבע ק,,,שעועית לבנה ט.הטבע ק,,380.00,100 גרם,false,,6.90,0.0182,true,1,235025
7290112349316,false,בזוקה ביג פופים בטעם,,,בזוקה ביג פופים בטעם,,86.00,100 גרם,false,,13.90,0.1616,true,1,235037
7290112349606,false,דניאלה בטעם תות בננה,,,דניאלה בטעם תות בננה,,88.00,100 מ'ל,false,,4.10,0.0466,true,1,247707
7290112349736,false,רוטב עגבניות לפסטה 3,,,רוטב עגבניות לפסטה 3,,350.00,"100 מ""ל",false,,11.90,0.0340,true,1,235042
7290112349750,false,רוטב עגבניות לפיצה 3,,,רוטב עגבניות לפיצה 3,,350.00,"100 מ""ל",false,,11.90,0.0340,true,1,235044
7290112353887,false,משקה קפה קר בטעם אגו,,,משקה קפה קר בטעם אגו,,230.00,100 גרם,false,,7.90,0.0343,true,1,227166
7290112354211,false,פיצה מרגריטה 400גרם,,,פיצה מרגריטה 400גרם,,400.00,"100 מ""ל",false,,25.90,0.0647,true,1,250329
7290112355027,false,דנונה פרו 20 בטעם קר,,,דנונה פרו 20 בטעם קר,,200.00,100 גרם,false,,6.30,0.0315,true,1,227174
7290112355102,false,גמדים סקוויז סלט פיר,,,גמדים סקוויז סלט פיר,,100.00,"100 מ""ל",false,,5.80,0.0580,true,1,244955
7290112355775,false,גבינת סימפוניה עירית,,,גבינת סימפוניה עירית,,200.00,"100 מ""ל",false,,11.70,0.0585,true,1,249475
7290112356536,false,קקאו עלית 150 גרם+10,,,קקאו עלית 150 גרם+10,,150.00,"100 מ""ל",false,,10.90,0.0727,true,1,235081
7290112357083,false,אפונת גינה ט.הטבע קו,,,אפונת גינה ט.הטבע קו,,380.00,"100 מ""ל",false,,6.90,0.0182,true,1,235085
7290112357113,false,גרגרי חומוס ט.הטבע ק,,,גרגרי חומוס ט.הטבע ק,,380.00,"100 מ""ל",false,,6.90,0.0182,true,1,235087
7290112358240,false,רוטב לעוף גריל 300גר,,,רוטב לעוף גריל 300גר,,300.00,100 גרם,false,,14.90,0.0497,true,1,235097
7290112358431,false,עד חצות ביסקוויט דאב,,,עד חצות ביסקוויט דאב,,200.00,100 גרם,false,,13.90,0.0695,true,1,245553
7290112359353,false,אלדין קפה טורקי 200ג,,,אלדין קפה טורקי 200ג,,200.00,100 גרם,false,,18.90,0.0945,true,1,248285
7290112490117,false,קליק שוקולד וופל ואג,,,קליק שוקולד וופל ואג,,85.00,"100 מ""ל",false,,6.90,0.0812,true,1,224383
7290112490209,false,נמס בכוס קנור עגבניו,,,נמס בכוס קנור עגבניו,,56.00,100 גרם,false,,6.90,0.1232,true,1,224385
7290112490216,false,נמס בכוס קנור עוף קר,,,נמס בכוס קנור עוף קר,,48.00,100 גרם,false,,6.90,0.1438,true,1,224386
7290112490650,false,קונפיטורה 778 תות שד,,,קונפיטורה 778 תות שד,,340.00,100 גרם,false,,14.90,0.0438,true,1,224390
7290112490674,false,קונפיטורה 778 דובדבן,,,קונפיטורה 778 דובדבן,,340.00,"100 מ""ל",false,,14.90,0.0438,true,1,224392
7290112490735,false,מרק עשיר עגבניות פסט,,,מרק עשיר עגבניות פסט,,105.00,100 גרם,false,,12.90,0.1229,true,1,224397
7290112490742,false,מרק עשיר פטריות גריס,,,מרק עשיר פטריות גריס,,104.00,"100 מ""ל",false,,12.90,0.1240,true,1,224398
7290112491787,false,בייגלה דקים דקים שומ,קריות זול,,בייגלה דקים דקים שומ,,300.00,"100 מ""ל",false,,10.90,0.0363,true,1,224418
7290112492449,false,פינוק שמפו לשיער רגי,קריות זול,,פינוק שמפו לשיער רגי,,700.00,100 גרם,false,,13.90,0.0199,true,1,224429
7290112492456,false,פינוק שמפו לשיער יבש,קריות זול,,פינוק שמפו לשיער יבש,,700.00,100 גרם,false,,13.90,0.0199,true,1,224430
7290112492463,false,פינוק 2ב1 לשיער רגיל,קריות זול,,פינוק 2ב1 לשיער רגיל,,700.00,100 גרם,false,,13.90,0.0199,true,1,224431
7290112492487,false,פינוק שמפו שמן מרוקא,,,פינוק שמפו שמן מרוקא,,700.00,100 גרם,false,,13.90,0.0199,true,1,224432
7290112492531,false,פינוק מרכך לשיער רגי,,,פינוק מרכך לשיער רגי,,700.00,"100 מ""ל",false,,13.90,0.0199,true,1,224435
7290112492548,false,פינוק מרכך לשיער יבש,,,פינוק מרכך לשיער יבש,,700.00,"100 מ""ל",false,,13.90,0.0199,true,1,224436
7290112492593,false,פינוק תחליב רחצה קלא,,,פינוק תחליב רחצה קלא,,700.00,100 גרם,false,,12.90,0.0184,true,1,224440
7290112492609,false,פינוק תחליב רחצה לבנ,,,פינוק תחליב רחצה לבנ,,700.00,"100 מ""ל",false,,12.90,0.0184,true,1,224441
7290112492647,false,פינוק שמפו לגבר 3 ב1,,,פינוק שמפו לגבר 3 ב1,,700.00,100 גרם,false,,13.90,0.0199,true,1,224445
7290112492982,false,קנור א.מרק פטריות רכ,,,קנור א.מרק פטריות רכ,,400.00,"100 מ""ל",false,,22.90,0.0572,true,1,224461
7290112492999,false,"מרק טעם עוף קנור בד""",,,"מרק טעם עוף קנור בד""",,400.00,"100 מ""ל",false,,15.90,0.0398,true,1,224462
7290112493095,false,נמס בכוס קנורעגבניות,,,נמס בכוס קנורעגבניות,,48.00,"100 מ""ל",false,,6.90,0.1438,true,1,224467
7290112493293,false,נמס בכוס קנור ירקות,,,נמס בכוס קנור ירקות,,44.00,100 גרם,false,,6.90,0.1568,true,1,224475
7290112493927,false,קרמיסימו רית חלב 1.3,,,קרמיסימו רית חלב 1.3,,1300.00,מטר,false,,21.90,0.0168,true,1,225483
7290112493934,false,קרמיסימו וניל 1.33 ל,,,קרמיסימו וניל 1.33 ל,,1330.00,,false,,21.90,0.0165,true,1,225484
7290112494153,false,קנור תיבולית בניחוח,קריות זול,,קנור תיבולית בניחוח,יחידה,0.00,יחידה,false,,10.90,0.0000,true,1,224482
7290112494221,false,קליק ביסקוויט תפזורת,,,קליק ביסקוויט תפזורת,,65.00,"100 מ""ל",false,,6.90,0.1062,true,1,224485
7290112494238,false,קליק כדורים חלב תפזו,,,קליק כדורים חלב תפזו,,65.00,100 גרם,false,,6.90,0.1062,true,1,224486
7290112494283,false,קליק מעורב חום לבן ת,,,קליק מעורב חום לבן ת,,65.00,100 גרם,false,,6.90,0.1062,true,1,224489
7290112494313,false,קליק קורנפלקס תפזורת,,,קליק קורנפלקס תפזורת,,65.00,"100 מ""ל",false,,6.90,0.1062,true,1,224491
7290112494344,false,קורנפלקס של אלופים 8,,,קורנפלקס של אלופים 8,,850.00,100 גרם,false,,17.90,0.0211,true,1,224492
7290112494351,false,קורנפלקס של אלופים 8,קריות זול,,קורנפלקס של אלופים 8,,850.00,100 מ'ל,false,,17.90,0.0211,true,1,224493
7290112494795,false,בדין גל כביסה לבנה ו,,,בדין גל כביסה לבנה ו,,2500.00,"100 מ""ל",false,,32.90,0.0132,true,1,224503
7290112494818,false,בדין גל כביסה לבנה ו,,,בדין גל כביסה לבנה ו,ליטרים,2.50,ליטר,false,,32.90,13.1600,true,1,224505
7290112494993,false,כריות וניל 686גר,,,כריות וניל 686גר,,686.00,"100 מ""ל",false,,26.90,0.0392,true,1,224510
7290112495006,false,כריות נוגט 686גר,קריות זול,,כריות נוגט 686גר,,686.00,"100 מ""ל",false,,24.90,0.0363,true,1,224511
7290112495020,false,כריות צוקולדה 686גר,,,כריות צוקולדה 686גר,,686.00,"100 מ""ל",false,,26.90,0.0392,true,1,224513
7290112495037,false,קוקומן כדורים 375גר,,,קוקומן כדורים 375גר,,375.00,100 גרם,false,,21.90,0.0584,true,1,224514
7290112495044,false,קוקומן פצפוצים 375גר,קריות זול,,קוקומן פצפוצים 375גר,,375.00,100 גרם,false,,21.90,0.0584,true,1,224515
7290112495105,false,נשנושים שמנת בצל 260,קריות זול,,נשנושים שמנת בצל 260,,260.00,"100 מ""ל",false,,13.90,0.0535,true,1,224517
7290112495150,false,נשנושים עגול מלוח 30,,,נשנושים עגול מלוח 30,,300.00,"100 מ""ל",false,,13.90,0.0463,true,1,224521
7290112495228,false,קורנפלקס דבש תלמה 44,,,קורנפלקס דבש תלמה 44,,448.00,"100 מ""ל",false,,17.90,0.0400,true,1,224524
7290112495280,false,ברנפלקס ריבועי קינמו,,,ברנפלקס ריבועי קינמו,,500.00,"100 מ""ל",false,,22.90,0.0458,true,1,224528
7290112495433,false,"דליפקאן בד""ץ תלמה 40",,,"דליפקאן בד""ץ תלמה 40",,400.00,100 מ'ל,false,,22.90,0.0572,true,1,224530
7290112495488,false,קורנפלקס ללא גלוטן 5,,,קורנפלקס ללא גלוטן 5,,500.00,"100 מ""ל",false,,21.90,0.0438,true,1,224534
7290112495594,false,בייגלה שמיניות גדולו,,,בייגלה שמיניות גדולו,יחידה,0.00,יחידה,false,,13.90,0.0000,true,1,224538
7290112495747,false,רוטב צ'ילי מופחת סוכ,,,רוטב צ'ילי מופחת סוכ,,340.00,"100 מ""ל",false,,14.90,0.0438,true,1,224545
7290112495754,false,הלמנס לסלט אלף האיים,,,הלמנס לסלט אלף האיים,,305.00,"100 מ""ל",false,,14.90,0.0489,true,1,224546
7290112495761,false,הלמנס לסלט אלף האיים,,,הלמנס לסלט אלף האיים,,305.00,100 גרם,false,,14.90,0.0489,true,1,224547
7290112495792,false,הלמנס רוטב לסלט שום,,,הלמנס רוטב לסלט שום,,300.00,100 גרם,false,,14.90,0.0497,true,1,224550
7290112495976,false,פתית פריכיות שוקולד,,,פתית פריכיות שוקולד,,35.00,"100 מ""ל",false,,4.90,0.1400,true,1,224562
7290112495983,false,פתית פריכיות שוקולד,,,פתית פריכיות שוקולד,,35.00,"100 מ""ל",false,,4.90,0.1400,true,1,224563
7290112496218,false,רוטב טריאקי פחות50%,,,רוטב טריאקי פחות50%,,340.00,100 גרם,false,,14.90,0.0438,true,1,224567
7290112496270,false,"פתית צ'יפס תפו""א עם",,,"פתית צ'יפס תפו""א עם",,0.00,"100 מ""ל",false,,4.90,0.0000,true,1,224568
7290112496287,false,פתית צ'יפס בטטה בטעם,,,פתית צ'יפס בטטה בטעם,,0.00,"100 מ""ל",false,,4.90,0.0000,true,1,224569
7290112496294,false,פתית צ'יפס אפונה בתו,,,פתית צ'יפס אפונה בתו,,0.00,"100 מ""ל",false,,4.90,0.0000,true,1,224570
7290112497031,false,רוטב עגבניות לקציצות,,,רוטב עגבניות לקציצות,,415.00,"100 מ""ל",false,,11.90,0.0287,true,1,245237
7290112497499,false,קליק טבלה שוקולד לבן,,,קליק טבלה שוקולד לבן,,85.00,"100 מ""ל",false,,6.90,0.0812,true,1,246077
7290112498052,false,פתית ציפס בטטה מארז,,,פתית ציפס בטטה מארז,,84.00,100 גרם,false,,14.90,0.1774,true,1,246961
7290112498267,false,פינוק סבון ידיים קלא,,,פינוק סבון ידיים קלא,,950.00,100 גרם,false,,11.90,0.0125,true,1,246568
7290112498281,false,פינוק סבון ידיים קוק,,,פינוק סבון ידיים קוק,,950.00,"100 מ""ל",false,,11.90,0.0125,true,1,246570
7290112498441,false,רוטב אסייתי למוקפץ ק,,,רוטב אסייתי למוקפץ ק,,370.00,100 גרם,false,,14.90,0.0403,true,1,245498
7290112498526,false,פתית צ'יפס בטטה סגול,,,פתית צ'יפס בטטה סגול,יחידה,0.00,יחידה,false,,4.90,0.0000,true,1,247752
7290112498922,false,מיני מגנום לבן 250גר,,,מיני מגנום לבן 250גר,,250.00,100 גרם,false,,29.90,0.1196,true,1,245380
7290112499097,false,מאגדת מיני מגנום מרי,,,מאגדת מיני מגנום מרי,,240.00,100 גרם,false,,29.90,0.1246,true,1,247991
7290112499189,false,קרמיסימו חד קרן 1.33,קריות זול,,קרמיסימו חד קרן 1.33,,1330.00,100 מ'ל,false,,21.90,0.0165,true,1,249276
7290112499448,false,פינוק מרכך לשיער שמן,,,פינוק מרכך לשיער שמן,,700.00,100 גרם,false,,13.90,0.0199,true,1,245214
7290112499455,false,פינוק תחליב רחצה שמן,,,פינוק תחליב רחצה שמן,,700.00,100 גרם,false,,12.90,0.0184,true,1,245215
7290112499509,false,רקסונה ספריי נשים אפ,,,רקסונה ספריי נשים אפ,,150.00,"100 מ""ל",false,,14.90,0.0993,true,1,249431
7290112961266,false,בייגלה כפיות פיוזור,,,בייגלה כפיות פיוזור,,300.00,"100 מ""ל",false,,11.90,0.0397,true,1,223158
7290112961372,false,פיטנס חטיפי פריכיות,,,פיטנס חטיפי פריכיות,,60.00,"100 מ""ל",false,,8.90,0.1483,true,1,223160
7290112961464,false,פיטנס חטיפי פריכיות,,,פיטנס חטיפי פריכיות,,60.00,100 גרם,false,,8.90,0.1483,true,1,223162
7290112962287,false,טבעול שווארמה טבעוני,,,טבעול שווארמה טבעוני,,450.00,"100 מ""ל",false,,33.90,0.0753,true,1,223175
7290112963000,false,רוטב צ'ילי מתוק פחת,,,רוטב צ'ילי מתוק פחת,,290.00,"100 מ""ל",false,,13.70,0.0472,true,1,223186
7290112963918,false,פיטנס קרקר דק רוזמרי,,,פיטנס קרקר דק רוזמרי,,140.00,"100 מ""ל",false,,12.90,0.0921,true,1,223193
7290112964052,false,פסטה פרפקטו וזוביוטו,,,פסטה פרפקטו וזוביוטו,,500.00,100 גרם,false,,11.50,0.0230,true,1,223194
7290112964410,false,רוטב אלף האיים לסלט,,,רוטב אלף האיים לסלט,,290.00,"100 מ""ל",false,,12.50,0.0431,true,1,223203
7290112964434,false,רוטב קיסר לסלט אסם 2,,,רוטב קיסר לסלט אסם 2,,295.00,100 גרם,false,,12.50,0.0424,true,1,223204
7290112964472,false,רוטב שום לסלט אסם 29,,,רוטב שום לסלט אסם 29,,290.00,100 גרם,false,,12.50,0.0431,true,1,223206
7290112964502,false,רוטב אלף האיים אסם 6,,,רוטב אלף האיים אסם 6,,600.00,100 גרם,false,,19.90,0.0332,true,1,223207
7290112964564,false,רוטב אלף האיים לייט,,,רוטב אלף האיים לייט,,295.00,100 גרם,false,,12.50,0.0424,true,1,223208
7290112964601,false,אסם רוטב בנוסח סצואן,,,אסם רוטב בנוסח סצואן,,290.00,100 גרם,false,,15.90,0.0548,true,1,223210
7290112964625,false,רוטב שום לייט לסלט א,,,רוטב שום לייט לסלט א,,310.00,"100 מ""ל",false,,12.50,0.0403,true,1,223211
7290112964724,false,טבעול המבורגר טבעוני,,,טבעול המבורגר טבעוני,,580.00,"100 מ""ל",false,,33.90,0.0584,true,1,223213
7290112965165,false,זוג מרק נמס פטריות ב,,,זוג מרק נמס פטריות ב,,34.00,"100 מ""ל",false,,6.50,0.1912,true,1,223218
7290112965240,false,זוג מרק נמס עגבניות,,,זוג מרק נמס עגבניות,,44.00,"100 מ""ל",false,,6.50,0.1477,true,1,223221
7290112965288,false,זוג מרק נמס ירקות בד,,,זוג מרק נמס ירקות בד,,56.00,"100 מ""ל",false,,6.50,0.1161,true,1,223223
7290112965301,false,זוג מרק נמס טעם עוף,,,זוג מרק נמס טעם עוף,,38.00,"100 מ""ל",false,,6.50,0.1711,true,1,223224
7290112965325,false,תבשיל אורז ספרדי אסם,,,תבשיל אורז ספרדי אסם,,140.00,"100 מ""ל",false,,11.90,0.0850,true,1,223225
7290112965363,false,קציצות קינואה וברוקו,,,קציצות קינואה וברוקו,,525.00,"100 מ""ל",false,,33.90,0.0646,true,1,223226
7290112965660,false,פיטנס חטיף מולטיגריי,,,פיטנס חטיף מולטיגריי,,25.00,"100 מ""ל",false,,5.90,0.2360,true,1,223234
7290112965684,false,פיטנס חטיף מולטיגריי,,,פיטנס חטיף מולטיגריי,,25.00,"100 מ""ל",false,,5.90,0.2360,true,1,223235
7290112965707,false,פיטנס חטיף מולטיגריי,,,פיטנס חטיף מולטיגריי,,25.00,"100 מ""ל",false,,5.90,0.2360,true,1,223236
7290112965868,false,קרם קרקר במליחות עדי,,,קרם קרקר במליחות עדי,,250.00,"100 מ""ל",false,,8.90,0.0356,true,1,223239
7290112965905,false,בייגלה שמיניות במליח,,,בייגלה שמיניות במליח,,400.00,100 גרם,false,,11.90,0.0298,true,1,223241
7290112965943,false,נאגטס ירקות ירוקים 5,,,נאגטס ירקות ירוקים 5,,500.00,100 גרם,false,,33.90,0.0678,true,1,223243
7290112965981,false,טבעול גורמה ארוחת דג,,,טבעול גורמה ארוחת דג,,450.00,"100 מ""ל",false,,38.90,0.0864,true,1,248802
7290112966124,false,פתי בר מופחת סוכר אס,,,פתי בר מופחת סוכר אס,,500.00,"100 מ""ל",false,,12.90,0.0258,true,1,223249
7290112966247,false,לחמית כוסמין אסם 200,,,לחמית כוסמין אסם 200,,200.00,"100 מ""ל",false,,11.50,0.0575,true,1,223255
7290112966445,false,במבה מתוקה אסם 100 ג,,,במבה מתוקה אסם 100 ג,,100.00,100 גרם,false,,8.90,0.0890,true,1,223257
7290112966803,false,פודינג שוקולד אסם 88,קריות זול,,פודינג שוקולד אסם 88,,88.00,"100 מ""ל",false,,5.90,0.0670,true,1,223271
7290112966841,false,פודינג שוקולד מריר א,קריות זול,,פודינג שוקולד מריר א,,90.00,"100 מ""ל",false,,5.90,0.0656,true,1,223273
7290112967114,false,פיטנס חטיפי פריכיות,,,פיטנס חטיפי פריכיות,,60.00,"100 מ""ל",false,,8.90,0.1483,true,1,223274
7290112967381,false,פיטנס חטיפי פריכיות,,,פיטנס חטיפי פריכיות,,60.00,"100 מ""ל",false,,8.90,0.1483,true,1,223276
7290112967572,false,רוטב ברבקיו אוסם 290,,,רוטב ברבקיו אוסם 290,,290.00,"100 מ""ל",false,,12.50,0.0431,true,1,223281
7290112968203,false,סלט טחינה באלדי צבר,,,סלט טחינה באלדי צבר,,250.00,100 גרם,false,,10.90,0.0436,true,1,223295
7290112968807,false,פיטנס קרקר דק סלק 14,,,פיטנס קרקר דק סלק 14,,140.00,"100 מ""ל",false,,12.90,0.0921,true,1,223309
7290112968821,false,פיטנס קרקר דק בטטה 1,,,פיטנס קרקר דק בטטה 1,,140.00,"100 מ""ל",false,,12.90,0.0921,true,1,223310
7290112969286,false,רוטב חרדל ודבש אסם 3,,,רוטב חרדל ודבש אסם 3,,330.00,"100 מ""ל",false,,16.90,0.0512,true,1,223315
7290113191921,false,"סירופ מלבי 750מ""ל",,,"סירופ מלבי 750מ""ל",,750.00,"100 מ""ל",false,,16.90,0.0225,true,1,232913
7290113192201,false,תערובת להכנת סחלב 50,,,תערובת להכנת סחלב 50,,500.00,100 גרם,false,,14.90,0.0298,true,1,232917
7290113192218,false,תערובת להכנת מלבי 50,,,תערובת להכנת מלבי 50,,500.00,100 גרם,false,,14.90,0.0298,true,1,232918
7290113192232,false,תערובת להכנת פנקייקס,קריות זול,,תערובת להכנת פנקייקס,,400.00,"100 מ""ל",false,,12.90,0.0323,true,1,232920
7290113192300,false,חרוזית מושחר 275גרם,,,חרוזית מושחר 275גרם,,275.00,"100 מ""ל",false,,10.90,0.0396,true,1,223328
7290113192317,false,טבעות זיתים מושחרים,,,טבעות זיתים מושחרים,,280.00,"100 מ""ל",false,,11.90,0.0425,true,1,223329
7290113192331,false,זיתים ירוקים שלמים ג,,,זיתים ירוקים שלמים ג,,560.00,100 גרם,false,,9.90,0.0177,true,1,223331
7290113192348,false,זית ירוק טעם שום 17-,,,זית ירוק טעם שום 17-,,340.00,"100 מ""ל",false,,9.90,0.0291,true,1,223332
7290113192355,false,חרוזית ירוק 275גרם ב,,,חרוזית ירוק 275גרם ב,,275.00,100 גרם,false,,10.90,0.0396,true,1,223333
7290113192362,false,טבעות זיתים ירוקים 2,,,טבעות זיתים ירוקים 2,,280.00,100 גרם,false,,10.90,0.0389,true,1,223334
7290113192379,false,זיתים ירוקים מבוקעים,,,זיתים ירוקים מבוקעים,,340.00,"100 מ""ל",false,,10.90,0.0321,true,1,223335
7290113192393,false,קוקטייל זיתים 336גרם,,,קוקטייל זיתים 336גרם,,336.00,100 גרם,false,,11.90,0.0354,true,1,223337
7290113192478,false,מלפפון במלח בינוניים,,,מלפפון במלח בינוניים,,320.00,"100 מ""ל",false,,8.90,0.0278,true,1,223345
7290113192485,false,מלפפון בחומץ 10-12 2,,,מלפפון בחומץ 10-12 2,,290.00,"100 מ""ל",false,,8.90,0.0307,true,1,223346
7290113192492,false,מלפפון בחומץ קטנים 1,,,מלפפון בחומץ קטנים 1,,290.00,100 גרם,false,,10.90,0.0376,true,1,223347
7290113192508,false,מלפפון במלח קטנים 13,,,מלפפון במלח קטנים 13,,320.00,"100 מ""ל",false,,10.90,0.0341,true,1,223348
7290113192515,false,מלפפון במלח 18-25 קט,,,מלפפון במלח 18-25 קט,,320.00,100 גרם,false,,12.90,0.0403,true,1,223349
7290113192522,false,מלפפון בחומץ 18-25 ק,,,מלפפון בחומץ 18-25 ק,,290.00,100 גרם,false,,12.90,0.0445,true,1,223350
7290113192539,false,מלפפון במלח גדולים 7,,,מלפפון במלח גדולים 7,,320.00,100 גרם,false,,6.90,0.0216,true,1,223351
7290113192546,false,מלפפון בחומץ גדולים,,,מלפפון בחומץ גדולים,,290.00,100 גרם,false,,6.90,0.0238,true,1,223352
7290113192560,false,פלפל שיפקה א2 230 גר,,,פלפל שיפקה א2 230 גר,,230.00,"100 מ""ל",false,,6.90,0.0300,true,1,223354
7290113192577,false,כרוב כבוש א2 430 גרם,,,כרוב כבוש א2 430 גרם,,430.00,100 גרם,false,,7.90,0.0184,true,1,223355
7290113192881,false,טורטיה חיטה מופחתת ק,,,טורטיה חיטה מופחתת ק,,270.00,"100 מ""ל",false,,9.90,0.0367,true,1,232923
7290113192997,false,זית שחור יבש 340 גרם,,,זית שחור יבש 340 גרם,,340.00,"100 מ""ל",false,,13.90,0.0409,true,1,223357
7290113193000,false,פלפל שיפקונית 230 גר,,,פלפל שיפקונית 230 גר,,230.00,100 גרם,false,,11.50,0.0500,true,1,223358
7290113193017,false,קוקטייל זיתים חרוזית,,,קוקטייל זיתים חרוזית,,275.00,100 גרם,false,,13.90,0.0505,true,1,223359
7290113193031,false,חרוזית קלמטה 275 גרם,,,חרוזית קלמטה 275 גרם,,275.00,"100 מ""ל",false,,13.90,0.0505,true,1,223360
7290113193406,false,קוקטייל זיתים טבעות,,,קוקטייל זיתים טבעות,,280.00,"100 מ""ל",false,,13.90,0.0496,true,1,223361
7290113193888,false,חצילים מוחמצים 320 ג,,,חצילים מוחמצים 320 ג,,320.00,"100 מ""ל",false,,11.50,0.0359,true,1,245015
7290113194090,false,זית קלמטה טבעות 280,,,זית קלמטה טבעות 280,,280.00,100 גרם,false,,13.90,0.0496,true,1,223362
7290113195066,false,חלבה טורקית בטעם וני,,,חלבה טורקית בטעם וני,,400.00,"100 מ""ל",false,,11.90,0.0298,true,1,244873
7290113195073,false,חלבה טורקית עם פיסטו,,,חלבה טורקית עם פיסטו,,400.00,"100 מ""ל",false,,14.90,0.0373,true,1,244871
7290113195196,false,רסק תפוחי עץ 710 גרם,,,רסק תפוחי עץ 710 גרם,,710.00,100 גרם,false,,9.90,0.0139,true,1,244874
7290113196001,false,פסטה ספגטי שקדיה 500,,,פסטה ספגטי שקדיה 500,,500.00,100 גרם,false,,4.90,0.0098,true,1,249411
7290113196018,false,פסטה ביסלי שקדיה 500,,,פסטה ביסלי שקדיה 500,,500.00,100 גרם,false,,4.90,0.0098,true,1,249414
7290113196025,false,פסטה צינורות שקדיה 5,,,פסטה צינורות שקדיה 5,,500.00,100 גרם,false,,4.90,0.0098,true,1,249415
7290113196032,false,פסטה צדפים 500 גרם,,,פסטה צדפים 500 גרם,,500.00,"100 מ""ל",false,,4.90,0.0098,true,1,249413
7290113196339,false,מלפפונים קורנישונים,,,מלפפונים קורנישונים,יחידה,0.00,יחידה,false,,9.90,0.0000,true,1,246476
7290113196414,false,"אורז בסמטי 1 ק""ג שקד",קריות זול,,"אורז בסמטי 1 ק""ג שקד",,1000.00,100 גרם,false,,11.90,0.0119,true,1,247121
7290113196506,false,פריכיות כוסמת ללא מל,,,פריכיות כוסמת ללא מל,,150.00,100 גרם,false,,9.90,0.0660,true,1,247118
7290113196520,false,פריכיות כוסמין ללא מ,,,פריכיות כוסמין ללא מ,,150.00,100 גרם,false,,9.90,0.0660,true,1,247117
7290113196896,false,"תרסיס שמן זית 170 מ""",,,"תרסיס שמן זית 170 מ""",,170.00,100 גרם,false,,13.90,0.0818,true,1,247120
7290113196902,false,מנה חמה אטריות אורז,קריות זול,,מנה חמה אטריות אורז,,60.00,"100 מ""ל",false,,7.90,0.1317,true,1,249419
7290113196919,false,מנה חמה אטריות אורז,קריות זול,,מנה חמה אטריות אורז,,60.00,"100 מ""ל",false,,7.90,0.1317,true,1,249420
7290113196926,false,מנה חמה אטריות אורז,קריות זול,,מנה חמה אטריות אורז,יחידה,0.00,יחידה,false,,7.90,0.0000,true,1,249418
7290113196940,false,חטיפי תירס (טורטיה)ב,,,חטיפי תירס (טורטיה)ב,,300.00,100 גרם,false,,11.90,0.0397,true,1,248977
7290113196957,false,חטיפי תירס (טורטיה)ב,,,חטיפי תירס (טורטיה)ב,,300.00,100 גרם,false,,11.90,0.0397,true,1,248978
7290113197169,false,חמאת בוטנים טבעית 51,,,חמאת בוטנים טבעית 51,,510.00,"100 מ""ל",false,,16.90,0.0331,true,1,249422
7290113198562,false,סוכריות גומי בטעם תו,,,סוכריות גומי בטעם תו,,200.00,"100 מ""ל",false,,10.00,0.0500,true,1,248391
7290113198579,false,סוכריות גומי דובונים,,,סוכריות גומי דובונים,,200.00,"100 מ""ל",false,,10.00,0.0500,true,1,248392
7290113198593,false,סוכריות גומי מסוכרות,,,סוכריות גומי מסוכרות,,200.00,"100 מ""ל",false,,10.00,0.0500,true,1,248390
7290113198609,false,סוכריות גומי נחשים ב,,,סוכריות גומי נחשים ב,,200.00,"100 מ""ל",false,,10.00,0.0500,true,1,248389
7290113199323,false,טורטיה מיני 150 גרם,,,טורטיה מיני 150 גרם,,150.00,"100 מ""ל",false,,4.90,0.0327,true,1,249417
7290113199675,false,גרנולה שיבולת שועל ע,,,גרנולה שיבולת שועל ע,,500.00,100 גרם,false,,10.90,0.0218,true,1,248976
7290113199682,false,גרנולה שיבולת שועל ע,,,גרנולה שיבולת שועל ע,,500.00,"100 מ""ל",false,,10.90,0.0218,true,1,248973
7290113199699,false,מוזלי שיבולת שועל  ע,,,מוזלי שיבולת שועל  ע,,500.00,100 גרם,false,,10.90,0.0218,true,1,248974
7290113199705,false,מוזלי פירות יבשים 50,,,מוזלי פירות יבשים 50,,500.00,"100 מ""ל",false,,10.90,0.0218,true,1,248975
7290113199897,false,סוכריות חמצוצים בטעם,,,סוכריות חמצוצים בטעם,,200.00,"100 מ""ל",false,,10.00,0.0500,true,1,248396
7290113199910,false,סוכריות חמצוצים בטעם,,,סוכריות חמצוצים בטעם,,200.00,"100 מ""ל",false,,10.00,0.0500,true,1,248395
7290113199927,false,סוכריות חמצוצים בטעמ,,,סוכריות חמצוצים בטעמ,,200.00,100 גרם,false,,10.00,0.0500,true,1,248397
7290113594432,false,אצבעות שוקולד ממולא,,,אצבעות שוקולד ממולא,,50.00,"100 מ""ל",false,,4.90,0.0980,true,1,244764
7290113594494,false,אצבעות שוקולד ממולא,,,אצבעות שוקולד ממולא,,50.00,"100 מ""ל",false,,4.90,0.0980,true,1,244765
7290113597129,false,צלחת במבוק 23 בייבי,,,צלחת במבוק 23 בייבי,יחידה,0.00,יחידה,false,,9.90,0.0000,true,1,225405
7290113622524,false,פסטה ללא גלוטן כוסמת,,,פסטה ללא גלוטן כוסמת,,250.00,"100 מ""ל",false,,12.90,0.0516,true,1,245271
7290113622531,false,פסטה ללא גלוטן עדשים,,,פסטה ללא גלוטן עדשים,,250.00,100 גרם,false,,12.90,0.0516,true,1,245272
7290113622548,false,פסטה ללא גלוטן אפונה,,,פסטה ללא גלוטן אפונה,,250.00,"100 מ""ל",false,,12.90,0.0516,true,1,245273
7290113791947,false,מארז 3 נורה 15 וואט,,,מארז 3 נורה 15 וואט,יחידה,0.00,יחידה,false,,29.90,0.0000,true,1,247826
7290114310215,false,שמנת מתוקה 38% בקבוק,,,שמנת מתוקה 38% בקבוק,,250.00,"100 מ""ל",false,,6.47,0.0259,true,1,224994
7290114310222,false,חלב טרה 1.5ל 3ֵ% מעו,,,חלב טרה 1.5ל 3ֵ% מעו,,1500.00,100 גרם,false,,12.90,0.0086,true,1,240121
7290114310239,false,חלב נטול לקטוז 1.5 ל,,,חלב נטול לקטוז 1.5 ל,,1500.00,100 גרם,false,,12.90,0.0086,true,1,240122
7290114310338,false,צפתית מעודנת  225גר,קריות זול,,צפתית מעודנת  225גר,,225.00,100 גרם,false,,19.90,0.0884,true,1,244595
7290114310345,false,מוו מעדן חלב בטעם תו,,,מוו מעדן חלב בטעם תו,,125.00,100 גרם,false,,3.20,0.0256,true,1,224996
7290114310536,false,מולר אקטיב לייט יוגו,,,מולר אקטיב לייט יוגו,,200.00,"100 מ""ל",false,,6.40,0.0320,true,1,245620
7290114310611,false,"משקה חלב בננה 250 מ""",,,"משקה חלב בננה 250 מ""",,250.00,"100 מ""ל",false,,5.70,0.0228,true,1,245622
7290114310628,false,משקה חלב וניל ועוגיו,,,משקה חלב וניל ועוגיו,,1000.00,100 גרם,false,,12.90,0.0129,true,1,246552
7290114310673,false,לאבנה 9% 250גרם,,,לאבנה 9% 250גרם,,250.00,"100 מ""ל",false,,13.90,0.0556,true,1,247460
7290114310901,false,גבינה לבנה 5% מהדרין,,,גבינה לבנה 5% מהדרין,,250.00,"100 מ""ל",false,,4.98,0.0199,true,1,246458
7290114311014,false,משקה אייס קפוצינו טר,,,משקה אייס קפוצינו טר,,250.00,"100 מ""ל",false,,5.70,0.0228,true,1,248701
7290114311021,false,משקה וניל עוגיות טרה,,,משקה וניל עוגיות טרה,,250.00,"100 מ""ל",false,,5.70,0.0228,true,1,248702
7290114311038,false,שמנת להקצפה טרה 32%,,,שמנת להקצפה טרה 32%,,250.00,"100 מ""ל",false,,7.50,0.0300,true,1,248740
7290114311069,false,מולר אקטיב 25ג חלבון,,,מולר אקטיב 25ג חלבון,,200.00,"100 מ""ל",false,,5.90,0.0295,true,1,248103
7290114311076,false,מולר חמאה צהובה עם ש,,,מולר חמאה צהובה עם ש,,200.00,"100 מ""ל",false,,12.90,0.0645,true,1,248742
7290114311298,false,מולר פרופ קציפת תות,,,מולר פרופ קציפת תות,,150.00,"100 מ""ל",false,,5.10,0.0340,true,1,249167
7290114311304,false,מולר פרופ קציפת מנגו,,,מולר פרופ קציפת מנגו,,150.00,100 גרם,false,,5.10,0.0340,true,1,249168
7290114311328,false,חלב נטול לקטוז מועשר,,,חלב נטול לקטוז מועשר,,1000.00,"100 מ""ל",false,,8.40,0.0084,true,1,249530
7290114311359,false,מולר פרופ קציפת מנגו,,,מולר פרופ קציפת מנגו,,150.00,100 גרם,false,,5.10,0.0340,true,1,249271
7290114311458,false,חלב 3% מועשר ויטמין-,,,חלב 3% מועשר ויטמין-,,1000.00,100 גרם,false,,7.90,0.0079,true,1,249761
7290114655903,false,בקבוק טריטן עם צמידי,,,בקבוק טריטן עם צמידי,,700.00,"100 מ""ל",false,,19.90,0.0284,true,1,249674
7290114655934,false,בקבוק טריטן עם צמידי,,,בקבוק טריטן עם צמידי,,700.00,100 גרם,false,,19.90,0.0284,true,1,249680
7290115072280,false,בקבוק פלסטיק עם פיה,,,בקבוק פלסטיק עם פיה,,500.00,100 גרם,false,,10.00,0.0200,true,1,249696
7290115073713,false,שלישיית ביצי שוקולד-,,,שלישיית ביצי שוקולד-,יחידה,0.00,יחידה,false,,12.90,0.0000,true,1,248893
7290115073720,false,שלישיית ביצי שוקולד-,,,שלישיית ביצי שוקולד-,יחידה,0.00,יחידה,false,,12.90,0.0000,true,1,248894
7290115074826,false,בקבוק פלסטיק עם צמיד,,,בקבוק פלסטיק עם צמיד,,500.00,100 גרם,false,,19.90,0.0398,true,1,249030
7290115190014,false,מרלבורו אדום קצר,,,מרלבורו אדום קצר,יחידה,0.00,יחידה,false,,35.50,0.0000,false,1,234096
7290115190090,false,מרלבורו גולד קצר,,,מרלבורו גולד קצר,יחידה,0.00,יחידה,false,,35.50,0.0000,false,1,234103
7290115190137,false,מרלבורו פיין טאצ,,,מרלבורו פיין טאצ,יחידה,0.00,יחידה,false,,35.50,0.0000,false,1,234107
7290115190151,false,מרלבורו כחול טאצ,,,מרלבורו כחול טאצ,יחידה,0.00,יחידה,false,,35.50,0.0000,false,1,234109
7290115190250,false,פרלמנט קצר,,,פרלמנט קצר,יחידה,0.00,יחידה,false,,42.00,0.0000,false,1,234116
7290115190335,false,אל אם בלו 100,,,אל אם בלו 100,יחידה,0.00,יחידה,false,,32.00,0.0000,false,1,245618
7290115190359,false,אל אם כחול קצר,,,אל אם כחול קצר,יחידה,0.00,יחידה,false,,32.00,0.0000,false,1,234120
7290115190397,false,אל אם אדום קצר,,,אל אם אדום קצר,יחידה,0.00,יחידה,false,,32.00,0.0000,false,1,234124
7290115190519,false,נקסט פיין,קריות זול,,נקסט פיין,יחידה,0.00,יחידה,false,,30.00,0.0000,false,1,234130
7290115200003,false,פתי בר פינוקי וניל 2,קריות זול,,פתי בר פינוקי וניל 2,,220.00,100 גרם,false,,12.70,0.0577,true,1,223363
7290115200027,false,פתי בר פינוקי שוקו 2,קריות זול,,פתי בר פינוקי שוקו 2,,220.00,100 גרם,false,,12.70,0.0577,true,1,223364
7290115200713,false,במבה קלאסי מארז אחיד,,,במבה קלאסי מארז אחיד,,250.00,"100 מ""ל",false,,13.90,0.0556,true,1,223376
7290115200881,false,בייגלה שטוחים שומשום,,,בייגלה שטוחים שומשום,,300.00,100 גרם,false,,11.90,0.0397,true,1,223379
7290115201031,false,פתי בר דובי שוקולד 1,,,פתי בר דובי שוקולד 1,,175.00,100 גרם,false,,12.70,0.0726,true,1,245342
7290115201536,false,טבעול לביבות כרובית,,,טבעול לביבות כרובית,,442.00,100 גרם,false,,38.90,0.0880,true,1,248987
7290115201680,false,ביסלי ברביקיו אסם 70,,,ביסלי ברביקיו אסם 70,,70.00,"100 מ""ל",false,,4.90,0.0700,true,1,223386
7290115201703,false,ביסלי ברביקיו אסם 20,,,ביסלי ברביקיו אסם 20,,200.00,"100 מ""ל",false,,8.90,0.0445,true,1,223387
7290115202212,false,טבעול גורמה לביבות ס,,,טבעול גורמה לביבות ס,,434.00,100 גרם,false,,38.90,0.0896,true,1,248988
7290115202236,false,טבעול טופו קראנצ'ים,קריות זול,,טבעול טופו קראנצ'ים,,470.00,100 גרם,false,,34.90,0.0743,true,1,246290
7290115202250,false,טבעול טופו קראנצ'ים,קריות זול,,טבעול טופו קראנצ'ים,,470.00,100 גרם,false,,34.90,0.0743,true,1,246291
7290115202748,false,קטשופ אסם על האש 710,,,קטשופ אסם על האש 710,,710.00,"100 מ""ל",false,,10.90,0.0154,true,1,245330
7290115203134,false,פופקו פופקורן במבה א,,,פופקו פופקורן במבה א,,80.00,100 גרם,false,,5.50,0.0688,true,1,245686
7290115203172,false,במבה פרו 80 גרם,קריות זול,,במבה פרו 80 גרם,,80.00,100 גרם,false,,4.90,0.0613,true,1,249494
7290115204056,false,קטשופ 56% פחות סוכר,קריות זול,,קטשופ 56% פחות סוכר,,690.00,"100 מ""ל",false,,10.90,0.0158,true,1,246362
7290115204155,false,סחוג אדום צבר 190גר,,,סחוג אדום צבר 190גר,,190.00,100 גרם,false,,12.90,0.0679,true,1,248811
7290115204186,false,צבר ממרח פסטו 190 גר,,,צבר ממרח פסטו 190 גר,,190.00,"100 מ""ל",false,,15.90,0.0837,true,1,247846
7290115204247,false,צבר ממרח עגבניות מיו,,,צבר ממרח עגבניות מיו,,190.00,100 גרם,false,,15.90,0.0837,true,1,247845
7290115204957,false,לחמית איטלקית אסם 16,,,לחמית איטלקית אסם 16,,160.00,"100 מ""ל",false,,11.50,0.0719,true,1,248648
7290115205176,false,פיטנס קרקר דק כפרי 1,,,פיטנס קרקר דק כפרי 1,,140.00,"100 מ""ל",false,,12.90,0.0921,true,1,246927
7290115205251,false,פיטנס בר פריכיות קרמ,,,פיטנס בר פריכיות קרמ,,84.00,"100 מ""ל",false,,14.90,0.1774,true,1,249841
7290115205312,false,פיטנס קרקר דק זיתים,,,פיטנס קרקר דק זיתים,,140.00,"100 מ""ל",false,,12.90,0.0921,true,1,248650
7290115205527,false,פיטנס חטיף מולטיגריי,,,פיטנס חטיף מולטיגריי,,25.00,"100 מ""ל",false,,5.90,0.2360,true,1,248990
7290115205541,false,פיטנס חטיף מולטיגריי,,,פיטנס חטיף מולטיגריי,,25.00,"100 מ""ל",false,,5.90,0.2360,true,1,248991
7290115205619,false,פתי בר פינוקי בטעם ע,,,פתי בר פינוקי בטעם ע,,220.00,"100 מ""ל",false,,12.70,0.0577,true,1,248651
7290115205695,false,בצק לפיצה מצונן בונז,,,בצק לפיצה מצונן בונז,,460.00,100 גרם,false,,19.90,0.0433,true,1,249027
7290115205978,false,פתי בר אצבעות שוקולד,קריות זול,,פתי בר אצבעות שוקולד,,180.00,100 גרם,false,,12.70,0.0706,true,1,248208
7290115206173,false,פתי בר קרמל אסם 500,,,פתי בר קרמל אסם 500,,500.00,"100 מ""ל",false,,14.90,0.0298,true,1,246381
7290115207668,false,רוטב בסגנון סויה סינ,,,רוטב בסגנון סויה סינ,,600.00,"100 מ""ל",false,,19.90,0.0332,true,1,248654
7290115207682,false,רוטב בסגנון סויה סינ,,,רוטב בסגנון סויה סינ,,290.00,100 מ'ל,false,,12.90,0.0445,true,1,248653
7290115207798,false,טבעול בורגר חריף טבע,,,טבעול בורגר חריף טבע,,420.00,"100 מ""ל",false,,33.90,0.0807,true,1,248216
7290115207941,false,ויטמינציק אננס 1 ליט,,,ויטמינציק אננס 1 ליט,,1000.00,"100 מ""ל",false,,21.90,0.0219,true,1,247885
7290115207989,false,ויטמינצ'יק לימון 1 ל,,,ויטמינצ'יק לימון 1 ל,,1000.00,"100 מ""ל",false,,21.90,0.0219,true,1,247889
7290115208009,false,ויטמינציק ענבים  1 ל,,,ויטמינציק ענבים  1 ל,,1000.00,"100 מ""ל",false,,21.90,0.0219,true,1,247886
7290115208047,false,ויטמינציק פטל 1 ליטר,,,ויטמינציק פטל 1 ליטר,,1000.00,"100 מ""ל",false,,21.90,0.0219,true,1,247887
7290115208061,false,ויטמינציק תפוח 1 ליט,,,ויטמינציק תפוח 1 ליט,,1000.00,100 גרם,false,,21.90,0.0219,true,1,247890
7290115208597,false,קרמוגית מיניס קרמל מ,,,קרמוגית מיניס קרמל מ,,200.00,"100 מ""ל",false,,12.70,0.0635,true,1,249328
7290115208801,false,לחמית דבש ואגוזים 19,,,לחמית דבש ואגוזים 19,,190.00,100 גרם,false,,11.50,0.0605,true,1,249497
7290115209198,false,במבה אורירית אסם 80,קריות זול,,במבה אורירית אסם 80,,80.00,"100 מ""ל",false,,4.90,0.0613,true,1,248989
7290115209235,false,פתי בר קפה 500 גרם א,קריות זול,,פתי בר קפה 500 גרם א,,500.00,100 גרם,false,,14.90,0.0298,true,1,249843
7290115480009,false,סוד מרכך מרוכז פרש ק,,,סוד מרכך מרוכז פרש ק,,900.00,"100 מ""ל",false,,13.90,0.0154,true,1,247270
7290115480016,false,סוד קפסולות ג'ל 3+1,,,סוד קפסולות ג'ל 3+1,יחידה,0.00,יחידה,false,,29.90,0.0000,true,1,249337
7290115671223,false,מסטיק מאסט פאן אבטיח,,,מסטיק מאסט פאן אבטיח,,58.00,100 גרם,false,,9.90,0.1707,true,1,247679
7290115671339,false,מיני פינוקיות בראוני,,,מיני פינוקיות בראוני,,180.00,"100 מ""ל",false,,10.90,0.0606,true,1,246335
7290115671353,false,מיני פינוקיות שחור ל,,,מיני פינוקיות שחור ל,,180.00,"100 מ""ל",false,,10.90,0.0606,true,1,247686
7290115675696,false,דגני בוקר קוואקר קרו,,,דגני בוקר קוואקר קרו,,375.00,"100 מ""ל",false,,21.90,0.0584,true,1,246652
7290115675719,false,דגני בוקר קוואקר קרו,,,דגני בוקר קוואקר קרו,,375.00,100 גרם,false,,21.90,0.0584,true,1,246654
7290115675986,false,דנונה בר עם אגוזים מ,,,דנונה בר עם אגוזים מ,,173.00,"100 מ""ל",false,,4.70,0.0272,true,1,244676
7290115677362,false,נודלס טריאקי 350גרם,,,נודלס טריאקי 350גרם,,350.00,"100 מ""ל",false,,27.90,0.0797,true,1,250328
7290115677409,false,אורז קארי צהוב דלישס,,,אורז קארי צהוב דלישס,,350.00,100 גרם,false,,27.90,0.0797,true,1,250322
7290115677423,false,אורז קארי ירוק חריף,,,אורז קארי ירוק חריף,,350.00,100 גרם,false,,27.90,0.0797,true,1,250323
7290115677966,false,ממרח אבוקדו טעם הטבע,,,ממרח אבוקדו טעם הטבע,,200.00,"100 מ""ל",false,,15.90,0.0795,true,1,247295
7290115678222,false,יוגורט יווני 6.5% שו,,,יוגורט יווני 6.5% שו,,1040.00,"100 מ""ל",false,,24.90,0.0239,true,1,245741
7290115678376,false,מעדן הגולן שוקולד 12,קריות זול,,מעדן הגולן שוקולד 12,,125.00,100 גרם,false,,3.00,0.0240,true,1,246328
7290115678383,false,מעדן הגולן שוקולד מר,קריות זול,,מעדן הגולן שוקולד מר,,125.00,100 גרם,false,,3.00,0.0240,true,1,246329
7290115678598,false,חסה אייסברג חיתוך גס,קריות זול,,חסה אייסברג חיתוך גס,,300.00,"100 מ""ל",false,,10.90,0.0363,true,1,247185
7290115678970,false,שלישיית סוכריות פרש,,,שלישיית סוכריות פרש,,45.00,"100 מ""ל",false,,8.90,0.1978,true,1,246334
7290115679878,false,פיצה סלק 320 גרם דלי,,,פיצה סלק 320 גרם דלי,,320.00,100 גרם,false,,27.90,0.0872,true,1,250321
7290115679885,false,פיצה כרובית 320 גרם,,,פיצה כרובית 320 גרם,,320.00,"100 מ""ל",false,,27.90,0.0872,true,1,250324
7290116530062,false,רוטב ויניגרט לסלט 29,,,רוטב ויניגרט לסלט 29,,300.00,100 גרם,false,,14.90,0.0497,true,1,245937
7290116530185,false,דלישקד בטעם קרמל מלו,,,דלישקד בטעם קרמל מלו,,400.00,"100 מ""ל",false,,22.90,0.0572,true,1,246912
7290116530482,false,מארז קורנפלקס של אלו,,,מארז קורנפלקס של אלו,,30.00,100 גרם,false,,12.90,0.4300,true,1,247353
7290116530871,false,נשנושים מיקס 240 גרם,,,נשנושים מיקס 240 גרם,,240.00,"100 מ""ל",false,,13.90,0.0579,true,1,249277
7290116531090,false,דג דג חטיף אפוי במלי,,,דג דג חטיף אפוי במלי,,250.00,100 גרם,false,,9.90,0.0396,true,1,247762
7290116531557,false,פתית פריכיות תירס דק,,,פתית פריכיות תירס דק,,25.00,100 גרם,false,,11.90,0.4760,true,1,248114
7290116531656,false,פינוק מרכך בניחוח תפ,,,פינוק מרכך בניחוח תפ,,700.00,"100 מ""ל",false,,13.90,0.0199,true,1,246564
7290116531762,false,בדין דפים למייבש וור,קריות זול,,בדין דפים למייבש וור,יחידה,0.00,יחידה,false,,19.90,0.0000,true,1,248112
7290116531779,false,בדין דפי מרכך כחול 4,קריות זול,,בדין דפי מרכך כחול 4,יחידה,0.00,יחידה,false,,19.90,0.0000,true,1,248113
7290116531793,false,רוטב לסלט קיסר הלמנס,,,רוטב לסלט קיסר הלמנס,,295.00,100 גרם,false,,14.90,0.0505,true,1,246841
7290116531809,false,פינוק תחליב רחצה שיי,,,פינוק תחליב רחצה שיי,,700.00,"100 מ""ל",false,,12.90,0.0184,true,1,246839
7290116532271,false,גודיז סנדוויץ מאגדת,קריות זול,,גודיז סנדוויץ מאגדת,,270.00,100 גרם,false,,29.90,0.1107,true,1,249141
7290116532387,false,פינוק סבון ידיים חמא,,,פינוק סבון ידיים חמא,,950.00,100 גרם,false,,11.90,0.0125,true,1,248199
7290116532585,false,ברנפלקס קראנצ'ים דבש,,,ברנפלקס קראנצ'ים דבש,,375.00,100 גרם,false,,22.90,0.0611,true,1,248730
7290116532721,false,הלמנס לסלט רוטב לימו,,,הלמנס לסלט רוטב לימו,,295.00,100 גרם,false,,14.90,0.0505,true,1,249820
7290116532738,false,רוטב איטלקי 295 גר,,,רוטב איטלקי 295 גר,,295.00,100 גרם,false,,14.90,0.0505,true,1,249822
7290116532882,false,נשנושים איירביס טעם,קריות זול,,נשנושים איירביס טעם,,260.00,100 גרם,false,,13.90,0.0535,true,1,249816
7290116533063,false,שוגי קרטיב ענבים 400,,,שוגי קרטיב ענבים 400,,400.00,100 גרם,false,,19.90,0.0497,true,1,248915
7290116533117,false,פינוק תחליב רחצה ניח,,,פינוק תחליב רחצה ניח,,700.00,"100 מ""ל",false,,12.90,0.0184,true,1,249433
7290116851365,false,יעה+מקל,,,יעה+מקל,יחידה,0.00,יחידה,false,,13.90,0.0000,true,1,248084
7290116851372,false,כף אשפה קטן,,,כף אשפה קטן,יחידה,0.00,יחידה,false,,5.90,0.0000,true,1,248085
7290116930015,false,חטיף חלבון גו בטעם ק,,,חטיף חלבון גו בטעם ק,,60.00,100 גרם,false,,11.90,0.1983,true,1,248644
7290116930022,false,חטיף חלבון גו בטעם ק,,,חטיף חלבון גו בטעם ק,,60.00,100 גרם,false,,11.90,0.1983,true,1,248643
7290116930282,false,ארוחה בקטנה לאבנה עם,,,ארוחה בקטנה לאבנה עם,,150.00,"100 מ""ל",false,,7.90,0.0527,true,1,249795
7290116930435,false,יוגורט גו סמיך 0% דו,,IL,יוגורט גו סמיך 0% דו,,200.00,"100 מ""ל",false,,5.90,0.0295,true,1,248819
7290116930442,false,יופלה שייק בננה  מנג,,,יופלה שייק בננה  מנג,,230.00,100 גרם,false,,8.50,0.0370,true,1,248919
7290116930466,false,יופלה שייק מנגו  בננ,,,יופלה שייק מנגו  בננ,,230.00,"100 מ""ל",false,,8.50,0.0370,true,1,248921
7290116930480,false,יופלה שייק בננה  קיו,,,יופלה שייק בננה  קיו,,230.00,"100 מ""ל",false,,8.50,0.0370,true,1,248922
7290116930718,false,מעדן תנובה דיאט שוקו,קריות זול,,מעדן תנובה דיאט שוקו,,150.00,100 גרם,false,,4.10,0.0273,true,1,249311
7290116930725,false,סויה ביו קוקוס 150ג,,,סויה ביו קוקוס 150ג,,150.00,"100 מ""ל",false,,4.70,0.0313,true,1,249513
7290116931074,false,פרוסות טל העמק 32% 3,,,פרוסות טל העמק 32% 3,,300.00,"100 מ""ל",false,,28.90,0.0963,true,1,249792
7290116931081,false,מעדן סויה בטעם  טופי,,,מעדן סויה בטעם  טופי,,125.00,100 גרם,false,,3.90,0.0312,true,1,249511
7290116931104,false,יוגורט גו סמיך עם אנ,,IL,יוגורט גו סמיך עם אנ,,200.00,"100 מ""ל",false,,5.90,0.0295,true,1,249514
7290117260074,false,שעועית ירוקה חתוכה מ,,,שעועית ירוקה חתוכה מ,,800.00,100 גרם,false,,9.90,0.0124,true,1,249876
7290117260449,false,גבינה בולגרית מעודנת,,,גבינה בולגרית מעודנת,,200.00,"100 מ""ל",false,,9.90,0.0495,true,1,248948
7290117260456,false,גבינה בולגרית מעודנת,,,גבינה בולגרית מעודנת,,200.00,100 גרם,false,,9.90,0.0495,true,1,248949
7290117260470,false,גבינה בולגרית מעודנת,,,גבינה בולגרית מעודנת,,200.00,"100 מ""ל",false,,9.90,0.0495,true,1,248951
7290117260487,false,ניוקי תפוחי אדמה מצו,,,ניוקי תפוחי אדמה מצו,,500.00,100 גרם,false,,14.90,0.0298,true,1,250181
7290117260494,false,ניוקי תפוחי אדמה 3 צ,,,ניוקי תפוחי אדמה 3 צ,,500.00,"100 מ""ל",false,,14.90,0.0298,true,1,250182
7290117260579,false,חטיף קראנצ'י על בסיס,,,חטיף קראנצ'י על בסיס,,80.00,100 גרם,false,,7.90,0.0988,true,1,249715
7290117260586,false,חטיף קראנצ'י על בסיס,,,חטיף קראנצ'י על בסיס,,80.00,"100 מ""ל",false,,7.90,0.0988,true,1,249716
7290117260593,false,חטיף קראנצ'י על בסיס,,,חטיף קראנצ'י על בסיס,,80.00,"100 מ""ל",false,,7.90,0.0988,true,1,249717
7290117260821,false,גבינת כבשים צאנק עם,,,גבינת כבשים צאנק עם,,150.00,"100 מ""ל",false,,25.90,0.1727,true,1,248232
7290117260951,false,ביסקוויטים ללא גלוטן,,,ביסקוויטים ללא גלוטן,,125.00,"100 מ""ל",false,,9.90,0.0792,true,1,248617
7290117261170,false,פיתה יוונית  עם קמח,,,פיתה יוונית  עם קמח,,680.00,100 גרם,false,,14.90,0.0219,true,1,248954
7290117261378,false,גבינת קשקבל לייט 8%,,,גבינת קשקבל לייט 8%,,250.00,"100 מ""ל",false,,15.90,0.0636,true,1,249131
7290117261538,false,סלמון אטלנטי בשמן קנ,קריות זול,,סלמון אטלנטי בשמן קנ,,120.00,"100 מ""ל",false,,11.90,0.0992,true,1,249769
7290117261569,false,סלמון אטלנטי מעושן ב,קריות זול,,סלמון אטלנטי מעושן ב,,120.00,100 גרם,false,,11.90,0.0992,true,1,249766
7290117261705,false,חמאת עיזים 200גר,,,חמאת עיזים 200גר,,200.00,"100 מ""ל",false,,14.90,0.0745,true,1,248952
7290117262160,false,גבינה כפרית חצי קשה,,,גבינה כפרית חצי קשה,,200.00,100 גרם,false,,14.90,0.0745,true,1,249782
7290117262221,false,משקה יוגורט פרוביוטי,,,משקה יוגורט פרוביוטי,,200.00,100 גרם,false,,5.90,0.0295,true,1,249702
7290117262238,false,משקה יוגורט פרוביוטי,,,משקה יוגורט פרוביוטי,,200.00,100 גרם,false,,5.90,0.0295,true,1,249703
7290117262245,false,משקה יוגורט פרוביוטי,,,משקה יוגורט פרוביוטי,,200.00,100 גרם,false,,5.90,0.0295,true,1,249704
7290117382318,false,סלים דליס פרו 33 חטי,,,סלים דליס פרו 33 חטי,,60.00,"100 מ""ל",false,,12.90,0.2150,true,1,249992
7290117382325,false,סלים דליס פרו 33 חטי,,,סלים דליס פרו 33 חטי,,60.00,"100 מ""ל",false,,12.90,0.2150,true,1,249993
7290117382332,false,סלים דליס פרו 33 חטי,,,סלים דליס פרו 33 חטי,,60.00,"100 מ""ל",false,,12.90,0.2150,true,1,249994
7290117860038,false,הוואי תחליב רחצה יוג,,,הוואי תחליב רחצה יוג,,700.00,"100 מ""ל",false,,14.90,0.0213,true,1,250458
7290117860045,false,הוואי שמפו מטפח לשיע,קריות זול,,הוואי שמפו מטפח לשיע,,700.00,100 גרם,false,,14.90,0.0213,true,1,250435
7290117860083,false,הוואי קרם בניחוח איר,,,הוואי קרם בניחוח איר,,700.00,"100 מ""ל",false,,14.90,0.0213,true,1,250460
7290117860090,false,הוואי מרכך מטפח לשיע,קריות זול,,הוואי מרכך מטפח לשיע,,700.00,100 גרם,false,,14.90,0.0213,true,1,250444
7290117860397,false,הוואי שמפו לשיער פרי,קריות זול,,הוואי שמפו לשיער פרי,,700.00,"100 מ""ל",false,,14.90,0.0213,true,1,250433
7290117860441,false,הוואי מרכך לשיער פרי,קריות זול,,הוואי מרכך לשיער פרי,,700.00,"100 מ""ל",false,,14.90,0.0213,true,1,250446
7290117860748,false,הוואי שמפו מעניק נפח,קריות זול,,הוואי שמפו מעניק נפח,,700.00,100 גרם,false,,14.90,0.0213,true,1,250443
7290117860991,false,הוואי תחליב רחצה יוג,,,הוואי תחליב רחצה יוג,,700.00,"100 מ""ל",false,,14.90,0.0213,true,1,250457
7290117901243,false,ממרח פלפלים אדומים ק,,,ממרח פלפלים אדומים ק,,290.00,100 גרם,false,,14.90,0.0514,true,1,249974
7290117901250,false,ממרח עגבניות מיובשות,,,ממרח עגבניות מיובשות,,290.00,100 גרם,false,,14.90,0.0514,true,1,249973
7290117901274,false,ממרח זיתים 290 גרם ש,,,ממרח זיתים 290 גרם ש,,290.00,100 גרם,false,,14.90,0.0514,true,1,249972
7296049224603,false,ניקולטי סט 3 מגבות מ,,,ניקולטי סט 3 מגבות מ,יחידה,0.00,יחידה,false,,10.90,0.0000,true,1,249857
7296058000526,false,פריכיות כוסמת 130גר,,,פריכיות כוסמת 130גר,,130.00,100 גרם,false,,7.90,0.0608,true,1,216359
7296058110010,false,פריכיות אורז מלא 110,,,פריכיות אורז מלא 110,,110.00,100 גרם,false,,4.90,0.0445,true,1,244741
7296082000066,false,ביצים פלוס 12יח L,,,ביצים פלוס 12יח L,,12.00,100 מ'ל,false,,16.90,1.4083,true,1,174117
7296082000080,false,ביצים חופש 12יח,,,ביצים חופש 12יח,,12.00,100 מ'ל,false,,21.90,1.8250,true,1,190213
7296082000103,false,ביצים סופר טריות מדי,,,ביצים סופר טריות מדי,,30.00,100 מ'ל,false,,27.87,0.9290,true,1,190214
7296082000134,false,ביצים רגילות לארג' 1,,,ביצים רגילות לארג' 1,,12.00,100 מ'ל,false,,12.05,1.0042,true,1,190217
7296082000141,false,ביצים רגילות מדיום 1,,,ביצים רגילות מדיום 1,יחידה,0.00,יחידה,false,,11.15,0.0000,true,1,190218
7296082000165,false,ביצים אורגניות 12יח,,,ביצים אורגניות 12יח,,12.00,"100 מ""ל",false,,25.90,2.1583,true,1,190219
7296082000202,false,ביצים סופר טריה לארג,,,ביצים סופר טריה לארג,,18.00,100 מ'ל,false,,18.07,1.0039,true,1,190220
7296102121245,false,סט 3 קופסאות עגול 1.,,,סט 3 קופסאות עגול 1.,יחידה,0.00,יחידה,false,,10.90,0.0000,true,1,248749
7296102300473,false,"שטיח בד 75*45ס""מ מרב",,,"שטיח בד 75*45ס""מ מרב",יחידה,0.00,יחידה,false,,29.90,0.0000,true,1,248588
7296107000002,false,מלפפון במלח 7-9 20%,,,מלפפון במלח 7-9 20%,,670.00,100 גרם,false,,6.90,0.0103,true,1,202463
7296107000033,false,מלפפון חמוץ 7-9 בחומ,,,מלפפון חמוץ 7-9 בחומ,,670.00,100 גרם,false,,6.90,0.0103,true,1,202464
7296107000439,false,זיתים חרוזית ירוק 56,,,זיתים חרוזית ירוק 56,,560.00,100 גרם,false,,9.90,0.0177,true,1,202468
7296107000958,false,קוקטייל זיתים פרי חן,,,קוקטייל זיתים פרי חן,,560.00,"100 מ""ל",false,,9.90,0.0177,true,1,214623
7394376123337,false,משקה שיבולת שועל אור,,,משקה שיבולת שועל אור,,1000.00,100 גרם,false,,13.90,0.0139,true,1,225185
7394376615825,false,משקה שיבולת שועל מוע,,,משקה שיבולת שועל מוע,,1000.00,100 מ'ל,false,,13.90,0.0139,true,1,225186
7394376616778,false,משקה שיבולת שועל להק,,,משקה שיבולת שועל להק,,1000.00,100 גרם,false,,15.90,0.0159,true,1,225188
7501013122039,false,נקטר ג'ומקס מנגו קרט,,,נקטר ג'ומקס מנגו קרט,,1000.00,100 גרם,false,,9.90,0.0099,true,1,222610
7501013122053,false,נקטר ג'ומקס אפרסק קר,,,נקטר ג'ומקס אפרסק קר,,1000.00,"100 מ""ל",false,,9.90,0.0099,true,1,222611
7501013122114,false,נקטר ג'ומקס אננס קרט,,,נקטר ג'ומקס אננס קרט,,1000.00,100 גרם,false,,9.90,0.0099,true,1,222612
7509546663135,false,קולגייט זירו משחת שי,,,קולגייט זירו משחת שי,,98.00,"100 מ""ל",false,,12.90,0.1316,true,1,244572
7610008059073,false,שוקולד רגוסה קלאסי 1,,,שוקולד רגוסה קלאסי 1,,100.00,"100 מ""ל",false,,15.90,0.1590,true,1,234663
7610008059080,false,שוקולד רגוסה מריר 10,,,שוקולד רגוסה מריר 10,,100.00,"100 מ""ל",false,,15.90,0.1590,true,1,234664
7610008059097,false,שוקולד רגוסה בלונד 1,,,שוקולד רגוסה בלונד 1,,100.00,"100 מ""ל",false,,15.90,0.1590,true,1,234665
7610008059103,false,טורינו שוקולד חלב  1,,,טורינו שוקולד חלב  1,,100.00,"100 מ""ל",false,,15.90,0.1590,true,1,234666
7610243004463,false,דורגול מסיר אבן מרסס,,,דורגול מסיר אבן מרסס,,500.00,100 גרם,false,,19.90,0.0398,true,1,183762
7610400010481,false,שוקולד לינדט אקסלנס,,,שוקולד לינדט אקסלנס,,100.00,"100 מ""ל",false,,15.90,0.1590,true,1,191196
7610400014632,false,שוקולד לינדט לינדור,,,שוקולד לינדט לינדור,,100.00,"100 מ""ל",false,,16.90,0.1690,true,1,191202
7610400014649,false,שוקולד לינדט לינדור,,,שוקולד לינדט לינדור,,100.00,"100 מ""ל",false,,16.90,0.1690,true,1,191203
7610400070577,false,שוקולד לינדט אקסלנס,,,שוקולד לינדט אקסלנס,,100.00,"100 מ""ל",false,,15.90,0.1590,true,1,191217
7610400091060,false,שוקולד לינדט אקסלנס,,,שוקולד לינדט אקסלנס,,100.00,"100 מ""ל",false,,15.90,0.1590,true,1,226201
7613030979647,false,דגני טריקס פירות נסט,,,דגני טריקס פירות נסט,,480.00,100 גרם,false,,26.90,0.0560,true,1,223394
7613032045753,false,פיטנס שוקולד 375 גרם,,,פיטנס שוקולד 375 גרם,,375.00,100 גרם,false,,23.90,0.0637,true,1,178324
7613033548192,false,פיטנס דגני בוקר שוקו,,,פיטנס דגני בוקר שוקו,,375.00,"100 מ""ל",false,,23.90,0.0637,true,1,178366
7613034146502,false,פורינה מיני אקטיב עו,,,פורינה מיני אקטיב עו,,1500.00,100 גרם,false,,54.90,0.0366,true,1,223395
7613035622623,false,פיטנס גרנולה שקדים ו,,,פיטנס גרנולה שקדים ו,,300.00,"100 מ""ל",false,,15.90,0.0530,true,1,178388
7613035635845,false,פיטנס גרנולה שוקולד,,,פיטנס גרנולה שוקולד,,300.00,100 גרם,false,,15.90,0.0530,true,1,178389
7613035758834,false,פיטנס גרנולה חמוציות,,,פיטנס גרנולה חמוציות,,300.00,100 גרם,false,,15.90,0.0530,true,1,178390
7613035809109,false,רוטב עגבניות ובזיליק,,,רוטב עגבניות ובזיליק,,400.00,"100 מ""ל",false,,9.90,0.0248,true,1,178392
7613035809857,false,רוטב עגבניות לפסטה ו,,,רוטב עגבניות לפסטה ו,,40.00,"100 מ""ל",false,,9.90,0.2475,true,1,178394
7613036105545,false,דוגלי גזע קטן 3קג,,,דוגלי גזע קטן 3קג,קילוגרמים,3.00,"ק""ג",false,,54.90,18.3000,true,1,223400
7613036520492,false,רוטב עגבניות לפיצה פ,,,רוטב עגבניות לפיצה פ,,400.00,100 גרם,false,,9.90,0.0248,true,1,223406
7613036737623,false,דגני בוקר קראנץ מקס,,,דגני בוקר קראנץ מקס,,410.00,"100 מ""ל",false,,26.90,0.0656,true,1,223409
7613037276091,false,*מבצע* נסטלה מיקס מי,,,*מבצע* נסטלה מיקס מי,יחידה,0.00,יחידה,false,,14.90,0.0000,true,1,223436
7613037686906,false,פיטנס שקדים ודבש 355,,,פיטנס שקדים ודבש 355,,355.00,"100 מ""ל",false,,23.90,0.0673,true,1,223437
7613037811629,false,קורנפלקס גו פרי 500ג,,,קורנפלקס גו פרי 500ג,,500.00,"100 מ""ל",false,,15.90,0.0318,true,1,223439
7613038268262,false,דגני האני נאט צ'יריו,,,דגני האני נאט צ'יריו,,410.00,100 גרם,false,,20.90,0.0510,true,1,223441
7613038451954,false,קראנץ שוקולד דגני בו,,,קראנץ שוקולד דגני בו,,410.00,"100 מ""ל",false,,23.90,0.0583,true,1,223442
7613039771174,false,טבעול סנסשיונל מינס,,,טבעול סנסשיונל מינס,,400.00,100 גרם,false,,38.90,0.0972,true,1,223449
7613287121783,false,סמארטיס מיני 187גרם,,,סמארטיס מיני 187גרם,,187.00,100 גרם,false,,10.90,0.0583,true,1,245700
7613287155863,false,גרבר מחית אגס פאוץ 9,,,גרבר מחית אגס פאוץ 9,,90.00,"100 מ""ל",false,,6.10,0.0678,true,1,248249
7613287181411,false,ויטמינצ'יק פאוץ  סלט,קריות זול,,ויטמינצ'יק פאוץ  סלט,,110.00,100 גרם,false,,5.90,0.0536,true,1,249872
7613287182425,false,ויטמינצ'יק  פאוץ תפו,קריות זול,,ויטמינצ'יק  פאוץ תפו,,110.00,100 גרם,false,,5.90,0.0536,true,1,249871
7613287325808,false,רוטב איולי שום לחיץ,,,רוטב איולי שום לחיץ,,295.00,"100 מ""ל",false,,15.90,0.0539,true,1,246897
7613287325822,false,רוטב מיקס לחיץ אסם 2,,,רוטב מיקס לחיץ אסם 2,,295.00,100 גרם,false,,15.90,0.0539,true,1,246898
7613287325952,false,רוטב ברביקיו לחיץ אס,,,רוטב ברביקיו לחיץ אס,,345.00,"100 מ""ל",false,,15.90,0.0461,true,1,246902
7613287821348,false,נתחוני עוף טבעוני סנ,,,נתחוני עוף טבעוני סנ,,350.00,100 גרם,false,,38.90,0.1111,true,1,246379
7613287855640,false,סטארבקס קפסולות גווא,,,סטארבקס קפסולות גווא,,52.00,100 גרם,false,,21.90,0.4212,true,1,249500
7614500010013,false,טובלרון בר חלב 100 ג,,,טובלרון בר חלב 100 ג,,100.00,100 גרם,false,,8.90,0.0890,true,1,206407
7622010001858,false,אוראו עוגיות ממולאות,,,אוראו עוגיות ממולאות,,176.00,100 גרם,false,,9.90,0.0563,true,1,179848
7622201050757,false,שוקולד מילקה חלב עם,,,שוקולד מילקה חלב עם,,100.00,"100 מ""ל",false,,7.90,0.0790,true,1,179852
7622201137052,false,מילקה מיני קוקיז 110,,,מילקה מיני קוקיז 110,,110.00,100 גרם,false,,9.90,0.0900,true,1,245765
7622201801809,false,שוקולד חלב מילקה אגו,,,שוקולד חלב מילקה אגו,,100.00,100 גרם,false,,7.90,0.0790,true,1,246255
7622201802363,false,שוקולד חלב מילקה צימ,,,שוקולד חלב מילקה צימ,,100.00,100 גרם,false,,7.90,0.0790,true,1,246254
7622201802394,false,שוקולד מילקה חלב 100,,,שוקולד מילקה חלב 100,,100.00,100 גרם,false,,7.90,0.0790,true,1,246253
7622201808631,false,אוראו מיני כוסות בטע,,,אוראו מיני כוסות בטע,,67.00,"100 מ""ל",false,,8.90,0.1328,true,1,246258
7622201819170,false,שוקולד מילקה דארק שק,,,שוקולד מילקה דארק שק,,85.00,"100 מ""ל",false,,7.90,0.0929,true,1,246829
7622201819408,false,שוקולד מילקה דארק קר,,,שוקולד מילקה דארק קר,,85.00,100 גרם,false,,7.90,0.0929,true,1,246830
7622210078131,false,שוקולד מילקה חלב עם,,,שוקולד מילקה חלב עם,,100.00,"100 מ""ל",false,,7.90,0.0790,true,1,221098
7622210163899,false,שוקולד מילקה חלב עם,,,שוקולד מילקה חלב עם,,100.00,"100 מ""ל",false,,7.90,0.0790,true,1,223811
7622210392589,false,טובלרון טייני חלב 20,,,טובלרון טייני חלב 20,,200.00,100 גרם,false,,14.90,0.0745,true,1,249852
7622210453327,false,מילקה עוגיות סנסיישן,,,מילקה עוגיות סנסיישן,,156.00,"100 מ""ל",false,,12.90,0.0827,true,1,223814
7622210680969,false,טובלרון חלב מסרונים,,,טובלרון חלב מסרונים,,360.00,"100 מ""ל",false,,19.90,0.0553,true,1,248384
7622210826053,false,שוקולד מילקה אוראו ס,,,שוקולד מילקה אוראו ס,,92.00,100 גרם,false,,7.90,0.0859,true,1,223828
7622300200237,false,שוקולד מילקה חלב250ג,,,שוקולד מילקה חלב250ג,,250.00,"100 מ""ל",false,,10.90,0.0436,true,1,179864
7622300270506,false,מילקה גריינס עוגיות,,,מילקה גריינס עוגיות,,168.00,"100 מ""ל",false,,12.90,0.0768,true,1,179866
7622300356767,false,עוגיות מילקה עם גרנו,,,עוגיות מילקה עם גרנו,,168.00,"100 מ""ל",false,,12.90,0.0768,true,1,179870
7622300489427,false,אוראו עוגיות בציפוי,,,אוראו עוגיות בציפוי,,246.00,"100 מ""ל",false,,14.90,0.0606,true,1,223835
7622300489434,false,אוראו עוגיות בציפוי,,,אוראו עוגיות בציפוי,,246.00,"100 מ""ל",false,,14.90,0.0606,true,1,223836
7622300617820,false,שוקולד מילקה אוראו 1,,,שוקולד מילקה אוראו 1,,100.00,100 גרם,false,,7.90,0.0790,true,1,179878
7622300761363,false,אוראו מיני כוסות בטע,,,אוראו מיני כוסות בטע,,67.00,"100 מ""ל",false,,8.90,0.1328,true,1,206412
7622400005190,false,שוקולד מילקה 100גר,,,שוקולד מילקה 100גר,,100.00,100 גרם,false,,7.90,0.0790,true,1,179884
7622400013423,false,שוקולד קוטדור מריר 8,,,שוקולד קוטדור מריר 8,,100.00,100 גרם,false,,14.90,0.1490,true,1,179887
7630477891592,false,סטארבקס קפסולות האוס,,,סטארבקס קפסולות האוס,יחידה,0.00,יחידה,false,,21.90,0.0000,true,1,223452
7630477891639,false,סטארבקס קפסולות האוס,,,סטארבקס קפסולות האוס,יחידה,0.00,יחידה,false,,21.90,0.0000,true,1,223454
7630477891653,false,סטארבקס קפסולות אספר,,,סטארבקס קפסולות אספר,יחידה,0.00,יחידה,false,,21.90,0.0000,true,1,223455
7630477891677,false,סטארבקס קפסולות פייק,,,סטארבקס קפסולות פייק,יחידה,0.00,יחידה,false,,21.90,0.0000,true,1,223456
7630477891691,false,סטארבקס קפסולות קולו,,,סטארבקס קפסולות קולו,יחידה,0.00,יחידה,false,,21.90,0.0000,true,1,223457
7630477891738,false,סטארבקס קפסולות אספר,,,סטארבקס קפסולות אספר,יחידה,0.00,יחידה,false,,21.90,0.0000,true,1,223459
7702018405145,false,גילט גל גילוח סירייס,קריות זול,,גילט גל גילוח סירייס,,200.00,100 גרם,false,,19.90,0.0995,true,1,233814
7702018462032,false,מאך 3 סכיני גילוח רב,,,מאך 3 סכיני גילוח רב,יחידה,0.00,יחידה,false,,29.90,0.0000,true,1,240229
7702018980833,false,גילט גל גילוח מועשר,,,גילט גל גילוח מועשר,,200.00,100 גרם,false,,19.90,0.0995,true,1,204199
7702024074625,false,פיטנס חטיפי קרקר חיט,,,פיטנס חטיפי קרקר חיט,,234.00,"100 מ""ל",false,,12.90,0.0551,true,1,223460
7702024258322,false,פיטנס חטיפי קרקר צ'י,,,פיטנס חטיפי קרקר צ'י,,234.00,"100 מ""ל",false,,12.90,0.0551,true,1,223462
7702174066631,false,לקקן פינפופ מהדרין י,,,לקקן פינפופ מהדרין י,,180.00,"100 מ""ל",false,,7.90,0.0439,true,1,192208
7702174068826,false,לקקן עם סוכריות טופי,,,לקקן עם סוכריות טופי,יחידה,0.00,יחידה,false,,11.90,0.0000,true,1,192211
7702174070201,false,לקקן מג'יק יוגטה 12י,,,לקקן מג'יק יוגטה 12י,יחידה,0.00,יחידה,false,,11.90,0.0000,true,1,192215
7702174073783,false,לקקן פינפופ קולה יוג,,,לקקן פינפופ קולה יוג,,180.00,"100 מ""ל",false,,7.90,0.0439,true,1,192216
7792860006218,false,סוכריות לקקנים בייבי,,,סוכריות לקקנים בייבי,,24.00,100 גרם,false,,2.50,0.1042,true,1,191228
7798132720233,false,אוכמניות 125גרם,,,אוכמניות 125גרם,,125.00,100 גרם,false,,9.90,0.0792,true,1,250375
7798141877836,false,גאטו נגרו סוביניון ב,,,גאטו נגרו סוביניון ב,,750.00,100 גרם,false,,39.90,0.0532,true,1,246378
7804414012351,false,דון חוליו מלבק 750 מ,,,דון חוליו מלבק 750 מ,,750.00,"100 מ""ל",false,,29.90,0.0399,true,1,220610
7891024030974,false,קולגייט טריפל אקשן מ,,,קולגייט טריפל אקשן מ,,75.00,100 מ'ל,false,,7.90,0.1053,true,1,186255
8000070010680,false,קפסולות לוואצה ויגור,,,קפסולות לוואצה ויגור,,10.00,יח',false,,19.90,1.9900,true,1,246449
8000380003723,false,גרנד פטיסרי וופל אגו,קריות זול,,גרנד פטיסרי וופל אגו,,100.00,100 גרם,false,,13.90,0.1390,true,1,192218
8000380004669,false,וופל לואקר קוביות סנ,,,וופל לואקר קוביות סנ,,200.00,100 גרם,false,,13.90,0.0695,true,1,192221
8000380004676,false,וופל לואקר קוביות סנ,קריות זול,,וופל לואקר קוביות סנ,,200.00,"100 מ""ל",false,,13.90,0.0695,true,1,192222
8000380004911,false,וופל קואדרטיני אגוז,קריות זול,,וופל קואדרטיני אגוז,,250.00,100 גרם,false,,14.90,0.0596,true,1,192225
8000380004966,false,וופל לואקר קוביות קק,קריות זול,,וופל לואקר קוביות קק,,250.00,100 גרם,false,,14.90,0.0596,true,1,192228
8000380005598,false,טורטינה שישיה מריר 1,,,טורטינה שישיה מריר 1,,125.00,100 גרם,false,,18.90,0.1512,true,1,192229
8000380007219,false,וופל לואקר אגוז 175ג,קריות זול,,וופל לואקר אגוז 175ג,,175.00,"100 מ""ל",false,,11.90,0.0680,true,1,192232
8000380007257,false,וופל גרדנה אגוז 200ג,קריות זול,,וופל גרדנה אגוז 200ג,,200.00,"100 מ""ל",false,,14.90,0.0745,true,1,192234
8000380007264,false,וופל לואקר קקאו 175ג,קריות זול,,וופל לואקר קקאו 175ג,,175.00,100 גרם,false,,11.90,0.0680,true,1,192235
8000380144044,false,וופל גרדנה שוקולד 20,,,וופל גרדנה שוקולד 20,,200.00,100 גרם,false,,14.90,0.0745,true,1,192242
8000380157570,false,וופל קלאסי לואקר 262,,,וופל קלאסי לואקר 262,,262.50,100 גרם,false,,13.90,0.0530,true,1,226423
8000380157587,false,וופל שוקולד לואקר 26,,,וופל שוקולד לואקר 26,,262.50,"100 מ""ל",false,,13.90,0.0530,true,1,226424
8000380180745,false,וופל קואדרטיני שוקו,,,וופל קואדרטיני שוקו,,250.00,"100 מ""ל",false,,14.90,0.0596,true,1,192270
8000380180837,false,גרנד פטיסרי במילוי ק,,,גרנד פטיסרי במילוי ק,,100.00,"100 מ""ל",false,,13.90,0.1390,true,1,192271
8000500023624,false,קינדר הפי היפו חמישי,,,קינדר הפי היפו חמישי,,102.00,"100 מ""ל",false,,14.90,0.1461,true,1,214020
8000500023976,false,בונבוניירת רפאלו 150,קריות זול,,בונבוניירת רפאלו 150,,150.00,100 גרם,false,,17.90,0.1193,true,1,214021
8000500026731,false,קינדר ביצי שוקולד 3*,קריות זול,,קינדר ביצי שוקולד 3*,,60.00,"100 מ""ל",false,,15.90,0.2650,true,1,214022
8000500029350,false,*מבצע* קינדר בואנו ש,,,*מבצע* קינדר בואנו ש,,129.00,"100 מ""ל",false,,10.90,0.0845,true,1,214024
8000500037874,false,פררו רושר בונבוניירה,קריות זול,,פררו רושר בונבוניירה,,200.00,100 גרם,false,,27.90,0.1395,true,1,214027
8000500071083,false,קינדר אצבעות שוקולד,,,קינדר אצבעות שוקולד,,200.00,"100 מ""ל",false,,14.90,0.0745,true,1,214029
8000500121436,false,*מבצע* קינדר בואנו ל,,,*מבצע* קינדר בואנו ל,,117.00,"100 מ""ל",false,,10.90,0.0932,true,1,214033
8000500126325,false,קינדר גוי ורוד שלישי,קריות זול,,קינדר גוי ורוד שלישי,,60.00,"100 מ""ל",false,,15.90,0.2650,true,1,214034
8000500127728,false,קינדר מילק סליים עוג,,,קינדר מילק סליים עוג,,112.00,"100 מ""ל",false,,12.90,0.1152,true,1,246457
8000500227848,false,נוטלה בי רדי 132 גרם,,,נוטלה בי רדי 132 גרם,,132.00,"100 מ""ל",false,,12.90,0.0977,true,1,235936
8000500249352,false,קינדר בואנו מיני מיק,,,קינדר בואנו מיני מיק,,205.00,"100 מ""ל",false,,21.90,0.1068,true,1,235940
8000500256213,false,קינדר שוקולד מיני 12,,,קינדר שוקולד מיני 12,,120.00,100 גרם,false,,11.90,0.0992,true,1,235941
8000500267103,false,קינדר דליס 390 גרם,,,קינדר דליס 390 גרם,,390.00,100 גרם,false,,19.90,0.0510,true,1,235944
8000500269169,false,קינדר קארדס חמישייה,קריות זול,,קינדר קארדס חמישייה,,128.00,"100 מ""ל",false,,14.90,0.1164,true,1,249526
8000500353738,false,טיק טק מנטה חזק רביע,,,טיק טק מנטה חזק רביע,,64.00,"100 מ""ל",false,,11.90,0.1859,true,1,235949
8000500386941,false,נוטלה ממרח קקאו עם א,,,נוטלה ממרח קקאו עם א,,900.00,100 מ'ל,false,,29.90,0.0332,true,1,249527
8000570283607,false,מרטיני אסטי מבעבע 75,,,מרטיני אסטי מבעבע 75,,750.00,100 מ'ל,false,,64.90,0.0865,true,1,222284
8001010062844,false,חומץ בלסמי פונטי 500,,,חומץ בלסמי פונטי 500,,500.00,100 גרם,false,,19.90,0.0398,true,1,235979
8001090222725,false,הרבל אסנסס שמפו שמן,,,הרבל אסנסס שמפו שמן,,400.00,"100 מ""ל",false,,18.90,0.0472,true,1,233830
8001090336354,false,פמפרס בייבי דריי מיד,,,פמפרס בייבי דריי מיד,יחידה,0.00,יחידה,false,,32.90,0.0000,true,1,233834
8001090336446,false,פמפרס בייבי דריי מיד,,,פמפרס בייבי דריי מיד,יחידה,0.00,יחידה,false,,32.90,0.0000,true,1,233836
8001090336491,false,פמפרס בייבי דריי מיד,,,פמפרס בייבי דריי מיד,יחידה,0.00,יחידה,false,,32.90,0.0000,true,1,233837
8001090336521,false,פמפרס בייבי דריי מיד,,,פמפרס בייבי דריי מיד,יחידה,0.00,יחידה,false,,32.90,0.0000,true,1,233838
8001090336606,false,פמפרס בייבי דריי מיד,,,פמפרס בייבי דריי מיד,יחידה,0.00,יחידה,false,,32.90,0.0000,true,1,233839
8001090375230,false,פנטן מרכך מרוכז 200,,,פנטן מרכך מרוכז 200,,200.00,"100 מ""ל",false,,21.90,0.1095,true,1,233841
8001090375285,false,פנטן מרכך מרוכז 200,,,פנטן מרכך מרוכז 200,,200.00,100 גרם,false,,21.90,0.1095,true,1,233842
8001090493637,false,הד&שולדרס שמפו אולטר,,,הד&שולדרס שמפו אולטר,,450.00,100 גרם,false,,19.90,0.0442,true,1,233849
8001090678225,false,"הד&שולדרס מרכך 275מ""",,,"הד&שולדרס מרכך 275מ""",,275.00,100 גרם,false,,14.90,0.0542,true,1,233856
8001090678614,false,הד&שולדרס שמפו סופרי,,,הד&שולדרס שמפו סופרי,,400.00,"100 מ""ל",false,,19.90,0.0497,true,1,233858
8001090802385,false,טייד קפסולות לכביסה,,,טייד קפסולות לכביסה,,26.00,100 גרם,false,,29.90,1.1500,true,1,233873
8001090810083,false,פנטן קונדישנר נוסחה,,,פנטן קונדישנר נוסחה,,500.00,"100 מ""ל",false,,17.90,0.0358,true,1,233875
8001090810120,false,פנטן מרכך שמן מרוקאי,,,פנטן מרכך שמן מרוקאי,,500.00,100 מ'ל,false,,17.90,0.0358,true,1,233876
8001090810281,false,פנטן שמפו שמן מרוקאי,,,פנטן שמפו שמן מרוקאי,,500.00,"100 מ""ל",false,,17.90,0.0358,true,1,233879
8001090886385,false,לנור כדוריות הריח בנ,,,לנור כדוריות הריח בנ,,140.00,100 גרם,false,,19.90,0.1421,true,1,233890
8001090886460,false,לנור כדוריות בושם בנ,,,לנור כדוריות בושם בנ,,140.00,100 גרם,false,,19.90,0.1421,true,1,233891
8001090899194,false,תחבושות אולוויז פלטי,,,תחבושות אולוויז פלטי,יחידה,0.00,יחידה,false,,19.90,0.0000,true,1,233895
8001090899224,false,תחבושות אולוויז פלטי,,,תחבושות אולוויז פלטי,יחידה,0.00,יחידה,false,,19.90,0.0000,true,1,233896
8001090899286,false,אולוויז תחבושות פלטי,,,אולוויז תחבושות פלטי,יחידה,0.00,יחידה,false,,19.90,0.0000,true,1,233898
8001090988362,false,פנטן שמפו לחות מוגבר,,,פנטן שמפו לחות מוגבר,,500.00,100 מ'ל,false,,17.90,0.0358,true,1,233900
8001090988843,false,פנטן קונדישנר לחות מ,,,פנטן קונדישנר לחות מ,,500.00,100 גרם,false,,17.90,0.0358,true,1,233904
8001100011769,false,וופל שכבות 175 ג באל,,,וופל שכבות 175 ג באל,,175.00,100 גרם,false,,9.90,0.0566,true,1,250065
8001100011776,false,וופל שכבות 175ג באלו,,,וופל שכבות 175ג באלו,,175.00,"100 מ""ל",false,,9.90,0.0566,true,1,250067
8001100059242,false,וופל קוביות 250 ג בא,,,וופל קוביות 250 ג בא,,250.00,"100 מ""ל",false,,12.90,0.0516,true,1,250060
8001100059259,false,וופל קוביות 250ג באל,,,וופל קוביות 250ג באל,,250.00,"100 מ""ל",false,,12.90,0.0516,true,1,250059
8001100067940,false,וופל קוביות 125ג באל,,,וופל קוביות 125ג באל,,125.00,100 גרם,false,,8.90,0.0712,true,1,250063
8001100067957,false,וופל קוביות125ג באלו,,,וופל קוביות125ג באלו,,125.00,100 גרם,false,,8.90,0.0712,true,1,250062
8001100067964,false,וופל קוביות 125ג באל,,,וופל קוביות 125ג באל,,125.00,"100 מ""ל",false,,8.90,0.0712,true,1,250064
8001250152015,false,פסטה דורום פפרדלה דה,,,פסטה דורום פפרדלה דה,,500.00,"100 מ""ל",false,,14.90,0.0298,true,1,250367
8001620011935,false,סאן בנדטו מוגז שישיי,,,סאן בנדטו מוגז שישיי,,3000.00,100 גרם,false,,14.90,0.0050,true,1,173285
8001841096889,false,פיירי לבן לימון 900,,,פיירי לבן לימון 900,,900.00,100 גרם,false,,9.90,0.0110,true,1,233912
8001841198347,false,גילט דאורדורנט CW ספ,,,גילט דאורדורנט CW ספ,,150.00,100 גרם,false,,14.90,0.0993,true,1,233919
8001841400662,false,טייד אבקת כביסה קולו,,,טייד אבקת כביסה קולו,קילוגרמים,10.00,"ק""ג",false,,59.90,5.9900,true,1,233928
8001841500799,false,הרבל אסנסס שמפו ללא,,,הרבל אסנסס שמפו ללא,,380.00,"100 מ""ל",false,,18.90,0.0497,true,1,244488
8001841502298,false,הרבל אסנסס מרכך ללא,,,הרבל אסנסס מרכך ללא,,380.00,"100 מ""ל",false,,18.90,0.0497,true,1,244490
8001841625188,false,פיירי פלטינום לימון,,,פיירי פלטינום לימון,,515.00,"100 מ""ל",false,,10.90,0.0212,true,1,233930
8001841625461,false,פיירי פלטינום אורגינ,,,פיירי פלטינום אורגינ,,515.00,"100 מ""ל",false,,10.90,0.0212,true,1,233931
8001841722146,false,מגן תחתון אולוויז נו,,,מגן תחתון אולוויז נו,יחידה,0.00,יחידה,false,,17.90,0.0000,true,1,233932
8001841893990,false,פיירי קפסולות למדיח,,,פיירי קפסולות למדיח,,30.00,מטר,false,,39.90,1.3300,true,1,244538
8001841941929,false,אולוויז תחבושות פלטי,,,אולוויז תחבושות פלטי,,14.00,יח',false,,19.90,1.4214,true,1,246100
8001841948119,false,פיירי נוזל לכלים ארו,,,פיירי נוזל לכלים ארו,,1050.00,"100 מ""ל",false,,10.90,0.0104,true,1,245647
8001841958460,false,פיירי קפסולות למדיח,,,פיירי קפסולות למדיח,,48.00,100 ליטר,false,,39.90,0.8312,true,1,244539
8001841960081,false,פיירי קפסולות למדיח,,,פיירי קפסולות למדיח,,37.00,100 מ'ל,false,,39.90,1.0784,true,1,244540
8002270015656,false,סאן פלגרינו 750מל,,,סאן פלגרינו 750מל,,750.00,100 גרם,false,,11.90,0.0159,true,1,173287
8002450006559,false,קזה די לואיג'י שרדונ,,,קזה די לואיג'י שרדונ,,750.00,100 גרם,false,,29.90,0.0399,true,1,192770
8002450204009,false,ורדי משקה כהלי מוגז,,,ורדי משקה כהלי מוגז,,750.00,100 גרם,false,,24.90,0.0332,true,1,192773
8002450205006,false,ורדי משקה כהלי מוגז,,,ורדי משקה כהלי מוגז,,750.00,100 גרם,false,,24.90,0.0332,true,1,221621
8002450206508,false,קזה די לואיגי קברנה,,,קזה די לואיגי קברנה,,750.00,"100 מ""ל",false,,29.90,0.0399,true,1,192775
8002450206522,false,קזה די לואיג'י מרלו,,,קזה די לואיג'י מרלו,,750.00,"100 מ""ל",false,,29.90,0.0399,true,1,192776
8004030177000,false,טונה ריו מרה בשמן זי,,,טונה ריו מרה בשמן זי,,240.00,"100 מ""ל",false,,27.90,0.1162,true,1,225191
8004690050507,false,פסטה לאמוליזנה פטוצ',,,פסטה לאמוליזנה פטוצ',,500.00,100 גרם,false,,8.90,0.0178,true,1,235980
8004690050620,false,פסטה לאמוליזנה לינגו,,,פסטה לאמוליזנה לינגו,,500.00,100 גרם,false,,8.90,0.0178,true,1,191232
8004690052044,false,פסטה לאמוליזנה פנה ז,,,פסטה לאמוליזנה פנה ז,,500.00,100 גרם,false,,8.90,0.0178,true,1,191234
8004690052600,false,פסטה לאמוליזנה קונכי,,,פסטה לאמוליזנה קונכי,,500.00,100 גרם,false,,8.90,0.0178,true,1,235981
8004690052846,false,פסטה לאמוליזנה פוסיל,,,פסטה לאמוליזנה פוסיל,,500.00,100 גרם,false,,8.90,0.0178,true,1,191235
8004690053195,false,פסטה לאמוליזנה ריגטו,,,פסטה לאמוליזנה ריגטו,,500.00,100 גרם,false,,8.90,0.0178,true,1,191236
8004690055601,false,פסטה לאמוליזנה צ'ינס,,,פסטה לאמוליזנה צ'ינס,,500.00,100 גרם,false,,8.90,0.0178,true,1,235984
8004690057308,false,פסטה לאמוליזנה רדיאט,,,פסטה לאמוליזנה רדיאט,,500.00,"100 מ""ל",false,,8.90,0.0178,true,1,235985
8004690058008,false,פסטה לאמוליזנה גמלי,,,פסטה לאמוליזנה גמלי,,500.00,100 גרם,false,,8.90,0.0178,true,1,220008
8004690106600,false,פסטה לאמוליזנה פארפא,,,פסטה לאמוליזנה פארפא,,500.00,100 גרם,false,,8.90,0.0178,true,1,191237
8004690203002,false,"ניוקי תפו""א איטלקי ל",,,"ניוקי תפו""א איטלקי ל",,500.00,"100 מ""ל",false,,9.90,0.0198,true,1,235988
8004800000064,false,לאגו גלילי וופל במיל,,,לאגו גלילי וופל במיל,,100.00,"100 מ""ל",false,,10.90,0.1090,true,1,250255
8004800004802,false,לאגו גלילי וופל במיל,,,לאגו גלילי וופל במיל,,100.00,"100 מ""ל",false,,10.90,0.1090,true,1,250254
8004800005502,false,לאגו גלילי ופל במילו,,,לאגו גלילי ופל במילו,,125.00,100 גרם,false,,9.90,0.0792,true,1,250235
8004800005519,false,לאגו גלילי ופל  במיל,,,לאגו גלילי ופל  במיל,,125.00,100 גרם,false,,9.90,0.0792,true,1,250233
8005110002243,false,רכז עגבניות מוטי בשפ,,,רכז עגבניות מוטי בשפ,,185.00,100 גרם,false,,9.90,0.0535,true,1,235989
8005110060007,false,עגבניות מקולפות מוטי,,,עגבניות מקולפות מוטי,,400.00,"100 מ""ל",false,,7.90,0.0198,true,1,214462
8005110170300,false,עגבניות מרוסקות מוטי,,,עגבניות מרוסקות מוטי,,1200.00,100 גרם,false,,18.90,0.0157,true,1,214650
8005110191015,false,רסק עגבניות ובזיליקו,,,רסק עגבניות ובזיליקו,,700.00,"100 מ""ל",false,,13.90,0.0199,true,1,214651
8005110550508,false,מוטי עגבניות שלמות ב,,,מוטי עגבניות שלמות ב,,400.00,"100 מ""ל",false,,9.90,0.0248,true,1,250360
8005110551253,false,רוטב לפיצה מוטי 400ג,,,רוטב לפיצה מוטי 400ג,,400.00,100 גרם,false,,9.90,0.0248,true,1,235990
8005200256587,false,נסטי אפרסק 1.5ליטר,,,נסטי אפרסק 1.5ליטר,,1500.00,"100 מ""ל",false,,9.50,0.0063,true,1,247432
8005200316588,false,נסטי דיאט אפרסק 1.5ל,,,נסטי דיאט אפרסק 1.5ל,,1500.00,100 גרם,false,,9.50,0.0063,true,1,247434
8005803010357,false,גריסיני אמור די פאן,,,גריסיני אמור די פאן,,125.00,100 גרם,false,,7.90,0.0632,true,1,221539
8006540091906,false,לנור כדוריות הבושם ב,,,לנור כדוריות הבושם ב,,140.00,100 גרם,false,,19.90,0.1421,true,1,246768
8006540112854,false,לנור מרכך מרוכז בניח,,,לנור מרכך מרוכז בניח,,900.00,100 גרם,false,,15.90,0.0177,true,1,245645
8006540221068,false,אולוויז מגני תחתון ל,,,אולוויז מגני תחתון ל,יחידה,0.00,יחידה,false,,17.90,0.0000,true,1,249075
8006540221341,false,אולוויז מגן תחתון אק,,,אולוויז מגן תחתון אק,יחידה,0.00,יחידה,false,,17.90,0.0000,true,1,248108
8006540221464,false,אולוויז מגני תחתון נ,,,אולוויז מגני תחתון נ,יחידה,0.00,יחידה,false,,17.90,0.0000,true,1,247718
8006540302538,false,הד&שולדרס שמפו קלאסי,,,הד&שולדרס שמפו קלאסי,,350.00,"100 מ""ל",false,,18.90,0.0540,true,1,249943
8006540495186,false,לנור מרכך כביסה בייב,,,לנור מרכך כביסה בייב,,900.00,100 מ'ל,false,,15.90,0.0177,true,1,249322
8008343279826,false,רוטב פסטה בזיליקום ר,,,רוטב פסטה בזיליקום ר,,350.00,"100 מ""ל",false,,11.90,0.0340,true,1,223882
8008620009337,false,קריץ קרקר חיטה מלאה,,,קריץ קרקר חיטה מלאה,,250.00,100 גרם,false,,7.90,0.0316,true,1,203521
8008660210021,false,מעדן דובדבן מנז אנד,,,מעדן דובדבן מנז אנד,,300.00,100 גרם,false,,16.90,0.0563,true,1,190991
8008660210038,false,מעדן תות מנז אנד גאס,,,מעדן תות מנז אנד גאס,,300.00,100 גרם,false,,16.90,0.0563,true,1,190992
8008857200194,false,פסטה רג'ייה ספגטי 50,,,פסטה רג'ייה ספגטי 50,,500.00,100 גרם,false,,6.90,0.0138,true,1,175485
8008857300344,false,פסטה רג'ייה צינור 50,,,פסטה רג'ייה צינור 50,,500.00,100 גרם,false,,6.90,0.0138,true,1,175488
8008857300580,false,פסטה רג'ייה סהרון 50,,,פסטה רג'ייה סהרון 50,,500.00,100 גרם,false,,6.90,0.0138,true,1,175491
8008857300627,false,פסטה רג'ייה צדף 500,,,פסטה רג'ייה צדף 500,,500.00,"100 מ""ל",false,,6.90,0.0138,true,1,175493
8008857300771,false,פסטה רג'ייה אטריות מ,,,פסטה רג'ייה אטריות מ,,500.00,"100 מ""ל",false,,6.90,0.0138,true,1,175497
8008857500003,false,פסטה רג'ייה אטריות ע,,,פסטה רג'ייה אטריות ע,,500.00,"100 מ""ל",false,,7.90,0.0158,true,1,175501
8008857601052,false,*מבצע* לזניה רגיה 50,,,*מבצע* לזניה רגיה 50,,500.00,"100 מ""ל",false,,7.90,0.0158,true,1,222965
8008912010331,false,פסטה ניוקטי סרדי בצו,,,פסטה ניוקטי סרדי בצו,,500.00,"100 מ""ל",false,,8.90,0.0178,true,1,247284
8015997000911,false,מאריני בישקוטים פריכ,,,מאריני בישקוטים פריכ,,200.00,100 גרם,false,,6.90,0.0345,true,1,206586
8032880800243,false,פיקניק הפתעה 50גר,קריות זול,,פיקניק הפתעה 50גר,,50.00,"100 מ""ל",false,,7.90,0.1580,true,1,192297
8033102690062,false,עוגיות וישנזי במילוי,קריות זול,,עוגיות וישנזי במילוי,,150.00,"100 מ""ל",false,,10.90,0.0727,true,1,249308
8033102690079,false,עוגיות וישנזי במילוי,קריות זול,,עוגיות וישנזי במילוי,,150.00,"100 מ""ל",false,,10.90,0.0727,true,1,249234
8076800195033,false,פסטה ספגטי ברילה מס',קריות זול,,פסטה ספגטי ברילה מס',,500.00,100 גרם,false,,8.90,0.0178,true,1,186277
8076800195057,false,פסטה ספגטיני מס 5 בר,קריות זול,,פסטה ספגטיני מס 5 בר,,500.00,100 גרם,false,,8.90,0.0178,true,1,186278
8076800195071,false,ספגטי מס 7 ברילה 500,,,ספגטי מס 7 ברילה 500,,500.00,"100 מ""ל",false,,8.90,0.0178,true,1,235975
8076802085738,false,פסטה פנה רגטה ברילה,קריות זול,,פסטה פנה רגטה ברילה,,500.00,100 גרם,false,,8.90,0.0178,true,1,186283
8076802085981,false,פסטה פתיתי פוזליני ב,קריות זול,,פסטה פתיתי פוזליני ב,,500.00,100 גרם,false,,8.90,0.0178,true,1,186288
8076809513739,false,רוטב בזיליקום ברילה,קריות זול,,רוטב בזיליקום ברילה,,400.00,100 גרם,false,,15.50,0.0388,true,1,186301
8076809523561,false,רוטב טוסקנה ברילה400,,,רוטב טוסקנה ברילה400,,400.00,"100 מ""ל",false,,15.50,0.0388,true,1,186310
8076809523738,false,לזניה ברילה 500 גר,קריות זול,,לזניה ברילה 500 גר,,500.00,"100 מ""ל",false,,24.90,0.0498,true,1,186313
8272764680428,false,קומקום מעוצב בנטון B,,,קומקום מעוצב בנטון B,יחידה,0.00,יחידה,false,,89.00,0.0000,true,1,246923
8410076600622,false,ניטשר וואלי חטיף קרא,,,ניטשר וואלי חטיף קרא,,210.00,"100 מ""ל",false,,21.90,0.1043,true,1,192303
8410076610379,false,נייטשר וואלי פרוטאין,,,נייטשר וואלי פרוטאין,,160.00,"100 מ""ל",false,,24.90,0.1556,true,1,192310
8410076610508,false,ניטשר וואלי צ'אוי חט,,,ניטשר וואלי צ'אוי חט,,150.00,"100 מ""ל",false,,21.90,0.1460,true,1,192313
8410076621047,false,פייבר וואן בראוניז ב,,,פייבר וואן בראוניז ב,,120.00,100 גרם,false,,16.90,0.1408,true,1,226459
8410104039134,false,פיניש מנקה ומחדש מדי,קריות זול,,פיניש מנקה ומחדש מדי,,250.00,"100 מ""ל",false,,21.90,0.0876,true,1,200407
8410104045111,false,"פיניש מלח למדיח 2 ק""",,,"פיניש מלח למדיח 2 ק""",,2000.00,"100 מ""ל",false,,14.90,0.0075,true,1,200409
8410376037883,false,גולון עוגיות שוקוצ'י,,,גולון עוגיות שוקוצ'י,,130.00,100 גרם,false,,11.90,0.0915,true,1,249624
8410376056334,false,גולון ויטאל גריין שו,,,גולון ויטאל גריין שו,,220.00,"100 מ""ל",false,,7.90,0.0359,true,1,249623
8410376064438,false,גולון ביסקוויט פיינס,,,גולון ביסקוויט פיינס,,150.00,"100 מ""ל",false,,16.90,0.1127,true,1,249631
8410644611210,false,קאווה איבריקה לבן חצ,,,קאווה איבריקה לבן חצ,,750.00,"100 מ""ל",false,,29.90,0.0399,true,1,222617
8412497595327,false,בקבוק  פלסטיק 450מל,,,בקבוק  פלסטיק 450מל,יחידה,0.00,יחידה,false,,19.90,0.0000,true,1,187290
8413376022965,false,גבינת עיזים רכה 29%,,,גבינת עיזים רכה 29%,,110.00,100 גרם,false,,12.90,0.1173,true,1,223705
8413376024839,false,גבינת עיזים רכה עם ע,,,גבינת עיזים רכה עם ע,,110.00,100 גרם,false,,12.90,0.1173,true,1,223706
8420822130600,false,סופר מסיר שומנים יעק,,,סופר מסיר שומנים יעק,,750.00,"100 מ""ל",false,,14.90,0.0199,true,1,248304
8420822130624,false,סופר מסיר כתמים יעקב,,,סופר מסיר כתמים יעקב,,750.00,100 גרם,false,,15.90,0.0212,true,1,248305
8423207206495,false,סלים דליס חטיף דגנים,,,סלים דליס חטיף דגנים,,1200.00,100 גרם,false,,15.90,0.0133,true,1,186336
8423207206501,false,סלים דליס חטיף דגנים,,,סלים דליס חטיף דגנים,,120.00,"100 מ""ל",false,,15.90,0.1325,true,1,186337
8423207208260,false,סלים דליס חטיף דגנים,,,סלים דליס חטיף דגנים,,120.00,"100 מ""ל",false,,15.90,0.1325,true,1,186346
8423207208888,false,פריכיות תירס בטעם עג,,,פריכיות תירס בטעם עג,יחידה,0.00,יחידה,false,,10.90,0.0000,true,1,193303
8423207210287,false,סלים דליס שוקולד לבן,,,סלים דליס שוקולד לבן,,120.00,100 גרם,false,,15.90,0.1325,true,1,225203
8423207210928,false,סלים דליס טופינג אגו,,,סלים דליס טופינג אגו,,0.00,100 מ'ל,false,,15.90,0.0000,true,1,225204
8423207210942,false,סלים דליס טופינג פיר,,,סלים דליס טופינג פיר,,0.00,"100 מ""ל",false,,15.90,0.0000,true,1,225205
8423207210966,false,סלים דליס טופינג קוק,,,סלים דליס טופינג קוק,,0.00,"100 מ""ל",false,,15.90,0.0000,true,1,225206
8425206000081,false,ריבת חלב מרדל 450גר,,,ריבת חלב מרדל 450גר,,450.00,"100 מ""ל",false,,19.90,0.0442,true,1,193306
8435495807636,false,תינוקלין ג'ל כביסה ב,,,תינוקלין ג'ל כביסה ב,ליטרים,2.00,ליטר,false,,28.90,14.4500,true,1,226479
8437000906209,false,עלי טורטיה 320ר,,,עלי טורטיה 320ר,,325.00,"100 מ""ל",false,,10.90,0.0335,true,1,175518
8445290341617,false,פנסי פיסט פטה עוף וס,,,פנסי פיסט פטה עוף וס,,85.00,"100 מ""ל",false,,6.50,0.0765,true,1,249846
8680530572660,false,מי סודה ריבר מארז 6*,,,מי סודה ריבר מארז 6*,,1200.00,"100 מ""ל",false,,10.90,0.0091,true,1,249853
8683130008355,false,מיונז הלמנס שום לחיץ,,,מיונז הלמנס שום לחיץ,,400.00,100 גרם,false,,15.90,0.0398,true,1,247772
8683130025581,false,בדין אקסטרא ענבר 960,,,בדין אקסטרא ענבר 960,,960.00,"100 מ""ל",false,,17.90,0.0186,true,1,248536
8683323063024,false,סוכריות יוגטה שטיחים,,,סוכריות יוגטה שטיחים,,220.00,100 גרם,false,,7.90,0.0359,true,1,192322
8686868600037,false,המותג אביזרי שיער,,,המותג אביזרי שיער,יחידה,0.00,יחידה,false,,5.90,0.0000,true,1,203552
8686868600051,false,המותג אביזרי שיער,,,המותג אביזרי שיער,יחידה,0.00,יחידה,false,,7.90,0.0000,true,1,203554
8686868600068,false,המותג אביזרי שיער,,,המותג אביזרי שיער,יחידה,0.00,יחידה,false,,8.90,0.0000,true,1,203555
8686868600075,false,המותג אביזרי שיער,,,המותג אביזרי שיער,יחידה,0.00,יחידה,false,,9.90,0.0000,true,1,203556
8686868600105,false,אביזרי שיער מברשות ה,,,אביזרי שיער מברשות ה,יחידה,0.00,יחידה,false,,12.90,0.0000,true,1,203559
8686868600112,false,המותג אביזרי שיער,,,המותג אביזרי שיער,יחידה,0.00,יחידה,false,,13.90,0.0000,true,1,203560
8686868600129,false,סרט לשיער,,,סרט לשיער,יחידה,0.00,יחידה,false,,12.90,0.0000,true,1,203561
8686868600174,false,המותג אביזרי שיער,,,המותג אביזרי שיער,יחידה,0.00,יחידה,false,,19.90,0.0000,true,1,203565
8686868600204,false,המותג אביזרי שיער,,,המותג אביזרי שיער,יחידה,0.00,יחידה,false,,9.90,0.0000,true,1,203568
8690504153740,false,טבלת שוקולד מריר עם,,,טבלת שוקולד מריר עם,,86.00,100 גרם,false,,13.90,0.1616,true,1,226177
8690504156543,false,שוקולד חלב מעולה ממו,,,שוקולד חלב מעולה ממו,,88.00,100 גרם,false,,13.90,0.1580,true,1,226180
8690521017124,false,דאב תארפי מרכך רגיל,קריות זול,,דאב תארפי מרכך רגיל,,400.00,"100 מ""ל",false,,13.90,0.0348,true,1,183417
8690531032377,false,פלפל שיפקונית צנצנת,,,פלפל שיפקונית צנצנת,,350.00,100 גרם,false,,9.90,0.0283,true,1,201104
8690531401722,false,פלפל אדום קלוי צנצנת,,,פלפל אדום קלוי צנצנת,,550.00,100 גרם,false,,9.90,0.0180,true,1,244956
8690572785102,false,סאיוס שמפו לחיזוק שו,,,סאיוס שמפו לחיזוק שו,,600.00,100 גרם,false,,11.90,0.0198,true,1,226077
8690572789513,false,גליס שמפו תמצית שמן,,,גליס שמפו תמצית שמן,,525.00,100 גרם,false,,10.00,0.0190,true,1,247361
8690572789551,false,גליס שמפו שיקום עמוק,,,גליס שמפו שיקום עמוק,,525.00,"100 מ""ל",false,,10.00,0.0190,true,1,247362
8690572789636,false,גליס שמפו לאורך מושל,,,גליס שמפו לאורך מושל,,525.00,"100 מ""ל",false,,10.00,0.0190,true,1,247363
8690572799499,false,סאיוס מרכך שמני הזנה,,,סאיוס מרכך שמני הזנה,,500.00,100 גרם,false,,12.90,0.0258,true,1,248166
8690572799536,false,סאיוס שמפו שמני הזנה,,,סאיוס שמפו שמני הזנה,,500.00,100 גרם,false,,12.90,0.0258,true,1,248165
8690637555084,false,בדין אקסטרא לבן 960מ,,,בדין אקסטרא לבן 960מ,,960.00,"100 מ""ל",false,,17.90,0.0186,true,1,183468
8690637858734,false,סיף ג'ל אקונומיקה לי,,,סיף ג'ל אקונומיקה לי,,750.00,100 גרם,false,,13.90,0.0185,true,1,224594
8690637866685,false,סיף קרם ניקוי בריח ל,,,סיף קרם ניקוי בריח ל,,500.00,100 גרם,false,,13.90,0.0278,true,1,224600
8690637866753,false,בדין אקסטרא לבנדר 96,,,בדין אקסטרא לבנדר 96,,960.00,"100 מ""ל",false,,17.90,0.0186,true,1,224601
8690637871245,false,הלמנס מיונז 395 גרם,,,הלמנס מיונז 395 גרם,,395.00,"100 מ""ל",false,,14.90,0.0377,true,1,224602
8690637946301,false,בדין אקסטרא בייביי מ,,,בדין אקסטרא בייביי מ,,960.00,100 מ'ל,false,,17.90,0.0186,true,1,224610
8690637946318,false,בדין אקסטרא בייבי בנ,,,בדין אקסטרא בייבי בנ,,960.00,100 גרם,false,,17.90,0.0186,true,1,224611
8690637976995,false,בדין אקסטרא ורוד סחל,,,בדין אקסטרא ורוד סחל,,960.00,"100 מ""ל",false,,17.90,0.0186,true,1,224613
8690637977794,false,דאב סבון ידיים חמאת,,,דאב סבון ידיים חמאת,,500.00,"100 מ""ל",false,,13.90,0.0278,true,1,245324
8690766156367,false,שוקולד חלב מעולה 90,,,שוקולד חלב מעולה 90,,90.00,"100 מ""ל",false,,14.90,0.1656,true,1,226181
8690766156374,false,שוקולד מריר מעולה  7,,,שוקולד מריר מעולה  7,,90.00,"100 מ""ל",false,,14.90,0.1656,true,1,226182
8690766156381,false,שוקולד מריר מעולה 90,,,שוקולד מריר מעולה 90,,90.00,"100 מ""ל",false,,14.90,0.1656,true,1,226183
8690766156404,false,שוקולד מריר מעולה  ב,,,שוקולד מריר מעולה  ב,,90.00,100 גרם,false,,14.90,0.1656,true,1,226185
8690777206051,false,חציל קלוי על האש ויל,קריות זול,,חציל קלוי על האש ויל,,650.00,100 גרם,false,,12.90,0.0198,true,1,179074
8690777221405,false,פלפל אדום קלוי על הא,,,פלפל אדום קלוי על הא,,650.00,"100 מ""ל",false,,12.90,0.0198,true,1,179076
8691058141238,false,ערמונים שלמים 100 גר,,,ערמונים שלמים 100 גר,,100.00,100 גרם,false,,6.90,0.0690,true,1,238044
8692440001086,false,כוסות לשתיה קרה טאץ',,,כוסות לשתיה קרה טאץ',יחידה,0.00,יחידה,false,,7.90,0.0000,true,1,193577
8693323099107,false,מרשמלו לבבות 150 גרם,,,מרשמלו לבבות 150 גרם,,150.00,"100 מ""ל",false,,7.90,0.0527,true,1,226492
8693495041461,false,מברשת קולגייט סלים ס,,,מברשת קולגייט סלים ס,יחידה,0.00,יחידה,false,,31.90,0.0000,true,1,214476
8697420697914,false,זיתים שחורים בפח 700,,,זיתים שחורים בפח 700,,700.00,"100 מ""ל",false,,19.90,0.0284,true,1,232938
8697431921701,false,קונפיטורה תות שדה פר,,,קונפיטורה תות שדה פר,,450.00,"100 מ""ל",false,,13.90,0.0309,true,1,175552
8697431921718,false,קונפיטורה 70 % דובדב,,,קונפיטורה 70 % דובדב,,450.00,"100 מ""ל",false,,13.90,0.0309,true,1,175553
8697431925143,false,קונפיטורה פירות יער,,,קונפיטורה פירות יער,,450.00,"100 מ""ל",false,,13.90,0.0309,true,1,175555
8697530910743,false,פאל מאל כחול קצר,,,פאל מאל כחול קצר,יחידה,0.00,יחידה,false,,28.00,0.0000,false,1,203018
8697530910750,false,פאל מאל כחול ארוך,,,פאל מאל כחול ארוך,יחידה,0.00,יחידה,false,,28.00,0.0000,false,1,203019
8697659224059,false,מטהר אוויר הולידי,,,מטהר אוויר הולידי,,400.00,100 גרם,false,,9.90,0.0248,true,1,183766
8697659224066,false,מטהר אוויר טרופיקל,,,מטהר אוויר טרופיקל,יחידה,0.00,יחידה,false,,9.90,0.0000,true,1,183767
8697826469092,false,טורטיה קטנה 540גר,,,טורטיה קטנה 540גר,,540.00,"100 מ""ל",false,,9.90,0.0183,true,1,201106
8699250035041,false,זית שחור טבעי יבש במ,,,זית שחור טבעי יבש במ,,700.00,100 גרם,false,,19.90,0.0284,true,1,222967
8710447211052,false,טרזמה שמפו בוטניק 40,,,טרזמה שמפו בוטניק 40,,400.00,100 גרם,false,,17.90,0.0447,true,1,224615
8710447224311,false,טרזמה מרכך בוטניק 40,,,טרזמה מרכך בוטניק 40,,400.00,100 גרם,false,,17.90,0.0447,true,1,224618
8710447284117,false,אקס גל רחצה בלאק 400,,,אקס גל רחצה בלאק 400,,400.00,"100 מ""ל",false,,14.90,0.0373,true,1,224624
8710447320662,false,דאב ספריי 0% אלומיני,,,דאב ספריי 0% אלומיני,,150.00,100 מ'ל,false,,14.90,0.0993,true,1,224629
8710502064814,false,עוגיות שוקולד ציפס ר,,,עוגיות שוקולד ציפס ר,,175.00,100 גרם,false,,10.90,0.0623,true,1,186371
8710502194801,false,עוגיות שוקולד ציפס פ,,,עוגיות שוקולד ציפס פ,,175.00,"100 מ""ל",false,,10.90,0.0623,true,1,186375
8710502260032,false,עוגיות שוקולד ציפס מ,,,עוגיות שוקולד ציפס מ,,150.00,100 גרם,false,,5.90,0.0393,true,1,186379
8710502279010,false,עוגיות שוקולד צ'יפס,,,עוגיות שוקולד צ'יפס,,175.00,"100 מ""ל",false,,10.90,0.0623,true,1,244690
8710502470028,false,עוגיות שוקוציפס נוגט,,,עוגיות שוקוציפס נוגט,,160.00,"100 מ""ל",false,,10.90,0.0681,true,1,186383
8710522584200,false,דאב תחליב רחצה ורדים,,,דאב תחליב רחצה ורדים,,500.00,"100 מ""ל",false,,13.90,0.0278,true,1,248733
8710847898853,false,רקסונה מן ספריי אקסט,,,רקסונה מן ספריי אקסט,,150.00,100 גרם,false,,14.90,0.0993,true,1,224640
8711000362617,false,קפסולות קפה לור לונג,,,קפסולות קפה לור לונג,,10.00,יח',false,,19.90,1.9900,true,1,223886
8711000371183,false,גקובס קפסולות קפה אס,,,גקובס קפסולות קפה אס,,52.00,100 גרם,false,,16.90,0.3250,true,1,223893
8711000371206,false,גקובס קפסולות קפה אס,,,גקובס קפסולות קפה אס,,52.00,"100 מ""ל",false,,16.90,0.3250,true,1,223894
8711000472040,false,ג'ייקובס קפסולות קפה,,,ג'ייקובס קפסולות קפה,,52.00,"100 מ""ל",false,,16.90,0.3250,true,1,246000
8711327475663,false,מגנום פיינט וניל שוק,,,מגנום פיינט וניל שוק,,260.00,"100 מ""ל",false,,21.90,0.0842,true,1,244780
8711327475717,false,מגנום פיינט וניל שקד,,,מגנום פיינט וניל שקד,,260.00,100 גרם,false,,21.90,0.0842,true,1,244781
8712400802499,false,נוטרילון -טבע שלב 1,,,נוטרילון -טבע שלב 1,,800.00,"100 מ""ל",false,,69.90,0.0874,true,1,179954
8712400802512,false,נוטרילון -טבע שלב 2,,,נוטרילון -טבע שלב 2,,800.00,"100 מ""ל",false,,69.90,0.0874,true,1,179956
8712561594240,false,דאב תחליב רחצה 500 מ,,,דאב תחליב רחצה 500 מ,,500.00,"100 מ""ל",false,,13.90,0.0278,true,1,183547
8714599104330,false,גקובס קפה שחור טורקי,,,גקובס קפה שחור טורקי,,85.00,100 גרם,false,,6.90,0.0812,true,1,223899
8714599513781,false,גקובס קפה גולד 200 ג,קריות זול,,גקובס קפה גולד 200 ג,,200.00,100 מ'ל,false,,24.90,0.1245,true,1,214485
8714599513866,false,גקובס קפה קרונונג 20,,,גקובס קפה קרונונג 20,,200.00,100 מ'ל,false,,24.90,0.1245,true,1,179960
8714789529561,false,קולגייט סנסטיב הלבנה,,,קולגייט סנסטיב הלבנה,,75.00,100 גרם,false,,24.90,0.3320,true,1,186432
8715700110141,false,מיונז היינץ צנצנת 46,,,מיונז היינץ צנצנת 46,,460.00,100 גרם,false,,11.90,0.0259,true,1,223908
8715700110158,false,מיונז היינץ לייט צנצ,,,מיונז היינץ לייט צנצ,,490.00,"100 מ""ל",false,,11.90,0.0243,true,1,223909
8715700115641,false,ממרח היינץ במרקם קרמ,,,ממרח היינץ במרקם קרמ,,420.00,100 גרם,false,,14.90,0.0355,true,1,249866
8715700117805,false,היינץ מתבל עגבניות ל,,,היינץ מתבל עגבניות ל,,400.00,100 מ'ל,false,,12.90,0.0323,true,1,247898
8715700419732,false,קטשופ היינץ 700גר,,,קטשופ היינץ 700גר,,700.00,100 גרם,false,,12.90,0.0184,true,1,179964
8715700422473,false,ממרח היינץ לחיץ 395,,,ממרח היינץ לחיץ 395,,395.00,100 גרם,false,,14.90,0.0377,true,1,249865
8715700423906,false,היינץ מתבל עגבניות 5,,,היינץ מתבל עגבניות 5,,555.00,100 מ'ל,false,,11.90,0.0214,true,1,223917
8717163859759,false,רקסונה ספריי וורקאוט,,,רקסונה ספריי וורקאוט,,150.00,100 גרם,false,,14.90,0.0993,true,1,224699
8717163947692,false,אקס גל רחצה לגבר ברג,,,אקס גל רחצה לגבר ברג,,400.00,"100 מ""ל",false,,14.90,0.0373,true,1,224701
8717644390566,false,דאב סבון מוצק דאב יר,,,דאב סבון מוצק דאב יר,,400.00,100 גרם,false,,17.90,0.0447,true,1,183586
8718951001596,false,אגקס ספריי אמבטיה 60,,,אגקס ספריי אמבטיה 60,,600.00,100 גרם,false,,13.90,0.0232,true,1,186463
8718951030169,false,קולגייט משחת שיניים,,,קולגייט משחת שיניים,,75.00,"100 מ""ל",false,,21.90,0.2920,true,1,225219
8718951159402,false,קולגיט אופטיק אקסטרא,,,קולגיט אופטיק אקסטרא,,75.00,"100 מ""ל",false,,19.90,0.2653,true,1,247862
8718951159808,false,קולגייט מברשת שיניים,,,קולגייט מברשת שיניים,יחידה,0.00,יחידה,false,,29.90,0.0000,true,1,225227
8718951226807,false,קולגייט טוטל הלבנה 7,,,קולגייט טוטל הלבנה 7,,75.00,100 גרם,false,,10.90,0.1453,true,1,248022
8718951236813,false,קולגייט טוטל משחת שי,,,קולגייט טוטל משחת שי,,100.00,100 גרם,false,,18.90,0.1890,true,1,225240
8718951240742,false,קולגייט טוטל משחת שי,,,קולגייט טוטל משחת שי,,100.00,100 גרם,false,,13.90,0.1390,true,1,225241
8718951253827,false,קולגייט הלבנה מתקדמת,,,קולגייט הלבנה מתקדמת,,75.00,"100 מ""ל",false,,19.90,0.2653,true,1,248626
8718951264618,false,קולגייט אופטיק וייט,,,קולגייט אופטיק וייט,,75.00,"100 מ""ל",false,,19.90,0.2653,true,1,225243
8718951278851,false,קולגייט הלבנה פחם 10,,,קולגייט הלבנה פחם 10,,100.00,"100 מ""ל",false,,13.90,0.1390,true,1,249586
8718951286733,false,קולגייט אופטיק וייט,,,קולגייט אופטיק וייט,,75.00,"100 מ""ל",false,,19.90,0.2653,true,1,249979
8718951312722,false,קולגייט מקס פרש וויי,,,קולגייט מקס פרש וויי,,100.00,"100 מ""ל",false,,10.00,0.1000,true,1,247861
8718951313576,false,קולגייט משחת שיניים,,,קולגייט משחת שיניים,,100.00,"100 מ""ל",false,,10.00,0.1000,true,1,247350
8718951334090,false,סופלין מרכך כביסה כח,,,סופלין מרכך כביסה כח,,650.00,"100 מ""ל",false,,7.90,0.0122,true,1,225245
8718951334120,false,סופלין מרכך כביסה לב,,,סופלין מרכך כביסה לב,,650.00,100 גרם,false,,7.90,0.0122,true,1,225246
8718951382640,false,פלמוליב סבון גוף חימ,,,פלמוליב סבון גוף חימ,,750.00,"100 מ""ל",false,,18.90,0.0252,true,1,240372
8718951385290,false,אגקס לניקוי כללי ניח,קריות זול,,אגקס לניקוי כללי ניח,,2000.00,100 גרם,false,,24.90,0.0124,true,1,244695
8719200997998,false,בלו בנד לבישול וטיגו,,,בלו בנד לבישול וטיגו,,200.00,100 גרם,false,,4.90,0.0245,true,1,223918
8719200998001,false,בלו בנד בלי מלח 200ג,,,בלו בנד בלי מלח 200ג,,200.00,"100 מ""ל",false,,4.90,0.0245,true,1,223919
8719200998018,false,בלו בנד טעם חמאה 200,,,בלו בנד טעם חמאה 200,,200.00,"100 מ""ל",false,,4.90,0.0245,true,1,223920
8719200998032,false,מזולה בטעם חמאה 250ג,,,מזולה בטעם חמאה 250ג,,250.00,"100 מ""ל",false,,10.90,0.0436,true,1,223922
8719200998049,false,מזולה בטעם טבעי 250ג,קריות זול,,מזולה בטעם טבעי 250ג,,250.00,"100 מ""ל",false,,9.90,0.0396,true,1,223923
8719200998094,false,מזולה אפייה ללא מלח,,,מזולה אפייה ללא מלח,,200.00,"100 מ""ל",false,,6.90,0.0345,true,1,223928
8720181123955,false,אקס ג'ל רחצה ריצארג,,,אקס ג'ל רחצה ריצארג,,400.00,"100 מ""ל",false,,14.90,0.0373,true,1,247146
8720181204111,false,אקס ג'ל רחצה אפיק פר,,,אקס ג'ל רחצה אפיק פר,,400.00,"100 מ""ל",false,,14.90,0.0373,true,1,248734
8801055707966,false,טסטרס צויס בריסטה 18,,,טסטרס צויס בריסטה 18,,180.00,"100 מ""ל",false,,34.90,0.1939,true,1,178427
8801055708772,false,טסטרס צויס 200גר+50,,,טסטרס צויס 200גר+50,,200.00,"100 מ""ל",false,,29.90,0.1495,true,1,223465
8801055709434,false,טסטרס צ'ויס קפה נמס,,,טסטרס צ'ויס קפה נמס,,100.00,"100 מ""ל",false,,19.90,0.1990,true,1,246932
8801055709465,false,נסקפה קפוצינו וניל 1,,,נסקפה קפוצינו וניל 1,,185.00,"100 מ""ל",false,,21.90,0.1184,true,1,248799
8801055709472,false,נסקפה קפוצ'ינו קלאסי,,,נסקפה קפוצ'ינו קלאסי,,125.00,100 גרם,false,,21.90,0.1752,true,1,248800
8801055709489,false,נסקפה קפוצינו אגוזים,,,נסקפה קפוצינו אגוזים,,180.00,100 גרם,false,,21.90,0.1217,true,1,248801
8850206250592,false,רוטב צ'ילי סריראצ'ה,,,רוטב צ'ילי סריראצ'ה,,540.00,"100 מ""ל",false,,19.90,0.0369,true,1,234059
8850389103111,false,סאפה משקה אלוורה ענב,,,סאפה משקה אלוורה ענב,,300.00,"100 מ""ל",false,,10.90,0.0363,true,1,201837
8850389104637,false,סאפה משקה אלוורה אפר,,,סאפה משקה אלוורה אפר,,300.00,"100 מ""ל",false,,10.90,0.0363,true,1,214491
8850389105825,false,סאפה משקה אלוורה ענב,,,סאפה משקה אלוורה ענב,,1000.00,"100 מ""ל",false,,15.90,0.0159,true,1,173302
8850389105832,false,סאפה משקה אלוורה תפו,,,סאפה משקה אלוורה תפו,,1000.00,"100 מ""ל",false,,15.90,0.0159,true,1,173303
8850389105849,false,סאפה משקה אלוורה אפר,,,סאפה משקה אלוורה אפר,,1000.00,"100 מ""ל",false,,15.90,0.0159,true,1,173304
8850632604259,false,חמצוצים מקלות בטעם ת,,,חמצוצים מקלות בטעם ת,,50.00,"100 מ""ל",false,,4.90,0.0980,true,1,192381
8850632604266,false,חמצוצים מקלות בטעם ק,,,חמצוצים מקלות בטעם ק,,50.00,100 גרם,false,,4.90,0.0980,true,1,192382
8850632604402,false,חמצוצים שטיח בטעם מע,,,חמצוצים שטיח בטעם מע,,50.00,100 גרם,false,,4.90,0.0980,true,1,192384
8850632606390,false,חיספוסים בטעם אבטיח,,,חיספוסים בטעם אבטיח,,50.00,"100 מ""ל",false,,4.90,0.0980,true,1,192390
8857101301008,false,רוטב צ'ילי מתוק 700מ,,,רוטב צ'ילי מתוק 700מ,,700.00,100 גרם,false,,11.90,0.0170,true,1,179096
8858271002870,false,רוטב פאד תאי 250מל,,,רוטב פאד תאי 250מל,,2500.00,"100 מ""ל",false,,11.90,0.0048,true,1,205451
8858271003020,false,רוטב סויה פורמולה מק,,,רוטב סויה פורמולה מק,,700.00,100 מ'ל,false,,15.90,0.0227,true,1,205453
8858271004034,false,רוטב צילי חריף  מקסצ,,,רוטב צילי חריף  מקסצ,,700.00,"100 מ""ל",false,,15.90,0.0227,true,1,205462
8858271004799,false,רוטב צילי מתוק 700 מ,,,רוטב צילי מתוק 700 מ,,700.00,100 מ'ל,false,,11.90,0.0170,true,1,205467
8901314517487,false,קולגייט מברשת 4יח  3,,,קולגייט מברשת 4יח  3,,4.00,יח',false,,19.90,4.9750,true,1,247352
8901537024014,false,אורז בסמטי דאווט 1קג,,,אורז בסמטי דאווט 1קג,,1000.00,100 גרם,false,,12.90,0.0129,true,1,179101
8906118240388,false,קורנישונים כבושים 68,,,קורנישונים כבושים 68,,680.00,"100 מ""ל",false,,10.90,0.0160,true,1,249097
8934878081811,false,"דפי אורז 22 ס""מ 400ג",,,"דפי אורז 22 ס""מ 400ג",,400.00,"100 מ""ל",false,,14.90,0.0373,true,1,205478
9000101375268,false,ברף דקלס בניחוח יסמי,,,ברף דקלס בניחוח יסמי,יחידה,0.00,יחידה,false,,16.90,0.0000,true,1,250316
9000101375299,false,ברף דלקס בניחוח מגנו,,,ברף דלקס בניחוח מגנו,יחידה,0.00,יחידה,false,,16.90,0.0000,true,1,250315
9000101418163,false,סבון אסלה שלישייה-בר,,,סבון אסלה שלישייה-בר,יחידה,0.00,יחידה,false,,16.90,0.0000,true,1,248554
9000101509069,false,ברף בריליאנט ג'ל גשם,,,ברף בריליאנט ג'ל גשם,יחידה,0.00,יחידה,false,,16.90,0.0000,true,1,250317
9000101509151,false,ברף בריליאנט ג'ל אוק,,,ברף בריליאנט ג'ל אוק,יחידה,0.00,יחידה,false,,16.90,0.0000,true,1,250318
9000101512526,false,פרסיל קפסולות ג'ל 26,קריות זול,,פרסיל קפסולות ג'ל 26,יחידה,0.00,יחידה,false,,29.90,0.0000,true,1,246294
9000101520965,false,סבון אסלה שלישייה -ב,,,סבון אסלה שלישייה -ב,יחידה,0.00,יחידה,false,,16.90,0.0000,true,1,248555
9000101537550,false,פרסיל פאוור קאפס יונ,,,פרסיל פאוור קאפס יונ,יחידה,0.00,יחידה,false,,54.90,0.0000,true,1,248556
9000101537581,false,פרסיל פאוור קאפס לכב,,,פרסיל פאוור קאפס לכב,יחידה,0.00,יחידה,false,,54.90,0.0000,true,1,248557
9001395807015,false,בננית 300 ג,,,בננית 300 ג,,300.00,100 גרם,false,,10.90,0.0363,true,1,173765
9002859053801,false,אצבעות שוקולד סטיקס,,,אצבעות שוקולד סטיקס,,75.00,"100 מ""ל",false,,9.90,0.1320,true,1,206652
9002859054099,false,בונבונירה מוצרט משוש,,,בונבונירה מוצרט משוש,,300.00,100 גרם,false,,29.90,0.0997,true,1,206655
9005835313609,false,טבליות למדיח כלים קל,,,טבליות למדיח כלים קל,יחידה,0.00,יחידה,false,,10.00,0.0000,true,1,248292
9044400851672,false,סוכריות פז+3 מילויים,,,סוכריות פז+3 מילויים,,25.50,100 גרם,false,,11.90,0.4667,true,1,248658
9310072028743,false,ביסקויט טים טם במילו,,,ביסקויט טים טם במילו,,200.00,"100 מ""ל",false,,19.90,0.0995,true,1,191275
9310072028750,false,עוגיות טים טם דאבל 2,,,עוגיות טים טם דאבל 2,,200.00,100 גרם,false,,19.90,0.0995,true,1,191276
9322969000015,false,פריכיות תירס טעם אור,,,פריכיות תירס טעם אור,,150.00,"100 מ""ל",false,,13.90,0.0927,true,1,207863
9720188050109,false,טופוטי ממרח טופו בטע,,,טופוטי ממרח טופו בטע,,227.00,"100 מ""ל",false,,21.90,0.0965,true,1,185200
9720188060108,false,טופוטי ממרח טופו בטע,,,טופוטי ממרח טופו בטע,,340.00,100 גרם,false,,21.90,0.0644,true,1,185204
9771565038319,false,עיתון ידיעות אחרונות,,,עיתון ידיעות אחרונות,יחידה,0.00,יחידה,false,,2.90,0.0000,true,1,172815
9771565038326,false,עיתון ידיעות אחרונות,,,עיתון ידיעות אחרונות,יחידה,0.00,יחידה,false,,2.90,0.0000,true,1,172816
9771565038333,false,עיתון ידיעות אחרונות,,,עיתון ידיעות אחרונות,יחידה,0.00,יחידה,false,,2.90,0.0000,true,1,172817
9771565038340,false,עיתון ידיעות אחרונות,,,עיתון ידיעות אחרונות,יחידה,0.00,יחידה,false,,2.90,0.0000,true,1,172818
9771565038357,false,עיתון ידיעות אחרונות,,,עיתון ידיעות אחרונות,יחידה,0.00,יחידה,false,,2.90,0.0000,true,1,172819
9771565051066,false,ידיעות שבת,,,ידיעות שבת,יחידה,0.00,יחידה,false,,11.90,0.0000,true,1,172833
