code,internal_code,name,manufacturer_name,manufacture_country,manufacturer_item_description,unit_qty,quantity,unit_of_measure,weighted,qty_in_package,price,unit_of_measure_price,allow_discount,status,item_id
4073,true,"""סים""",,,", ,       ,0","00000000,0,000000000",0.00,"00000000,0,000000000",false,,5.00,0.0000,true,1,138173
44857,true,וופל רול בפח בטעם שו,,,", ,       ,0",גרמים,0.00,"00000גרם,1,000000000",false,,5.90,0.0000,true,1,138907
191546,true,טישו צבעוני שלשות,,,", ,       ,0","00000000,0,000000000",0.00,"00000000,0,000000000",false,,11.90,0.0000,true,1,140589
197326,true,רדיד אלומניום זוג ני,,,", ,       ,0","00000000,0,000000000",0.00,"00000000,0,000000000",false,,13.90,0.0000,true,1,140595
197753,true,צמד ניילונית ניקול,,,", ,       ,0","00000000,0,000000000",0.00,"00000000,0,000000000",false,,13.90,0.0000,true,1,140598
204215,true,כריות יפניות ניקול,,,", ,       ,0","00000000,0,000000000",0.00,"00000000,0,000000000",false,,11.90,0.0000,true,1,140601
540735,true,מארס 51 גרם,,,", ,       ,0",גרמים,0.00,"00000גרם,1,000000000",false,,4.70,0.0000,true,1,138910
542180,true,טוויקס 50 גרם,,,", ,       ,0",גרמים,0.00,"00000גרם,1,000000000",false,,4.70,0.0000,true,1,138911
544443,true,טוויקס 50 גרם,,,", ,       ,0",גרמים,0.00,"00000גרם,1,000000000",false,,4.70,0.0000,true,1,138912
548212,true,מארס 51 גרם,,,", ,       ,0",גרמים,0.00,"00000גרם,1,000000000",false,,4.70,0.0000,true,1,138913
554471,true,נקניק מוצרלה 22%,,,", ,       ,0","00000000,0,000000000",0.00,"00000000,0,000000000",false,,18.90,0.0000,true,1,141918
3726141,true,טופו טבעי,,,", ,       ,0","00000000,0,000000000",0.00,"00000000,0,000000000",false,,14.90,0.0000,true,1,140361
4119522,true,שוקו שוק בשקית 225 מ,,,", ,       ,0",מיליליטרים,0.00,"00000מ""ל,1,000000000",false,,5.00,0.0000,true,1,139181
4127336,true,קוטג  תנובה 9%,,,", ,       ,0","00000000,0,000000000",0.00,"00000000,0,000000000",false,,5.70,0.0000,true,1,143673
4129668,true,יופלה מכסה רוכב פצפו,,,", ,       ,0","00000000,0,000000000",0.00,"00000000,0,000000000",false,,5.90,0.0000,true,1,140262
4134198,true,משקה בננה תנובה בקבו,,,", ,       ,0",מיליליטרים,0.00,"00000מ""ל,1,000000000",false,,5.80,0.0000,true,1,139186
6492432,true,בייבי מוצרלה 18%,,,", ,       ,0",ליטרים,0.00,ליטר,false,,16.90,0.0000,true,1,141923
6492616,true,‏בולגרית 5% ‏פרוסות,,,", ,       ,0","00000000,0,000000000",0.00,"00000000,0,000000000",false,,25.90,0.0000,true,1,141924
6901268,true,קופיקס -דובונים 40 ג,,,", ,       ,0",גרמים,0.00,"00000גרם,1,000000000",false,,4.10,0.0000,true,1,136973
6901287,true,קופיקס -אפרופו 50 גר,,,", ,       ,0",גרמים,0.00,"00000גרם,1,000000000",false,,6.00,0.0000,true,1,136974
6929281,true,ביסלי גריל 70 הגרם,,,", ,       ,0",ליטרים,0.00,ליטר,false,,5.00,0.0000,true,1,136976
10320850,false,גבינת עמק 28% שומן פ,,,גבינת עמק 28% שומן פ,גרמים,200.00,100 גרם,false,,15.90,0.0795,true,1,154110
10321697,false,יוגורט 2.9% אפרסק גו,,,יוגורט 2.9% אפרסק גו,גרמים,200.00,100 גרם,false,,5.70,0.0285,true,1,153841
10322014,false,טופו טבעי 300 גרם,,,טופו טבעי 300 גרם,גרמים,300.00,100 גרם,false,,12.50,0.0417,true,1,153914
10322021,false,טופו בזיליקום 300 גר,,,טופו בזיליקום 300 גר,גרמים,300.00,100 גרם,false,,12.50,0.0417,true,1,153998
10323585,false,יוגורט לייט 0.5% מוע,,,יוגורט לייט 0.5% מוע,גרמים,200.00,100 גרם,false,,5.70,0.0285,true,1,153844
10323592,false,יוגורט לייט 0.5% מוע,,,יוגורט לייט 0.5% מוע,גרמים,200.00,100 גרם,false,,5.70,0.0285,true,1,153845
10323714,false,משקה קוקוס שקדים תנו,,,משקה קוקוס שקדים תנו,מיליליטרים,1000.00,"100 מ""ל",false,,12.90,0.0129,true,1,153848
10324551,false,יוגורט טיוב תות סמוט,,,יוגורט טיוב תות סמוט,מיליליטרים,348.00,"100 מ""ל",false,,11.90,0.0342,true,1,153742
10326227,false,יופלה און טופ קורנפל,,,יופלה און טופ קורנפל,גרמים,157.00,100 גרם,false,,5.00,0.0318,true,1,154193
10326241,false,יופלה און טופ גרנולה,,,יופלה און טופ גרנולה,גרמים,157.00,100 גרם,false,,5.00,0.0318,true,1,153984
11179345,false,כוסות שתיה קרה 100 י,כוסות שתיה קרה 4 ב 1,,כוסות שתיה קרה 100 י,Unknown,100.00,יחידה,false,,7.90,0.0790,true,1,150518
13022038,false,טופו פיקנטי 300 גרם,תנובה 8+2 הזול מבניה,,טופו פיקנטי 300 גרם,גרמים,300.00,100 גרם,false,,12.90,0.0430,true,1,153999
13024704,false,טופו פרובנס 300 גרם,תנובה 8+2 הזול מבניה,,טופו פרובנס 300 גרם,גרמים,300.00,100 גרם,false,,12.90,0.0430,true,1,154000
14762794,true,מעדן סויה מתיקות מעו,,,", ,       ,0","00000000,0,000000000",0.00,"00000000,0,000000000",false,,3.90,0.0000,true,1,146517
32147230,false,מיץ לימון סיציליה 20,,,מיץ לימון סיציליה 20,מיליליטרים,200.00,"100 מ""ל",false,,6.90,0.0345,true,1,140423
40052403,false,קיט קט 4 אצבעות 41.5,,,קיט קט 4 אצבעות 41.5,גרמים,41.00,100 גרם,false,,4.50,0.1098,true,1,138914
54088191,true,קינדר ביצת הפתעה 20,,,", ,       ,0",גרמים,0.00,"00000גרם,1,000000000",false,,5.00,0.0000,true,1,138596
72940761,false,"מילקי שוקולד 170 מ""ל",,,"מילקי שוקולד 170 מ""ל",מיליליטרים,170.00,"100 מ""ל",false,,2.90,0.0171,true,1,138683
72940952,false,מילקי אקסטרה קצפת 17,,,מילקי אקסטרה קצפת 17,מיליליטרים,170.00,"100 מ""ל",false,,3.90,0.0229,true,1,141349
72940976,false,כרוב אדום 250 גרם,,,כרוב אדום 250 גרם,גרמים,250.00,100 גרם,false,,7.40,0.0296,true,1,148092
72945308,false,שמרים טריים לאפיה שמ,,,שמרים טריים לאפיה שמ,גרמים,50.00,100 גרם,false,,3.60,0.0720,true,1,141350
72961506,false,פרילי תות 1.5% 125 מ,,,פרילי תות 1.5% 125 מ,מיליליטרים,125.00,"100 מ""ל",false,,3.50,0.0280,true,1,164619
72961520,false,פרילי אננס 1.5% 125,,,פרילי אננס 1.5% 125,מיליליטרים,125.00,"100 מ""ל",false,,3.50,0.0280,true,1,164621
72961544,false,באדי יוגרט תות גביע,,,באדי יוגרט תות גביע,מיליליטרים,125.00,"100 מ""ל",false,,3.00,0.0240,true,1,146579
72986370,false,גלידה וניל בן & ג'רי,,,גלידה וניל בן & ג'רי,מיליליטרים,500.00,"100 מ""ל",false,,23.90,0.0478,true,1,142936
72986424,false,גלידה קרם עוגיות בן,,,גלידה קרם עוגיות בן,מיליליטרים,500.00,"100 מ""ל",false,,23.90,0.0478,true,1,142937
72986448,false,גלידת וניל וטופי בן,,,גלידת וניל וטופי בן,מיליליטרים,473.00,"100 מ""ל",false,,23.90,0.0505,true,1,142938
72986455,false,גלידת שוקולד ניו יור,,,גלידת שוקולד ניו יור,מיליליטרים,500.00,"100 מ""ל",false,,23.90,0.0478,true,1,142939
72986479,false,גלידה צ'נקי מונקי בן,,,גלידה צ'נקי מונקי בן,מיליליטרים,500.00,"100 מ""ל",false,,23.90,0.0478,true,1,142940
72989425,false,גלידת שוקולד עם חתיכ,,,גלידת שוקולד עם חתיכ,מיליליטרים,500.00,"100 מ""ל",false,,23.90,0.0478,true,1,142941
72991886,false,גלידה עם ריבת חלב ופ,,,גלידה עם ריבת חלב ופ,מיליליטרים,500.00,"100 מ""ל",false,,23.90,0.0478,true,1,142942
72993637,false,דני מעדן חלב בטעם שו,,,דני מעדן חלב בטעם שו,גרמים,125.00,100 גרם,false,,2.70,0.0216,true,1,138686
72994061,false,פסק זמן 2 גוד עלית 3,,,פסק זמן 2 גוד עלית 3,גרמים,36.00,100 גרם,false,,4.90,0.1361,true,1,154296
80001027,false,חטיף טורטינה שוקולד,,,חטיף טורטינה שוקולד,גרמים,21.00,100 גרם,false,,4.90,0.2333,true,1,142105
80001287,false,חטיף גרדנה אגוז 38 ג,,,חטיף גרדנה אגוז 38 ג,גרמים,38.00,100 גרם,false,,4.90,0.1289,true,1,150872
80001461,false,חטיף גרדנה שוקולד 38,,,חטיף גרדנה שוקולד 38,גרמים,38.00,100 גרם,false,,4.90,0.1289,true,1,150873
80001911,false,וופל גרדנה שוק' לבן,,,וופל גרדנה שוק' לבן,גרמים,38.00,100 גרם,false,,3.90,0.1026,true,1,159616
80050049,true,קינדר ביצת הפתעה 20,,,", ,       ,0",גרמים,0.00,"00000גרם,1,000000000",false,,5.00,0.0000,true,1,138599
80136194,false,קינדר הפי היפו אגוז,,,קינדר הפי היפו אגוז,גרמים,103.50,100 גרם,false,,12.50,0.1208,true,1,146275
80177609,false,אצבעות שוקולד במילוי,,,אצבעות שוקולד במילוי,גרמים,50.00,100 גרם,false,,3.90,0.0780,true,1,142111
80177616,false,קינדר 100 גרם 10 יחי,,,קינדר 100 גרם 10 יחי,גרמים,100.00,100 גרם,false,,6.90,0.0690,true,1,142112
80310167,false,קינדר מקסי שישייה 12,,,קינדר מקסי שישייה 12,גרמים,126.00,100 גרם,false,,9.90,0.0786,true,1,149706
80761761,false,קינדר בואנו לבן 39 ג,,,קינדר בואנו לבן 39 ג,גרמים,39.00,100 גרם,false,,3.90,0.1000,true,1,138602
80773429,false,מסטיק מנטוס בקבוק מע,,,מסטיק מנטוס בקבוק מע,גרמים,60.00,100 גרם,false,,9.90,0.1650,true,1,146507
80773443,false,גומי לעיסה בטעם מנטה,,,גומי לעיסה בטעם מנטה,גרמים,60.00,100 גרם,false,,9.90,0.1650,true,1,149018
80790990,false,מסטיק מנטוס מעוגל 60,,,מסטיק מנטוס מעוגל 60,גרמים,60.00,100 גרם,false,,9.90,0.1650,true,1,149019
80820970,false,וופל טורטינה קרמל 21,,,וופל טורטינה קרמל 21,גרמים,21.00,100 גרם,false,,3.90,0.1857,true,1,159143
80843184,false,מסטיק מנטוס בקבוק מע,,,מסטיק מנטוס בקבוק מע,גרמים,60.00,100 גרם,false,,9.90,0.1650,true,1,161570
80854753,false,סוכריות מנטוס מרעננו,,,סוכריות מנטוס מרעננו,גרמים,21.00,100 גרם,false,,6.90,0.3286,true,1,162596
80864295,false,מסטיק מנטוס בקבוק מע,,,מסטיק מנטוס בקבוק מע,גרמים,60.00,100 גרם,false,,9.90,0.1650,true,1,161571
80913467,false,מסטיק מנטוס מנטה מעו,,,מסטיק מנטוס מנטה מעו,גרמים,60.00,100 גרם,false,,9.90,0.1650,true,1,149021
80945468,false,מסטיק מנטוס בקבוק מע,,,מסטיק מנטוס בקבוק מע,גרמים,60.00,100 גרם,false,,9.90,0.1650,true,1,161572
80979128,false,מסטיק מנטוס בקבוק מע,,,מסטיק מנטוס בקבוק מע,גרמים,60.00,100 גרם,false,,9.90,0.1650,true,1,161573
80982470,false,מנטוס מסטיק פיור פרו,,,מנטוס מסטיק פיור פרו,גרמים,60.00,100 גרם,false,,9.90,0.1650,true,1,159144
80986348,false,מסטיק מנטוס בקבוק מע,,,מסטיק מנטוס בקבוק מע,גרמים,60.00,100 גרם,false,,9.90,0.1650,true,1,161574
80995128,false,מנטוס מסטיק הדרים בת,,,מנטוס מסטיק הדרים בת,גרמים,60.00,100 גרם,false,,9.90,0.1650,true,1,166619
87108019,false,סוכריות בגליל בטעם מ,,,סוכריות בגליל בטעם מ,גרמים,37.50,100 גרם,false,,3.50,0.0933,true,1,153196
87108538,false,סוכריות בגליל בטעם ת,,,סוכריות בגליל בטעם ת,גרמים,37.00,100 גרם,false,,3.50,0.0946,true,1,142114
87311396,false,סוכריות מנטוס ריינבו,,,סוכריות מנטוס ריינבו,גרמים,37.50,100 גרם,false,,3.50,0.0933,true,1,142115
88888000,true,UNKNOWN,,,UNKNOWN,,0.00,,false,,0.00,0.0000,true,1,156801
88888001,true,אוכל,,,אוכל,,0.00,,false,,0.00,0.0000,true,1,156802
88888002,true,שתיה,,,שתיה,,0.00,,false,,0.00,0.0000,true,1,156803
88888003,true,אימפולס,,,אימפולס,,0.00,,false,,0.00,0.0000,true,1,167500
88888004,true,תוספות לקפה,,,תוספות לקפה,,0.00,,false,,0.00,0.0000,true,1,156804
88888005,true,חומרי גלם,,,חומרי גלם,,0.00,,false,,0.00,0.0000,true,1,156805
88888006,true,פירות וירקות,,,פירות וירקות,,0.00,,false,,0.00,0.0000,true,1,167501
88888008,true,ללא מעמ,,,ללא מעמ,,0.00,,false,,0.00,0.0000,true,1,156806
88888009,true,ניר פוד,,,ניר פוד,,0.00,,false,,0.00,0.0000,true,1,167502
88888010,true,אלכוהול,,,אלכוהול,,0.00,,false,,0.00,0.0000,true,1,167503
88888014,true,נון פוד,,,נון פוד,,0.00,,false,,0.00,0.0000,true,1,167504
88888016,true,תפעול,,,תפעול,,0.00,,false,,0.00,0.0000,true,1,167505
88888018,true,שוויצריה הקטנה,,,שוויצריה הקטנה,,0.00,,false,,0.00,0.0000,true,1,156807
88888100,true,"מפעל-ללא מע""מ",,,"מפעל-ללא מע""מ",,0.00,,false,,0.00,0.0000,true,1,156808
88888102,true,גלידות ושלגונים,,,גלידות ושלגונים,,0.00,,false,,0.00,0.0000,true,1,156809
88888107,true,אריזות לזכיינים,,,אריזות לזכיינים,,0.00,,false,,0.00,0.0000,true,1,156819
88888109,true,קינוחים - אריזות לזכ,,,קינוחים - אריזות לזכ,,0.00,,false,,0.00,0.0000,true,1,156810
88888119,true,מאפים,,,מאפים,,0.00,,false,,0.00,0.0000,true,1,167506
88888124,true,משקאות לא אלכוהוליים,,,משקאות לא אלכוהוליים,,0.00,,false,,0.00,0.0000,true,1,167507
88888144,true,קינוחים,,,קינוחים,,0.00,,false,,0.00,0.0000,true,1,167508
88888156,true,פירות וירקות לסחיטה,,,פירות וירקות לסחיטה,,0.00,,false,,0.00,0.0000,true,1,156811
88888158,true,מוצרי מכולת,,,מוצרי מכולת,,0.00,,false,,0.00,0.0000,true,1,156812
88888159,true,משקאות,,,משקאות,,0.00,,false,,0.00,0.0000,true,1,156813
88888160,true,מצוננים,,,מצוננים,,0.00,,false,,0.00,0.0000,true,1,156814
88888161,true,קפואים,,,קפואים,,0.00,,false,,0.00,0.0000,true,1,156815
88888162,true,ירקות ופירות טריים,,,ירקות ופירות טריים,,0.00,,false,,0.00,0.0000,true,1,156816
88888165,true,י שירות/ עזר לסניפים,,,י שירות/ עזר לסניפים,,0.00,,false,,0.00,0.0000,true,1,156817
88888166,true,ארוחות מבושלות,,,ארוחות מבושלות,,0.00,,false,,0.00,0.0000,true,1,156818
88888168,true,זיכויים,,,זיכויים,,0.00,,false,,0.00,0.0000,true,1,156820
88888169,true,אבזרי עזר וייצור,,,אבזרי עזר וייצור,,0.00,,false,,0.00,0.0000,true,1,156821
88888170,true,מזון טרי,,,מזון טרי,,0.00,,false,,0.00,0.0000,true,1,156822
88888171,true,משקאות קרון,,,משקאות קרון,,0.00,,false,,0.00,0.0000,true,1,156823
88888172,true,ירקות ופירות מעמ,,,ירקות ופירות מעמ,,0.00,,false,,0.00,0.0000,true,1,156824
88888173,true,ל-חומרי גלם ואביזרים,,,ל-חומרי גלם ואביזרים,,0.00,,false,,0.00,0.0000,true,1,156825
88888174,true,מפעל-תוצרת גמורה,,,מפעל-תוצרת גמורה,,0.00,,false,,0.00,0.0000,true,1,156826
88888175,true,סיגריות,,,סיגריות,,0.00,,false,,0.00,0.0000,true,1,156827
88888176,true,מאפה טרי,,,מאפה טרי,,0.00,,false,,0.00,0.0000,true,1,156828
88888177,true,קצבייה,,,קצבייה,,0.00,,false,,0.00,0.0000,true,1,156829
88888178,true,ואביזרים (ללא מלאי),,,ואביזרים (ללא מלאי),,0.00,,false,,0.00,0.0000,true,1,156830
88888179,true,פירות יבשים ללא מעמ,,,פירות יבשים ללא מעמ,,0.00,,false,,0.00,0.0000,true,1,157521
88888999,true,,,,,,0.00,,false,,0.00,0.0000,true,1,156831
90162602,false,משקה אנרגיה רד בול 2,,,משקה אנרגיה רד בול 2,מיליליטרים,250.00,"100 מ""ל",false,,6.90,0.0276,true,1,151972
90162800,false,משקה אנרגיה רד בול ל,,,משקה אנרגיה רד בול ל,מיליליטרים,250.00,"100 מ""ל",false,,6.90,0.0276,true,1,151973
4023288518,false,אוכמניות יחידה,,,אוכמניות יחידה,גרמים,125.00,100 גרם,false,,19.90,0.1592,true,1,166694
6414409005,true,תרסיס שמן פאם קנולה,,,", ,       ,0",גרמים,0.00,"00000גרם,1,000000000",false,,19.90,0.0000,true,1,137092
11182700916,false,שעועית לבנה קינג קול,,,שעועית לבנה קינג קול,גרמים,439.00,100 גרם,false,,9.90,0.0226,true,1,161340
25675120006,false,מקלות חמצוצים 100 גר,,,מקלות חמצוצים 100 גר,גרמים,100.00,100 גרם,false,,8.90,0.0890,true,1,165629
25675120068,false,מקלות חמצוצים` 100 ג,,,מקלות חמצוצים` 100 ג,גרמים,100.00,100 גרם,false,,8.90,0.0890,true,1,165633
25700005698,false,זיפלוק שקיות אחסון ב,,,זיפלוק שקיות אחסון ב,Unknown,24.00,יחידה,false,,13.90,0.5792,true,1,157695
30000315958,false,קוואקר פרוטאין בננה,,,קוואקר פרוטאין בננה,גרמים,366.00,100 גרם,false,,22.90,0.0626,true,1,150709
33383220291,false,אוכמניות יחידה,,,אוכמניות יחידה,גרמים,125.00,100 גרם,false,,19.90,0.1592,true,1,161876
37600207256,false,חמאת בוטנים סקיפי עם,,,חמאת בוטנים סקיפי עם,גרמים,462.00,100 גרם,false,,18.90,0.0409,true,1,140130
38000138638,false,פרינגלס בטעם פיצה 15,,,פרינגלס בטעם פיצה 15,גרמים,158.00,100 גרם,false,,8.90,0.0563,true,1,155754
38000138720,false,פרינגלס ראנץ 158 גרם,,,פרינגלס ראנץ 158 גרם,גרמים,158.00,100 גרם,false,,8.90,0.0563,true,1,155748
38000183928,false,פרינגלס חרדל ודבש 15,,,פרינגלס חרדל ודבש 15,גרמים,158.00,100 גרם,false,,8.90,0.0563,true,1,162006
38000232176,false,פרינגלס שמנת בצל 161,,,פרינגלס שמנת בצל 161,גרמים,158.00,100 גרם,false,,8.90,0.0563,true,1,152764
38527591060,false,קוואקר ריבועים סוכר,,,קוואקר ריבועים סוכר,גרמים,411.00,100 גרם,false,,19.90,0.0484,true,1,140203
40232885518,false,אוכמניות יחידה,,,אוכמניות יחידה,גרמים,125.00,100 גרם,false,,19.90,0.1592,true,1,166391
46214731552,false,עוגיות שוקולד צ'יפס,,,עוגיות שוקולד צ'יפס,גרמים,225.00,100 גרם,false,,8.90,0.0396,true,1,140459
76840100156,false,גלידה צ'רי גרסיה בן&,,,גלידה צ'רי גרסיה בן&,100 0,500.00,100 0,false,,23.90,0.0478,true,1,142944
76840400218,false,גלידה בטעם עוגת גבינ,,,גלידה בטעם עוגת גבינ,מיליליטרים,473.00,"100 מ""ל",false,,23.90,0.0505,true,1,143055
77245110610,false,"סוכריות לל""ס מאסט מנ",,,"סוכריות לל""ס מאסט מנ",גרמים,80.00,100 גרם,false,,7.90,0.0988,true,1,140785
78652673064,false,סט 3 קופסאות ריבועיו,,,סט 3 קופסאות ריבועיו,Unknown,1.00,יחידה,false,,9.90,9.9000,true,1,165851
80432402931,false,וויסקי שיבאס רגאל 12,,,וויסקי שיבאס רגאל 12,מיליליטרים,700.00,"100 מ""ל",false,,135.00,0.1929,true,1,137589
80518532743,false,שקית 50 בלונים צבעי,,,שקית 50 בלונים צבעי,Unknown,50.00,יחידה,false,,11.90,0.2380,true,1,148783
608614310456,false,אוכמניות יחידה,,,אוכמניות יחידה,גרמים,125.00,100 גרם,false,,19.90,0.1592,true,1,161387
608614310463,false,אוכמניות יחידה,,,אוכמניות יחידה,גרמים,125.00,100 גרם,false,,19.90,0.1592,true,1,166729
608614331475,false,כרובית,,,כרובית,יח',1.00,יח',false,,9.90,9.9000,true,1,151582
616932184383,false,עלי חסה גו גרין,,,עלי חסה גו גרין,Unknown,1.00,יחידה,false,,11.90,11.9000,true,1,158663
617395100026,false,חסה הידרופונית הולנד,,,חסה הידרופונית הולנד,Unknown,1.00,יחידה,false,,10.90,10.9000,true,1,156878
651080647519,false,פלאקרס חוט דנטלי ירו,,,פלאקרס חוט דנטלי ירו,Unknown,1.00,יחידה,false,,11.00,11.0000,true,1,147473
693493151405,false,קפה טורקי 4*100 גרם,,,קפה טורקי 4*100 גרם,גרמים,400.00,100 גרם,false,,17.90,0.0447,true,1,161662
693493182614,false,קפסולות תואם נספרסו,,,קפסולות תואם נספרסו,גרמים,55.00,100 גרם,false,,10.90,0.1982,true,1,165514
693493182621,false,קפסולות תואם נספרסו,,,קפסולות תואם נספרסו,גרמים,55.00,100 גרם,false,,10.90,0.1982,true,1,165947
693493182638,false,קפסולות תואם נספרסו,,,קפסולות תואם נספרסו,גרמים,55.00,100 גרם,false,,10.90,0.1982,true,1,165515
693493182645,false,קפסולות תואם נספרסו,,,קפסולות תואם נספרסו,גרמים,55.00,100 גרם,false,,10.90,0.1982,true,1,165511
728229123590,false,טרה ירקות שורש בטעם,,,טרה ירקות שורש בטעם,גרמים,110.00,100 גרם,false,,14.90,0.1355,true,1,141947
728229123811,false,טרה ירקות ים תיכוני,,,טרה ירקות ים תיכוני,גרמים,110.00,100 גרם,false,,14.90,0.1355,true,1,141949
768404001640,false,"בן אנד ג""ריז קפה",,,"בן אנד ג""ריז קפה",100 0,500.00,100 0,false,,23.90,0.0478,true,1,142954
835811007234,true,אפונה 500 גרם,,,", ,       ,0",גרמים,0.00,"00000גרם,1,000000000",false,,5.00,0.0000,true,1,144213
856591000062,false,עוגיות מזרחיות מלח ע,,,עוגיות מזרחיות מלח ע,גרמים,400.00,100 גרם,false,,19.90,0.0497,true,1,141141
856591000109,false,עוגיות מזרחיות פריך,,,עוגיות מזרחיות פריך,גרמים,400.00,100 גרם,false,,19.90,0.0497,true,1,141142
859547004084,false,ספוג ניקוי בניחוח לי,,,ספוג ניקוי בניחוח לי,גרמים,34.00,100 גרם,false,,18.90,0.5559,true,1,163850
893594002051,false,פופקורנס גבינת צ'דר,,,פופקורנס גבינת צ'דר,גרמים,28.00,100 גרם,false,,5.90,0.2107,true,1,165596
3046920028363,false,שוקולד לינדט אקסלנס,,,שוקולד לינדט אקסלנס,גרמים,100.00,100 גרם,false,,14.90,0.1490,true,1,162077
3046920029674,false,שוקולד לינדט אקס' סו,,,שוקולד לינדט אקס' סו,גרמים,100.00,100 גרם,false,,14.90,0.1490,true,1,162079
3228022910023,false,חמאה צרפתית פריזידאן,,,חמאה צרפתית פריזידאן,גרמים,200.00,100 גרם,false,,15.90,0.0795,true,1,158441
3387390525960,false,דגני בוקר פריכים עם,,,דגני בוקר פריכים עם,גרמים,500.00,100 גרם,false,,22.90,0.0458,true,1,140109
3607343817547,false,דאודורנט ספריי לגבר,,,דאודורנט ספריי לגבר,מיליליטרים,150.00,"100 מ""ל",false,,13.90,0.0927,true,1,157204
3614224050986,false,דאודורנט ספריי לגבר,,,דאודורנט ספריי לגבר,מיליליטרים,150.00,"100 מ""ל",false,,13.90,0.0927,true,1,157205
3800020403631,false,קיט קט צ'אנקי חמאת ב,,,קיט קט צ'אנקי חמאת ב,גרמים,42.00,100 גרם,false,,4.50,0.1071,true,1,157554
3800020423578,false,קיט קט צ'אנקי חלב 40,,,קיט קט צ'אנקי חלב 40,גרמים,40.00,100 גרם,false,,4.50,0.1125,true,1,138925
4000522009747,false,בייגלה צ'יו מקלות תפ,,,בייגלה צ'יו מקלות תפ,גרמים,80.00,100 גרם,false,,3.90,0.0487,true,1,150464
4001518003800,false,גריסיני מקלות פריכים,,,גריסיני מקלות פריכים,גרמים,125.00,100 גרם,false,,17.90,0.1432,true,1,158590
4001518106112,false,גריסיני מקלות פריכים,,,גריסיני מקלות פריכים,גרמים,125.00,100 גרם,false,,17.90,0.1432,true,1,158591
4002590000046,false,סוכריות קלפני מרענן,,,סוכריות קלפני מרענן,גרמים,150.00,100 גרם,false,,9.90,0.0660,true,1,162326
4005500534600,false,שוקולד קראנץ לבן  10,,,שוקולד קראנץ לבן  10,,1.00,יח,false,,11.90,11.9000,true,1,166433
4009300525684,false,חליטת לימון ג'ינג'ר,,,חליטת לימון ג'ינג'ר,גרמים,35.00,100 גרם,false,,15.90,0.4543,true,1,158346
4011100240216,true,באונטי 57 גרם,,,", ,       ,0",גרמים,0.00,"00000גרם,1,000000000",false,,4.70,0.0000,true,1,139310
4011800290030,false,קורני חלבון שוקו 50,,,קורני חלבון שוקו 50,גרמים,50.00,100 גרם,false,,8.90,0.1780,true,1,164741
4011800290054,false,קורני חלבון קוקוס 50,,,קורני חלבון קוקוס 50,גרמים,50.00,100 גרם,false,,8.90,0.1780,true,1,164742
4011800528416,false,קורני בייס סויט&סול,,,קורני בייס סויט&סול,גרמים,150.00,100 גרם,false,,10.90,0.0727,true,1,162082
4011800617714,false,קורני ביג שוקו בננה,,,קורני ביג שוקו בננה,גרמים,50.00,100 גרם,false,,4.90,0.0980,true,1,164780
4011800617813,false,קורני ביג בראוניז 1/,,,קורני ביג בראוניז 1/,גרמים,50.00,100 גרם,false,,4.90,0.0980,true,1,164781
4011800628512,false,קורני בייס שוקו 150,,,קורני בייס שוקו 150,גרמים,150.00,100 גרם,false,,10.90,0.0727,true,1,147474
4011800630515,false,קורני בייס שוק בננה,,,קורני בייס שוק בננה,גרמים,150.00,100 גרם,false,,10.90,0.0727,true,1,140397
4011800632519,false,קורני בייס קוקונט 15,,,קורני בייס קוקונט 15,גרמים,150.00,100 גרם,false,,10.90,0.0727,true,1,140398
4011800633516,false,קורני בייס דרק שוק 1,,,קורני בייס דרק שוק 1,גרמים,138.00,100 גרם,false,,10.90,0.0790,true,1,140399
4011800636517,false,קורני פרי שוק 120 גר,,,קורני פרי שוק 120 גר,גרמים,120.00,100 גרם,false,,10.90,0.0908,true,1,140400
4014400901191,false,בונבוניירת שוקולד חל,,,בונבוניירת שוקולד חל,גרמים,250.00,100 גרם,false,,26.90,0.1076,true,1,146509
4014400923711,false,בונבוניירה טופיפי 12,,,בונבוניירה טופיפי 12,גרמים,125.00,100 גרם,false,,12.90,0.1032,true,1,137094
4015400564454,false,מגן תחתון אולוויז מג,,,מגן תחתון אולוויז מג,גרמים,234.00,100 גרם,false,,19.90,0.0850,true,1,140572
4015400731719,false,תחבושות אולוויז וליו,,,תחבושות אולוויז וליו,גרמים,126.00,100 גרם,false,,19.90,0.1579,true,1,140135
4015400746812,false,מגן תחתון אולוויז מג,,,מגן תחתון אולוויז מג,גרמים,186.00,100 גרם,false,,19.90,0.1070,true,1,140138
4015600762742,false,שמפו לשיער הנוסחה הק,,,שמפו לשיער הנוסחה הק,מיליליטרים,500.00,"100 מ""ל",false,,19.90,0.0398,true,1,140144
4015600762780,false,שמפו וקונדישינר לשיע,,,שמפו וקונדישינר לשיע,מיליליטרים,500.00,"100 מ""ל",false,,19.90,0.0398,true,1,140145
4015600762902,false,שמפו יומיומי מנטול ה,,,שמפו יומיומי מנטול ה,מיליליטרים,500.00,"100 מ""ל",false,,19.90,0.0398,true,1,140146
4084500088917,false,"פיירי לימון 650 מ""ל",,,"פיירי לימון 650 מ""ל",מיליליטרים,650.00,"100 מ""ל",false,,10.90,0.0168,true,1,140573
4084500853553,false,נוזל לניקוי כלים אור,,,נוזל לניקוי כלים אור,מיליליטרים,650.00,"100 מ""ל",false,,10.90,0.0168,true,1,140574
4603400000043,false,וודקה רוסקי סטנדרט 7,,,וודקה רוסקי סטנדרט 7,מיליליטרים,700.00,"100 מ""ל",false,,64.90,0.0927,true,1,154632
4710068001692,false,מאסטר קפה לאטה,,,מאסטר קפה לאטה,מיליליטרים,240.00,"100 מ""ל",false,,7.20,0.0300,true,1,140511
4710068001739,false,קפה קולומביאני קלאסי,,,קפה קולומביאני קלאסי,מיליליטרים,240.00,"100 מ""ל",false,,7.20,0.0300,true,1,140513
4770577201143,true,סלק בואקום,,,", ,       ,0",ליטרים,0.00,ליטר,false,,9.90,0.0000,true,1,137984
4770577201204,false,סלק אדום מקולף 1 קיל,,,סלק אדום מקולף 1 קיל,Unknown,1.00,יחידה,false,,9.90,9.9000,true,1,150909
4800888150080,false,דאודורנט רול און ירו,,,דאודורנט רול און ירו,מיליליטרים,50.00,"100 מ""ל",false,,14.90,0.2980,true,1,151294
4823077613203,false,שוקולד רושן מריר עם,,,שוקולד רושן מריר עם,גרמים,90.00,100 גרם,false,,8.50,0.0944,true,1,162126
4823077614767,false,שוקולד רושן חלב נוגט,,,שוקולד רושן חלב נוגט,גרמים,90.00,100 גרם,false,,4.90,0.0544,true,1,162128
4823077617041,false,חטיף שוקולד רושן ממו,,,חטיף שוקולד רושן ממו,גרמים,43.00,100 גרם,false,,3.50,0.0814,true,1,162131
4823077621635,false,וופל רושן בטעם חלב 7,,,וופל רושן בטעם חלב 7,גרמים,72.00,100 גרם,false,,3.50,0.0486,true,1,162133
4823077621642,false,וופל רושן בטעם שוקול,,,וופל רושן בטעם שוקול,גרמים,72.00,100 גרם,false,,3.50,0.0486,true,1,162134
4823077621659,false,וופל רושן בטעם אגוז,,,וופל רושן בטעם אגוז,גרמים,72.00,100 גרם,false,,3.50,0.0486,true,1,162135
4823077625589,false,וופל רושן בטעם חלב 2,,,וופל רושן בטעם חלב 2,גרמים,216.00,100 גרם,false,,6.90,0.0319,true,1,162147
4823077625602,false,וופל רושן בטעם שוקול,,,וופל רושן בטעם שוקול,גרמים,216.00,100 גרם,false,,6.90,0.0319,true,1,162148
4823077625626,false,וופל רושן בטעם אגוז,,,וופל רושן בטעם אגוז,גרמים,216.00,100 גרם,false,,6.90,0.0319,true,1,162149
4823077626227,false,שוקולד רושן אורירי ח,,,שוקולד רושן אורירי ח,גרמים,80.00,100 גרם,false,,6.90,0.0863,true,1,162152
4823077626364,false,שוקולד אורירי לבן רו,,,שוקולד אורירי לבן רו,גרמים,80.00,100 גרם,false,,6.90,0.0863,true,1,162617
4823077631467,false,קרקר עם מלח ים רושן,,,קרקר עם מלח ים רושן,גרמים,168.00,100 גרם,false,,5.50,0.0327,true,1,162165
4823077631474,false,קרקר קלאסי רושן 168,,,קרקר קלאסי רושן 168,גרמים,168.00,100 גרם,false,,5.50,0.0327,true,1,162166
4823077631863,false,גליליות רושן קונאפטו,,,גליליות רושן קונאפטו,גרמים,140.00,100 גרם,false,,6.90,0.0493,true,1,162168
4823077632112,false,וופל רושן בטעם קקאו,,,וופל רושן בטעם קקאו,גרמים,216.00,100 גרם,false,,6.90,0.0319,true,1,162170
4823077632259,false,חטיף שוקולד רושן עם,,,חטיף שוקולד רושן עם,גרמים,38.00,100 גרם,false,,3.50,0.0921,true,1,162171
4823077632587,false,שוקולד רושן חלב עם ש,,,שוקולד רושן חלב עם ש,גרמים,90.00,100 גרם,false,,8.50,0.0944,true,1,162177
4823077633317,false,עוגיות לביטה שוקולד,,,עוגיות לביטה שוקולד,גרמים,150.00,100 גרם,false,,6.90,0.0460,true,1,162183
4823077633331,false,עוגיות רושן לוביטה ב,,,עוגיות רושן לוביטה ב,גרמים,150.00,100 גרם,false,,6.90,0.0460,true,1,164383
4823077633508,false,חטיף וופל במילוי קרם,,,חטיף וופל במילוי קרם,גרמים,34.00,100 גרם,false,,3.50,0.1029,true,1,165182
4823077633515,false,חטיף וופל במילוי קרם,,,חטיף וופל במילוי קרם,גרמים,34.00,100 גרם,false,,3.50,0.1029,true,1,165183
4823077634277,false,עוגיות תות שדה לוביט,,,עוגיות תות שדה לוביט,גרמים,135.00,100 גרם,false,,6.90,0.0511,true,1,164384
4823077636578,false,סוכריות טופי כוס חלב,,,סוכריות טופי כוס חלב,גרמים,325.00,100 גרם,false,,12.90,0.0397,true,1,164550
5000159459266,true,טוויקס 50 גרם,,,", ,       ,0",גרמים,0.00,"00000גרם,1,000000000",false,,4.70,0.0000,true,1,138929
5000159461115,true,מארס 51 גרם,,,", ,       ,0",גרמים,0.00,"00000גרם,1,000000000",false,,4.70,0.0000,true,1,138930
5000159461139,true,סניקרס 50 גרם,,,", ,       ,0",גרמים,0.00,"00000גרם,1,000000000",false,,4.70,0.0000,true,1,138932
5000159461580,true,סניקרס 50 גרם,,,", ,       ,0",גרמים,0.00,"00000גרם,1,000000000",false,,4.70,0.0000,true,1,138933
5000159538640,false,מאגדת באונטי 5*57 גר,,,מאגדת באונטי 5*57 גר,גרמים,285.00,100 גרם,false,,12.90,0.0453,true,1,159380
5000189974579,false,קיט קט מיני חטיף ופל,,,קיט קט מיני חטיף ופל,גרמים,200.00,100 גרם,false,,14.90,0.0745,true,1,146504
5010182997680,false,קוטל נמלים 2 ב-1 ריי,,,קוטל נמלים 2 ב-1 ריי,מיליליטרים,300.00,"100 מ""ל",false,,14.90,0.0497,true,1,157404
5010182997918,false,ג'ל לאסלה בניחוח ים,,,ג'ל לאסלה בניחוח ים,מיליליטרים,55.00,"100 מ""ל",false,,9.90,0.1800,true,1,143495
5010182998847,false,נוזל לניקוי אסלה כחו,,,נוזל לניקוי אסלה כחו,מיליליטרים,750.00,"100 מ""ל",false,,9.90,0.0132,true,1,156770
5010182998861,false,נוזל לניקוי אסלה ירו,,,נוזל לניקוי אסלה ירו,מיליליטרים,750.00,"100 מ""ל",false,,9.90,0.0132,true,1,156771
5010852000917,false,"ויסקי בארקליס 700 מ""",,,"ויסקי בארקליס 700 מ""",מיליליטרים,700.00,"100 מ""ל",false,,69.90,0.0999,true,1,154640
5060517886486,false,משקה אנרגיה מונסטר א,,,משקה אנרגיה מונסטר א,מיליליטרים,500.00,"100 מ""ל",false,,7.50,0.0150,true,1,152410
5060517886516,false,משקה אנרגיה זירו מונ,,,משקה אנרגיה זירו מונ,מיליליטרים,500.00,"100 מ""ל",false,,8.20,0.0164,true,1,152411
5201205111279,false,ספוג סופג ריח למקרר,,,ספוג סופג ריח למקרר,Unknown,1.00,יחידה,false,,11.90,11.9000,true,1,166167
5202287008020,false,צלחות חד פעמיות גדול,,,צלחות חד פעמיות גדול,Unknown,50.00,יחידה,false,,12.90,0.2580,true,1,146074
5410076933129,false,אבקת כביסה אריאל שוש,,,אבקת כביסה אריאל שוש,פריט,3.00,"ק""ג",false,,34.90,11.6333,true,1,146322
5410126006087,false,עוגיות לוטוס 700 גרם,,,עוגיות לוטוס 700 גרם,גרמים,700.00,100 גרם,false,,26.90,0.0384,true,1,153698
5410126106183,false,ביסקויט ביסקפה לוטוס,,,ביסקויט ביסקפה לוטוס,גרמים,312.00,100 גרם,false,,19.90,0.0638,true,1,140153
5410126116953,false,לוטוס ממרח ביסקוויט,,,לוטוס ממרח ביסקוויט,גרמים,400.00,100 גרם,false,,23.90,0.0597,true,1,140154
5410291022011,false,צ'וקטה ממרח אגוזי לו,,,צ'וקטה ממרח אגוזי לו,גרמים,350.00,100 גרם,false,,10.90,0.0311,true,1,144408
5410291022738,false,צ'וקטה ממרח דואו 350,,,צ'וקטה ממרח דואו 350,גרמים,350.00,100 גרם,false,,10.90,0.0311,true,1,146495
5410769100081,false,"בקבוק לה שוף 330 מ""ל",,,"בקבוק לה שוף 330 מ""ל",מיליליטרים,330.00,"100 מ""ל",false,,15.90,0.0482,true,1,148063
5411188081852,false,אלפרו משקה סויה וניל,,,אלפרו משקה סויה וניל,מיליליטרים,1000.00,"100 מ""ל",false,,13.90,0.0139,true,1,140122
5411188110835,false,אלפרו משקה שקדים 1 ל,,,אלפרו משקה שקדים 1 ל,מיליליטרים,1000.00,"100 מ""ל",false,,13.90,0.0139,true,1,137848
5411188112709,false,אלפרו משקה שקדים ללס,,,אלפרו משקה שקדים ללס,מיליליטרים,1000.00,"100 מ""ל",false,,13.90,0.0139,true,1,141232
5411188115366,false,אלפרו משקה שיבולת שו,,,אלפרו משקה שיבולת שו,מיליליטרים,1000.00,"100 מ""ל",false,,13.90,0.0139,true,1,141233
5411188115472,false,אלפרו משקה סויה 1 לי,,,אלפרו משקה סויה 1 לי,מיליליטרים,1000.00,"100 מ""ל",false,,13.90,0.0139,true,1,159417
5411188116905,false,אלפרו משקה סויה בטעם,,,אלפרו משקה סויה בטעם,מיליליטרים,1000.00,"100 מ""ל",false,,13.90,0.0139,true,1,164244
5411188121671,true,אלפרו 1 ליטר,,,", ,       ,0",מיליליטרים,0.00,"00000מ""ל,1,000000000",false,,15.00,0.0000,true,1,137850
5411188134985,false,אלפרו שיבולת שועל 3.,,,אלפרו שיבולת שועל 3.,מיליליטרים,1000.00,"100 מ""ל",false,,13.90,0.0139,true,1,161183
5411188135005,false,אלפרו שיבולת שועל 1.,,,אלפרו שיבולת שועל 1.,מיליליטרים,1000.00,"100 מ""ל",false,,13.90,0.0139,true,1,161185
5411188543398,false,"אלפרו משקה סויה לל""ס",,,"אלפרו משקה סויה לל""ס",מיליליטרים,1000.00,"100 מ""ל",false,,13.90,0.0139,true,1,157384
5566774569198,false,קולפן פטנט 3 מצבים,,,קולפן פטנט 3 מצבים,Unknown,1.00,יחידה,false,,19.90,19.9000,true,1,152607
5566774570903,false,כדורי ספוג עדינים של,,,כדורי ספוג עדינים של,Unknown,3.00,יחידה,false,,9.90,3.3000,true,1,154247
5566774571122,false,סכין רב שימושית משוב,,,סכין רב שימושית משוב,Unknown,1.00,יחידה,false,,9.90,9.9000,true,1,154284
5711953106590,false,גבינת שמנת 24% שומן,,,גבינת שמנת 24% שומן,גרמים,200.00,100 גרם,false,,15.90,0.0795,true,1,152342
5711953106606,false,גבינת שמנת 23.5% עם,,,גבינת שמנת 23.5% עם,גרמים,200.00,100 גרם,false,,15.90,0.0795,true,1,152343
5740900403215,false,ממרח לורפק עם מלח 25,,,ממרח לורפק עם מלח 25,גרמים,250.00,100 גרם,false,,16.90,0.0676,true,1,148096
5740900403222,false,ממרח לורפק עם מלח מו,,,ממרח לורפק עם מלח מו,גרמים,250.00,100 גרם,false,,16.90,0.0676,true,1,148097
5740900403239,false,ממרח לורפק בלי מלח 2,,,ממרח לורפק בלי מלח 2,גרמים,250.00,100 גרם,false,,16.90,0.0676,true,1,148098
5740900403284,false,חמאה ללא מלח לורפק 2,,,חמאה ללא מלח לורפק 2,גרמים,200.00,100 גרם,false,,11.90,0.0595,true,1,157316
5740900403864,false,חמאה עם מלח לורפק 20,,,חמאה עם מלח לורפק 20,גרמים,200.00,100 גרם,false,,11.90,0.0595,true,1,161186
5900020015174,false,פיטנס חטיף דגנים שוק,,,פיטנס חטיף דגנים שוק,גרמים,141.00,100 גרם,false,,14.90,0.1057,true,1,140923
5900020018908,false,פיטנס חטיף דגנים עוג,,,פיטנס חטיף דגנים עוג,גרמים,141.00,100 גרם,false,,14.90,0.1057,true,1,140924
5900020020710,false,חטיף קראנץ' שוקו וני,,,חטיף קראנץ' שוקו וני,גרמים,150.00,100 גרם,false,,14.90,0.0993,true,1,140925
5900020024770,false,חטיף דגנים בטעם אגוז,,,חטיף דגנים בטעם אגוז,גרמים,135.00,100 גרם,false,,14.90,0.1104,true,1,144015
5900020026552,false,צ'ריוס האני נאט פרוו,,,צ'ריוס האני נאט פרוו,גרמים,625.00,100 גרם,false,,23.90,0.0382,true,1,140929
5900020034991,false,דגני בוקר צדפים בטעם,,,דגני בוקר צדפים בטעם,גרמים,450.00,100 גרם,false,,23.90,0.0531,true,1,154379
5900020036407,false,דגני בוקר ליון בטעם,,,דגני בוקר ליון בטעם,גרמים,480.00,100 גרם,false,,23.90,0.0498,true,1,154279
5900020039620,false,חטיף דגנים עם שקדים,,,חטיף דגנים עם שקדים,גרמים,141.00,100 גרם,false,,14.90,0.1057,true,1,160295
5900951243530,true,סניקרס 50 גרם,,,", ,       ,0",גרמים,0.00,"00000גרם,1,000000000",false,,4.70,0.0000,true,1,138939
5902198160403,false,"אקסל 250 TEN מ""ל",,,"אקסל 250 TEN מ""ל",מיליליטרים,250.00,"100 מ""ל",false,,4.80,0.0192,true,1,137593
5906485301012,false,משקה אנרגיה אקסל 250,,,משקה אנרגיה אקסל 250,מיליליטרים,250.00,"100 מ""ל",false,,4.80,0.0192,true,1,137594
6921667896215,false,מיני המבורגר בנים 80,,,מיני המבורגר בנים 80,גרמים,80.00,100 גרם,false,,11.90,0.1488,true,1,166095
6926832407074,false,חטיף אורז יפני 100 ג,,,חטיף אורז יפני 100 ג,גרמים,100.00,100 גרם,false,,7.90,0.0790,true,1,138610
6930548976243,false,שום ארוז יבוא,,,שום ארוז יבוא,Unknown,1.00,יחידה,false,,7.90,7.9000,true,1,153840
6934932049728,false,אוכמניות יחידה,,,אוכמניות יחידה,גרמים,125.00,100 גרם,false,,19.90,0.1592,true,1,166390
6936613888667,false,שום ארוז יבוא,,,שום ארוז יבוא,Unknown,1.00,יחידה,false,,7.90,7.9000,true,1,164430
6970011910237,false,מצת פרמיום,,,מצת פרמיום,Unknown,1.00,יחידה,false,,9.90,9.9000,true,1,161367
7133391700150,false,תרד ניו זילנדי הידרו,,,תרד ניו זילנדי הידרו,Unknown,1.00,יחידה,false,,13.90,13.9000,true,1,157689
7271730901261,false,ארוחת פסטה עם גבינה,,,ארוחת פסטה עם גבינה,גרמים,156.00,100 גרם,false,,12.90,0.0827,true,1,142150
7290000000035,false,תוספת שתיה בקירור,,,תוספת שתיה בקירור,Unknown,0.00,יחידה,false,,1.00,0.0000,true,1,161282
7290000000282,false,חסה ערבית יחידה,,,חסה ערבית יחידה,פריט,1.00,"ק""ג",false,,4.90,4.9000,true,1,164641
7290000000411,false,שום ארוז יבוא,,,שום ארוז יבוא,Unknown,1.00,יחידה,false,,7.90,7.9000,true,1,137986
7290000000634,false,שקית גופיה סופרקופיק,,,שקית גופיה סופרקופיק,Unknown,1.00,יחידה,false,,0.10,0.1000,true,1,145053
7290000000695,false,אספרגוס יחידה,,,אספרגוס יחידה,Unknown,1.00,יחידה,false,,29.90,29.9000,true,1,150593
7290000000960,false,"פקדון רביעיה 1.2 ש""ח",,,"פקדון רביעיה 1.2 ש""ח",Unknown,0.00,יחידה,false,,1.20,0.0000,true,1,157398
7290000000961,false,"פקדון שישיה 1.8 ש""ח",,,"פקדון שישיה 1.8 ש""ח",Unknown,0.00,יחידה,false,,1.80,0.0000,true,1,157399
7290000000998,false,פקדון,,,פקדון,Unknown,0.00,יחידה,false,,0.30,0.0000,true,1,137590
7290000001715,false,"תפו""א לאפיה",,,"תפו""א לאפיה",קילוגרמים,1.00,"ק""ג",true,,5.90,5.9000,true,1,152231
7290000003345,false,נביעות מים מינרלים ש,,,נביעות מים מינרלים ש,מיליליטרים,1500.00,"100 מ""ל",false,,5.00,0.0033,true,1,146268
7290000003902,false,מאפה מלוח במשקל,,,מאפה מלוח במשקל,קילוגרמים,1.00,"ק""ג",true,,42.00,42.0000,true,1,155825
7290000009001,false,בננה,,,בננה,קילוגרמים,1.00,"ק""ג",true,,8.70,8.7000,true,1,148917
7290000009002,false,עגבניה,5 יחידות,,עגבניה,קילוגרמים,1.00,"ק""ג",true,,7.70,7.7000,true,1,148918
7290000009003,false,מלפפון ירוק,6 יחידות,,מלפפון ירוק,קילוגרמים,1.00,"ק""ג",true,,7.70,7.7000,true,1,148919
7290000009004,false,לימון,5 יחידות,,לימון,קילוגרמים,1.00,"ק""ג",true,,8.70,8.7000,true,1,148920
7290000009005,false,אבוקדו,,,אבוקדו,קילוגרמים,1.00,"ק""ג",true,,10.70,10.7000,true,1,148921
7290000009007,false,תפוח עץ ירוק סמיט,,,תפוח עץ ירוק סמיט,קילוגרמים,1.00,"ק""ג",true,,10.90,10.9000,true,1,148923
7290000009008,false,תפוח עץ אדום חרמון,,,תפוח עץ אדום חרמון,קילוגרמים,1.00,"ק""ג",true,,9.90,9.9000,true,1,148924
7290000009010,false,פלפל אדום,5 יחידות,,פלפל אדום,קילוגרמים,1.00,"ק""ג",true,,10.70,10.7000,true,1,148925
7290000009011,false,קלמנטינה,,,קלמנטינה,קילוגרמים,1.00,"ק""ג",true,,6.90,6.9000,true,1,148926
7290000009012,false,אפרסמון,,,אפרסמון,קילוגרמים,1.00,"ק""ג",true,,12.90,12.9000,true,1,148927
7290000009013,false,תפוזים,3 יחידות,,תפוזים,קילוגרמים,1.00,"ק""ג",true,,5.90,5.9000,true,1,148928
7290000009014,false,תפוח פינק ליידי,,,תפוח פינק ליידי,קילוגרמים,1.00,"ק""ג",true,,15.90,15.9000,true,1,148929
7290000009015,false,בצל יבש לבן,4 יחידות,,בצל יבש לבן,קילוגרמים,1.00,"ק""ג",true,,4.70,4.7000,true,1,148930
7290000009016,false,בטטה,,,בטטה,קילוגרמים,1.00,"ק""ג",true,,7.70,7.7000,true,1,148931
7290000009017,false,אגס ירוק,5 יחידות,,אגס ירוק,קילוגרמים,1.00,"ק""ג",true,,8.70,8.7000,true,1,148932
7290000009018,false,תפוח עץ מוזהב,,,תפוח עץ מוזהב,קילוגרמים,1.00,"ק""ג",true,,9.90,9.9000,true,1,148933
7290000009019,false,פלפל צהוב,5 יחידות,,פלפל צהוב,קילוגרמים,1.00,"ק""ג",true,,10.70,10.7000,true,1,148934
7290000009020,false,שזיף אדום,,,שזיף אדום,קילוגרמים,1.00,"ק""ג",true,,16.70,16.7000,true,1,148935
7290000009021,false,בצל אדום,4 יחידות,,בצל אדום,קילוגרמים,1.00,"ק""ג",true,,6.70,6.7000,true,1,148936
7290000009022,false,רימון,,,רימון,קילוגרמים,1.00,"ק""ג",true,,8.70,8.7000,true,1,148937
7290000009024,false,חציל,,,חציל,קילוגרמים,1.00,"ק""ג",true,,7.90,7.9000,true,1,148939
7290000009025,false,כרוב לבן שלם,1 יחידה,,כרוב לבן שלם,קילוגרמים,1.00,"ק""ג",true,,5.70,5.7000,true,1,148940
7290000009027,false,קיווי,,,קיווי,קילוגרמים,1.00,"ק""ג",true,,16.90,16.9000,true,1,148942
7290000009030,false,פומלה,,,פומלה,קילוגרמים,1.00,"ק""ג",true,,8.90,8.9000,true,1,148945
7290000009031,false,פלפל ירוק,5 יחידות,,פלפל ירוק,קילוגרמים,1.00,"ק""ג",true,,9.70,9.7000,true,1,148946
7290000009033,false,כרוב אדום שלם,,,כרוב אדום שלם,קילוגרמים,1.00,"ק""ג",true,,5.70,5.7000,true,1,148948
7290000009034,false,קולורבי,,,קולורבי,קילוגרמים,1.00,"ק""ג",true,,8.90,8.9000,true,1,148949
7290000009039,false,פומלית,,,פומלית,קילוגרמים,1.00,"ק""ג",true,,6.70,6.7000,true,1,148954
7290000009040,false,שומר,,,שומר,קילוגרמים,1.00,"ק""ג",true,,8.90,8.9000,true,1,148955
7290000009046,false,קישוא,5 יחידות,,קישוא,קילוגרמים,1.00,"ק""ג",true,,8.90,8.9000,true,1,148961
7290000009051,false,"תפו""א לבן תפזורת",,,"תפו""א לבן תפזורת",קילוגרמים,1.00,"ק""ג",true,,4.90,4.9000,true,1,149920
7290000009052,false,"תפו""א אדום תפזורת",,,"תפו""א אדום תפזורת",קילוגרמים,1.00,"ק""ג",true,,5.90,5.9000,true,1,149921
7290000009053,false,"תפו""ע לוליפופ",,,"תפו""ע לוליפופ",קילוגרמים,1.00,"ק""ג",true,,15.90,15.9000,true,1,149922
7290000009054,false,פלפל חריף,,,פלפל חריף,קילוגרמים,1.00,"ק""ג",true,,10.90,10.9000,true,1,149923
7290000009056,false,סלק אדום תפזורת,,,סלק אדום תפזורת,קילוגרמים,1.00,"ק""ג",true,,4.90,4.9000,true,1,149925
7290000009059,false,חסה ערבית יחידה,,,חסה ערבית יחידה,פריט,1.00,"ק""ג",false,,4.90,4.9000,true,1,149927
7290000009061,false,גזר ארוז,,,גזר ארוז,קילוגרמים,1.00,"ק""ג",true,,4.90,4.9000,true,1,149929
7290000009063,false,כרובית,,,כרובית,Unknown,1.00,יחידה,false,,9.90,9.9000,true,1,149931
7290000009074,false,ענב אדום,,,ענב אדום,קילוגרמים,1.00,"ק""ג",true,,24.90,24.9000,true,1,150444
7290000009075,false,תירס מתוק,,,תירס מתוק,קילוגרמים,1.00,"ק""ג",true,,8.70,8.7000,true,1,150445
7290000009080,false,ענב ירוק שקיל,,,ענב ירוק שקיל,קילוגרמים,1.00,"ק""ג",true,,24.90,24.9000,true,1,150601
7290000009082,false,כוסברה,,,כוסברה,Unknown,1.00,יחידה,false,,4.90,4.9000,true,1,150660
7290000009086,false,מנגו,,,מנגו,קילוגרמים,1.00,"ק""ג",true,,10.70,10.7000,true,1,150978
7290000009096,false,ענבים שחורים,,,ענבים שחורים,קילוגרמים,1.00,"ק""ג",true,,19.90,19.9000,true,1,151437
7290000009104,false,תפוח עץ גלה,,,תפוח עץ גלה,קילוגרמים,1.00,"ק""ג",true,,9.90,9.9000,true,1,151580
7290000009112,false,תפוז ברשת,,,תפוז ברשת,קילוגרמים,1.00,"ק""ג",true,,4.90,4.9000,true,1,151725
7290000009115,false,"תפו""א לבן ארוז",,,"תפו""א לבן ארוז",קילוגרמים,1.00,"ק""ג",true,,5.90,5.9000,true,1,151765
7290000009124,false,שום ארוז יבוא,,,שום ארוז יבוא,Unknown,1.00,יחידה,false,,7.90,7.9000,true,1,152675
7290000009136,false,בצל שאלוט,,,בצל שאלוט,פריט,1.00,"ק""ג",false,,11.90,11.9000,true,1,156769
7290000009143,false,אפרסמון קרמבו,,,אפרסמון קרמבו,קילוגרמים,1.00,"ק""ג",true,,12.90,12.9000,true,1,157504
7290000009163,false,אוכמניות יחידה,,,אוכמניות יחידה,גרמים,125.00,100 גרם,false,,19.90,0.1592,true,1,166034
7290000023083,false,ערק אשקלון בקבוק 700,,,ערק אשקלון בקבוק 700,מיליליטרים,700.00,"100 מ""ל",false,,50.90,0.0727,true,1,137596
7290000024240,false,יין לבן יבש רזרב שרד,,,יין לבן יבש רזרב שרד,מיליליטרים,750.00,"100 מ""ל",false,,48.20,0.0643,true,1,146851
7290000024523,false,מיץ ענבים טבעי תירוש,,,מיץ ענבים טבעי תירוש,מיליליטרים,1000.00,"100 מ""ל",false,,15.90,0.0159,true,1,137600
7290000040042,false,יופלה יוגורט תות %3,,,יופלה יוגורט תות %3,גרמים,150.00,100 גרם,false,,5.00,0.0333,true,1,147136
7290000040066,false,יופלה יוגורט דובדבן,,,יופלה יוגורט דובדבן,מיליליטרים,150.00,"100 מ""ל",false,,5.00,0.0333,true,1,140211
7290000040080,false,יופלה יוגורט אפרסק %,,,יופלה יוגורט אפרסק %,מיליליטרים,150.00,"100 מ""ל",false,,5.00,0.0333,true,1,152020
7290000040974,false,חלב בקרטון דל לקטוז,,,חלב בקרטון דל לקטוז,מיליליטרים,1000.00,"100 מ""ל",false,,6.90,0.0069,true,1,140213
7290000040974,false,חלב בקרטון דל לקטוז,,,חלב בקרטון דל לקטוז,מיליליטרים,1000.00,"100 מ""ל",false,,6.90,0.0069,true,1,144796
7290000041858,false,שמנת חמוצה מועשרת 15,,,שמנת חמוצה מועשרת 15,מיליליטרים,200.00,"100 מ""ל",false,,2.40,0.0120,true,1,138692
7290000042435,false,חלב בקרטון תנובה 1%,,,חלב בקרטון תנובה 1%,מיליליטרים,1000.00,"100 מ""ל",false,,5.86,0.0059,true,1,139191
7290000042855,false,שוקו בשקית יטבתה 225,,,שוקו בשקית יטבתה 225,מיליליטרים,225.00,"100 מ""ל",false,,2.50,0.0111,true,1,138693
7290000043814,false,השף הלבן שמנת עמידה,,,השף הלבן שמנת עמידה,מיליליטרים,250.00,"100 מ""ל",false,,6.47,0.0259,true,1,146285
7290000043890,false,רויון 1.5% תנובה 1 ל,,,רויון 1.5% תנובה 1 ל,מיליליטרים,1000.00,"100 מ""ל",false,,11.30,0.0113,true,1,141794
7290000044712,false,"פרילי תות 500 מ""ל 1.",,,"פרילי תות 500 מ""ל 1.",מיליליטרים,500.00,"100 מ""ל",false,,10.30,0.0206,true,1,140221
7290000046327,false,גבינה צהובה פרוסה 22,,,גבינה צהובה פרוסה 22,גרמים,200.00,100 גרם,false,,12.90,0.0645,true,1,140223
7290000046327,false,גבינה צהובה פרוסה 22,,,גבינה צהובה פרוסה 22,גרמים,200.00,100 גרם,false,,12.90,0.0645,true,1,147140
7290000047546,false,גבינת כנען 5% תנובה,,,גבינת כנען 5% תנובה,גרמים,500.00,100 גרם,false,,23.90,0.0478,true,1,147141
7290000047942,false,גבינה לבנה 9% 250 גר,,,גבינה לבנה 9% 250 גר,גרמים,250.00,100 גרם,false,,4.98,0.0199,true,1,140224
7290000048185,false,גבינה לבנה 5% תנובה,,,גבינה לבנה 5% תנובה,גרמים,250.00,100 גרם,false,,4.98,0.0199,true,1,146580
7290000048192,false,גבינה לבנה 9% תנובה,,,גבינה לבנה 9% תנובה,גרמים,250.00,100 גרם,false,,4.98,0.0199,true,1,146569
7290000048413,false,גבינת מלוחה חמד 16%,,,גבינת מלוחה חמד 16%,גרמים,250.00,100 גרם,false,,18.30,0.0732,true,1,147142
7290000048437,false,גבינה צפתית 5% פיראו,,,גבינה צפתית 5% פיראו,גרמים,200.00,100 גרם,false,,14.90,0.0745,true,1,141797
7290000049458,false,פטה עיזים פיראוס 16%,,,פטה עיזים פיראוס 16%,גרמים,250.00,100 גרם,false,,28.50,0.1140,true,1,140227
7290000051307,false,מארז הפסקת בטעם וניל,,,מארז הפסקת בטעם וניל,Unknown,1.00,יחידה,false,,9.90,9.9000,true,1,141798
7290000051376,false,יופלה דיאט אננס גביע,,,יופלה דיאט אננס גביע,מיליליטרים,150.00,"100 מ""ל",false,,5.00,0.0333,true,1,152024
7290000052311,false,גבינה צהובה פרוסה 15,,,גבינה צהובה פרוסה 15,גרמים,200.00,100 גרם,false,,15.90,0.0795,true,1,140235
7290000052311,false,גבינה צהובה פרוסה 15,,,גבינה צהובה פרוסה 15,גרמים,200.00,100 גרם,false,,15.90,0.0795,true,1,147143
7290000055329,false,יופלה משקה יוגורט תו,,,יופלה משקה יוגורט תו,גרמים,250.00,100 גרם,false,,5.40,0.0216,true,1,139167
7290000055336,false,יופלה משקה יוגורט בנ,,,יופלה משקה יוגורט בנ,גרמים,250.00,100 גרם,false,,5.40,0.0216,true,1,139168
7290000055893,false,חמאה מהדרין תנובה 20,,,חמאה מהדרין תנובה 20,גרמים,200.00,100 גרם,false,,7.80,0.0390,true,1,139196
7290000056845,false,חלב טרי 3% בקרטון תנ,,,חלב טרי 3% בקרטון תנ,מיליליטרים,1500.00,"100 מ""ל",false,,9.34,0.0062,true,1,141783
7290000056951,false,שמנת לבישול 15% 500,,,שמנת לבישול 15% 500,מיליליטרים,500.00,"100 מ""ל",false,,15.90,0.0318,true,1,141805
7290000057088,false,עמק פרוס דק דק 28% 2,,,עמק פרוס דק דק 28% 2,גרמים,200.00,100 גרם,false,,15.90,0.0795,true,1,139197
7290000057118,false,גבינת עמק קלאסית פרו,,,גבינת עמק קלאסית פרו,גרמים,400.00,100 גרם,false,,20.90,0.0522,true,1,141806
7290000057149,false,יוגורט טבעי ביו 3% ת,,,יוגורט טבעי ביו 3% ת,גרמים,200.00,100 גרם,false,,3.20,0.0160,true,1,141808
7290000057552,false,יופלה דיאט עוגת גבינ,,,יופלה דיאט עוגת גבינ,מיליליטרים,150.00,"100 מ""ל",false,,5.00,0.0333,true,1,144372
7290000060088,false,בייגלה אסם מקלות מלו,,,בייגלה אסם מקלות מלו,גרמים,375.00,100 גרם,false,,9.90,0.0264,true,1,140931
7290000060156,false,אטריות ביצים דקיקות,,,אטריות ביצים דקיקות,גרמים,200.00,100 גרם,false,,6.90,0.0345,true,1,140932
7290000060163,false,אטריות דקות אסם 400,,,אטריות דקות אסם 400,גרמים,401.00,100 גרם,false,,6.90,0.0172,true,1,140933
7290000060200,false,פתיתים אפויים קוסקוס,,,פתיתים אפויים קוסקוס,גרמים,500.00,100 גרם,false,,6.90,0.0138,true,1,140934
7290000060217,false,פסטה מקרוני מספר 7 א,,,פסטה מקרוני מספר 7 א,גרמים,500.00,100 גרם,false,,5.90,0.0118,true,1,140935
7290000060576,false,פתיתים אפויים כוכבים,,,פתיתים אפויים כוכבים,גרמים,500.00,100 גרם,false,,6.90,0.0138,true,1,140939
7290000060781,false,פסטה פוסילי אסם 500,,,פסטה פוסילי אסם 500,גרמים,500.00,100 גרם,false,,5.90,0.0118,true,1,140940
7290000060828,false,פסטה פרומנטי קרניים,,,פסטה פרומנטי קרניים,גרמים,500.00,100 גרם,false,,5.90,0.0118,true,1,140941
7290000060880,false,פסטה ספגטי מספר 8 אס,,,פסטה ספגטי מספר 8 אס,גרמים,500.00,100 גרם,false,,5.90,0.0118,true,1,140943
7290000060903,false,פתיתים אפויים אורז א,,,פתיתים אפויים אורז א,גרמים,500.00,100 גרם,false,,6.90,0.0138,true,1,140944
7290000060958,false,אטריות בינוניות אסם,,,אטריות בינוניות אסם,גרמים,402.00,100 גרם,false,,6.90,0.0172,true,1,140945
7290000060965,false,אטריות רחבות אסם 400,,,אטריות רחבות אסם 400,גרמים,403.00,100 גרם,false,,6.90,0.0171,true,1,140946
7290000061214,false,פתיתים אפויים קוסקוס,,,פתיתים אפויים קוסקוס,גרמים,500.00,100 גרם,false,,6.90,0.0138,true,1,140949
7290000061450,false,פתיתים אפויים קוסקוס,,,פתיתים אפויים קוסקוס,גרמים,500.00,100 גרם,false,,6.90,0.0138,true,1,150731
7290000062952,false,מיני קרוטונים מתובלי,,,מיני קרוטונים מתובלי,גרמים,250.00,100 גרם,false,,14.90,0.0596,true,1,140952
7290000063102,false,אסם קמח עוגה תופח מא,,,אסם קמח עוגה תופח מא,גרמים,350.00,100 גרם,false,,4.90,0.0140,true,1,137000
7290000063133,false,אסם שקדי מרק רכיבים,,,אסם שקדי מרק רכיבים,גרמים,100.00,100 גרם,false,,5.90,0.0590,true,1,147265
7290000063157,false,קמח תופח מאליו אסם 1,,,קמח תופח מאליו אסם 1,גרמים,1000.00,100 גרם,false,,8.90,0.0089,true,1,140954
7290000064758,false,אסם קוסקוס אמיתי 350,,,אסם קוסקוס אמיתי 350,גרמים,350.00,100 גרם,false,,7.90,0.0226,true,1,143196
7290000065557,false,מנה חמה קוסקוס וירקו,,,מנה חמה קוסקוס וירקו,גרמים,84.00,100 גרם,false,,5.90,0.0702,true,1,137005
7290000066295,false,במבה מתוקה בטעם תות,,,במבה מתוקה בטעם תות,גרמים,30.00,100 גרם,false,,2.90,0.0967,true,1,143736
7290000066332,false,אפרופו 50 גרם,,,אפרופו 50 גרם,גרמים,50.00,100 גרם,false,,4.90,0.0980,true,1,137011
7290000066349,false,אפרופו 100 גרם,,,אפרופו 100 גרם,גרמים,100.00,100 גרם,false,,8.90,0.0890,true,1,154518
7290000067599,false,מנה חמה ספגטי בולונז,,,מנה חמה ספגטי בולונז,גרמים,65.00,100 גרם,false,,5.90,0.0908,true,1,137016
7290000068138,false,פודינג אינסטנט בטעם,,,פודינג אינסטנט בטעם,גרמים,80.00,100 גרם,false,,5.50,0.0688,true,1,137019
7290000068190,false,ג'לי בטעם תות פרווה,,,ג'לי בטעם תות פרווה,גרמים,90.00,100 גרם,false,,6.30,0.0700,true,1,140964
7290000068343,false,אסם פריכונים מאורז מ,,,אסם פריכונים מאורז מ,גרמים,140.00,100 גרם,false,,7.90,0.0564,true,1,140966
7290000069715,false,חטיפי קרקר מלוח אסם,,,חטיפי קרקר מלוח אסם,גרמים,300.00,100 גרם,false,,11.90,0.0397,true,1,150738
7290000070308,false,אסם מרק עוף אמיתי 40,,,אסם מרק עוף אמיתי 40,גרמים,400.00,100 גרם,false,,18.70,0.0467,true,1,137026
7290000070322,false,מרק פטריות רכיבים טב,,,מרק פטריות רכיבים טב,גרמים,400.00,100 גרם,false,,26.90,0.0672,true,1,140970
7290000070353,false,מרק בצל מרכיבים טבעי,,,מרק בצל מרכיבים טבעי,גרמים,400.00,100 גרם,false,,24.90,0.0622,true,1,140971
7290000071008,false,בייגלה כעכים שטוחים,,,בייגלה כעכים שטוחים,גרמים,60.00,100 גרם,false,,3.10,0.0517,true,1,152477
7290000072623,false,קטשופ אסם בקבוק לחיץ,,,קטשופ אסם בקבוק לחיץ,גרמים,750.00,100 גרם,false,,10.90,0.0145,true,1,137027
7290000072630,false,קטשופ חריף אסם 750 ג,,,קטשופ חריף אסם 750 ג,גרמים,750.00,100 גרם,false,,12.90,0.0172,true,1,152932
7290000072753,false,קפה נמס מיובש בהקפאה,,,קפה נמס מיובש בהקפאה,גרמים,200.00,100 גרם,false,,29.90,0.1495,true,1,140976
7290000072760,false,קפה נמס טסטר'ס צ'ויס,,,קפה נמס טסטר'ס צ'ויס,גרמים,100.00,100 גרם,false,,24.90,0.2490,true,1,152924
7290000072777,false,טייסטר צ'וייס נטול ק,,,טייסטר צ'וייס נטול ק,גרמים,200.00,100 גרם,false,,38.90,0.1945,true,1,149685
7290000072968,false,סיני מיניס 500 גרם,,,סיני מיניס 500 גרם,גרמים,500.00,100 גרם,false,,23.90,0.0478,true,1,140978
7290000073699,false,סלט חומוס סלטי צבר 1,,,סלט חומוס סלטי צבר 1,גרמים,150.00,100 גרם,false,,5.50,0.0367,true,1,144270
7290000073767,false,מנה חמה נודלס אטר.+י,,,מנה חמה נודלס אטר.+י,גרמים,70.00,100 גרם,false,,5.90,0.0843,true,1,140981
7290000073774,false,מנה חמה ירקות בטעם פ,,,מנה חמה ירקות בטעם פ,גרמים,70.00,100 גרם,false,,5.90,0.0843,true,1,140982
7290000074153,false,פתי בר שוקו אסם 500,,,פתי בר שוקו אסם 500,גרמים,500.00,100 גרם,false,,12.90,0.0258,true,1,140983
7290000074184,false,פתי בר קלאסי אסם 500,,,פתי בר קלאסי אסם 500,גרמים,500.00,100 גרם,false,,10.90,0.0218,true,1,140984
7290000074245,false,אסם קרם קרקר 250 גרם,,,אסם קרם קרקר 250 גרם,גרמים,250.00,100 גרם,false,,9.90,0.0396,true,1,140985
7290000074696,false,"אסם קרם קרקר 1 ק""ג",,,"אסם קרם קרקר 1 ק""ג",גרמים,1000.00,100 גרם,false,,24.90,0.0249,true,1,150741
7290000075693,false,הבית עוגת שמרים בריו,,,הבית עוגת שמרים בריו,גרמים,360.00,100 גרם,false,,16.90,0.0469,true,1,148553
7290000076126,false,אסם בייגלה שמיניות ק,,,אסם בייגלה שמיניות ק,גרמים,80.00,100 גרם,false,,3.10,0.0388,true,1,140990
7290000076133,false,בייגלה אסם שמיניה קט,,,בייגלה אסם שמיניה קט,גרמים,400.00,100 גרם,false,,9.90,0.0248,true,1,140991
7290000077017,false,אסם קרמוגית במילוי ש,,,אסם קרמוגית במילוי ש,גרמים,200.00,100 גרם,false,,10.90,0.0545,true,1,140993
7290000078762,false,חטיפי פריכונים אורז,,,חטיפי פריכונים אורז,גרמים,80.00,100 גרם,false,,8.20,0.1025,true,1,140997
7290000079233,false,אסם קרם קרקר דל נתרן,,,אסם קרם קרקר דל נתרן,גרמים,250.00,100 גרם,false,,10.90,0.0436,true,1,146258
7290000085180,false,גטניו פתי בר 470 גרם,,,גטניו פתי בר 470 גרם,גרמים,470.00,100 גרם,false,,10.90,0.0232,true,1,150535
7290000090016,false,בננה,,,בננה,קילוגרמים,1.00,"ק""ג",true,,8.70,8.7000,true,1,159870
7290000090021,false,עגבניה,,,עגבניה,קילוגרמים,1.00,"ק""ג",true,,5.90,5.9000,true,1,159864
7290000090023,false,עגבניה,5 יחידות,,עגבניה,קילוגרמים,1.00,"ק""ג",true,,7.70,7.7000,true,1,159865
7290000090030,false,מלפפון ירוק,6 יחידות,,מלפפון ירוק,קילוגרמים,1.00,"ק""ג",true,,7.70,7.7000,true,1,159882
7290000090047,false,לימון,5 יחידות,,לימון,קילוגרמים,1.00,"ק""ג",true,,8.70,8.7000,true,1,159871
7290000090054,false,אבוקדו,,,אבוקדו,קילוגרמים,1.00,"ק""ג",true,,10.70,10.7000,true,1,159883
7290000090078,false,תפוח עץ ירוק סמיט,,,תפוח עץ ירוק סמיט,קילוגרמים,1.00,"ק""ג",true,,10.90,10.9000,true,1,159884
7290000090085,false,תפוח עץ אדום חרמון,,,תפוח עץ אדום חרמון,קילוגרמים,1.00,"ק""ג",true,,9.90,9.9000,true,1,159885
7290000090108,false,פלפל אדום,5 יחידות,,פלפל אדום,קילוגרמים,1.00,"ק""ג",true,,10.70,10.7000,true,1,159872
7290000090115,false,קלמנטינה,,,קלמנטינה,קילוגרמים,1.00,"ק""ג",true,,6.90,6.9000,true,1,159886
7290000090122,false,אפרסמון,,,אפרסמון,קילוגרמים,1.00,"ק""ג",true,,12.90,12.9000,true,1,161681
7290000090139,false,תפוזים,3 יחידות,,תפוזים,קילוגרמים,1.00,"ק""ג",true,,5.90,5.9000,true,1,159887
7290000090146,false,תפוח פינק ליידי,,,תפוח פינק ליידי,קילוגרמים,1.00,"ק""ג",true,,15.90,15.9000,true,1,159888
7290000090153,false,בצל יבש לבן,4 יחידות,,בצל יבש לבן,קילוגרמים,1.00,"ק""ג",true,,4.70,4.7000,true,1,159873
7290000090160,false,בטטה,,,בטטה,קילוגרמים,1.00,"ק""ג",true,,7.70,7.7000,true,1,159889
7290000090177,false,אגס ירוק,5 יחידות,,אגס ירוק,קילוגרמים,1.00,"ק""ג",true,,8.70,8.7000,true,1,159890
7290000090184,false,תפוח עץ מוזהב,,,תפוח עץ מוזהב,קילוגרמים,1.00,"ק""ג",true,,9.90,9.9000,true,1,159891
7290000090191,false,פלפל צהוב,5 יחידות,,פלפל צהוב,קילוגרמים,1.00,"ק""ג",true,,10.70,10.7000,true,1,159892
7290000090207,false,שזיף אדום,,,שזיף אדום,קילוגרמים,1.00,"ק""ג",true,,16.70,16.7000,true,1,159893
7290000090214,false,בצל אדום,4 יחידות,,בצל אדום,קילוגרמים,1.00,"ק""ג",true,,6.70,6.7000,true,1,159894
7290000090221,false,רימון,,,רימון,קילוגרמים,1.00,"ק""ג",true,,8.70,8.7000,true,1,159895
7290000090245,false,חציל,,,חציל,קילוגרמים,1.00,"ק""ג",true,,7.90,7.9000,true,1,159874
7290000090252,false,כרוב לבן שלם,1 יחידה,,כרוב לבן שלם,קילוגרמים,1.00,"ק""ג",true,,5.70,5.7000,true,1,159875
7290000090276,false,קיווי,,,קיווי,קילוגרמים,1.00,"ק""ג",true,,16.90,16.9000,true,1,159898
7290000090306,false,פומלה,,,פומלה,קילוגרמים,1.00,"ק""ג",true,,8.90,8.9000,true,1,159899
7290000090313,false,פלפל ירוק,5 יחידות,,פלפל ירוק,קילוגרמים,1.00,"ק""ג",true,,9.70,9.7000,true,1,159900
7290000090337,false,כרוב אדום שלם,,,כרוב אדום שלם,קילוגרמים,1.00,"ק""ג",true,,5.70,5.7000,true,1,159901
7290000090344,false,קולורבי,,,קולורבי,קילוגרמים,1.00,"ק""ג",true,,8.90,8.9000,true,1,159902
7290000090399,false,פומלית,,,פומלית,קילוגרמים,1.00,"ק""ג",true,,6.70,6.7000,true,1,159906
7290000090405,false,שומר,,,שומר,קילוגרמים,1.00,"ק""ג",true,,8.90,8.9000,true,1,159907
7290000090467,false,קישוא,5 יחידות,,קישוא,קילוגרמים,1.00,"ק""ג",true,,8.90,8.9000,true,1,159877
7290000090481,false,"תפו""ע לוליפופ",,,"תפו""ע לוליפופ",קילוגרמים,1.00,"ק""ג",true,,15.90,15.9000,true,1,162409
7290000090511,false,"תפו""א לבן תפזורת",,,"תפו""א לבן תפזורת",קילוגרמים,1.00,"ק""ג",true,,4.90,4.9000,true,1,159911
7290000090528,false,"תפו""א אדום תפזורת",,,"תפו""א אדום תפזורת",קילוגרמים,1.00,"ק""ג",true,,5.90,5.9000,true,1,159912
7290000090535,false,"תפו""ע לוליפופ",,,"תפו""ע לוליפופ",קילוגרמים,1.00,"ק""ג",true,,15.90,15.9000,true,1,159913
7290000090542,false,פלפל חריף,,,פלפל חריף,קילוגרמים,1.00,"ק""ג",true,,10.90,10.9000,true,1,159914
7290000090566,false,סלק אדום תפזורת,,,סלק אדום תפזורת,קילוגרמים,1.00,"ק""ג",true,,4.90,4.9000,true,1,159878
7290000090597,false,חסה ערבית יחידה,,,חסה ערבית יחידה,פריט,1.00,"ק""ג",false,,4.90,4.9000,true,1,159917
7290000090610,false,גזר ארוז,,,גזר ארוז,קילוגרמים,1.00,"ק""ג",true,,4.90,4.9000,true,1,159879
7290000090634,false,כרובית,,,כרובית,יח',1.00,יח',false,,9.90,9.9000,true,1,159918
7290000090740,false,ענב אדום,,,ענב אדום,קילוגרמים,1.00,"ק""ג",true,,24.90,24.9000,true,1,159927
7290000090757,false,תירס מתוק,,,תירס מתוק,קילוגרמים,1.00,"ק""ג",true,,8.70,8.7000,true,1,159880
7290000090801,false,ענב ירוק שקיל,,,ענב ירוק שקיל,קילוגרמים,1.00,"ק""ג",true,,24.90,24.9000,true,1,159932
7290000090863,false,מנגו,,,מנגו,קילוגרמים,1.00,"ק""ג",true,,10.70,10.7000,true,1,160205
7290000090962,false,ענבים שחורים,,,ענבים שחורים,קילוגרמים,1.00,"ק""ג",true,,19.90,19.9000,true,1,160979
7290000091044,false,תפוח עץ גלה,,,תפוח עץ גלה,קילוגרמים,1.00,"ק""ג",true,,9.90,9.9000,true,1,159939
7290000091129,false,תפוז ברשת,,,תפוז ברשת,קילוגרמים,1.00,"ק""ג",true,,4.90,4.9000,true,1,159944
7290000091150,false,"תפו""א לבן ארוז",,,"תפו""א לבן ארוז",קילוגרמים,1.00,"ק""ג",true,,5.90,5.9000,true,1,159946
7290000091242,false,שום ארוז יבוא,,,שום ארוז יבוא,Unknown,1.00,יחידה,false,,7.90,7.9000,true,1,159949
7290000091365,false,בצל שאלוט,,,בצל שאלוט,פריט,1.00,"ק""ג",false,,11.90,11.9000,true,1,159956
7290000091433,false,אפרסמון קרמבו,,,אפרסמון קרמבו,קילוגרמים,1.00,"ק""ג",true,,12.90,12.9000,true,1,161683
7290000101934,false,תערובת פירות יער 100,,,תערובת פירות יער 100,גרמים,300.00,100 גרם,false,,14.90,0.0497,true,1,146581
7290000104201,false,אפונה עדינה סנפרוסט,,,אפונה עדינה סנפרוסט,גרמים,600.00,100 גרם,false,,17.90,0.0298,true,1,141848
7290000104713,false,תרד סנפרוסט 800 גרם,,,תרד סנפרוסט 800 גרם,גרמים,800.00,100 גרם,false,,23.90,0.0299,true,1,141854
7290000104799,false,שעועית לבנה מבושלת ס,,,שעועית לבנה מבושלת ס,גרמים,800.00,100 גרם,false,,19.90,0.0249,true,1,141858
7290000104805,false,גרגרי חומוס מבושל סנ,,,גרגרי חומוס מבושל סנ,גרמים,800.00,100 גרם,false,,19.90,0.0249,true,1,140311
7290000104805,false,גרגרי חומוס מבושל סנ,,,גרגרי חומוס מבושל סנ,גרמים,800.00,100 גרם,false,,19.90,0.0249,true,1,147231
7290000104829,false,קלחוני תירס סנפרוסט,,,קלחוני תירס סנפרוסט,גרמים,1000.00,100 גרם,false,,19.90,0.0199,true,1,152728
7290000104836,false,שעועית עדינה שלמה סנ,,,שעועית עדינה שלמה סנ,גרמים,600.00,100 גרם,false,,21.90,0.0365,true,1,141859
7290000104911,false,לקט נורמנדי סנפרוסט,,,לקט נורמנדי סנפרוסט,גרמים,800.00,100 גרם,false,,22.90,0.0286,true,1,141861
7290000107295,false,תפרחות ברוקולי סנפרו,,,תפרחות ברוקולי סנפרו,גרמים,800.00,100 גרם,false,,24.90,0.0311,true,1,139240
7290000111063,false,מיונז אמיתי תלמה 250,,,מיונז אמיתי תלמה 250,גרמים,250.00,100 גרם,false,,6.90,0.0276,true,1,143205
7290000111186,false,מיונז אמיתי תלמה 500,,,מיונז אמיתי תלמה 500,גרמים,500.00,100 גרם,false,,9.90,0.0198,true,1,141666
7290000111360,false,חרדל תלמה 250 גרם,,,חרדל תלמה 250 גרם,גרמים,250.00,100 גרם,false,,6.90,0.0276,true,1,138873
7290000112220,false,טחינה גולמית 100% בא,,,טחינה גולמית 100% בא,גרמים,500.00,100 גרם,false,,13.90,0.0278,true,1,147395
7290000112497,false,מרק עשיר עוף עם איטר,,,מרק עשיר עוף עם איטר,גרמים,68.00,100 גרם,false,,11.90,0.1750,true,1,146642
7290000112619,false,קנור מרק עוף אמיתי 4,,,קנור מרק עוף אמיתי 4,גרמים,400.00,100 גרם,false,,19.90,0.0497,true,1,141667
7290000116884,false,רוטב ברביקיו פרווה ק,,,רוטב ברביקיו פרווה ק,גרמים,350.00,100 גרם,false,,10.90,0.0311,true,1,146643
7290000116921,false,רוטב צ'ילי מתוק פרוו,,,רוטב צ'ילי מתוק פרוו,מיליליטרים,300.00,"100 מ""ל",false,,10.90,0.0363,true,1,144816
7290000116945,false,רוטב סויה קלאסי פרוו,,,רוטב סויה קלאסי פרוו,גרמים,350.00,100 גרם,false,,10.90,0.0311,true,1,141668
7290000117720,false,נמס בכוס מרק פטריות,,,נמס בכוס מרק פטריות,גרמים,41.00,100 גרם,false,,6.90,0.1683,true,1,141672
7290000118277,false,קניידלך כופתאות מצה,,,קניידלך כופתאות מצה,גרמים,130.00,100 גרם,false,,10.90,0.0838,true,1,138875
7290000120836,false,מיונז הלמנס אמיתי צנ,,,מיונז הלמנס אמיתי צנ,גרמים,394.00,100 גרם,false,,10.90,0.0277,true,1,141676
7290000120874,false,מיונז הלמנס מופחת קל,,,מיונז הלמנס מופחת קל,גרמים,424.00,100 גרם,false,,10.90,0.0257,true,1,141677
7290000129457,false,קנור רוטב פטריות באב,,,קנור רוטב פטריות באב,גרמים,28.00,100 גרם,false,,3.90,0.1393,true,1,148002
7290000135052,false,משקה אנרגיה מוגז בטע,,,משקה אנרגיה מוגז בטע,מיליליטרים,250.00,"100 מ""ל",false,,4.80,0.0192,true,1,150520
7290000135113,false,פחית XL TEN נענע-ליי,,,פחית XL TEN נענע-ליי,מיליליטרים,250.00,"100 מ""ל",false,,4.80,0.0192,true,1,152060
7290000136189,false,דיאט סבן אפ 1.5 ליטר,,,דיאט סבן אפ 1.5 ליטר,מיליליטרים,1500.00,"100 מ""ל",false,,7.20,0.0048,true,1,162362
7290000136691,false,שישיית סבן אפ 1.5 לי,,,שישיית סבן אפ 1.5 לי,מיליליטרים,9000.00,"100 מ""ל",false,,40.70,0.0045,true,1,162374
7290000136776,false,שישיית פפסי מקס 1.5,,,שישיית פפסי מקס 1.5,מיליליטרים,9000.00,"100 מ""ל",false,,40.50,0.0045,true,1,162377
7290000136844,false,שישיית אקווה נובה 2,,,שישיית אקווה נובה 2,מיליליטרים,1200.00,"100 מ""ל",false,,13.70,0.0114,true,1,162380
7290000136936,false,דיאט סבן אפ 1.5 ליטר,,,דיאט סבן אפ 1.5 ליטר,מיליליטרים,1500.00,"100 מ""ל",false,,7.20,0.0048,true,1,163088
7290000137513,false,קרמיסימו גלידונית ונ,,,קרמיסימו גלידונית ונ,Unknown,60.00,יחידה,false,,43.90,0.7317,true,1,151483
7290000137643,false,מאגדת טעמקור שוקו ונ,,,מאגדת טעמקור שוקו ונ,Unknown,8.00,יחידה,false,,33.90,4.2375,true,1,151484
7290000144160,false,שמן זית ארומטי עץ הז,,,שמן זית ארומטי עץ הז,מיליליטרים,750.00,"100 מ""ל",false,,33.90,0.0452,true,1,142721
7290000144474,false,שמן קנולה בריאות עץ,,,שמן קנולה בריאות עץ,מיליליטרים,1000.00,"100 מ""ל",false,,15.90,0.0159,true,1,151889
7290000152288,false,נקניקיות עוף 400 ג',,,נקניקיות עוף 400 ג',גרמים,400.00,100 גרם,false,,14.90,0.0373,true,1,144283
7290000158105,false,שניצל עוף מיני דינוז,,,שניצל עוף מיני דינוז,גרמים,700.00,100 גרם,false,,34.90,0.0499,true,1,150746
7290000168173,false,ברנפלקס קרנצ'ים תלמה,,,ברנפלקס קרנצ'ים תלמה,גרמים,375.00,100 גרם,false,,20.80,0.0555,true,1,145535
7290000169538,false,נמס בכוס מרק עגבניות,,,נמס בכוס מרק עגבניות,גרמים,62.00,100 גרם,false,,6.90,0.1113,true,1,138879
7290000169798,false,עוגי תלמה 500 גרם,,,עוגי תלמה 500 גרם,גרמים,500.00,100 גרם,false,,19.90,0.0398,true,1,138880
7290000174723,false,שוקולית קופסא עלית 5,,,שוקולית קופסא עלית 5,גרמים,500.00,100 גרם,false,,11.90,0.0238,true,1,141358
7290000176079,false,קפה טורקי עם הל 100,,,קפה טורקי עם הל 100,גרמים,100.00,100 גרם,false,,8.90,0.0890,true,1,141359
7290000176420,false,קפה נמס עלית 200 גרם,,,קפה נמס עלית 200 גרם,גרמים,200.00,100 גרם,false,,19.90,0.0995,true,1,141363
7290000176468,false,קפה נמס נטול האג עלי,,,קפה נמס נטול האג עלי,גרמים,50.00,100 גרם,false,,10.90,0.2180,true,1,141364
7290000178707,false,תפוציפס טבעי 50 גרם,,,תפוציפס טבעי 50 גרם,גרמים,50.00,100 גרם,false,,4.00,0.0800,true,1,141635
7290000178721,false,תפוציפס 200 גרם,,,תפוציפס 200 גרם,גרמים,200.00,100 גרם,false,,10.90,0.0545,true,1,141636
7290000197319,true,רדיד אלומיניום בודד,,,", ,       ,0",מטרים,0.00,"00000מטר,1,000000000",false,,5.00,0.0000,true,1,138473
7290000197449,true,סנדויצ'ון 100 יחידות,,,", ,       ,0","000יחידה,1,000000000",0.00,"000יחידה,1,000000000",false,,5.00,0.0000,true,1,138474
7290000199573,true,שקיות אשפה ניקול 17,,,", ,       ,0","000יחידה,1,000000000",0.00,"000יחידה,1,000000000",false,,5.00,0.0000,true,1,138475
7290000207162,false,רוטב עגבניות יכין 22,,,רוטב עגבניות יכין 22,גרמים,100.00,100 גרם,false,,2.50,0.0250,true,1,142812
7290000208312,false,גרעיני תירס מתוק יכי,,,גרעיני תירס מתוק יכי,גרמים,245.00,100 גרם,false,,6.90,0.0282,true,1,152561
7290000208329,false,גרעיני תירס מתוק יכי,,,גרעיני תירס מתוק יכי,גרמים,335.00,100 גרם,false,,8.50,0.0254,true,1,152562
7290000208336,false,יכין רוטב עגבניות 26,,,יכין רוטב עגבניות 26,גרמים,260.00,100 גרם,false,,4.50,0.0173,true,1,152563
7290000208428,false,חומוס שלם יכין 550 ג,,,חומוס שלם יכין 550 ג,גרמים,550.00,100 גרם,false,,8.90,0.0162,true,1,142766
7290000208893,false,גרעיני תירס לייט יכי,,,גרעיני תירס לייט יכי,גרמים,246.00,100 גרם,false,,6.90,0.0280,true,1,152564
7290000208947,false,עגבניות מרוסקות יכין,,,עגבניות מרוסקות יכין,גרמים,260.00,100 גרם,false,,6.50,0.0250,true,1,152873
7290000209012,false,חומץ 5% יכין 1 ליטר,,,חומץ 5% יכין 1 ליטר,מיליליטרים,1000.00,"100 מ""ל",false,,5.90,0.0059,true,1,152566
7290000209371,false,גרעיני תירס מתוק יכי,,,גרעיני תירס מתוק יכי,גרמים,420.00,100 גרם,false,,14.90,0.0355,true,1,152568
7290000209722,false,רוטב עגבניות פריכוז,,,רוטב עגבניות פריכוז,גרמים,580.00,100 גרם,false,,10.90,0.0188,true,1,152571
7290000209944,false,רוטב עגבניות לשקשוקה,,,רוטב עגבניות לשקשוקה,גרמים,260.00,100 גרם,false,,6.50,0.0250,true,1,152572
7290000209951,false,רוטב עגבניות לפיצה י,,,רוטב עגבניות לפיצה י,גרמים,260.00,100 גרם,false,,6.50,0.0250,true,1,152573
7290000211169,false,אורז תאילנדי סוגת 1,,,אורז תאילנדי סוגת 1,גרמים,1000.00,100 גרם,false,,6.90,0.0069,true,1,138108
7290000211442,false,אורז פרסי קלאסי סוגת,,,אורז פרסי קלאסי סוגת,גרמים,1000.00,100 גרם,false,,10.90,0.0109,true,1,146849
7290000211503,false,"סוכר לבן נייר 1 ק""ג",,,"סוכר לבן נייר 1 ק""ג",גרמים,1000.00,100 גרם,false,,4.50,0.0045,true,1,141288
7290000229123,false,פסטרמה הודו על גחלים,,,פסטרמה הודו על גחלים,גרמים,400.00,100 גרם,false,,27.90,0.0697,true,1,147770
7290000229147,false,סלמי בסגנון איטלקי 3,,,סלמי בסגנון איטלקי 3,גרמים,300.00,100 גרם,false,,26.90,0.0897,true,1,147771
7290000238029,false,בצק עלים צרפתי מרודד,,,בצק עלים צרפתי מרודד,גרמים,1000.00,100 גרם,false,,21.90,0.0219,true,1,141864
7290000238036,false,מלאווח מעדנות 700 גר,,,מלאווח מעדנות 700 גר,גרמים,700.00,100 גרם,false,,16.90,0.0241,true,1,141865
7290000238173,false,בורקס גבינה מעדנות 8,,,בורקס גבינה מעדנות 8,גרמים,800.00,100 גרם,false,,19.90,0.0249,true,1,144660
7290000238180,false,בורקס תפוחי אדמה מעד,,,בורקס תפוחי אדמה מעד,גרמים,800.00,100 גרם,false,,18.90,0.0236,true,1,141866
7290000253220,false,שוקולד צ'יפס חום 260,,,שוקולד צ'יפס חום 260,גרמים,260.00,100 גרם,false,,11.90,0.0458,true,1,142152
7290000253251,false,שוקולד צ'יפס לבן 250,,,שוקולד צ'יפס לבן 250,גרמים,250.00,100 גרם,false,,11.90,0.0476,true,1,142153
7290000256511,true,וופל בטעם שוקולד 200,,,", ,       ,0",ליטרים,0.00,ליטר,false,,5.00,0.0000,true,1,139987
7290000262031,false,נייר טואלט דו שכבתי,,,נייר טואלט דו שכבתי,Unknown,32.00,יחידה,false,,29.90,0.9344,true,1,143251
7290000272696,false,מיץ לימון משומר מרכז,,,מיץ לימון משומר מרכז,מיליליטרים,1000.00,"100 מ""ל",false,,9.90,0.0099,true,1,143197
7290000272726,false,חומץ טבעי 5% עסיס 1,,,חומץ טבעי 5% עסיס 1,מיליליטרים,1000.00,"100 מ""ל",false,,6.90,0.0069,true,1,141003
7290000281382,false,מעדניה - נתחי פילה ס,,,מעדניה - נתחי פילה ס,קילוגרמים,1.00,"ק""ג",true,,89.90,89.9000,true,1,161648
7290000284316,false,קוקה קולה 1.5 ליטר,,,קוקה קולה 1.5 ליטר,מיליליטרים,1500.00,"100 מ""ל",false,,9.10,0.0061,true,1,140787
7290000284361,false,דיאט קוקה קולה 1.5 ל,,,דיאט קוקה קולה 1.5 ל,מיליליטרים,1500.00,"100 מ""ל",false,,8.80,0.0059,true,1,140789
7290000287102,false,"שמפו שטיחים 600 מ""ל",,,"שמפו שטיחים 600 מ""ל",מיליליטרים,600.00,"100 מ""ל",false,,20.90,0.0348,true,1,149069
7290000287195,false,סנו רהיט אירוסול 300,,,סנו רהיט אירוסול 300,מיליליטרים,300.00,"100 מ""ל",false,,13.90,0.0463,true,1,149070
7290000288017,false,סנו זאוול אוקונומיקה,,,סנו זאוול אוקונומיקה,מיליליטרים,1000.00,"100 מ""ל",false,,8.90,0.0089,true,1,149073
7290000288017,false,סנו זאוול אוקונומיקה,,,סנו זאוול אוקונומיקה,מיליליטרים,1000.00,"100 מ""ל",false,,8.90,0.0089,true,1,151225
7290000288024,false,אקונומיקה בריח לימון,,,אקונומיקה בריח לימון,מיליליטרים,4000.00,"100 מ""ל",false,,17.90,0.0045,true,1,146993
7290000288048,false,מרסס לבנדר JAVEL 1 ל,,,מרסס לבנדר JAVEL 1 ל,מיליליטרים,750.00,"100 מ""ל",false,,18.90,0.0252,true,1,146986
7290000288642,false,מרכך כביסה מקסימה 4,,,מרכך כביסה מקסימה 4,מיליליטרים,4000.00,"100 מ""ל",false,,21.90,0.0055,true,1,146982
7290000289069,false,מרסס לימון JAVEL 1 ל,,,מרסס לימון JAVEL 1 ל,מיליליטרים,1000.00,"100 מ""ל",false,,18.90,0.0189,true,1,146124
7290000289748,false,מסיר שומנים פורטה פל,,,מסיר שומנים פורטה פל,מיליליטרים,750.00,"100 מ""ל",false,,14.90,0.0199,true,1,146125
7290000291956,false,סנו זאוול אוקונומיקה,,,סנו זאוול אוקונומיקה,מיליליטרים,1000.00,"100 מ""ל",false,,8.90,0.0089,true,1,149077
7290000292687,false,סנובון כחול לניקוי ה,,,סנובון כחול לניקוי ה,גרמים,165.00,100 גרם,false,,16.90,0.1024,true,1,143508
7290000295336,false,מקסימה אבקת כביסה 1.,,,מקסימה אבקת כביסה 1.,גרמים,1250.00,100 גרם,false,,14.90,0.0119,true,1,142814
7290000295558,false,צמד רדיד אלומיניום,,,צמד רדיד אלומיניום,Unknown,2.00,יחידה,false,,10.90,5.4500,true,1,149081
7290000300900,false,שניצל תירס הסדרה הקל,,,שניצל תירס הסדרה הקל,גרמים,750.00,100 גרם,false,,27.90,0.0372,true,1,137034
7290000311203,false,וופלים בטעם שוקולד מ,,,וופלים בטעם שוקולד מ,גרמים,200.00,100 גרם,false,,5.50,0.0275,true,1,150724
7290000311210,false,ופל לימון מן 200 גרם,,,ופל לימון מן 200 גרם,גרמים,200.00,100 גרם,false,,5.50,0.0275,true,1,150725
7290000311227,false,וופלים עם קפה מן 200,,,וופלים עם קפה מן 200,גרמים,200.00,100 גרם,false,,5.50,0.0275,true,1,152868
7290000311470,false,מיני וופלים בטעם שוק,,,מיני וופלים בטעם שוק,גרמים,200.00,100 גרם,false,,12.90,0.0645,true,1,165577
7290000313184,false,עוגיות גן חיות בטעם,,,עוגיות גן חיות בטעם,גרמים,250.00,100 גרם,false,,7.90,0.0316,true,1,141009
7290000313290,false,נודלס אטריות מסולסלו,,,נודלס אטריות מסולסלו,גרמים,200.00,100 גרם,false,,9.90,0.0495,true,1,141010
7290000318677,false,סלמי סרוולט בפריסה ד,,,סלמי סרוולט בפריסה ד,גרמים,150.00,100 גרם,false,,24.90,0.1660,true,1,142493
7290000339191,false,אבקת הלבנה רן 350 גר,,,אבקת הלבנה רן 350 גר,גרמים,350.00,100 גרם,false,,17.90,0.0511,true,1,152212
7290000339566,false,בדין מרכך כביסה ורוד,,,בדין מרכך כביסה ורוד,קילוגרמים,4.00,ליטר,false,,19.90,4.9750,true,1,141691
7290000341071,false,מרכך כביסה בייבי בדי,,,מרכך כביסה בייבי בדי,מיליליטרים,2000.00,"100 מ""ל",false,,16.90,0.0084,true,1,146650
7290000345284,false,תה קלאסי טעם עשיר וי,,,תה קלאסי טעם עשיר וי,Unknown,100.00,יחידה,false,,16.90,0.1690,true,1,141148
7290000346205,false,חליטת גן קסום קמומיל,,,חליטת גן קסום קמומיל,Unknown,25.00,יחידה,false,,17.90,0.7160,true,1,141153
7290000347738,false,תה ירוק נענע ויסוצקי,,,תה ירוק נענע ויסוצקי,Unknown,25.00,יחידה,false,,24.90,0.9960,true,1,141155
7290000347752,false,תה ירוק לימונית ולוא,,,תה ירוק לימונית ולוא,Unknown,25.00,יחידה,false,,24.90,0.9960,true,1,141156
7290000364131,false,סלמי פריזר כפרי טירת,,,סלמי פריזר כפרי טירת,גרמים,400.00,100 גרם,false,,13.90,0.0348,true,1,152730
7290000364261,false,דקניקים פסטרמה כתף ב,,,דקניקים פסטרמה כתף ב,גרמים,120.00,100 גרם,false,,14.90,0.1242,true,1,147775
7290000364285,false,דקניקים פסטרמה הודו,,,דקניקים פסטרמה הודו,גרמים,120.00,100 גרם,false,,14.90,0.1242,true,1,147777
7290000364292,false,דקניקים פסטרמה הודו,,,דקניקים פסטרמה הודו,גרמים,120.00,100 גרם,false,,14.90,0.1242,true,1,147774
7290000364872,false,נקניקיות עוף 400 גרם,,,נקניקיות עוף 400 גרם,גרמים,400.00,100 גרם,false,,11.90,0.0298,true,1,140317
7290000379258,false,חלה קונדיטוריה ארוזה,,,חלה קונדיטוריה ארוזה,גרמים,500.00,100 גרם,false,,13.80,0.0276,true,1,153609
7290000391400,false,עוף מוכשר מצונן,,,עוף מוכשר מצונן,קילוגרמים,1.00,"ק""ג",true,,25.90,25.9000,true,1,159008
7290000391401,false,שוקיים עוף תפ. מצונן,,,שוקיים עוף תפ. מצונן,קילוגרמים,1.00,"ק""ג",true,,37.90,37.9000,true,1,159009
7290000391402,false,חזה עוף תפ.מצונן,,,חזה עוף תפ.מצונן,קילוגרמים,1.00,"ק""ג",true,,39.90,39.9000,true,1,159010
7290000391403,false,כרעיים עוף תפ.מצונן,,,כרעיים עוף תפ.מצונן,קילוגרמים,1.00,"ק""ג",true,,36.90,36.9000,true,1,159011
7290000391404,false,כנפיים עוף תפ. מצונ,,,כנפיים עוף תפ. מצונ,קילוגרמים,1.00,"ק""ג",true,,14.90,14.9000,true,1,159012
7290000391405,false,פרגיות ש. עוף תפ. מצ,,,פרגיות ש. עוף תפ. מצ,קילוגרמים,1.00,"ק""ג",true,,79.90,79.9000,true,1,159013
7290000391406,false,כבד עוף מצונן לצליה,,,כבד עוף מצונן לצליה,קילוגרמים,1.00,"ק""ג",true,,29.90,29.9000,true,1,159014
7290000391407,false,לב עוף מצונן לצליה ב,,,לב עוף מצונן לצליה ב,קילוגרמים,1.00,"ק""ג",true,,36.90,36.9000,true,1,159015
7290000391414,false,פילה עוף תפ. מצונן,,,פילה עוף תפ. מצונן,קילוגרמים,1.00,"ק""ג",true,,45.90,45.9000,true,1,159017
7290000391424,false,גרון הודו נ. תפ. מצו,,,גרון הודו נ. תפ. מצו,קילוגרמים,1.00,"ק""ג",true,,28.90,28.9000,true,1,159024
7290000391427,false,שווארמה ה.נקבה מצונן,,,שווארמה ה.נקבה מצונן,קילוגרמים,1.00,"ק""ג",true,,89.90,89.9000,true,1,159026
7290000391435,false,חזה עוף חצוי בלי פיל,,,חזה עוף חצוי בלי פיל,קילוגרמים,1.00,"ק""ג",true,,45.90,45.9000,true,1,159030
7290000400313,false,אסאדו,,,אסאדו,קילוגרמים,1.00,"ק""ג",true,,64.80,64.8000,true,1,140663
7290000400326,false,טחון טרי,,,טחון טרי,קילוגרמים,1.00,"ק""ג",true,,74.90,74.9000,true,1,161040
7290000400413,false,שריר בשר,,,שריר בשר,קילוגרמים,1.00,"ק""ג",true,,84.90,84.9000,true,1,144361
7290000408316,false,יוגורט דנונה ביו 3%,,,יוגורט דנונה ביו 3%,גרמים,200.00,100 גרם,false,,3.70,0.0185,true,1,141373
7290000408354,false,דנונה בר פצפוצים 173,,,דנונה בר פצפוצים 173,גרמים,173.00,100 גרם,false,,4.60,0.0266,true,1,138698
7290000412481,false,"סנו מנקה אסלות ""00""",,,"סנו מנקה אסלות ""00""",מיליליטרים,1000.00,"100 מ""ל",false,,8.90,0.0089,true,1,140689
7290000412481,false,"סנו מנקה אסלות ""00""",,,"סנו מנקה אסלות ""00""",מיליליטרים,1000.00,"100 מ""ל",false,,8.90,0.0089,true,1,146126
7290000416021,false,ממרח שוקולד השחר 500,,,ממרח שוקולד השחר 500,גרמים,500.00,100 גרם,false,,13.90,0.0278,true,1,147368
7290000416076,false,השחר - צימקאו ווק 40,,,השחר - צימקאו ווק 40,גרמים,400.00,100 גרם,false,,13.90,0.0348,true,1,158216
7290000416618,false,שוקולד השחר פרווה 40,,,שוקולד השחר פרווה 40,גרמים,400.00,100 גרם,false,,12.90,0.0323,true,1,143005
7290000419107,false,קפה שחור לנדוור המקו,,,קפה שחור לנדוור המקו,גרמים,100.00,100 גרם,false,,8.90,0.0890,true,1,141013
7290000420325,false,פופקורן טבעי למיקרוג,,,פופקורן טבעי למיקרוג,Unknown,5.00,יחידה,false,,13.90,2.7800,true,1,142155
7290000420332,false,פופקורן חמאה למיקרוג,,,פופקורן חמאה למיקרוג,Unknown,5.00,יחידה,false,,13.90,2.7800,true,1,142156
7290000420417,false,שקיות אשפה עם שרוך 5,,,שקיות אשפה עם שרוך 5,Unknown,60.00,יחידה,false,,19.90,0.3317,true,1,156772
7290000453125,false,שימרית שמרים טרי שקי,,,שימרית שמרים טרי שקי,גרמים,100.00,100 גרם,false,,7.80,0.0780,true,1,148106
7290000453385,false,שמרים יבשים- פאקא 50,,,שמרים יבשים- פאקא 50,גרמים,500.00,100 גרם,false,,13.90,0.0278,true,1,147951
7290000453408,false,בצק פיצה דק מצונן ומ,,,בצק פיצה דק מצונן ומ,גרמים,415.00,100 גרם,false,,15.90,0.0383,true,1,157833
7290000453415,false,בצק עלים מצונן ומוכן,,,בצק עלים מצונן ומוכן,גרמים,300.00,100 גרם,false,,15.90,0.0530,true,1,157832
7290000453798,false,שמרים יבשים אקטיבים,,,שמרים יבשים אקטיבים,גרמים,500.00,100 גרם,false,,14.90,0.0298,true,1,147952
7290000453866,false,נטורינה קוקוס לאפייה,,,נטורינה קוקוס לאפייה,גרמים,200.00,100 גרם,false,,8.50,0.0425,true,1,148107
7290000453880,false,מרגרינה ללא מלח לאפי,,,מרגרינה ללא מלח לאפי,גרמים,200.00,100 גרם,false,,5.90,0.0295,true,1,148109
7290000461625,false,בייגלה שמיניות חטיף,,,בייגלה שמיניות חטיף,גרמים,400.00,100 גרם,false,,10.40,0.0260,true,1,146046
7290000467320,false,סלט חומוס אבו מרוואן,,,סלט חומוס אבו מרוואן,גרמים,400.00,100 גרם,false,,13.90,0.0348,true,1,141016
7290000467511,false,ביסלי ברביקיו 55 גרם,,,ביסלי ברביקיו 55 גרם,גרמים,55.00,100 גרם,false,,3.90,0.0709,true,1,137036
7290000467887,false,ביסלי פיצה 55 גרם,,,ביסלי פיצה 55 גרם,גרמים,55.00,100 גרם,false,,3.90,0.0709,true,1,141017
7290000468747,false,ביסלי גריל 55 גרם,,,ביסלי גריל 55 גרם,גרמים,55.00,100 גרם,false,,3.90,0.0709,true,1,137037
7290000468877,false,ביסלי בצל 55 גרם,,,ביסלי בצל 55 גרם,גרמים,55.00,100 גרם,false,,3.90,0.0709,true,1,141018
7290000474090,false,חלב בקרטון 1% - 1 לי,,,חלב בקרטון 1% - 1 לי,מיליליטרים,1000.00,"100 מ""ל",false,,5.86,0.0059,true,1,143195
7290000474373,false,שמנת חמוצה לבישול וא,,,שמנת חמוצה לבישול וא,מיליליטרים,200.00,"100 מ""ל",false,,2.40,0.0120,true,1,157712
7290000480107,false,שיבולת שועל הולנדי ק,,,שיבולת שועל הולנדי ק,גרמים,500.00,100 גרם,false,,13.90,0.0278,true,1,141291
7290000480442,false,קוואקר שיבולת שועל ש,,,קוואקר שיבולת שועל ש,גרמים,500.00,100 גרם,false,,12.80,0.0256,true,1,141292
7290000482071,false,"שקיות צלייה 24*40 ס""",,,"שקיות צלייה 24*40 ס""",Unknown,20.00,יחידה,false,,18.90,0.9450,true,1,155708
7290000484747,false,"ערק עלית הארק 700 מ""",,,"ערק עלית הארק 700 מ""",מיליליטרים,700.00,"100 מ""ל",false,,59.90,0.0856,true,1,140749
7290000484747,false,"ערק עלית הארק 700 מ""",,,"ערק עלית הארק 700 מ""",מיליליטרים,700.00,"100 מ""ל",false,,59.90,0.0856,true,1,152033
7290000490601,false,גלידל וניל (8),,,גלידל וניל (8),גרמים,400.00,100 גרם,false,,29.90,0.0747,true,1,164797
7290000493183,false,אסם אבקת רוטב פטריות,,,אסם אבקת רוטב פטריות,גרמים,30.00,100 גרם,false,,4.00,0.1333,true,1,137038
7290000504025,false,סוכרזית קלאסי פטרייה,,,סוכרזית קלאסי פטרייה,Unknown,300.00,יחידה,false,,8.90,0.0297,true,1,141375
7290000504278,false,סוכרזית קלאסי פטנט 7,,,סוכרזית קלאסי פטנט 7,Unknown,700.00,יחידה,false,,14.90,0.0213,true,1,141377
7290000521008,false,יין אדום יבש יקבי סג,,,יין אדום יבש יקבי סג,מיליליטרים,750.00,"100 מ""ל",false,,21.90,0.0292,true,1,149702
7290000521015,false,יין לבן יבש יקבי סגל,,,יין לבן יבש יקבי סגל,מיליליטרים,750.00,"100 מ""ל",false,,21.90,0.0292,true,1,149703
7290000522296,true,"מחלבות רמה""ג שקית חל",,,", ,       ,0","00000000,0,000000000",0.00,"00000000,0,000000000",false,,2999.90,0.0000,true,1,138507
7290000522326,true,חלב קרטון 1% 1 ליטר,,,", ,       ,0",מיליליטרים,0.00,"00000מ""ל,1,000000000",false,,5.00,0.0000,true,1,138510
7290000522340,true,"שמנת 15% 250 מ""ל",,,", ,       ,0",מיליליטרים,0.00,"00000מ""ל,1,000000000",false,,5.00,0.0000,true,1,138512
7290000522418,true,"רוטב אלפרדו 250 מ""ל",,,", ,       ,0",מיליליטרים,0.00,"00000מ""ל,1,000000000",false,,10.90,0.0000,true,1,138514
7290000522999,true,חלב אורז 1 ליטר,,,", ,       ,0",מיליליטרים,0.00,"00000מ""ל,1,000000000",false,,5.85,0.0000,true,1,138518
7290000523125,false,מלח ים יבש מלח הארץ,,,מלח ים יבש מלח הארץ,גרמים,250.00,100 גרם,false,,5.90,0.0236,true,1,137121
7290000523125,false,מלח ים יבש מלח הארץ,,,מלח ים יבש מלח הארץ,גרמים,250.00,100 גרם,false,,5.90,0.0236,true,1,143954
7290000523224,false,מלח ים דק מלח הארץ 5,,,מלח ים דק מלח הארץ 5,גרמים,500.00,100 גרם,false,,7.90,0.0158,true,1,141158
7290000523514,false,מלח הארץ 50% מכמות ה,,,מלח הארץ 50% מכמות ה,גרמים,250.00,100 גרם,false,,10.50,0.0420,true,1,141159
7290000523804,false,מלח עדין צנצנת מלח ה,,,מלח עדין צנצנת מלח ה,גרמים,1000.00,100 גרם,false,,7.30,0.0073,true,1,155759
7290000525969,false,מיץ תפוזים סחוט פרי,,,מיץ תפוזים סחוט פרי,מיליליטרים,1000.00,"100 מ""ל",false,,16.20,0.0162,true,1,141378
7290000529912,true,תה ארל גריי 10 שקיקי,,,", ,       ,0","000יחידה,1,000000000",0.00,"000יחידה,1,000000000",false,,6.50,0.0000,true,1,138179
7290000529929,true,תה ירוק עם נענע 10 ש,,,", ,       ,0","000יחידה,1,000000000",0.00,"000יחידה,1,000000000",false,,6.50,0.0000,true,1,138180
7290000529950,true,חליטת קמומיל 10 שקיק,,,", ,       ,0","000יחידה,1,000000000",0.00,"000יחידה,1,000000000",false,,6.50,0.0000,true,1,138183
7290000530086,false,סלמי מעושן 7000 600,,,סלמי מעושן 7000 600,גרמים,600.00,100 גרם,false,,29.90,0.0498,true,1,153919
7290000530116,false,נקניק סלמי בשן 470 ג,,,נקניק סלמי בשן 470 ג,גרמים,470.00,100 גרם,false,,24.90,0.0530,true,1,161831
7290000530703,false,תה מעושן 400 גרם + פ,,,תה מעושן 400 גרם + פ,גרמים,800.00,100 גרם,false,,29.90,0.0374,true,1,146998
7290000537566,false,נקניקיות עוף זוגלובק,,,נקניקיות עוף זוגלובק,גרמים,400.00,100 גרם,false,,12.90,0.0323,true,1,147002
7290000538105,false,סרבלד 200 גרם,,,סרבלד 200 גרם,גרמים,200.00,100 גרם,false,,38.90,0.1945,true,1,155865
7290000552569,false,סטייק בורגר 400 גרם,,,סטייק בורגר 400 גרם,גרמים,400.00,100 גרם,false,,19.90,0.0497,true,1,147568
7290000554457,false,גבינה צפתית 5% גד 35,,,גבינה צפתית 5% גד 35,גרמים,350.00,100 גרם,false,,21.90,0.0626,true,1,147420
7290000554532,false,צפתית מעודנת 5% מחלב,,,צפתית מעודנת 5% מחלב,גרמים,200.00,100 גרם,false,,14.60,0.0730,true,1,139970
7290000554600,false,גבינת מוצרלה מגורדת,,,גבינת מוצרלה מגורדת,גרמים,300.00,100 גרם,false,,24.90,0.0830,true,1,147422
7290000554686,false,גבינת לאבנה בשמן זית,,,גבינת לאבנה בשמן זית,גרמים,250.00,100 גרם,false,,15.00,0.0600,true,1,139972
7290000554822,false,ריקוטה 5% 250 גרם,,,ריקוטה 5% 250 גרם,גרמים,250.00,100 גרם,false,,14.90,0.0596,true,1,139973
7290000571300,false,גאודה פרוסה מעושנת 2,,,גאודה פרוסה מעושנת 2,גרמים,200.00,100 גרם,false,,22.90,0.1145,true,1,143925
7290000571478,false,גבינת גאודה תום עיזי,,,גבינת גאודה תום עיזי,גרמים,200.00,100 גרם,false,,34.90,0.1745,true,1,143516
7290000572208,false,חלווה אחווה 100 גרם,,,חלווה אחווה 100 גרם,גרמים,100.00,100 גרם,false,,2.90,0.0290,true,1,139110
7290000604015,false,ביצים ענקיות XL תנוב,,,ביצים ענקיות XL תנוב,Unknown,12.00,יחידה,false,,13.10,1.0917,true,1,153421
7290000604015,false,ביצים ענקיות XL תנוב,,,ביצים ענקיות XL תנוב,Unknown,12.00,יחידה,false,,13.10,1.0917,true,1,153429
7290000604022,false,12 ביצים L גדול,,,12 ביצים L גדול,Unknown,12.00,יחידה,false,,12.05,1.0042,true,1,146040
7290000604022,false,12 ביצים L גדול,,,12 ביצים L גדול,Unknown,12.00,יחידה,false,,12.05,1.0042,true,1,153422
7290000644783,false,מנות סלמון בואקום,,,מנות סלמון בואקום,קילוגרמים,1.00,"ק""ג",true,,84.90,84.9000,true,1,141843
7290000654355,false,שקית גופיה רמי לוי ב,,,שקית גופיה רמי לוי ב,פריט,1.00,"ק""ג",false,,0.10,0.1000,true,1,156680
7290000679440,false,קמיל בלו משחה לתינוק,,,קמיל בלו משחה לתינוק,גרמים,100.00,100 גרם,false,,16.90,0.1690,true,1,147778
7290000688114,false,מי עדן 1.5 ליטר,,,מי עדן 1.5 ליטר,מיליליטרים,1500.00,"100 מ""ל",false,,3.20,0.0021,true,1,137764
7290000688381,false,מים מינרליים פקק ספו,,,מים מינרליים פקק ספו,מיליליטרים,3000.00,"100 מ""ל",false,,16.70,0.0056,true,1,137769
7290000688732,false,מים מינרליים מי עדן,,,מים מינרליים מי עדן,מיליליטרים,9000.00,"100 מ""ל",false,,14.70,0.0016,true,1,137770
7290000900566,false,פסטרמה ברביקיו דלת-ש,,,פסטרמה ברביקיו דלת-ש,גרמים,360.00,100 גרם,false,,25.90,0.0719,true,1,147773
7290000961804,false,דלעת חתוכה,,,דלעת חתוכה,קילוגרמים,1.00,"ק""ג",true,,9.80,9.8000,true,1,150367
7290000995410,false,נבטים סיניים נבטי הע,,,נבטים סיניים נבטי הע,Unknown,1.00,יחידה,false,,6.90,6.9000,true,1,150368
7290001045169,false,מיץ תפוחי עץ צלול 1,,,מיץ תפוחי עץ צלול 1,מיליליטרים,1000.00,"100 מ""ל",false,,16.20,0.0162,true,1,144478
7290001045688,false,משקה תפוזים פרימור 4,,,משקה תפוזים פרימור 4,מיליליטרים,400.00,"100 מ""ל",false,,10.20,0.0255,true,1,143203
7290001123775,false,שווארמה פרגיות 500 ג,,,שווארמה פרגיות 500 ג,גרמים,500.00,100 גרם,false,,24.90,0.0498,true,1,147569
7290001123782,false,שווארמה הודו 500 גרם,,,שווארמה הודו 500 גרם,גרמים,500.00,100 גרם,false,,29.90,0.0598,true,1,147570
7290001216231,false,טחינה אל ארז שומשום,,,טחינה אל ארז שומשום,גרמים,500.00,100 גרם,false,,17.20,0.0344,true,1,150906
7290001247099,false,קרטוניות ספרינג מנגו,,,קרטוניות ספרינג מנגו,מיליליטרים,1000.00,"100 מ""ל",false,,6.80,0.0068,true,1,137772
7290001247112,false,ספרינג קרטוניות לימו,,,ספרינג קרטוניות לימו,מיליליטרים,1000.00,"100 מ""ל",false,,6.80,0.0068,true,1,137773
7290001302279,false,במבה קלאסי 60 גרם,,,במבה קלאסי 60 גרם,גרמים,60.00,100 גרם,false,,4.30,0.0717,true,1,137039
7290001305188,false,נוזל לניקוי כלים 18%,,,נוזל לניקוי כלים 18%,מיליליטרים,750.00,"100 מ""ל",false,,11.90,0.0159,true,1,141242
7290001343845,false,"גרנולה פירות 1ק""ג",,,"גרנולה פירות 1ק""ג",פריט,1.00,"ק""ג",false,,19.90,19.9000,true,1,157141
7290001407769,false,בארכה טחינה 100% שומ,,,בארכה טחינה 100% שומ,גרמים,500.00,100 גרם,false,,14.90,0.0298,true,1,147767
7290001407936,false,בארכה טחינה מעודנת 3,,,בארכה טחינה מעודנת 3,גרמים,310.00,100 גרם,false,,12.90,0.0416,true,1,141021
7290001594155,false,"קוקה קולה 500 מ""ל",,,"קוקה קולה 500 מ""ל",מיליליטרים,500.00,"100 מ""ל",false,,6.50,0.0130,true,1,140796
7290001594230,false,"קינלי סודה 250 מ""ל",,,"קינלי סודה 250 מ""ל",מיליליטרים,250.00,"100 מ""ל",false,,3.90,0.0156,true,1,136927
7290001594575,false,בירה טובורג פחית 500,,,בירה טובורג פחית 500,מיליליטרים,500.00,"100 מ""ל",false,,9.10,0.0182,true,1,140801
7290001791349,false,אקונומיקה ריחנית פיס,,,אקונומיקה ריחנית פיס,מיליליטרים,4000.00,"100 מ""ל",false,,11.90,0.0030,true,1,147297
7290001873441,false,המבורגר בלק אנגוס 32,,,המבורגר בלק אנגוס 32,גרמים,320.00,100 גרם,false,,24.90,0.0778,true,1,164451
7290002007241,true,סודה לשתיה 50 גרם,,,", ,       ,0",גרמים,0.00,"00000גרם,1,000000000",false,,5.00,0.0000,true,1,143668
7290002019787,false,פריניר רוטב עגבניות,,,פריניר רוטב עגבניות,גרמים,260.00,100 גרם,false,,3.90,0.0150,true,1,146563
7290002019794,false,רסק עגבניות פריניר 1,,,רסק עגבניות פריניר 1,גרמים,100.00,100 גרם,false,,1.90,0.0190,true,1,147378
7290002043218,false,ציפס אורז חום מלא מל,,,ציפס אורז חום מלא מל,גרמים,60.00,100 גרם,false,,7.20,0.1200,true,1,157746
7290002057048,false,זית סורי מבוקע 540 ג,,,זית סורי מבוקע 540 ג,גרמים,540.00,100 גרם,false,,10.90,0.0202,true,1,147458
7290002057123,false,זית חרוזית ירוק 275,,,זית חרוזית ירוק 275,גרמים,275.00,100 גרם,false,,9.50,0.0345,true,1,147460
7290002057185,false,טבעות זיתים ירוקים ‏,,,טבעות זיתים ירוקים ‏,גרמים,275.00,100 גרם,false,,9.90,0.0360,true,1,147462
7290002057352,false,מלפפונים גדולים במלח,,,מלפפונים גדולים במלח,גרמים,320.00,100 גרם,false,,6.90,0.0216,true,1,139014
7290002057369,false,מלפפון קטן במלח 540,,,מלפפון קטן במלח 540,גרמים,540.00,100 גרם,false,,7.90,0.0146,true,1,144036
7290002057376,false,מלפפון קטן במלח 540,,,מלפפון קטן במלח 540,גרמים,540.00,100 גרם,false,,9.90,0.0183,true,1,151553
7290002057383,false,מלפפון קטן במלח 18-2,,,מלפפון קטן במלח 18-2,גרמים,540.00,100 גרם,false,,12.90,0.0239,true,1,147467
7290002057604,false,פלפל חריף שיפקה 225,,,פלפל חריף שיפקה 225,גרמים,225.00,100 גרם,false,,5.90,0.0262,true,1,139016
7290002065555,false,הלחמניה - לחמניות רכ,,,הלחמניה - לחמניות רכ,Unknown,6.00,יחידה,false,,11.90,1.9833,true,1,137268
7290002065555,false,הלחמניה - לחמניות רכ,,,הלחמניה - לחמניות רכ,Unknown,6.00,יחידה,false,,11.90,1.9833,true,1,152107
7290002079033,false,לחם דגנים לייט 500 ג,,,לחם דגנים לייט 500 ג,גרמים,500.00,100 גרם,false,,12.90,0.0258,true,1,143262
7290002079156,false,פיתות 5 יחידות דוידו,,,פיתות 5 יחידות דוידו,Unknown,5.00,יחידה,false,,9.90,1.9800,true,1,138192
7290002079217,false,מחמצת עם אגוזים שיפו,,,מחמצת עם אגוזים שיפו,גרמים,650.00,100 גרם,false,,13.90,0.0214,true,1,138193
7290002079316,false,חלה פרוסה 500 גרם,,,חלה פרוסה 500 גרם,גרמים,500.00,100 גרם,false,,9.90,0.0198,true,1,147370
7290002079361,false,מארז המבורגר 2+6 יחי,,,מארז המבורגר 2+6 יחי,Unknown,8.00,יחידה,false,,18.90,2.3625,true,1,148872
7290002079477,false,לחם אחיד פרוס 750 גר,,,לחם אחיד פרוס 750 גר,גרמים,750.00,100 גרם,false,,6.90,0.0092,true,1,138189
7290002079477,false,לחם אחיד פרוס 750 גר,,,לחם אחיד פרוס 750 גר,גרמים,750.00,100 גרם,false,,6.90,0.0092,true,1,151728
7290002079613,false,חלה מתוקה ארוזה דויד,,,חלה מתוקה ארוזה דויד,גרמים,500.00,100 גרם,false,,10.90,0.0218,true,1,138194
7290002079996,false,לחם אחיד קל פרוס 750,,,לחם אחיד קל פרוס 750,גרמים,750.00,100 גרם,false,,11.90,0.0159,true,1,143264
7290002129479,false,פיצה איטלקית דקה שלו,,,פיצה איטלקית דקה שלו,גרמים,320.00,100 גרם,false,,15.90,0.0497,true,1,147573
7290002130567,false,דבש טהור יד מרדכי 35,,,דבש טהור יד מרדכי 35,גרמים,350.00,100 גרם,false,,18.90,0.0540,true,1,141382
7290002130574,false,דבש טהור 500 גרם,,,דבש טהור 500 גרם,גרמים,500.00,100 גרם,false,,24.90,0.0498,true,1,147953
7290002132011,false,עוגיות מזרחיות עבאדי,,,עוגיות מזרחיות עבאדי,גרמים,400.00,100 גרם,false,,19.90,0.0497,true,1,141161
7290002157182,false,אבקת ג'לטין טהור נטו,,,אבקת ג'לטין טהור נטו,גרמים,28.00,100 גרם,false,,9.90,0.3536,true,1,153606
7290002253105,false,דורות קוביות שום טרי,,,דורות קוביות שום טרי,גרמים,80.00,100 גרם,false,,11.90,0.1488,true,1,137040
7290002253150,false,דורות בזיליקום קצוץ,,,דורות בזיליקום קצוץ,גרמים,70.00,100 גרם,false,,11.90,0.1700,true,1,143065
7290002263562,false,"מיץ לימון 200 מ""ל 10",,,"מיץ לימון 200 מ""ל 10",מיליליטרים,200.00,"100 מ""ל",false,,6.70,0.0335,true,1,152957
7290002277927,false,מעדניה - פילה אמנון,,,מעדניה - פילה אמנון,קילוגרמים,1.00,"ק""ג",true,,30.90,30.9000,true,1,155539
7290002278528,false,שבת כלין,,,שבת כלין,Unknown,2.00,יחידה,false,,8.60,4.3000,true,1,144634
7290002281382,false,מעדניה - נתחי פילה ס,,,מעדניה - נתחי פילה ס,קילוגרמים,1.00,"ק""ג",true,,89.90,89.9000,true,1,147578
7290002281382,false,מעדניה - נתחי פילה ס,,,מעדניה - נתחי פילה ס,קילוגרמים,1.00,"ק""ג",true,,89.90,89.9000,true,1,161649
7290002321750,false,מעדניה - פילה אמנון,,,מעדניה - פילה אמנון,קילוגרמים,1.00,"ק""ג",true,,30.90,30.9000,true,1,155540
7290002327028,false,ג'חנון שלושת האופים,,,ג'חנון שלושת האופים,גרמים,650.00,100 גרם,false,,19.90,0.0306,true,1,147579
7290002327059,false,בצק עלים מרודד שלושת,,,בצק עלים מרודד שלושת,גרמים,1000.00,100 גרם,false,,21.90,0.0219,true,1,149279
7290002331360,false,נביעות TOGO שישייה 5,,,נביעות TOGO שישייה 5,מיליליטרים,3000.00,"100 מ""ל",false,,14.90,0.0050,true,1,140814
7290002331421,false,נביעות מיניונים 755,,,נביעות מיניונים 755,Unknown,6.00,יחידה,false,,19.40,3.2333,true,1,140815
7290002331483,false,מים מינרלים נביעות 6,,,מים מינרלים נביעות 6,מיליליטרים,1920.00,"100 מ""ל",false,,15.70,0.0082,true,1,140816
7290002331490,false,נביעות 1 ליטר,,,נביעות 1 ליטר,מיליליטרים,1000.00,"100 מ""ל",false,,3.60,0.0036,true,1,140817
7290002342038,false,מיקרופייבר זכוכית JU,,,מיקרופייבר זכוכית JU,Unknown,1.00,יחידה,false,,8.50,8.5000,true,1,151949
7290002345275,false,סלמון מעושן 100 גרם,,,סלמון מעושן 100 גרם,גרמים,100.00,100 גרם,false,,19.90,0.1990,true,1,147587
7290002345282,false,נתחי סלמון דלידג,,,נתחי סלמון דלידג,קילוגרמים,1.00,"ק""ג",true,,89.90,89.9000,true,1,158579
7290002360285,false,חליטת צמחים קמומיל פ,,,חליטת צמחים קמומיל פ,גרמים,30.00,100 גרם,false,,15.90,0.5300,true,1,155743
7290002371533,false,סלסולי פסטרמה דבש 12,,,סלסולי פסטרמה דבש 12,גרמים,120.00,100 גרם,false,,14.90,0.1242,true,1,140318
7290002381808,false,נר נשמה 24 שעות,,,נר נשמה 24 שעות,Unknown,1.00,יחידה,false,,1.90,1.9000,true,1,167604
7290002502043,false,בונז'ור לחמניה כריך,,,בונז'ור לחמניה כריך,גרמים,120.00,100 גרם,false,,3.90,0.0325,true,1,142571
7290002502098,false,בונז'ור פרצל 30*150ג,,,בונז'ור פרצל 30*150ג,גרמים,150.00,100 גרם,false,,3.90,0.0260,true,1,157007
7290002502166,false,בונז'ור חצי באגט 60*,,,בונז'ור חצי באגט 60*,גרמים,190.00,100 גרם,false,,3.20,0.0168,true,1,142572
7290002507604,false,פיצת השף שגב 320 גרם,,,פיצת השף שגב 320 גרם,גרמים,320.00,100 גרם,false,,16.90,0.0528,true,1,147602
7290002596677,false,מעדניה - פילה אמנון,,,מעדניה - פילה אמנון,קילוגרמים,1.00,"ק""ג",true,,30.90,30.9000,true,1,157132
7290002603900,false,כדורי פלאפל 600 גרם,,,כדורי פלאפל 600 גרם,גרמים,600.00,100 גרם,false,,11.90,0.0198,true,1,152983
7290002603986,false,פיצה מרגריטה רמי לוי,,,פיצה מרגריטה רמי לוי,גרמים,640.00,100 גרם,false,,20.90,0.0327,true,1,164738
7290002627135,false,פיצה אקסטרא גבינה רמ,,,פיצה אקסטרא גבינה רמ,גרמים,340.00,100 גרם,false,,12.90,0.0379,true,1,164740
7290002627616,false,מעדניה - פילה אמנון,,,מעדניה - פילה אמנון,קילוגרמים,1.00,"ק""ג",true,,30.90,30.9000,true,1,157223
7290002627623,false,מעדניה - פילה אמנון,,,מעדניה - פילה אמנון,קילוגרמים,1.00,"ק""ג",true,,30.90,30.9000,true,1,157454
7290002657866,false,מעדניה - פילה אמנון,,,מעדניה - פילה אמנון,קילוגרמים,1.00,"ק""ג",true,,30.90,30.9000,true,1,153803
7290002657866,false,מעדניה - פילה אמנון,פילה אמנון 2 קילו ב,,מעדניה - פילה אמנון,קילוגרמים,1.00,"ק""ג",true,,29.90,29.9000,true,1,157222
7290002692768,false,"תרסיס שמן קנולה ""עץ",,,"תרסיס שמן קנולה ""עץ",מיליליטרים,150.00,"100 מ""ל",false,,15.90,0.1060,true,1,157767
7290002710004,false,ביצים אורגניות מן הט,,,ביצים אורגניות מן הט,Unknown,12.00,יחידה,false,,22.90,1.9083,true,1,165170
7290002710110,false,ביצי חופש מן הטבע 12,,,ביצי חופש מן הטבע 12,Unknown,12.00,יחידה,false,,16.90,1.4083,true,1,165171
7290002715375,false,קבב יווני 400 גרם,,,קבב יווני 400 גרם,גרמים,400.00,100 גרם,false,,19.90,0.0497,true,1,147613
7290002730262,false,נוזל כלים 18% קלאסי,,,נוזל כלים 18% קלאסי,מיליליטרים,750.00,"100 מ""ל",false,,11.90,0.0159,true,1,141245
7290002730521,false,בלונס מקלות אוזניים,,,בלונס מקלות אוזניים,Unknown,200.00,יחידה,false,,5.90,0.0295,true,1,151110
7290002730675,false,קולגייט משחה אדומה מ,,,קולגייט משחה אדומה מ,מיליליטרים,100.00,"100 מ""ל",false,,10.90,0.1090,true,1,143317
7290002730941,false,בלונס צמר גפן 100 גר,,,בלונס צמר גפן 100 גר,גרמים,100.00,100 גרם,false,,6.50,0.0650,true,1,147927
7290002735823,false,מלווח רמי לוי 700 גר,,,מלווח רמי לוי 700 גר,גרמים,700.00,100 גרם,false,,12.90,0.0184,true,1,148260
7290002735830,false,רמי לוי בורקס תפו'א,,,רמי לוי בורקס תפו'א,גרמים,800.00,100 גרם,false,,11.90,0.0149,true,1,148261
7290002735847,false,רמי לוי בורקס גבינה,,,רמי לוי בורקס גבינה,גרמים,800.00,100 גרם,false,,13.90,0.0174,true,1,148262
7290002735854,false,רמי לוי ג'חנון אפוי,,,רמי לוי ג'חנון אפוי,גרמים,600.00,100 גרם,false,,12.90,0.0215,true,1,148263
7290002752332,false,סוכריות בגליל בטעם פ,,,סוכריות בגליל בטעם פ,גרמים,37.50,100 גרם,false,,3.50,0.0933,true,1,137084
7290002752349,false,סוכריות בגליל בטעם מ,,,סוכריות בגליל בטעם מ,גרמים,37.50,100 גרם,false,,3.50,0.0933,true,1,137085
7290002757139,false,שלושת האופים מלאווח,,,שלושת האופים מלאווח,גרמים,700.00,100 גרם,false,,15.90,0.0227,true,1,141327
7290002793311,false,שירות והחלפה מילוי ג,,,שירות והחלפה מילוי ג,Unknown,1.00,יחידה,false,,55.90,55.9000,true,1,153815
7290002824183,false,גבינה לבנה סקי 5% 50,,,גבינה לבנה סקי 5% 50,גרמים,500.00,100 גרם,false,,9.95,0.0199,true,1,138700
7290002824466,false,דנונה ביו 0% 200 גרם,,,דנונה ביו 0% 200 גרם,גרמים,200.00,100 גרם,false,,3.70,0.0185,true,1,141383
7290002824640,false,גבינה לבנה סקי 5% שט,,,גבינה לבנה סקי 5% שט,גרמים,250.00,100 גרם,false,,4.98,0.0199,true,1,141384
7290002825722,false,כרוב סגול במיונז 500,,,כרוב סגול במיונז 500,גרמים,575.00,100 גרם,false,,13.80,0.0240,true,1,148120
7290002859727,true,פילה אמנון,,,", ,       ,0","000יחידה,1,000000000",0.00,"000יחידה,1,000000000",false,,5.00,0.0000,true,1,138623
7290002868996,false,גבינת קוטג' מועשר 5%,,,גבינת קוטג' מועשר 5%,גרמים,250.00,100 גרם,false,,5.50,0.0220,true,1,136931
7290002879633,false,וופל בלגי מאפה מתוק,,,וופל בלגי מאפה מתוק,גרמים,550.00,100 גרם,false,,25.90,0.0471,true,1,161011
7290002881506,false,חמאת בוטנים 510 גרם,,,חמאת בוטנים 510 גרם,גרמים,510.00,100 גרם,false,,12.50,0.0245,true,1,146142
7290002881513,false,חמאת בוטנים עם שברי,,,חמאת בוטנים עם שברי,גרמים,510.00,100 גרם,false,,12.50,0.0245,true,1,146143
7290002900566,false,פסטרמה ברביקיו דלת-ש,,,פסטרמה ברביקיו דלת-ש,גרמים,360.00,100 גרם,false,,25.90,0.0719,true,1,140321
7290002909781,true,פילה אמנון,,,", ,       ,0","000יחידה,1,000000000",0.00,"000יחידה,1,000000000",false,,5.00,0.0000,true,1,138628
7290002921240,false,שמפוזר קרבונה לניקוי,,,שמפוזר קרבונה לניקוי,מיליליטרים,650.00,"100 מ""ל",false,,29.90,0.0460,true,1,142065
7290002929499,false,מעדניה - פילה אמנון,,,מעדניה - פילה אמנון,קילוגרמים,1.00,"ק""ג",true,,30.90,30.9000,true,1,155541
7290002929642,false,טונה ויליגר שמן 4*14,,,טונה ויליגר שמן 4*14,גרמים,560.00,100 גרם,false,,19.90,0.0355,true,1,141328
7290002977100,true,קמח לבן הטחנות הגדול,,,", ,       ,0","00000000,0,000000000",0.00,"00000000,0,000000000",false,,4.90,0.0000,true,1,142840
7290003001064,false,מעדניה - פילה אמנון,,,מעדניה - פילה אמנון,קילוגרמים,1.00,"ק""ג",true,,30.90,30.9000,true,1,157665
7290003029181,false,שוקו בבקבוק 2% יטבתה,,,שוקו בבקבוק 2% יטבתה,מיליליטרים,1000.00,"100 מ""ל",false,,11.90,0.0119,true,1,141387
7290003029372,false,משקה חלב בננה 2% בקב,,,משקה חלב בננה 2% בקב,מיליליטרים,1000.00,"100 מ""ל",false,,11.90,0.0119,true,1,144037
7290003029389,false,משקה חלב בננה 2% פקק,,,משקה חלב בננה 2% פקק,מיליליטרים,250.00,"100 מ""ל",false,,5.50,0.0220,true,1,141388
7290003029433,false,שוקו יטבתה 2% פקק יט,,,שוקו יטבתה 2% פקק יט,גרמים,250.00,100 גרם,false,,5.50,0.0220,true,1,138701
7290003029532,false,משקה מוקה יטבתה 1 לי,,,משקה מוקה יטבתה 1 לי,מיליליטרים,1000.00,"100 מ""ל",false,,11.90,0.0119,true,1,144479
7290003029792,false,מארז 8 שקיות שוקו -,,,מארז 8 שקיות שוקו -,Unknown,8.00,יחידה,false,,19.90,2.4875,true,1,138702
7290003029815,false,כד 2 ליטר חלב 3%- מה,,,כד 2 ליטר חלב 3%- מה,מיליליטרים,2000.00,"100 מ""ל",false,,14.90,0.0075,true,1,141389
7290003029907,false,אייס קפה 1 ליטר,,,אייס קפה 1 ליטר,מיליליטרים,1000.00,"100 מ""ל",false,,11.90,0.0119,true,1,141391
7290003047642,false,תה ליפטון יילו לייבל,,,תה ליפטון יילו לייבל,גרמים,150.00,100 גרם,false,,12.90,0.0860,true,1,143737
7290003060009,false,קמח חיטה לבן בהיר 1,,,קמח חיטה לבן בהיר 1,גרמים,1000.00,100 גרם,false,,4.50,0.0045,true,1,150542
7290003060023,false,"סולת חיטה 1 ק""ג",,,"סולת חיטה 1 ק""ג",גרמים,1000.00,100 גרם,false,,5.90,0.0059,true,1,150543
7290003102150,true,"מזלגות ח""פ 100 יחידו",,,", ,       ,0","000יחידה,1,000000000",0.00,"000יחידה,1,000000000",false,,5.00,0.0000,true,1,144042
7290003102440,true,"כפיות ח""פ 100 יחידות",,,", ,       ,0","000יחידה,1,000000000",0.00,"000יחידה,1,000000000",false,,5.00,0.0000,true,1,144043
7290003133123,false,לחם זהב עגול אוקראינ,,,לחם זהב עגול אוקראינ,גרמים,750.00,100 גרם,false,,12.90,0.0172,true,1,143265
7290003133505,false,לחם שיפונטו 750 גרם,,,לחם שיפונטו 750 גרם,גרמים,750.00,100 גרם,false,,11.90,0.0159,true,1,143268
7290003143146,false,ממרח תמרים קלית גת 4,,,ממרח תמרים קלית גת 4,גרמים,450.00,100 גרם,false,,5.90,0.0131,true,1,142168
7290003144419,false,סילאן רכיבים טבעיים,,,סילאן רכיבים טבעיים,גרמים,710.00,100 גרם,false,,22.90,0.0323,true,1,151211
7290003151073,true,קופיקס-שוקולד פרה חל,,,", ,       ,0","00000000,0,000000000",0.00,"00000000,0,000000000",false,,2999.00,0.0000,true,1,138703
7290003185726,false,קבב מזרחי 500 גרם,,,קבב מזרחי 500 גרם,גרמים,500.00,100 גרם,false,,19.90,0.0398,true,1,147620
7290003220588,false,רוטב צי'לי מתוק ללא,,,רוטב צי'לי מתוק ללא,מיליליטרים,700.00,"100 מ""ל",false,,14.90,0.0213,true,1,141963
7290003220595,false,"ווק אורז לסושי 1 ק""ג",,,"ווק אורז לסושי 1 ק""ג",גרמים,1000.00,100 גרם,false,,12.90,0.0129,true,1,152045
7290003220649,false,ווק שמן שומשום 100%,,,ווק שמן שומשום 100%,מיליליטרים,150.00,"100 מ""ל",false,,14.50,0.0967,true,1,152046
7290003220786,false,ווק אטריות אורז עובי,,,ווק אטריות אורז עובי,גרמים,400.00,100 גרם,false,,9.90,0.0248,true,1,152049
7290003220939,false,ווק אטריות אורז דקיק,,,ווק אטריות אורז דקיק,גרמים,400.00,100 גרם,false,,9.90,0.0248,true,1,152051
7290003220977,false,מעדני מלך ביסקוויט י,,,מעדני מלך ביסקוויט י,גרמים,175.00,100 גרם,false,,6.90,0.0394,true,1,159199
7290003229109,false,א.מ. פסטר' בפפריקה 4,,,א.מ. פסטר' בפפריקה 4,גרמים,400.00,100 גרם,false,,25.90,0.0647,true,1,140322
7290003229116,false,פסטרמה הודו בדבש 3%,,,פסטרמה הודו בדבש 3%,גרמים,400.00,100 גרם,false,,25.90,0.0647,true,1,140323
7290003229123,false,פסטרמה הודו על גחלים,,,פסטרמה הודו על גחלים,גרמים,400.00,100 גרם,false,,25.90,0.0647,true,1,140324
7290003229147,false,סלמי בסגנון איטלקי 3,,,סלמי בסגנון איטלקי 3,גרמים,300.00,100 גרם,false,,26.90,0.0897,true,1,145952
7290003229192,false,נקניק כתף בקר מעושן,,,נקניק כתף בקר מעושן,גרמים,400.00,100 גרם,false,,34.90,0.0872,true,1,146247
7290003321155,false,דנונה בר פקאן 183 גר,,,דנונה בר פקאן 183 גר,גרמים,183.00,100 גרם,false,,4.60,0.0251,true,1,138704
7290003326020,true,סלק בוואקום,,,", ,       ,0",ליטרים,0.00,ליטר,false,,5.00,0.0000,true,1,137992
7290003387205,false,ספיד סטיק בסיסי ירוק,,,ספיד סטיק בסיסי ירוק,גרמים,63.00,100 גרם,false,,22.90,0.3635,true,1,141247
7290003457861,false,סולרו קלאסיק חלבי -,,,סולרו קלאסיק חלבי -,Unknown,1.00,יחידה,false,,8.50,8.5000,true,1,151490
7290003457922,false,מגנום שוקולד,,,מגנום שוקולד,Unknown,1.00,יחידה,false,,11.00,11.0000,true,1,151491
7290003569021,false,כרובית,,,כרובית,יח',1.00,יח',false,,9.90,9.9000,true,1,150446
7290003578108,false,אננס חתוך 850 גרם,,,אננס חתוך 850 גרם,גרמים,850.00,100 גרם,false,,8.90,0.0105,true,1,155831
7290003578672,false,שמן חמניות מזוכך ויל,,,שמן חמניות מזוכך ויל,מיליליטרים,1000.00,"100 מ""ל",false,,13.90,0.0139,true,1,158725
7290003632442,false,מעדניה - פילה אמנון,,,מעדניה - פילה אמנון,קילוגרמים,1.00,"ק""ג",true,,30.90,30.9000,true,1,157543
7290003643004,false,אורז בסמטי קלאסי סוג,,,אורז בסמטי קלאסי סוג,גרמים,1000.00,100 גרם,false,,13.90,0.0139,true,1,142771
7290003643387,false,סוכר לבן בצנצנת סוגת,,,סוכר לבן בצנצנת סוגת,גרמים,1000.00,100 גרם,false,,7.90,0.0079,true,1,138115
7290003643646,false,סוכר דמררה בצנצנת סו,,,סוכר דמררה בצנצנת סו,גרמים,1000.00,100 גרם,false,,12.90,0.0129,true,1,143154
7290003643684,false,אפונה ירוקה יבשה סוג,,,אפונה ירוקה יבשה סוג,גרמים,500.00,100 גרם,false,,6.50,0.0130,true,1,138116
7290003643707,false,גריסים סוגת 500 גרם,,,גריסים סוגת 500 גרם,גרמים,500.00,100 גרם,false,,5.90,0.0118,true,1,138117
7290003643714,false,חומוס יבש סוגת 500 ג,,,חומוס יבש סוגת 500 ג,גרמים,500.00,100 גרם,false,,7.90,0.0158,true,1,138118
7290003643738,false,חיטה סוגת 500 גרם,,,חיטה סוגת 500 גרם,גרמים,500.00,100 גרם,false,,5.90,0.0118,true,1,138119
7290003643745,false,כוסמת סוגת 500 גרם,,,כוסמת סוגת 500 גרם,גרמים,500.00,100 גרם,false,,7.90,0.0158,true,1,138120
7290003643752,false,עדשים ירוקות סוגת 50,,,עדשים ירוקות סוגת 50,גרמים,500.00,100 גרם,false,,7.90,0.0158,true,1,138121
7290003643769,false,עדשים אדומות סוגת 50,,,עדשים אדומות סוגת 50,גרמים,500.00,100 גרם,false,,7.90,0.0158,true,1,138122
7290003643776,false,פופקורן סוגת 500 גרם,,,פופקורן סוגת 500 גרם,גרמים,500.00,100 גרם,false,,5.90,0.0118,true,1,138123
7290003643806,false,שעועית לבנה יבשה סוג,,,שעועית לבנה יבשה סוג,גרמים,500.00,100 גרם,false,,11.90,0.0238,true,1,143015
7290003643813,false,שעועית אדומה סוגת 50,,,שעועית אדומה סוגת 50,גרמים,500.00,100 גרם,false,,10.90,0.0218,true,1,143016
7290003715688,true,שקד מולבן,,,", ,       ,0","00000000,0,000000000",0.00,"00000000,0,000000000",false,,12.90,0.0000,true,1,142287
7290003715732,true,שקד טחון,,,", ,       ,0","00000000,0,000000000",0.00,"00000000,0,000000000",false,,11.90,0.0000,true,1,142291
7290003715930,true,שומשום,,,", ,       ,0","00000000,0,000000000",0.00,"00000000,0,000000000",false,,3.90,0.0000,true,1,142294
7290003715947,true,קוקוס,,,", ,       ,0","00000000,0,000000000",0.00,"00000000,0,000000000",false,,4.90,0.0000,true,1,142295
7290003726615,false,טופו ויילר 300 גרם,,,טופו ויילר 300 גרם,גרמים,300.00,100 גרם,false,,10.90,0.0363,true,1,153850
7290003804252,false,תיבולית הודי קנור 72,,,תיבולית הודי קנור 72,גרמים,72.00,100 גרם,false,,8.90,0.1236,true,1,145980
7290003804368,false,תיבולית בזיליקום קנו,,,תיבולית בזיליקום קנו,גרמים,72.00,100 גרם,false,,8.90,0.1236,true,1,148010
7290003805501,false,פתית שוודי חסכוני 30,,,פתית שוודי חסכוני 30,גרמים,300.00,100 גרם,false,,14.90,0.0497,true,1,141698
7290003807178,false,רוטב סויה בסגנון סינ,,,רוטב סויה בסגנון סינ,מיליליטרים,300.00,"100 מ""ל",false,,10.90,0.0363,true,1,151306
7290003807482,false,קנור טריאקי מופחת נת,,,קנור טריאקי מופחת נת,גרמים,370.00,100 גרם,false,,10.90,0.0295,true,1,146652
7290003882922,false,עלי גפן ממולא 400 גר,,,עלי גפן ממולא 400 גר,גרמים,400.00,100 גרם,false,,9.50,0.0238,true,1,146946
7290003893386,true,פילה אמנון,,,", ,       ,0","000יחידה,1,000000000",0.00,"000יחידה,1,000000000",false,,5.00,0.0000,true,1,138637
7290003893389,true,פילה אמנון,,,", ,       ,0","000יחידה,1,000000000",0.00,"000יחידה,1,000000000",false,,5.00,0.0000,true,1,138638
7290003893539,false,מעדניה - פילה אמנון,,,מעדניה - פילה אמנון,קילוגרמים,1.00,"ק""ג",true,,30.90,30.9000,true,1,155542
7290003893690,true,פילה אמנון,,,", ,       ,0","000יחידה,1,000000000",0.00,"000יחידה,1,000000000",false,,5.00,0.0000,true,1,138640
7290003914005,false,עוף מוכשר מצונן,,,עוף מוכשר מצונן,קילוגרמים,1.00,"ק""ג",true,,25.90,25.9000,true,1,159039
7290003914012,false,שוקיים עוף תפ. מצונן,,,שוקיים עוף תפ. מצונן,קילוגרמים,1.00,"ק""ג",true,,37.90,37.9000,true,1,159040
7290003914029,false,חזה עוף תפ.מצונן,,,חזה עוף תפ.מצונן,קילוגרמים,1.00,"ק""ג",true,,39.90,39.9000,true,1,159041
7290003914036,false,כרעיים עוף תפ.מצונן,,,כרעיים עוף תפ.מצונן,קילוגרמים,1.00,"ק""ג",true,,36.90,36.9000,true,1,159042
7290003914043,false,כנפיים עוף תפ. מצונ,,,כנפיים עוף תפ. מצונ,קילוגרמים,1.00,"ק""ג",true,,14.90,14.9000,true,1,159043
7290003914050,false,פרגיות ש. עוף תפ. מצ,,,פרגיות ש. עוף תפ. מצ,קילוגרמים,1.00,"ק""ג",true,,79.90,79.9000,true,1,159044
7290003914067,false,כבד עוף מצונן לצליה,,,כבד עוף מצונן לצליה,קילוגרמים,1.00,"ק""ג",true,,29.90,29.9000,true,1,159045
7290003914074,false,לב עוף מצונן לצליה ב,,,לב עוף מצונן לצליה ב,קילוגרמים,1.00,"ק""ג",true,,36.90,36.9000,true,1,159046
7290003914142,false,פילה עוף תפ. מצונן,,,פילה עוף תפ. מצונן,קילוגרמים,1.00,"ק""ג",true,,45.90,45.9000,true,1,159048
7290003914241,false,גרון הודו נ. תפ. מצו,,,גרון הודו נ. תפ. מצו,קילוגרמים,1.00,"ק""ג",true,,28.90,28.9000,true,1,159055
7290003914272,false,שווארמה ה.נקבה מצונן,,,שווארמה ה.נקבה מצונן,קילוגרמים,1.00,"ק""ג",true,,89.90,89.9000,true,1,159057
7290003914357,false,חזה עוף חצוי בלי פיל,,,חזה עוף חצוי בלי פיל,קילוגרמים,1.00,"ק""ג",true,,45.90,45.9000,true,1,159061
7290003976607,false,ג'ל אקונומיקה סמיכה,,,ג'ל אקונומיקה סמיכה,מיליליטרים,4000.00,"100 מ""ל",false,,13.90,0.0035,true,1,165604
7290003989539,false,רביולי גבינה 400 גרם,,,רביולי גבינה 400 גרם,גרמים,400.00,100 גרם,false,,19.80,0.0495,true,1,138705
7290004001124,false,צאך,,,צאך,קילוגרמים,1.00,"ק""ג",true,,94.80,94.8000,true,1,140652
7290004003012,false,אנטריקוט טרי,,,אנטריקוט טרי,קילוגרמים,1.00,"ק""ג",true,,168.80,168.8000,true,1,140658
7290004003029,false,צלעות בקר טרי,,,צלעות בקר טרי,קילוגרמים,1.00,"ק""ג",true,,84.90,84.9000,true,1,140659
7290004003050,false,צלי כתף טרי,,,צלי כתף טרי,קילוגרמים,1.00,"ק""ג",true,,104.90,104.9000,true,1,140660
7290004003067,false,צלי פילה מדומה טרי,,,צלי פילה מדומה טרי,קילוגרמים,1.00,"ק""ג",true,,89.90,89.9000,true,1,140661
7290004003098,false,סינטה טרי,,,סינטה טרי,קילוגרמים,1.00,"ק""ג",true,,148.80,148.8000,true,1,140662
7290004003135,false,אסאדו,,,אסאדו,קילוגרמים,1.00,"ק""ג",true,,64.80,64.8000,true,1,166343
7290004003265,false,בקר טחון טרי,,,בקר טחון טרי,קילוגרמים,1.00,"ק""ג",true,,74.90,74.9000,true,1,140664
7290004004135,false,שריר בשר,,,שריר בשר,קילוגרמים,1.00,"ק""ג",true,,84.90,84.9000,true,1,166610
7290004011284,false,בסיס הכנת קצפת ריצ',,,בסיס הכנת קצפת ריצ',מיליליטרים,212.00,"100 מ""ל",false,,9.90,0.0467,true,1,141329
7290004048518,false,מעדניה - פילה אמנון,,,מעדניה - פילה אמנון,קילוגרמים,1.00,"ק""ג",true,,29.90,29.9000,true,1,155543
7290004048518,false,מעדניה - פילה אמנון,,,מעדניה - פילה אמנון,קילוגרמים,1.00,"ק""ג",true,,30.90,30.9000,true,1,155773
7290004048525,false,מעדניה - פילה אמנון,,,מעדניה - פילה אמנון,קילוגרמים,1.00,"ק""ג",true,,30.90,30.9000,true,1,141331
7290004048532,false,מעדניה - פילה אמנון,,,מעדניה - פילה אמנון,קילוגרמים,1.00,"ק""ג",true,,30.90,30.9000,true,1,155544
7290004063016,false,"מלח שולחן דק 1 ק""ג",,,"מלח שולחן דק 1 ק""ג",גרמים,1000.00,100 גרם,false,,1.90,0.0019,true,1,139968
7290004063016,false,"מלח שולחן דק 1 ק""ג",,,"מלח שולחן דק 1 ק""ג",גרמים,1000.00,100 גרם,false,,1.90,0.0019,true,1,150531
7290004068172,false,יוגורט עיזים בדלי 5%,,,יוגורט עיזים בדלי 5%,גרמים,600.00,100 גרם,false,,16.90,0.0282,true,1,147347
7290004119225,false,יופלה יוגורט אננס %3,,,יופלה יוגורט אננס %3,מיליליטרים,150.00,"100 מ""ל",false,,5.00,0.0333,true,1,140240
7290004119973,false,קרלו שוקולד 125 גרם,,,קרלו שוקולד 125 גרם,גרמים,125.00,100 גרם,false,,2.90,0.0232,true,1,144829
7290004120108,false,יופלה דיאט יוגורט דו,,,יופלה דיאט יוגורט דו,גרמים,150.00,100 גרם,false,,5.00,0.0333,true,1,140241
7290004120566,false,גבינה בולגרית 24% פי,,,גבינה בולגרית 24% פי,גרמים,250.00,100 גרם,false,,22.90,0.0916,true,1,152025
7290004120573,false,פיראוס בולגרית גביע,,,פיראוס בולגרית גביע,גרמים,250.00,100 גרם,false,,22.90,0.0916,true,1,143746
7290004120634,false,גבינה בולגרית 5% פיר,,,גבינה בולגרית 5% פיר,גרמים,250.00,100 גרם,false,,22.90,0.0916,true,1,146488
7290004120832,false,חלב תנובה טרי %3 כד,,,חלב תנובה טרי %3 כד,מיליליטרים,2000.00,"100 מ""ל",false,,12.46,0.0062,true,1,141814
7290004121754,false,יופלה יוגורט עוגת גב,,,יופלה יוגורט עוגת גב,גרמים,150.00,100 גרם,false,,5.50,0.0367,true,1,162935
7290004121853,false,קוביות גבינה בולגרית,,,קוביות גבינה בולגרית,גרמים,250.00,100 גרם,false,,20.90,0.0836,true,1,152028
7290004122195,false,גוש חלב פרוס 200 גרם,,,גוש חלב פרוס 200 גרם,גרמים,200.00,100 גרם,false,,13.80,0.0690,true,1,141816
7290004122683,false,עמק אצבעות גבינה 28%,,,עמק אצבעות גבינה 28%,גרמים,172.00,100 גרם,false,,16.40,0.0953,true,1,141818
7290004124205,false,יופלה דיאט יוגורט תו,,,יופלה דיאט יוגורט תו,גרמים,150.00,100 גרם,false,,5.00,0.0333,true,1,147147
7290004124847,false,קצפת צמחית 20% השף ה,,,קצפת צמחית 20% השף ה,מיליליטרים,500.00,"100 מ""ל",false,,15.90,0.0318,true,1,143215
7290004125370,false,שמנת חמוצה 9% תנובה,,,שמנת חמוצה 9% תנובה,גרמים,200.00,100 גרם,false,,3.70,0.0185,true,1,141819
7290004125400,false,שלי אשל 4.5% תנובה 2,,,שלי אשל 4.5% תנובה 2,מיליליטרים,200.00,"100 מ""ל",false,,1.69,0.0084,true,1,141820
7290004125417,false,שלי גיל 3% תנובה 200,,,שלי גיל 3% תנובה 200,מיליליטרים,200.00,"100 מ""ל",false,,1.51,0.0076,true,1,141821
7290004125455,false,שמנת אורגינל 15% תנו,,,שמנת אורגינל 15% תנו,מיליליטרים,200.00,"100 מ""ל",false,,2.40,0.0120,true,1,141822
7290004125509,false,שמנת חמוצה 15% תנובה,,,שמנת חמוצה 15% תנובה,מיליליטרים,100.00,"100 מ""ל",false,,1.70,0.0170,true,1,141823
7290004125578,false,משקה סויה מועשר בסיד,,,משקה סויה מועשר בסיד,מיליליטרים,1000.00,"100 מ""ל",false,,10.90,0.0109,true,1,151681
7290004125585,false,משקה סויה בטעם וניל,,,משקה סויה בטעם וניל,מיליליטרים,1000.00,"100 מ""ל",false,,10.90,0.0109,true,1,151682
7290004125721,false,שמנת לבישול 15% השף,,,שמנת לבישול 15% השף,מיליליטרים,250.00,"100 מ""ל",false,,8.10,0.0324,true,1,146286
7290004125738,false,שמנת מתוקה להקצפה 32,,,שמנת מתוקה להקצפה 32,מיליליטרים,250.00,"100 מ""ל",false,,6.20,0.0248,true,1,140253
7290004125776,false,עמק גבינה צהובה פרוס,,,עמק גבינה צהובה פרוס,גרמים,400.00,100 גרם,false,,27.80,0.0695,true,1,141824
7290004126872,false,שוקו תנובה בבקבוק 25,,,שוקו תנובה בבקבוק 25,מיליליטרים,250.00,"100 מ""ל",false,,5.70,0.0228,true,1,139183
7290004126872,false,שוקו תנובה בבקבוק 25,,,שוקו תנובה בבקבוק 25,מיליליטרים,250.00,"100 מ""ל",false,,5.70,0.0228,true,1,147148
7290004127329,false,גבינת קוטג' 5% תנובה,,,גבינת קוטג' 5% תנובה,גרמים,250.00,100 גרם,false,,5.70,0.0228,true,1,139184
7290004127336,false,גבינת קוטג' 9% תנובה,,,גבינת קוטג' 9% תנובה,גרמים,250.00,100 גרם,false,,5.70,0.0228,true,1,139208
7290004127800,false,גבינה לבנה תנובה 5%,,,גבינה לבנה תנובה 5%,גרמים,500.00,100 גרם,false,,9.95,0.0199,true,1,146489
7290004127817,false,גבינה לבנה תנובה 9%,,,גבינה לבנה תנובה 9%,גרמים,500.00,100 גרם,false,,9.95,0.0199,true,1,146490
7290004129101,false,גבינת שמנת 25% בטעם,,,גבינת שמנת 25% בטעם,גרמים,225.00,100 גרם,false,,13.90,0.0618,true,1,144797
7290004129156,false,נפוליאון שום שמיר 22,,,נפוליאון שום שמיר 22,גרמים,225.00,100 גרם,false,,13.90,0.0618,true,1,140260
7290004130695,false,אייס קפה בקבוק 1 ליט,,,אייס קפה בקבוק 1 ליט,מיליליטרים,1000.00,"100 מ""ל",false,,12.50,0.0125,true,1,141828
7290004130794,false,משקה סויה טבעי במתיק,,,משקה סויה טבעי במתיק,מיליליטרים,1000.00,"100 מ""ל",false,,9.90,0.0099,true,1,139210
7290004131074,false,חלב קרטון 3% תנובה 1,,,חלב קרטון 3% תנובה 1,מיליליטרים,1000.00,"100 מ""ל",false,,6.23,0.0062,true,1,139211
7290004131432,false,יופלה לבן 3% גביע 20,,,יופלה לבן 3% גביע 20,גרמים,200.00,100 גרם,false,,4.00,0.0200,true,1,140266
7290004131456,false,יופלה לבן 1.5% גביע,,,יופלה לבן 1.5% גביע,גרמים,200.00,100 גרם,false,,4.00,0.0200,true,1,140267
7290004131531,false,שוקו בקבוק 1 ליטר 20,,,שוקו בקבוק 1 ליטר 20,מיליליטרים,1000.00,"100 מ""ל",false,,12.40,0.0124,true,1,140268
7290004132552,false,משקה סויה לייט בטעם,,,משקה סויה לייט בטעם,מיליליטרים,1000.00,"100 מ""ל",false,,10.90,0.0109,true,1,151683
7290004132712,false,עמק אצבעות מוצרלה תנ,,,עמק אצבעות מוצרלה תנ,גרמים,174.00,100 גרם,false,,16.40,0.0943,true,1,141830
7290004135614,false,גבינה בולגרית מעודנת,,,גבינה בולגרית מעודנת,גרמים,250.00,100 גרם,false,,21.90,0.0876,true,1,140277
7290004136130,true,"שוק שוקו 340 מ""ל בקב",,,", ,       ,0","00000000,0,000000000",0.00,"00000000,0,000000000",false,,7.00,0.0000,true,1,146254
7290004136154,false,משקה אייס קפה תנובה,,,משקה אייס קפה תנובה,מיליליטרים,340.00,"100 מ""ל",false,,6.70,0.0197,true,1,141834
7290004136598,false,מארז הפסקת אוכל חלב,,,מארז הפסקת אוכל חלב,גרמים,150.00,100 גרם,false,,9.50,0.0633,true,1,140279
7290004136598,false,מארז הפסקת אוכל חלב,,,מארז הפסקת אוכל חלב,גרמים,150.00,100 גרם,false,,9.50,0.0633,true,1,147152
7290004136857,false,ג'לי בטעם פטל 125,,,ג'לי בטעם פטל 125,גרמים,125.00,100 גרם,false,,2.60,0.0208,true,1,139214
7290004136864,false,ג'לי אננס עם חתיכות,,,ג'לי אננס עם חתיכות,גרמים,125.00,100 גרם,false,,2.80,0.0224,true,1,139188
7290004136871,false,ג'לי אפרסק עם חתיכות,,,ג'לי אפרסק עם חתיכות,גרמים,125.00,100 גרם,false,,2.80,0.0224,true,1,139189
7290004137021,false,שמנת עמידה לבישול 10,,,שמנת עמידה לבישול 10,מיליליטרים,250.00,"100 מ""ל",false,,8.00,0.0320,true,1,140280
7290004137311,false,עמק לייט משפחתי 9% 4,,,עמק לייט משפחתי 9% 4,גרמים,400.00,100 גרם,false,,29.90,0.0747,true,1,140281
7290004200992,false,נרות יום הולדת - מות,,,נרות יום הולדת - מות,Unknown,1.00,יחידה,false,,4.90,4.9000,true,1,141745
7290004228354,false,מעדניה - פילה אמנון,,,מעדניה - פילה אמנון,קילוגרמים,1.00,"ק""ג",true,,30.90,30.9000,true,1,155547
7290004228804,false,עלי סיגר שלושת האופי,,,עלי סיגר שלושת האופי,גרמים,450.00,100 גרם,false,,13.90,0.0309,true,1,163472
7290004554293,false,אסקימו ענבים,,,אסקימו ענבים,Unknown,1.00,יחידה,false,,2.90,2.9000,true,1,165074
7290004554330,false,אסקימו דובדבן,,,אסקימו דובדבן,Unknown,1.00,יחידה,false,,2.90,2.9000,true,1,151494
7290004554798,false,מטרה,,,מטרה,Unknown,1.00,יחידה,false,,5.90,5.9000,true,1,151497
7290004584306,false,מעדן גמדים תות בננה,,,מעדן גמדים תות בננה,גרמים,400.00,100 גרם,false,,11.40,0.0285,true,1,141398
7290004584351,false,גבינה במרקם שמנת סימ,,,גבינה במרקם שמנת סימ,גרמים,200.00,100 גרם,false,,11.00,0.0550,true,1,141399
7290004584528,false,דנונה ביו 1.7% 200 ג,,,דנונה ביו 1.7% 200 ג,גרמים,200.00,100 גרם,false,,3.70,0.0185,true,1,141400
7290004585907,false,דני מעדן חלב בטעם ונ,,,דני מעדן חלב בטעם ונ,גרמים,125.00,100 גרם,false,,2.70,0.0216,true,1,138706
7290004603175,false,מלח הים האדום 500 גר,,,מלח הים האדום 500 גר,גרמים,500.00,100 גרם,false,,7.90,0.0158,true,1,144694
7290004731564,false,מקסימה למייבש בלו בו,,,מקסימה למייבש בלו בו,מיליליטרים,750.00,"100 מ""ל",false,,16.30,0.0217,true,1,147298
7290004737900,false,חלב מרוכז ממותק 397,,,חלב מרוכז ממותק 397,גרמים,397.00,100 גרם,false,,10.90,0.0275,true,1,142847
7290004872021,false,קרחון רמזור,,,קרחון רמזור,Unknown,1.00,יחידה,false,,3.00,3.0000,true,1,137795
7290004872069,false,קרחון לימון,,,קרחון לימון,Unknown,1.00,יחידה,false,,3.00,3.0000,true,1,137797
7290004914691,false,מפיץ יוקרתי,,,מפיץ יוקרתי,Unknown,1.00,יחידה,false,,17.90,17.9000,true,1,151453
7290005040955,false,חסה ערבית יחידה,,,חסה ערבית יחידה,פריט,1.00,"ק""ג",false,,4.90,4.9000,true,1,158123
7290005113222,false,זיתים מיקס יבנה 540,,,זיתים מיקס יבנה 540,גרמים,540.00,100 גרם,false,,9.80,0.0181,true,1,147468
7290005174513,false,חצילים במיונז 500 ג,,,חצילים במיונז 500 ג,גרמים,500.00,100 גרם,false,,15.90,0.0318,true,1,148126
7290005174551,false,סלט חומוס יום יום אח,,,סלט חומוס יום יום אח,גרמים,125.00,100 גרם,false,,4.90,0.0392,true,1,138707
7290005174568,false,סלט חצילים במיונז יו,,,סלט חצילים במיונז יו,גרמים,125.00,100 גרם,false,,4.90,0.0392,true,1,141401
7290005174575,false,סלט טחינה יום יום אח,,,סלט טחינה יום יום אח,גרמים,125.00,100 גרם,false,,4.90,0.0392,true,1,141402
7290005175428,false,קמח תירס אינסטנט 500,,,קמח תירס אינסטנט 500,גרמים,500.00,100 גרם,false,,5.90,0.0118,true,1,146910
7290005200786,false,תפוציפס שמנת ובצל 50,,,תפוציפס שמנת ובצל 50,גרמים,50.00,100 גרם,false,,4.00,0.0800,true,1,141637
7290005287022,true,טונה סטארקיסט,,,", ,       ,0","00000000,0,000000000",0.00,"00000000,0,000000000",false,,6.90,0.0000,true,1,141296
7290005287053,true,טונה סטארקיסט בשמן 1,,,", ,       ,0",גרמים,0.00,"00000גרם,1,000000000",false,,5.00,0.0000,true,1,138344
7290005287206,false,טונה סטארקיסט בשמן 4,,,טונה סטארקיסט בשמן 4,גרמים,640.00,100 גרם,false,,24.90,0.0389,true,1,146323
7290005287251,false,נתחי טונה סטארקיסט ב,,,נתחי טונה סטארקיסט ב,גרמים,640.00,100 גרם,false,,24.90,0.0389,true,1,146324
7290005296246,false,פותח סתימות דריין אא,,,פותח סתימות דריין אא,מיליליטרים,96.00,"100 מ""ל",false,,29.90,0.3115,true,1,142066
7290005326585,false,פסטו בזיליקום אוליבי,,,פסטו בזיליקום אוליבי,גרמים,180.00,100 גרם,false,,12.90,0.0717,true,1,147154
7290005384851,false,מיץ לימון משומר וילי,,,מיץ לימון משומר וילי,מיליליטרים,200.00,"100 מ""ל",false,,4.90,0.0245,true,1,162597
7290005423635,false,סנו ריצפז דוחה חרקים,,,סנו ריצפז דוחה חרקים,מיליליטרים,2000.00,"100 מ""ל",false,,21.90,0.0109,true,1,146129
7290005423734,false,מרכך כביסה מקסימה 4,,,מרכך כביסה מקסימה 4,מיליליטרים,4000.00,"100 מ""ל",false,,22.90,0.0057,true,1,144021
7290005425646,false,ספריי רב תכליתי לניק,,,ספריי רב תכליתי לניק,מיליליטרים,1000.00,"100 מ""ל",false,,12.90,0.0129,true,1,146131
7290005427107,false,מגבות נייר סנו סושי,,,מגבות נייר סנו סושי,Unknown,6.00,יחידה,false,,10.90,1.8167,true,1,146985
7290005430602,false,אוקסיג'ן מרסס מסיר כ,,,אוקסיג'ן מרסס מסיר כ,מיליליטרים,750.00,"100 מ""ל",false,,19.90,0.0265,true,1,142989
7290005431913,false,עוגת גבינה פירורים ע,,,עוגת גבינה פירורים ע,גרמים,92.00,100 גרם,false,,6.90,0.0750,true,1,162346
7290005431968,false,מלבי שמנת עדן קינוחי,,,מלבי שמנת עדן קינוחי,גרמים,150.00,100 גרם,false,,6.90,0.0460,true,1,162347
7290005437212,false,שמן זית כתית מעולה ט,,,שמן זית כתית מעולה ט,מיליליטרים,750.00,"100 מ""ל",false,,29.90,0.0399,true,1,146473
7290005559907,false,פיצה משפחתית 100% גב,,,פיצה משפחתית 100% גב,גרמים,500.00,100 גרם,false,,23.90,0.0478,true,1,141870
7290005559914,false,פיצה משפחתית זיתים מ,,,פיצה משפחתית זיתים מ,גרמים,550.00,100 גרם,false,,23.90,0.0435,true,1,141871
7290005559990,false,בצק פילאס תורכי מעדנ,,,בצק פילאס תורכי מעדנ,גרמים,600.00,100 גרם,false,,22.90,0.0382,true,1,141872
7290005591761,false,דבש טהור לחיץ 400 גר,,,דבש טהור לחיץ 400 גר,גרמים,400.00,100 גרם,false,,21.90,0.0547,true,1,141409
7290005678387,false,ענב אדום,,,ענב אדום,קילוגרמים,1.00,"ק""ג",true,,24.90,24.9000,true,1,161504
7290005678745,false,ענב אדום,,,ענב אדום,קילוגרמים,1.00,"ק""ג",true,,24.90,24.9000,true,1,161610
7290005838002,false,דניאלה וניל 150 גרם,,,דניאלה וניל 150 גרם,גרמים,150.00,100 גרם,false,,4.10,0.0273,true,1,138708
7290005839078,false,מארז 8 חסכון - ביו 3,,,מארז 8 חסכון - ביו 3,גרמים,1200.00,100 גרם,false,,15.90,0.0133,true,1,141411
7290005839108,false,גבינה במרקם שמנת 5%,,,גבינה במרקם שמנת 5%,גרמים,200.00,100 גרם,false,,11.00,0.0550,true,1,141412
7290005839313,false,מילקי טופ מגולגלת 17,,,מילקי טופ מגולגלת 17,מיליליטרים,170.00,"100 מ""ל",false,,4.90,0.0288,true,1,138709
7290005854040,false,אסקימו משמש,,,אסקימו משמש,Unknown,1.00,יחידה,false,,2.90,2.9000,true,1,159439
7290005854606,false,אסקימו אננס,,,אסקימו אננס,Unknown,1.00,יחידה,false,,2.90,2.9000,true,1,159440
7290005854613,false,אסקימו תותי פרוטי,,,אסקימו תותי פרוטי,Unknown,1.00,יחידה,false,,2.90,2.9000,true,1,165073
7290005938245,false,פסטו קלאסי 220 גרם,,,פסטו קלאסי 220 גרם,גרמים,220.00,100 גרם,false,,18.90,0.0859,true,1,141333
7290005951039,false,כרובית,,,כרובית,יח',1.00,יח',false,,9.90,9.9000,true,1,158352
7290005992735,false,גבינת לאבנה טבעית 5%,,,גבינת לאבנה טבעית 5%,גרמים,250.00,100 גרם,false,,11.90,0.0476,true,1,147350
7290006210661,false,בונז'ור באגט 330 גרם,,,בונז'ור באגט 330 גרם,גרמים,330.00,100 גרם,false,,4.90,0.0148,true,1,142576
7290006210890,false,בונז'ור חליות 60*150,,,בונז'ור חליות 60*150,גרמים,150.00,100 גרם,false,,4.00,0.0267,true,1,142577
7290006241504,false,"קפוא תפוזים 280 מ""ל",,,"קפוא תפוזים 280 מ""ל",מיליליטרים,280.00,"100 מ""ל",false,,13.90,0.0496,true,1,159702
7290006271174,false,ג'חנון מוקפא לאפיה 6,,,ג'חנון מוקפא לאפיה 6,גרמים,700.00,100 גרם,false,,18.50,0.0264,true,1,141873
7290006271181,false,ג'חנון אפוי מוקפא לה,,,ג'חנון אפוי מוקפא לה,גרמים,750.00,100 גרם,false,,25.50,0.0340,true,1,141874
7290006272072,false,חטיפי פיצה 24 יחידות,,,חטיפי פיצה 24 יחידות,גרמים,650.00,100 גרם,false,,32.90,0.0506,true,1,141876
7290006272430,false,בצק עלים חמאה מעדנות,,,בצק עלים חמאה מעדנות,גרמים,600.00,100 גרם,false,,27.90,0.0465,true,1,141877
7290006322012,true,מיני מאפין שוקולד,,,", ,       ,0",מיליליטרים,0.00,"מ""ל",false,,5.00,0.0000,true,1,138199
7290006322029,true,מיני מאפין וניל,,,", ,       ,0",מיליליטרים,0.00,"מ""ל",false,,5.00,0.0000,true,1,138200
7290006322104,false,לחם ריחיים קל פרוס 5,,,לחם ריחיים קל פרוס 5,גרמים,500.00,100 גרם,false,,12.90,0.0258,true,1,138201
7290006322111,false,לחמניות רחיים קלות 7,,,לחמניות רחיים קלות 7,גרמים,450.00,100 גרם,false,,12.90,0.0287,true,1,143272
7290006322128,false,לחמניות קלות 75 גרם,,,לחמניות קלות 75 גרם,גרמים,450.00,100 גרם,false,,8.90,0.0198,true,1,143273
7290006322197,false,לחמניות כפולות 120 ג,,,לחמניות כפולות 120 ג,גרמים,480.00,100 גרם,false,,11.90,0.0248,true,1,147376
7290006322487,false,לחם קל קוביות קמח מל,,,לחם קל קוביות קמח מל,גרמים,750.00,100 גרם,false,,14.90,0.0199,true,1,138202
7290006322838,false,לחם קמח מלא 100% מאפ,,,לחם קמח מלא 100% מאפ,גרמים,750.00,100 גרם,false,,12.90,0.0172,true,1,143279
7290006342089,false,גרעין שחור 200 גרם,,,גרעין שחור 200 גרם,גרמים,200.00,100 גרם,false,,5.90,0.0295,true,1,164350
7290006342515,false,מנצס 200 שקית,,,מנצס 200 שקית,גרמים,200.00,100 גרם,false,,7.90,0.0395,true,1,164351
7290006342645,false,טורטיה גדולה 840 גרם,,,טורטיה גדולה 840 גרם,גרמים,840.00,100 גרם,false,,16.90,0.0201,true,1,159715
7290006492432,false,בייבי מוצרלה 18% 150,,,בייבי מוצרלה 18% 150,גרמים,150.00,100 גרם,false,,14.90,0.0993,true,1,139974
7290006492852,false,גבינת עזים למריחה 5%,,,גבינת עזים למריחה 5%,גרמים,250.00,100 גרם,false,,17.90,0.0716,true,1,145767
7290006492913,false,גבינת לאבנה ציזיקי 5,,,גבינת לאבנה ציזיקי 5,גרמים,250.00,100 גרם,false,,12.90,0.0516,true,1,147351
7290006498052,false,יוגורט דנונה ביו 150,,,יוגורט דנונה ביו 150,גרמים,150.00,100 גרם,false,,2.60,0.0173,true,1,138711
7290006511751,false,שלישית פטריות חתוך ו,,,שלישית פטריות חתוך ו,Unknown,3.00,יחידה,false,,11.90,3.9667,true,1,159298
7290006582539,false,חמוציות 250 גרם,,,חמוציות 250 גרם,גרמים,250.00,100 גרם,false,,10.90,0.0436,true,1,164352
7290006618078,false,מרסס לניקוי המטבח אס,,,מרסס לניקוי המטבח אס,מיליליטרים,750.00,"100 מ""ל",false,,13.90,0.0185,true,1,142069
7290006618085,false,מרסס לניקוי האמבט 75,,,מרסס לניקוי האמבט 75,מיליליטרים,750.00,"100 מ""ל",false,,13.90,0.0185,true,1,142070
7290006653819,false,אסם קוסקוס דק 350 גר,,,אסם קוסקוס דק 350 גר,גרמים,350.00,100 גרם,false,,7.90,0.0226,true,1,141027
7290006664051,false,"אקטימל לבן 14*100 מ""",,,"אקטימל לבן 14*100 מ""",מיליליטרים,1400.00,"100 מ""ל",false,,29.90,0.0214,true,1,138712
7290006664655,false,"אקטימל לבן 8*100 מ""ל",,,"אקטימל לבן 8*100 מ""ל",מיליליטרים,800.00,"100 מ""ל",false,,20.90,0.0261,true,1,141419
7290006664990,false,מארז 8 חסכון - ביו 1,,,מארז 8 חסכון - ביו 1,גרמים,1200.00,100 גרם,false,,15.90,0.0133,true,1,141421
7290006681065,false,טעמקור XL,,,טעמקור XL,Unknown,1.00,יחידה,false,,7.90,7.9000,true,1,151499
7290006681553,false,קרמבו שטראוס וניל 8*,,,קרמבו שטראוס וניל 8*,Unknown,8.00,יחידה,false,,16.90,2.1125,true,1,147061
7290006681560,false,קרמבו בטעם מוקה שטרא,,,קרמבו בטעם מוקה שטרא,Unknown,8.00,יחידה,false,,16.90,2.1125,true,1,147062
7290006738615,false,קבב זהב 400 גרם,,,קבב זהב 400 גרם,גרמים,400.00,100 גרם,false,,19.90,0.0497,true,1,147003
7290006739421,false,נקניק סלמי מעושן איט,,,נקניק סלמי מעושן איט,גרמים,300.00,100 גרם,false,,25.90,0.0863,true,1,141934
7290006739421,false,נקניק סלמי מעושן איט,,,נקניק סלמי מעושן איט,גרמים,300.00,100 גרם,false,,25.90,0.0863,true,1,148438
7290006739445,false,שניצל תירס קלאסי 750,,,שניצל תירס קלאסי 750,גרמים,750.00,100 גרם,false,,22.90,0.0305,true,1,141943
7290006742162,false,המבורגר מזרחי 400 גר,,,המבורגר מזרחי 400 גר,גרמים,400.00,100 גרם,false,,19.90,0.0497,true,1,153418
7290006765000,false,טורטיה מקמח מלא 540,,,טורטיה מקמח מלא 540,גרמים,540.00,100 גרם,false,,9.90,0.0183,true,1,159716
7290006775337,false,עוגת שמרים פרג 400 ג,,,עוגת שמרים פרג 400 ג,גרמים,400.00,100 גרם,false,,10.90,0.0273,true,1,152859
7290006822192,false,פריגת דיאט חמוציות 1,,,פריגת דיאט חמוציות 1,מיליליטרים,1000.00,"100 מ""ל",false,,11.90,0.0119,true,1,140839
7290006983176,false,לחמית שיפון 230 גרם,,,לחמית שיפון 230 גרם,גרמים,230.00,100 גרם,false,,9.50,0.0413,true,1,141031
7290006983770,false,עוגת הבית בטעם שוקול,,,עוגת הבית בטעם שוקול,גרמים,400.00,100 גרם,false,,11.90,0.0298,true,1,141032
7290007065007,false,מוצרלה פרוסות 22% 20,,,מוצרלה פרוסות 22% 20,גרמים,200.00,100 גרם,false,,17.70,0.0885,true,1,141928
7290008154222,false,שניצלונים בציפוי מעו,,,שניצלונים בציפוי מעו,גרמים,700.00,100 גרם,false,,19.90,0.0284,true,1,141034
7290008175814,false,פטריות חתוכות 400 גר,,,פטריות חתוכות 400 גר,גרמים,400.00,100 גרם,false,,5.50,0.0138,true,1,138443
7290008190644,true,אגו אצבעות וופל שוקו,,,", ,       ,0",גרמים,0.00,"00000גרם,1,000000000",false,,6.90,0.0000,true,1,138287
7290008333115,false,אבקת ג'לטין טהור נטו,,,אבקת ג'לטין טהור נטו,גרמים,28.00,100 גרם,false,,9.90,0.3536,true,1,147556
7290008343466,false,בצק פילו שלושת האופי,,,בצק פילו שלושת האופי,גרמים,500.00,100 גרם,false,,21.90,0.0438,true,1,149289
7290008343558,false,בצק פילו שלושת האופי,,,בצק פילו שלושת האופי,גרמים,1000.00,100 גרם,false,,21.90,0.0219,true,1,147645
7290008343602,false,קובה בשר שלושת האופי,,,קובה בשר שלושת האופי,גרמים,1000.00,100 גרם,false,,21.90,0.0219,true,1,147647
7290008344272,false,המבורגר 100% 400 גרם,,,המבורגר 100% 400 גרם,גרמים,400.00,100 גרם,false,,19.90,0.0497,true,1,147649
7290008347181,false,מעדניה - פילה אמנון,,,מעדניה - פילה אמנון,קילוגרמים,1.00,"ק""ג",true,,30.90,30.9000,true,1,155545
7290008347891,false,מעדניה - פילה אמנון,,,מעדניה - פילה אמנון,קילוגרמים,1.00,"ק""ג",true,,30.90,30.9000,true,1,155546
7290008409216,false,שניצל דק דק פריך מאמ,,,שניצל דק דק פריך מאמ,גרמים,700.00,100 גרם,false,,39.90,0.0570,true,1,146745
7290008409582,false,שניצל עוף אמיתי בציפ,,,שניצל עוף אמיתי בציפ,גרמים,700.00,100 גרם,false,,39.90,0.0570,true,1,141879
7290008409773,false,קציצות עוף אמיתיות מ,,,קציצות עוף אמיתיות מ,גרמים,700.00,100 גרם,false,,24.90,0.0356,true,1,146071
7290008415071,false,צבר חומוס עם טחינה 1,,,צבר חומוס עם טחינה 1,גרמים,150.00,100 גרם,false,,4.90,0.0327,true,1,144296
7290008415514,false,צבר חומוס עם חריף 15,,,צבר חומוס עם חריף 15,גרמים,150.00,100 גרם,false,,4.90,0.0327,true,1,144297
7290008464024,false,גולדסטאר לא מסונן פח,,,גולדסטאר לא מסונן פח,מיליליטרים,500.00,"100 מ""ל",false,,8.90,0.0178,true,1,147193
7290008464345,false,"גולדסטאר 330 מ""ל",,,"גולדסטאר 330 מ""ל",מיליליטרים,330.00,"100 מ""ל",false,,7.20,0.0218,true,1,143938
7290008464468,false,"גולדסטאר פחית 500 מ""",,,"גולדסטאר פחית 500 מ""",מיליליטרים,500.00,"100 מ""ל",false,,8.40,0.0168,true,1,141199
7290008464604,false,"בירה הייניקן 500 מ""ל",,,"בירה הייניקן 500 מ""ל",מיליליטרים,500.00,"100 מ""ל",false,,11.90,0.0238,true,1,143113
7290008464604,false,"בירה הייניקן 500 מ""ל",,,"בירה הייניקן 500 מ""ל",מיליליטרים,500.00,"100 מ""ל",false,,11.90,0.0238,true,1,146514
7290008464741,false,בירה גולד סטאר שישיי,,,בירה גולד סטאר שישיי,מיליליטרים,1980.00,"100 מ""ל",false,,38.40,0.0194,true,1,141197
7290008464796,false,מארז שישייה הייניקן,,,מארז שישייה הייניקן,מיליליטרים,1980.00,"100 מ""ל",false,,38.40,0.0194,true,1,141200
7290008493413,false,פירורי גריסיני מאיר,,,פירורי גריסיני מאיר,גרמים,200.00,100 גרם,false,,6.20,0.0310,true,1,138345
7290008493710,false,פירורי גריסיני זהב מ,,,פירורי גריסיני זהב מ,גרמים,200.00,100 גרם,false,,6.20,0.0310,true,1,143325
7290008644112,false,סלט מטבוחה אחלה 125,,,סלט מטבוחה אחלה 125,גרמים,125.00,100 גרם,false,,4.90,0.0392,true,1,141422
7290008645935,false,חומוס אחלה 750 גרם,,,חומוס אחלה 750 גרם,גרמים,750.00,100 גרם,false,,10.90,0.0145,true,1,141423
7290008690713,false,נקטר חמוציות 1 ליטר,,,נקטר חמוציות 1 ליטר,קילוגרמים,1.00,ליטר,false,,12.20,12.2000,true,1,140842
7290008693134,false,"דניאלה תות 150 מ""ל",,,"דניאלה תות 150 מ""ל",גרמים,150.00,100 גרם,false,,4.10,0.0273,true,1,138713
7290008713900,false,לחם שיפון עגול פרוס,,,לחם שיפון עגול פרוס,גרמים,750.00,100 גרם,false,,12.90,0.0172,true,1,151957
7290008745239,false,תפוציפס קראנצ' טבעי,,,תפוציפס קראנצ' טבעי,גרמים,50.00,100 גרם,false,,4.00,0.0800,true,1,141638
7290008750264,false,מאסט דובדבן מגדים 28,,,מאסט דובדבן מגדים 28,גרמים,28.00,100 גרם,false,,4.50,0.1607,true,1,138716
7290008752244,false,תפוציפס קראנצ' גריל,,,תפוציפס קראנצ' גריל,גרמים,50.00,100 גרם,false,,4.00,0.0800,true,1,141639
7290008753111,false,תפוציפס קראנצ מקסיקנ,,,תפוציפס קראנצ מקסיקנ,גרמים,50.00,100 גרם,false,,4.00,0.0800,true,1,144527
7290008753364,false,דוריטוס גריל 55 גרם,,,דוריטוס גריל 55 גרם,גרמים,55.00,100 גרם,false,,3.50,0.0636,true,1,138839
7290008753388,false,דוריטוס טבעי 55 גר,,,דוריטוס טבעי 55 גר,גרמים,55.00,100 גרם,false,,3.50,0.0636,true,1,141640
7290008754415,false,מאסט ספירמינט מגדים,,,מאסט ספירמינט מגדים,גרמים,28.00,100 גרם,false,,4.50,0.1607,true,1,138718
7290008754422,false,Must LL קלאסי פפרמינ,,,Must LL קלאסי פפרמינ,גרמים,28.00,100 גרם,false,,4.50,0.1607,true,1,141429
7290008802512,false,יין אדום יבש וינו 75,,,יין אדום יבש וינו 75,מיליליטרים,750.00,"100 מ""ל",false,,22.20,0.0296,true,1,152127
7290008802529,false,יין לבן חצי יבש וינו,,,יין לבן חצי יבש וינו,מיליליטרים,750.00,"100 מ""ל",false,,22.20,0.0296,true,1,152128
7290008802895,false,יין אדום יבש קברנה ס,,,יין אדום יבש קברנה ס,מיליליטרים,750.00,"100 מ""ל",false,,39.90,0.0532,true,1,147843
7290008806305,false,פצפצים,,,פצפצים,Unknown,1.00,יחידה,false,,5.90,5.9000,true,1,151500
7290008849845,false,אריסה פיקנטית אוליבי,,,אריסה פיקנטית אוליבי,גרמים,185.00,100 גרם,false,,12.90,0.0697,true,1,147158
7290008909853,false,קולה ZERO בקבוק 500,,,קולה ZERO בקבוק 500,מיליליטרים,500.00,"100 מ""ל",false,,6.50,0.0130,true,1,140845
7290008909860,false,קוקה קולה זירו בקבוק,,,קוקה קולה זירו בקבוק,מיליליטרים,1500.00,"100 מ""ל",false,,8.80,0.0059,true,1,140846
7290009004366,false,תירס ארוז,,,תירס ארוז,קילוגרמים,1.00,"ק""ג",true,,11.90,11.9000,true,1,153549
7290010002023,false,כורכום טחון במיכל תב,,,כורכום טחון במיכל תב,גרמים,100.00,100 גרם,false,,11.90,0.1190,true,1,146682
7290010002030,false,כמון טחון במיכל תבלי,,,כמון טחון במיכל תבלי,גרמים,100.00,100 גרם,false,,11.90,0.1190,true,1,146683
7290010002061,false,פלפל לבן טחון במיכל,,,פלפל לבן טחון במיכל,גרמים,100.00,100 גרם,false,,17.90,0.1790,true,1,149291
7290010002078,false,פלפל שחור טחון במיכל,,,פלפל שחור טחון במיכל,גרמים,100.00,100 גרם,false,,15.50,0.1550,true,1,146685
7290010002122,false,פפריקה הונגרית מתוקה,,,פפריקה הונגרית מתוקה,גרמים,100.00,100 גרם,false,,11.90,0.1190,true,1,146687
7290010002139,false,פפריקה הונגרית חריפה,,,פפריקה הונגרית חריפה,גרמים,100.00,100 גרם,false,,11.90,0.1190,true,1,146688
7290010002146,false,פפריקה מרוקאית מתוקה,,,פפריקה מרוקאית מתוקה,גרמים,100.00,100 גרם,false,,11.90,0.1190,true,1,146689
7290010002207,false,קינמון טחון במיכל תב,,,קינמון טחון במיכל תב,גרמים,100.00,100 גרם,false,,9.90,0.0990,true,1,146690
7290010002214,false,צ'ילי גרוס במיכל תבל,,,צ'ילי גרוס במיכל תבל,גרמים,70.00,100 גרם,false,,11.90,0.1700,true,1,149295
7290010002320,false,תיבול לגריל עוף במיכ,,,תיבול לגריל עוף במיכ,גרמים,100.00,100 גרם,false,,11.90,0.1190,true,1,146691
7290010002405,false,טימין במיכל תבליני מ,,,טימין במיכל תבליני מ,גרמים,40.00,100 גרם,false,,9.90,0.2475,true,1,149302
7290010002498,false,שום גבישי במיכל תבלי,,,שום גבישי במיכל תבלי,גרמים,120.00,100 גרם,false,,15.50,0.1292,true,1,146695
7290010003440,false,שבבי בצל מטוגן תבלינ,,,שבבי בצל מטוגן תבלינ,גרמים,200.00,100 גרם,false,,11.90,0.0595,true,1,149307
7290010003693,false,פפריקה מתוקה בשקית ת,,,פפריקה מתוקה בשקית ת,גרמים,80.00,100 גרם,false,,6.30,0.0787,true,1,149309
7290010003709,false,פלפל שחור טחון בשקית,,,פלפל שחור טחון בשקית,גרמים,50.00,100 גרם,false,,7.90,0.1580,true,1,149310
7290010003754,false,כמון טחון בשקית מימו,,,כמון טחון בשקית מימו,גרמים,50.00,100 גרם,false,,6.30,0.1260,true,1,149311
7290010003761,false,כורכום טחון בשקית תב,,,כורכום טחון בשקית תב,גרמים,80.00,100 גרם,false,,6.30,0.0787,true,1,149312
7290010003792,false,מלח לימון בשקית תבלי,,,מלח לימון בשקית תבלי,גרמים,100.00,100 גרם,false,,6.30,0.0630,true,1,149315
7290010003839,false,קינמון טחון בשקית תב,,,קינמון טחון בשקית תב,גרמים,80.00,100 גרם,false,,6.30,0.0787,true,1,149318
7290010065059,false,מחית ג'וניור פירות מ,,,מחית ג'וניור פירות מ,גרמים,190.00,100 גרם,false,,7.90,0.0416,true,1,165656
7290010116980,false,שוקולית 850 גרם,,,שוקולית 850 גרם,גרמים,850.00,100 גרם,false,,17.90,0.0211,true,1,147960
7290010117857,false,דוריטוס חריף אש 55 ג,,,דוריטוס חריף אש 55 ג,גרמים,55.00,100 גרם,false,,3.50,0.0636,true,1,138841
7290010117970,false,בוטנים אמריקאים 50 ג,,,בוטנים אמריקאים 50 ג,גרמים,50.00,100 גרם,false,,2.90,0.0580,true,1,138842
7290010119950,false,דוריטוס חמוץ חריף 55,,,דוריטוס חמוץ חריף 55,גרמים,55.00,100 גרם,false,,3.50,0.0636,true,1,138843
7290010129676,false,עוגיות מרוקאיות ארוך,,,עוגיות מרוקאיות ארוך,גרמים,350.00,100 גרם,false,,16.90,0.0483,true,1,150689
7290010154012,false,לימון כבוש 250 גרם,,,לימון כבוש 250 גרם,גרמים,250.00,100 גרם,false,,13.90,0.0556,true,1,141334
7290010154241,false,חזרת ביטון 250 גרם,,,חזרת ביטון 250 גרם,גרמים,250.00,100 גרם,false,,13.90,0.0556,true,1,164168
7290010154265,false,פלפל צ'ומה 250 גרם,,,פלפל צ'ומה 250 גרם,גרמים,250.00,100 גרם,false,,12.90,0.0516,true,1,141337
7290010237685,false,בירה הייניקן 330מל צ,,,בירה הייניקן 330מל צ,מיליליטרים,330.00,"100 מ""ל",false,,8.20,0.0248,true,1,164530
7290010259847,false,מנת השף נודלס בטעם ת,,,מנת השף נודלס בטעם ת,גרמים,70.00,100 גרם,false,,5.50,0.0786,true,1,161890
7290010259854,false,נודלס מנת השף בטעם פ,,,נודלס מנת השף בטעם פ,גרמים,70.00,100 גרם,false,,5.50,0.0786,true,1,149883
7290010259861,false,נודלס עם ירקות מנת ה,,,נודלס עם ירקות מנת ה,גרמים,70.00,100 גרם,false,,5.50,0.0786,true,1,161891
7290010259977,false,שמן קנולה 1 ליטר,,,שמן קנולה 1 ליטר,מיליליטרים,1000.00,"100 מ""ל",false,,10.90,0.0109,true,1,143856
7290010328246,false,טחינה גולמית משומשום,,,טחינה גולמית משומשום,גרמים,500.00,100 גרם,false,,12.90,0.0258,true,1,142184
7290010328253,false,טחינה גולמית אחוה 50,,,טחינה גולמית אחוה 50,גרמים,500.00,100 גרם,false,,12.90,0.0258,true,1,139114
7290010328468,false,מיני חלווה חטיפי חלו,,,מיני חלווה חטיפי חלו,Unknown,18.00,יחידה,false,,11.90,0.6611,true,1,151562
7290010328727,false,ממרח טחינה עם שוקולד,,,ממרח טחינה עם שוקולד,גרמים,400.00,100 גרם,false,,12.90,0.0323,true,1,142185
7290010329599,true,אגו אצבעות וופל דאבל,,,", ,       ,0",גרמים,0.00,"00000גרם,1,000000000",false,,6.90,0.0000,true,1,138288
7290010429554,false,שמן זית כתית מעולה ק,,,שמן זית כתית מעולה ק,מיליליטרים,750.00,"100 מ""ל",false,,33.90,0.0452,true,1,146444
7290010471669,false,דנונה בר תות קורנפלק,,,דנונה בר תות קורנפלק,גרמים,175.00,100 גרם,false,,4.30,0.0246,true,1,141434
7290010472390,false,דני בטעם שוקולד שמינ,,,דני בטעם שוקולד שמינ,גרמים,1000.00,100 גרם,false,,15.90,0.0159,true,1,147088
7290010627004,false,טחינה ירושלים 500 גר,,,טחינה ירושלים 500 גר,גרמים,500.00,100 גרם,false,,15.90,0.0318,true,1,142189
7290010627844,false,טחינה שומשום מלא ירו,,,טחינה שומשום מלא ירו,גרמים,500.00,100 גרם,false,,15.90,0.0318,true,1,147053
7290010650033,false,בצלצלי שאלוט חוות תק,,,בצלצלי שאלוט חוות תק,גרמים,350.00,100 גרם,false,,11.90,0.0340,true,1,151945
7290010711673,true,100 שקיות אוכל מנייר,,,", ,       ,0","000יחידה,1,000000000",0.00,"000יחידה,1,000000000",false,,11.90,0.0000,true,1,137965
7290010814701,false,שוקולד חלב ללא תוספת,,,שוקולד חלב ללא תוספת,גרמים,85.00,100 גרם,false,,5.90,0.0694,true,1,138259
7290010883356,false,כפפות אלוורה L,,,כפפות אלוורה L,Unknown,1.00,יחידה,false,,10.90,10.9000,true,1,149092
7290010883363,false,כפפות אלוורה S,,,כפפות אלוורה S,Unknown,1.00,יחידה,false,,10.90,10.9000,true,1,149093
7290010931330,false,מטבוחה 500,,,מטבוחה 500,גרמים,575.00,100 גרם,false,,13.80,0.0240,true,1,148128
7290010984879,false,שום כתוש קפוא בצנצנת,,,שום כתוש קפוא בצנצנת,גרמים,200.00,100 גרם,false,,11.90,0.0595,true,1,152505
7290011017880,false,"סליק דק""ק 330 מ""ל מב",,,"סליק דק""ק 330 מ""ל מב",מיליליטרים,330.00,"100 מ""ל",false,,6.20,0.0188,true,1,136936
7290011018924,false,שישיית פחיות דיאט קו,,,שישיית פחיות דיאט קו,מיליליטרים,1980.00,"100 מ""ל",false,,25.70,0.0130,true,1,151720
7290011081492,false,גלידת קרמיסימו 1.33,,,גלידת קרמיסימו 1.33,מיליליטרים,1330.00,"100 מ""ל",false,,18.90,0.0142,true,1,151503
7290011132309,false,בירה גולדסטאר שישייה,,,בירה גולדסטאר שישייה,מיליליטרים,1980.00,"100 מ""ל",false,,41.70,0.0211,true,1,164563
7290011148591,false,כרובית,,,כרובית,יח',1.00,יח',false,,9.90,9.9000,true,1,161650
7290011164546,false,סוכריות טופי אטומיק,,,סוכריות טופי אטומיק,גרמים,600.00,100 גרם,false,,19.90,0.0332,true,1,159546
7290011194215,false,דניאלה בננה 150 גרם,,,דניאלה בננה 150 גרם,גרמים,150.00,100 גרם,false,,4.10,0.0273,true,1,138720
7290011194246,false,גבינת קוטג 5% שטראוס,,,גבינת קוטג 5% שטראוס,גרמים,250.00,100 גרם,false,,5.90,0.0236,true,1,138721
7290011223045,false,בישקוטים בונומי 200,,,בישקוטים בונומי 200,גרמים,200.00,100 גרם,false,,6.90,0.0345,true,1,147481
7290011239213,false,ממתק מחרום 100 גרם,,,ממתק מחרום 100 גרם,גרמים,100.00,100 גרם,false,,5.90,0.0590,true,1,138860
7290011249748,false,רולים שוקו 100 גרם,,,רולים שוקו 100 גרם,גרמים,100.00,100 גרם,false,,3.90,0.0390,true,1,150546
7290011249755,false,רולים אגוז 100 גרם,,,רולים אגוז 100 גרם,גרמים,100.00,100 גרם,false,,3.90,0.0390,true,1,150547
7290011276461,true,בצל ירוק,,,", ,       ,0","000יחידה,1,000000000",0.00,"000יחידה,1,000000000",false,,5.00,0.0000,true,1,138005
7290011276485,false,חסה עגולה רמי לוי,,,חסה עגולה רמי לוי,Unknown,1.00,יחידה,false,,6.90,6.9000,true,1,150370
7290011432751,false,שקית גופיה רמי לוי ב,,,שקית גופיה רמי לוי ב,פריט,1.00,"ק""ג",false,,0.10,0.1000,true,1,156681
7290011432775,false,שקית גופיה סופרקופיק,,,שקית גופיה סופרקופיק,Unknown,1.00,יחידה,false,,0.10,0.1000,true,1,154252
7290011438142,false,אייס קפה 2% יטבתה 35,,,אייס קפה 2% יטבתה 35,מיליליטרים,350.00,"100 מ""ל",false,,6.20,0.0177,true,1,141436
7290011447281,false,מטרנה חלבי חיסכון של,,,מטרנה חלבי חיסכון של,גרמים,700.00,100 גרם,false,,49.90,0.0713,true,1,156947
7290011488062,false,בצל שאלוט,,,בצל שאלוט,פריט,1.00,"ק""ג",false,,11.90,11.9000,true,1,167521
7290011499051,false,גבינת פטה כבשים 20%,,,גבינת פטה כבשים 20%,גרמים,250.00,100 גרם,false,,26.50,0.1060,true,1,147352
7290011499129,false,קוביות גבינה בולגרית,,,קוביות גבינה בולגרית,גרמים,200.00,100 גרם,false,,22.90,0.1145,true,1,139975
7290011499303,false,גבינת פטה עיזים מעוד,,,גבינת פטה עיזים מעוד,גרמים,250.00,100 גרם,false,,30.90,0.1236,true,1,147354
7290011499358,false,גבינת פטה מחלב עיזים,,,גבינת פטה מחלב עיזים,גרמים,200.00,100 גרם,false,,27.90,0.1395,true,1,147356
7290011499365,false,חלומי 24% 200 גרם,,,חלומי 24% 200 גרם,גרמים,200.00,100 גרם,false,,20.90,0.1045,true,1,140371
7290011499419,false,גבינה במרקם שמנת ניו,,,גבינה במרקם שמנת ניו,גרמים,200.00,100 גרם,false,,11.90,0.0595,true,1,147357
7290011499525,false,גבינת לאבנה דרוזית 9,,,גבינת לאבנה דרוזית 9,גרמים,500.00,100 גרם,false,,19.90,0.0398,true,1,147358
7290011499624,false,גבינת שמנת ניו יורק,,,גבינת שמנת ניו יורק,גרמים,200.00,100 גרם,false,,12.90,0.0645,true,1,147359
7290011505776,true,שיפודי במבוק 75 יחיד,,,", ,       ,0","000יחידה,1,000000000",0.00,"000יחידה,1,000000000",false,,5.00,0.0000,true,1,139132
7290011518561,false,"אקטימל תות 14*100 מ""",,,"אקטימל תות 14*100 מ""",מיליליטרים,1400.00,"100 מ""ל",false,,29.90,0.0214,true,1,138722
7290011570507,false,קמח נטול גלוטן כרגיל,,,קמח נטול גלוטן כרגיל,גרמים,450.00,100 גרם,false,,17.90,0.0398,true,1,163671
7290011598211,false,אנטי קאלק מרסס 4 ב-,,,אנטי קאלק מרסס 4 ב-,מיליליטרים,750.00,"100 מ""ל",false,,17.90,0.0239,true,1,142990
7290011598365,false,4 מטליות פרופישוניל,,,4 מטליות פרופישוניל,Unknown,4.00,יחידה,false,,14.90,3.7250,true,1,149096
7290011618124,false,בייבי ביס חטיף אורז,,,בייבי ביס חטיף אורז,גרמים,50.00,100 גרם,false,,11.90,0.2380,true,1,147483
7290011723200,false,טחינה הר ברכה 500 גר,,,טחינה הר ברכה 500 גר,גרמים,500.00,100 גרם,false,,18.90,0.0378,true,1,142198
7290011765217,false,ג'ל חיטוי ידיים אלוו,,,ג'ל חיטוי ידיים אלוו,מיליליטרים,100.00,"100 מ""ל",false,,10.90,0.1090,true,1,152976
7290011765446,false,משחת שיניים אורביטול,,,משחת שיניים אורביטול,גרמים,70.00,100 גרם,false,,7.90,0.1129,true,1,148886
7290011778354,false,ביצים חופשיות מן הטב,,,ביצים חופשיות מן הטב,Unknown,20.00,יחידה,false,,29.90,1.4950,true,1,165172
7290011877101,false,סנומוד מטהר אוויר מא,,,סנומוד מטהר אוויר מא,מיליליטרים,150.00,"100 מ""ל",false,,10.90,0.0727,true,1,144451
7290011977924,false,פסטה בילאג'יו קרניים,,,פסטה בילאג'יו קרניים,גרמים,500.00,100 גרם,false,,4.90,0.0098,true,1,162987
7290012022203,false,קליליות פרכיות חיטה,,,קליליות פרכיות חיטה,גרמים,100.00,100 גרם,false,,13.90,0.1390,true,1,161144
7290012022227,false,קליליות פרכיות בטעם,,,קליליות פרכיות בטעם,גרמים,70.00,100 גרם,false,,11.90,0.1700,true,1,161145
7290012022272,false,קליליות קידס פרכיות,,,קליליות קידס פרכיות,גרמים,30.00,100 גרם,false,,10.90,0.3633,true,1,161146
7290012022883,false,נגיסי קוקוס אפויים ב,,,נגיסי קוקוס אפויים ב,גרמים,50.00,100 גרם,false,,10.90,0.2180,true,1,161143
7290012025822,false,סלק אסלי 400 גרם,,,סלק אסלי 400 גרם,גרמים,400.00,100 גרם,false,,10.90,0.0273,true,1,162564
7290012173615,true,פקאן סיני,,,", ,       ,0","00000000,0,000000000",0.00,"00000000,0,000000000",false,,21.90,0.0000,true,1,142341
7290012173820,true,פיסטוק קלוי,,,", ,       ,0","00000000,0,000000000",0.00,"00000000,0,000000000",false,,14.90,0.0000,true,1,142356
7290012226120,false,קבנוס זוגלובק 135 גר,,,קבנוס זוגלובק 135 גר,גרמים,135.00,100 גרם,false,,10.90,0.0807,true,1,147016
7290012226922,false,קבנוס עם שום 135 גרם,,,קבנוס עם שום 135 גרם,גרמים,135.00,100 גרם,false,,10.90,0.0807,true,1,152086
7290012226939,false,קבנוס עם צ'ילי חריף,,,קבנוס עם צ'ילי חריף,גרמים,135.00,100 גרם,false,,10.90,0.0807,true,1,152087
7290012227974,false,פסטרמה בדבש 120 גרם,,,פסטרמה בדבש 120 גרם,גרמים,120.00,100 גרם,false,,14.70,0.1225,true,1,147026
7290012227981,false,פסטרמה ברביקיו 120 ג,,,פסטרמה ברביקיו 120 ג,גרמים,120.00,100 גרם,false,,14.70,0.1225,true,1,147027
7290012227998,false,חזה בקר 120 גרם,,,חזה בקר 120 גרם,גרמים,120.00,100 גרם,false,,14.70,0.1225,true,1,147028
7290012228124,false,קבנוסטיקס - חטיף קבנ,,,קבנוסטיקס - חטיף קבנ,גרמים,50.00,100 גרם,false,,9.90,0.1980,true,1,147029
7290012228261,false,נקניקיות הודו פרמיום,,,נקניקיות הודו פרמיום,גרמים,300.00,100 גרם,false,,21.90,0.0730,true,1,147035
7290012228278,false,נקניקיות הודו -בקר (,,,נקניקיות הודו -בקר (,גרמים,310.00,100 גרם,false,,21.90,0.0706,true,1,147036
7290012295065,false,תרד רמי לוי,,,תרד רמי לוי,Unknown,1.00,יחידה,false,,9.90,9.9000,true,1,150349
7290012309878,false,חלבה עם פיסטוק 500 ג,,,חלבה עם פיסטוק 500 ג,גרמים,500.00,100 גרם,false,,13.90,0.0278,true,1,154370
7290012313240,false,מיקס זית ירוק וקלמטה,,,מיקס זית ירוק וקלמטה,גרמים,560.00,100 גרם,false,,11.90,0.0213,true,1,161403
7290012526602,false,כוסות שתיה קרה 100 י,כוסות שתיה קרה 4 ב 1,,כוסות שתיה קרה 100 י,Unknown,100.00,יחידה,false,,7.90,0.0790,true,1,148053
7290012588846,true,מארז מים מינרליים די,,,", ,       ,0","000יחידה,1,000000000",0.00,"000יחידה,1,000000000",false,,9.90,0.0000,true,1,147109
7290012645112,false,"יוגורט עיזים 750 מ""ל",,,"יוגורט עיזים 750 מ""ל",מיליליטרים,750.00,"100 מ""ל",false,,19.90,0.0265,true,1,143332
7290012645129,false,"יוגורט כבשים 750 מ""ל",,,"יוגורט כבשים 750 מ""ל",מיליליטרים,750.00,"100 מ""ל",false,,19.90,0.0265,true,1,143333
7290012803055,false,סוכרלוז 100 שקיות,,,סוכרלוז 100 שקיות,Unknown,100.00,יחידה,false,,26.90,0.2690,true,1,147485
7290012803215,false,ופל בלגי ללא תוספת ס,,,ופל בלגי ללא תוספת ס,גרמים,200.00,100 גרם,false,,9.90,0.0495,true,1,139040
7290012803222,false,ופל בלגי בטעם לימון,,,ופל בלגי בטעם לימון,גרמים,200.00,100 גרם,false,,9.90,0.0495,true,1,139041
7290012803765,false,טוסו שוקולד מריר ללא,,,טוסו שוקולד מריר ללא,גרמים,10.00,100 גרם,false,,9.90,0.9900,true,1,147486
7290012823398,false,מטליות לחות לרצפה בנ,,,מטליות לחות לרצפה בנ,Unknown,1.00,יחידה,false,,12.90,12.9000,true,1,146979
7290012901355,false,ארוחת מקרוני עם רוטב,,,ארוחת מקרוני עם רוטב,גרמים,206.00,100 גרם,false,,12.90,0.0626,true,1,142209
7290012901959,false,ארוחת פסטה עם רוטב ג,,,ארוחת פסטה עם רוטב ג,גרמים,156.00,100 גרם,false,,12.90,0.0827,true,1,161366
7290012936944,false,אגוז מוסקט טחון במיכ,,,אגוז מוסקט טחון במיכ,גרמים,40.00,100 גרם,false,,14.90,0.3725,true,1,149328
7290013027399,false,לחם קל פרוס 100% קמח,,,לחם קל פרוס 100% קמח,גרמים,750.00,100 גרם,false,,13.90,0.0185,true,1,151958
7290013038432,false,מים מזוככים אקווה נו,,,מים מזוככים אקווה נו,מיליליטרים,2000.00,"100 מ""ל",false,,3.90,0.0019,true,1,159642
7290013089809,false,מעדניה - פילה אמנון,,,מעדניה - פילה אמנון,קילוגרמים,1.00,"ק""ג",true,,30.90,30.9000,true,1,155548
7290013117212,false,בורקס פילו גבינה מעד,,,בורקס פילו גבינה מעד,גרמים,600.00,100 גרם,false,,19.90,0.0332,true,1,141881
7290013117410,false,בצק פריך מתוק מרודד,,,בצק פריך מתוק מרודד,גרמים,900.00,100 גרם,false,,21.90,0.0243,true,1,141883
7290013117427,false,בצק פריך מרודד למאפי,,,בצק פריך מרודד למאפי,גרמים,900.00,100 גרם,false,,24.90,0.0277,true,1,141884
7290013117526,false,בצק שמרים מרודד למאפ,,,בצק שמרים מרודד למאפ,גרמים,900.00,100 גרם,false,,22.90,0.0254,true,1,141885
7290013144171,false,תערובת עוגת שוקולד 5,,,תערובת עוגת שוקולד 5,גרמים,560.00,100 גרם,false,,17.50,0.0313,true,1,146697
7290013144188,false,תערובת בראוניז 600 ג,,,תערובת בראוניז 600 ג,גרמים,600.00,100 גרם,false,,17.50,0.0292,true,1,146698
7290013144218,false,תערובת עוגת וניל 560,,,תערובת עוגת וניל 560,גרמים,560.00,100 גרם,false,,17.50,0.0313,true,1,146701
7290013144232,false,פודינג וניל 80 גרם,,,פודינג וניל 80 גרם,גרמים,85.00,100 גרם,false,,5.00,0.0588,true,1,146703
7290013144249,false,פודינג שוקולד 95 גרם,,,פודינג שוקולד 95 גרם,גרמים,95.00,100 גרם,false,,5.00,0.0526,true,1,146704
7290013144393,false,מימונס תמצית בטעם ונ,,,מימונס תמצית בטעם ונ,גרמים,50.00,100 גרם,false,,4.90,0.0980,true,1,140389
7290013144508,false,מימונס תמצית בטעם ור,,,מימונס תמצית בטעם ור,גרמים,50.00,100 גרם,false,,10.90,0.2180,true,1,141971
7290013144522,false,מימונס צבע מאכל ירוק,,,מימונס צבע מאכל ירוק,גרמים,50.00,100 גרם,false,,4.50,0.0900,true,1,146708
7290013144539,false,מימונס צבע מאכל אדום,,,מימונס צבע מאכל אדום,גרמים,50.00,100 גרם,false,,4.50,0.0900,true,1,141972
7290013144614,false,מימונס סירופ מייפל א,,,מימונס סירופ מייפל א,מיליליטרים,236.00,"100 מ""ל",false,,29.90,0.1267,true,1,146710
7290013145048,false,"צנוברים כשל""פ 100 גר",,,"צנוברים כשל""פ 100 גר",גרמים,100.00,100 גרם,false,,26.90,0.2690,true,1,144763
7290013145109,false,שקד מולבן טחון 100 ג,,,שקד מולבן טחון 100 ג,גרמים,100.00,100 גרם,false,,13.50,0.1350,true,1,144766
7290013145178,false,מימונס קוקוס טחון לב,,,מימונס קוקוס טחון לב,גרמים,100.00,100 גרם,false,,5.00,0.0500,true,1,144768
7290013145192,false,מימונס שומשום 100 גר,,,מימונס שומשום 100 גר,גרמים,100.00,100 גרם,false,,4.60,0.0460,true,1,144769
7290013145215,false,שומשום 400 גרם,,,שומשום 400 גרם,גרמים,400.00,100 גרם,false,,14.90,0.0373,true,1,149039
7290013145451,false,אבקת קקאו 150 גרם שק,,,אבקת קקאו 150 גרם שק,גרמים,150.00,100 גרם,false,,9.50,0.0633,true,1,157295
7290013145536,false,סוכריות שוקולד לקישו,,,סוכריות שוקולד לקישו,גרמים,85.00,100 גרם,false,,4.80,0.0565,true,1,142221
7290013145628,false,מימונס סוכריות צבעונ,,,מימונס סוכריות צבעונ,גרמים,200.00,100 גרם,false,,9.90,0.0495,true,1,141975
7290013145826,false,פודינג בטעם וניל לבן,,,פודינג בטעם וניל לבן,גרמים,80.00,100 גרם,false,,5.00,0.0625,true,1,151952
7290013145840,false,סוכר וניל 10 יח' בצל,,,סוכר וניל 10 יח' בצל,גרמים,100.00,100 גרם,false,,2.50,0.0250,true,1,144770
7290013145857,false,אבקת אפיה 10 יח' בצל,,,אבקת אפיה 10 יח' בצל,גרמים,100.00,100 גרם,false,,2.50,0.0250,true,1,140477
7290013145918,false,מימונס אבקת סוכר 100,,,מימונס אבקת סוכר 100,גרמים,100.00,100 גרם,false,,2.00,0.0200,true,1,144476
7290013145956,false,שמרים יבשים בואקום 5,,,שמרים יבשים בואקום 5,גרמים,500.00,100 גרם,false,,13.90,0.0278,true,1,141979
7290013145963,false,מימונס שמרים יבשים ב,,,מימונס שמרים יבשים ב,גרמים,125.00,100 גרם,false,,5.90,0.0472,true,1,142222
7290013145970,false,מימונס קורנפלור 200,,,מימונס קורנפלור 200,גרמים,200.00,100 גרם,false,,3.90,0.0195,true,1,142223
7290013146724,false,אבקה להכנת אייס קפה,,,אבקה להכנת אייס קפה,גרמים,350.00,100 גרם,false,,18.90,0.0540,true,1,161866
7290013146816,false,אבקת סוכר שקית 500 ג,,,אבקת סוכר שקית 500 ג,גרמים,500.00,100 גרם,false,,7.90,0.0158,true,1,150145
7290013268891,false,ג'ל להסרת כתמי סנו א,,,ג'ל להסרת כתמי סנו א,מיליליטרים,3000.00,"100 מ""ל",false,,29.90,0.0100,true,1,147301
7290013268990,false,מרכך מרוכז ביו 1 ליט,,,מרכך מרוכז ביו 1 ליט,מיליליטרים,1000.00,"100 מ""ל",false,,17.90,0.0179,true,1,142992
7290013269287,false,מקסימה ג'ל כביסה 3 ל,,,מקסימה ג'ל כביסה 3 ל,מיליליטרים,3000.00,"100 מ""ל",false,,29.90,0.0100,true,1,149108
7290013269751,false,מטליות לחות לריצפה ה,,,מטליות לחות לריצפה ה,Unknown,1.00,יחידה,false,,12.90,12.9000,true,1,152907
7290013284310,false,רוטב פסטה לילדים פרי,,,רוטב פסטה לילדים פרי,גרמים,240.00,100 גרם,false,,5.50,0.0229,true,1,138728
7290013284662,false,רוטב פיצה פיתה פריני,,,רוטב פיצה פיתה פריני,גרמים,240.00,100 גרם,false,,5.50,0.0229,true,1,138729
7290013302199,true,משקה אנרגיה שוס 250,,,", ,       ,0",מיליליטרים,0.00,"00000מ""ל,1,000000000",false,,5.00,0.0000,true,1,138367
7290013358356,false,פירורי לחם מוזהבים מ,,,פירורי לחם מוזהבים מ,גרמים,320.00,100 גרם,false,,7.80,0.0244,true,1,141252
7290013358363,false,פירורי לחם בסגנון יפ,,,פירורי לחם בסגנון יפ,גרמים,300.00,100 גרם,false,,11.90,0.0397,true,1,155711
7290013358417,false,רוטב טריאקי מאסטר שף,,,רוטב טריאקי מאסטר שף,מיליליטרים,300.00,"100 מ""ל",false,,10.90,0.0363,true,1,155712
7290013358530,false,רוטב צ'ילי מתוק מאסט,,,רוטב צ'ילי מתוק מאסט,מיליליטרים,700.00,"100 מ""ל",false,,13.90,0.0199,true,1,141258
7290013472199,false,ערמונים קלופים וקלוי,,,ערמונים קלופים וקלוי,גרמים,100.00,100 גרם,false,,5.90,0.0590,true,1,143243
7290013584182,true,ספרייט 1.5 ל',,,", ,       ,0","00000000,0,000000000",0.00,"00000000,0,000000000",false,,7.90,0.0000,true,1,140863
7290013585233,false,סליק ספרייט זירו 330,,,סליק ספרייט זירו 330,מיליליטרים,330.00,"100 מ""ל",false,,6.20,0.0188,true,1,136942
7290013585967,false,שישיית פחיות ספרייט,,,שישיית פחיות ספרייט,מיליליטרים,1980.00,"100 מ""ל",false,,25.70,0.0130,true,1,151721
7290013608260,false,מיץ רימונים 100% סחו,,,מיץ רימונים 100% סחו,מיליליטרים,1000.00,"100 מ""ל",false,,22.90,0.0229,true,1,141446
7290013675194,false,שניצל אמיתי ביתי לא,,,שניצל אמיתי ביתי לא,גרמים,700.00,100 גרם,false,,39.90,0.0570,true,1,152751
7290013702036,true,שוופס WATER אפרסק 50,,,", ,       ,0",מיליליטרים,0.00,"00000מ""ל,1,000000000",false,,6.30,0.0000,true,1,137780
7290013774019,true,30 ביצים תבנית L,,,", ,       ,0","00000000,0,000000000",0.00,"00000000,0,000000000",false,,35.00,0.0000,true,1,143041
7290013843050,false,כוסות שתיה קרה 100 י,כוסות שתיה קרה 4 ב 1,,כוסות שתיה קרה 100 י,Unknown,100.00,יחידה,false,,7.90,0.0790,true,1,151572
7290013847867,false,טונה בהירה בשמן קנול,,,טונה בהירה בשמן קנול,גרמים,280.00,100 גרם,false,,12.90,0.0461,true,1,162543
7290013849205,false,כוסות שתיה קרה 100 י,כוסות שתיה קרה 4 ב 1,,כוסות שתיה קרה 100 י,Unknown,100.00,יחידה,false,,7.90,0.0790,true,1,156972
7290014002203,false,חליטת לימונית לואיזה,,,חליטת לימונית לואיזה,Unknown,25.00,יחידה,false,,17.90,0.7160,true,1,141175
7290014002944,false,חליטת חמדת השקד הגן,,,חליטת חמדת השקד הגן,Unknown,25.00,יחידה,false,,17.50,0.7000,true,1,150060
7290014079984,true,פרחי כרובית,,,", ,       ,0",ליטרים,0.00,ליטר,false,,10.00,0.0000,true,1,138035
7290014094567,false,שמן זית כתית מעולה א,,,שמן זית כתית מעולה א,גרמים,750.00,100 גרם,false,,32.90,0.0439,true,1,157149
7290014094826,false,שזיף מיובש מגולען שק,,,שזיף מיובש מגולען שק,גרמים,300.00,100 גרם,false,,21.90,0.0730,true,1,164364
7290014094857,false,פקאן סיני מסוכר 150,,,פקאן סיני מסוכר 150,גרמים,150.00,100 גרם,false,,19.90,0.1327,true,1,159720
7290014094864,false,פיסטוק קלוי 170 גר',,,פיסטוק קלוי 170 גר',גרמים,170.00,100 גרם,false,,19.90,0.1171,true,1,159721
7290014094895,false,אגוזים קלופים בשקית,,,אגוזים קלופים בשקית,גרמים,150.00,100 גרם,false,,11.90,0.0793,true,1,161104
7290014455245,false,גבינת גרנה פדנו קשה,,,גבינת גרנה פדנו קשה,גרמים,200.00,100 גרם,false,,25.90,0.1295,true,1,147362
7290014459472,false,תפוגן צ'יפס קלאסי 2,,,תפוגן צ'יפס קלאסי 2,גרמים,2000.00,100 גרם,false,,26.90,0.0134,true,1,160996
7290014471412,false,מוזלי בוטנים אגוזים,,,מוזלי בוטנים אגוזים,גרמים,1000.00,100 גרם,false,,19.90,0.0199,true,1,156970
7290014471443,false,גרנולה צימוקים ואגוז,,,גרנולה צימוקים ואגוז,גרמים,1000.00,100 גרם,false,,19.90,0.0199,true,1,154506
7290014472136,false,גרעין שחור קלוי  150,,,גרעין שחור קלוי  150,גרמים,150.00,100 גרם,false,,4.90,0.0327,true,1,166727
7290014581036,false,פחם מעץ טבעי להבה 2,,,פחם מעץ טבעי להבה 2,גרמים,2000.00,100 גרם,false,,15.90,0.0080,true,1,164428
7290014603028,false,סולרו תות יחידתי,,,סולרו תות יחידתי,Unknown,1.00,יחידה,false,,8.50,8.5000,true,1,158270
7290014673007,false,תערובת עשבי תיבול בס,,,תערובת עשבי תיבול בס,גרמים,40.00,100 גרם,false,,11.90,0.2975,true,1,161868
7290014673359,false,מלח לימון במיכל תבלי,,,מלח לימון במיכל תבלי,גרמים,400.00,100 גרם,false,,22.90,0.0572,true,1,149330
7290014673366,false,כורכום טחון במיכל תב,,,כורכום טחון במיכל תב,גרמים,250.00,100 גרם,false,,21.90,0.0876,true,1,149331
7290014673434,false,פלפל שחור גרוס דק בש,,,פלפל שחור גרוס דק בש,גרמים,80.00,100 גרם,false,,8.90,0.1113,true,1,149337
7290014692565,false,גרעיני תירס מתוק ויל,,,גרעיני תירס מתוק ויל,גרמים,320.00,100 גרם,false,,5.90,0.0184,true,1,157814
7290014692749,false,שמן זית כתית מעולה ו,,,שמן זית כתית מעולה ו,גרמים,750.00,100 גרם,false,,32.90,0.0439,true,1,164207
7290014749764,false,שניצל עוף ביתי עדין,,,שניצל עוף ביתי עדין,גרמים,700.00,100 גרם,false,,44.90,0.0641,true,1,157780
7290014749887,false,שניצל דק ענק קריספי,,,שניצל דק ענק קריספי,גרמים,720.00,100 גרם,false,,34.90,0.0485,true,1,159168
7290014758117,false,יוגורט ביו 1.5% תנוב,,,יוגורט ביו 1.5% תנוב,Unknown,8.00,יחידה,false,,16.90,2.1125,true,1,140284
7290014758162,false,חלב עיזים מלא 3.6% ת,,,חלב עיזים מלא 3.6% ת,מיליליטרים,1000.00,"100 מ""ל",false,,14.90,0.0149,true,1,140285
7290014759084,false,נפוליאון גבינת שמנת,,,נפוליאון גבינת שמנת,גרמים,225.00,100 גרם,false,,13.90,0.0618,true,1,141837
7290014759985,false,פלח פרמזן גבע 23% 20,,,פלח פרמזן גבע 23% 20,גרמים,200.00,100 גרם,false,,23.90,0.1195,true,1,141839
7290014760134,false,מאגדת מעדן סויה וניל,,,מאגדת מעדן סויה וניל,גרמים,250.00,100 גרם,false,,4.20,0.0168,true,1,145956
7290014760141,false,משקה שקדים טרי 1 ליט,,,משקה שקדים טרי 1 ליט,מיליליטרים,1000.00,"100 מ""ל",false,,12.90,0.0129,true,1,140290
7290014761056,false,מעדן חלב עם שוקולד ח,,,מעדן חלב עם שוקולד ח,גרמים,123.00,100 גרם,false,,4.70,0.0382,true,1,139220
7290014761063,false,מעדן חלב עם שוקולד מ,,,מעדן חלב עם שוקולד מ,גרמים,123.00,100 גרם,false,,4.70,0.0382,true,1,139221
7290014761070,false,מעדן חלב עם שוקולד ל,,,מעדן חלב עם שוקולד ל,גרמים,123.00,100 גרם,false,,4.70,0.0382,true,1,139222
7290014761193,false,פרילי פירות יער 1.5%,,,פרילי פירות יער 1.5%,מיליליטרים,125.00,"100 מ""ל",false,,3.50,0.0280,true,1,164622
7290014761612,false,מעדן שכבות שוקולד לב,,,מעדן שכבות שוקולד לב,גרמים,123.00,100 גרם,false,,4.70,0.0382,true,1,139225
7290014762800,false,מעדן סויה שוקולד גבי,,,מעדן סויה שוקולד גבי,גרמים,125.00,100 גרם,false,,4.20,0.0336,true,1,145958
7290014762831,false,נפוליאון גבינת שמנת,,,נפוליאון גבינת שמנת,גרמים,225.00,100 גרם,false,,13.90,0.0618,true,1,140297
7290014940901,false,לחם פשוט מלא 750 גרם,,,לחם פשוט מלא 750 גרם,גרמים,750.00,100 גרם,false,,13.90,0.0185,true,1,151959
7290014974562,false,גביעי גלידה קלאסיים,,,גביעי גלידה קלאסיים,Unknown,24.00,יחידה,false,,8.90,0.3708,true,1,150551
7290015014082,false,לבבות קיסר 250 גרם,,,לבבות קיסר 250 גרם,גרמים,250.00,100 גרם,false,,10.90,0.0436,true,1,167575
7290015014182,false,לבבות קיסר בשקית רמי,,,לבבות קיסר בשקית רמי,Unknown,1.00,יחידה,false,,9.90,9.9000,true,1,150388
7290015014274,false,צנוניות רמי לוי 500,,,צנוניות רמי לוי 500,גרמים,500.00,100 גרם,false,,5.90,0.0118,true,1,150390
7290015014458,false,מרווה,,,מרווה,Unknown,1.00,יחידה,false,,5.90,5.9000,true,1,150392
7290015014465,false,רוזמרין,,,רוזמרין,Unknown,1.00,יחידה,false,,5.90,5.9000,true,1,150393
7290015014472,false,טימין תקומה,,,טימין תקומה,Unknown,1.00,יחידה,false,,5.90,5.9000,true,1,150394
7290015039246,false,נתחי טונה בהירה בשמן,,,נתחי טונה בהירה בשמן,גרמים,640.00,100 גרם,false,,21.90,0.0342,true,1,145614
7290015039338,false,נתחי טונה במי מלח וי,,,נתחי טונה במי מלח וי,גרמים,640.00,100 גרם,false,,21.90,0.0342,true,1,145615
7290015139462,true,מיקסים בייגלה מצופה,,,", ,       ,0","000יחידה,1,000000000",0.00,"000יחידה,1,000000000",false,,5.50,0.0000,true,1,138261
7290015139465,false,אגו מיקס בייגלה מצופ,,,אגו מיקס בייגלה מצופ,גרמים,55.00,100 גרם,false,,3.90,0.0709,true,1,138262
7290015139519,false,אגו מיקס קוביות וופל,,,אגו מיקס קוביות וופל,גרמים,55.00,100 גרם,false,,3.90,0.0709,true,1,147081
7290015282000,false,איקרה אדומה 200 גרם,,,איקרה אדומה 200 גרם,גרמים,200.00,100 גרם,false,,13.90,0.0695,true,1,162575
7290015282024,false,איקרה לבנה 200 גרם,,,איקרה לבנה 200 גרם,גרמים,200.00,100 גרם,false,,13.90,0.0695,true,1,162577
7290015282598,false,חומוס מסעדות 200 גרם,,,חומוס מסעדות 200 גרם,גרמים,200.00,100 גרם,false,,10.90,0.0545,true,1,162579
7290015282628,false,חציל בטעם כבד 200 גר,,,חציל בטעם כבד 200 גר,גרמים,200.00,100 גרם,false,,11.90,0.0595,true,1,162581
7290015282697,false,כרוב אדום 200 גרם,,,כרוב אדום 200 גרם,גרמים,200.00,100 גרם,false,,11.90,0.0595,true,1,162583
7290015282741,false,חציל תאילנדי 200 גרם,,,חציל תאילנדי 200 גרם,גרמים,200.00,100 גרם,false,,11.90,0.0595,true,1,162584
7290015395939,false,חטיף יפני 150 גרם-שש,,,חטיף יפני 150 גרם-שש,גרמים,150.00,100 גרם,false,,15.90,0.1060,true,1,154372
7290015530910,false,חלה חצי מתוקה 350 גר,,,חלה חצי מתוקה 350 גר,גרמים,350.00,100 גרם,false,,5.90,0.0169,true,1,138215
7290015652070,false,קשיו קלוי 150 גרם שק,,,קשיו קלוי 150 גרם שק,גרמים,150.00,100 גרם,false,,12.90,0.0860,true,1,159727
7290015652087,false,תערובת פיצוחים 150 ג,,,תערובת פיצוחים 150 ג,גרמים,150.00,100 גרם,false,,12.90,0.0860,true,1,159728
7290015681162,false,שניצל תירס רמי לוי 7,,,שניצל תירס רמי לוי 7,גרמים,750.00,100 גרם,false,,19.90,0.0265,true,1,152516
7290015719797,false,חסה ערבית יחידה,,,חסה ערבית יחידה,פריט,1.00,"ק""ג",false,,4.90,4.9000,true,1,161796
7290015781077,false,יין ויז'ן קברנה סובנ,,,יין ויז'ן קברנה סובנ,מיליליטרים,750.00,"100 מ""ל",false,,39.90,0.0532,true,1,166697
7290015834209,false,רמי לוי צ'יפס קלאסי,,,רמי לוי צ'יפס קלאסי,גרמים,2000.00,100 גרם,false,,23.90,0.0119,true,1,148279
7290015834445,false,רמי לוי סטיק צ'יפס 2,,,רמי לוי סטיק צ'יפס 2,גרמים,2000.00,100 גרם,false,,23.90,0.0119,true,1,148281
7290015835039,false,כריות יפניות עבות רמ,,,כריות יפניות עבות רמ,Unknown,6.00,יחידה,false,,8.90,1.4833,true,1,144630
7290015835114,false,צמר פלדה 100 גרם,,,צמר פלדה 100 גרם,גרמים,100.00,100 גרם,false,,4.50,0.0450,true,1,154374
7290015835121,false,מטליות רמי לוי 9 יח,,,מטליות רמי לוי 9 יח,Unknown,9.00,יחידה,false,,8.90,0.9889,true,1,144638
7290015835756,false,שיבולת שועל דקה 500,,,שיבולת שועל דקה 500,גרמים,500.00,100 גרם,false,,4.90,0.0098,true,1,146468
7290015858106,false,ממרח פסטו ביתי עללחם,,,ממרח פסטו ביתי עללחם,גרמים,180.00,100 גרם,false,,15.90,0.0883,true,1,142700
7290015858441,false,איולי פלפלים עללחם 2,,,איולי פלפלים עללחם 2,גרמים,295.00,100 גרם,false,,15.90,0.0539,true,1,166753
7290015858694,false,איולי שום לימון עללח,,,איולי שום לימון עללח,גרמים,295.00,100 גרם,false,,15.90,0.0539,true,1,166755
7290015866132,false,כרובית,,,כרובית,יח',1.00,יח',false,,9.90,9.9000,true,1,159259
7290015899239,false,אקונומיקה מבושמת רמי,,,אקונומיקה מבושמת רמי,מיליליטרים,4000.00,"100 מ""ל",false,,11.90,0.0030,true,1,151804
7290015899260,false,מרכך כביסה לבן 4 ליט,,,מרכך כביסה לבן 4 ליט,מיליליטרים,4000.00,"100 מ""ל",false,,16.90,0.0042,true,1,152287
7290015899277,false,מרכך כביסה כחול 4 לי,,,מרכך כביסה כחול 4 לי,מיליליטרים,4000.00,"100 מ""ל",false,,16.90,0.0042,true,1,152288
7290015950008,false,חבילת 10 פיתות לבנות,,,חבילת 10 פיתות לבנות,Unknown,10.00,יחידה,false,,12.90,1.2900,true,1,142932
7290015950015,false,חבילת 5 פיתות לבנות,,,חבילת 5 פיתות לבנות,Unknown,5.00,יחידה,false,,6.90,1.3800,true,1,142933
7290015979559,false,חסה ערבית יחידה,,,חסה ערבית יחידה,פריט,1.00,"ק""ג",false,,4.90,4.9000,true,1,146600
7290016006025,false,"שוופס סודה 500 מ""ל",,,"שוופס סודה 500 מ""ל",מיליליטרים,500.00,"100 מ""ל",false,,3.90,0.0078,true,1,137788
7290016006346,false,שישיית שוופס סודה 50,,,שישיית שוופס סודה 50,מיליליטרים,3000.00,"100 מ""ל",false,,14.20,0.0047,true,1,137790
7290016087055,true,רסק עגבניות 100 גרם,,,", ,       ,0",גרמים,0.00,"00000גרם,1,000000000",false,,5.00,0.0000,true,1,138539
7290016087208,false,פריניר עגבניות מרוסק,,,פריניר עגבניות מרוסק,גרמים,230.00,100 גרם,false,,5.50,0.0239,true,1,157329
7290016087222,false,פריניר רוטב עגבניות,,,פריניר רוטב עגבניות,גרמים,230.00,100 גרם,false,,5.50,0.0239,true,1,146601
7290016087239,false,פריניר שקשוקה חריף 2,,,פריניר שקשוקה חריף 2,גרמים,230.00,100 גרם,false,,5.50,0.0239,true,1,146602
7290016087499,false,עגבניות חתוכות דק פר,,,עגבניות חתוכות דק פר,גרמים,400.00,100 גרם,false,,12.90,0.0323,true,1,147382
7290016114270,true,סקוץ' חתוך ניקול 8 י,,,", ,       ,0","000יחידה,1,000000000",0.00,"000יחידה,1,000000000",false,,5.00,0.0000,true,1,138487
7290016144031,false,קמח חיטה לבן מנופה נ,,,קמח חיטה לבן מנופה נ,גרמים,1000.00,100 גרם,false,,7.90,0.0079,true,1,154425
7290016144116,false,"קמח תופח נפלאות 1 ק""",,,"קמח תופח נפלאות 1 ק""",קילוגרמים,1.00,"100 ק""ג",false,,11.90,11.9000,true,1,164948
7290016155006,true,פילה אמנון,,,", ,       ,0","000יחידה,1,000000000",0.00,"000יחידה,1,000000000",false,,5.00,0.0000,true,1,138648
7290016197495,true,זוג מטליות מיקרופייב,,,", ,       ,0","00000000,0,000000000",0.00,"00000000,0,000000000",false,,22.90,0.0000,true,1,142874
7290016270273,false,כרובית,,,כרובית,יח',1.00,יח',false,,9.90,9.9000,true,1,152471
7290016270709,false,עגבניות שרי,,,עגבניות שרי,Unknown,1.00,יחידה,false,,8.90,8.9000,true,1,138045
7290016272796,false,נייר טואלט רמי לוי 3,,,נייר טואלט רמי לוי 3,Unknown,30.00,יחידה,false,,29.90,0.9967,true,1,149662
7290016272802,false,מגבות נייר רמי לוי 6,,,מגבות נייר רמי לוי 6,Unknown,6.00,יחידה,false,,10.90,1.8167,true,1,149666
7290016272819,false,צמר גפן רמי לוי 100,,,צמר גפן רמי לוי 100,גרמים,100.00,100 גרם,false,,5.90,0.0590,true,1,152106
7290016273106,true,רמי לוי - שוקולד ברו,,,", ,       ,0",גרמים,0.00,"00000גרם,1,000000000",false,,7.90,0.0000,true,1,146220
7290016273182,false,רמי לוי צ'יפס אמריקא,,,רמי לוי צ'יפס אמריקא,גרמים,1500.00,100 גרם,false,,18.90,0.0126,true,1,148283
7290016277890,false,מעדן תות שדה 100% רכ,,,מעדן תות שדה 100% רכ,גרמים,284.00,100 גרם,false,,9.90,0.0349,true,1,149243
7290016277944,false,מעדן שזיף 100% רכיבי,,,מעדן שזיף 100% רכיבי,גרמים,284.00,100 גרם,false,,9.90,0.0349,true,1,149248
7290016304060,false,חלה רגילה 500 גרם,,,חלה רגילה 500 גרם,גרמים,500.00,100 גרם,false,,5.17,0.0103,true,1,151075
7290016304404,false,לחם קוביות כוסמין 60,,,לחם קוביות כוסמין 60,גרמים,600.00,100 גרם,false,,16.90,0.0282,true,1,138220
7290016304596,false,לחמניות רגילות דוידו,,,לחמניות רגילות דוידו,גרמים,750.00,100 גרם,false,,13.90,0.0185,true,1,153992
7290016319187,false,טוסו עוגיות סנדוויץ',,,טוסו עוגיות סנדוויץ',גרמים,300.00,100 גרם,false,,17.90,0.0597,true,1,156780
7290016321678,false,מגבונים לחים בניחוח,,,מגבונים לחים בניחוח,Unknown,4.00,יחידה,false,,15.90,3.9750,true,1,156776
7290016334050,false,סלרי חתוך,,,סלרי חתוך,Unknown,1.00,יחידה,false,,5.90,5.9000,true,1,150396
7290016334166,false,לוף רגיל ארוז,,,לוף רגיל ארוז,Unknown,1.00,יחידה,false,,7.90,7.9000,true,1,150398
7290016334173,false,פלפלונים רמי לוי,,,פלפלונים רמי לוי,Unknown,1.00,יחידה,false,,9.90,9.9000,true,1,143126
7290016334180,false,מלפפון בייבי רמי לוי,,,מלפפון בייבי רמי לוי,Unknown,1.00,יחידה,false,,9.90,9.9000,true,1,143127
7290016334296,false,ברוקולי רמי לוי,,,ברוקולי רמי לוי,Unknown,1.00,יחידה,false,,12.90,12.9000,true,1,150400
7290016334388,false,פלפל צ'ילי רמי לוי,,,פלפל צ'ילי רמי לוי,Unknown,1.00,יחידה,false,,6.90,6.9000,true,1,150401
7290016334395,false,שיבה,,,שיבה,Unknown,1.00,יחידה,false,,5.90,5.9000,true,1,150402
7290016334456,false,בזיליקום,,,בזיליקום,Unknown,1.00,יחידה,false,,5.90,5.9000,true,1,150404
7290016334500,false,זוג לבבות חסה,,,זוג לבבות חסה,Unknown,1.00,יחידה,false,,9.90,9.9000,true,1,150406
7290016334609,false,נענע בשקית,,,נענע בשקית,Unknown,1.00,יחידה,false,,3.90,3.9000,true,1,150410
7290016334623,false,סלרי אמריקאי,,,סלרי אמריקאי,Unknown,1.00,יחידה,false,,5.90,5.9000,true,1,150412
7290016334654,false,תרד ניו זילנדי רמי ל,,,תרד ניו זילנדי רמי ל,גרמים,300.00,100 גרם,false,,12.90,0.0430,true,1,150414
7290016334784,false,ג'ינג'ר ארוז,,,ג'ינג'ר ארוז,Unknown,1.00,יחידה,false,,8.90,8.9000,true,1,150415
7290016334814,false,חסה סלנובה רמי לוי,,,חסה סלנובה רמי לוי,Unknown,1.00,יחידה,false,,9.90,9.9000,true,1,150417
7290016334883,false,עגבניות שרי תמר,,,עגבניות שרי תמר,Unknown,1.00,יחידה,false,,9.90,9.9000,true,1,150418
7290016334890,false,עגבניות שרי ליקופן,,,עגבניות שרי ליקופן,Unknown,1.00,יחידה,false,,9.90,9.9000,true,1,150419
7290016334906,false,עגבניות שרי מיקס,,,עגבניות שרי מיקס,Unknown,1.00,יחידה,false,,11.90,11.9000,true,1,150420
7290016334975,false,אספרגוס יחידה,,,אספרגוס יחידה,Unknown,1.00,יחידה,false,,29.90,29.9000,true,1,165019
7290016372373,false,רסק עגבניות 22° קונס,,,רסק עגבניות 22° קונס,גרמים,280.00,100 גרם,false,,8.90,0.0318,true,1,150597
7290016373479,true,"צלחות 9"" 1 ק""ג",,,", ,       ,0",גרמים,0.00,"00000גרם,1,000000000",false,,20.00,0.0000,true,1,145721
7290016408720,false,בייגלה מצופה שוקולד,,,בייגלה מצופה שוקולד,גרמים,55.00,100 גרם,false,,3.90,0.0709,true,1,147082
7290016429893,true,כוסות לשתיה חמה,,,", ,       ,0","00000000,0,000000000",0.00,"00000000,0,000000000",false,,9.90,0.0000,true,1,142876
7290016437188,true,מטליות לחות לניקוי כ,,,", ,       ,0","000יחידה,1,000000000",0.00,"000יחידה,1,000000000",false,,5.00,0.0000,true,1,138491
7290016437379,true,מטליות לחות לחיטוי 2,,,", ,       ,0","000יחידה,1,000000000",0.00,"000יחידה,1,000000000",false,,5.00,0.0000,true,1,138495
7290016553000,true,צנונית,,,", ,       ,0","000יחידה,1,000000000",0.00,"000יחידה,1,000000000",false,,5.00,0.0000,true,1,138046
7290016601558,false,מגבונים לניקוי כללי,,,מגבונים לניקוי כללי,Unknown,400.00,יחידה,false,,20.90,0.0522,true,1,153177
7290016609158,false,חומוס גרגירים רמי לו,,,חומוס גרגירים רמי לו,גרמים,550.00,100 גרם,false,,6.50,0.0118,true,1,146291
7290016609172,false,שעועית לבנה אפויה בר,,,שעועית לבנה אפויה בר,גרמים,580.00,100 גרם,false,,6.50,0.0112,true,1,146292
7290016609196,false,תירס לייט רמי לוי 55,,,תירס לייט רמי לוי 55,גרמים,550.00,100 גרם,false,,6.90,0.0125,true,1,146294
7290016733044,false,סחבת רצפה מיקרופייבר,,,סחבת רצפה מיקרופייבר,Unknown,3.00,יחידה,false,,15.90,5.3000,true,1,144639
7290016733051,false,מטליות מיקרופייבר 10,,,מטליות מיקרופייבר 10,Unknown,10.00,יחידה,false,,14.90,1.4900,true,1,144640
7290016733570,true,אננס קטן 227 גרם רמי,,,", ,       ,0",גרמים,0.00,"00000גרם,1,000000000",false,,4.00,0.0000,true,1,146900
7290016867039,false,פיתות קלות כוסמין בת,,,פיתות קלות כוסמין בת,גרמים,324.00,100 גרם,false,,14.90,0.0460,true,1,159382
7290016867091,false,פיתות כוסמין מלא סיב,,,פיתות כוסמין מלא סיב,גרמים,300.00,100 גרם,false,,15.90,0.0530,true,1,163836
7290016867114,false,לחם קל כוסמין 500 גר,,,לחם קל כוסמין 500 גר,גרמים,500.00,100 גרם,false,,18.90,0.0378,true,1,157711
7290016867152,false,פיתות קלות כוסמין 33,,,פיתות קלות כוסמין 33,גרמים,330.00,100 גרם,false,,14.90,0.0452,true,1,157604
7290016867176,false,לחמניות ק. כוסמין שו,,,לחמניות ק. כוסמין שו,גרמים,351.00,100 גרם,false,,14.90,0.0425,true,1,157605
7290016967074,false,לחם חיטה מלאה אנג'ל,,,לחם חיטה מלאה אנג'ל,גרמים,750.00,100 גרם,false,,14.90,0.0199,true,1,151962
7290016967456,false,לחם צרפתי כוסמין 100,,,לחם צרפתי כוסמין 100,גרמים,600.00,100 גרם,false,,15.90,0.0265,true,1,151963
7290016998184,false,עלי חסה ערבית שטופים,,,עלי חסה ערבית שטופים,גרמים,250.00,100 גרם,false,,10.90,0.0436,true,1,157862
7290016998191,false,מיקס עלי בייבי 120 ג,,,מיקס עלי בייבי 120 ג,גרמים,120.00,100 גרם,false,,10.90,0.0908,true,1,157863
7290016998207,false,לקט קסם השדה 350 גרם,,,לקט קסם השדה 350 גרם,גרמים,350.00,100 גרם,false,,12.90,0.0369,true,1,157864
7290016998221,false,מיקס צבעי הטבע 350 ג,,,מיקס צבעי הטבע 350 ג,גרמים,350.00,100 גרם,false,,12.90,0.0369,true,1,157866
7290016998269,false,לקט קולסלאו 400 גרם,,,לקט קולסלאו 400 גרם,גרמים,400.00,100 גרם,false,,10.90,0.0273,true,1,157870
7290016998276,false,גזר חתוך דק 250 גרם,,,גזר חתוך דק 250 גרם,גרמים,250.00,100 גרם,false,,9.90,0.0396,true,1,157871
7290016998320,false,לבבות קיסר 250 גרם,,,לבבות קיסר 250 גרם,גרמים,250.00,100 גרם,false,,10.90,0.0436,true,1,158987
7290017065007,false,מוצרלה פרוסות 22% 20,,,מוצרלה פרוסות 22% 20,גרמים,200.00,100 גרם,false,,17.70,0.0885,true,1,147427
7290017065137,false,ריקוטה למריחה 5% טבע,,,ריקוטה למריחה 5% טבע,גרמים,200.00,100 גרם,false,,10.70,0.0535,true,1,147363
7290017065168,false,גבינה כחולה גד 100 ג,,,גבינה כחולה גד 100 ג,גרמים,100.00,100 גרם,false,,15.90,0.1590,true,1,164634
7290017065236,false,בולגרית מעודנת 24% 2,,,בולגרית מעודנת 24% 2,גרמים,250.00,100 גרם,false,,22.90,0.0916,true,1,147366
7290017065441,false,פרוסות גאודה עיזים 2,,,פרוסות גאודה עיזים 2,גרמים,200.00,100 גרם,false,,32.90,0.1645,true,1,151883
7290017065526,false,קוואטרו פורמאג'י 300,,,קוואטרו פורמאג'י 300,גרמים,300.00,100 גרם,false,,29.90,0.0997,true,1,150573
7290017105468,false,אפונה שלשות יכין 420,,,אפונה שלשות יכין 420,גרמים,420.00,100 גרם,false,,11.90,0.0283,true,1,152574
7290017105895,false,יכין - גרגירי חומוס,,,יכין - גרגירי חומוס,גרמים,550.00,100 גרם,false,,9.90,0.0180,true,1,158221
7290017121093,false,אריסה חריפה עללחם 25,,,אריסה חריפה עללחם 25,גרמים,250.00,100 גרם,false,,13.90,0.0556,true,1,144843
7290017129044,true,חטיף אגו שוקולד חלב,,,", ,       ,0",גרמים,0.00,"00000גרם,1,000000000",false,,3.00,0.0000,true,1,144063
7290017129317,true,פניני טוסטונים צנימי,,,", ,       ,0",גרמים,0.00,"00000גרם,1,000000000",false,,6.00,0.0000,true,1,144438
7290017129324,true,פניני טוסטונים צנימי,,,", ,       ,0",גרמים,0.00,"00000גרם,1,000000000",false,,6.00,0.0000,true,1,144439
7290017129331,true,פניני טוסטונים צנימי,,,", ,       ,0",גרמים,0.00,"00000גרם,1,000000000",false,,6.00,0.0000,true,1,144440
7290017129495,false,אגו מיקס כדורי תירס,,,אגו מיקס כדורי תירס,גרמים,55.00,100 גרם,false,,3.90,0.0709,true,1,144348
7290017129501,false,אגו מיקס כדורי תירס,,,אגו מיקס כדורי תירס,גרמים,55.00,100 גרם,false,,3.90,0.0709,true,1,144349
7290017129518,false,אגו מיקס כדורי תירס,,,אגו מיקס כדורי תירס,גרמים,55.00,100 גרם,false,,3.90,0.0709,true,1,144350
7290017142128,false,שמן זית כתית מעולה ק,,,שמן זית כתית מעולה ק,מיליליטרים,750.00,"100 מ""ל",false,,33.90,0.0452,true,1,157898
7290017142395,false,ארוחת טונה עם פסטה ב,,,ארוחת טונה עם פסטה ב,גרמים,160.00,100 גרם,false,,14.90,0.0931,true,1,157770
7290017197067,false,מגבונים לחים בייבי,,,מגבונים לחים בייבי,Unknown,1.00,יחידה,false,,5.90,5.9000,true,1,146339
7290017197395,false,מגבונים לחים הפי דיי,,,מגבונים לחים הפי דיי,Unknown,6.00,יחידה,false,,19.90,3.3167,true,1,148452
7290017197616,false,אל סבון בניחוח פירות,,,אל סבון בניחוח פירות,מיליליטרים,1000.00,"100 מ""ל",false,,8.90,0.0089,true,1,153781
7290017197623,false,אל סבון בניחוח לבנדר,,,אל סבון בניחוח לבנדר,מיליליטרים,1000.00,"100 מ""ל",false,,8.90,0.0089,true,1,153782
7290017197654,false,מטליות לחות לניקוי ר,,,מטליות לחות לניקוי ר,Unknown,10.00,יחידה,false,,9.90,0.9900,true,1,146341
7290017197685,false,מגבוני נייר טואלט רמ,,,מגבוני נייר טואלט רמ,Unknown,3.00,יחידה,false,,10.90,3.6333,true,1,146343
7290017232218,false,לחם כפרי כהה איסטיין,,,לחם כפרי כהה איסטיין,גרמים,430.00,100 גרם,false,,24.90,0.0579,true,1,161660
7290017232225,false,לחם גלילי בהיר איסטי,,,לחם גלילי בהיר איסטי,גרמים,450.00,100 גרם,false,,24.90,0.0553,true,1,161661
7290017291123,false,שום ארוז יבוא,,,שום ארוז יבוא,Unknown,1.00,יחידה,false,,7.90,7.9000,true,1,163905
7290017304885,false,לחם שיפון וחיטה מלאה,,,לחם שיפון וחיטה מלאה,גרמים,750.00,100 גרם,false,,14.90,0.0199,true,1,151964
7290017389394,false,דלעת מקולפת 200 גרם-,,,דלעת מקולפת 200 גרם-,גרמים,200.00,100 גרם,false,,9.90,0.0495,true,1,146234
7290017389400,false,חמניה קלופה 200 גרם-,,,חמניה קלופה 200 גרם-,גרמים,200.00,100 גרם,false,,8.90,0.0445,true,1,146238
7290017389967,false,ערמונים קלופים שלמים,,,ערמונים קלופים שלמים,גרמים,100.00,100 גרם,false,,5.90,0.0590,true,1,149189
7290017390505,false,מטבעות שוקולד ציפס מ,,,מטבעות שוקולד ציפס מ,גרמים,300.00,100 גרם,false,,10.90,0.0363,true,1,159745
7290017390802,false,חטיפי קוקוס 250 גר',,,חטיפי קוקוס 250 גר',גרמים,250.00,100 גרם,false,,10.90,0.0436,true,1,149232
7290017504001,false,פטריות שמפניון ארוז,,,פטריות שמפניון ארוז,Unknown,1.00,יחידה,false,,9.90,9.9000,true,1,151188
7290017504025,false,פטריות פורטבלה א.א (,,,פטריות פורטבלה א.א (,Unknown,1.00,יחידה,false,,10.90,10.9000,true,1,151190
7290017504032,false,פטריות זוגות איטלקי,,,פטריות זוגות איטלקי,Unknown,1.00,יחידה,false,,17.90,17.9000,true,1,151226
7290017513775,false,FLIPZ - בייגלה מצופה,,,FLIPZ - בייגלה מצופה,גרמים,140.00,100 גרם,false,,9.50,0.0679,true,1,152176
7290017513782,false,FLIPZ - בייגלה מצופה,,,FLIPZ - בייגלה מצופה,גרמים,140.00,100 גרם,false,,9.50,0.0679,true,1,152177
7290017586007,false,גזר ארוז,,,גזר ארוז,קילוגרמים,1.00,"ק""ג",true,,4.90,4.9000,true,1,166542
7290017617411,false,סטארקיסט מיקס סלמון,,,סטארקיסט מיקס סלמון,גרמים,160.00,100 גרם,false,,15.90,0.0994,true,1,164665
7290017687353,false,תיק תפור קופיקס,,,תיק תפור קופיקס,Unknown,1.00,יחידה,false,,2.90,2.9000,true,1,153197
7290017687377,false,תיק תפור רמי לוי בשכ,,,תיק תפור רמי לוי בשכ,Unknown,1.00,יחידה,false,,2.90,2.9000,true,1,156655
7290017746128,false,פיתות ביס 10 יחידות,,,פיתות ביס 10 יחידות,Unknown,10.00,יחידה,false,,13.90,1.3900,true,1,157180
7290017746135,false,פיתות כוסמין 10 יחיד,,,פיתות כוסמין 10 יחיד,Unknown,10.00,יחידה,false,,14.90,1.4900,true,1,157181
7290017746197,false,מארז 6 לחמניות המבור,,,מארז 6 לחמניות המבור,Unknown,6.00,יחידה,false,,16.90,2.8167,true,1,157861
7290017746272,false,פיתה בצל 4 יחידות 48,,,פיתה בצל 4 יחידות 48,Unknown,4.00,יחידה,false,,13.90,3.4750,true,1,158983
7290017746289,false,פיתה זעתר 4 יחידות 4,,,פיתה זעתר 4 יחידות 4,Unknown,4.00,יחידה,false,,13.90,3.4750,true,1,158984
7290017812069,false,יין לבן חצי יבש אקסל,,,יין לבן חצי יבש אקסל,מיליליטרים,750.00,"100 מ""ל",false,,27.20,0.0363,true,1,147855
7290017812083,false,תירוש ענבים אדום רמי,,,תירוש ענבים אדום רמי,מיליליטרים,1000.00,"100 מ""ל",false,,13.90,0.0139,true,1,150110
7290017812861,false,יין לבן יבש וינו 750,,,יין לבן יבש וינו 750,מיליליטרים,750.00,"100 מ""ל",false,,22.20,0.0296,true,1,158036
7290017845029,false,פטריות צמד משפחתי (מ,,,פטריות צמד משפחתי (מ,Unknown,1.00,יחידה,false,,17.90,17.9000,true,1,153138
7290017845043,false,פטריות חצי חצי (מוגו,,,פטריות חצי חצי (מוגו,Unknown,1.00,יחידה,false,,17.90,17.9000,true,1,153139
7290017845203,false,פטריות א.א (מוג'ו),,,פטריות א.א (מוג'ו),Unknown,1.00,יחידה,false,,9.90,9.9000,true,1,150423
7290017864341,false,"תפו""א למיקרו 700 גרם",,,"תפו""א למיקרו 700 גרם",Unknown,1.00,יחידה,false,,7.90,7.9000,true,1,153505
7290017864358,false,נענע ארוז רמי לוי,,,נענע ארוז רמי לוי,Unknown,1.00,יחידה,false,,4.90,4.9000,true,1,157318
7290017864365,false,פטרוזיליה ארוז רמי ל,,,פטרוזיליה ארוז רמי ל,Unknown,1.00,יחידה,false,,4.90,4.9000,true,1,157319
7290017864372,false,שמיר ארוז רמי לוי,,,שמיר ארוז רמי לוי,Unknown,1.00,יחידה,false,,4.90,4.9000,true,1,157320
7290017864389,false,כוסברה ארוז רמי לוי,,,כוסברה ארוז רמי לוי,Unknown,1.00,יחידה,false,,4.90,4.9000,true,1,157321
7290017864396,false,סלרי ארוז רמי לוי,,,סלרי ארוז רמי לוי,Unknown,1.00,יחידה,false,,6.90,6.9000,true,1,157322
7290017864402,false,עלי מנגולד ארוז רמי,,,עלי מנגולד ארוז רמי,Unknown,1.00,יחידה,false,,6.90,6.9000,true,1,157323
7290017864419,false,שורש פטרוזיליה ארוז,,,שורש פטרוזיליה ארוז,Unknown,1.00,יחידה,false,,5.90,5.9000,true,1,157324
7290017864426,false,בצל ירוק רמי לוי,,,בצל ירוק רמי לוי,Unknown,1.00,יחידה,false,,6.90,6.9000,true,1,157325
7290017864457,false,סלרי ראש רמי לוי,,,סלרי ראש רמי לוי,Unknown,1.00,יחידה,false,,5.90,5.9000,true,1,157326
7290017864464,false,לוף/כרישה,,,לוף/כרישה,Unknown,1.00,יחידה,false,,7.90,7.9000,true,1,153058
7290017871974,false,ג'לי בטעם תות שדה 25,,,ג'לי בטעם תות שדה 25,גרמים,25.00,100 גרם,false,,9.90,0.3960,true,1,156785
7290017872070,false,מגבונים לחים בניחוח,,,מגבונים לחים בניחוח,Unknown,3.00,יחידה,false,,12.90,4.3000,true,1,159318
7290017873015,false,גלילונית ש. אשפה XL,,,גלילונית ש. אשפה XL,Unknown,30.00,יחידה,false,,19.90,0.6633,true,1,161805
7290017888347,false,מי עדן ספורט 0.5 ליט,,,מי עדן ספורט 0.5 ליט,מיליליטרים,500.00,"100 מ""ל",false,,3.90,0.0078,true,1,159643
7290017888729,false,שוופס סודה 1 ליטר,,,שוופס סודה 1 ליטר,מיליליטרים,1000.00,"100 מ""ל",false,,4.20,0.0042,true,1,163636
7290017928036,false,גריסיני שומשום 175 ג,,,גריסיני שומשום 175 ג,גרמים,175.00,100 גרם,false,,11.90,0.0680,true,1,152076
7290017928043,false,גריסיני קראנץ' מלח 1,,,גריסיני קראנץ' מלח 1,גרמים,175.00,100 גרם,false,,11.90,0.0680,true,1,152077
7290017928098,false,שטוחלה מלח מאיר בייג,,,שטוחלה מלח מאיר בייג,גרמים,330.00,100 גרם,false,,11.90,0.0361,true,1,161412
7290017928128,false,בייגלה מקלות מלח מאי,,,בייגלה מקלות מלח מאי,גרמים,400.00,100 גרם,false,,11.90,0.0298,true,1,166696
7290017928227,false,שטוח פינוקים 300 גרם,,,שטוח פינוקים 300 גרם,גרמים,300.00,100 גרם,false,,11.90,0.0397,true,1,155530
7290017928432,false,גריסיני קראנץ' פרג 1,,,גריסיני קראנץ' פרג 1,גרמים,175.00,100 גרם,false,,11.90,0.0680,true,1,153718
7290017928616,false,שטוח שומשום 300 גרם,,,שטוח שומשום 300 גרם,גרמים,300.00,100 גרם,false,,11.90,0.0397,true,1,152075
7290017928630,false,גריסיני קראנץ' פינוק,,,גריסיני קראנץ' פינוק,גרמים,175.00,100 גרם,false,,11.90,0.0680,true,1,153719
7290017928821,false,גריסיני קלאסי 200 גר,,,גריסיני קלאסי 200 גר,גרמים,200.00,100 גרם,false,,11.90,0.0595,true,1,152078
7290017947105,false,לחם סגנון אמריקה אנג,,,לחם סגנון אמריקה אנג,גרמים,500.00,100 גרם,false,,12.90,0.0258,true,1,153675
7290017947464,false,פיתות כוסמין אנג'ל 4,,,פיתות כוסמין אנג'ל 4,Unknown,8.00,יחידה,false,,14.90,1.8625,true,1,159120
7290017947495,false,לחמניות כוסמין 6 יחי,,,לחמניות כוסמין 6 יחי,Unknown,6.00,יחידה,false,,13.90,2.3167,true,1,159463
7290017947891,false,לחם כוסמין וחיטה מלא,,,לחם כוסמין וחיטה מלא,גרמים,750.00,100 גרם,false,,14.90,0.0199,true,1,157368
7290017947921,false,שישיית לחמניות המבור,,,שישיית לחמניות המבור,גרמים,450.00,100 גרם,false,,12.90,0.0287,true,1,153676
7290017947938,false,8 לחמניות המבורגר בס,,,8 לחמניות המבורגר בס,גרמים,400.00,100 גרם,false,,13.90,0.0348,true,1,161718
7290018045893,false,בון בון דגנים 480 גר,,,בון בון דגנים 480 גר,גרמים,480.00,100 גרם,false,,21.90,0.0456,true,1,162753
7290018192610,false,עגבניות שרי,,,עגבניות שרי,יח',1.00,יח',false,,8.90,8.9000,true,1,156793
7290018192658,false,פטריות זוגות איטלקי,,,פטריות זוגות איטלקי,Unknown,1.00,יחידה,false,,17.90,17.9000,true,1,163296
7290018198254,false,תפוגן קריספי צ'יפס פ,,,תפוגן קריספי צ'יפס פ,גרמים,1250.00,100 גרם,false,,22.90,0.0183,true,1,160998
7290018237397,false,עוף טוב פסטרמה מקורמ,,,עוף טוב פסטרמה מקורמ,גרמים,300.00,100 גרם,false,,27.90,0.0930,true,1,160994
7290018237410,false,עוף טוב פסטרמה במעשנ,,,עוף טוב פסטרמה במעשנ,גרמים,300.00,100 גרם,false,,27.90,0.0930,true,1,160995
7290018237960,false,כתף בקר עסיסי עוף טו,,,כתף בקר עסיסי עוף טו,גרמים,265.00,100 גרם,false,,25.90,0.0977,true,1,164906
7290018380406,false,עוגיות פח בטעם חמאה,,,עוגיות פח בטעם חמאה,גרמים,114.00,100 גרם,false,,5.90,0.0518,true,1,166530
7290018440209,false,FLIPZ - בייגלה פאדג',,,FLIPZ - בייגלה פאדג',גרמים,140.00,100 גרם,false,,9.50,0.0679,true,1,158720
7290018440438,false,טונה איזי פליפ בשמן,,,טונה איזי פליפ בשמן,גרמים,195.00,100 גרם,false,,25.90,0.1328,true,1,164327
7290018440483,false,FLIPZ - בייגלה מצופה,,,FLIPZ - בייגלה מצופה,גרמים,140.00,100 גרם,false,,9.50,0.0679,true,1,160045
7290018440490,false,סלט טונה עם קוסקוס ק,,,סלט טונה עם קוסקוס ק,גרמים,150.00,100 גרם,false,,14.90,0.0993,true,1,164330
7290018443040,false,נבטים סינים,,,נבטים סינים,Unknown,1.00,יחידה,false,,6.90,6.9000,true,1,157907
7290018443057,false,נבטי חמניה,,,נבטי חמניה,Unknown,1.00,יחידה,false,,9.90,9.9000,true,1,157908
7290018443064,false,נבטי אלפלפא,,,נבטי אלפלפא,Unknown,1.00,יחידה,false,,6.90,6.9000,true,1,157909
7290018443736,false,בייבי מיקס רמי לוי 1,,,בייבי מיקס רמי לוי 1,גרמים,150.00,100 גרם,false,,9.90,0.0660,true,1,161921
7290018443781,false,רוקט 150 ג' רמי לוי,,,רוקט 150 ג' רמי לוי,גרמים,150.00,100 גרם,false,,9.90,0.0660,true,1,161933
7290018468425,false,נקניק טבעוני בטעם פי,,,נקניק טבעוני בטעם פי,גרמים,100.00,100 גרם,false,,19.90,0.1990,true,1,166298
7290018468432,false,נקניק טבעוני בטעם מע,,,נקניק טבעוני בטעם מע,גרמים,100.00,100 גרם,false,,19.90,0.1990,true,1,166299
7290018471906,false,שוופס מוגז פינק למונ,,,שוופס מוגז פינק למונ,מיליליטרים,1500.00,"100 מ""ל",false,,9.10,0.0061,true,1,162226
7290018471913,false,שוופס מוגז תפוחים 1.,,,שוופס מוגז תפוחים 1.,מיליליטרים,1500.00,"100 מ""ל",false,,9.30,0.0062,true,1,162227
7290018471944,false,שוופס מוגז למונייד 1,,,שוופס מוגז למונייד 1,מיליליטרים,1500.00,"100 מ""ל",false,,9.10,0.0061,true,1,162229
7290018500231,false,לחם וויקנד אנג'ל 750,,,לחם וויקנד אנג'ל 750,גרמים,750.00,100 גרם,false,,15.90,0.0212,true,1,165156
7290018540329,false,פיתה פיתה באלדי אנג',,,פיתה פיתה באלדי אנג',Unknown,8.00,יחידה,false,,12.90,1.6125,true,1,159121
7290018564028,false,אפונה עדינה 600 גרם,,,אפונה עדינה 600 גרם,גרמים,600.00,100 גרם,false,,10.90,0.0182,true,1,159388
7290018564059,false,שעועית ירוקה שלמה עד,,,שעועית ירוקה שלמה עד,גרמים,600.00,100 גרם,false,,10.90,0.0182,true,1,159391
7290018564066,false,אפונה וגזר 800 גרם ר,,,אפונה וגזר 800 גרם ר,גרמים,800.00,100 גרם,false,,9.90,0.0124,true,1,159392
7290018564110,false,ארטישוק קפוא 400 גרם,,,ארטישוק קפוא 400 גרם,גרמים,400.00,100 גרם,false,,8.90,0.0223,true,1,159395
7290018564127,false,לקט לקוסקוס 800 גרם,,,לקט לקוסקוס 800 גרם,גרמים,800.00,100 גרם,false,,11.90,0.0149,true,1,159396
7290018564165,false,כרובית 800 גרם רמי ל,,,כרובית 800 גרם רמי ל,גרמים,800.00,100 גרם,false,,9.90,0.0124,true,1,159400
7290018564172,false,ברוקולי 800 גרם רמי,,,ברוקולי 800 גרם רמי,גרמים,800.00,100 גרם,false,,14.90,0.0186,true,1,159401
7290018564554,false,מלפפונים חמוצים ביתי,,,מלפפונים חמוצים ביתי,גרמים,500.00,100 גרם,false,,22.90,0.0458,true,1,160987
7290018564561,false,ירקות חמוצים בסגנון,,,ירקות חמוצים בסגנון,גרמים,500.00,100 גרם,false,,22.90,0.0458,true,1,160988
7290018564585,false,ירקות כבושים חמוץ מת,,,ירקות כבושים חמוץ מת,גרמים,500.00,100 גרם,false,,22.90,0.0458,true,1,160990
7290018708132,false,חלבה מסולסלת שוקו ונ,,,חלבה מסולסלת שוקו ונ,גרמים,250.00,100 גרם,false,,14.90,0.0596,true,1,162855
7290018720189,false,ביסקוויט קסטה מעדני,,,ביסקוויט קסטה מעדני,גרמים,200.00,100 גרם,false,,6.50,0.0325,true,1,165578
7290018732205,false,אוכמניות יחידה,,,אוכמניות יחידה,גרמים,125.00,100 גרם,false,,19.90,0.1592,true,1,164922
7290018825013,false,"תפו""א אדום תפזורת",3 יחידות,,"תפו""א אדום תפזורת",קילוגרמים,1.00,"ק""ג",true,,5.90,5.9000,true,1,166543
7290018825211,false,"תפו""א לבן תפזורת",3 יחידות,,"תפו""א לבן תפזורת",קילוגרמים,1.00,"ק""ג",true,,4.90,4.9000,true,1,166544
7290018878002,false,אגו מיקס קרקר מצופה,,,אגו מיקס קרקר מצופה,גרמים,55.00,100 גרם,false,,3.90,0.0709,true,1,164434
7290018893081,false,צ'וקטה עוגות אישיות,,,צ'וקטה עוגות אישיות,גרמים,222.00,100 גרם,false,,8.90,0.0401,true,1,161881
7290018893456,false,צ'וקטה עוגות אישיות,,,צ'וקטה עוגות אישיות,גרמים,300.00,100 גרם,false,,11.90,0.0397,true,1,161262
7290018894002,false,בלקוני וופל קוביות ק,,,בלקוני וופל קוביות ק,גרמים,250.00,100 גרם,false,,11.90,0.0476,true,1,163253
7290018894200,false,בלקוני וופל קוביות ו,,,בלקוני וופל קוביות ו,גרמים,250.00,100 גרם,false,,11.90,0.0476,true,1,163255
7290018894408,false,בלקוני וופל קוביות א,,,בלקוני וופל קוביות א,גרמים,250.00,100 גרם,false,,11.90,0.0476,true,1,163257
7290018925065,false,מיץ תפוזים סחוט פרימ,,,מיץ תפוזים סחוט פרימ,מיליליטרים,2000.00,"100 מ""ל",false,,27.20,0.0136,true,1,162397
7290019035244,false,מיקס פירות - פסיפלור,,,מיקס פירות - פסיפלור,גרמים,600.00,100 גרם,false,,29.90,0.0498,true,1,165682
7290019036234,false,שיני שום קלופות 200,,,שיני שום קלופות 200,גרמים,200.00,100 גרם,false,,13.90,0.0695,true,1,167535
7290019044000,false,"תפו""א לבן ארוז",,,"תפו""א לבן ארוז",קילוגרמים,1.00,"ק""ג",true,,5.90,5.9000,true,1,161614
7290019056065,false,שוופס מוגז עדין פירו,,,שוופס מוגז עדין פירו,מיליליטרים,1500.00,"100 מ""ל",false,,8.80,0.0059,true,1,162231
7290019056072,false,שוופס מוגז עדין אננס,,,שוופס מוגז עדין אננס,מיליליטרים,1500.00,"100 מ""ל",false,,8.80,0.0059,true,1,162232
7290019056164,false,רביעית שוופס סודה 1.,,,רביעית שוופס סודה 1.,מיליליטרים,1500.00,"100 מ""ל",false,,12.10,0.0081,true,1,162234
7290019056171,false,סודה בטעם לימון שוופ,,,סודה בטעם לימון שוופ,מיליליטרים,1500.00,"100 מ""ל",false,,12.10,0.0081,true,1,162235
7290019056300,false,שוופס ביטר 1.5 ליטר,,,שוופס ביטר 1.5 ליטר,מיליליטרים,1500.00,"100 מ""ל",false,,12.20,0.0081,true,1,162242
7290019056317,false,משקה Russchian שוופס,,,משקה Russchian שוופס,מיליליטרים,1500.00,"100 מ""ל",false,,12.20,0.0081,true,1,162243
7290019056577,false,ספרינג מנגו 1.5 ליטר,,,ספרינג מנגו 1.5 ליטר,מיליליטרים,1500.00,"100 מ""ל",false,,9.40,0.0063,true,1,162110
7290019056584,false,משקה קל תפוזים ספרינ,,,משקה קל תפוזים ספרינ,מיליליטרים,1500.00,"100 מ""ל",false,,9.40,0.0063,true,1,162255
7290019056591,false,ספרינג ענבים 1.5 ליט,,,ספרינג ענבים 1.5 ליט,מיליליטרים,1500.00,"100 מ""ל",false,,9.40,0.0063,true,1,162256
7290019056614,false,משקה ספרינג אפרסק 1.,,,משקה ספרינג אפרסק 1.,מיליליטרים,1500.00,"100 מ""ל",false,,9.10,0.0061,true,1,162257
7290019056621,false,ספרינג פירות טרופיים,,,ספרינג פירות טרופיים,מיליליטרים,1500.00,"100 מ""ל",false,,9.40,0.0063,true,1,162258
7290019056638,false,ספרינג תות בננה 1.5,,,ספרינג תות בננה 1.5,מיליליטרים,1500.00,"100 מ""ל",false,,9.40,0.0063,true,1,162259
7290019056652,false,ספרינג אננס בננה 1.5,,,ספרינג אננס בננה 1.5,מיליליטרים,1500.00,"100 מ""ל",false,,9.40,0.0063,true,1,162261
7290019056959,false,מי עדן 1.5 ליטר,,,מי עדן 1.5 ליטר,מיליליטרים,1500.00,"100 מ""ל",false,,4.50,0.0030,true,1,162957
7290019056966,false,מי עדן 1.5 ליטר,,,מי עדן 1.5 ליטר,מיליליטרים,1500.00,"100 מ""ל",false,,4.50,0.0030,true,1,162958
7290019056973,false,מים מינרליים מי עדן,,,מים מינרליים מי עדן,מיליליטרים,9000.00,"100 מ""ל",false,,14.70,0.0016,true,1,162263
7290019167020,false,עוגת גבינה עם פירות,,,עוגת גבינה עם פירות,גרמים,80.00,100 גרם,false,,6.90,0.0863,true,1,166625
7290019167044,false,קצפת עם קרם בייגלה מ,,,קצפת עם קרם בייגלה מ,גרמים,82.00,100 גרם,false,,6.90,0.0841,true,1,166627
7290019204107,false,פסטרמה בטעם אווז עוף,,,פסטרמה בטעם אווז עוף,גרמים,320.00,100 גרם,false,,25.90,0.0809,true,1,164909
7290019204206,false,פסטרמה בסגנון רומני,,,פסטרמה בסגנון רומני,גרמים,320.00,100 גרם,false,,25.90,0.0809,true,1,164910
7290019204305,false,פסטרמה ברביקיו עוף ט,,,פסטרמה ברביקיו עוף ט,גרמים,350.00,100 גרם,false,,25.90,0.0740,true,1,164911
7290019297161,false,טורטיה ראפ מקמח תירס,,,טורטיה ראפ מקמח תירס,גרמים,450.00,100 גרם,false,,9.90,0.0220,true,1,159729
7290019297246,false,שזיפים 330 גר' בקופס,,,שזיפים 330 גר' בקופס,גרמים,330.00,100 גרם,false,,18.90,0.0573,true,1,164373
7290019297628,false,שקד טבעי 150 גרם ששו,,,שקד טבעי 150 גרם ששו,גרמים,150.00,100 גרם,false,,13.90,0.0927,true,1,159732
7290019297635,false,שקדים קלויים 150 גר',,,שקדים קלויים 150 גר',גרמים,150.00,100 גרם,false,,15.90,0.1060,true,1,159733
7290080190647,true,אגו אצבעות וופל שוקו,,,", ,       ,0",גרמים,0.00,"00000גרם,1,000000000",false,,6.90,0.0000,true,1,138282
7290100230145,false,בונז'ור חלה מתוקה קל,,,בונז'ור חלה מתוקה קל,גרמים,550.00,100 גרם,false,,12.90,0.0235,true,1,142579
7290100235591,false,בונז'ור לחמניה כריך,,,בונז'ור לחמניה כריך,גרמים,120.00,100 גרם,false,,3.90,0.0325,true,1,150885
7290100240137,false,בדין תרסיס למייבש כב,,,בדין תרסיס למייבש כב,מיליליטרים,500.00,"100 מ""ל",false,,16.90,0.0338,true,1,151313
7290100243671,false,מרכך כביסה מרוכז כחו,,,מרכך כביסה מרוכז כחו,מיליליטרים,960.00,"100 מ""ל",false,,17.90,0.0186,true,1,141716
7290100245231,false,נמס בכוס עוף עם אטרי,,,נמס בכוס עוף עם אטרי,גרמים,50.00,100 גרם,false,,6.90,0.1380,true,1,144371
7290100249659,false,רוטב לעוף צ'ילי שום,,,רוטב לעוף צ'ילי שום,גרמים,320.00,100 גרם,false,,10.90,0.0341,true,1,144823
7290100329592,true,אגו אצבעות וופל דאבל,,,", ,       ,0",גרמים,0.00,"00000גרם,1,000000000",false,,6.90,0.0000,true,1,138283
7290100680667,false,מנה חמה נודלס בסגנון,,,מנה חמה נודלס בסגנון,גרמים,76.00,100 גרם,false,,5.90,0.0776,true,1,146266
7290100680728,false,פירורי לחם לבנים פיר,,,פירורי לחם לבנים פיר,גרמים,350.00,100 גרם,false,,7.50,0.0214,true,1,141056
7290100681138,false,מארז 3 אפרופו 50 גרם,,,מארז 3 אפרופו 50 גרם,גרמים,150.00,100 גרם,false,,12.90,0.0860,true,1,137049
7290100685136,false,מרק בטעם עוף פרווה כ,,,מרק בטעם עוף פרווה כ,גרמים,1000.00,100 גרם,false,,14.90,0.0149,true,1,141061
7290100685334,false,מרק עוף אמיתי מרכיבי,,,מרק עוף אמיתי מרכיבי,גרמים,400.00,100 גרם,false,,21.50,0.0538,true,1,141063
7290100685341,false,מרק בטעם עוף זך מרכי,,,מרק בטעם עוף זך מרכי,גרמים,400.00,100 גרם,false,,15.90,0.0398,true,1,141064
7290100689301,false,אסם עדיף זך טעם עוף,,,אסם עדיף זך טעם עוף,גרמים,400.00,100 גרם,false,,13.90,0.0348,true,1,147266
7290100700075,false,פירורי לחם מוזהבים ס,,,פירורי לחם מוזהבים ס,גרמים,200.00,100 גרם,false,,3.90,0.0195,true,1,147740
7290100700242,false,אורז מלא עגול סוגת 1,,,אורז מלא עגול סוגת 1,גרמים,1000.00,100 גרם,false,,9.90,0.0099,true,1,151267
7290100700273,false,קינואה סוגת 500 גרם,,,קינואה סוגת 500 גרם,גרמים,500.00,100 גרם,false,,13.90,0.0278,true,1,138125
7290100700396,false,אורז יסמין קלאסי סוג,,,אורז יסמין קלאסי סוג,גרמים,1000.00,100 גרם,false,,12.30,0.0123,true,1,138126
7290100700587,false,בורגול סוגת 500 גרם,,,בורגול סוגת 500 גרם,גרמים,500.00,100 גרם,false,,5.90,0.0118,true,1,138127
7290100702994,false,סוכר דמררה בשקית סוג,,,סוכר דמררה בשקית סוג,גרמים,500.00,100 גרם,false,,5.90,0.0118,true,1,138129
7290100703007,false,עדשים שחורות סוגת 50,,,עדשים שחורות סוגת 50,גרמים,500.00,100 גרם,false,,7.90,0.0158,true,1,152941
7290101112228,false,פופסיקל אננס 8,,,פופסיקל אננס 8,גרמים,640.00,100 גרם,false,,24.90,0.0389,true,1,164808
7290101113393,false,יופלה מיקס יוגורט פי,,,יופלה מיקס יוגורט פי,100 יחידה,5.00,100 יחידה,false,,20.90,4.1800,true,1,164816
7290101113409,false,יופלה מיקס יוגורט תו,,,יופלה מיקס יוגורט תו,100 יחידה,5.00,100 יחידה,false,,20.90,4.1800,true,1,164817
7290101113751,false,מאגדת (4) שלגון יולו,,,מאגדת (4) שלגון יולו,גרמים,200.00,100 גרם,false,,19.90,0.0995,true,1,164830
7290101113768,false,מאגדת (4) שלגון יולו,,,מאגדת (4) שלגון יולו,גרמים,200.00,100 גרם,false,,19.90,0.0995,true,1,164831
7290101113805,false,מאגדת (5) יופלה שייק,,,מאגדת (5) יופלה שייק,גרמים,350.00,100 גרם,false,,20.90,0.0597,true,1,164835
7290101113829,false,מאגדת (5) יופלה שייק,,,מאגדת (5) יופלה שייק,גרמים,350.00,100 גרם,false,,20.90,0.0597,true,1,164836
7290101486688,false,חטיף דגנים עם שוקולד,,,חטיף דגנים עם שוקולד,גרמים,100.00,100 גרם,false,,16.90,0.1690,true,1,150300
7290101501138,true,פרחי כרובית,,,", ,       ,0",ליטרים,0.00,ליטר,false,,10.00,0.0000,true,1,138066
7290101501176,false,פלפלונים רמי לוי,,,פלפלונים רמי לוי,Unknown,1.00,יחידה,false,,9.90,9.9000,true,1,146519
7290101501305,false,מלפפון בייבי רמי לוי,,,מלפפון בייבי רמי לוי,Unknown,1.00,יחידה,false,,9.90,9.9000,true,1,146520
7290101551027,false,קפסולות 14 למכונות N,,,קפסולות 14 למכונות N,Unknown,10.00,יחידה,false,,17.90,1.7900,true,1,149877
7290101551300,false,סילאן טבעי לחיץ 380,,,סילאן טבעי לחיץ 380,גרמים,380.00,100 גרם,false,,14.90,0.0392,true,1,147962
7290101551539,false,דנונה פרו 20 גר אפרס,,,דנונה פרו 20 גר אפרס,גרמים,200.00,100 גרם,false,,5.90,0.0295,true,1,148135
7290101551584,false,מארז תפוצ'יפס קידס 1,,,מארז תפוצ'יפס קידס 1,גרמים,200.00,100 גרם,false,,12.90,0.0645,true,1,149977
7290101999553,false,נרות ג'מבו כוכבים -,,,נרות ג'מבו כוכבים -,Unknown,1.00,יחידה,false,,5.90,5.9000,true,1,148802
7290102030330,false,תפוצ'פס קראנצ מקסיקנ,,,תפוצ'פס קראנצ מקסיקנ,גרמים,200.00,100 גרם,false,,10.90,0.0545,true,1,141641
7290102391301,true,יוגורט מולר 1.7% 150,,,", ,       ,0",גרמים,0.00,"00000גרם,1,000000000",false,,5.00,0.0000,true,1,136945
7290102391844,false,יוגורט ביו פרופ קציפ,,,יוגורט ביו פרופ קציפ,מיליליטרים,150.00,"100 מ""ל",false,,5.20,0.0347,true,1,140882
7290102393039,false,יוגורט מיקס פצפוצי ש,,,יוגורט מיקס פצפוצי ש,גרמים,170.00,100 גרם,false,,5.90,0.0347,true,1,136948
7290102393190,false,יוגורט סימפלי פרוט פ,,,יוגורט סימפלי פרוט פ,מיליליטרים,150.00,"100 מ""ל",false,,5.10,0.0340,true,1,140889
7290102394821,false,פרוסות גבינה צהובה 2,,,פרוסות גבינה צהובה 2,גרמים,200.00,100 גרם,false,,15.80,0.0790,true,1,140895
7290102394845,false,פרוסות גבינה צהובה 9,,,פרוסות גבינה צהובה 9,גרמים,200.00,100 גרם,false,,17.00,0.0850,true,1,140896
7290102395477,false,מוו שוקולד קצפת 123,,,מוו שוקולד קצפת 123,גרמים,123.00,100 גרם,false,,2.90,0.0236,true,1,157191
7290102396399,false,מאגדת שמינייה מעדן מ,,,מאגדת שמינייה מעדן מ,גרמים,800.00,100 גרם,false,,13.90,0.0174,true,1,157434
7290102396405,false,מאגדת שמינייה מעדן מ,,,מאגדת שמינייה מעדן מ,גרמים,800.00,100 גרם,false,,13.90,0.0174,true,1,157435
7290102396436,false,מוו מעדן חלב שוקולד,,,מוו מעדן חלב שוקולד,גרמים,125.00,100 גרם,false,,2.90,0.0232,true,1,136954
7290102396443,false,מוו מעדן חלב וניל 1.,,,מוו מעדן חלב וניל 1.,גרמים,125.00,100 גרם,false,,2.90,0.0232,true,1,157432
7290102396580,false,מעדן מוו שוקולד ומוס,,,מעדן מוו שוקולד ומוס,גרמים,118.00,100 גרם,false,,2.90,0.0246,true,1,136955
7290102397310,false,מאגדת שמינייה מיני מ,,,מאגדת שמינייה מיני מ,גרמים,560.00,100 גרם,false,,11.90,0.0213,true,1,160981
7290102397600,false,יוגורט ביו מיקס שקדי,,,יוגורט ביו מיקס שקדי,גרמים,170.00,100 גרם,false,,5.90,0.0347,true,1,136964
7290102397617,false,יוגורט ביו מיקס ביו,,,יוגורט ביו מיקס ביו,גרמים,180.00,100 גרם,false,,5.90,0.0328,true,1,136965
7290102398065,false,חלב בקרטון 3% מהדרין,,,חלב בקרטון 3% מהדרין,מיליליטרים,2000.00,"100 מ""ל",false,,12.46,0.0062,true,1,157353
7290102398560,false,שוקו טרה מועשר בבקבו,,,שוקו טרה מועשר בבקבו,מיליליטרים,1000.00,"100 מ""ל",false,,11.90,0.0119,true,1,149624
7290102398577,false,שוקו טרה מועשר בבקבו,,,שוקו טרה מועשר בבקבו,מיליליטרים,250.00,"100 מ""ל",false,,5.60,0.0224,true,1,157433
7290102399796,false,מולר אקטיב 25 גרם חל,,,מולר אקטיב 25 גרם חל,גרמים,200.00,100 גרם,false,,5.90,0.0295,true,1,154329
7290102399802,false,יוגורט ביו 20 גרם חל,,,יוגורט ביו 20 גרם חל,גרמים,200.00,100 גרם,false,,6.20,0.0310,true,1,154330
7290103029592,true,אגו אצבעות וופל דאבל,,,", ,       ,0",גרמים,0.00,"00000גרם,1,000000000",false,,6.90,0.0000,true,1,138284
7290103120658,true,ספיד סטיק 24/7 שחור,,,", ,       ,0","00000000,0,000000000",0.00,"00000000,0,000000000",false,,19.90,0.0000,true,1,143910
7290103401429,false,קפה פלטינום ברזילאי,,,קפה פלטינום ברזילאי,גרמים,200.00,100 גרם,false,,24.90,0.1245,true,1,141466
7290103404758,false,סלט כרוב אחלה 120 גר,,,סלט כרוב אחלה 120 גר,גרמים,120.00,100 גרם,false,,4.90,0.0408,true,1,141472
7290103702939,false,נייר טואלט רמי לוי 1,,,נייר טואלט רמי לוי 1,Unknown,16.00,יחידה,false,,29.90,1.8687,true,1,149663
7290104061417,false,סלט חומוס וטחינה אחל,,,סלט חומוס וטחינה אחל,גרמים,400.00,100 גרם,false,,10.90,0.0273,true,1,141475
7290104061431,false,חומוס עם צנובר אחלה,,,חומוס עם צנובר אחלה,גרמים,400.00,100 גרם,false,,10.90,0.0273,true,1,141476
7290104061448,false,סלט חומוס וחריף אחלה,,,סלט חומוס וחריף אחלה,גרמים,400.00,100 גרם,false,,10.90,0.0273,true,1,141477
7290104066566,false,טחינה 500 גרם,,,טחינה 500 גרם,גרמים,500.00,100 גרם,false,,14.90,0.0298,true,1,148139
7290104068546,false,מאסט קולה לימון ללא,,,מאסט קולה לימון ללא,גרמים,28.00,100 גרם,false,,4.50,0.1607,true,1,138739
7290104508943,false,במבה קלאסי 200 גרם,,,במבה קלאסי 200 גרם,גרמים,200.00,100 גרם,false,,8.90,0.0445,true,1,154547
7290104509247,false,עוגת קראנץ שוקולד בו,,,עוגת קראנץ שוקולד בו,גרמים,650.00,100 גרם,false,,20.90,0.0322,true,1,150886
7290104570513,false,"תמר מג'הול 1 ק""ג",,,"תמר מג'הול 1 ק""ג",גרמים,1000.00,100 גרם,false,,19.90,0.0199,true,1,146959
7290104722530,false,תפוציפס שמנת בצל 200,,,תפוציפס שמנת בצל 200,גרמים,200.00,100 גרם,false,,10.90,0.0545,true,1,141643
7290104726712,false,מארז 8 מילקי בטעם שו,,,מארז 8 מילקי בטעם שו,גרמים,1064.00,100 גרם,false,,19.90,0.0187,true,1,141488
7290104728310,false,שמנת להקצפה 38% יטבת,,,שמנת להקצפה 38% יטבת,מיליליטרים,250.00,"100 מ""ל",false,,6.47,0.0259,true,1,148143
7290105360250,false,קפסולות 09 למכונות N,,,קפסולות 09 למכונות N,Unknown,10.00,יחידה,false,,17.90,1.7900,true,1,157145
7290105360755,false,"שמן זית 3 חזק 750 מ""",,,"שמן זית 3 חזק 750 מ""",מיליליטרים,750.00,"100 מ""ל",false,,33.90,0.0452,true,1,147964
7290105362339,false,שמנת לבישול 15% יטבת,,,שמנת לבישול 15% יטבת,מיליליטרים,250.00,"100 מ""ל",false,,7.90,0.0316,true,1,141495
7290105364289,false,כיף כף מקלות פצפוצים,,,כיף כף מקלות פצפוצים,גרמים,40.00,100 גרם,false,,4.90,0.1225,true,1,143591
7290105364302,false,כיף כף מקלות אגוזים,,,כיף כף מקלות אגוזים,גרמים,40.00,100 גרם,false,,4.90,0.1225,true,1,143592
7290105366993,false,גבינת סימפוניה פילפל,,,גבינת סימפוניה פילפל,גרמים,200.00,100 גרם,false,,11.00,0.0550,true,1,141499
7290105368904,false,שמנת מתוקה להקצפה 32,,,שמנת מתוקה להקצפה 32,מיליליטרים,250.00,"100 מ""ל",false,,7.30,0.0292,true,1,148145
7290105369130,false,סימפוניה בצל ירוק 20,,,סימפוניה בצל ירוק 20,גרמים,200.00,100 גרם,false,,11.00,0.0550,true,1,141502
7290105436382,false,חטיף בריאות פרי תמרי,,,חטיף בריאות פרי תמרי,גרמים,125.00,100 גרם,false,,16.90,0.1352,true,1,141267
7290105438539,false,"נייר אפייה 42*37 ס""מ",,,"נייר אפייה 42*37 ס""מ",Unknown,40.00,יחידה,false,,9.90,0.2475,true,1,146542
7290105439499,false,מאסטר שף מיונז הולנד,,,מאסטר שף מיונז הולנד,גרמים,483.00,100 גרם,false,,11.90,0.0246,true,1,137857
7290105691224,false,אסם חטיפי פריכונים ט,,,אסם חטיפי פריכונים ט,גרמים,60.00,100 גרם,false,,7.90,0.1317,true,1,144503
7290105691934,false,קמח שמרים אסם 1 קילו,,,קמח שמרים אסם 1 קילו,גרמים,1000.00,100 גרם,false,,9.90,0.0099,true,1,141072
7290105693341,false,חטיף בוטנים במבה 10*,,,חטיף בוטנים במבה 10*,גרמים,250.00,100 גרם,false,,14.90,0.0596,true,1,141073
7290105695024,false,אסם פתיתים אפויים או,,,אסם פתיתים אפויים או,גרמים,500.00,100 גרם,false,,6.90,0.0138,true,1,141078
7290105964564,false,סלט חומוס אחלה 400 ג,,,סלט חומוס אחלה 400 ג,גרמים,400.00,100 גרם,false,,8.50,0.0213,true,1,141511
7290105965738,false,יוגורט לשתיה 1.5 תות,,,יוגורט לשתיה 1.5 תות,מיליליטרים,267.00,"100 מ""ל",false,,4.80,0.0180,true,1,138747
7290105968654,false,רביולי בטטה פרווה 40,,,רביולי בטטה פרווה 40,גרמים,400.00,100 גרם,false,,19.80,0.0495,true,1,138748
7290106520066,false,רבע לשבע קרם אגוזים,,,רבע לשבע קרם אגוזים,גרמים,160.00,100 גרם,false,,10.90,0.0681,true,1,141519
7290106520912,false,שמנת לבישול 9% יטבתה,,,שמנת לבישול 9% יטבתה,מיליליטרים,250.00,"100 מ""ל",false,,7.90,0.0316,true,1,148150
7290106521049,false,קוביות סלק 400,,,קוביות סלק 400,גרמים,400.00,100 גרם,false,,15.90,0.0398,true,1,148151
7290106524682,true,יוגורט אקטיביה 0% או,,,", ,       ,0",גרמים,0.00,"00000גרם,1,000000000",false,,5.00,0.0000,true,1,143697
7290106525382,false,קפה טורקי עלית 125 ג,,,קפה טורקי עלית 125 ג,גרמים,125.00,100 גרם,false,,9.90,0.0792,true,1,147228
7290106528567,false,דוריטוס גריל 185 גרם,,,דוריטוס גריל 185 גרם,גרמים,185.00,100 גרם,false,,7.90,0.0427,true,1,141646
7290106528628,false,דוריטוס טבעי 185 גרם,,,דוריטוס טבעי 185 גרם,גרמים,185.00,100 גרם,false,,7.90,0.0427,true,1,146950
7290106573598,false,חומוס לבנוני צבר 400,,,חומוס לבנוני צבר 400,גרמים,400.00,100 גרם,false,,11.90,0.0298,true,1,141084
7290106574953,false,בייגלה שטוחים שומשום,,,בייגלה שטוחים שומשום,גרמים,300.00,100 גרם,false,,9.90,0.0330,true,1,141090
7290106574977,false,בייגלה כעכים שטוחים,,,בייגלה כעכים שטוחים,גרמים,300.00,100 גרם,false,,9.90,0.0330,true,1,141091
7290106576513,false,חומוס חלק צבר 400 גר,,,חומוס חלק צבר 400 גר,גרמים,400.00,100 גרם,false,,9.90,0.0248,true,1,144316
7290106576537,false,חומוס מסעדה צבר 700,,,חומוס מסעדה צבר 700,גרמים,700.00,100 גרם,false,,10.90,0.0156,true,1,137056
7290106577282,false,סלט טחינה צבר 400 גר,,,סלט טחינה צבר 400 גר,גרמים,400.00,100 גרם,false,,12.90,0.0323,true,1,141092
7290106577541,false,סלט כרוב אדום צבר 40,,,סלט כרוב אדום צבר 40,גרמים,400.00,100 גרם,false,,12.90,0.0323,true,1,141095
7290106578470,true,קופיקס ביסלי ברביקיו,,,", ,       ,0",ליטרים,0.00,ליטר,false,,5.00,0.0000,true,1,137058
7290106578692,false,במבה ביסלי מיקס 80 ג,,,במבה ביסלי מיקס 80 ג,גרמים,80.00,100 גרם,false,,4.90,0.0613,true,1,154281
7290106644700,true,דוריטוס פיצה 55 גרם,,,", ,       ,0",גרמים,0.00,"00000גרם,1,000000000",false,,3.80,0.0000,true,1,138848
7290106653504,false,בוטנים אמריקאים ברבי,,,בוטנים אמריקאים ברבי,גרמים,50.00,100 גרם,false,,2.90,0.0580,true,1,138849
7290106656734,false,חיוכים וניל 600 גרם,,,חיוכים וניל 600 גרם,גרמים,600.00,100 גרם,false,,17.90,0.0298,true,1,147968
7290106662612,true,Joy מעדן בטעם וניל 3,,,", ,       ,0",גרמים,0.00,"00000גרם,1,000000000",false,,5.00,0.0000,true,1,138761
7290106663121,false,מילקי קייק 34 גרם,,,מילקי קייק 34 גרם,גרמים,34.00,100 גרם,false,,2.90,0.0853,true,1,138763
7290106663183,false,ציטוס קראצ בטעם גבינ,,,ציטוס קראצ בטעם גבינ,גרמים,65.00,100 גרם,false,,3.50,0.0538,true,1,141652
7290106663503,false,קונפיטורת תות שדה לי,,,קונפיטורת תות שדה לי,גרמים,230.00,100 גרם,false,,13.90,0.0604,true,1,141634
7290106664067,false,לאבנה שמן זית וזעתר,,,לאבנה שמן זית וזעתר,גרמים,400.00,100 גרם,false,,14.90,0.0373,true,1,141541
7290106667266,false,דוריטוס חמוץ חריף 18,,,דוריטוס חמוץ חריף 18,גרמים,185.00,100 גרם,false,,7.90,0.0427,true,1,141654
7290106668577,false,מיץ לימון טבעי 250 מ,,,מיץ לימון טבעי 250 מ,מיליליטרים,250.00,"100 מ""ל",false,,7.90,0.0316,true,1,141548
7290106721913,false,צנצנת מאסט מנטה מרענ,,,צנצנת מאסט מנטה מרענ,גרמים,66.00,100 גרם,false,,9.90,0.1500,true,1,141554
7290107280341,false,מטליות לחות לרצפה בנ,,,מטליות לחות לרצפה בנ,Unknown,1.00,יחידה,false,,12.90,12.9000,true,1,152914
7290107280570,false,ג'ל כביסה מקסימה 3 ל,,,ג'ל כביסה מקסימה 3 ל,מיליליטרים,3000.00,"100 מ""ל",false,,29.90,0.0100,true,1,147304
7290107280662,false,אבקת כביסה מרוכזת לת,,,אבקת כביסה מרוכזת לת,מיליליטרים,1250.00,"100 מ""ל",false,,16.90,0.0135,true,1,147305
7290107280716,false,מלח למדיח ספארק סנו,,,מלח למדיח ספארק סנו,גרמים,2000.00,100 גרם,false,,11.90,0.0060,true,1,152915
7290107280723,false,נוזל כלים ספארק 700,,,נוזל כלים ספארק 700,מיליליטרים,750.00,"100 מ""ל",false,,9.90,0.0132,true,1,146971
7290107280730,false,נוזל כלים ספארק 700,,,נוזל כלים ספארק 700,מיליליטרים,700.00,"100 מ""ל",false,,9.90,0.0141,true,1,149117
7290107280747,false,נוזל כלים ספארק 700,,,נוזל כלים ספארק 700,מיליליטרים,700.00,"100 מ""ל",false,,9.90,0.0141,true,1,149118
7290107280754,false,נוזל כלים ספארק 700,,,נוזל כלים ספארק 700,מיליליטרים,700.00,"100 מ""ל",false,,9.90,0.0141,true,1,147306
7290107644488,false,בייגלה שמיניות עם מל,,,בייגלה שמיניות עם מל,גרמים,250.00,100 גרם,false,,6.90,0.0276,true,1,164890
7290107645584,false,קנור עוף אמיתי רכיבי,,,קנור עוף אמיתי רכיבי,גרמים,400.00,100 גרם,false,,22.90,0.0572,true,1,146658
7290107646154,false,מאגדת חטיף קוקומן פצ,,,מאגדת חטיף קוקומן פצ,Unknown,6.00,יחידה,false,,12.90,2.1500,true,1,146659
7290107646383,false,סיף מגבונים רצפה לימ,,,סיף מגבונים רצפה לימ,Unknown,10.00,יחידה,false,,10.90,1.0900,true,1,141730
7290107646826,false,חטיפי שוגי שוקו 6*26,,,חטיפי שוגי שוקו 6*26,גרמים,156.00,100 גרם,false,,12.90,0.0827,true,1,146053
7290107646918,false,קנור רוטב שקשוקה 415,,,קנור רוטב שקשוקה 415,גרמים,415.00,100 גרם,false,,10.90,0.0263,true,1,147261
7290107646963,false,ממרח ספייסי מיונז תל,,,ממרח ספייסי מיונז תל,גרמים,250.00,100 גרם,false,,8.90,0.0356,true,1,164750
7290107647366,false,דומסטוס שלישיה אסלות,,,דומסטוס שלישיה אסלות,גרמים,165.00,100 גרם,false,,15.50,0.0939,true,1,151326
7290107647656,false,מאגדת סולרו פרוט בוס,,,מאגדת סולרו פרוט בוס,Unknown,5.00,יחידה,false,,23.90,4.7800,true,1,151513
7290107647731,false,קוקומן חום לבן 375 ג,,,קוקומן חום לבן 375 ג,גרמים,375.00,100 גרם,false,,20.90,0.0557,true,1,146662
7290107647854,false,שוגי 500 גרם,,,שוגי 500 גרם,גרמים,500.00,100 גרם,false,,19.90,0.0398,true,1,146664
7290107649605,false,קליק טבלה קורנפלקס 8,,,קליק טבלה קורנפלקס 8,גרמים,85.00,100 גרם,false,,5.90,0.0694,true,1,146671
7290107649681,false,טילון פסק זמן - נוגט,,,טילון פסק זמן - נוגט,Unknown,1.00,יחידה,false,,6.90,6.9000,true,1,151516
7290107649780,false,שוקובו שוקולד,,,שוקובו שוקולד,Unknown,1.00,יחידה,false,,8.90,8.9000,true,1,151519
7290107649858,false,טילון מגנום לבן,,,טילון מגנום לבן,Unknown,1.00,יחידה,false,,9.90,9.9000,true,1,151523
7290107874502,false,ביסלי גריל 4 * 55 גר,,,ביסלי גריל 4 * 55 גר,גרמים,220.00,100 גרם,false,,12.50,0.0568,true,1,144046
7290107877619,false,במבה במילוי קרם נוגט,,,במבה במילוי קרם נוגט,גרמים,150.00,100 גרם,false,,13.90,0.0927,true,1,137075
7290107932080,false,חלב מועשר בקבוק 3% י,,,חלב מועשר בקבוק 3% י,מיליליטרים,1000.00,"100 מ""ל",false,,7.70,0.0077,true,1,141574
7290107932134,false,חלב מועשר בקבוק 1% י,,,חלב מועשר בקבוק 1% י,מיליליטרים,1000.00,"100 מ""ל",false,,7.70,0.0077,true,1,141576
7290107936309,false,יוגורט דנונה יווני ל,,,יוגורט דנונה יווני ל,גרמים,130.00,100 גרם,false,,3.40,0.0262,true,1,141590
7290107936965,false,עד חצות עיגולים 225,,,עד חצות עיגולים 225,גרמים,225.00,100 גרם,false,,12.90,0.0573,true,1,147972
7290107937641,false,צנצנת קוביות בזוקה 5,,,צנצנת קוביות בזוקה 5,גרמים,58.00,100 גרם,false,,9.90,0.1707,true,1,143611
7290107938396,false,אקטימל תות דיסני 8*1,,,אקטימל תות דיסני 8*1,מיליליטרים,800.00,"100 מ""ל",false,,20.90,0.0261,true,1,141599
7290107944472,false,סימפוניה שום שמיר 5%,,,סימפוניה שום שמיר 5%,גרמים,200.00,100 גרם,false,,11.00,0.0550,true,1,143343
7290107951104,false,בפלות שוקולד 200 גרם,,,בפלות שוקולד 200 גרם,Unknown,0.00,יחידה,false,,4.90,0.0000,true,1,141620
7290107951111,false,בפלות לימון 200 גרם,,,בפלות לימון 200 גרם,גרמים,200.00,100 גרם,false,,4.90,0.0245,true,1,165487
7290107951722,true,סוכריות גומי מסוכרות,,,", ,       ,0",גרמים,0.00,"00000גרם,1,000000000",false,,5.00,0.0000,true,1,143755
7290107954709,false,קונפיטורת פירות יער,,,קונפיטורת פירות יער,גרמים,340.00,100 גרם,false,,13.90,0.0409,true,1,141633
7290107954976,false,יטבתה פרו קפה 350 יט,,,יטבתה פרו קפה 350 יט,מיליליטרים,350.00,"100 מ""ל",false,,6.50,0.0186,true,1,148185
7290107957991,false,מילקי מינייס עוגה אי,,,מילקי מינייס עוגה אי,גרמים,144.00,100 גרם,false,,13.90,0.0965,true,1,148197
7290107958035,false,מארז דנונה מתיקות מע,,,מארז דנונה מתיקות מע,גרמים,1200.00,100 גרם,false,,17.90,0.0149,true,1,148198
7290107973038,false,סבון ידיים אקווריום,,,סבון ידיים אקווריום,מיליליטרים,300.00,"100 מ""ל",false,,10.90,0.0363,true,1,147708
7290107974066,false,עלי טורטייה 5 דגנים,,,עלי טורטייה 5 דגנים,גרמים,320.00,100 גרם,false,,9.90,0.0309,true,1,151124
7290107974073,false,עלי טורטיה מקמח לבן,,,עלי טורטיה מקמח לבן,גרמים,320.00,100 גרם,false,,9.90,0.0309,true,1,151125
7290107974806,false,מאסטר שף אורז בסמטי,,,מאסטר שף אורז בסמטי,גרמים,1000.00,100 גרם,false,,11.90,0.0119,true,1,155720
7290108271348,false,כוסות שתיה קרה בירה,,,כוסות שתיה קרה בירה,Unknown,50.00,יחידה,false,,11.90,0.2380,true,1,153093
7290108271416,false,שקיות אשפה 52/65 עם,,,שקיות אשפה 52/65 עם,Unknown,1.00,יחידה,false,,18.90,18.9000,true,1,146351
7290108271454,false,שקיות מזון בקופסא רמ,,,שקיות מזון בקופסא רמ,Unknown,300.00,יחידה,false,,9.90,0.0330,true,1,146352
7290108271485,false,שקיות גופייה אפור HD,,,שקיות גופייה אפור HD,Unknown,25.00,יחידה,false,,14.60,0.5840,true,1,151841
7290108271492,false,נייר אפייה רמי לוי 3,,,נייר אפייה רמי לוי 3,Unknown,50.00,יחידה,false,,8.90,0.1780,true,1,146353
7290108271607,false,רדיד אלומיניום זוגות,,,רדיד אלומיניום זוגות,Unknown,2.00,יחידה,false,,11.90,5.9500,true,1,146355
7290108271812,false,קופסאות אחסון 2 ליטר,,,קופסאות אחסון 2 ליטר,Unknown,4.00,יחידה,false,,9.90,2.4750,true,1,148467
7290108271829,false,קופסאות אחסון 1 ליטר,,,קופסאות אחסון 1 ליטר,Unknown,5.00,יחידה,false,,9.90,1.9800,true,1,146360
7290108272000,false,כוסות שתיה קרה 100 י,,,כוסות שתיה קרה 100 י,Unknown,100.00,יחידה,false,,7.90,0.0790,true,1,146362
7290108272079,false,מגבונים לניקוי כללי,,,מגבונים לניקוי כללי,Unknown,400.00,יחידה,false,,20.90,0.0522,true,1,148469
7290108272581,false,תבנית אפייה נייר אינ,,,תבנית אפייה נייר אינ,Unknown,2.00,יחידה,false,,5.20,2.6000,true,1,151828
7290108272659,false,שקיות מזון 18*24 (20,,,שקיות מזון 18*24 (20,100 יחידה,200.00,100 יחידה,false,,3.90,0.0195,true,1,164672
7290108273205,false,צלחת 10' קרם (20 יח',,,צלחת 10' קרם (20 יח',Unknown,20.00,יחידה,false,,16.90,0.8450,true,1,146376
7290108273410,false,ניילון נצמד זוגות 2*,,,ניילון נצמד זוגות 2*,Unknown,2.00,יחידה,false,,8.90,4.4500,true,1,146377
7290108273663,false,מגשיות אלומיניום גדו,,,מגשיות אלומיניום גדו,Unknown,5.00,יחידה,false,,6.90,1.3800,true,1,146382
7290108273694,false,תבנית אינגליש קייק ר,,,תבנית אינגליש קייק ר,Unknown,10.00,יחידה,false,,7.90,0.7900,true,1,146384
7290108273847,false,תבנית מאפין אישית (5,,,תבנית מאפין אישית (5,Unknown,50.00,יחידה,false,,9.90,0.1980,true,1,153788
7290108274059,false,מגשיות אלומיניום קטנ,,,מגשיות אלומיניום קטנ,Unknown,8.00,יחידה,false,,7.90,0.9875,true,1,146391
7290108274592,false,נייר אפייה רמי לוי 3,,,נייר אפייה רמי לוי 3,Unknown,50.00,יחידה,false,,8.90,0.1780,true,1,155615
7290108274714,false,צלחת 10' קרם (20 יח',,,צלחת 10' קרם (20 יח',Unknown,20.00,יחידה,false,,16.90,0.8450,true,1,147313
7290108275063,false,שקיות ענקיות רמי לוי,,,שקיות ענקיות רמי לוי,Unknown,40.00,יחידה,false,,14.90,0.3725,true,1,146392
7290108275407,false,כוסות שתיה קרה 100 י,כוסות שתיה קרה 4 ב 1,,כוסות שתיה קרה 100 י,Unknown,100.00,יחידה,false,,7.90,0.0790,true,1,147314
7290108275551,false,כף לבן 100 יחידות,,,כף לבן 100 יחידות,Unknown,100.00,יחידה,false,,9.90,0.0990,true,1,146395
7290108275568,false,כפית לבן 100 יחידות,,,כפית לבן 100 יחידות,Unknown,100.00,יחידה,false,,7.90,0.0790,true,1,146396
7290108276343,false,מטליות רצפה זיגזג 3,,,מטליות רצפה זיגזג 3,Unknown,3.00,יחידה,false,,7.90,2.6333,true,1,148480
7290108277555,false,שקיות אשפה 75*90 רמי,,,שקיות אשפה 75*90 רמי,Unknown,40.00,יחידה,false,,19.90,0.4975,true,1,148485
7290108278637,false,כוסות שתיה קרה בירה,,,כוסות שתיה קרה בירה,Unknown,50.00,יחידה,false,,11.90,0.2380,true,1,158362
7290108350623,false,מרכך מרוכז 1 ליטר סו,,,מרכך מרוכז 1 ליטר סו,מיליליטרים,1000.00,"100 מ""ל",false,,17.90,0.0179,true,1,142995
7290108351613,false,הום פרש ריצפז בית מל,,,הום פרש ריצפז בית מל,מיליליטרים,2000.00,"100 מ""ל",false,,19.90,0.0099,true,1,147310
7290108351699,false,מארז שלישייה מגבונים,,,מארז שלישייה מגבונים,Unknown,50.00,יחידה,false,,20.90,0.4180,true,1,152149
7290108352399,false,ריצפז פרש הום פלורל,,,ריצפז פרש הום פלורל,מיליליטרים,2000.00,"100 מ""ל",false,,19.90,0.0099,true,1,163141
7290108352672,false,מטליות הפלא לריצפה מ,,,מטליות הפלא לריצפה מ,Unknown,2.00,יחידה,false,,19.90,9.9500,true,1,148890
7290108501681,true,EURO SPREAD ממרח חמא,,,", ,       ,0",גרמים,0.00,"00000גרם,1,000000000",false,,5.90,0.0000,true,1,146912
7290108502329,false,נתחי טונה בהירה בשמן,,,נתחי טונה בהירה בשמן,גרמים,640.00,100 גרם,false,,29.90,0.0467,true,1,161388
7290108502381,false,תחתיות לפיצה (קוטר 2,,,תחתיות לפיצה (קוטר 2,Unknown,4.00,יחידה,false,,12.90,3.2250,true,1,157826
7290108502862,false,מלפפונים כבושים במלח,,,מלפפונים כבושים במלח,גרמים,600.00,100 גרם,false,,11.90,0.0198,true,1,152244
7290108503043,false,תפוחי עץ מיובשים תפו,,,תפוחי עץ מיובשים תפו,גרמים,88.00,100 גרם,false,,14.90,0.1693,true,1,151254
7290108504699,false,נתחי טונה בהירה בשמן,,,נתחי טונה בהירה בשמן,גרמים,640.00,100 גרם,false,,21.90,0.0342,true,1,159101
7290108508130,false,עגבניות איטלקיות בקר,,,עגבניות איטלקיות בקר,גרמים,390.00,100 גרם,false,,8.90,0.0228,true,1,161895
7290108508147,false,עגבניות איטלקיות בקר,,,עגבניות איטלקיות בקר,גרמים,500.00,100 גרם,false,,9.90,0.0198,true,1,161896
7290108509700,false,אורז פרסי DAAWAT 1 ק,,,אורז פרסי DAAWAT 1 ק,גרמים,1000.00,100 גרם,false,,9.90,0.0099,true,1,161901
7290108531039,true,קוקיז,,,", ,       ,0",מיליליטרים,0.00,"מ""ל",false,,5.00,0.0000,true,1,137715
7290108532180,true,שורש סלרי,,,", ,       ,0",ליטרים,0.00,ליטר,false,,5.00,0.0000,true,1,138076
7290108533378,true,"נייר אפיה  60*40 ס""מ",,,", ,       ,0","00000000,0,000000000",0.00,"00000000,0,000000000",false,,2999.90,0.0000,true,1,139098
7290108533641,true,חטיף קורנפלקס מצופה,,,", ,       ,0",ליטרים,0.00,ליטר,false,,5.00,0.0000,true,1,138285
7290108533644,true,חטיף קורנפלקס מצופה,,,", ,       ,0",ליטרים,0.00,ליטר,false,,5.00,0.0000,true,1,138280
7290108533767,true,כדורי שוקולד סוכריות,,,", ,       ,0",מיליליטרים,0.00,"מ""ל",false,,5.00,0.0000,true,1,139106
7290108533866,true,אייס פסיפלורה העדה ה,,,", ,       ,0","00000000,0,000000000",0.00,"00000000,0,000000000",false,,0.00,0.0000,true,1,136912
7290108537987,true,כריך מיקס גבינות CFF,,,", ,       ,0",מיליליטרים,0.00,"מ""ל",false,,5.00,0.0000,true,1,137417
7290108538236,true,סלט ירקות עם גבינה ב,,,", ,       ,0",מיליליטרים,0.00,"מ""ל",false,,5.00,0.0000,true,1,137425
7290108538618,true,מארז סירופ שוקולד 2,,,", ,       ,0","00000000,0,000000000",0.00,"00000000,0,000000000",false,,0.00,0.0000,true,1,138148
7290108539370,true,סופגניה עם ריבה,,,", ,       ,0",מיליליטרים,0.00,"מ""ל",false,,4.00,0.0000,true,1,139079
7290108539929,true,לחמניית שומשום חביתה,,,", ,       ,0","00000000,0,000000000",0.00,"00000000,0,000000000",false,,10.00,0.0000,true,1,137452
7290108539950,true,תחתית שעם לקפה שלווה,,,", ,       ,0","00000000,0,000000000",0.00,"00000000,0,000000000",false,,0.00,0.0000,true,1,139985
7290109358765,false,קראנץ' רולס 450 גרם,,,קראנץ' רולס 450 גרם,גרמים,450.00,100 גרם,false,,23.90,0.0531,true,1,141111
7290109580098,false,קבנוס בטעם סרירצ'ה ז,,,קבנוס בטעם סרירצ'ה ז,גרמים,135.00,100 גרם,false,,10.90,0.0807,true,1,163831
7290109580135,false,קורנדביף פרימיום זוג,,,קורנדביף פרימיום זוג,גרמים,180.00,100 גרם,false,,24.90,0.1383,true,1,158432
7290109580210,false,נקניקיות ריינהולד'ס,,,נקניקיות ריינהולד'ס,גרמים,300.00,100 גרם,false,,21.90,0.0730,true,1,161634
7290109580227,false,נקניקיות ריינהולד'ס,,,נקניקיות ריינהולד'ס,גרמים,300.00,100 גרם,false,,21.90,0.0730,true,1,161635
7290109580432,false,פסטרמה אקסטרה מעושנת,,,פסטרמה אקסטרה מעושנת,גרמים,120.00,100 גרם,false,,14.90,0.1242,true,1,164761
7290109920603,false,קרם לניקוי המטבח אסט,,,קרם לניקוי המטבח אסט,מיליליטרים,500.00,"100 מ""ל",false,,12.90,0.0258,true,1,144415
7290109920627,false,קרם לניקוי האמבט אסט,,,קרם לניקוי האמבט אסט,מיליליטרים,500.00,"100 מ""ל",false,,12.90,0.0258,true,1,144416
7290109921853,false,משחה מקורית אסטוניש,,,משחה מקורית אסטוניש,מיליליטרים,150.00,"100 מ""ל",false,,18.90,0.1260,true,1,162671
7290109923031,false,אסטוניש מרסס פרמיום,,,אסטוניש מרסס פרמיום,מיליליטרים,750.00,"100 מ""ל",false,,17.90,0.0239,true,1,163848
7290109923147,false,אסטוניש מרסס פלא של,,,אסטוניש מרסס פלא של,מיליליטרים,750.00,"100 מ""ל",false,,17.90,0.0239,true,1,166052
7290110110369,false,בירה קרלסברג LUMA שי,,,בירה קרלסברג LUMA שי,מיליליטרים,1980.00,"100 מ""ל",false,,39.90,0.0202,true,1,154205
7290110110611,false,ספרייט ליים 1.5 ליטר,,,ספרייט ליים 1.5 ליטר,מיליליטרים,1500.00,"100 מ""ל",false,,8.70,0.0058,true,1,145995
7290110114787,false,מים בטעם תפוח נביעות,,,מים בטעם תפוח נביעות,מיליליטרים,1500.00,"100 מ""ל",false,,9.20,0.0061,true,1,162652
7290110114794,false,מים בטעם אפרסק נביעו,,,מים בטעם אפרסק נביעו,מיליליטרים,1500.00,"100 מ""ל",false,,9.20,0.0061,true,1,162264
7290110114855,false,מים מינרילים נביעות,,,מים מינרילים נביעות,מיליליטרים,9000.00,"100 מ""ל",false,,13.70,0.0015,true,1,162268
7290110114961,false,פריגת תפוזים 1.5 ליט,,,פריגת תפוזים 1.5 ליט,מיליליטרים,1500.00,"100 מ""ל",false,,9.10,0.0061,true,1,162269
7290110114985,false,פריגת אשכוליות 1.5 ל,,,פריגת אשכוליות 1.5 ל,מיליליטרים,1500.00,"100 מ""ל",false,,9.10,0.0061,true,1,162271
7290110115005,false,משקה קל ענבים פריגת,,,משקה קל ענבים פריגת,מיליליטרים,1500.00,"100 מ""ל",false,,9.10,0.0061,true,1,162272
7290110115029,false,פריגת תפוחים 1.5 ליט,,,פריגת תפוחים 1.5 ליט,מיליליטרים,1500.00,"100 מ""ל",false,,9.10,0.0061,true,1,162274
7290110115036,false,פריגת מנגו 1.5 ליטר,,,פריגת מנגו 1.5 ליטר,מיליליטרים,1500.00,"100 מ""ל",false,,9.10,0.0061,true,1,162275
7290110115043,false,פריגת לימונענע 1.5 ל,,,פריגת לימונענע 1.5 ל,מיליליטרים,1500.00,"100 מ""ל",false,,9.10,0.0061,true,1,162276
7290110115050,false,פריגת מיקס תות-בננה,,,פריגת מיקס תות-בננה,מיליליטרים,1500.00,"100 מ""ל",false,,9.10,0.0061,true,1,162277
7290110115081,false,פריגת צלול בטעם ענבי,,,פריגת צלול בטעם ענבי,מיליליטרים,1500.00,"100 מ""ל",false,,8.80,0.0059,true,1,162279
7290110115104,false,פריגת צלול בטעם אפרס,,,פריגת צלול בטעם אפרס,מיליליטרים,1500.00,"100 מ""ל",false,,8.80,0.0059,true,1,162281
7290110115296,false,פאנטה אורנג' 1.5 ליט,,,פאנטה אורנג' 1.5 ליט,מיליליטרים,1500.00,"100 מ""ל",false,,9.10,0.0061,true,1,162295
7290110115319,false,פאנטה אקזוטיק 1.5 לי,,,פאנטה אקזוטיק 1.5 לי,מיליליטרים,1500.00,"100 מ""ל",false,,9.10,0.0061,true,1,162296
7290110115364,false,קוקה קולה 6*1.5 ליטר,,,קוקה קולה 6*1.5 ליטר,קילוגרמים,9.00,ליטר,false,,51.10,5.6778,true,1,162301
7290110115371,false,דיאט קוקה קולה 6*1.5,,,דיאט קוקה קולה 6*1.5,קילוגרמים,9.00,ליטר,false,,49.70,5.5222,true,1,162651
7290110115395,false,ספרייט זירו שישיה 1.,,,ספרייט זירו שישיה 1.,מיליליטרים,9000.00,"100 מ""ל",false,,47.90,0.0053,true,1,162303
7290110115401,false,שישיית קינלי סודה 1.,,,שישיית קינלי סודה 1.,מיליליטרים,9000.00,"100 מ""ל",false,,15.70,0.0017,true,1,162304
7290110115418,false,קולה זירו קוקה קולה,,,קולה זירו קוקה קולה,מיליליטרים,9000.00,"100 מ""ל",false,,49.70,0.0055,true,1,162305
7290110115463,false,תה קר אפרסק פיוז-טי,,,תה קר אפרסק פיוז-טי,מיליליטרים,1500.00,"100 מ""ל",false,,9.50,0.0063,true,1,162310
7290110115623,false,פיוז תה אפרסק זירו 1,,,פיוז תה אפרסק זירו 1,מיליליטרים,1500.00,"100 מ""ל",false,,8.90,0.0059,true,1,164615
7290110115821,false,ספרייט ליים 1.5 ליטר,,,ספרייט ליים 1.5 ליטר,מיליליטרים,1500.00,"100 מ""ל",false,,8.70,0.0058,true,1,163252
7290110115869,false,קוקה קולה זירו בקבוק,,,קוקה קולה זירו בקבוק,מיליליטרים,1500.00,"100 מ""ל",false,,8.50,0.0057,true,1,162990
7290110116125,false,סירופ פטל פריגת 750,,,סירופ פטל פריגת 750,מיליליטרים,750.00,"100 מ""ל",false,,24.90,0.0332,true,1,166365
7290110116132,false,סירופ לימון 750 פריג,,,סירופ לימון 750 פריג,מיליליטרים,750.00,"100 מ""ל",false,,24.90,0.0332,true,1,166366
7290110116552,false,ספרייט למון היט 1.5,,,ספרייט למון היט 1.5,מיליליטרים,1500.00,"100 מ""ל",false,,8.90,0.0059,true,1,166739
7290110116569,false,ספרייט זירו למון היט,,,ספרייט זירו למון היט,מיליליטרים,1500.00,"100 מ""ל",false,,8.60,0.0057,true,1,166738
7290110320850,false,גבינת עמק 28% שומן פ,,,גבינת עמק 28% שומן פ,גרמים,200.00,100 גרם,false,,15.90,0.0795,true,1,143840
7290110320935,false,פרוסות מוצרלה מחלב ב,,,פרוסות מוצרלה מחלב ב,גרמים,150.00,100 גרם,false,,16.90,0.1127,true,1,145961
7290110321277,false,קוטג' בקטנה 5%,,,קוטג' בקטנה 5%,גרמים,100.00,100 גרם,false,,2.70,0.0270,true,1,144826
7290110321697,false,יוגורט 2.9% אפרסק גו,,,יוגורט 2.9% אפרסק גו,גרמים,200.00,100 גרם,false,,5.70,0.0285,true,1,147170
7290110321703,false,יוגורט 2.9% פירות יע,,,יוגורט 2.9% פירות יע,גרמים,200.00,100 גרם,false,,5.70,0.0285,true,1,147171
7290110322014,false,טופו טבעי 300 גרם,,,טופו טבעי 300 גרם,גרמים,300.00,100 גרם,false,,12.50,0.0417,true,1,147173
7290110322021,false,טופו בזיליקום 300 גר,,,טופו בזיליקום 300 גר,גרמים,300.00,100 גרם,false,,12.50,0.0417,true,1,147174
7290110323585,false,יוגורט לייט 0.5% מוע,,,יוגורט לייט 0.5% מוע,גרמים,200.00,100 גרם,false,,5.70,0.0285,true,1,151693
7290110323592,false,יוגורט לייט 0.5% מוע,,,יוגורט לייט 0.5% מוע,גרמים,200.00,100 גרם,false,,5.70,0.0285,true,1,151694
7290110323714,false,משקה קוקוס שקדים תנו,,,משקה קוקוס שקדים תנו,מיליליטרים,1000.00,"100 מ""ל",false,,12.90,0.0129,true,1,151699
7290110324353,false,יוגורט 0.5% מועשר אנ,,,יוגורט 0.5% מועשר אנ,גרמים,200.00,100 גרם,false,,5.70,0.0285,true,1,151701
7290110324551,false,יוגורט טיוב תות סמוט,,,יוגורט טיוב תות סמוט,מיליליטרים,348.00,"100 מ""ל",false,,11.90,0.0342,true,1,151702
7290110324872,false,פרוסות גבינה חצי קשה,,,פרוסות גבינה חצי קשה,גרמים,200.00,100 גרם,false,,17.90,0.0895,true,1,157857
7290110324926,false,משקה סויה ללא תוספת,,,משקה סויה ללא תוספת,מיליליטרים,1000.00,"100 מ""ל",false,,10.90,0.0109,true,1,151714
7290110325619,false,משקה שיבולת שועל 1 ל,,,משקה שיבולת שועל 1 ל,מיליליטרים,1000.00,"100 מ""ל",false,,12.90,0.0129,true,1,156871
7290110325893,false,תנובה GO אייס קפה 34,,,תנובה GO אייס קפה 34,מיליליטרים,340.00,"100 מ""ל",false,,7.70,0.0226,true,1,158754
7290110326210,false,יופלה און טופ פצפוצי,,,יופלה און טופ פצפוצי,גרמים,157.00,100 גרם,false,,5.00,0.0318,true,1,153646
7290110326227,false,יופלה און טופ קורנפל,,,יופלה און טופ קורנפל,גרמים,157.00,100 גרם,false,,5.00,0.0318,true,1,153647
7290110326234,false,יופלה און טופ כוכבים,,,יופלה און טופ כוכבים,גרמים,157.00,100 גרם,false,,5.00,0.0318,true,1,153648
7290110326241,false,יופלה און טופ גרנולה,,,יופלה און טופ גרנולה,גרמים,157.00,100 גרם,false,,5.00,0.0318,true,1,153649
7290110327064,false,"אייס קפה ש""ש קרמל 1",,,"אייס קפה ש""ש קרמל 1",מיליליטרים,1000.00,"100 מ""ל",false,,11.90,0.0119,true,1,164481
7290110327514,false,משקה שיבולת שועל אגו,,,משקה שיבולת שועל אגו,מיליליטרים,1000.00,"100 מ""ל",false,,12.90,0.0129,true,1,161229
7290110327545,false,יוגורט יופלה און טופ,,,יוגורט יופלה און טופ,גרמים,157.00,100 גרם,false,,5.00,0.0318,true,1,163630
7290110328627,false,יוגורט גו סמיך בננה,,,יוגורט גו סמיך בננה,גרמים,200.00,100 גרם,false,,5.90,0.0295,true,1,161818
7290110328764,false,יוגורט גו סמיך תות י,,,יוגורט גו סמיך תות י,גרמים,200.00,100 גרם,false,,5.90,0.0295,true,1,161819
7290110328788,false,יוגורט גו סמיך אפרסק,,,יוגורט גו סמיך אפרסק,גרמים,200.00,100 גרם,false,,5.90,0.0295,true,1,161821
7290110329136,false,מעדן חלב גו בטעם שוק,,,מעדן חלב גו בטעם שוק,גרמים,120.00,100 גרם,false,,4.90,0.0408,true,1,161979
7290110329143,false,מעדן חלב גו בטעם וני,,,מעדן חלב גו בטעם וני,גרמים,120.00,100 גרם,false,,4.90,0.0408,true,1,161980
7290110329426,false,טופו טבעי 250 גרם עם,,,טופו טבעי 250 גרם עם,גרמים,610.00,100 גרם,false,,13.90,0.0228,true,1,164979
7290110329433,false,טופו טבעי 250 גרם עם,,,טופו טבעי 250 גרם עם,גרמים,310.00,100 גרם,false,,13.90,0.0448,true,1,164980
7290110329716,false,משקה קפה קר בטעם קפו,,,משקה קפה קר בטעם קפו,גרמים,230.00,100 גרם,false,,7.90,0.0343,true,1,164482
7290110329730,false,משקה חלב עם שוקולד ו,,,משקה חלב עם שוקולד ו,גרמים,230.00,100 גרם,false,,7.90,0.0343,true,1,164484
7290110329792,false,מעדן סויה ביו אפרסק,,,מעדן סויה ביו אפרסק,גרמים,150.00,100 גרם,false,,4.80,0.0320,true,1,162706
7290110329808,false,מעדן סויה ביו תות אל,,,מעדן סויה ביו תות אל,גרמים,150.00,100 גרם,false,,4.80,0.0320,true,1,162702
7290110329815,false,מעדן סויה ביו מתיקות,,,מעדן סויה ביו מתיקות,גרמים,150.00,100 גרם,false,,4.80,0.0320,true,1,162700
7290110329822,false,מעדן סויה ביו פירות,,,מעדן סויה ביו פירות,גרמים,150.00,100 גרם,false,,4.80,0.0320,true,1,162701
7290110554101,false,מייפל בפאוץ'  יד מדכ,,,מייפל בפאוץ'  יד מדכ,גרמים,125.00,100 גרם,false,,16.90,0.1352,true,1,165136
7290110554422,false,רוטב עגבניות ופלפלים,,,רוטב עגבניות ופלפלים,גרמים,350.00,100 גרם,false,,11.90,0.0340,true,1,163189
7290110554460,false,ציטוס קראנץ צ'דר חלפ,,,ציטוס קראנץ צ'דר חלפ,גרמים,65.00,100 גרם,false,,3.50,0.0538,true,1,164661
7290110554583,false,מארז ציטוס פאפ גבינה,,,מארז ציטוס פאפ גבינה,גרמים,200.00,100 גרם,false,,12.90,0.0645,true,1,162608
7290110555078,false,לאבנה עם שמן זית ועש,,,לאבנה עם שמן זית ועש,גרמים,250.00,100 גרם,false,,10.90,0.0436,true,1,164288
7290110555306,false,רבע לשבע טבעוני סינמ,,,רבע לשבע טבעוני סינמ,גרמים,125.00,100 גרם,false,,10.90,0.0872,true,1,164790
7290110555603,false,שוקולוטה ספלנדיד 360,,,שוקולוטה ספלנדיד 360,גרמים,360.00,100 גרם,false,,20.90,0.0581,true,1,166759
7290110556242,false,שוקולד מריר פרווה על,,,שוקולד מריר פרווה על,גרמים,100.00,100 גרם,false,,5.50,0.0550,true,1,166317
7290110557027,false,חומוס 50% טחינה 400,,,חומוס 50% טחינה 400,גרמים,400.00,100 גרם,false,,13.90,0.0348,true,1,162551
7290110557102,false,מעדן פרו חלב עם שוקו,,,מעדן פרו חלב עם שוקו,גרמים,150.00,100 גרם,false,,4.90,0.0327,true,1,164173
7290110557133,false,מעדן הגולן וניל 125,,,מעדן הגולן וניל 125,גרמים,125.00,100 גרם,false,,2.90,0.0232,true,1,161787
7290110558666,false,דניאלה בטעם תפוח 88,,,דניאלה בטעם תפוח 88,גרמים,88.00,100 גרם,false,,4.10,0.0466,true,1,166680
7290110563431,false,משקה קפה קר קלאסי 1.,,,משקה קפה קר קלאסי 1.,מיליליטרים,230.00,"100 מ""ל",false,,7.90,0.0343,true,1,150474
7290110563448,false,משקה קפה קר מעודן 1.,,,משקה קפה קר מעודן 1.,מיליליטרים,230.00,"100 מ""ל",false,,7.90,0.0343,true,1,150475
7290110563462,false,חלב בבקבוק נטול לקטו,,,חלב בבקבוק נטול לקטו,מיליליטרים,1000.00,"100 מ""ל",false,,7.90,0.0079,true,1,150476
7290110564360,false,חומוס עשיר 40% טחינה,,,חומוס עשיר 40% טחינה,גרמים,400.00,100 גרם,false,,13.90,0.0348,true,1,148220
7290110564742,false,משקה קפה קר בסגנון ח,,,משקה קפה קר בסגנון ח,מיליליטרים,230.00,"100 מ""ל",false,,7.90,0.0343,true,1,150478
7290110565527,false,יוגורט פרו 20 גרם חל,,,יוגורט פרו 20 גרם חל,גרמים,200.00,100 גרם,false,,5.90,0.0295,true,1,144481
7290110566975,false,יוגורט דנונה פרו 20,,,יוגורט דנונה פרו 20,גרמים,200.00,100 גרם,false,,5.90,0.0295,true,1,148233
7290110568238,false,קצפת צמחית 21% 250 מ,,,קצפת צמחית 21% 250 מ,מיליליטרים,250.00,"100 מ""ל",false,,7.90,0.0316,true,1,148240
7290110568276,false,יטבתה פרו וניל 350 מ,,,יטבתה פרו וניל 350 מ,מיליליטרים,350.00,"100 מ""ל",false,,6.50,0.0186,true,1,148241
7290110568559,false,דוריטוס חמוץ חריף 10,,,דוריטוס חמוץ חריף 10,גרמים,250.00,100 גרם,false,,14.90,0.0596,true,1,147070
7290110571382,false,מעדן חלב בטעם וניל מ,,,מעדן חלב בטעם וניל מ,גרמים,150.00,100 גרם,false,,4.90,0.0327,true,1,163822
7290110571405,false,מיני פינוקיות בגביע,,,מיני פינוקיות בגביע,גרמים,180.00,100 גרם,false,,10.90,0.0606,true,1,166763
7290110571412,false,מיני פינוקיות בגביע,,,מיני פינוקיות בגביע,גרמים,180.00,100 גרם,false,,10.90,0.0606,true,1,166764
7290110572129,false,כיף כף מקלות שוקולד,,,כיף כף מקלות שוקולד,גרמים,40.00,100 גרם,false,,4.90,0.1225,true,1,166765
7290110572969,false,כיף כף פצפצים קרם לב,,,כיף כף פצפצים קרם לב,גרמים,40.00,100 גרם,false,,5.00,0.1250,true,1,165501
7290110576776,false,שוקולד ספלנדיד מריר,,,שוקולד ספלנדיד מריר,גרמים,100.00,100 גרם,false,,10.90,0.1090,true,1,166770
7290110576868,false,גמדים רביעיית סלט פי,,,גמדים רביעיית סלט פי,מיליליטרים,400.00,"100 מ""ל",false,,11.40,0.0285,true,1,166684
7290110633127,true,עוגת גבינה פירורים,,,", ,       ,0","00000000,0,000000000",0.00,"00000000,0,000000000",false,,5.00,0.0000,true,1,137759
7290110633141,true,סופלה שוקולד,,,", ,       ,0",מיליליטרים,0.00,"מ""ל",false,,5.00,0.0000,true,1,139270
7290110633523,true,פחזנית מילוי בטעם שמ,,,", ,       ,0",מיליליטרים,0.00,"מ""ל",false,,5.00,0.0000,true,1,137760
7290110633745,true,ממתק קוקוס 40 יחידות,,,", ,       ,0","00000000,0,000000000",0.00,"00000000,0,000000000",false,,5.00,0.0000,true,1,138861
7290110634827,true,עוגיה אישית גרנולה,,,", ,       ,0","00000000,0,000000000",0.00,"00000000,0,000000000",false,,5.00,0.0000,true,1,140037
7290110634872,true,עוגיות ארוזות בייגלה,,,", ,       ,0","00000000,0,000000000",0.00,"00000000,0,000000000",false,,5.00,0.0000,true,1,140039
7290110634889,true,עוגיות ארוזות בייגלה,,,", ,       ,0","00000000,0,000000000",0.00,"00000000,0,000000000",false,,5.00,0.0000,true,1,140040
7290110638177,true,מארז עוגיות כתר סוכר,,,", ,       ,0","00000000,0,000000000",0.00,"00000000,0,000000000",false,,5.00,0.0000,true,1,140045
7290110638191,true,מארז עוגיות מעמול שו,,,", ,       ,0","00000000,0,000000000",0.00,"00000000,0,000000000",false,,5.00,0.0000,true,1,140047
7290110638849,true,עלי שוקולד,,,", ,       ,0",מיליליטרים,0.00,"מ""ל",false,,5.00,0.0000,true,1,138832
7290110638887,true,סלט קוסקוס cff,,,", ,       ,0",מיליליטרים,0.00,"מ""ל",false,,5.00,0.0000,true,1,143248
7290110639150,true,עוגת גבינה אוראו,,,", ,       ,0",מיליליטרים,0.00,"מ""ל",false,,8.00,0.0000,true,1,143819
7290110639372,true,מוס קרמל עם שברי עוג,,,", ,       ,0",מיליליטרים,0.00,"מ""ל",false,,8.00,0.0000,true,1,143772
7290110639389,true,מוס חלבה עם שברי עוג,,,", ,       ,0",מיליליטרים,0.00,"מ""ל",false,,8.00,0.0000,true,1,143773
7290110639402,true,עוגת גבינה פירורים,,,", ,       ,0",מיליליטרים,0.00,"מ""ל",false,,8.00,0.0000,true,1,143775
7290110639457,true,מיקס קינוחים (קרם שנ,,,", ,       ,0",מיליליטרים,0.00,"מ""ל",false,,8.00,0.0000,true,1,143776
7290110639761,true,עוגת דואט שוקולד,,,", ,       ,0",מיליליטרים,0.00,"מ""ל",false,,8.00,0.0000,true,1,143897
7290111353123,false,סוכריות גומי נחשים ח,,,סוכריות גומי נחשים ח,גרמים,200.00,100 גרם,false,,10.90,0.0545,true,1,157401
7290111564277,false,פריכיות 3 דגנים דקות,,,פריכיות 3 דגנים דקות,גרמים,120.00,100 גרם,false,,10.90,0.0908,true,1,145991
7290111566271,false,טבעול חטיפי תירס 657,,,טבעול חטיפי תירס 657,גרמים,657.00,100 גרם,false,,30.90,0.0470,true,1,146070
7290111566417,false,טבעול טחון צמחוני 50,,,טבעול טחון צמחוני 50,גרמים,500.00,100 גרם,false,,31.90,0.0638,true,1,146576
7290111566714,false,טבעול המבורגר צמחוני,,,טבעול המבורגר צמחוני,גרמים,600.00,100 גרם,false,,31.90,0.0532,true,1,146578
7290111566776,false,טבעול נקניקיות קוקטי,,,טבעול נקניקיות קוקטי,גרמים,680.00,100 גרם,false,,31.90,0.0469,true,1,150576
7290111568206,false,ביסלי פארטי מיקס 150,,,ביסלי פארטי מיקס 150,גרמים,150.00,100 גרם,false,,7.90,0.0527,true,1,154348
7290111871405,true,קופסת אוכל מחולקת -,,,", ,       ,0","000יחידה,1,000000000",0.00,"000יחידה,1,000000000",false,,19.90,0.0000,true,1,146736
7290111930898,false,חטיף תפוח אדמה בטעם,,,חטיף תפוח אדמה בטעם,גרמים,40.00,100 גרם,false,,3.90,0.0975,true,1,151128
7290111930928,false,חטיף תפוח אדמה בטעם,,,חטיף תפוח אדמה בטעם,גרמים,40.00,100 גרם,false,,3.90,0.0975,true,1,151130
7290111930935,false,חטיף תפוח אדמה בטעם,,,חטיף תפוח אדמה בטעם,גרמים,40.00,100 גרם,false,,3.90,0.0975,true,1,151131
7290111938481,false,רוטב סויה בהיר מאסטר,,,רוטב סויה בהיר מאסטר,מיליליטרים,300.00,"100 מ""ל",false,,9.90,0.0330,true,1,155726
7290112000408,false,דטול מנקה ומחטא לניק,,,דטול מנקה ומחטא לניק,מיליליטרים,750.00,"100 מ""ל",false,,15.90,0.0212,true,1,159850
7290112276056,true,כוס מחולקת,,,", ,       ,0","00000000,0,000000000",0.00,"00000000,0,000000000",false,,2999.00,0.0000,true,1,144543
7290112290984,true,חצי חלה מתוקה,,,", ,       ,0","00000000,0,000000000",0.00,"00000000,0,000000000",false,,6.00,0.0000,true,1,145800
7290112291783,true,פיתה-טוסט עם תירס cf,,,", ,       ,0","00000000,0,000000000",0.00,"00000000,0,000000000",false,,10.00,0.0000,true,1,146526
7290112330352,false,דנונה פרו 20 גר וניל,,,דנונה פרו 20 גר וניל,גרמים,200.00,100 גרם,false,,5.90,0.0295,true,1,152346
7290112330390,false,דנונה פרו 20 גר פירו,,,דנונה פרו 20 גר פירו,גרמים,200.00,100 גרם,false,,5.90,0.0295,true,1,159260
7290112332585,false,"פריכיות תפו""א אורז ס",,,"פריכיות תפו""א אורז ס",גרמים,30.00,100 גרם,false,,4.90,0.1633,true,1,151414
7290112332691,false,פינוקיות קרם פסק זמן,,,פינוקיות קרם פסק זמן,גרמים,200.00,100 גרם,false,,10.90,0.0545,true,1,151409
7290112335487,false,פריכיות 3 דגנים עם ק,,,פריכיות 3 דגנים עם ק,גרמים,135.00,100 גרם,false,,10.90,0.0807,true,1,157354
7290112336613,false,עד חצות סנדוויץ 135,,,עד חצות סנדוויץ 135,גרמים,135.00,100 גרם,false,,9.90,0.0733,true,1,166036
7290112336637,false,"סוכריות לל""ס יוגורט",,,"סוכריות לל""ס יוגורט",גרמים,80.00,100 גרם,false,,7.90,0.0988,true,1,154312
7290112336644,false,"סוכריות לל""ס לימון 8",,,"סוכריות לל""ס לימון 8",גרמים,80.00,100 גרם,false,,7.90,0.0988,true,1,154313
7290112336651,false,"סוכריות לל""ס ריבת חל",,,"סוכריות לל""ס ריבת חל",גרמים,80.00,100 גרם,false,,7.90,0.0988,true,1,154314
7290112336712,false,דנונה פרו 21 גר 0% ש,,,דנונה פרו 21 גר 0% ש,גרמים,200.00,100 גרם,false,,5.90,0.0295,true,1,150491
7290112337474,false,"סוכריות לל""ס פטל לימ",,,"סוכריות לל""ס פטל לימ",גרמים,80.00,100 גרם,false,,7.90,0.0988,true,1,154315
7290112337481,false,"סוכריות לל""ס קפוצינו",,,"סוכריות לל""ס קפוצינו",גרמים,80.00,100 גרם,false,,7.90,0.0988,true,1,154204
7290112339867,false,גמדים סקוויז בודד תו,,,גמדים סקוויז בודד תו,גרמים,100.00,100 גרם,false,,5.80,0.0580,true,1,150496
7290112339874,false,גמדים סקוויז בודד תו,,,גמדים סקוויז בודד תו,גרמים,100.00,100 גרם,false,,5.80,0.0580,true,1,150497
7290112340122,false,פריכיות 3 דגנים אנרג,,,פריכיות 3 דגנים אנרג,גרמים,135.00,100 גרם,false,,10.90,0.0807,true,1,157356
7290112341686,false,מארז אקטיביה 3% 150,,,מארז אקטיביה 3% 150,גרמים,1.20,100 גרם,false,,19.90,16.5833,true,1,152355
7290112343420,false,יטבתה פרו ארוחת בוקר,,,יטבתה פרו ארוחת בוקר,מיליליטרים,350.00,"100 מ""ל",false,,7.50,0.0214,true,1,152367
7290112343499,false,צ'יטוס פאפס 55 גרם,,,צ'יטוס פאפס 55 גרם,גרמים,55.00,100 גרם,false,,3.50,0.0636,true,1,161406
7290112344786,false,פלטינום קלאסיק 200 ג,,,פלטינום קלאסיק 200 ג,גרמים,200.00,100 גרם,false,,24.90,0.1245,true,1,153686
7290112346360,false,בפלות אחת אחת בציפוי,,,בפלות אחת אחת בציפוי,גרמים,180.00,100 גרם,false,,12.90,0.0717,true,1,153694
7290112347008,false,גמדים ארוחת בוקר תות,,,גמדים ארוחת בוקר תות,גרמים,100.00,100 גרם,false,,5.80,0.0580,true,1,152389
7290112348142,false,שעועית לבנה מבושלת ט,,,שעועית לבנה מבושלת ט,גרמים,380.00,100 גרם,false,,6.80,0.0179,true,1,154224
7290112349378,false,סוכריות FRESH בטעם ר,,,סוכריות FRESH בטעם ר,גרמים,15.00,100 גרם,false,,3.90,0.2600,true,1,157931
7290112349606,false,דניאלה תות בננה 88 ג,,,דניאלה תות בננה 88 ג,גרמים,88.00,100 גרם,false,,4.10,0.0466,true,1,162887
7290112349750,false,פיצה רוטב עגבניות לפ,,,פיצה רוטב עגבניות לפ,גרמים,350.00,100 גרם,false,,11.90,0.0340,true,1,152584
7290112351258,false,פינוקיות שחור לבן 20,,,פינוקיות שחור לבן 20,גרמים,200.00,100 גרם,false,,10.90,0.0545,true,1,157129
7290112354945,false,תפוציפס wavy טבעי  5,,,תפוציפס wavy טבעי  5,גרמים,50.00,100 גרם,false,,4.00,0.0800,true,1,166746
7290112354952,false,תפוציפס wavy פפריקה,,,תפוציפס wavy פפריקה,גרמים,50.00,100 גרם,false,,4.00,0.0800,true,1,166747
7290112354969,false,תפוציפס wavy טבעי  2,,,תפוציפס wavy טבעי  2,גרמים,200.00,100 גרם,false,,10.90,0.0545,true,1,166748
7290112355027,false,דנונה פרו 20 גרם בטע,,,דנונה פרו 20 גרם בטע,גרמים,200.00,100 גרם,false,,5.90,0.0295,true,1,158007
7290112355102,false,גמדים פאוץ סלט פירות,,,גמדים פאוץ סלט פירות,גרמים,100.00,100 גרם,false,,5.80,0.0580,true,1,158397
7290112356536,false,קקאו עלית 165 גרם,,,קקאו עלית 165 גרם,גרמים,165.00,100 גרם,false,,9.90,0.0600,true,1,157117
7290112357069,false,מחית עגבניות איטלקיו,,,מחית עגבניות איטלקיו,גרמים,500.00,100 גרם,false,,7.80,0.0156,true,1,154226
7290112358004,false,פסק זמן קראנץ' 32 גר,,,פסק זמן קראנץ' 32 גר,גרמים,32.00,100 גרם,false,,4.90,0.1531,true,1,157918
7290112490032,false,נמס בכוס מרק תירס קנ,,,נמס בכוס מרק תירס קנ,גרמים,45.00,100 גרם,false,,6.90,0.1533,true,1,147535
7290112490117,false,קליק XL שוקולד חלב ע,,,קליק XL שוקולד חלב ע,גרמים,85.00,100 גרם,false,,5.30,0.0624,true,1,146883
7290112490209,false,נמס בכוס מרק עגבניות,,,נמס בכוס מרק עגבניות,גרמים,56.00,100 גרם,false,,6.90,0.1232,true,1,147912
7290112490216,false,נמס בכוס מרק בטעם עו,,,נמס בכוס מרק בטעם עו,גרמים,48.00,100 גרם,false,,6.90,0.1438,true,1,147913
7290112490230,false,נמס בכוס מרק אפונה ק,,,נמס בכוס מרק אפונה ק,גרמים,50.00,100 גרם,false,,6.90,0.1380,true,1,147914
7290112490650,false,קונפיטורת תות שדה 77,,,קונפיטורת תות שדה 77,גרמים,340.00,100 גרם,false,,13.90,0.0409,true,1,146675
7290112490698,false,קונפיטורת תות שדה לי,,,קונפיטורת תות שדה לי,גרמים,260.00,100 גרם,false,,13.90,0.0535,true,1,146676
7290112490896,false,רוטב צ'ילי חריף קנור,,,רוטב צ'ילי חריף קנור,מיליליטרים,370.00,"100 מ""ל",false,,10.90,0.0295,true,1,148034
7290112492456,false,פינוק שמפו שיער יבש,,,פינוק שמפו שיער יבש,גרמים,700.00,100 גרם,false,,11.90,0.0170,true,1,153736
7290112492463,false,פינוק 2 ב-1 רגיל 700,,,פינוק 2 ב-1 רגיל 700,גרמים,700.00,100 גרם,false,,11.90,0.0170,true,1,154006
7290112492487,false,פינוק שמפו שמ.מרוקאי,,,פינוק שמפו שמ.מרוקאי,גרמים,700.00,100 גרם,false,,11.90,0.0170,true,1,153737
7290112492531,false,פינוק מרכך שיער רגיל,,,פינוק מרכך שיער רגיל,גרמים,700.00,100 גרם,false,,11.90,0.0170,true,1,151915
7290112492593,false,פינוק תח.רחצה קלאסי,,,פינוק תח.רחצה קלאסי,מיליליטרים,700.00,"100 מ""ל",false,,11.90,0.0170,true,1,151927
7290112492609,false,פינוק תח.רחצה לבנדר,,,פינוק תח.רחצה לבנדר,מיליליטרים,700.00,"100 מ""ל",false,,11.90,0.0170,true,1,153520
7290112492999,false,אבקת מרק בטעם עוף פר,,,אבקת מרק בטעם עוף פר,גרמים,400.00,100 גרם,false,,14.90,0.0373,true,1,152291
7290112493095,false,נמס בכוס מרק עגבניות,,,נמס בכוס מרק עגבניות,גרמים,48.00,100 גרם,false,,6.90,0.1438,true,1,151628
7290112493293,false,נמס בכוס מרק ירקות ק,,,נמס בכוס מרק ירקות ק,גרמים,44.00,100 גרם,false,,6.90,0.1568,true,1,151631
7290112493903,false,ננסים,,,ננסים,Unknown,1.00,יחידה,false,,8.90,8.9000,true,1,152656
7290112493934,false,גלידת קרמיסימו 1.33,,,גלידת קרמיסימו 1.33,מיליליטרים,1330.00,"100 מ""ל",false,,18.90,0.0142,true,1,153662
7290112494283,false,קליק מעורב חום לבן ת,,,קליק מעורב חום לבן ת,גרמים,65.00,100 גרם,false,,5.90,0.0908,true,1,151919
7290112494313,false,קליק קורנפלקס תפזורת,,,קליק קורנפלקס תפזורת,גרמים,65.00,100 גרם,false,,5.90,0.0908,true,1,151921
7290112494351,false,קורנפלקס של אלופים ת,,,קורנפלקס של אלופים ת,גרמים,850.00,100 גרם,false,,17.90,0.0211,true,1,153013
7290112494795,false,ג'ל לכביסה לבנה וצבע,,,ג'ל לכביסה לבנה וצבע,מיליליטרים,2500.00,"100 מ""ל",false,,29.90,0.0120,true,1,152131
7290112495006,false,כריות במילוי נוגט תל,,,כריות במילוי נוגט תל,גרמים,686.00,100 גרם,false,,24.90,0.0363,true,1,151871
7290112495105,false,נשנושים שמנת בצל 260,,,נשנושים שמנת בצל 260,גרמים,260.00,100 גרם,false,,12.90,0.0496,true,1,151924
7290112495112,false,נשנושים זעתר 260 גרם,,,נשנושים זעתר 260 גרם,גרמים,260.00,100 גרם,false,,12.90,0.0496,true,1,151872
7290112495143,false,קוקטייל מלוח 300 גרם,,,קוקטייל מלוח 300 גרם,גרמים,300.00,100 גרם,false,,12.90,0.0430,true,1,153564
7290112495150,false,נשנושי קרקר עיגולים,,,נשנושי קרקר עיגולים,גרמים,300.00,100 גרם,false,,12.90,0.0430,true,1,153567
7290112495167,false,נשנושים משולש שומשום,,,נשנושים משולש שומשום,גרמים,300.00,100 גרם,false,,12.90,0.0430,true,1,153568
7290112495174,false,נשנושי קרקר קוקטייל,,,נשנושי קרקר קוקטייל,גרמים,300.00,100 גרם,false,,17.90,0.0597,true,1,164559
7290112495228,false,קורנפלקס דבש 448 גרם,,,קורנפלקס דבש 448 גרם,גרמים,448.00,100 גרם,false,,17.90,0.0400,true,1,151925
7290112495433,false,דליפקאן 400 גרם,,,דליפקאן 400 גרם,גרמים,400.00,100 גרם,false,,20.90,0.0522,true,1,151435
7290112495754,false,הלמנס לסלט אלף האיים,,,הלמנס לסלט אלף האיים,מיליליטרים,305.00,"100 מ""ל",false,,10.90,0.0357,true,1,152817
7290112495785,false,הלמנ'ס לסלט שום 300,,,הלמנ'ס לסלט שום 300,גרמים,300.00,100 גרם,false,,10.90,0.0363,true,1,152590
7290112495815,false,הלמנ'ס סלט חרדל דבש,,,הלמנ'ס סלט חרדל דבש,גרמים,305.00,100 גרם,false,,10.90,0.0357,true,1,153566
7290112495822,false,כריות בלאק 686 גרם,,,כריות בלאק 686 גרם,גרמים,686.00,100 גרם,false,,24.90,0.0363,true,1,153741
7290112496270,false,"פתית צ'יפס תפו""א עם",,,"פתית צ'יפס תפו""א עם",גרמים,21.00,100 גרם,false,,4.90,0.2333,true,1,157048
7290112496287,false,פתית צ'יפס בטטה בטעם,,,פתית צ'יפס בטטה בטעם,גרמים,21.00,100 גרם,false,,4.90,0.2333,true,1,157049
7290112496294,false,פתית צ'יפס אפונה בתו,,,פתית צ'יפס אפונה בתו,גרמים,22.00,100 גרם,false,,4.90,0.2227,true,1,157050
7290112496447,false,נמס בכוס אקסטרה עוף,,,נמס בכוס אקסטרה עוף,גרמים,28.00,100 גרם,false,,4.90,0.1750,true,1,163727
7290112496461,false,נמס בכוס אקסטרה ירקו,,,נמס בכוס אקסטרה ירקו,גרמים,32.00,100 גרם,false,,4.90,0.1531,true,1,161659
7290112496584,false,קליק כריות בלאק לבן,,,קליק כריות בלאק לבן,גרמים,65.00,100 גרם,false,,5.90,0.0908,true,1,157054
7290112497369,false,דאודורנט רולאון טאלק,,,דאודורנט רולאון טאלק,מיליליטרים,50.00,"100 מ""ל",false,,14.90,0.2980,true,1,159656
7290112497499,false,קליק טבלת שוקולד לבן,,,קליק טבלת שוקולד לבן,גרמים,85.00,100 גרם,false,,5.30,0.0624,true,1,160307
7290112497710,false,בייבי שמפו אל דמע לת,,,בייבי שמפו אל דמע לת,מיליליטרים,900.00,"100 מ""ל",false,,19.90,0.0221,true,1,165035
7290112498472,false,דאודורנט ספריי גוף ל,,,דאודורנט ספריי גוף ל,מיליליטרים,150.00,"100 מ""ל",false,,11.90,0.0793,true,1,160308
7290112498526,false,פתית צ'יפס בטטה סגול,,,פתית צ'יפס בטטה סגול,גרמים,22.00,100 גרם,false,,4.90,0.2227,true,1,162410
7290112498915,false,מאגדת מיני מגנום שקד,,,מאגדת מיני מגנום שקד,גרמים,250.00,100 גרם,false,,25.90,0.1036,true,1,159284
7290112498939,false,בומבה,,,בומבה,Unknown,1.00,יחידה,false,,8.90,8.9000,true,1,159192
7290112498946,false,קשת בענן - ארטיק ילד,,,קשת בענן - ארטיק ילד,Unknown,1.00,יחידה,false,,5.90,5.9000,true,1,163364
7290112499097,false,מאגדת מיני מגנום מרי,,,מאגדת מיני מגנום מרי,Unknown,5.00,יחידה,false,,25.90,5.1800,true,1,163365
7290112499103,false,טילון קורנטו קליק ונ,,,טילון קורנטו קליק ונ,גרמים,72.00,100 גרם,false,,6.90,0.0958,true,1,163898
7290112499110,false,טילון קורנטו קליק שו,,,טילון קורנטו קליק שו,גרמים,72.00,100 גרם,false,,6.90,0.0958,true,1,165006
7290112499127,false,מגנום שוקולד לבן תות,,,מגנום שוקולד לבן תות,Unknown,1.00,יחידה,false,,9.90,9.9000,true,1,163363
7290112499189,false,קרמיסימו חד קרן וניל,,,קרמיסימו חד קרן וניל,מיליליטרים,1330.00,"100 מ""ל",false,,18.90,0.0142,true,1,165007
7290112499219,false,גודיז בטעמי פיסטוק ו,,,גודיז בטעמי פיסטוק ו,גרמים,235.00,100 גרם,false,,22.90,0.0974,true,1,163900
7290112499639,false,טילון סופר מגנום וני,,,טילון סופר מגנום וני,Unknown,1.00,יחידה,false,,9.90,9.9000,true,1,152647
7290112499677,false,מגנום שוקiלד לבן,,,מגנום שוקiלד לבן,Unknown,1.00,יחידה,false,,9.90,9.9000,true,1,152643
7290112499738,false,מלון,,,מלון,Unknown,1.00,יחידה,false,,5.90,5.9000,true,1,152632
7290112499837,false,מגנום-דואט שוקולד עם,,,מגנום-דואט שוקולד עם,Unknown,1.00,יחידה,false,,9.90,9.9000,true,1,152644
7290112499844,false,מיני מגנום דואט שוקו,,,מיני מגנום דואט שוקו,Unknown,5.00,יחידה,false,,25.90,5.1800,true,1,152650
7290112499905,false,טילון קורנטו קליק בט,,,טילון קורנטו קליק בט,Unknown,1.00,יחידה,false,,6.90,6.9000,true,1,154269
7290112499929,false,מגנום שוקולד,,,מגנום שוקולד,Unknown,1.00,יחידה,false,,9.90,9.9000,true,1,152645
7290112499936,false,מגנום שקדים מובחרים,,,מגנום שקדים מובחרים,Unknown,1.00,יחידה,false,,9.90,9.9000,true,1,152646
7290112499943,false,מיני מגנום קלאסיק חו,,,מיני מגנום קלאסיק חו,Unknown,5.00,יחידה,false,,25.90,5.1800,true,1,152651
7290112707529,false,זיקוק 7 סמ 3 גר - 5,,,זיקוק 7 סמ 3 גר - 5,Unknown,1.00,יחידה,false,,7.90,7.9000,true,1,166714
7290112960603,false,לחם מחמצת אגוזים צימ,,,לחם מחמצת אגוזים צימ,גרמים,480.00,100 גרם,false,,16.90,0.0352,true,1,150893
7290112961440,false,פיטנס בר פירכיות שוק,,,פיטנס בר פירכיות שוק,גרמים,84.00,100 גרם,false,,12.90,0.1536,true,1,159162
7290112962652,false,מרק טעם עוף 800 גרם,,,מרק טעם עוף 800 גרם,גרמים,800.00,100 גרם,false,,11.90,0.0149,true,1,154581
7290112963918,false,פיטנס קרקר THIN רוזמ,,,פיטנס קרקר THIN רוזמ,גרמים,140.00,100 גרם,false,,11.90,0.0850,true,1,154583
7290112964410,false,רוטב לסלט אלף האיים,,,רוטב לסלט אלף האיים,גרמים,290.00,100 גרם,false,,11.90,0.0410,true,1,151673
7290112965165,false,מרק נמס פטריות רגע ח,,,מרק נמס פטריות רגע ח,גרמים,48.00,100 גרם,false,,6.20,0.1292,true,1,152951
7290112965301,false,מרק נמס בטעם עוף עם,,,מרק נמס בטעם עוף עם,גרמים,52.00,100 גרם,false,,6.20,0.1192,true,1,152952
7290112966803,false,פודינג שוקולד 88 גרם,,,פודינג שוקולד 88 גרם,גרמים,88.00,100 גרם,false,,5.50,0.0625,true,1,154480
7290112966841,false,פודינג שוקולד בלגי מ,,,פודינג שוקולד בלגי מ,גרמים,90.00,100 גרם,false,,5.50,0.0611,true,1,154503
7290112967510,false,בייבי חליות בונזור,,,בייבי חליות בונזור,Unknown,1.00,יחידה,false,,2.90,2.9000,true,1,157012
7290113190450,false,ממרח תמרים שקדיה 450,,,ממרח תמרים שקדיה 450,גרמים,450.00,100 גרם,false,,5.90,0.0131,true,1,154396
7290113190467,false,"אפונה ירוקה 1 ק""ג זי",,,"אפונה ירוקה 1 ק""ג זי",גרמים,1000.00,100 גרם,false,,7.50,0.0075,true,1,153155
7290113190474,false,"בורגול 1 ק""ג זיפר -",,,"בורגול 1 ק""ג זיפר -",גרמים,1000.00,100 גרם,false,,6.50,0.0065,true,1,153156
7290113190504,false,"חומוס גדול 1 ק""ג זיפ",,,"חומוס גדול 1 ק""ג זיפ",גרמים,1000.00,100 גרם,false,,11.90,0.0119,true,1,153158
7290113190535,false,"כוסמת קלויה 1 ק""ג זי",,,"כוסמת קלויה 1 ק""ג זי",גרמים,1000.00,100 גרם,false,,8.50,0.0085,true,1,153161
7290113190580,false,"עדשים אדומות 1 ק""ג ז",,,"עדשים אדומות 1 ק""ג ז",גרמים,1000.00,100 גרם,false,,10.90,0.0109,true,1,153152
7290113190597,false,"עדשים ירוקות 1 ק""ג ז",,,"עדשים ירוקות 1 ק""ג ז",גרמים,1000.00,100 גרם,false,,10.90,0.0109,true,1,153153
7290113190603,false,גרעיני תירס להכנת פו,,,גרעיני תירס להכנת פו,גרמים,1000.00,100 גרם,false,,9.50,0.0095,true,1,153163
7290113190641,false,"שעועית לבנה 1 ק""ג זי",,,"שעועית לבנה 1 ק""ג זי",גרמים,1000.00,100 גרם,false,,9.90,0.0099,true,1,153150
7290113191099,false,"סירופ מייפל 250 מ""ל",,,"סירופ מייפל 250 מ""ל",מיליליטרים,250.00,"100 מ""ל",false,,19.90,0.0796,true,1,159271
7290113192164,false,אגוזי קשיו קלופים 15,,,אגוזי קשיו קלופים 15,גרמים,150.00,100 גרם,false,,15.90,0.1060,true,1,159734
7290113192171,false,מיקס אגוזים שקדים וח,,,מיקס אגוזים שקדים וח,גרמים,150.00,100 גרם,false,,12.90,0.0860,true,1,159735
7290113192331,false,בית השיטה זיתים ירוק,,,בית השיטה זיתים ירוק,גרמים,340.00,100 גרם,false,,9.90,0.0291,true,1,156748
7290113192355,false,חרוזית זיתים ירוקים,,,חרוזית זיתים ירוקים,גרמים,275.00,100 גרם,false,,10.50,0.0382,true,1,153066
7290113192362,false,בית השיטה טבעות זיתי,,,בית השיטה טבעות זיתי,גרמים,280.00,100 גרם,false,,10.90,0.0389,true,1,156749
7290113192393,false,קוקטייל זיתים בית הש,,,קוקטייל זיתים בית הש,גרמים,336.00,100 גרם,false,,11.90,0.0354,true,1,152105
7290113192478,false,מלפפונים במלח בינוני,,,מלפפונים במלח בינוני,גרמים,320.00,100 גרם,false,,8.50,0.0266,true,1,154414
7290113192485,false,מלפפונים בחומץ בינונ,,,מלפפונים בחומץ בינונ,גרמים,290.00,100 גרם,false,,8.50,0.0293,true,1,153899
7290113192508,false,מלפפונים במלח  קטן 1,,,מלפפונים במלח  קטן 1,גרמים,320.00,100 גרם,false,,10.90,0.0341,true,1,153900
7290113192515,false,מלפפון במלח בית השיט,,,מלפפון במלח בית השיט,גרמים,320.00,100 גרם,false,,12.90,0.0403,true,1,153898
7290113192522,false,מלפפון בחומץ בית השי,,,מלפפון בחומץ בית השי,גרמים,290.00,100 גרם,false,,12.90,0.0445,true,1,154415
7290113192539,false,מלפפונים במלח גדול 7,,,מלפפונים במלח גדול 7,גרמים,560.00,100 גרם,false,,6.90,0.0123,true,1,153901
7290113192546,false,בית השיטה מלפפון בחו,,,בית השיטה מלפפון בחו,גרמים,560.00,100 גרם,false,,6.90,0.0123,true,1,154416
7290113192881,false,טורטיה חיטה מופחת קל,,,טורטיה חיטה מופחת קל,גרמים,270.00,100 גרם,false,,11.90,0.0441,true,1,154367
7290113193321,false,שמן זית כתית מעולה ב,,,שמן זית כתית מעולה ב,מיליליטרים,750.00,"100 מ""ל",false,,29.90,0.0399,true,1,157524
7290113194649,false,מלפפונים במלח קוביות,,,מלפפונים במלח קוביות,גרמים,320.00,100 גרם,false,,9.90,0.0309,true,1,164232
7290113196414,false,אורז בסמטי הודי מובח,,,אורז בסמטי הודי מובח,גרמים,1000.00,100 גרם,false,,11.90,0.0119,true,1,161106
7290113196513,false,פריכיות כוסמת בתוספת,,,פריכיות כוסמת בתוספת,גרמים,150.00,100 גרם,false,,11.90,0.0793,true,1,161750
7290113196520,false,פריכיות כוסמין ללא מ,,,פריכיות כוסמין ללא מ,גרמים,150.00,100 גרם,false,,11.90,0.0793,true,1,161751
7290113197152,false,לבבות דקל במי מלח 41,,,לבבות דקל במי מלח 41,גרמים,410.00,100 גרם,false,,13.90,0.0339,true,1,161108
7290113197817,false,חציל קלוי בית השיטה,,,חציל קלוי בית השיטה,גרמים,670.00,100 גרם,false,,11.90,0.0178,true,1,164234
7290113317130,false,שלישיית ביצי שוקולד,,,שלישיית ביצי שוקולד,Unknown,3.00,יחידה,false,,15.90,5.3000,true,1,150241
7290113470019,false,מדליק פחמים +גפרור (,,,מדליק פחמים +גפרור (,Unknown,1.00,יחידה,false,,6.90,6.9000,true,1,151829
7290113470026,false,גפרורים אקסטרה לארג',,,גפרורים אקסטרה לארג',Unknown,3.00,יחידה,false,,6.90,2.3000,true,1,151830
7290113470286,false,מגבונים לניקוי כללי,,,מגבונים לניקוי כללי,Unknown,400.00,יחידה,false,,20.90,0.0522,true,1,153733
7290113472075,false,שום ארוז יבוא,,,שום ארוז יבוא,Unknown,1.00,יחידה,false,,7.90,7.9000,true,1,153387
7290113476295,false,50 להבונים בשקית,,,50 להבונים בשקית,Unknown,50.00,יחידה,false,,11.90,0.2380,true,1,157841
7290113476301,false,נר נשמה 24 שעות,,,נר נשמה 24 שעות,Unknown,1.00,יחידה,false,,1.90,1.9000,true,1,157839
7290113476325,false,נר נשמה שבועי,,,נר נשמה שבועי,Unknown,1.00,יחידה,false,,9.60,9.6000,true,1,157842
7290114310536,false,יוגורט מולר אקטיב לי,,,יוגורט מולר אקטיב לי,גרמים,200.00,100 גרם,false,,5.90,0.0295,true,1,159071
7290114310611,false,"משקה חלב בננה 250 מ""",,,"משקה חלב בננה 250 מ""",מיליליטרים,250.00,"100 מ""ל",false,,5.50,0.0220,true,1,159457
7290114311014,false,משקה אייס קפוצ'ינו ט,,,משקה אייס קפוצ'ינו ט,גרמים,250.00,100 גרם,false,,5.60,0.0224,true,1,164021
7290114311328,false,חלב נטול לקטוז מועשר,,,חלב נטול לקטוז מועשר,מיליליטרים,1000.00,"100 מ""ל",false,,7.90,0.0079,true,1,165606
7290114600927,false,עלי טורטיה מחיטה מלא,,,עלי טורטיה מחיטה מלא,גרמים,320.00,100 גרם,false,,9.90,0.0309,true,1,157259
7290114604864,false,קוסקוס סולת דק מאסטר,,,קוסקוס סולת דק מאסטר,גרמים,350.00,100 גרם,false,,5.90,0.0169,true,1,157971
7290114604871,false,קוסקוס סולת בינוני מ,,,קוסקוס סולת בינוני מ,גרמים,350.00,100 גרם,false,,5.90,0.0169,true,1,157972
7290114604925,false,מאסטר שף קרם קוקוס ל,,,מאסטר שף קרם קוקוס ל,מיליליטרים,400.00,"100 מ""ל",false,,9.90,0.0248,true,1,161928
7290114606578,false,שקדי מרק מאסטר שף 40,,,שקדי מרק מאסטר שף 40,גרמים,400.00,100 גרם,false,,9.90,0.0248,true,1,161919
7290115200003,false,פתי בר פינוקי וניל א,,,פתי בר פינוקי וניל א,גרמים,220.00,100 גרם,false,,9.90,0.0450,true,1,156868
7290115200027,false,פתי בר פינוקי שוקו א,,,פתי בר פינוקי שוקו א,גרמים,220.00,100 גרם,false,,9.90,0.0450,true,1,156869
7290115200713,false,במבה קלאסי מארז אחיד,,,במבה קלאסי מארז אחיד,גרמים,250.00,100 גרם,false,,11.90,0.0476,true,1,156864
7290115202236,false,טבעול טופו קראנצ'ים,,,טבעול טופו קראנצ'ים,גרמים,470.00,100 גרם,false,,31.90,0.0679,true,1,160298
7290115203134,false,פופקו פופקורן במבה 8,,,פופקו פופקורן במבה 8,גרמים,80.00,100 גרם,false,,5.40,0.0675,true,1,159696
7290115203172,false,במבה פרו 80 גרם,,,במבה פרו 80 גרם,גרמים,80.00,100 גרם,false,,4.90,0.0613,true,1,165774
7290115203486,false,פירורית בטעם ביסלי ג,,,פירורית בטעם ביסלי ג,גרמים,200.00,100 גרם,false,,6.40,0.0320,true,1,159531
7290115203936,false,קטשופ מופחת סוכר 690,,,קטשופ מופחת סוכר 690,גרמים,690.00,100 גרם,false,,11.90,0.0172,true,1,158668
7290115204056,false,קטשופ מופחת סוכר ללא,,,קטשופ מופחת סוכר ללא,גרמים,690.00,100 גרם,false,,11.90,0.0172,true,1,158669
7290115204247,false,עגבניות מיובשות צבר,,,עגבניות מיובשות צבר,גרמים,190.00,100 גרם,false,,15.90,0.0837,true,1,162863
7290115205176,false,פיטנס חטיפי קרקר טינ,,,פיטנס חטיפי קרקר טינ,גרמים,140.00,100 גרם,false,,11.90,0.0850,true,1,162936
7290115205312,false,פיטנס קרקר Thin Deli,,,פיטנס קרקר Thin Deli,גרמים,140.00,100 גרם,false,,11.90,0.0850,true,1,164237
7290115205978,false,פתי בר אצבעות שוקולד,,,פתי בר אצבעות שוקולד,גרמים,180.00,100 גרם,false,,11.90,0.0661,true,1,163425
7290115206661,false,סופגניה מיני מטוגנת,,,סופגניה מיני מטוגנת,גרמים,50.00,100 גרם,false,,3.70,0.0740,true,1,161734
7290115207361,false,פתי בר פיסטוק אסם 50,,,פתי בר פיסטוק אסם 50,גרמים,500.00,100 גרם,false,,11.90,0.0238,true,1,164242
7290115207484,false,חציל על האש צבר 400,,,חציל על האש צבר 400,גרמים,400.00,100 גרם,false,,15.90,0.0398,true,1,162872
7290115207941,false,ויטמינצ'יק אננס 1 לי,,,ויטמינצ'יק אננס 1 לי,מיליליטרים,1000.00,"100 מ""ל",false,,21.90,0.0219,true,1,163212
7290115207989,false,ויטמינצ'יק לימון 1 ל,,,ויטמינצ'יק לימון 1 ל,מיליליטרים,1000.00,"100 מ""ל",false,,21.90,0.0219,true,1,163214
7290115208009,false,ויטמינצ'יק ענבים 1 ל,,,ויטמינצ'יק ענבים 1 ל,מיליליטרים,1000.00,"100 מ""ל",false,,21.90,0.0219,true,1,163215
7290115208047,false,ויטמינצ'יק פטל 1 ליט,,,ויטמינצ'יק פטל 1 ליט,מיליליטרים,1000.00,"100 מ""ל",false,,21.90,0.0219,true,1,163216
7290115208061,false,ויטמינצ'יק תפוח 1 לי,,,ויטמינצ'יק תפוח 1 לי,מיליליטרים,1000.00,"100 מ""ל",false,,21.90,0.0219,true,1,163217
7290115208320,false,אפרופו בטעם ביסלי בצ,,,אפרופו בטעם ביסלי בצ,גרמים,50.00,100 גרם,false,,4.90,0.0980,true,1,166781
7290115208801,false,לחמית דבש ואגוזים 19,,,לחמית דבש ואגוזים 19,גרמים,190.00,100 גרם,false,,9.90,0.0521,true,1,165778
7290115209174,false,במבה אורירית אסם 60,,,במבה אורירית אסם 60,גרמים,60.00,100 גרם,false,,4.30,0.0717,true,1,164915
7290115209358,false,במבה במילוי בראוניז,,,במבה במילוי בראוניז,גרמים,60.00,100 גרם,false,,4.90,0.0817,true,1,166783
7290115209372,false,במבה במילוי בראוניז,,,במבה במילוי בראוניז,גרמים,150.00,100 גרם,false,,10.90,0.0727,true,1,166784
7290115400861,false,עוגיות מעמול תמר רמי,,,עוגיות מעמול תמר רמי,גרמים,500.00,100 גרם,false,,14.90,0.0298,true,1,164489
7290115400878,false,עוגיות ממולאות בטעם,,,עוגיות ממולאות בטעם,גרמים,500.00,100 גרם,false,,14.90,0.0298,true,1,164490
7290115400885,false,עוגיות עינוגי שוקולד,,,עוגיות עינוגי שוקולד,גרמים,500.00,100 גרם,false,,14.90,0.0298,true,1,164491
7290115401158,false,עוגיוים מלוחות קריספ,,,עוגיוים מלוחות קריספ,גרמים,500.00,100 גרם,false,,14.90,0.0298,true,1,164496
7290115401196,false,עוגיות קוואקר פריכות,,,עוגיות קוואקר פריכות,גרמים,500.00,100 גרם,false,,14.90,0.0298,true,1,164498
7290115410891,false,חומוס מסבחה רמי לוי,,,חומוס מסבחה רמי לוי,גרמים,400.00,100 גרם,false,,10.90,0.0273,true,1,162385
7290115410914,false,חציל רומני רמי לוי 4,,,חציל רומני רמי לוי 4,גרמים,400.00,100 גרם,false,,10.90,0.0273,true,1,162845
7290115410921,false,חומוס ירושלמי רמי לו,,,חומוס ירושלמי רמי לו,גרמים,400.00,100 גרם,false,,10.90,0.0273,true,1,162846
7290115410938,false,טחינה רמי לוי 400 גר,,,טחינה רמי לוי 400 גר,גרמים,400.00,100 גרם,false,,10.90,0.0273,true,1,162386
7290115410945,false,חומוס זעתר רמי לוי 4,,,חומוס זעתר רמי לוי 4,גרמים,400.00,100 גרם,false,,10.90,0.0273,true,1,162847
7290115671223,false,מאסט פאן אבטיח מנגו,,,מאסט פאן אבטיח מנגו,גרמים,58.00,100 גרם,false,,9.90,0.1707,true,1,162911
7290115671339,false,מיני פינוקיות בראוני,,,מיני פינוקיות בראוני,גרמים,180.00,100 גרם,false,,10.90,0.0606,true,1,161205
7290115671346,false,מיני פינוקיות טופי ק,,,מיני פינוקיות טופי ק,גרמים,180.00,100 גרם,false,,10.90,0.0606,true,1,161206
7290115675696,false,קוואקר Cruesli אגוזי,,,קוואקר Cruesli אגוזי,גרמים,375.00,100 גרם,false,,19.90,0.0531,true,1,160984
7290115675986,false,דנונה בר עם אגוזים מ,,,דנונה בר עם אגוזים מ,גרמים,173.00,100 גרם,false,,4.60,0.0266,true,1,158400
7290115676082,false,משקה דנונה פרו 20 תו,,,משקה דנונה פרו 20 תו,גרמים,250.00,100 גרם,false,,6.90,0.0276,true,1,160247
7290115676099,false,משקה דנונה פרו 20 ונ,,,משקה דנונה פרו 20 ונ,גרמים,255.00,100 גרם,false,,6.90,0.0271,true,1,160248
7290115677140,false,תפוציפס wavy פפריקה,,,תפוציפס wavy פפריקה,גרמים,200.00,100 גרם,false,,10.90,0.0545,true,1,166749
7290115678376,false,מעדן הגולן שוקולד 12,,,מעדן הגולן שוקולד 12,גרמים,125.00,100 גרם,false,,2.90,0.0232,true,1,161192
7290115678970,false,שלישיית סוכריות FRES,,,שלישיית סוכריות FRES,גרמים,45.00,100 גרם,false,,8.90,0.1978,true,1,161204
7290115679960,false,ציטוס פופקורן טבעי 6,,,ציטוס פופקורן טבעי 6,גרמים,60.00,100 גרם,false,,5.00,0.0833,true,1,161408
7290116052717,false,כפית שקוף רמי לוי 40,,,כפית שקוף רמי לוי 40,100 יחידה,40.00,100 יחידה,false,,7.90,0.1975,true,1,165322
7290116052724,false,מזלג שקוף רמי לוי 40,,,מזלג שקוף רמי לוי 40,100 יחידה,40.00,100 יחידה,false,,8.90,0.2225,true,1,165323
7290116052731,false,כף שקוף רמי לוי 40 י,,,כף שקוף רמי לוי 40 י,100 יחידה,40.00,100 יחידה,false,,8.90,0.2225,true,1,165324
7290116053028,false,מזלג פרימיום שקוף 40,,,מזלג פרימיום שקוף 40,100 יחידה,40.00,100 יחידה,false,,7.90,0.1975,true,1,164970
7290116053172,false,אטבי כביסה צבעוניים,,,אטבי כביסה צבעוניים,Unknown,30.00,יחידה,false,,10.90,0.3633,true,1,166065
7290116053400,false,חמישיית מגבות ידיים,,,חמישיית מגבות ידיים,100 יחידה,5.00,100 יחידה,false,,15.90,3.1800,true,1,165934
7290116053424,false,חמישיית מגבות ידיים,,,חמישיית מגבות ידיים,100 יחידה,5.00,100 יחידה,false,,15.90,3.1800,true,1,165936
7290116053561,false,מספריים רב שימושיות,,,מספריים רב שימושיות,Unknown,1.00,יחידה,false,,16.90,16.9000,true,1,166656
7290116055657,false,כוס חם 8 (40 יח') רמ,,,כוס חם 8 (40 יח') רמ,100 יחידה,40.00,100 יחידה,false,,9.90,0.2475,true,1,164973
7290116056302,false,צלחת 9 לבן 50 יחידות,,,צלחת 9 לבן 50 יחידות,Unknown,1.00,יחידה,false,,21.90,21.9000,true,1,164127
7290116530185,false,דלישקד 400 גרם תלמה,,,דלישקד 400 גרם תלמה,גרמים,400.00,100 גרם,false,,20.90,0.0522,true,1,161680
7290116530482,false,מאגדת קורנפלקס של אל,,,מאגדת קורנפלקס של אל,גרמים,150.00,100 גרם,false,,13.90,0.0927,true,1,161239
7290116530871,false,נשנושים מיקס 240 גרם,,,נשנושים מיקס 240 גרם,גרמים,240.00,100 גרם,false,,11.90,0.0496,true,1,164755
7290116531090,false,דגדג חטיף אפוי במליח,,,דגדג חטיף אפוי במליח,גרמים,250.00,100 גרם,false,,9.90,0.0396,true,1,163359
7290116531281,false,קליק מיקס 65 גרם,,,קליק מיקס 65 גרם,גרמים,65.00,100 גרם,false,,5.90,0.0908,true,1,162418
7290116531496,false,קינמונים דגני בוקר,,,קינמונים דגני בוקר,גרמים,375.00,100 גרם,false,,20.90,0.0557,true,1,164758
7290116531540,false,קורנפלקס כשלפ בטעם ד,,,קורנפלקס כשלפ בטעם ד,גרמים,375.00,100 גרם,false,,12.90,0.0344,true,1,163908
7290116531885,false,ממרח טבעוני ויגן תלמ,,,ממרח טבעוני ויגן תלמ,גרמים,500.00,100 גרם,false,,13.90,0.0278,true,1,165036
7290116532011,false,חטיף נוגט קליק 35 גר,,,חטיף נוגט קליק 35 גר,גרמים,35.00,100 גרם,false,,4.90,0.1400,true,1,163846
7290116532240,false,קליק טבלה שוקולד חלב,,,קליק טבלה שוקולד חלב,גרמים,85.00,100 גרם,false,,5.30,0.0624,true,1,164760
7290116532400,false,בייגלה עם מלח אחד אח,,,בייגלה עם מלח אחד אח,גרמים,235.00,100 גרם,false,,6.90,0.0294,true,1,165037
7290116532769,false,גרנולה פרוטאין בתוספ,,,גרנולה פרוטאין בתוספ,גרמים,300.00,100 גרם,false,,14.90,0.0497,true,1,165038
7290116532875,false,בייבי אל סבון אל דמע,,,בייבי אל סבון אל דמע,מיליליטרים,900.00,"100 מ""ל",false,,19.90,0.0221,true,1,165039
7290116930282,false,ארוחה בקטנה לאבנה עם,,,ארוחה בקטנה לאבנה עם,גרמים,150.00,100 גרם,false,,8.50,0.0567,true,1,165609
7290116930435,false,יוגורט יופלה גו סמיך,,,יוגורט יופלה גו סמיך,גרמים,200.00,100 גרם,false,,5.90,0.0295,true,1,164486
7290116930626,false,ארוחה בקטנה ציזיקי ע,,,ארוחה בקטנה ציזיקי ע,גרמים,150.00,100 גרם,false,,8.50,0.0567,true,1,165610
7290116930701,false,מעדן חלב גו בטעם קרמ,,,מעדן חלב גו בטעם קרמ,גרמים,120.00,100 גרם,false,,4.90,0.0408,true,1,164991
7290116931081,false,מעדן סויה בטעם טופי,,,מעדן סויה בטעם טופי,גרמים,125.00,100 גרם,false,,4.20,0.0336,true,1,165612
7290116931104,false,יופלה גו במרקם סמיך,,,יופלה גו במרקם סמיך,גרמים,200.00,100 גרם,false,,5.90,0.0295,true,1,165613
7290117261514,false,סלמון אטלנטי בשמן קנ,,,סלמון אטלנטי בשמן קנ,גרמים,120.00,100 גרם,false,,10.90,0.0908,true,1,165911
7290117261569,false,סלמון אטלנטי מעושן ב,,,סלמון אטלנטי מעושן ב,גרמים,120.00,100 גרם,false,,10.90,0.0908,true,1,165914
7290117900932,false,גרעיני אבטיח קלויים,,,גרעיני אבטיח קלויים,גרמים,130.00,100 גרם,false,,10.90,0.0838,true,1,165157
7290117900949,false,בוטנים מצופים אמריקא,,,בוטנים מצופים אמריקא,גרמים,250.00,100 גרם,false,,10.90,0.0436,true,1,165158
7290117900956,false,תערובת פיצוחים קלויי,,,תערובת פיצוחים קלויי,גרמים,180.00,100 גרם,false,,15.90,0.0883,true,1,165159
7290117900970,false,שקדים קלויים ששון הק,,,שקדים קלויים ששון הק,גרמים,180.00,100 גרם,false,,15.90,0.0883,true,1,165161
7290117900987,false,אגוז פקאן קלוף ששון,,,אגוז פקאן קלוף ששון,גרמים,140.00,100 גרם,false,,15.90,0.1136,true,1,165162
7290117900994,false,פקאן סיני מסוכר ששון,,,פקאן סיני מסוכר ששון,גרמים,140.00,100 גרם,false,,15.90,0.1136,true,1,165163
7290117901007,false,פיסטוקים קלויים ששון,,,פיסטוקים קלויים ששון,גרמים,130.00,100 גרם,false,,15.90,0.1223,true,1,165164
7290117901021,false,קבוקים בוטנים מצופים,,,קבוקים בוטנים מצופים,גרמים,220.00,100 גרם,false,,10.90,0.0495,true,1,165166
7290117901038,false,אגוזי מלך קלופים ששו,,,אגוזי מלך קלופים ששו,גרמים,190.00,100 גרם,false,,15.90,0.0837,true,1,165167
7290117901045,false,בוטן רביולי ששון הקו,,,בוטן רביולי ששון הקו,גרמים,200.00,100 גרם,false,,15.90,0.0795,true,1,165168
7290117901052,false,שקדים קלופים ששון הק,,,שקדים קלופים ששון הק,גרמים,180.00,100 גרם,false,,15.90,0.0883,true,1,165169
7290118070177,false,שלישית ווים ניצמדים,,,שלישית ווים ניצמדים,Unknown,3.00,יחידה,false,,6.90,2.3000,true,1,166071
7290118070245,false,קליפסים לסגירת שקיות,,,קליפסים לסגירת שקיות,Unknown,4.00,יחידה,false,,7.90,1.9750,true,1,166658
7290118420071,false,במבה ביסלי ברביקיו מ,,,במבה ביסלי ברביקיו מ,גרמים,80.00,100 גרם,false,,4.90,0.0613,true,1,166785
7290118420514,false,אסם אינסטנט פודינג נ,,,אסם אינסטנט פודינג נ,גרמים,75.00,100 גרם,false,,4.90,0.0653,true,1,166788
7290800190647,true,אגו אצבעות וופל שוקו,,,", ,       ,0",גרמים,0.00,"00000גרם,1,000000000",false,,6.90,0.0000,true,1,138286
7291044070989,false,רבעיית סוללות אלקליי,,,רבעיית סוללות אלקליי,Unknown,1.00,יחידה,false,,5.90,5.9000,true,1,149812
7291044077209,false,מארז סוללות 12 יח,,,מארז סוללות 12 יח,Unknown,1.00,יחידה,false,,14.90,14.9000,true,1,149814
7296082000080,true,ביצי חופש L-רמות השב,,,", ,       ,0","00000000,0,000000000",0.00,"00000000,0,000000000",false,,23.90,0.0000,true,1,143042
7312040017683,false,"וודקה אבסולוט 700 מ""",,,"וודקה אבסולוט 700 מ""",מיליליטרים,700.00,"100 מ""ל",false,,67.90,0.0970,true,1,137648
7394376616778,false,משקה שיבולת שועל להק,,,משקה שיבולת שועל להק,מיליליטרים,1000.00,"100 מ""ל",false,,15.90,0.0159,true,1,155735
7501013122039,false,ג'ומקס נקטר מנגו קרט,,,ג'ומקס נקטר מנגו קרט,מיליליטרים,1000.00,"100 מ""ל",false,,9.50,0.0095,true,1,151368
7610243004463,false,מרסס להסרת אבנית במק,,,מרסס להסרת אבנית במק,מיליליטרים,600.00,"100 מ""ל",false,,19.90,0.0332,true,1,142097
7610400068505,false,לינדור בונ' מילק 200,,,לינדור בונ' מילק 200,גרמים,200.00,100 גרם,false,,29.90,0.1495,true,1,162093
7610400091060,false,שוקולד לינדט אקסלנס,,,שוקולד לינדט אקסלנס,גרמים,100.00,100 גרם,false,,14.90,0.1490,true,1,162099
7613030979647,false,דגני תירס תפוחים בטע,,,דגני תירס תפוחים בטע,גרמים,480.00,100 גרם,false,,23.90,0.0498,true,1,146598
7613032045753,false,פיטנס שוקולד 375 גרם,,,פיטנס שוקולד 375 גרם,גרמים,375.00,100 גרם,false,,19.90,0.0531,true,1,141120
7613033548192,false,פיטנס שוקולד מריר 37,,,פיטנס שוקולד מריר 37,גרמים,375.00,100 גרם,false,,19.90,0.0531,true,1,147415
7613035807778,false,פרפקטו רוטב עגבניות,,,פרפקטו רוטב עגבניות,גרמים,400.00,100 גרם,false,,10.50,0.0263,true,1,141122
7613035809109,false,פרפקטו רוטב עגבניות,,,פרפקטו רוטב עגבניות,גרמים,400.00,100 גרם,false,,10.50,0.0263,true,1,141123
7613035809857,false,פרפקטו רוטב עגבניות,,,פרפקטו רוטב עגבניות,גרמים,400.00,100 גרם,false,,10.50,0.0263,true,1,141125
7613036710879,false,קיט קט צנקי מיני 12*,,,קיט קט צנקי מיני 12*,גרמים,194.00,100 גרם,false,,14.90,0.0768,true,1,157418
7613037686906,false,דגני בוקר עם שקדים ו,,,דגני בוקר עם שקדים ו,גרמים,355.00,100 גרם,false,,19.90,0.0561,true,1,152661
7613287121783,false,סמארטיס מיני 187 גרם,,,סמארטיס מיני 187 גרם,גרמים,187.00,100 גרם,false,,14.90,0.0797,true,1,159701
7613287155832,false,גרבר מחית תפוח 90 גר,,,גרבר מחית תפוח 90 גר,גרמים,90.00,100 גרם,false,,6.50,0.0722,true,1,161096
7622010001858,false,אוראו וניל 176 גרם ב,,,אוראו וניל 176 גרם ב,גרמים,176.00,100 גרם,false,,9.90,0.0563,true,1,142236
7622201139278,false,גבינת שמנת 27% פילדל,,,גבינת שמנת 27% פילדל,גרמים,150.00,100 גרם,false,,14.90,0.0993,true,1,152999
7622201401900,false,עוגיות מילקה סנסיישן,,,עוגיות מילקה סנסיישן,גרמים,156.00,100 גרם,false,,10.90,0.0699,true,1,157753
7622201521493,false,גבינת שמנת שום ועשבי,,,גבינת שמנת שום ועשבי,גרמים,150.00,100 גרם,false,,14.90,0.0993,true,1,164895
7622201798154,false,גבינת שמנת פילדלפיה,,,גבינת שמנת פילדלפיה,גרמים,150.00,100 גרם,false,,14.90,0.0993,true,1,161464
7622201801809,false,שוקולד חלב עם שברי א,,,שוקולד חלב עם שברי א,גרמים,100.00,100 גרם,false,,6.90,0.0690,true,1,161417
7622201802363,false,שוקולד חלב עם אגוזים,,,שוקולד חלב עם אגוזים,גרמים,100.00,100 גרם,false,,6.90,0.0690,true,1,161418
7622201809188,false,מילקה ביסקויט 150 גר,,,מילקה ביסקויט 150 גר,גרמים,150.00,100 גרם,false,,10.90,0.0727,true,1,161420
7622201813390,false,מילקה וואפל במילוי ק,,,מילקה וואפל במילוי ק,גרמים,132.00,100 גרם,false,,10.90,0.0826,true,1,162000
7622201819170,false,מילקה דארק שקדים 85,,,מילקה דארק שקדים 85,גרמים,85.00,100 גרם,false,,7.90,0.0929,true,1,162001
7622210597915,false,מילקה לבבות פרלינים,,,מילקה לבבות פרלינים,גרמים,110.00,100 גרם,false,,11.90,0.1082,true,1,165793
7622210690883,false,מילקה מונדיאל 270 גר,,,מילקה מונדיאל 270 גר,גרמים,270.00,100 גרם,false,,17.90,0.0663,true,1,167519
7622210835338,false,עוגיות אוראו בראוניז,,,עוגיות אוראו בראוניז,גרמים,176.00,100 גרם,false,,9.90,0.0563,true,1,147826
7622300270506,false,מילקה גריינס - עוגיו,,,מילקה גריינס - עוגיו,גרמים,168.00,100 גרם,false,,10.90,0.0649,true,1,147827
7622300315283,false,אוראו וניל 154 גרם,,,אוראו וניל 154 גרם,גרמים,154.00,100 גרם,false,,6.90,0.0448,true,1,161421
7622300441715,false,מילקה עוגיות שוקו מי,,,מילקה עוגיות שוקו מי,גרמים,150.00,100 גרם,false,,11.90,0.0793,true,1,166374
7622300489427,false,אוראו עוגיות מצופות,,,אוראו עוגיות מצופות,גרמים,246.00,100 גרם,false,,18.90,0.0768,true,1,156743
7622300489434,false,אוראו עוגיות מצופות,,,אוראו עוגיות מצופות,גרמים,246.00,100 גרם,false,,18.90,0.0768,true,1,146749
7622300495046,false,מילקה אקסטרה קקאו 10,,,מילקה אקסטרה קקאו 10,גרמים,100.00,100 גרם,false,,6.90,0.0690,true,1,162004
7622300503079,false,מילקה מוו ביסקוויט מ,,,מילקה מוו ביסקוויט מ,גרמים,200.00,100 גרם,false,,10.90,0.0545,true,1,146328
7630477891738,false,קפסולות קפה בלונד חו,,,קפסולות קפה בלונד חו,גרמים,53.00,100 גרם,false,,22.90,0.4321,true,1,157231
7777555510836,false,סט 3 קופסאות אחסון,,,סט 3 קופסאות אחסון,Unknown,3.00,יחידה,false,,29.90,9.9667,true,1,149826
7777886600732,false,קליפסים ארוכים לשקיו,,,קליפסים ארוכים לשקיו,Unknown,1.00,יחידה,false,,6.90,6.9000,true,1,154239
7777886605225,false,קולפן מקצועי רב שימו,,,קולפן מקצועי רב שימו,Unknown,1.00,יחידה,false,,19.90,19.9000,true,1,151886
7777887755554,false,סט סכינים רב שימושיו,,,סט סכינים רב שימושיו,Unknown,1.00,יחידה,false,,19.90,19.9000,true,1,149868
7791875005353,false,ריבת חלב הוואנה דולצ,,,ריבת חלב הוואנה דולצ,גרמים,450.00,100 גרם,false,,19.90,0.0442,true,1,162100
7792860016217,true,סוכריות בייבי דול,,,", ,       ,0","000יחידה,1,000000000",0.00,"000יחידה,1,000000000",false,,3.50,0.0000,true,1,143241
7798378440018,false,אוכמניות יחידה,,,אוכמניות יחידה,גרמים,125.00,100 גרם,false,,19.90,0.1592,true,1,166695
7798382150019,false,אוכמניות יחידה,,,אוכמניות יחידה,גרמים,125.00,100 גרם,false,,19.90,0.1592,true,1,167556
7804651030026,false,אוכמניות יחידה,,,אוכמניות יחידה,גרמים,125.00,100 גרם,false,,19.90,0.1592,true,1,166035
7804667480082,false,אוכמניות יחידה,,,אוכמניות יחידה,גרמים,125.00,100 גרם,false,,19.90,0.1592,true,1,163390
8000300380378,false,פרוג'ינה שוקולד חלב,,,פרוג'ינה שוקולד חלב,,1.00,יח,false,,11.90,11.9000,true,1,166435
8000300380521,false,פרוגי'נה שוקולד מריר,,,פרוגי'נה שוקולד מריר,,1.00,יח,false,,11.90,11.9000,true,1,166438
8000300389067,false,שקית באצ'י 125 גרם,,,שקית באצ'י 125 גרם,גרמים,125.00,100 גרם,false,,19.90,0.1592,true,1,166432
8000380003723,false,לואקר גרנד פטיסרי אג,,,לואקר גרנד פטיסרי אג,גרמים,100.00,100 גרם,false,,12.90,0.1290,true,1,142238
8000380003761,false,לואקר גרנד פטיסרי קו,,,לואקר גרנד פטיסרי קו,גרמים,100.00,100 גרם,false,,12.90,0.1290,true,1,142239
8000380004676,false,וופלים עם קרם וניל ל,,,וופלים עם קרם וניל ל,גרמים,200.00,100 גרם,false,,12.90,0.0645,true,1,143598
8000380004911,false,קואדרטיני אגוז 250 ג,,,קואדרטיני אגוז 250 ג,גרמים,250.00,100 גרם,false,,14.90,0.0596,true,1,142240
8000380004966,false,קואדרטיני שוקולד 250,,,קואדרטיני שוקולד 250,גרמים,250.00,100 גרם,false,,14.90,0.0596,true,1,142241
8000380007219,false,ופלים אגוזים נאפוליט,,,ופלים אגוזים נאפוליט,גרמים,175.00,100 גרם,false,,11.90,0.0680,true,1,141136
8000380007257,false,גרדנה אגוז 200 גרם,,,גרדנה אגוז 200 גרם,גרמים,200.00,100 גרם,false,,13.90,0.0695,true,1,142242
8000380007264,false,ופלים שוקולד קרם קקא,,,ופלים שוקולד קרם קקא,גרמים,175.00,100 גרם,false,,11.90,0.0680,true,1,146072
8000380144044,false,גרדנה שוקולד 200 גרם,,,גרדנה שוקולד 200 גרם,גרמים,200.00,100 גרם,false,,13.90,0.0695,true,1,150878
8000380156849,false,לואקר שוקולד מריר 87,,,לואקר שוקולד מריר 87,גרמים,87.00,100 גרם,false,,7.90,0.0908,true,1,164378
8000380180721,false,ופל קקאו במילוי קרם,,,ופל קקאו במילוי קרם,גרמים,175.00,100 גרם,false,,11.90,0.0680,true,1,158760
8000380180745,false,קואדרטיני שוקו-חלב 2,,,קואדרטיני שוקו-חלב 2,גרמים,250.00,100 גרם,false,,14.90,0.0596,true,1,141137
8000380205400,false,וופל קואדרטיני חמאת,,,וופל קואדרטיני חמאת,גרמים,250.00,100 גרם,false,,14.90,0.0596,true,1,164225
8000500023624,false,קינדר הפי היפו חמישי,,,קינדר הפי היפו חמישי,גרמים,103.50,100 גרם,false,,11.90,0.1150,true,1,144007
8000500026731,false,קינדר ביצת הפתעה שלש,,,קינדר ביצת הפתעה שלש,גרמים,60.00,100 גרם,false,,14.90,0.2483,true,1,143185
8000500029350,false,קינדר בואנו שלישיה 3,,,קינדר בואנו שלישיה 3,גרמים,129.00,100 גרם,false,,10.90,0.0845,true,1,146277
8000500033784,true,קינדר שוקולד 50 גרם,,,", ,       ,0",גרמים,0.00,"00000גרם,1,000000000",false,,3.70,0.0000,true,1,144549
8000500039106,true,קינדר ביצת הפתעה 20,,,", ,       ,0",גרמים,0.00,"00000גרם,1,000000000",false,,5.00,0.0000,true,1,138611
8000500071083,false,קינדר אצבעות שוקולד,,,קינדר אצבעות שוקולד,גרמים,200.00,100 גרם,false,,11.90,0.0595,true,1,144008
8000500073698,true,קינדר בואנו חלב 43 ג,,,", ,       ,0",גרמים,0.00,"00000גרם,1,000000000",false,,3.70,0.0000,true,1,138612
8000500121436,false,קינדר בואנו לבן שלשה,,,קינדר בואנו לבן שלשה,גרמים,117.00,100 גרם,false,,10.90,0.0932,true,1,146279
8000500192801,false,פררו רושר שוקולד עם,,,פררו רושר שוקולד עם,גרמים,100.00,100 גרם,false,,14.90,0.1490,true,1,142249
8000500228036,true,ביצי הפתעה קינדר ג'ו,,,", ,       ,0","000יחידה,1,000000000",0.00,"000יחידה,1,000000000",false,,5.00,0.0000,true,1,145835
8000500228043,true,ביצי הפתעה קינדר ג'ו,,,", ,       ,0","000יחידה,1,000000000",0.00,"000יחידה,1,000000000",false,,5.00,0.0000,true,1,145836
8000500249352,false,קינדר בואנו מיני מיק,,,קינדר בואנו מיני מיק,גרמים,205.00,100 גרם,false,,19.90,0.0971,true,1,144009
8000500256213,false,קינדר שוקולד מיני 12,,,קינדר שוקולד מיני 12,גרמים,120.00,100 גרם,false,,9.90,0.0825,true,1,148992
8000500353738,false,טיק טק מנטה חזק רביע,,,טיק טק מנטה חזק רביע,Unknown,4.00,יחידה,false,,9.90,2.4750,true,1,157751
8001090832610,false,פנטן שמפו למגע רך כמ,,,פנטן שמפו למגע רך כמ,מיליליטרים,660.00,"100 מ""ל",false,,20.90,0.0317,true,1,157097
8001090899224,false,תחבושות אולוויז פלטי,,,תחבושות אולוויז פלטי,גרמים,132.00,100 גרם,false,,19.90,0.1508,true,1,158079
8001090899255,false,תחבושות אולוויז פלטי,,,תחבושות אולוויז פלטי,גרמים,120.00,100 גרם,false,,19.90,0.1658,true,1,158080
8001090899286,false,תחבושות אולוויז פלטי,,,תחבושות אולוויז פלטי,גרמים,118.00,100 גרם,false,,19.90,0.1686,true,1,158081
8001841077949,false,מארז מגבונים בניחוח,,,מארז מגבונים בניחוח,גרמים,1236.00,100 גרם,false,,19.90,0.0161,true,1,160047
8001841625188,false,פיירי פלטינום לימון,,,פיירי פלטינום לימון,מיליליטרים,515.00,"100 מ""ל",false,,10.90,0.0212,true,1,157210
8001841625461,false,נוזל לניקוי כלים פלט,,,נוזל לניקוי כלים פלט,מיליליטרים,515.00,"100 מ""ל",false,,10.90,0.0212,true,1,157211
8001841663692,false,נוזל כלים פיירי אקסט,,,נוזל כלים פיירי אקסט,מיליליטרים,900.00,"100 מ""ל",false,,12.50,0.0139,true,1,164084
8001841669465,false,אריאל קפס' בניחוח לנ,,,אריאל קפס' בניחוח לנ,גרמים,720.00,100 גרם,false,,34.90,0.0485,true,1,159325
8001841716312,false,ג'ל רחצה ושמפו ספורט,,,ג'ל רחצה ושמפו ספורט,מיליליטרים,360.00,"100 מ""ל",false,,19.90,0.0553,true,1,160062
8004030022010,false,סלט ירקות גינה עם טו,,,סלט ירקות גינה עם טו,גרמים,160.00,100 גרם,false,,15.90,0.0994,true,1,141274
8004030026018,false,סלט ירקות שעועית ותי,,,סלט ירקות שעועית ותי,גרמים,160.00,100 גרם,false,,15.90,0.0994,true,1,151141
8004690052846,false,פסטה פוסילי לה מוליס,,,פסטה פוסילי לה מוליס,גרמים,500.00,100 גרם,false,,7.90,0.0158,true,1,157408
8004708048793,false,פלפל שחור במטחנה ארו,,,פלפל שחור במטחנה ארו,גרמים,95.00,100 גרם,false,,25.90,0.2726,true,1,161468
8004800005519,false,גלילי ופל במילוי קרם,,,גלילי ופל במילוי קרם,גרמים,125.00,100 גרם,false,,10.90,0.0872,true,1,165788
8005110002243,false,תרכיז עגבניות 28° בי,,,תרכיז עגבניות 28° בי,גרמים,200.00,100 גרם,false,,7.90,0.0395,true,1,157206
8006540112823,false,לנור מרכך מרוכז בניח,,,לנור מרכך מרוכז בניח,מיליליטרים,900.00,"100 מ""ל",false,,15.90,0.0177,true,1,159442
8006540112854,false,לנור מרכך מרוכז בניח,,,לנור מרכך מרוכז בניח,מיליליטרים,900.00,"100 מ""ל",false,,15.90,0.0177,true,1,159443
8006540383018,false,פיירי טבליות פלטינום,,,פיירי טבליות פלטינום,Unknown,23.00,יחידה,false,,39.90,1.7348,true,1,164136
8008660210014,false,מעדן משמש  ויסוצקי 3,,,מעדן משמש  ויסוצקי 3,גרמים,300.00,100 גרם,false,,16.90,0.0563,true,1,155814
8008660210038,false,מעדן תות שדה  ויסוצק,,,מעדן תות שדה  ויסוצק,גרמים,300.00,100 גרם,false,,16.90,0.0563,true,1,155816
8008660210045,false,מעדן פירות יער  ויסו,,,מעדן פירות יער  ויסו,גרמים,300.00,100 גרם,false,,16.90,0.0563,true,1,155817
8008857300238,false,פסטה אליקוידלי (סליל,,,פסטה אליקוידלי (סליל,גרמים,500.00,100 גרם,false,,5.90,0.0118,true,1,163778
8008857300344,false,פסטה פנה רג'יאה 500,,,פסטה פנה רג'יאה 500,גרמים,500.00,100 גרם,false,,5.90,0.0118,true,1,163709
8008857601052,false,דפי לזניה פסטה רג'יא,,,דפי לזניה פסטה רג'יא,גרמים,500.00,100 גרם,false,,10.90,0.0218,true,1,163712
8008912010270,false,פסטה קסרצ'ה 27 ליגור,,,פסטה קסרצ'ה 27 ליגור,גרמים,500.00,100 גרם,false,,7.90,0.0158,true,1,162622
8008912010423,false,פסטה ריגטה 42 ליגורי,,,פסטה ריגטה 42 ליגורי,גרמים,500.00,100 גרם,false,,7.90,0.0158,true,1,162624
8076800195019,false,ספגטי מספר 1 קפליני,,,ספגטי מספר 1 קפליני,גרמים,500.00,100 גרם,false,,6.90,0.0138,true,1,151143
8076800195033,false,ספגטיני מספר 3 ברילה,,,ספגטיני מספר 3 ברילה,גרמים,500.00,100 גרם,false,,6.90,0.0138,true,1,138962
8076800195057,false,פסטה ספגטי מספר 5 בר,,,פסטה ספגטי מספר 5 בר,גרמים,500.00,100 גרם,false,,6.90,0.0138,true,1,138963
8076800195132,false,פסטה בבט מספר 13 ברי,,,פסטה בבט מספר 13 ברי,גרמים,500.00,100 גרם,false,,6.90,0.0138,true,1,150293
8076800315097,false,ספגטי בוקטיני מספר 9,,,ספגטי בוקטיני מספר 9,גרמים,500.00,100 גרם,false,,6.90,0.0138,true,1,151144
8076802085738,false,פסטה פנה רגטה מספר 7,,,פסטה פנה רגטה מספר 7,גרמים,500.00,100 גרם,false,,6.90,0.0138,true,1,139979
8076802085837,false,פסטה טורטיליוני מספר,,,פסטה טורטיליוני מספר,גרמים,500.00,100 גרם,false,,6.90,0.0138,true,1,138613
8076802085936,false,פסטה קונצ'ילי ריגטה,,,פסטה קונצ'ילי ריגטה,גרמים,500.00,100 גרם,false,,6.90,0.0138,true,1,139316
8076802085981,false,פסטה פוזילי מספר 98,,,פסטה פוזילי מספר 98,גרמים,500.00,100 גרם,false,,6.90,0.0138,true,1,138964
8076808060654,false,פסטה פרפלה מספר 64 ב,,,פסטה פרפלה מספר 64 ב,גרמים,500.00,100 גרם,false,,6.90,0.0138,true,1,138965
8076808150072,false,פסטה ספגטי מספר 7 בר,,,פסטה ספגטי מספר 7 בר,גרמים,500.00,100 גרם,false,,6.90,0.0138,true,1,141278
8076809512268,false,פסטה גירנדולה מספר 3,,,פסטה גירנדולה מספר 3,גרמים,500.00,100 גרם,false,,6.90,0.0138,true,1,147938
8076809513395,false,רוטב עגבניות לפסטה פ,,,רוטב עגבניות לפסטה פ,גרמים,400.00,100 גרם,false,,14.90,0.0373,true,1,137860
8076809513654,false,ברילה בסיס לבולונז 4,,,ברילה בסיס לבולונז 4,גרמים,400.00,100 גרם,false,,14.90,0.0373,true,1,141280
8076809513692,false,רוטב עגבניות לפסטה ע,,,רוטב עגבניות לפסטה ע,גרמים,400.00,100 גרם,false,,14.90,0.0373,true,1,137861
8076809513739,false,רוטב עגבניות לפסטה ב,,,רוטב עגבניות לפסטה ב,גרמים,400.00,100 גרם,false,,14.90,0.0373,true,1,137862
8076809523738,false,ברילה צ.מ לזניה 500,,,ברילה צ.מ לזניה 500,גרמים,500.00,100 גרם,false,,19.90,0.0398,true,1,141282
8076809547956,false,פסטה מרפקים קיפרי אל,,,פסטה מרפקים קיפרי אל,גרמים,500.00,100 גרם,false,,6.90,0.0138,true,1,153730
8423207206488,false,חטיף דגנים מלאים מצו,,,חטיף דגנים מלאים מצו,Unknown,5.00,יחידה,false,,10.90,2.1800,true,1,137865
8423207206495,false,חטיף דגנים מלאים מצו,,,חטיף דגנים מלאים מצו,Unknown,1.00,יחידה,false,,10.90,10.9000,true,1,137866
8423207207362,false,חטיף דגנים מלאים מצו,,,חטיף דגנים מלאים מצו,Unknown,6.00,יחידה,false,,10.90,1.8167,true,1,141283
8423207208680,false,חטיף דגנים מצופה אקס,,,חטיף דגנים מצופה אקס,גרמים,120.00,100 גרם,false,,10.90,0.0908,true,1,141284
8595600915059,false,Happy Face Cherry Tr,,,Happy Face Cherry Tr,Unknown,1.00,יחידה,false,,9.90,9.9000,true,1,163530
8683130008355,false,מיונז עם שום הלמנס 4,,,מיונז עם שום הלמנס 4,גרמים,400.00,100 גרם,false,,14.90,0.0373,true,1,162427
8683130012666,false,מגנום דאבל לבן עוגיו,,,מגנום דאבל לבן עוגיו,גרמים,74.00,100 גרם,false,,9.90,0.1338,true,1,163904
8690326101004,true,כוסות פלסטיק חד פעמי,,,", ,       ,0","000יחידה,1,000000000",0.00,"000יחידה,1,000000000",false,,3.90,0.0000,true,1,146534
8690521016882,false,דאב שמפו לשיער רגיל,,,דאב שמפו לשיער רגיל,מיליליטרים,400.00,"100 מ""ל",false,,13.90,0.0348,true,1,141735
8690637007705,false,מסטיגם,,,מסטיגם,Unknown,1.00,יחידה,false,,5.90,5.9000,true,1,151524
8690637555084,false,מרכך כביסה מרוכז לבן,,,מרכך כביסה מרוכז לבן,מיליליטרים,960.00,"100 מ""ל",false,,17.90,0.0186,true,1,145973
8690637835643,false,תה ירוק לימונית לואי,,,תה ירוק לימונית לואי,גרמים,30.00,100 גרם,false,,16.90,0.5633,true,1,153212
8690637842382,false,מגנום דאבל פרי יער,,,מגנום דאבל פרי יער,Unknown,1.00,יחידה,false,,9.90,9.9000,true,1,151527
8690637858758,false,סיף ג'ל אקונומיקה או,,,סיף ג'ל אקונומיקה או,מיליליטרים,750.00,"100 מ""ל",false,,9.90,0.0132,true,1,152831
8690637865596,false,דאב סבון ידיים הזנה,,,דאב סבון ידיים הזנה,מיליליטרים,500.00,"100 מ""ל",false,,14.90,0.0298,true,1,151343
8690637871108,false,הלמנס ממרח חרדל 250,,,הלמנס ממרח חרדל 250,גרמים,250.00,100 גרם,false,,12.90,0.0516,true,1,151648
8690637871245,false,הלמנס מיונז לחיץ 395,,,הלמנס מיונז לחיץ 395,גרמים,395.00,100 גרם,false,,14.90,0.0377,true,1,151344
8690637946301,false,מרכך בדין אקסטרה ביי,,,מרכך בדין אקסטרה ביי,מיליליטרים,960.00,"100 מ""ל",false,,15.60,0.0162,true,1,153521
8690637976995,false,מרכך בדין אקסטרה ורו,,,מרכך בדין אקסטרה ורו,מיליליטרים,960.00,"100 מ""ל",false,,17.90,0.0186,true,1,157949
8690637989629,false,מגנום דאבל דולצ'ה גו,,,מגנום דאבל דולצ'ה גו,Unknown,1.00,יחידה,false,,9.90,9.9000,true,1,159193
8690766156374,false,שוקולד מריר מעולה 72,,,שוקולד מריר מעולה 72,גרמים,90.00,100 גרם,false,,14.90,0.1656,true,1,152228
8690766156381,false,שוקולד מריר מעולה 90,,,שוקולד מריר מעולה 90,גרמים,90.00,100 גרם,false,,14.90,0.1656,true,1,157463
8697826469092,false,טורטיה קטנה 540 גרם,,,טורטיה קטנה 540 גרם,גרמים,540.00,100 גרם,false,,9.90,0.0183,true,1,159742
8710908404184,false,דאודורנט ספריי 0% אל,,,דאודורנט ספריי 0% אל,מיליליטרים,150.00,"100 מ""ל",false,,15.90,0.1060,true,1,159661
8711327475717,false,מגנום פיינט וניל שקד,,,מגנום פיינט וניל שקד,גרמים,260.00,100 גרם,false,,20.90,0.0804,true,1,158277
8714599513866,false,קפה נמס מיובש בהקפאה,,,קפה נמס מיובש בהקפאה,גרמים,200.00,100 גרם,false,,27.90,0.1395,true,1,141300
8714789177229,false,מברשת שיניים אקסטרה,,,מברשת שיניים אקסטרה,Unknown,4.00,יחידה,false,,9.90,2.4750,true,1,152965
8714789402918,false,נוזל לניקוי כללי ולר,,,נוזל לניקוי כללי ולר,מיליליטרים,1500.00,"100 מ""ל",false,,21.90,0.0146,true,1,141286
8714789582764,false,אג'קס ספריי לניקוי ח,,,אג'קס ספריי לניקוי ח,מיליליטרים,750.00,"100 מ""ל",false,,15.90,0.0212,true,1,147942
8715700110141,false,ממרח מיונז היינץ 460,,,ממרח מיונז היינץ 460,גרמים,460.00,100 גרם,false,,10.90,0.0237,true,1,144248
8715700110158,false,מיונז היינץ לייט צנצ,,,מיונז היינץ לייט צנצ,גרמים,490.00,100 גרם,false,,10.90,0.0222,true,1,144483
8715700117805,false,היינץ מתבל עגבניות ל,,,היינץ מתבל עגבניות ל,גרמים,400.00,100 גרם,false,,10.90,0.0273,true,1,156765
8715700120874,false,היינץ קטשופ שום 460,,,היינץ קטשופ שום 460,גרמים,460.00,100 גרם,false,,10.90,0.0237,true,1,161416
8715700423906,false,היינץ מתבל עגבניות מ,,,היינץ מתבל עגבניות מ,גרמים,555.00,100 גרם,false,,10.90,0.0196,true,1,147832
8717677336593,false,שוקולד חלב טוניס 180,,,שוקולד חלב טוניס 180,גרמים,180.00,100 גרם,false,,19.90,0.1106,true,1,162711
8717677338436,false,שוקולד חלב אגוזי לוז,,,שוקולד חלב אגוזי לוז,גרמים,180.00,100 גרם,false,,19.90,0.1106,true,1,162715
8718951236790,false,משחת שיניים קלין מינ,,,משחת שיניים קלין מינ,מיליליטרים,100.00,"100 מ""ל",false,,16.90,0.1690,true,1,151149
8718951385290,false,נוזל לניקוי כללי אג',,,נוזל לניקוי כללי אג',מיליליטרים,2000.00,"100 מ""ל",false,,23.90,0.0119,true,1,158442
8718951509627,false,קולגייט אופטיק וויט,,,קולגייט אופטיק וויט,מיליליטרים,75.00,"100 מ""ל",false,,30.90,0.4120,true,1,164303
8719200998049,false,מזולה גלורי רגיל 250,,,מזולה גלורי רגיל 250,גרמים,250.00,100 גרם,false,,9.90,0.0396,true,1,153522
8719200998100,false,מזולה לאפיה טעם חמאה,,,מזולה לאפיה טעם חמאה,גרמים,200.00,100 גרם,false,,6.50,0.0325,true,1,152425
8720181046605,false,דאודורנט ספריי אורגי,,,דאודורנט ספריי אורגי,מיליליטרים,150.00,"100 מ""ל",false,,15.90,0.1060,true,1,159665
8801055707966,false,טייסטרס צ'וייס בריסט,,,טייסטרס צ'וייס בריסט,גרמים,180.00,100 גרם,false,,31.90,0.1772,true,1,150805
8850180040028,false,טמפורה 500 גרם,,,טמפורה 500 גרם,גרמים,500.00,100 גרם,false,,10.90,0.0218,true,1,145926
8850632604259,false,חיספוסים מקלות בטעם,,,חיספוסים מקלות בטעם,גרמים,50.00,100 גרם,false,,4.50,0.0900,true,1,137118
8850632604266,false,חיספוסים מקלות בטעם,,,חיספוסים מקלות בטעם,גרמים,50.00,100 גרם,false,,4.50,0.0900,true,1,137119
8850632604372,false,חיספוסים רצועות תות,,,חיספוסים רצועות תות,גרמים,50.00,100 גרם,false,,4.50,0.0900,true,1,141781
8850632604402,false,חיספוסים רצועות בטעם,,,חיספוסים רצועות בטעם,גרמים,50.00,100 גרם,false,,4.50,0.0900,true,1,137120
8851613101378,false,"חלב קוקוס 250 מ""ל",,,"חלב קוקוס 250 מ""ל",גרמים,250.00,100 גרם,false,,9.90,0.0396,true,1,165673
8858271003075,false,רוטב סויה מתוקה 700,,,רוטב סויה מתוקה 700,מיליליטרים,700.00,"100 מ""ל",false,,16.90,0.0241,true,1,149003
8888021200256,false,סוללות MAXאנרג'ייזר,,,סוללות MAXאנרג'ייזר,Unknown,10.00,יחידה,false,,27.90,2.7900,true,1,158075
8888111555017,true,"מיץ אננס 100% 240 מ""",,,", ,       ,0",מיליליטרים,0.00,"00000מ""ל,1,000000000",false,,3.90,0.0000,true,1,138563
8901537024014,false,"אורז בסמטי 1 ק""ג DAA",,,"אורז בסמטי 1 ק""ג DAA",גרמים,1000.00,100 גרם,false,,12.90,0.0129,true,1,142885
9000000000411,false,שום יבוא ארוז,,,שום יבוא ארוז,מארז,1.00,מארז,false,,7.90,7.9000,true,1,157762
9002975393829,false,סוכריות הריבו האפי 7,,,סוכריות הריבו האפי 7,גרמים,70.00,100 גרם,false,,6.90,0.0986,true,1,164061
9002975393836,false,סוכריות הריבו קולה 7,,,סוכריות הריבו קולה 7,גרמים,70.00,100 גרם,false,,6.90,0.0986,true,1,162102
9002975393843,false,סוכריות הריבו גולדבר,,,סוכריות הריבו גולדבר,גרמים,70.00,100 גרם,false,,6.90,0.0986,true,1,162103
9002975393850,false,סוכריות הריבו וורמס,,,סוכריות הריבו וורמס,גרמים,70.00,100 גרם,false,,6.90,0.0986,true,1,162104
9310072028750,false,טיםטם דאבל 200 גרם,,,טיםטם דאבל 200 גרם,גרמים,200.00,100 גרם,false,,19.90,0.0995,true,1,142274
9322969000015,false,פריכיות תירס בטעם או,,,פריכיות תירס בטעם או,גרמים,150.00,100 גרם,false,,12.00,0.0800,true,1,142275
9322969000046,false,פריכיות תירס אורגניו,,,פריכיות תירס אורגניו,גרמים,150.00,100 גרם,false,,12.90,0.0860,true,1,142277
9322969000053,false,"פרכיות אורז מלא לל""ג",,,"פרכיות אורז מלא לל""ג",גרמים,150.00,100 גרם,false,,12.90,0.0860,true,1,162348
9771565025005,false,עיתון מעריב,,,עיתון מעריב,Unknown,1.00,יחידה,false,,6.00,6.0000,true,1,139950
9771565051066,false,עיתון ידיעות אחרונות,,,עיתון ידיעות אחרונות,Unknown,1.00,יחידה,false,,20.00,20.0000,true,1,139264
